$MeshFormat
2.2 0 8
$EndMeshFormat
$PhysicalNames
2
3 1 "air_OPEM_RESERVED_1"
3 2 "teflon_OPEM_RESERVED_2"
$EndPhysicalNames
$Nodes
4523
1 -0.15 -0.15 -0.11
2 -0.15 -0.15 0.19
3 0.15 -0.15 -0.11
4 0.15 -0.15 0.19
5 -0.15 0.15 -0.11
6 -0.15 0.15 0.19
7 0.15 0.15 -0.11
8 0.15 0.15 0.19
9 -0.075 -0.075 0
10 -0.075 -0.075 0.0002
11 0.075 -0.075 0
12 0.075 -0.075 0.0002
13 -0.06999999999999999 -0.075 0
14 -0.05499999999999999 -0.075 0
15 0.05499999999999998 -0.07500000000000001 0
16 0.06999999999999998 -0.07500000000000001 0
17 -0.06999999999999999 -0.075 0.0002
18 -0.05499999999999999 -0.075 0.0002
19 0.05499999999999998 -0.07500000000000001 0.0002
20 0.06999999999999998 -0.07500000000000001 0.0002
21 -0.075 0.075 0
22 -0.075 0.075 0.0002
23 -0.07500000000000001 0.06999999999999999 0
24 -0.07500000000000001 0.05499999999999999 0
25 -0.07499999999999997 -0.05499999999999999 0
26 -0.07499999999999998 -0.06999999999999999 0
27 -0.07500000000000001 0.06999999999999999 0.0002
28 -0.07500000000000001 0.05499999999999999 0.0002
29 -0.07499999999999997 -0.05499999999999999 0.0002
30 -0.07499999999999998 -0.06999999999999999 0.0002
31 0.075 0.075 0
32 0.075 0.075 0.0002
33 0.075 -0.06999999999999998 0
34 0.075 -0.05499999999999998 0
35 0.07499999999999998 0.05500000000000001 0
36 0.075 0.07000000000000001 0
37 0.075 -0.06999999999999998 0.0002
38 0.075 -0.05499999999999998 0.0002
39 0.07499999999999998 0.05500000000000001 0.0002
40 0.075 0.07000000000000001 0.0002
41 -0.0725 -0.0706698729810778 0
42 -0.0706698729810778 -0.0725 0
43 -0.065 -0.05767949192431122 0
44 -0.05767949192431122 -0.065 0
45 -0.065 0.05767949192431121 0
46 -0.05767949192431122 0.06499999999999999 0
47 -0.05499999999999999 0.075 0
48 0.05500000000000001 0.07499999999999998 0
49 0.05767949192431121 0.06499999999999999 0
50 0.06499999999999999 0.05767949192431124 0
51 0.065 -0.05767949192431121 0
52 0.05767949192431123 -0.065 0
53 0.006 0 0
54 0.005543277195067721 0.002296100594190539 0
55 0.005543277195067719 -0.002296100594190542 0
56 0.004242640687119286 0.004242640687119285 0
57 0.004242640687119284 -0.004242640687119287 0
58 0.002296100594190539 0.005543277195067721 0
59 0.00229610059419054 -0.00554327719506772 0
60 6.661338147750939e-19 0.006 0
61 -1.332267629550188e-18 -0.006 0
62 -0.002296100594190538 0.005543277195067721 0
63 -0.002296100594190542 -0.005543277195067719 0
64 -0.004242640687119285 0.004242640687119286 0
65 -0.004242640687119287 -0.004242640687119285 0
66 -0.005543277195067721 0.002296100594190539 0
67 -0.005543277195067722 -0.002296100594190538 0
68 -0.006 7.347880794884119e-19 0
69 -0.02413012701892219 -0.0002 0
70 -0.0158698729810778 -0.0002 0
71 0.0158698729810778 -0.0002 -2.710505431213761e-20
72 0.02413012701892219 -0.0002 0
73 -0.02413012701892219 0 0
74 -0.0158698729810778 0 0
75 0.0158698729810778 0 -2.710505431213761e-20
76 0.02413012701892219 0 0
77 0.07250000000000001 -0.0706698729810778 0
78 0.0706698729810778 -0.07250000000000001 0
79 -0.0725 -0.0706698729810778 0.0002
80 -0.0706698729810778 -0.0725 0.0002
81 -0.065 -0.05767949192431122 0.0002
82 -0.05767949192431122 -0.065 0.0002
83 -0.065 0.05767949192431121 0.0002
84 -0.05767949192431122 0.06499999999999999 0.0002
85 -0.05499999999999999 0.075 0.0002
86 0.05500000000000001 0.07499999999999998 0.0002
87 0.05767949192431121 0.06499999999999999 0.0002
88 0.06499999999999999 0.05767949192431124 0.0002
89 0.065 -0.05767949192431121 0.0002
90 0.05767949192431123 -0.065 0.0002
91 0.00414 0 0.0002
92 0.003824861264596727 0.001584309409991471 0.0002
93 0.002927422074112307 0.002927422074112306 0.0002
94 0.001584309409991472 0.003824861264596727 0.0002
95 4.596323321948148e-19 0.00414 0.0002
96 -0.001584309409991471 0.003824861264596727 0.0002
97 -0.002927422074112306 0.002927422074112307 0.0002
98 -0.003824861264596727 0.001584309409991472 0.0002
99 -0.00414 5.070037748470042e-19 0.0002
100 -0.003824861264596727 -0.001584309409991471 0.0002
101 -0.002927422074112307 -0.002927422074112306 0.0002
102 -0.001584309409991474 -0.003824861264596726 0.0002
103 -9.192646643896295e-19 -0.00414 0.0002
104 0.001584309409991473 -0.003824861264596726 0.0002
105 0.002927422074112306 -0.002927422074112307 0.0002
106 0.003824861264596726 -0.001584309409991474 0.0002
107 -0.0243301270189222 -0.0002 0.0002000000000000014
108 -0.0156698729810778 -0.0002 0.0001999999999999988
109 0.0156698729810778 -0.0002 0.0002000000000000023
110 0.02433012701892219 -0.0002 0.0001999999999999988
111 -0.0243301270189222 0 0.0002000000000000014
112 -0.0156698729810778 0 0.0001999999999999988
113 0.0156698729810778 0 0.0002000000000000023
114 0.02433012701892219 0 0.0001999999999999988
115 0.07250000000000001 -0.0706698729810778 0.0002
116 0.0706698729810778 -0.07250000000000001 0.0002
117 0.07000000000000001 0.07499999999999998 0
118 -0.06999999999999999 0.075 0
119 0.07000000000000001 0.07499999999999998 0.0002
120 -0.06999999999999999 0.075 0.0002
121 -0.0706698729810778 0.0725 0
122 -0.0725 0.0706698729810778 0
123 -0.0706698729810778 0.0725 0.0002
124 -0.0725 0.0706698729810778 0.0002
125 0.0706698729810778 0.07249999999999998 0
126 0.0725 0.07066987298107781 0
127 0.0706698729810778 0.07249999999999998 0.0002
128 0.0725 0.07066987298107781 0.0002
129 0.005543277195067721 0.002296100594190539 -0.0018
130 0.006 0 -0.0018
131 0.005543277195067719 -0.002296100594190542 -0.0018
132 0.004242640687119286 0.004242640687119285 -0.0018
133 0.004242640687119284 -0.004242640687119287 -0.0018
134 0.002296100594190539 0.005543277195067721 -0.0018
135 0.00229610059419054 -0.00554327719506772 -0.0018
136 6.661338147750939e-19 0.006 -0.0018
137 -1.332267629550188e-18 -0.006 -0.0018
138 -0.002296100594190538 0.005543277195067721 -0.0018
139 -0.002296100594190542 -0.005543277195067719 -0.0018
140 -0.004242640687119285 0.004242640687119286 -0.0018
141 -0.004242640687119287 -0.004242640687119285 -0.0018
142 -0.005543277195067721 0.002296100594190539 -0.0018
143 -0.005543277195067722 -0.002296100594190538 -0.0018
144 -0.006 7.347880794884119e-19 -0.0018
145 0.0012 0 0.0002000000000000001
146 0.001108655439013544 0.0004592201188381077 0.0002000000000000001
147 0.000848528137423857 0.0008485281374238569 0.0002000000000000001
148 0.0004592201188381077 0.001108655439013544 0.0002000000000000001
149 1.332267629550188e-19 0.0012 0.0002000000000000001
150 -0.0004592201188381075 0.001108655439013544 0.0002000000000000001
151 -0.0008485281374238569 0.000848528137423857 0.0002000000000000001
152 -0.001108655439013544 0.0004592201188381078 0.0002000000000000001
153 -0.0012 1.469576158976824e-19 0.0002000000000000001
154 -0.001108655439013544 -0.0004592201188381076 0.0002000000000000001
155 -0.0008485281374238571 -0.0008485281374238569 0.0002000000000000001
156 -0.0004592201188381083 -0.001108655439013544 0.0002000000000000001
157 -2.664535259100375e-19 -0.0012 0.0002000000000000001
158 0.000459220118838108 -0.001108655439013544 0.0002000000000000001
159 0.0008485281374238568 -0.0008485281374238571 0.0002000000000000001
160 0.001108655439013544 -0.0004592201188381084 0.0002000000000000001
161 -0.001 0 0.0002000000000000001
162 -0.001 -0.0002 0.0002000000000000001
163 0.001 0 0.0002000000000000001
164 0.001 -0.0002 0.0002000000000000001
165 -0.001 2.775557561562894e-19 0.002700000000000002
166 -0.001 -0.0001999999999999997 0.002700000000000002
167 -0.015 0 0.002700000000000001
168 -0.01566987298107781 0 0.005200000000000001
169 -0.0175 0 0.007030127018922196
170 -0.02 0 0.007700000000000002
171 -0.02 4.440892098500626e-18 0.0377
172 -0.0175 4.440892098500626e-18 0.03836987298107781
173 -0.0156698729810778 4.440892098500626e-18 0.0402
174 -0.015 4.440892098500626e-18 0.0427
175 0.015 4.440892098500626e-18 0.0427
176 0.0156698729810778 4.440892098500626e-18 0.0402
177 0.0175 4.440892098500626e-18 0.03836987298107782
178 0.02 4.440892098500626e-18 0.0377
179 0.02 0 0.007700000000000002
180 0.0175 0 0.007030127018922198
181 0.01566987298107781 0 0.005200000000000003
182 0.015 0 0.002700000000000001
183 0.001 2.775557561562894e-19 0.002700000000000002
184 -0.015 -0.0002 0.002700000000000001
185 -0.01566987298107781 -0.0002 0.005200000000000001
186 -0.0175 -0.0002 0.007030127018922196
187 -0.02 -0.0002 0.007700000000000002
188 -0.02 -0.0001999999999999956 0.0377
189 -0.0175 -0.0001999999999999956 0.03836987298107781
190 -0.0156698729810778 -0.0001999999999999956 0.0402
191 -0.015 -0.0001999999999999956 0.0427
192 0.015 -0.0001999999999999956 0.0427
193 0.0156698729810778 -0.0001999999999999956 0.0402
194 0.0175 -0.0001999999999999956 0.03836987298107782
195 0.02 -0.0001999999999999956 0.0377
196 0.02 -0.0002 0.007700000000000002
197 0.0175 -0.0002 0.007030127018922198
198 0.01566987298107781 -0.0002 0.005200000000000003
199 0.015 -0.0002 0.002700000000000001
200 0.001 -0.0001999999999999997 0.002700000000000002
201 -0.02 0 0.002700000000000002
202 -0.019 0 0.002700000000000001
203 -0.02 -0.0002 0.002700000000000002
204 -0.019 -0.0002 0.002700000000000001
205 -0.01913397459621556 0 0.003200000000000001
206 -0.0195 0 0.00356602540378444
207 -0.02 0 0.003700000000000002
208 -0.02 4.440892098500626e-18 0.0427
209 -0.02 -0.0001999999999999956 0.0427
210 -0.02 4.440892098500626e-18 0.0417
211 -0.02 -0.0001999999999999956 0.0417
212 -0.02 -0.0002 0.003700000000000002
213 -0.0195 4.440892098500626e-18 0.04183397459621556
214 -0.01913397459621556 4.440892098500626e-18 0.0422
215 -0.019 4.440892098500626e-18 0.0427
216 0.02 4.440892098500626e-18 0.0427
217 0.02 -0.0001999999999999956 0.0427
218 0.019 4.440892098500626e-18 0.0427
219 0.019 -0.0001999999999999956 0.0427
220 -0.019 -0.0001999999999999956 0.0427
221 0.01913397459621556 4.440892098500626e-18 0.0422
222 0.0195 4.440892098500626e-18 0.04183397459621557
223 0.02 4.440892098500626e-18 0.04169999999999999
224 0.02 0 0.002700000000000002
225 0.02 -0.0002 0.002700000000000002
226 0.02 0 0.003700000000000002
227 0.02 -0.0002 0.003700000000000002
228 0.02 -0.0001999999999999956 0.04169999999999999
229 0.0195 0 0.00356602540378444
230 0.01913397459621556 0 0.003200000000000001
231 0.019 0 0.002700000000000001
232 0.019 -0.0002 0.002700000000000001
233 -0.01913397459621556 -0.0002 0.003200000000000001
234 -0.0195 -0.0002 0.00356602540378444
235 -0.0195 -0.0001999999999999956 0.04183397459621556
236 -0.01913397459621556 -0.0001999999999999956 0.0422
237 0.01913397459621556 -0.0001999999999999956 0.0422
238 0.0195 -0.0001999999999999956 0.04183397459621557
239 0.0195 -0.0002 0.00356602540378444
240 0.01913397459621556 -0.0002 0.003200000000000001
241 -0.01913397459621556 4.440892098500626e-18 0.0432
242 -0.0195 4.440892098500626e-18 0.04356602540378444
243 -0.02 4.440892098500626e-18 0.04370000000000001
244 -0.0205 4.440892098500626e-18 0.04356602540378444
245 -0.02086602540378444 4.440892098500626e-18 0.0432
246 -0.021 4.440892098500626e-18 0.0427
247 -0.02086602540378445 4.440892098500626e-18 0.0422
248 -0.0205 4.440892098500626e-18 0.04183397459621556
249 -0.02250000000000001 4.440892098500626e-18 0.03836987298107781
250 -0.0243301270189222 4.440892098500626e-18 0.0402
251 -0.025 4.440892098500626e-18 0.0427
252 -0.0243301270189222 4.440892098500626e-18 0.0452
253 -0.0225 4.440892098500626e-18 0.0470301270189222
254 -0.02 4.440892098500626e-18 0.04770000000000001
255 -0.0175 4.440892098500626e-18 0.0470301270189222
256 -0.01566987298107781 4.440892098500626e-18 0.0452
257 -0.01913397459621556 -0.0001999999999999956 0.0432
258 -0.0195 -0.0001999999999999956 0.04356602540378444
259 -0.02 -0.0001999999999999956 0.04370000000000001
260 -0.0205 -0.0001999999999999956 0.04356602540378444
261 -0.02086602540378444 -0.0001999999999999956 0.0432
262 -0.021 -0.0001999999999999956 0.0427
263 -0.02086602540378445 -0.0001999999999999956 0.0422
264 -0.0205 -0.0001999999999999956 0.04183397459621556
265 -0.02250000000000001 -0.0001999999999999956 0.03836987298107781
266 -0.0243301270189222 -0.0001999999999999956 0.0402
267 -0.025 -0.0001999999999999956 0.0427
268 -0.0243301270189222 -0.0001999999999999956 0.0452
269 -0.0225 -0.0001999999999999956 0.0470301270189222
270 -0.02 -0.0001999999999999956 0.04770000000000001
271 -0.0175 -0.0001999999999999956 0.0470301270189222
272 -0.01566987298107781 -0.0001999999999999956 0.0452
273 0.02433012701892219 4.440892098500626e-18 0.0402
274 0.025 4.440892098500626e-18 0.0427
275 0.0225 4.440892098500626e-18 0.0383698729810778
276 0.0205 4.440892098500626e-18 0.04183397459621556
277 0.02086602540378444 4.440892098500626e-18 0.0422
278 0.021 4.440892098500626e-18 0.0427
279 0.02086602540378444 4.440892098500626e-18 0.0432
280 0.0205 4.440892098500626e-18 0.04356602540378444
281 0.02 4.440892098500626e-18 0.0437
282 0.0195 4.440892098500626e-18 0.04356602540378444
283 0.01913397459621556 4.440892098500626e-18 0.0432
284 0.01566987298107781 4.440892098500626e-18 0.0452
285 0.0175 4.440892098500626e-18 0.0470301270189222
286 0.02 4.440892098500626e-18 0.04770000000000001
287 0.02250000000000001 4.440892098500626e-18 0.04703012701892219
288 0.0243301270189222 4.440892098500626e-18 0.0452
289 0.02433012701892219 -0.0001999999999999956 0.0402
290 0.025 -0.0001999999999999956 0.0427
291 0.0225 -0.0001999999999999956 0.0383698729810778
292 0.0205 -0.0001999999999999956 0.04183397459621556
293 0.02086602540378444 -0.0001999999999999956 0.0422
294 0.021 -0.0001999999999999956 0.0427
295 0.02086602540378444 -0.0001999999999999956 0.0432
296 0.0205 -0.0001999999999999956 0.04356602540378444
297 0.02 -0.0001999999999999956 0.0437
298 0.0195 -0.0001999999999999956 0.04356602540378444
299 0.01913397459621556 -0.0001999999999999956 0.0432
300 0.01566987298107781 -0.0001999999999999956 0.0452
301 0.0175 -0.0001999999999999956 0.0470301270189222
302 0.02 -0.0001999999999999956 0.04770000000000001
303 0.02250000000000001 -0.0001999999999999956 0.04703012701892219
304 0.0243301270189222 -0.0001999999999999956 0.0452
305 0.025 0 0.002700000000000001
306 0.01913397459621556 0 0.002200000000000001
307 0.0195 0 0.001833974596215565
308 0.02 0 0.0017
309 0.0205 0 0.001833974596215565
310 0.02086602540378444 0 0.002200000000000001
311 0.021 0 0.002700000000000001
312 0.02086602540378444 0 0.003200000000000001
313 0.0205 0 0.00356602540378444
314 0.0225 0 0.007030127018922194
315 0.0243301270189222 0 0.005200000000000001
316 0.025 -0.0002 0.002700000000000001
317 0.01913397459621556 -0.0002 0.002200000000000001
318 0.0195 -0.0002 0.001833974596215565
319 0.02 -0.0002 0.0017
320 0.0205 -0.0002 0.001833974596215565
321 0.02086602540378444 -0.0002 0.002200000000000001
322 0.021 -0.0002 0.002700000000000001
323 0.02086602540378444 -0.0002 0.003200000000000001
324 0.0205 -0.0002 0.00356602540378444
325 0.0225 -0.0002 0.007030127018922194
326 0.0243301270189222 -0.0002 0.005200000000000001
327 0.0225 -0.0002 -0.001630127018922192
328 0.02 -0.0002 -0.0023
329 0.01749999999999999 -0.0002 -0.001630127018922189
330 0.0225 0 -0.001630127018922192
331 0.02 0 -0.0023
332 0.01749999999999999 0 -0.001630127018922189
333 -0.025 0 0.002700000000000002
334 -0.0243301270189222 0 0.005200000000000003
335 -0.0225 0 0.007030127018922194
336 -0.0205 0 0.00356602540378444
337 -0.02086602540378444 0 0.003200000000000001
338 -0.021 0 0.002700000000000001
339 -0.02086602540378444 0 0.002200000000000001
340 -0.0205 0 0.00183397459621556
341 -0.02 0 0.0017
342 -0.0195 0 0.001833974596215565
343 -0.01913397459621556 0 0.002200000000000001
344 -0.025 -0.0002 0.002700000000000002
345 -0.0243301270189222 -0.0002 0.005200000000000003
346 -0.0225 -0.0002 0.007030127018922194
347 -0.0205 -0.0002 0.00356602540378444
348 -0.02086602540378444 -0.0002 0.003200000000000001
349 -0.021 -0.0002 0.002700000000000001
350 -0.02086602540378444 -0.0002 0.002200000000000001
351 -0.0205 -0.0002 0.00183397459621556
352 -0.02 -0.0002 0.0017
353 -0.0195 -0.0002 0.001833974596215565
354 -0.01913397459621556 -0.0002 0.002200000000000001
355 -0.0175 -0.0002 -0.001630127018922192
356 -0.02 -0.0002 -0.0023
357 -0.02250000000000001 -0.0002 -0.001630127018922196
358 -0.0175 0 -0.001630127018922192
359 -0.02 0 -0.0023
360 -0.02250000000000001 0 -0.001630127018922196
361 -0.0706698729810778 0.0775 0
362 -0.0725 0.0793301270189222 0
363 -0.075 0.07999999999999999 0
364 -0.0775 0.07933012701892217 0
365 -0.0793301270189222 0.07750000000000003 0
366 -0.07999999999999999 0.07500000000000001 0
367 -0.07933012701892217 0.0725 0
368 -0.07750000000000001 0.0706698729810778 0
369 -0.08500000000000002 0.05767949192431122 0
370 -0.09232050807568876 0.065 0
371 -0.09499999999999997 0.07500000000000002 0
372 -0.09232050807568878 0.08500000000000003 0
373 -0.08499999999999999 0.09232050807568876 0
374 -0.07499999999999998 0.09499999999999997 0
375 -0.065 0.09232050807568877 0
376 -0.05767949192431121 0.08499999999999999 0
377 -0.0706698729810778 0.0775 0.0002
378 -0.0725 0.0793301270189222 0.0002
379 -0.075 0.07999999999999999 0.0002
380 -0.0775 0.07933012701892217 0.0002
381 -0.0793301270189222 0.07750000000000003 0.0002
382 -0.07999999999999999 0.07500000000000001 0.0002
383 -0.07933012701892217 0.0725 0.0002
384 -0.07750000000000001 0.0706698729810778 0.0002
385 -0.08500000000000002 0.05767949192431122 0.0002
386 -0.09232050807568876 0.065 0.0002
387 -0.09499999999999997 0.07500000000000002 0.0002
388 -0.09232050807568878 0.08500000000000003 0.0002
389 -0.08499999999999999 0.09232050807568876 0.0002
390 -0.07499999999999998 0.09499999999999997 0.0002
391 -0.065 0.09232050807568877 0.0002
392 -0.05767949192431121 0.08499999999999999 0.0002
393 0.09232050807568877 0.06499999999999999 0
394 0.095 0.075 0
395 0.08499999999999999 0.05767949192431121 0
396 0.07749999999999999 0.0706698729810778 0
397 0.0793301270189222 0.0725 0
398 0.08 0.075 0
399 0.07933012701892218 0.0775 0
400 0.0775 0.0793301270189222 0
401 0.07499999999999998 0.08 0
402 0.07249999999999998 0.07933012701892218 0
403 0.07066987298107782 0.07750000000000001 0
404 0.05767949192431124 0.08500000000000002 0
405 0.06499999999999997 0.09232050807568877 0
406 0.07499999999999998 0.095 0
407 0.08500000000000001 0.09232050807568877 0
408 0.09232050807568877 0.08499999999999999 0
409 0.09232050807568877 0.06499999999999999 0.0002
410 0.095 0.075 0.0002
411 0.08499999999999999 0.05767949192431121 0.0002
412 0.07749999999999999 0.0706698729810778 0.0002
413 0.0793301270189222 0.0725 0.0002
414 0.08 0.075 0.0002
415 0.07933012701892218 0.0775 0.0002
416 0.0775 0.0793301270189222 0.0002
417 0.07499999999999998 0.08 0.0002
418 0.07249999999999998 0.07933012701892218 0.0002
419 0.07066987298107782 0.07750000000000001 0.0002
420 0.05767949192431124 0.08500000000000002 0.0002
421 0.06499999999999997 0.09232050807568877 0.0002
422 0.07499999999999998 0.095 0.0002
423 0.08500000000000001 0.09232050807568877 0.0002
424 0.09232050807568877 0.08499999999999999 0.0002
425 0.09232050807568877 -0.08500000000000001 0
426 0.095 -0.075 0
427 0.08499999999999999 -0.09232050807568878 0
428 0.075 -0.095 0
429 0.065 -0.09232050807568877 0
430 0.0576794919243112 -0.08499999999999999 0
431 0.07066987298107778 -0.0775 0
432 0.07250000000000001 -0.0793301270189222 0
433 0.07500000000000001 -0.08 0
434 0.07749999999999999 -0.0793301270189222 0
435 0.0793301270189222 -0.0775 0
436 0.08 -0.075 0
437 0.07933012701892218 -0.0725 0
438 0.0775 -0.0706698729810778 0
439 0.08500000000000001 -0.05767949192431122 0
440 0.09232050807568877 -0.065 0
441 0.09232050807568877 -0.08500000000000001 0.0002
442 0.095 -0.075 0.0002
443 0.08499999999999999 -0.09232050807568878 0.0002
444 0.075 -0.095 0.0002
445 0.065 -0.09232050807568877 0.0002
446 0.0576794919243112 -0.08499999999999999 0.0002
447 0.07066987298107778 -0.0775 0.0002
448 0.07250000000000001 -0.0793301270189222 0.0002
449 0.07500000000000001 -0.08 0.0002
450 0.07749999999999999 -0.0793301270189222 0.0002
451 0.0793301270189222 -0.0775 0.0002
452 0.08 -0.075 0.0002
453 0.07933012701892218 -0.0725 0.0002
454 0.0775 -0.0706698729810778 0.0002
455 0.08500000000000001 -0.05767949192431122 0.0002
456 0.09232050807568877 -0.065 0.0002
457 -0.05767949192431122 -0.08500000000000001 0
458 -0.065 -0.09232050807568878 0
459 -0.075 -0.09500000000000001 0
460 -0.08500000000000001 -0.09232050807568878 0
461 -0.09232050807568878 -0.08499999999999998 0
462 -0.09500000000000003 -0.07499999999999997 0
463 -0.09232050807568878 -0.06499999999999999 0
464 -0.08499999999999998 -0.05767949192431122 0
465 -0.07749999999999999 -0.0706698729810778 0
466 -0.07933012701892223 -0.0725 0
467 -0.08000000000000002 -0.07499999999999998 0
468 -0.0793301270189222 -0.07749999999999999 0
469 -0.07750000000000001 -0.07933012701892221 0
470 -0.075 -0.08000000000000002 0
471 -0.0725 -0.0793301270189222 0
472 -0.0706698729810778 -0.07750000000000001 0
473 -0.05767949192431122 -0.08500000000000001 0.0002
474 -0.065 -0.09232050807568878 0.0002
475 -0.075 -0.09500000000000001 0.0002
476 -0.08500000000000001 -0.09232050807568878 0.0002
477 -0.09232050807568878 -0.08499999999999998 0.0002
478 -0.09500000000000003 -0.07499999999999997 0.0002
479 -0.09232050807568878 -0.06499999999999999 0.0002
480 -0.08499999999999998 -0.05767949192431122 0.0002
481 -0.07749999999999999 -0.0706698729810778 0.0002
482 -0.07933012701892223 -0.0725 0.0002
483 -0.08000000000000002 -0.07499999999999998 0.0002
484 -0.0793301270189222 -0.07749999999999999 0.0002
485 -0.07750000000000001 -0.07933012701892221 0.0002
486 -0.075 -0.08000000000000002 0.0002
487 -0.0725 -0.0793301270189222 0.0002
488 -0.0706698729810778 -0.07750000000000001 0.0002
489 0.00414 0 -0.0007999999999999999
490 0.003824861264596727 0.001584309409991471 -0.0007999999999999999
491 0.003824861264596726 -0.001584309409991474 -0.0007999999999999999
492 0.002927422074112307 0.002927422074112307 -0.0007999999999999999
493 0.002927422074112306 -0.002927422074112307 -0.0007999999999999999
494 0.001584309409991473 -0.003824861264596727 -0.0007999999999999999
495 -9.192646643896295e-19 -0.00414 -0.0007999999999999999
496 -0.001584309409991474 -0.003824861264596726 -0.0007999999999999999
497 -0.002927422074112307 -0.002927422074112307 -0.0007999999999999999
498 -0.003824861264596727 -0.001584309409991471 -0.0007999999999999999
499 -0.00414 5.070037748470042e-19 -0.0007999999999999999
500 -0.003824861264596727 0.001584309409991472 -0.0007999999999999999
501 -0.002927422074112307 0.002927422074112307 -0.0007999999999999999
502 -0.001584309409991471 0.003824861264596727 -0.0007999999999999999
503 4.596323321948148e-19 0.00414 -0.0007999999999999999
504 0.001584309409991472 0.003824861264596727 -0.0007999999999999999
505 0.000459220118838108 -0.001108655439013544 -0.0007999999999999999
506 0.0008485281374238568 -0.0008485281374238571 -0.0007999999999999999
507 0.001108655439013544 -0.0004592201188381084 -0.0007999999999999999
508 0.0012 0 -0.0007999999999999999
509 0.001108655439013544 0.0004592201188381077 -0.0007999999999999999
510 0.000848528137423857 0.0008485281374238569 -0.0007999999999999999
511 0.0004592201188381077 0.001108655439013544 -0.0007999999999999999
512 1.332267629550188e-19 0.0012 -0.0007999999999999999
513 -0.0004592201188381075 0.001108655439013544 -0.0007999999999999999
514 -0.0008485281374238569 0.000848528137423857 -0.0007999999999999999
515 -0.001108655439013544 0.0004592201188381078 -0.0007999999999999999
516 -0.0012 1.469576158976824e-19 -0.0007999999999999999
517 -0.001108655439013544 -0.0004592201188381076 -0.0007999999999999999
518 -0.0008485281374238571 -0.0008485281374238569 -0.0007999999999999999
519 -0.0004592201188381083 -0.001108655439013544 -0.0007999999999999999
520 -2.664535259100375e-19 -0.0012 -0.0007999999999999999
521 -0.15 -0.15 -0.05999999999999998
522 -0.15 -0.15 -0.01000000000000002
523 -0.15 -0.15 0.03999999999999999
524 -0.15 -0.15 0.08999999999999993
525 -0.15 -0.15 0.14
526 0.15 -0.15 -0.05999999999999998
527 0.15 -0.15 -0.01000000000000002
528 0.15 -0.15 0.03999999999999999
529 0.15 -0.15 0.08999999999999993
530 0.15 -0.15 0.14
531 -0.09999999999999998 -0.15 -0.11
532 -0.05000000000000002 -0.15 -0.11
533 0 -0.15 -0.11
534 0.04999999999999993 -0.15 -0.11
535 0.09999999999999998 -0.15 -0.11
536 -0.09999999999999998 -0.15 0.19
537 -0.05000000000000002 -0.15 0.19
538 0 -0.15 0.19
539 0.04999999999999993 -0.15 0.19
540 0.09999999999999998 -0.15 0.19
541 -0.15 0.15 -0.05999999999999998
542 -0.15 0.15 -0.01000000000000002
543 -0.15 0.15 0.03999999999999999
544 -0.15 0.15 0.08999999999999993
545 -0.15 0.15 0.14
546 -0.15 0.09999999999999998 -0.11
547 -0.15 0.05000000000000002 -0.11
548 -0.15 0 -0.11
549 -0.15 -0.04999999999999993 -0.11
550 -0.15 -0.09999999999999998 -0.11
551 -0.15 0.09999999999999998 0.19
552 -0.15 0.05000000000000002 0.19
553 -0.15 0 0.19
554 -0.15 -0.04999999999999993 0.19
555 -0.15 -0.09999999999999998 0.19
556 0.15 0.15 -0.05999999999999998
557 0.15 0.15 -0.01000000000000002
558 0.15 0.15 0.03999999999999999
559 0.15 0.15 0.08999999999999993
560 0.15 0.15 0.14
561 0.15 -0.09999999999999998 -0.11
562 0.15 -0.05000000000000002 -0.11
563 0.15 0 -0.11
564 0.15 0.04999999999999993 -0.11
565 0.15 0.09999999999999998 -0.11
566 0.15 -0.09999999999999998 0.19
567 0.15 -0.05000000000000002 0.19
568 0.15 0 0.19
569 0.15 0.04999999999999993 0.19
570 0.15 0.09999999999999998 0.19
571 0.09999999999999998 0.15 -0.11
572 0.05000000000000002 0.15 -0.11
573 0 0.15 -0.11
574 -0.04999999999999993 0.15 -0.11
575 -0.09999999999999998 0.15 -0.11
576 0.09999999999999998 0.15 0.19
577 0.05000000000000002 0.15 0.19
578 0 0.15 0.19
579 -0.04999999999999993 0.15 0.19
580 -0.09999999999999998 0.15 0.19
581 -0.01833333333333344 -0.075 0
582 0.01833333333333323 -0.075 0
583 -0.01833333333333344 -0.075 0.0002
584 0.01833333333333323 -0.075 0.0002
585 -0.075 0.01833333333333344 0
586 -0.075 -0.01833333333333323 0
587 -0.075 0.01833333333333344 0.0002
588 -0.075 -0.01833333333333323 0.0002
589 0.075 -0.01833333333333341 0
590 0.075 0.01833333333333326 0
591 0.075 -0.01833333333333341 0.0002
592 0.075 0.01833333333333326 0.0002
593 0.01833333333333343 0.075 0
594 -0.01833333333333326 0.075 0
595 0.01833333333333343 0.075 0.0002
596 -0.01833333333333326 0.075 0.0002
597 0.0221796510103805 -0.15 0.1416519649958339
598 0.02322955387814821 -0.15 -0.06238980985533833
599 -0.1069346645067195 -0.15 0.06459134911936114
600 0.1019032745106219 -0.15 0.05967692613444887
601 -0.1078151847792411 -0.15 -0.03306624327025938
602 0.1046075729569306 -0.15 -0.03128773241457294
603 -0.07665154287158983 -0.15 0.1471073806914169
604 -0.1069241280881788 -0.15 0.01525418430818358
605 -0.0634743484504466 -0.15 0.03997425557125743
606 -0.05933474647453826 -0.15 0.09745970066073538
607 -0.0200961894323344 -0.15 0.06500000000000002
608 -0.02010900423714942 -0.15 0.01499570926187632
609 0.0220230799269841 -0.15 0.0379556987005031
610 0.02225061369801254 -0.15 -0.009424396991298503
611 0.06916536686970889 -0.15 0.01393585690219851
612 -0.02107062598401685 -0.15 -0.03388747475514502
613 0.0232050807568874 -0.15 0.09000000000000009
614 -0.02981313006833314 -0.15 0.1454195235106922
615 0.1008742939215107 -0.15 0.1145201880285567
616 -0.06379845852676483 -0.15 -0.009454928147347844
617 -0.0687259612730827 -0.15 -0.06375892239148828
618 0.07254809471616716 -0.15 0.1481143379864265
619 0.07467856010497062 -0.15 -0.06876873727544328
620 -0.1090229553145033 -0.15 0.1146037282633179
621 0.06807610500071201 -0.15 0.08908077183393683
622 0.1151352428674522 -0.15 0.0144650101244149
623 0.06033583110388716 -0.15 -0.02939317590792351
624 -0.02413949320193379 -0.15 -0.07625170321870384
625 -0.01507214207425103 -0.15 0.1062980947161671
626 -0.1133974596215561 -0.15 -0.07339745962155614
627 -0.1133974596215562 -0.15 0.1533974596215562
628 0.1133974596215561 -0.15 -0.07339745962155618
629 0.1133974596215562 -0.15 0.1533974596215562
630 0.05942716077150417 -0.15 0.05273848294114171
631 0.05160695927550299 -0.15 0.1194688513369649
632 -0.15 -0.02453990004917134 0.145572848964095
633 -0.15 -0.02322955387814821 -0.06238980985533833
634 -0.15 0.1069346645067195 0.06459134911936114
635 -0.15 -0.1066987298107781 0.06499999999999996
636 -0.15 0.1078151847792411 -0.03306624327025931
637 -0.15 -0.1046075729569306 -0.03128773241457297
638 -0.15 0.07040871904712995 0.1447151376279604
639 -0.15 0.1069241280881788 0.01525418430818364
640 -0.15 0.06347434845044658 0.03997425557125749
641 -0.15 0.0648540748092319 0.09030480617245772
642 -0.15 0.02035177343509537 0.06504651029061918
643 -0.15 0.0201516015709429 0.01500346097697951
644 -0.15 -0.02227037384885702 0.04000832854459983
645 -0.15 -0.02228472979602578 -0.009081000064765199
646 -0.15 -0.0665063509461094 0.01500000000000019
647 -0.15 0.02107203952331357 -0.03382894998153886
648 -0.15 -0.02249225763787008 0.09126782416615935
649 -0.15 0.02164443621928794 0.1154063664485001
650 -0.15 -0.06715558738271482 0.1095193760284281
651 -0.15 0.06380579367227986 -0.009443882065896206
652 -0.15 0.06872721108519868 -0.0637489836979086
653 -0.15 -0.07467856010497062 -0.06876873727544329
654 -0.15 0.1089368248990549 0.1134671642690638
655 -0.15 -0.05702465992526587 0.06415910574783747
656 -0.15 -0.1155625307427636 0.01574245351708543
657 -0.15 -0.1124498309001064 0.1149999999999999
658 -0.15 -0.05826135353643694 -0.03130545592202393
659 -0.15 0.02413976497248616 -0.07624471715062364
660 -0.15 0.02350265104344931 0.1571388706081111
661 -0.15 -0.07798238260590171 0.1506402003826568
662 -0.15 0.1133974596215561 -0.07339745962155614
663 -0.15 -0.1133974596215561 -0.07339745962155618
664 -0.15 0.1133974596215562 0.1533974596215562
665 -0.15 -0.1137489773034178 0.1537489773034178
666 0.15 0.0221796510103805 0.1416519649958339
667 0.15 0.02322955387814821 -0.06238980985533833
668 0.15 -0.1069346645067195 0.06459134911936114
669 0.15 0.1019032745106219 0.05967692613444887
670 0.15 -0.1078151847792411 -0.03306624327025938
671 0.15 0.1046075729569306 -0.03128773241457294
672 0.15 -0.07665154287158983 0.1471073806914169
673 0.15 -0.1069241280881788 0.01525418430818358
674 0.15 -0.0634743484504466 0.03997425557125743
675 0.15 -0.05933474647453826 0.09745970066073538
676 0.15 -0.0200961894323344 0.06500000000000002
677 0.15 -0.02010900423714942 0.01499570926187632
678 0.15 0.0220230799269841 0.0379556987005031
679 0.15 0.02225061369801254 -0.009424396991298503
680 0.15 0.06916536686970889 0.01393585690219851
681 0.15 -0.02107062598401685 -0.03388747475514502
682 0.15 0.0232050807568874 0.09000000000000009
683 0.15 -0.02981313006833314 0.1454195235106922
684 0.15 0.1008742939215107 0.1145201880285567
685 0.15 -0.06379845852676483 -0.009454928147347844
686 0.15 -0.0687259612730827 -0.06375892239148828
687 0.15 0.07254809471616716 0.1481143379864265
688 0.15 0.07467856010497062 -0.06876873727544328
689 0.15 -0.1090229553145033 0.1146037282633179
690 0.15 0.06807610500071201 0.08908077183393683
691 0.15 0.1151352428674522 0.0144650101244149
692 0.15 0.06033583110388716 -0.02939317590792351
693 0.15 -0.02413949320193379 -0.07625170321870384
694 0.15 -0.01507214207425103 0.1062980947161671
695 0.15 -0.1133974596215561 -0.07339745962155614
696 0.15 -0.1133974596215562 0.1533974596215562
697 0.15 0.1133974596215561 -0.07339745962155618
698 0.15 0.1133974596215562 0.1533974596215562
699 0.15 0.05942716077150417 0.05273848294114171
700 0.15 0.05160695927550299 0.1194688513369649
701 0.02459134911936118 -0.1069346645067195 -0.11
702 0.1023898098553384 0.02322955387814815 -0.11
703 -0.09952088532601555 0.02424477184036532 -0.11
704 -0.02445328705021616 0.1047472057173742 -0.11
705 -0.1071073806914169 -0.07665154287158978 -0.11
706 0.1047151376279603 -0.07040871904712992 -0.11
707 0.07128773241457298 0.1046075729569306 -0.11
708 -0.02465945759946764 -0.1069739869560431 -0.11
709 -1.13514133510649e-05 -0.06348265826175731 -0.11
710 -0.0574747298496211 -0.05934155108320026 -0.11
711 -0.02499999999999995 -0.0200961894323344 -0.11
712 0.02499810809777481 -0.02011038920570125 -0.11
713 -3.153170374930551e-07 0.02231983991019072 -0.11
714 -0.04999999999999988 0.02320508075688747 -0.11
715 0.04908259711515137 0.02229984286712159 -0.11
716 0.0241271652490746 0.06822537257089478 -0.11
717 0.07461533394038906 -0.02223119518818629 -0.11
718 -0.1050668484305368 -0.02947007736477926 -0.11
719 -0.1077382454352216 0.07562389741907044 -0.11
720 0.05024277868138356 -0.06521366069932011 -0.11
721 0.1087687372754433 0.07467856010497058 -0.11
722 -0.0757922693297834 0.1089075521577791 -0.11
723 0.07345978004393597 -0.108979632743113 -0.11
724 -0.07461362560486461 -0.1090284466309301 -0.11
725 0.02419232212268629 0.1155160302490399 -0.11
726 -0.02345541601251291 0.05601559263105357 -0.11
727 0.07113120838191611 0.05860818047561314 -0.11
728 -0.06349335052562492 0.06545735008708836 -0.11
729 0.1165063509461096 -0.02500000000000002 -0.11
730 -0.06658818166042664 -0.01434834235079226 -0.11
731 -0.1133974596215561 -0.1133974596215561 -0.11
732 0.1133974596215561 -0.1133974596215561 -0.11
733 -0.1133974596215561 0.1133974596215561 -0.11
734 0.1133974596215561 0.1133974596215561 -0.11
735 0.02459134911936117 -0.1069346645067195 0.19
736 -0.02445328705021615 0.1047472057173742 0.19
737 -0.1051851937522286 -0.02933628273532903 0.19
738 0.09974559179545775 0.02394727492930294 0.19
739 -0.07478813153595616 -0.1076613977472084 0.19
740 -0.1083486063607967 0.07568811750067203 0.19
741 0.1071073806914169 -0.07665154287158979 0.19
742 0.07128773241457298 0.1046075729569306 0.19
743 -0.02503279706943248 -0.1068984969161734 0.19
744 -7.357465834521153e-05 -0.0634700765884457 0.19
745 0.05745286777079215 -0.05933413620853811 0.19
746 0.02499999999999998 -0.0200961894323344 0.19
747 -0.02356194489575201 -0.01927095103380204 0.19
748 0.00023967585070803 0.02245974627217394 0.19
749 -0.04999999999999989 0.0232050807568875 0.19
750 0.04723189040286092 0.02328248862455299 0.19
751 0.02400976615690661 0.06830719123849061 0.19
752 -0.09954036253908255 0.02372360537827149 0.19
753 0.1051006558289723 -0.02951842437084598 0.19
754 -0.0575791535163297 -0.05917963454448236 0.19
755 -0.07586493134473279 0.1089151974055889 0.19
756 0.1082876091215006 0.07367866021161802 0.19
757 0.07460291482403894 -0.1090228826637889 0.19
758 -0.1083838511420826 -0.07543930975802104 0.19
759 0.0241688423042527 0.1155323939825591 0.19
760 -0.0234308975973974 0.0560599376369694 0.19
761 0.07011251797825978 0.05876463759217903 0.19
762 -0.06360634748203757 0.0653898573992939 0.19
763 -0.06629809471616707 -0.01507214207425086 0.19
764 0.06645638981285844 -0.01436193154148374 0.19
765 0.1133974596215561 -0.1133974596215561 0.19
766 -0.1133974596215561 0.1133974596215561 0.19
767 -0.1133974596215561 -0.1133974596215561 0.19
768 0.1133974596215561 0.1133974596215561 0.19
769 -0.1019032745106219 0.15 0.05967692613444882
770 0.1069346645067195 0.15 0.06459134911936108
771 -0.02322955387814818 0.15 -0.0623898098553384
772 -0.02217965101038055 0.15 0.1416519649958338
773 0.1078151847792411 0.15 -0.03306624327025938
774 -0.1046075729569306 0.15 -0.031287732414573
775 0.07665154287158982 0.15 0.1471073806914169
776 0.1069241280881789 0.15 0.01525418430818358
777 0.0634743484504466 0.15 0.0399742555712574
778 0.05933474647453824 0.15 0.09745970066073535
779 0.02009618943233435 0.15 0.06499999999999991
780 0.02010900423714942 0.15 0.01499570926187621
781 -0.02202307992698418 0.15 0.0379556987005029
782 -0.02320508075688754 0.15 0.08999999999999984
783 -0.02225061369801254 0.15 -0.009424396991298656
784 -0.06916536686970895 0.15 0.01393585690219841
785 0.02107062598401691 0.15 -0.0338874747551451
786 0.02981313006833308 0.15 0.1454195235106922
787 -0.1008742939215107 0.15 0.1145201880285566
788 0.06379845852676488 0.15 -0.009454928147347899
789 0.06872596127308271 0.15 -0.06375892239148831
790 -0.07254809471616716 0.15 0.1481143379864265
791 -0.07467856010497062 0.15 -0.06876873727544332
792 0.1090229553145032 0.15 0.1146037282633179
793 -0.06807610500071207 0.15 0.0890807718339368
794 -0.1151352428674522 0.15 0.01446501012441483
795 -0.06033583110388707 0.15 -0.02939317590792363
796 0.02413949320193381 0.15 -0.07625170321870389
797 0.01507214207425087 0.15 0.106298094716167
798 0.1133974596215561 0.15 -0.07339745962155614
799 -0.1133974596215561 0.15 -0.07339745962155618
800 0.1133974596215562 0.15 0.1533974596215562
801 -0.1133974596215562 0.15 0.1533974596215562
802 -0.05942716077150428 0.15 0.05273848294114157
803 -0.05160695927550302 0.15 0.1194688513369648
804 -0.0727870884204619 -0.0727870884204619 0
805 -0.06591444576917632 -0.06519616448628734 0
806 -0.07129014614522816 -0.06115463692533613 0
807 -0.07057568553450672 -0.06725150682917196 0
808 -0.06873112406473868 -0.07018348202592674 0
809 -0.06272674010367128 -0.07048334785902337 0
810 0.055 0.05500000000000001 0
811 -0.05487859329920011 0.0547598130777155 0
812 -0.055 -0.05500000000000001 0
813 0.0548908948418726 -0.0547252010842451 0
814 0.007689213558517752 0.001650160330226699 0
815 -0.007702771127857539 0.001340384039961011 0
816 0.007631670828218502 -0.001648253923003855 0
817 -0.008111862277205034 -0.0004920473684304569 0
818 -0.009562908663589898 0.0005657652373450403 0
819 -0.009245212362960397 0.002316332154770938 0
820 -0.00975287486852071 -0.001016184938521256 0
821 -0.01057466109712086 0.001787634084710642 0
822 -0.01055704254270666 0.003212002472359357 0
823 -0.00925761089161199 0.003917463921759867 0
824 -0.01065386440702357 0.004779107390120495 0
825 -0.0120866297632334 0.003687815323710621 0
826 -0.01220120033224825 0.00554062887256422 0
827 -0.01356207449859378 0.004528040583427386 0
828 -0.01388916610211871 0.006357890569738813 0
829 -0.01358986288306026 0.00282416746784596 0
830 -0.01469446417497136 0.003562567601832851 0
831 -0.01471534685934343 0.002359990586847069 0
832 -0.01560995612590624 0.002755325118380157 0
833 -0.01583265341489453 0.003831917080531525 0
834 -0.0166212180735159 0.003113353080434884 0
835 -0.01695466898644551 0.00419678627671495 0
836 -0.01777069896854563 0.003272119637692842 0
837 -0.01815513849902472 0.004551666264827294 0
838 -0.01898128142045336 0.003621007788345801 0
839 -0.01939971620275763 0.004918915241908808 0
840 -0.01872293272906617 0.00248288188714615 0
841 -0.01969871613850609 0.002797282318797014 0
842 -0.0195485095581193 0.001944694146505637 0
843 -0.02029890752863686 0.002176093553800413 0
844 -0.02005062641795414 0.001452664322360311 0
845 -0.01951343786630195 0.00118070633312404 0
846 -0.01994283558727914 0.0008157344863018669 0
847 -0.01933050196207062 0.0007022409368734347 0
848 -0.01973603033919069 0.0004418269373519628 0
849 -0.02039300624124834 0.001019909820290788 0
850 -0.019026117489035 0.001011927712170032 0
851 -0.0189721024904299 0.000578984229669702 0
852 -0.0186532897226937 0.0008048628836849456 0
853 -0.01861792652306444 0.0004269208177807955 0
854 -0.01831758860181436 0.0006225600465042887 0
855 -0.01830706945832849 0.0003560366538869061 0
856 -0.01862338151990383 0.0001334285121348768 0
857 -0.0180074630437599 0.0004789738289415313 0
858 -0.01778483077057964 0.0002373781333032637 0
859 -0.01770999171179652 0.0004096827774823925 0
860 -0.02060440550720274 0.002988416553932346 0
861 -0.02117278799026643 0.002299174884164522 0
862 -0.01802941435867344 0.0008068503041912269 0
863 -0.01341386123270741 0.001627407010649748 0
864 -0.01441932524660954 0.00127676329014662 0
865 -0.01636619285282547 0.00213184126733167 0
866 -0.01718367624775953 0.005548274702760247 0
867 -0.06103869458787823 -0.04921252920409658 0
868 -0.05129074986130234 -0.04454203687890333 0
869 0.04908210595086722 -0.06128605130564339 0
870 0.04380311366058302 -0.05121287715498488 0
871 -0.04910762823236878 0.06124447547390769 0
872 -0.04380141807815684 0.05121104592285187 0
873 0.06103619069437963 0.04921200658824129 0
874 0.05128841801167745 0.044543214725327 0
875 -0.01856515017741523 0.001252087989201205 0
876 0.0006376940534360553 -0.04405003554455909 0
877 0.001628631899842627 -0.008161763576429027 0
878 -0.002329234934204462 0.04064137638070249 0
879 -0.001200204301078478 0.00794301365999435 0
880 -0.01203596370060536 0.007585256890398052 0
881 -0.01446596013339066 0.008697137169321162 0
882 -0.009105282845310746 0.005830450846710829 0
883 -0.01250384401853557 0.002280167941278343 0
884 -0.01263227919662658 0.001206208587297613 0
885 -0.01778144004823718 0.002308194312531446 0
886 -0.02028272902140979 0.0005653383958176636 0
887 -0.02063516778729141 0.0006476572312336971 0
888 -0.02053930405359404 0.0003766837865412217 0
889 -0.02083174924102893 0.0003771739265702726 0
890 -0.02073833094342725 8.593321538087437e-05 0
891 -0.02098949938953807 0.0002572595974168678 0
892 -0.02111051611014897 0.0004188679988300405 0
893 -0.02118855265676587 0.0002467531856045369 0
894 -0.0213725890118954 0.0004433858577070444 0
895 -0.02154870984507929 0.0001973357268737578 0
896 -0.02166448404954434 0.0004542840962765563 0
897 -0.02122282949279595 0.0006707605490814847 0
898 -0.02027964207983233 0.0003177797462491984 0
899 -0.02082084114571413 0.00105632110247705 0
900 -0.01898528017711651 0.0003043749230831724 0
901 -0.01094180776680768 0.0005853364752488004 0
902 -0.01124764666012374 -0.001173215557020164 0
903 0.04560121938454852 0.05128048251473884 0
904 0.04017440747034519 0.04218140745985054 0
905 0.045799838786999 0.03486146321089981 0
906 0.03466924514969515 0.03202175358844708 0
907 0.004390729529965326 0.006149518658925046 0
908 0.04296028828196888 0.02455876974410368 0
909 0.03389955512469825 0.01973500958430051 0
910 0.04009282477175449 0.01274602647806232 0
911 0.02750193116176455 0.02551590505694293 0
912 0.02925106652281404 0.04197091125263779 0
913 0.03224314886570623 0.009132580715247817 0
914 0.006519461211311367 0.005272620381338724 0
915 0.006551316554674716 0.007696375819139028 0
916 0.008848815778943329 0.006418350757873685 0
917 0.0089334128237912 0.009288353870297378 0
918 0.01177652165511382 0.007358601750735848 0
919 0.005031662232573252 0.01046352838019327 0
920 0.01168465998636244 0.01104817291963978 0
921 0.01452215348499744 0.00910265928180088 0
922 0.01437052177107763 0.006076269062910684 0
923 0.01672763002168869 0.006912175037645974 0
924 0.01678675704165151 0.004473795783941023 0
925 0.01888662640044193 0.005499404399427078 0
926 0.01878426930167484 0.003159743676179209 0
927 0.02044200505566708 0.004531263946468791 0
928 0.02036201494756347 0.002538232313649333 0
929 0.01969522848869086 0.008395792104293384 0
930 0.01448389598791642 0.00370674405934727 0
931 0.01705102353209796 0.002630040942460183 0
932 0.01571322267208558 0.01311561238666679 0
933 0.01102870310530337 0.01525941029416566 0
934 0.002413289880995478 0.007943952460118898 0
935 0.0006673269940402395 0.0112719168237717 0
936 -0.04560033945395427 -0.05127897943296297 0
937 -0.04017318491832184 -0.04217645936421852 0
938 -0.04580389995971556 -0.03485754315498084 0
939 -0.03485270725944969 -0.03198131576831812 0
940 -0.004490267409064662 -0.006338861434835367 0
941 -0.04392301786935644 -0.02246386344429964 0
942 -0.0334115718568815 -0.01941833457267635 0
943 -0.04123229494671897 -0.01261157654992862 0
944 -0.02751724841368993 -0.0258163096556631 0
945 -0.0300592778941292 -0.04204348646167523 0
946 -0.0309955059994306 -0.009871040904216605 0
947 -0.006293712978911429 -0.00474720621862935 0
948 -0.006877613999625246 -0.006696183701831815 0
949 -0.005085489334600964 -0.009156616562634102 0
950 -0.008697100117245424 -0.005320745978005108 0
951 -0.009349570367567339 -0.007899018246810991 0
952 -0.01118783787831489 -0.006510992570317771 0
953 -0.00850024229140425 -0.01151691902563048 0
954 -0.004380953156647336 -0.01268268997766224 0
955 -0.01177016960146134 -0.009469122868691095 0
956 -0.01372196953350757 -0.006838785334046926 0
957 -0.01508900716846747 -0.01061112145863969 0
958 -0.01822462975096263 -0.008924322230149032 0
959 -0.01726442983935984 -0.005157842148712575 0
960 -0.01996605086481227 -0.006155426199876611 0
961 -0.01944429416689531 -0.003350063621279112 0
962 -0.0210403711976393 -0.009491272276087648 0
963 -0.02303644221613602 -0.006839220694786748 0
964 -0.02436834045807515 -0.009821328577712649 0
965 -0.02168894465327681 -0.01351839886716207 0
966 -0.01386925761494735 -0.004621015710887103 0
967 -0.01143049299676992 -0.003578170323836266 0
968 -0.008617862136640607 -0.00215815084189878 0
969 -0.01927140189063825 0.0004502347940534061 0
970 0.01093653179585238 0.004792002766994809 0
971 -0.001707204239668924 -0.007641316137152004 0
972 -0.05054987112745936 0.04437379371564642 0
973 -0.04020202305710104 0.03923781790810778 0
974 -0.03304233463686235 0.04587320885118001 0
975 -0.02895630211438793 0.03400520215531776 0
976 -0.03703308071624268 0.02801061024168187 0
977 -0.02471172629492951 0.02707739316404286 0
978 -0.03177250440891027 0.01913517169095474 0
979 -0.05128770454031195 0.02799220468188946 0
980 -0.04554809204569007 0.01656625339427606 0
981 0.05125617127639787 -0.04216478526237327 0
982 0.03884044954466551 -0.03868477381531103 0
983 0.03273804242205235 -0.04616773216604066 0
984 0.02824491807438809 -0.03438912310431563 0
985 0.03499978595982714 -0.0272936253300414 0
986 0.02452113512339595 -0.02595420040702349 0
987 0.03044318037991591 -0.02059940204146234 0
988 -0.006273092951563951 0.004555669125368376 0
989 -0.007207105198652828 0.006616996070361004 0
990 -0.01198641934427226 0.01031851827598892 0
991 -0.01507638406646696 0.01180902286390043 0
992 -0.01092885437378531 0.01371880990001114 0
993 -0.01757767880739147 0.009365321528924058 0
994 -0.01847911853106068 0.01307894973027864 0
995 -0.02136178416685178 0.01039060949486881 0
996 -0.02148814358323741 0.003133587793387981 0
997 -0.02206992205680681 0.002424978121007953 0
998 -0.02241367487191611 0.003329677702540884 0
999 -0.0229989626148487 0.002602959560833772 0
1000 -0.02340572999737249 0.003551438383159787 0
1001 -0.0226768765589612 0.004458770538303549 0
1002 -0.02400102834956549 0.00473788203553237 0
1003 -0.02270382945158894 0.001699155055271758 0
1004 -0.02346544155808973 0.001897619927931276 0
1005 -0.02324075045599281 0.001141906179063743 0
1006 -0.02390732020179465 0.001253521358791231 0
1007 -0.02365944343893864 0.000701378483381889 0
1008 -0.02185656847830153 0.0002461974330201713 0
1009 -0.02300173493568634 0.0006829533008663426 0
1010 -0.02198542863658183 0.0004858969643310768 0
1011 -0.02214182925189253 0.0003386973401714661 0
1012 -0.02337623200026811 0.0003816527248921063 0
1013 -0.02177643268852069 0.0007640015599622615 0
1014 -0.02212696343716122 0.0007887296148474163 0
1015 -0.02191419661532598 0.001156824671794947 0
1016 -0.02210526480787231 0.01429852571069789 0
1017 -0.0245875402460725 0.01201751488683315 0
1018 -0.01843835675600223 0.01817104269183062 0
1019 -0.02303115743324149 0.005929503161140435 0
1020 -0.02481298442695403 0.006498680254545238 0
1021 -0.02575997409251533 0.004446344376740349 0
1022 -0.02712153678959859 0.006433905404063906 0
1023 -0.02877760289863173 0.003459754860733991 0
1024 -0.03000194378582197 0.007838456365550877 0
1025 -0.03353126852042621 0.004118587909563026 0
1026 -0.03097350329295545 -0.0001605945573041452 0
1027 -0.02419698081599428 0.001889017418394603 0
1028 -0.02090940759499505 0.003895124843528577 0
1029 -0.02272632322266859 0.00101807131478958 0
1030 -0.02265771279749922 0.0005841724340278244 0
1031 -0.02291734819849382 0.0004157676690204291 0
1032 -0.02269672038310193 0.0003599413367640105 0
1033 -0.01909590180937691 0.03084877395657649 0
1034 0.008809629179274834 0.003834397223308452 0
1035 0.01075704076937372 0.002743132988938925 0
1036 -0.02613564853858906 0.01613810902501022 0
1037 -0.02674652142364249 -0.01326169419814989 0
1038 0.04711067401859035 -0.03003128317909259 0
1039 0.03962947172860291 -0.01922767100260311 0
1040 0.03595232314985293 -0.009929441881904217 0
1041 0.02727089679774369 -0.01249769773376509 0
1042 0.04332647756230867 -0.009827332025377188 0
1043 0.03758179665571846 -0.001309592156449744 0
1044 0.03080656635965122 -0.004650003154208803 0
1045 0.05310945165311477 -0.01881752618935082 0
1046 0.05192729627695991 0.0003251498986405097 0
1047 -0.01970574676526119 0.007675619127616298 0
1048 0.01264910482576339 0.003175022200025361 0
1049 0.01206088114409768 0.001583515413190597 0
1050 0.01067002446369962 0.001072126130252307 0
1051 0.01186466350845216 0.000269250708341128 0
1052 0.0130300166122049 0.0006676524024172842 0
1053 0.01294711752439901 -0.0004032197961894797 0
1054 0.01181867331452226 -0.0008356002941276065 0
1055 0.01265698655795902 -0.001402333761474395 0
1056 0.01169732380004088 -0.001965887511231726 0
1057 0.01264003175414679 -0.002625096261965878 0
1058 0.01156775788913897 -0.00334573798775754 0
1059 0.01281304962996533 -0.004184419812074587 0
1060 0.01127133893164559 -0.004972686444068977 0
1061 0.0127512429613713 -0.006181936738378695 0
1062 0.0147464672764332 -0.005010219265813848 0
1063 0.01488316831694144 -0.007336181413513442 0
1064 0.01655681667175591 -0.00568129322936168 0
1065 0.01243099006920825 -0.008768549800395863 0
1066 0.01528226373026161 -0.01030239538747624 0
1067 0.01230645962203724 -0.01213134792499716 0
1068 0.01343212355915796 -0.001093774769846183 0
1069 0.01674408423913945 -0.004137768445176755 0
1070 0.01811940200885114 -0.004537479032907542 0
1071 0.01818776903602788 -0.003043885911208113 0
1072 0.01946475358207927 -0.003410380771444464 0
1073 0.01944362154386772 -0.002277051029615846 0
1074 0.0205581997036052 -0.00294579205861861 0
1075 0.02045449698754392 -0.002038730149851583 0
1076 0.0195477481172366 -0.001437947766278475 0
1077 0.02122903377134417 -0.002213153993843726 0
1078 0.02125532265123523 -0.00151495283462693 0
1079 0.02149491994994075 -0.003343453021964144 0
1080 0.02183204433997997 -0.001663975989416166 0
1081 0.02185814787637937 -0.001126402923133721 0
1082 0.02125738615995215 -0.0008132556054227233 0
1083 0.02230928151995897 -0.001226039537483162 0
1084 0.02233545583000489 -0.0008112268427113401 0
1085 0.02272068100108674 -0.0008408392237702411 0
1086 0.02284144183585306 -0.001483825493363558 0
1087 0.02267970972048023 -0.0005158346057363703 0
1088 0.02223283879036282 -0.0003943495449326727 0
1089 0.01999929809118598 -0.004925778948115253 0
1090 0.02308030700446377 -0.0006926853980506117 0
1091 0.02298408603080676 -0.0003124130347673408 0
1092 0.0168737119295867 -0.002401903480819402 0
1093 0.007239561258810091 -0.003651629715769722 0
1094 0.006129714739524324 -0.005917732445663802 0
1095 0.01077803828994916 -0.001275113915493633 0
1096 0.0205013521168721 -0.001078537731104003 0
1097 0.01837045899907784 -0.001916491557963385 0
1098 0.0218618592141782 -0.0005492695581319777 0
1099 0.01335224758961941 0.001761455044496383 0
1100 0.01403029203820892 0.0009115034146651729 0
1101 0.009231264930506048 -0.009962327398681853 0
1102 0.008855257945948023 -0.01437392738522453 0
1103 0.01493003941444819 -0.003166040340828098 0
1104 0.0139429881285158 5.212739891362952e-05 0
1105 0.01451664781408303 0.0004236819996094844 0
1106 0.0148564556473329 0.0009199442735178498 0
1107 0.01534838086301521 0.0005581942568821951 0
1108 0.01552195522414018 0.001049616165956507 0
1109 0.01510346626735018 -0.000103398471086681 0
1110 0.01589704275370665 0.0006725564470404735 0
1111 0.01613662520296902 0.001194065143396184 0
1112 0.01654523851122273 0.0007927489879059514 0
1113 0.0156980370577695 0.001866380159925334 0
1114 0.01637132100867094 0.000423136932940921 0
1115 0.01447294334744226 -0.000522514343437682 0
1116 0.01671307219255675 0.001277655925770068 0
1117 0.01710043107816594 0.0008073026519541751 0
1118 0.01675879304572074 0.0004262985154160396 0
1119 0.01738651155309275 0.0005523944012313195 0
1120 0.01722331819949556 0.000121014485402484 0
1121 0.01757395547746361 0.0007717729278050895 0
1122 0.01786041959606069 0.0005616682428069603 0
1123 0.01802675105738269 0.0008739765723787674 0
1124 0.01834362886414837 0.0005962275620981941 0
1125 0.01812761683469736 0.0001687537069536064 0
1126 0.01855510968475509 0.0008591735503715178 0
1127 0.01884569134537923 0.0006060632926701971 0
1128 0.01903496933691919 0.0009413810462808608 0
1129 0.01934356139032988 0.000635738694441481 0
1130 0.01911767634742501 0.0001909982079314489 0
1131 0.01955929024264567 0.0009048927833037064 0
1132 0.01985601020306158 0.0006421309895155605 0
1133 0.02004991427235351 0.0009870463321611672 0
1134 0.02036760974532144 0.0006727249844313958 0
1135 0.02013572574325257 0.0002147217384056604 0
1136 0.02058916434508005 0.0009500562644948568 0
1137 0.02089503825990685 0.0006799839723855751 0
1138 0.02109414390827765 0.001035602035984967 0
1139 0.02142203524461217 0.0007122329902629901 0
1140 0.02165006344442909 0.0009985562768717532 0
1141 0.0212721756379033 0.0002558208091811309 0
1142 0.02196655593005775 0.000720383458927152 0
1143 0.02217180269388305 0.001088634393817087 0
1144 0.02251235964065288 0.0007546094809304504 0
1145 0.02277177372851096 0.001131872763341794 0
1146 0.0223800358075965 0.0003078013095611529 0
1147 0.02313372694159891 0.0007212134028693461 0
1148 0.0235390071155209 0.001223574923029204 0
1149 0.02234431329971425 0.00180382069342854 0
1150 0.01841188860314626 0.001405186307055421 0
1151 0.019391125467861 0.001461465833120587 0
1152 0.01861922746286879 0.0001797153983003666 0
1153 0.01962309279498337 0.0002026627093380725 0
1154 0.02281044203196167 0.0003211706487631008 0
1155 0.0209749624467172 0.0002353785170732474 0
1156 0.02150998152519193 0.001614196245323803 0
1157 0.02192312992641693 0.000302398495927369 0
1158 0.0217882741484943 0.002344651031509519 0
1159 0.02275838751533103 0.002872329689874243 0
1160 0.01765709043820213 0.0002415619308089204 0
1161 0.01438754059574631 0.001714838425586415 0
1162 0.004534655406469783 -0.01149518292973152 0
1163 0.005318573361744474 -0.01703941223214062 0
1164 0.009739776536089016 -0.01974847327246046 0
1165 0.01572086905748119 -0.01410327454025648 0
1166 0.01901362082668434 -0.01137240102918467 0
1167 0.01772637439801765 -0.03274129933912666 0
1168 0.01941994378006145 -0.01634920708216394 0
1169 0.004784712625298824 -0.02285491791946169 0
1170 -0.02338587534779851 0.008154286128872272 0
1171 -0.01349062670656178 0.0007575724501823411 0
1172 -0.01419856676062242 0.0005097974022479184 0
1173 -0.01261417548645001 0.0001627356755794839 0
1174 -0.01368459521448497 -4.320247138917515e-05 0
1175 -0.01424090734561335 -0.0004786064609130027 0
1176 -0.01369556493731452 -0.0009312333322525272 0
1177 -0.01453773495315847 -0.001086813183100178 0
1178 -0.01488933174643389 6.225596481335591e-05 0
1179 -0.01396425121400335 -0.001965338470594751 0
1180 -0.01498346537754007 -0.001905196430165256 0
1181 -0.01554980397330728 -0.001535951337375117 0
1182 -0.01588099469800899 -0.002285718861506947 0
1183 -0.01668528139917339 -0.00176131028669395 0
1184 -0.01684428444961564 -0.002449465787711245 0
1185 -0.01749021910373517 -0.001981104700076948 0
1186 -0.01729070607524055 -0.000966208722747177 0
1187 -0.01620703454544244 -0.0008885951215777325 0
1188 -0.01520221013207115 -0.000654719087875737 0
1189 -0.01270272192411176 -0.00147468860821063 0
1190 0.008990400934209768 -0.003049973257151056 0
1191 0.008861278819166558 -0.005098087408430044 0
1192 -0.03677783810954901 -0.0008247127560102658 0
1193 -0.04662507185758116 -0.003415311793216152 0
1194 -0.01549634901717853 0.001836427079811812 0
1195 -0.01607358804295969 0.001368339139882975 0
1196 -0.01671310409267889 0.001426877452156331 0
1197 -0.01649544366164472 0.0008243747137002343 0
1198 -0.01701881782611321 0.0009516969621967706 0
1199 -0.01688342960059054 0.0005307197127637849 0
1200 -0.01640331764893813 0.000429018346589746 0
1201 -0.01675458670817695 0.0002868600072214644 0
1202 -0.01547990533372301 0.001092892736247141 0
1203 -0.0157400873811613 0.0006369888934598383 0
1204 -0.01725574675931886 0.0006040131309310647 0
1205 -0.01712722974030291 0.0002471865666640308 0
1206 -0.01750965531604268 0.001036052809329337 0
1207 -0.01529000418088561 0.0005976493888346556 0
1208 0.05896990754904622 0.03457912293873835 0
1209 -0.05898059578440623 -0.03458004043558858 0
1210 -0.0008486076319288676 -0.01077242392990924 0
1211 -0.01802060335488227 -0.002832432782952999 0
1212 -0.01842396316672053 -0.001803345091351616 0
1213 -0.02009777477162901 -0.002318606422132051 0
1214 -0.01832130369422087 -0.001215203862638779 0
1215 -0.0215734420977743 0.00520254620451679 0
1216 -0.02190907034068443 -0.0044377180336176 0
1217 -0.02428076317274068 -0.004364439093597709 0
1218 -0.02364985981977462 -0.002339662964632064 0
1219 -0.02561813177689901 -0.002624361666864192 0
1220 -0.0271985333013572 -0.004900221640450322 0
1221 -0.0276384829712725 0.0005819330499847015 0
1222 -0.02175296807743721 -0.002626559906735899 0
1223 -0.0155952719792279 0.0003047944202386017 0
1224 -0.02285240876565752 -0.0184648755194728 0
1225 -0.008237747790263069 -0.01659556185025427 0
1226 -0.01920543913744128 -0.02525705085830541 0
1227 -0.01623061880252287 -0.01653323374301889 0
1228 0.01736013223982285 0.001405976601337221 0
1229 -0.02147440094696415 0.00102896941774438 0
1230 -0.02166412694381702 0.0014646583446359 0
1231 -0.01955768407456821 0.04323199044702599 0
1232 -0.003080402540986029 0.02858579167646108 0
1233 0.008845779981734662 0.03158607510308091 0
1234 -0.01749540887120968 0.0004209598887773606 0
1235 -0.01592898363666131 0.0003763884393494297 0
1236 -0.01763939959281049 0.0006343430541008635 0
1237 -0.03337625639911122 -0.05250569715514936 0
1238 0.0333816444495 0.0525072604475541 0
1239 0.01580015906458505 0.0491976333643625 0
1240 -0.02456684852172251 -0.001500600911873173 0
1241 -0.02361406553727533 -0.001279601630867485 0
1242 -0.02894773997974842 0.01275767014285913 0
1243 -0.01639987771458362 -0.003577646429029629 0
1244 -0.02234525427990111 0.0005132508020342509 0
1245 -0.01300373474117218 -0.003045953747762912 0
1246 -0.01170658015465039 -0.002364252611989482 0
1247 -0.010285405192703 -0.002666322923998779 0
1248 -0.02652716030707257 0.002387189226844493 0
1249 -0.02066675543237506 0.00163595511872356 0
1250 -0.03417863786017575 0.06025151836897116 0
1251 -0.01613651391085843 0.0006018217690799289 0
1252 -0.03472184234096107 0.01192536176758104 0
1253 -0.04189316307434705 0.00654991072605167 0
1254 0.02317529637836568 -0.01334393729659541 0
1255 0.02239064174481238 -0.009496379031487649 0
1256 0.02404878157270663 -0.01922329500526248 0
1257 0.01971176628934348 -0.008414804539342917 0
1258 -0.0095165741068016 0.00832164683541438 0
1259 -0.006497837335412501 0.009653281450611746 0
1260 0.01907263464960367 -0.02289343560074806 0
1261 0.03403702932756929 -0.06049217828898698 0
1262 -0.01628085400022183 -0.0488152401961337 0
1263 0.01565184252740667 0.0003876085677565921 0
1264 0.01878021079686423 0.002156488532178513 0
1265 -0.01509949235058041 0.005265937186354873 0
1266 -0.01830731998515389 0.001742961677513948 0
1267 -0.01773048983168013 0.001587671720337212 0
1268 -0.01220804036464416 -0.0006228546041039797 0
1269 0.01819260080881019 -0.04448368972161684 0
1270 -0.004399404664790159 0.006700009464864145 0
1271 0.01800090538945934 0.002401590838679527 0
1272 -0.01595967680711201 0.006843452182820243 0
1273 -0.01330884075826175 0.02412591203433141 0
1274 -0.02244355265966689 -0.002127894697492958 0
1275 -0.02252735480510812 -0.0009621121021641759 0
1276 0.02211821280521015 -0.002547167854136586 0
1277 0.02258306483368694 -0.003644099923683863 0
1278 0.02169348111459445 -0.004586356160747796 0
1279 0.02307894107690064 -0.005208038408660989 0
1280 0.02429625924434449 -0.003687258857551328 0
1281 0.02521045336851526 -0.00594048298031634 0
1282 0.02137275103984708 -0.00650177963184878 0
1283 0.02698688952570533 -0.004203788593875191 0
1284 0.02559376820416008 -0.002354509560418441 0
1285 0.02808559005458469 -0.002051461960100696 0
1286 0.0242254571328615 -0.002280785076019815 0
1287 0.02466639862728336 -0.001385560361387429 0
1288 0.02589680967054635 -0.0007250754179081558 0
1289 0.02785375155361713 0.0004158681141253244 0
1290 0.02583836569390072 0.001693163932456818 0
1291 0.03136292677084841 -0.0008337482233161617 0
1292 0.03089852827104098 0.003359093199868974 0
1293 0.03751834258197694 0.005567432590425146 0
1294 0.0274021907144869 0.007407904227157079 0
1295 0.02735577776031018 0.0118459349637005 0
1296 0.02328623060254362 0.009438237702025051 0
1297 0.02350060236710413 0.01412142567895847 0
1298 0.02421750470925079 0.005974047129266888 0
1299 0.02822436008757966 -0.007033590120074272 0
1300 0.02770288809877897 0.01747955189943575 0
1301 0.02192615201986755 0.01946745232928331 0
1302 0.01598766710699038 0.01847397034646894 0
1303 0.009813576235414484 0.0216461801990443 0
1304 0.004946182357589608 0.01547738214835712 0
1305 -0.001618845777826015 0.01542014015602448 0
1306 0.02136936446778152 0.006380044933240899 0
1307 -0.02117823001759702 0.001466625831065382 0
1308 -0.01474138929233311 0.0009042536654258502 0
1309 -0.01719025934951921 0.001399691557108981 0
1310 -0.0171056892145904 0.001935621709876972 0
1311 -0.007669748631166345 0.003170247396320135 0
1312 0.04416594818194886 0.06229795716038215 0
1313 -0.04416490351845168 -0.06229744609801871 0
1314 0.01041559672694609 -0.007012956351332964 0
1315 0.02045659506204537 0.001652438777271125 0
1316 -0.01168889601891345 0.001562130618607413 0
1317 -0.01187888656077016 0.0006555166545210569 0
1318 -0.0154100822447847 -0.005184008787303177 0
1319 0.02235038618209649 0.004488551168268034 0
1320 0.02412250977201931 0.003983988214534353 0
1321 0.02438026651852711 0.002382847122920239 0
1322 0.02457369783784 0.001143597858088647 0
1323 0.02395248498757765 0.000693355251219602 0
1324 0.02362188303837089 0.0003829293049214195 0
1325 0.02512985108863603 0.0002587181850657866 0
1326 0.02653755966877917 0.003782070464026688 0
1327 0.02600439220241823 -0.009064588152970659 0
1328 -0.01241104306907037 -0.02277612837299639 0
1329 -0.01102110872355038 -0.03268842167789608 0
1330 0.009404372178565644 0.001887446945686661 0
1331 0.00926045476828866 0.0002173402523335981 0
1332 -0.01195374461086949 -0.01303216110476446 0
1333 0.02380479889819541 -0.0015833953034837 0
1334 0.02407310980371736 -0.0009368322863270334 0
1335 0.0245863240246621 -0.000503734294073807 0
1336 0.02374503909740181 -0.0005520026469364363 0
1337 0.02358225518564737 -0.001023087805044292 0
1338 0.02408228699432891 -0.0005295233518840845 0
1339 -0.02391756970081543 0.002693567432173518 0
1340 0.02351626541175924 0.0006653812056548393 0
1341 -0.01154995836308319 0.002663349630219559 0
1342 -0.007842505742309878 0.01944398176836376 0
1343 -0.01894724463418192 0.001602543290943502 0
1344 -0.02234390399216128 0.001193385675224931 0
1345 0.02243531304235757 -0.00189391399966746 0
1346 0.02320322589742113 -0.002314874860310456 0
1347 -0.0311716389558237 -0.00478911052867156 0
1348 0.02344641362590242 -0.007207805149845097 0
1349 0.05379006337594591 0.01810848047857562 0
1350 0.00423645488132169 -0.007356527895635504 0
1351 -0.02581903235204766 0.0009955229735889839 0
1352 -0.02470985880360266 0.001230417850781747 0
1353 -0.02423249385339049 0.0007587133294815071 0
1354 -0.02492295247005518 0.0002792931171940599 0
1355 -0.02389824728301859 0.0004175480050208761 0
1356 -0.02585594739126503 -0.0007213206421472854 0
1357 -0.02466602724556216 -0.000470660253219643 0
1358 -0.02428642825658294 0.0003082385489834169 0
1359 -0.02379240934475821 0.0002160747012532725 0
1360 -0.02401492236683782 0.0001975473336339204 0
1361 -0.02363401599258741 0.0003618006546629968 0
1362 -0.02336668687225234 0.000115733790741362 0
1363 -0.02297684234830944 0.0003100539390573226 0
1364 0.00927831507027437 -0.001513171325719663 0
1365 -0.004438044525810716 -0.02366047759006784 0
1366 -0.01868109084428616 0.005989090120496471 0
1367 0.01863184221115046 -0.006501323341526343 0
1368 0.01715678929400264 -0.008231445712650958 0
1369 -0.02001511035232933 0.0004589866876736823 0
1370 -0.01983207799678037 0.0001861044274813225 0
1371 -0.01932590991249858 0.0003266387981595207 0
1372 -0.01831364126602119 0.0009427633966791213 0
1373 0.01494593648770968 0.002366878738524471 0
1374 0.01591551598590417 0.002952104379792776 0
1375 0.01396589041679169 0.002591381432126651 0
1376 -0.02205993819670063 0.001666576924961801 0
1377 0.01075478918810056 -0.0001267865840545273 0
1378 -0.01482759302934611 0.001548801297971391 0
1379 0.02340368526108771 -0.0006564479628686871 0
1380 0.0234282130455995 -0.0003996564053003708 0
1381 0.006499702777485902 -0.008567659140694191 0
1382 0.007113015150609133 0.003278836902314731 0
1383 -0.009080842380697115 -0.003614988474980446 0
1384 0.02034185698670318 0.0118355893665161 0
1385 -0.02232061901680267 0.0002103585439410639 0
1386 0.01787063559886738 0.02516572614968497 0
1387 0.02222987647994481 0.03394650140297471 0
1388 0.01741214392911663 0.01005665876363404 0
1389 -0.00894372887365712 0.01114495243992788 0
1390 -0.01800276346950924 0.001227455759813941 0
1391 0.02450666626707459 0.0005063508823705546 0
1392 -0.06195269482782857 0.04302310612214933 0
1393 -0.03636627145800216 -0.007677460809290377 0
1394 0.02315907073002385 -0.0005141168089644346 0
1395 0.007731989645448779 -7.228014483236698e-19 0
1396 -0.02081515613490819 0.02313442340989164 0
1397 0.06184414490659419 -0.04846068613755834 0
1398 -0.02001618930541696 0.003857079171953427 0
1399 0.03198370280768769 -0.01486237727718041 0
1400 -0.01522800494820112 0.0002046321155971221 0
1401 -0.01552670795414844 -3.307404962986831e-05 0
1402 -0.01519094646893839 -0.0002129836039907334 0
1403 -0.01552130486827839 -0.0004257698654700804 0
1404 -0.003151449834094672 0.01075793798962055 0
1405 -0.006294848099561777 0.01345822827081324 0
1406 0.01612295688159688 -0.002888644700463511 0
1407 0.01583725795223975 -0.002024339357574454 0
1408 0.01672009905480937 -0.001391742416743442 0
1409 0.01448523194612447 -0.002207019667699001 0
1410 -0.02785023996209863 -0.008240797899417052 0
1411 -0.03278464908609086 -0.01353008725491977 0
1412 -0.0215021472379441 0.0006722802961543453 0
1413 -0.01475130688131136 -0.0003801843809459562 0
1414 0.001843964085602804 0.02202659184188861 0
1415 -0.02096125281149004 0.0006943658861298217 0
1416 -0.0003566340345559607 -0.01617267293240793 0
1417 0.01526001126489717 -0.01910216556361212 0
1418 0.01224359066005536 -0.02575627644840923 0
1419 -0.02631831537157621 0.02100194100322867 0
1420 -0.02446678394017118 0.003725807036488643 0
1421 -0.01564238444672041 -0.0009243590453843295 0
1422 -0.0158872805746568 -0.0006111104917595683 0
1423 -0.01631258060411354 -0.0004407194141561727 0
1424 -0.01653991211396889 -0.0006990219703839016 0
1425 -0.01667898949807882 -0.0003413758660749442 0
1426 -0.0169695942650646 -0.0006952705620154921 0
1427 -0.007119400136105858 -0.001732344109541496 0
1428 -0.02347731882486019 -0.03371772687453477 0
1429 -0.01478738051500575 -0.003226411205321397 0
1430 -0.0107025770783979 0.006411418167041595 0
1431 0.01284331520714473 0.005021727968002794 0
1432 0.06178781584382412 -0.03412884183867639 0
1433 0.01354766707612561 -0.001926377724213574 0
1434 0.01432162245461491 -0.001183909004455254 0
1435 0.01500663071888402 -0.0008780024445803713 0
1436 0.01525049614055998 -0.001549263029013799 0
1437 0.01563084590314448 -0.0009705089651754034 0
1438 0.01543687623245134 -0.0005372497666757725 0
1439 0.01583130578940343 -0.0005970716642543037 0
1440 0.01612746615317792 -0.0008631837294865533 0
1441 0.01618068111659465 -0.0005449541439058043 0
1442 0.01649122180605119 -0.000716802440500461 0
1443 0.01644049368666487 -0.0004566696088965707 0
1444 0.01677747001518125 -0.0005865326222256647 0
1445 0.01679704839372701 -0.0009116857971697528 0
1446 0.01709404162671219 -0.0007066309738961829 0
1447 0.01720522534320496 -0.0004589870210240256 0
1448 0.01745072972580046 -0.0006256459307761048 0
1449 0.01746886672223315 -0.0009392344865894178 0
1450 0.01776955340899228 -0.0007041864235895373 0
1451 0.01768247845237875 -0.0004113367832042452 0
1452 0.01810469002689389 -0.0005593365709823839 0
1453 0.01810533185574211 -0.0008250871897704581 0
1454 0.01840065433986752 -0.0006548945260580614 0
1455 0.01845370939976241 -0.0009376764154468495 0
1456 0.01871635798556411 -0.0006696478859766033 0
1457 0.01861572388111957 -0.000318261904164337 0
1458 0.01890443412532634 -0.0005299557362887527 0
1459 0.01903764000794282 -0.0007389667530842266 0
1460 0.01924077752248799 -0.0004381141622163913 0
1461 0.01937098269026414 -0.0007498595110803974 0
1462 0.01963144991801935 -0.0004970142129460115 0
1463 0.01974719339653606 -0.0008166879649635101 0
1464 0.02000824462114481 -0.000560102578448045 0
1465 0.01696531792513684 -0.0003342801231357721 0
1466 0.01882871450213245 -0.00104581509196799 0
1467 0.02018170862124959 -0.0008524772880654659 0
1468 0.02032188857668026 -0.0005721436481822118 0
1469 0.02071642351837681 -0.0007667232927450252 0
1470 0.01811307969849184 -0.00129215814976691 0
1471 0.02007265204845886 -0.001316185117042626 0
1472 0.01713276516048456 -0.001157480818106588 0
1473 0.01755120309786936 -0.001385719397840863 0
1474 0.01524984900894899 -0.002332637441997168 0
1475 0.01608843592917137 -0.001390272748643928 0
1476 0.01375000618475051 -0.003046132879840736 0
1477 0.01645302181524289 -0.001055538581864261 0
1478 0.01566243753330367 -0.0003802608223724927 0
1479 0.01563565622049529 -0.0001098149092069035 0
1480 0.02 -0.0001 0
1481 0.01780160695666575 -0.001029277129511437 0
1482 -0.02587177757335576 0.009096107350999128 0
1483 0.03225883892424963 0.01418782072814938 0
1484 0.01566304457700475 0.0001111989917251836 0
1485 0.01599524945626002 0.0002976804623678523 0
1486 0.01644371093824501 0.0002536260792254594 0
1487 0.03030517000095763 -0.009833126007254405 0
1488 -0.02165169620715663 0.007201241322078382 0
1489 -0.02025255018097047 0.005984856716970794 0
1490 0.01043829904088192 -0.002516029900350738 0
1491 0.02066448528030738 -0.003900726080184442 0
1492 -0.02807603961492881 -0.0021022793309088 0
1493 -0.01845471431457382 -0.01181566971501147 0
1494 0.0192216915646702 -0.001087084686769569 0
1495 0.01900027701624268 -0.001590550372630256 0
1496 0.01856237605026093 -0.001401746018331605 0
1497 0.02745717504959745 -0.0162713825586095 0
1498 -0.02312052049469043 0.0004865654940368314 0
1499 0.01563815591511267 -0.004078639273934295 0
1500 -0.01782157389436207 0.007084351532523465 0
1501 0.01539574953492645 0.0001039777782360936 0
1502 -0.02821329117783264 -0.01825216713116041 0
1503 -0.0168734916218865 -0.00096739501291821 0
1504 -0.01729954753517385 -0.0006822714054483072 0
1505 -0.01770464684091784 -0.0009092033940538707 0
1506 -0.01760101707420843 -0.0006403984869140769 0
1507 -0.01807668780048864 -0.0008124906124562791 0
1508 -0.0179910492820526 -0.0005597755136213752 0
1509 -0.01846422812878551 -0.0007782033327193863 0
1510 -0.01840518563403512 -0.0005007642584431067 0
1511 -0.01880466347048627 -0.0007387781849669657 0
1512 -0.01851263154564698 -0.0004444627287330651 0
1513 -0.01919904880699796 -0.0007072939870985359 0
1514 -0.01906237696403004 -0.0004182229307103814 0
1515 -0.01952206940671889 -0.0006786884477197702 0
1516 -0.01947733949031269 -0.000385017068604328 0
1517 -0.01984171574515791 -0.0006495833640600857 0
1518 -0.01979318431409705 -0.0003613019539539689 0
1519 -0.0201607408160033 -0.000616868806778722 0
1520 -0.02009459844134626 -0.000337731524384204 0
1521 -0.02046992444578965 -0.0005841156876984596 0
1522 -0.02064790798453378 -0.000290066279539435 0
1523 -0.0208292431463604 -0.0005991497257502689 0
1524 -0.02068807580842815 -0.000928644236063108 0
1525 -0.02109577376592047 -0.0008358074573973998 0
1526 -0.02113068689134 -0.0005613794178676477 0
1527 -0.02005578362331023 -0.0009943613546123848 0
1528 -0.01937965011541043 -0.001117032466411523 0
1529 -0.02146640370222604 -0.0007492476324908976 0
1530 -0.02140173165722805 -0.0005042138727851597 0
1531 -0.02100074805010415 -0.001361395386910103 0
1532 -0.02179735594516352 -0.0006635439637112534 0
1533 -0.02231605199026561 -0.0004046361651526827 0
1534 -0.02176096761470911 -0.001021762252279975 0
1535 -0.02224760957011563 -0.0006315178153135602 0
1536 -0.01980701676954254 -0.00145774566792093 0
1537 -0.02042384460346841 -0.001438102958443895 0
1538 -0.02091442493028755 -0.00210321560581317 0
1539 -0.02077116277976221 -0.003247296191167346 0
1540 -0.02163320264597748 -0.001674278836178381 0
1541 -0.01917609239245579 -0.001618619117107903 0
1542 -0.01882413568215391 -0.001139782291756387 0
1543 -0.01657858929501357 -0.001120220313010085 0
1544 -0.02018858071554282 -0.004374736531892085 0
1545 -0.01946541051422565 0.0005244472492381931 0
1546 0.01957550218398265 0.002360877873129017 0
1547 0.01501975281661467 -0.0004216895528030088 0
1548 0.01647906770185337 0.001887703858780294 0
1549 -0.02215228629445604 -0.0008943827226963767 0
1550 -0.02263349248417068 -0.0006317007847012558 0
1551 -0.02223117507338488 -0.001348608610792529 0
1552 -0.01401234337131447 0.01672461983145266 0
1553 0.02315827161249976 -0.001015906376279121 0
1554 0.019471126966883 0.01560979019828561 0
1555 -0.01298101958540108 -0.0005818486680753657 0
1556 0.02391639463202224 -0.0003837327441722016 0
1557 0.0236600158085178 -0.0003363735409875601 0
1558 -0.0392375648653553 0.02057105543276648 0
1559 -0.007558699157444693 -0.003311589369540952 0
1560 0.01949813182821502 -0.001048944700932722 0
1561 0.0229965716499021 0.001886597255873547 0
1562 -0.02244817957234685 0.0008462623095151256 0
1563 -0.02181230894137682 0.004003941416455556 0
1564 -0.01854730610934602 -0.004241357952290501 0
1565 0.01237647488529053 -0.01589183773731015 0
1566 -0.02139141915578745 -0.001128498313051351 0
1567 -0.02442713240200894 -1.662571740843327e-05 0
1568 -0.02 -0.0001 0
1569 -0.02404609586813498 -0.0007746886958334811 0
1570 -0.02371170578213791 -0.0003895866559092069 0
1571 -0.023559084875293 -0.0007856677658384626 0
1572 -0.02304263760347754 -0.0006195023671651704 0
1573 -0.05847621373921958 0.006348993498897597 0
1574 -0.019721247132028 -0.0009794822601449386 0
1575 -0.02280568808029903 0.01825977533889126 0
1576 -0.02048451591043301 0.004882675846267902 0
1577 -0.01661269490031574 -0.007145251026454667 0
1578 -0.01569342836101419 -0.0002168958463778535 0
1579 0.01717881960964713 0.0004323854497126664 0
1580 0.01741414296219297 0.0003507198493305252 0
1581 0.01762943633359032 0.0004558331066024629 0
1582 0.0178787650503724 0.0003715461971233312 0
1583 -0.02036865959354487 -0.0008962957094339939 0
1584 0.0146805857438338 -4.815527769871528e-05 0
1585 -0.01775668548493002 -0.001294810724758309 0
1586 -0.01928620983852492 -0.002321510312657621 0
1587 0.01800196501331028 0.003720447400008941 0
1588 0.01536008166856189 -0.0002354721316082655 0
1589 -0.02114641309196087 0.0009954145085863861 0
1590 -0.02503240959099842 0.002484963332700491 0
1591 -0.01618852001536605 0.0003310453086624544 0
1592 -0.01635644676967301 0.0002302148037178634 0
1593 -0.01611418282456756 0.0001937577180632794 0
1594 0.01995408931373926 0.003366693740509472 0
1595 0.02124971864729962 0.003216113696023428 0
1596 -0.006710899634060532 0.05722041976017701 0
1597 -0.02290981013012172 -0.001490633411695576 0
1598 -0.02304774090590773 -0.0009615363437386875 0
1599 0.024710306780835 -0.0111006505537047 0
1600 0.02631907874385372 0.0004395953040189516 0
1601 0.01992036689848205 -0.001868738989495359 0
1602 0.02010670744490189 -0.002437392379375484 0
1603 0.01536862928361265 0.00479408523704818 0
1604 -0.02272049825004795 -0.003258294489505398 0
1605 0.005446545613750996 -0.03231930260587677 0
1606 -0.01479900126168818 0.0003947247703849101 0
1607 -0.0157813821135524 0.0001963716838676891 0
1608 0.02331362179227836 0.0004392106765781116 0
1609 0.02322585115968335 0.0001151638951466485 0
1610 0.02305891036513677 0.0004351189892662193 0
1611 0.02109287336820569 0.002371073981884607 0
1612 0.006097745031598919 -0.05797352395854942 0
1613 0.01508198500253971 0.001583531552702115 0
1614 0.01706641242382659 -0.001715181582411408 0
1615 0.01764113672169511 -0.002067272485882136 0
1616 0.02960359579315236 -0.02646278046141811 0
1617 0.01729167632156111 -0.003212228897559965 0
1618 -0.01705214099047056 -0.001362031752934491 0
1619 -0.01617736522033919 0.0050548217266727 0
1620 0.01877320319645242 -0.002495278806918587 0
1621 0.02145532540216511 -0.001155185741006682 0
1622 0.02099076197453891 -0.001067302217971551 0
1623 0.02108334996816326 -0.0004868161690010284 0
1624 0.0207506032583322 -0.001538143674073403 0
1625 0.02159796510745252 -0.0007612982434493977 0
1626 0.02148461518351489 -0.0004797271330610216 0
1627 0.0212889298694387 -0.0006091488070700049 0
1628 0.02101422835172587 -0.0006819992806849478 0
1629 0.02071842949267359 -0.0003269718568328706 0
1630 0.02081444540507022 -0.0005543976280728621 0
1631 0.02060570415202889 -0.0006019943589555798 0
1632 0.02045733376734355 -0.000789735368944929 0
1633 0.02201525619557755 -0.0008336161729196866 0
1634 0.02218073141675787 -0.0006293500442549738 0
1635 0.02243798726657491 -0.0006154537809377117 0
1636 0.02331799868592335 -0.001484217967696225 0
1637 -0.01155470577465025 -0.0001153888782244938 0
1638 -0.01615192128349894 -0.001386446397699912 0
1639 0.01382335900282599 -0.0006302581030029939 0
1640 0.008324924101123975 0.01230736952253064 0
1641 -0.05539698911118164 -0.01451163826286738 0
1642 -0.0099101700752471 0.03254168369402403 0
1643 -0.0140260256880121 0.0009166639185261343 0
1644 -0.02163890077802793 0.001920419067072314 0
1645 0.008227511598725784 -0.007311752548960571 0
1646 0.01623326996930614 0.0006260899724198673 0
1647 -0.01515729785462982 -0.001209915467965745 0
1648 -0.01058645534756522 -0.0002998246224840608 0
1649 -0.03001636970022669 0.02553023009631231 0
1650 -0.01655011069109178 0.0002726311192190047 0
1651 -0.01683847703478098 8.645672635627996e-05 0
1652 -0.0166342157293763 0.0004458109472945222 0
1653 -0.02382603640069264 0.0001323389564071387 0
1654 0.01560892390300184 0.0006536973640540156 0
1655 0.0181014191114448 0.0004733481968481168 0
1656 0.0183605101623462 0.0003724938322329596 0
1657 -0.01712904783154292 0.002552226001573563 0
1658 0.01498354764509026 0.0003090407599100377 0
1659 0.01859841173728003 0.0004823280694809999 0
1660 0.01885796266798669 0.0003836967059625382 0
1661 0.02280478859553705 0.0006236179772192859 0
1662 0.02255251850136911 0.0005134753997050189 0
1663 0.01909467050534431 0.0005085022703949139 0
1664 0.01935858314610365 0.0004025495094892107 0
1665 -0.01580149648458248 -0.0003694009920884046 0
1666 -0.01600150543451825 -0.0004517242065626494 0
1667 -0.0161635241436603 -0.000627616719543236 0
1668 0.01960294136616124 0.0005157319472026107 0
1669 0.01986879991788541 0.000413218282786802 0
1670 -0.02239018578846261 -0.0007799283562188423 0
1671 0.02225496643109746 0.0005601775820511044 0
1672 0.02204682154956019 0.0004865859797703073 0
1673 0.02011191065048634 0.0005416655933716204 0
1674 0.02044724383456653 0.0004343771290157075 0
1675 0.01645147902853844 -0.001968680714442691 0
1676 0.02064601058705508 0.0005073948117966134 0
1677 0.02099234329372533 0.0004406200598906635 0
1678 0.02172164786405378 0.0005613696255813011 0
1679 0.02150250364200608 0.0004712688219939083 0
1680 0.0211735295370442 0.0005245221890167505 0
1681 0.01022581512300856 -0.003796502999551671 0
1682 -0.0255147009349345 -0.0067879257176106 0
1683 -0.01041762196089502 -0.004493745219731277 0
1684 -0.007996527257936471 0.004595534541870084 0
1685 -0.0233119651344338 0.0006556984515448319 0
1686 -0.03492613634984439 -0.0249199558602393 0
1687 0.03475775492953171 0.02545785949344856 0
1688 0.0192738351763822 0.004131685018801415 0
1689 -0.01600593636585409 0.0009164224640512932 0
1690 -0.01227181912093449 -0.004848110484430374 0
1691 -0.01779530818425896 0.0009261754818588421 0
1692 -0.02380174433351964 0.00991462946539334 0
1693 -0.01416533582317981 0.001758965595331153 0
1694 0.02290843132755317 -0.0005333595858259195 0
1695 0.009990174010152317 -0.0006869004567259211 0
1696 -0.01443283508930014 3.335821775421306e-05 0
1697 -0.01962975682748701 0.0007174664169083855 0
1698 0.01701051372755881 -0.0005216076850704113 0
1699 0.06519616448628734 -0.06591444576917627 0
1700 0.06115463692533613 -0.07129014614522815 0
1701 0.06725150682917196 -0.0705756855345067 0
1702 0.07018348202592674 -0.06873112406473864 0
1703 0.07048334785902334 -0.06272674010367106 0
1704 0.07278708842046192 -0.07278708842046192 0
1705 -0.0727870884204619 -0.0727870884204619 0.0002
1706 -0.06591444576917625 -0.06519616448628734 0.0002
1707 -0.07129014614522815 -0.06115463692533613 0.0002
1708 -0.07057568553450669 -0.06725150682917196 0.0002
1709 -0.06873112406473861 -0.07018348202592672 0.0002
1710 -0.06272674010367101 -0.07048334785902333 0.0002
1711 -0.005354735871683078 0.0009558253287148768 0.0002
1712 0.005337691299819359 0.0011599865156168 0.0002
1713 0.05500000000000001 0.05499999999999999 0.0002
1714 -0.05487413029195705 0.05477476661660774 0.0002
1715 -0.05500000000000001 -0.05500000000000001 0.0002
1716 0.05343459702727867 -0.05602606180272235 0.0002
1717 -0.001121243110234497 -0.005378734186555834 0.0002
1718 0.001036418884285765 0.005378210444570407 0.0002
1719 0.005403021817310973 -0.00113298727635639 0.0002
1720 0.004941127257201864 0.002564032445692877 0.0002
1721 0.006429442016594275 0.002073956509359832 0.0002
1722 0.006746140079355101 0.0007820041727848943 0.0002
1723 0.007720579479952953 0.001609035130404723 0.0002
1724 0.007519149166369112 0.002910963589598568 0.0002
1725 0.008009837026871873 0.0003927532694284337 0.0002
1726 0.008857165111430223 0.001144022508999438 0.0002
1727 0.009116226130120638 0.0001030412958962586 0.0002
1728 0.009854529586301522 0.0007495823494102775 0.0002
1729 0.01007652848097731 -0.0001912582716589208 0.0002
1730 0.01073641794921674 0.0004337642375136595 0.0002
1731 0.01089740871418349 -0.0004063000651019693 0.0002
1732 0.01056867126359823 0.001325088677686746 0.0002
1733 0.01137945642563991 0.0009596129105551619 0.0002
1734 0.009395091318329753 -0.0008418336076363443 0.0002
1735 -0.005669865895738916 -0.0004091074599414118 0.0002
1736 -0.006617217007592597 0.0005707313696918386 0.0002
1737 -0.006861323822449768 -0.0007247120754814456 0.0002
1738 -0.006468848236798329 0.001854621436959968 0.0002
1739 -0.007660148020102509 0.00137192145449652 0.0002
1740 -0.007610098663574341 0.002586224787603109 0.0002
1741 -0.004575377459400535 -0.0029581774292729 0.0002
1742 -0.006075114473809829 0.003122735244044172 0.0002
1743 -0.00742545454040176 0.004142995935670422 0.0002
1744 -0.009007394182368268 0.003253138661674383 0.0002
1745 -0.009081616363312521 0.004966292064202692 0.0002
1746 -0.007176368850121176 0.006109234382707242 0.0002
1747 -0.009418740702837372 0.007202641074601578 0.0002
1748 -0.01047458480620329 0.00397294374034518 0.0002
1749 -0.01037396632399595 0.002464250814506711 0.0002
1750 -0.01162453408434068 0.00309257303198677 0.0002
1751 -0.01160827029531076 0.001884256180736467 0.0002
1752 -0.01271505597206675 0.002314692468316911 0.0002
1753 -0.01282509182988031 0.003507082886343915 0.0002
1754 -0.01245627407162249 0.001302186573386656 0.0002
1755 -0.01168456223984072 0.0008931952388766354 0.0002
1756 -0.01241087610905059 0.0004555764787657453 0.0002
1757 -0.01172134682666474 7.73932214298066e-05 0.0002
1758 -0.01247137768541906 -0.0002990223238698644 0.0002
1759 -0.01172908652827243 -0.0006754683310942821 0.0002
1760 -0.01234869525539715 -0.001011769077749994 0.0002
1761 -0.01173015333825616 -0.001388485775906817 0.0002
1762 -0.01241674565164432 -0.001805148268257894 0.0002
1763 -0.01153339310793561 -0.002329214799242149 0.0002
1764 -0.01255962660113589 -0.00286877389580065 0.0002
1765 -0.0113664152664281 -0.003527505447821596 0.0002
1766 -0.01270272240410871 -0.00419517875587979 0.0002
1767 -0.01130255933204314 -0.004715733474993353 0.0002
1768 -0.01234495943113062 -0.006060757507007943 0.0002
1769 -0.01283651001441602 -0.0007372160957027232 0.0002
1770 -0.01311706868224451 0.0007988091357056603 0.0002
1771 -0.01372081986756437 0.002901977900504392 0.0002
1772 -0.0139926449691098 0.004060984344319507 0.0002
1773 -0.01496448836417715 0.003116591025726193 0.0002
1774 -0.01525476221426915 0.004588742780701727 0.0002
1775 -0.01627113054176194 0.003638993663134951 0.0002
1776 -0.01663074795932263 0.005113799232417287 0.0002
1777 -0.01374134272127797 -0.00327671184978749 0.0002
1778 -0.0111678639714515 -0.0003118439315064278 0.0002
1779 -0.009888934228724153 -0.004034116531793583 0.0002
1780 -0.01592916842295806 0.002370387687836197 0.0002
1781 -0.01706678387382508 0.002547715214812551 0.0002
1782 -0.0169811168298314 0.001716450651891838 0.0002
1783 -0.01796116403069222 0.002065331267925373 0.0002
1784 -0.01763894027174053 0.001237780761948952 0.0002
1785 -0.01855792853054287 0.001629696790879313 0.0002
1786 -0.01823539988271297 0.0008982602000754398 0.0002
1787 -0.01865187794209439 0.002310350686247841 0.0002
1788 -0.01920601972449006 0.001702023209055881 0.0002
1789 -0.0193928216701536 0.002480406695656426 0.0002
1790 -0.01991388952182759 0.001913710883557663 0.0002
1791 -0.02021632180039114 0.002714642610869345 0.0002
1792 -0.01768885039851471 0.000683913164308387 0.0002
1793 -0.01973717057058354 0.001173508661167659 0.0002
1794 -0.02032806866718079 0.001373245092603826 0.0002
1795 -0.02018939425801715 0.0007467648334120862 0.0002
1796 -0.02064959209266801 0.0009100755434113885 0.0002
1797 -0.02049217856845076 0.0004699144989016635 0.0002
1798 -0.02006826430316296 0.0003874954931333574 0.0002
1799 -0.02033155536960046 0.0001348297088375552 0.0002
1800 -0.02088037885448347 0.001399294821024893 0.0002
1801 -0.02118198861630256 0.0009446413456175115 0.0002
1802 -0.02140902679612819 0.001430304331445773 0.0002
1803 -0.02172052537893189 0.0009770321739705182 0.0002
1804 -0.02195132813302648 0.001490045031178468 0.0002
1805 -0.0223139659759556 0.00101748447479508 0.0002
1806 -0.02250090918285504 0.001534607487764263 0.0002
1807 -0.02207596808673025 0.000611151809748828 0.0002
1808 -0.02247195972134211 0.0005844800365706384 0.0002
1809 -0.02233600620970391 0.000311266391946628 0.0002
1810 -0.02201201744777328 0.0002771767042229093 0.0002
1811 -0.01958103100577045 0.003410462691922841 0.0002
1812 -0.01406829383405706 0.005492488645491139 0.0002
1813 -0.0160742428068992 0.001644902061561513 0.0002
1814 -0.02163930028174801 0.002056299361363189 0.0002
1815 -0.002957907473186772 0.004441457950043435 0.0002
1816 -0.01087231998151266 -0.001774739877005152 0.0002
1817 -0.06102593397889375 -0.04921787727736125 0.0002
1818 -0.05128263937211602 -0.04455986230763877 0.0002
1819 0.04879153945079998 -0.06154699172800541 0.0002
1820 0.04380481630250652 -0.05121471580113184 0.0002
1821 -0.04911836479534188 0.06123021111720157 0.0002
1822 -0.04380311366058302 0.05121287715498486 0.0002
1823 0.06102819513570439 0.04921595496203036 0.0002
1824 0.05128562954522199 0.04455574994597231 0.0002
1825 0.0005969916414171137 -0.04110254397268742 0.0002
1826 -0.001041277029936106 0.005288656405630092 0.0002
1827 -0.0002000292303523902 0.007349736166118284 0.0002
1828 -0.007248304048882712 0.008633168340717558 0.0002
1829 -0.009845881251245069 0.00993663829787199 0.0002
1830 -0.01497839731036682 0.002009694388364084 0.0002
1831 -0.001108536646728461 0.04162916442204826 0.0002
1832 -0.002999418936819105 -0.00447725777577296 0.0002
1833 -0.003017546592317127 -0.006574423049541568 0.0002
1834 -0.0004511997475395688 -0.007835912342881148 0.0002
1835 0.003016942862422486 -0.004824314096271391 0.0002
1836 -0.004856681205579069 -0.005139341168424356 0.0002
1837 -0.005256577315936028 -0.007547910494994591 0.0002
1838 -0.006339701438021735 -0.003640167319348546 0.0002
1839 -0.009722528503870901 -0.005917339422158278 0.0002
1840 0.005014051785735941 -0.002574873529831701 0.0002
1841 0.006571821435830678 -0.00212961217342595 0.0002
1842 0.006093157142278785 -0.003763356690111782 0.0002
1843 0.007730665216155441 -0.003209576000596815 0.0002
1844 0.00747779415016109 -0.005069930116754089 0.0002
1845 0.002840067881732539 0.004926225376067754 0.0002
1846 -0.01693987221388972 0.001000438351068012 0.0002
1847 -0.02172691693127042 0.0005306583834092966 0.0002
1848 -0.02172066717208543 0.0002135504369575232 0.0002
1849 -0.02144389611722622 0.0004218530468385706 0.0002
1850 -0.02148420627260362 0.0001434297253621528 0.0002
1851 -0.02115588951596835 0.0003254282653958698 0.0002
1852 -0.01386569597434825 0.001612040612387187 0.0002
1853 -0.01978289312804682 0.00063960128269261 0.0002
1854 -0.0198148046563367 0.0003587417384262842 0.0002
1855 -0.01948833555633389 0.0004948027109837414 0.0002
1856 -0.01934561259274815 0.000182906520037709 0.0002
1857 -0.01916513664508805 0.0004127008953827353 0.0002
1858 -0.0192092895605308 0.0007008920232330969 0.0002
1859 -0.0188917084770238 0.0005278534787379423 0.0002
1860 -0.01887244067580371 0.0003302206968589822 0.0002
1861 -0.01860005154451411 0.0004451193844732604 0.0002
1862 0.04561468038297935 0.05128435565828802 0.0002
1863 0.04019787136766335 0.04220005516098774 0.0002
1864 0.04717115196795276 0.03390069584931611 0.0002
1865 0.03571550963201537 0.03179520048012785 0.0002
1866 0.04328267484561217 0.02163994283710547 0.0002
1867 0.03330816638830399 0.01965882101981297 0.0002
1868 0.01128051902229652 0.001832491695861006 0.0002
1869 0.03819733625102868 0.01082432143147241 0.0002
1870 0.02732904490401493 0.02671583757255212 0.0002
1871 0.02878609117369281 0.03922970413566783 0.0002
1872 0.03155132515414572 0.01007076804821598 0.0002
1873 -0.04561683857558803 -0.05128157483809137 0.0002
1874 -0.04020271912436589 -0.04226890430549522 0.0002
1875 -0.04432638277582699 -0.03296572728442615 0.0002
1876 -0.03349755726964486 -0.03254277531085976 0.0002
1877 -0.04548079497493497 -0.02143125180348763 0.0002
1878 -0.03112549639230065 -0.01870821587008818 0.0002
1879 -0.04022404863634653 -0.01091328597534477 0.0002
1880 -0.03114548901204961 -0.008710870396435658 0.0002
1881 -0.02700250149111845 -0.02545467685646922 0.0002
1882 -0.02469544143150567 -0.01839401739334789 0.0002
1883 -0.02935450409305438 -0.04251971715312458 0.0002
1884 -0.01842364368197834 -0.02345042429658514 0.0002
1885 -0.01409220245495086 -0.01649418039098438 0.0002
1886 -0.02004111375492061 -0.01107175430985786 0.0002
1887 -0.009182673239292194 -0.02294873513738613 0.0002
1888 -0.01891500206635554 0.0009028668746543407 0.0002
1889 -0.05059806553930002 0.0444216168446541 0.0002
1890 -0.04078584874584049 0.03723371860124985 0.0002
1891 -0.03138575002285285 0.0473232183401045 0.0002
1892 -0.02895309240277688 0.03374412243486776 0.0002
1893 -0.03567479040405726 0.02709366923733867 0.0002
1894 -0.02572179634259602 0.025379822313239 0.0002
1895 -0.03342769025187275 0.02016636234522606 0.0002
1896 -0.05253786231539781 0.0296645505366349 0.0002
1897 -0.04635519461534874 0.01740857822670553 0.0002
1898 -0.02020168634441852 0.02921951887827488 0.0002
1899 -0.015847435408802 0.02286469386443358 0.0002
1900 -0.02301825139113931 0.01763443269316673 0.0002
1901 0.007963105680965022 -0.001776770072809766 0.0002
1902 0.009160542693109239 -0.002616862858645768 0.0002
1903 -0.01074971546570381 0.001275269737943849 0.0002
1904 -0.009698619794329143 0.001491877138728667 0.0002
1905 -0.01002201980492833 0.0005437625286415549 0.0002
1906 -0.008762929509584816 0.0007408735312921534 0.0002
1907 -0.009297361500696332 -0.0002669924820350242 0.0002
1908 0.05445501459073529 -0.0451082320325601 0.0002
1909 0.03938076807587915 -0.03917280183241155 0.0002
1910 0.03209129090838091 -0.04716410432124406 0.0002
1911 0.02758514432914114 -0.03535195840091787 0.0002
1912 0.03540115215441707 -0.0294875163750718 0.0002
1913 0.02447391965392847 -0.02592416343083952 0.0002
1914 0.02989217008685081 -0.01961788497326889 0.0002
1915 -0.01304158808735351 9.69269933589766e-05 0.0002
1916 -0.01351355531655704 -0.0003638917268164158 0.0002
1917 -0.01358116565639498 0.0004331043512873237 0.0002
1918 -0.01406805832390322 -6.463503732047183e-05 0.0002
1919 -0.004806635534878825 0.007635851890337446 0.0002
1920 -0.00479897310478178 0.009963543739958759 0.0002
1921 -0.008320712996957153 -9.375493099879498e-05 0.0002
1922 -0.008630338474352336 -0.001196798666787862 0.0002
1923 -0.02284525305546622 0.001158258017318556 0.0002
1924 -0.0230480204744026 0.001584385244789644 0.0002
1925 -0.02294351994245843 0.0006370188140105642 0.0002
1926 -0.02268273550145297 0.002163301160776462 0.0002
1927 -0.02345486150415356 0.0022239073353908 0.0002
1928 -0.02055266925141959 0.003642673174464672 0.0002
1929 -0.01982886167190909 0.00451520362750763 0.0002
1930 -0.02113676928519619 0.004433028689035016 0.0002
1931 -0.02330990711318641 0.001154061465888556 0.0002
1932 -0.01864231826037297 0.004041691382233232 0.0002
1933 -0.01891711080553308 0.005518255180698334 0.0002
1934 -0.02270479105504654 0.000335084598503906 0.0002
1935 -0.005930123961192602 -0.01547688770056098 0.0002
1936 -0.0008899680132958533 -0.02209716859470764 0.0002
1937 -0.01212536328324976 0.00810505585257704 0.0002
1938 -0.01266629633041139 0.01072583418503372 0.0002
1939 -0.01062928149969272 0.01392665769506134 0.0002
1940 -0.01552135540552355 0.008987010505989422 0.0002
1941 -0.01586105100604805 0.01273716168035449 0.0002
1942 -0.01891524512139856 0.01007293648511664 0.0002
1943 0.04523803343867951 -0.02969111279191147 0.0002
1944 -0.005973301808349528 -0.001909203382021156 0.0002
1945 0.006994710497758651 -0.0006440891742327682 0.0002
1946 -0.01694039792627916 0.03991978624121374 0.0002
1947 0.01152029033733225 0.0001489595400453813 0.0002
1948 0.01169603517105387 -0.0006022766716357385 0.0002
1949 0.01211429925462153 0.0006467046027943522 0.0002
1950 0.01107533642232148 -0.00107846190635458 0.0002
1951 0.01182729420373383 -0.001380894281053238 0.0002
1952 0.01248070053974011 -0.0007814261139860877 0.0002
1953 0.01275274005428952 -0.001583546872215088 0.0002
1954 0.01196181310580211 -0.002325833443841047 0.0002
1955 0.01328693076755633 -0.002500727291556027 0.0002
1956 0.01234958949758554 -0.003510293427084733 0.0002
1957 0.01370920288768069 -0.003785412529634188 0.0002
1958 0.01325806861639354 -0.0009244389285988975 0.0002
1959 0.01443472731416532 -0.002702502028751881 0.0002
1960 0.01510964728360546 -0.003790088486640645 0.0002
1961 0.01419190605283054 -0.00512235497521541 0.0002
1962 0.01612955874382996 -0.002972998675545487 0.0002
1963 0.01657251366371762 -0.004190917599859812 0.0002
1964 0.01719232916857263 -0.00293410677445853 0.0002
1965 0.01800489638307776 -0.00418945267085147 0.0002
1966 0.0192471364057571 -0.003101656948170739 0.0002
1967 0.01958242287850654 -0.004601906471488192 0.0002
1968 0.01857499139438751 -0.006022528200641173 0.0002
1969 0.01825379112595875 -0.001809614444827536 0.0002
1970 0.01958422438917788 -0.002206411198531503 0.0002
1971 0.01913453883768714 -0.001342616558244454 0.0002
1972 0.01548856899815479 -0.001619634086200128 0.0002
1973 0.01302266435434507 -0.000263124074386135 0.0002
1974 0.01366201901628335 -0.0003817329267682983 0.0002
1975 0.01346581946502948 0.0001781811110437674 0.0002
1976 0.01397744371058542 5.992486034012919e-05 0.0002
1977 0.01379603981384333 0.0005597198275338545 0.0002
1978 0.01425267481379457 0.000444093056271371 0.0002
1979 0.01415714217780538 0.0008829640537458375 0.0002
1980 0.01417318797669142 -0.0004621768970423268 0.0002
1981 0.01465092027279329 0.0007904901101363048 0.0002
1982 0.01436531538002501 0.001468469453167031 0.0002
1983 0.01363182280029768 0.001074137755347701 0.0002
1984 0.01491335024102757 0.0003674511912743726 0.0002
1985 0.01518981705118613 0.0007548999697989859 0.0002
1986 0.01707660719611367 -0.001936288914248862 0.0002
1987 0.01532126408367158 0.0003089668512289744 0.0002
1988 0.0156050205461401 0.0006476142384155082 0.0002
1989 0.01505682164265584 1.700400770560587e-05 0.0002
1990 0.01469649326720922 1.348893267485077e-05 0.0002
1991 0.01492008583078938 -0.0002889562940686303 0.0002
1992 0.0152618151484651 -0.0002974756549147757 0.0002
1993 0.01498925033498939 -0.0006204114713259068 0.0002
1994 0.01543645175040274 -0.0006735230450492465 0.0002
1995 0.02056293015392942 -0.003620749662326971 0.0002
1996 0.02108132175949231 -0.004858263582591095 0.0002
1997 0.02077726037355363 -0.002153041807034595 0.0002
1998 0.02200639089166722 -0.003580052744793753 0.0002
1999 0.02257414064531411 -0.005042589273282769 0.0002
2000 0.02334178045810786 -0.003850405694128657 0.0002
2001 0.02408548526360711 -0.005234233567296465 0.0002
2002 0.02309051246540536 -0.006699591812455862 0.0002
2003 0.02488276652243269 -0.006580983161160328 0.0002
2004 0.02584266987085477 -0.004583897424806473 0.0002
2005 0.02380088294839209 -0.008608443706118938 0.0002
2006 0.02701737250043227 -0.007722041822762815 0.0002
2007 0.02909901373765627 -0.004569163646040016 0.0002
2008 0.03154516709310623 -0.008357583735690384 0.0002
2009 0.02299914344265383 -0.002500679298109683 0.0002
2010 0.02402934760018954 -0.002630888824477447 0.0002
2011 0.0236053448527333 -0.001915643573574373 0.0002
2012 0.02464879755729947 -0.001776098243791215 0.0002
2013 0.02270367130007445 -0.001683721418388666 0.0002
2014 0.02331483804728565 -0.0009557987625420684 0.0002
2015 0.03337398576034727 -0.002668208619895006 0.0002
2016 0.03693353522631 -0.01037085289394832 0.0002
2017 0.02999436369593798 0.001308144379802304 0.0002
2018 0.02417216896351429 -0.001151609355512513 0.0002
2019 0.02134732930215053 -0.008122301196961876 0.0002
2020 0.02228710132440507 -0.01110800423868028 0.0002
2021 0.0188899869410845 -0.01013348402924748 0.0002
2022 0.02528859933035073 -0.01128959572730228 0.0002
2023 0.02032049900521471 -0.01410588786754665 0.0002
2024 0.01598709203024778 -0.01320840406978843 0.0002
2025 0.01764687606782108 -0.01785880979919982 0.0002
2026 0.0125024366022315 -0.0169576873755785 0.0002
2027 0.01376609142661318 -0.02367397035206063 0.0002
2028 0.01111107471396097 -0.01160401018203404 0.0002
2029 0.03988562579452629 -0.0009732750624078917 0.0002
2030 0.0221073833754485 -0.002220211825002658 0.0002
2031 0.02179977477750495 -0.001543397484524997 0.0002
2032 0.02243465771266806 -0.0009868678548348717 0.0002
2033 0.01282137946873643 0.0003785771491182229 0.0002
2034 0.007297834370735128 -0.01539933754120761 0.0002
2035 0.005737324987075971 -0.01005347926712972 0.0002
2036 0.01734667004891709 -0.03327866379883114 0.0002
2037 0.005796751922000055 -0.02725813814056935 0.0002
2038 0.02309512568185974 -0.01840996566699808 0.0002
2039 0.01087626853484907 -0.003183675042340385 0.0002
2040 0.01136580917765345 -0.004596800475737547 0.0002
2041 0.0151888929102876 -0.009477897057937241 0.0002
2042 0.01392707982786125 -0.0009497839868850719 0.0002
2043 0.02496252642050983 -0.002935124316814091 0.0002
2044 0.02604581026631354 -0.001840067810188592 0.0002
2045 -0.05891495409333693 -0.03460507815998844 0.0002
2046 0.06129930445565324 0.03683493420415317 0.0002
2047 0.008707046289209749 0.00233153145111178 0.0002
2048 0.008762233152305633 0.00368735188961583 0.0002
2049 0.01048435687388364 0.00215898816191831 0.0002
2050 0.01125389329876881 0.002923319998841688 0.0002
2051 0.01204837878819208 0.001392147163146489 0.0002
2052 -0.01142000753114837 -0.01142832976585589 0.0002
2053 -0.007545098998024134 -0.002084380351755607 0.0002
2054 -0.01338520236162891 -0.002060438405778885 0.0002
2055 -0.01445242476745019 -0.002461345450967556 0.0002
2056 -0.01486033335980367 -0.003310245370699866 0.0002
2057 -0.01569182273131404 -0.002574055010831353 0.0002
2058 -0.01607190993324709 -0.003684175235224682 0.0002
2059 -0.01671933506701026 -0.002788892150886322 0.0002
2060 -0.01741002021440759 -0.003753649426350737 0.0002
2061 -0.01828668874951845 -0.002791975125954252 0.0002
2062 -0.01764001463079183 -0.001688876895301165 0.0002
2063 -0.01875321881548132 -0.002095367512975791 0.0002
2064 -0.01923175575186985 -0.002757026389674502 0.0002
2065 -0.01830883451826115 -0.001168252922776349 0.0002
2066 -0.01973386885625636 -0.002058417099999638 0.0002
2067 -0.02026281646105963 -0.002695722884767149 0.0002
2068 -0.02082687657367827 -0.001921541490237433 0.0002
2069 -0.02024098272342474 -0.001062845524840929 0.0002
2070 -0.01991945589673447 -0.003710252316646343 0.0002
2071 -0.02114528068451373 -0.003770288306887336 0.0002
2072 -0.01628361842696092 -0.005132282853789275 0.0002
2073 -0.0153549377901588 -0.001641096190357309 0.0002
2074 -0.01657959239652371 -0.001606974898732992 0.0002
2075 -0.02013387193439144 -0.005175414382657645 0.0002
2076 -0.02227427870861119 -0.005229138265892178 0.0002
2077 -0.02297573379318208 -0.003361974950116954 0.0002
2078 -0.02437504494690448 -0.004850625898877829 0.0002
2079 -0.02549660503291999 -0.003096175623995981 0.0002
2080 -0.02394603794162984 -0.001891378368989176 0.0002
2081 -0.02379930382120749 -0.007280085414148434 0.0002
2082 -0.02643822130723669 -0.004740649598395245 0.0002
2083 -0.02732127478758933 -0.002692139510393961 0.0002
2084 -0.02606139783135326 -0.001298453419018448 0.0002
2085 -0.02769925543721011 -0.0007993510857936358 0.0002
2086 -0.02995567904653645 -0.002161449515238846 0.0002
2087 -0.02645065228425787 0.000870404499078853 0.0002
2088 -0.02883830999136699 0.001537516053032364 0.0002
2089 -0.02710275136710406 0.00344157586986371 0.0002
2090 -0.03038746062357644 0.004471900193881218 0.0002
2091 -0.02737343010136646 0.006951518725707713 0.0002
2092 -0.03095604096085662 0.008504086899007808 0.0002
2093 -0.03503004759606974 0.005777079998925097 0.0002
2094 -0.01921716168754592 -0.00117419446614829 0.0002
2095 -0.01416872164307663 -0.001562362896138397 0.0002
2096 -0.02833054373611959 0.01205258241624075 0.0002
2097 -0.02412814309549918 0.006354434920038734 0.0002
2098 -0.009282942715260372 0.02910719178837864 0.0002
2099 0.009431434439442915 0.03231959403533036 0.0002
2100 -0.001493024930099656 0.02110861187389 0.0002
2101 0.0009750549517418178 -0.005469262409160499 0.0002
2102 0.002715260083433816 -0.007343142113157078 0.0002
2103 0.03194573793076534 0.05273722265145434 0.0002
2104 0.01533292804035834 1.453364714791414e-05 0.0002
2105 0.001623713197132497 -0.01022341422077505 0.0002
2106 -0.002040724718149086 -0.01133410318893618 0.0002
2107 -0.01816683165000052 -0.005373556066503001 0.0002
2108 -0.01700302635542047 -0.007059304817717987 0.0002
2109 -0.02085574605681945 0.000569569484979394 0.0002
2110 -0.020812086446211 0.0002737986269911058 0.0002
2111 0.01205929265820664 -0.008276227499371005 0.0002
2112 -0.01438412578789743 -0.004585988377957053 0.0002
2113 -0.01955818890020821 -0.007766301218653994 0.0002
2114 0.01286458535645108 0.001120475027029328 0.0002
2115 0.01269976932112494 0.001885422639326817 0.0002
2116 0.01228436294502743 -6.094454524247403e-05 0.0002
2117 0.006185782761454221 0.003588771871135675 0.0002
2118 0.01817102416271648 -0.05044094617469067 0.0002
2119 0.005091454279870692 -0.005877002094450539 0.0002
2120 -0.01353623981929291 -0.001317499879769017 0.0002
2121 -0.03344354453521812 -0.05248496763872598 0.0002
2122 0.0145200674583675 -0.0008839494668633555 0.0002
2123 0.01420029643096311 -0.001413147195255594 0.0002
2124 -0.03476068446472796 0.06139501191708209 0.0002
2125 0.01359488065475136 -0.00157644995651345 0.0002
2126 0.001463460429486732 -0.01471953355729061 0.0002
2127 -0.02461906815526332 0.00966845701509637 0.0002
2128 -0.02180447305797511 0.007993326966203222 0.0002
2129 -0.01664301055666003 -0.04836126569950489 0.0002
2130 0.03403879199990349 -0.06049418103617281 0.0002
2131 -0.004466898627481086 0.003093252692518629 0.0002
2132 -0.02109250518052703 0.002680166142004561 0.0002
2133 -0.00703826818310632 -0.005737765734384295 0.0002
2134 -0.007949839564309023 -0.00819645424843167 0.0002
2135 -0.01476192436151212 -0.006652868369225557 0.0002
2136 -0.01517121391501706 -0.009211139340157356 0.0002
2137 0.004531478320351834 0.004239685616193952 0.0002
2138 0.004088117234760894 0.006107970528100447 0.0002
2139 0.008404443305547816 -0.000691387128322581 0.0002
2140 0.01555623547542016 0.04280548265617419 0.0002
2141 -0.03400119696258055 0.01278033856664191 0.0002
2142 0.01519161772116868 -0.001063763638636875 0.0002
2143 0.01570492186891104 -0.001052332785324398 0.0002
2144 0.01593098898947249 -0.0006837215084712323 0.0002
2145 0.01618759757893189 -0.001012671486888606 0.0002
2146 0.01641867360747716 -0.000733358325632607 0.0002
2147 0.01617117099392667 -0.0003636500612930445 0.0002
2148 0.01665519020297734 -0.001005836114225271 0.0002
2149 0.01687709813800018 -0.0007265573329464675 0.0002
2150 0.01652532200181408 -0.0003733679048681577 0.0002
2151 0.0171098576558054 -0.0009836844208507653 0.0002
2152 0.01732679995547906 -0.0007150154421907741 0.0002
2153 0.01755646483199955 -0.000974608665876328 0.0002
2154 0.01776931709324979 -0.0007051535780975119 0.0002
2155 0.01754035845987467 -0.0003303730111786884 0.0002
2156 0.01799633151608786 -0.0009617589839372132 0.0002
2157 0.01820595169766619 -0.0006938326196639246 0.0002
2158 0.01797870025129256 -0.0003237928935588515 0.0002
2159 0.01691116585755394 -0.0003715445779710198 0.0002
2160 0.01646256229830044 -0.00162393868879219 0.0002
2161 0.01842584167923656 -0.000929941764249181 0.0002
2162 0.01863006269894217 -0.0006756285048304118 0.0002
2163 0.01841259480296102 -0.000316699282721665 0.0002
2164 0.01785763277022065 -0.001437465959661882 0.0002
2165 -0.008104281070921166 -0.003985381752948331 0.0002
2166 -0.01858541200276709 0.000725421318070155 0.0002
2167 -0.01830022127732615 0.0005212395727363775 0.0002
2168 -0.02183821681042201 -0.002742190893874273 0.0002
2169 -0.02066549148249104 0.002098075924136511 0.0002
2170 -0.02203305465599369 0.002754827395244128 0.0002
2171 -0.02293443517212529 0.00297085803207935 0.0002
2172 -0.02387764647869659 0.003082953058282082 0.0002
2173 -0.02464824632978993 0.002052195813887968 0.0002
2174 -0.02224565704943621 0.003850930263593017 0.0002
2175 -0.008674907286200177 0.001967608401972294 0.0002
2176 0.007454418048144915 0.004190636116098677 0.0002
2177 0.008843156182766376 0.00553107181321106 0.0002
2178 -0.01386670347401671 -0.0009028074374566973 0.0002
2179 -0.01450215261724413 -0.0009311744971703327 0.0002
2180 -0.01126510997111482 -0.03342350619256935 0.0002
2181 0.01028268604208026 -0.001034225060499011 0.0002
2182 0.04392887392856488 0.06233692971829039 0.0002
2183 -0.04417886806140845 -0.06229442374613621 0.0002
2184 -0.005092891954371943 0.005023567683801515 0.0002
2185 -0.01791150771918582 0.008217602854628869 0.0002
2186 -0.01319981202267705 0.001517629475769032 0.0002
2187 -0.02517270362076795 0.0008943409843611984 0.0002
2188 -0.02549682758449073 -0.000207824495400682 0.0002
2189 -0.02434779721787687 0.001072807816857378 0.0002
2190 -0.0249471194429958 -0.001022770770766054 0.0002
2191 -0.01185780387004484 0.00449369823399657 0.0002
2192 0.01061461567078578 -0.001926694860788314 0.0002
2193 0.02716867003857519 -0.01545706719190334 0.0002
2194 0.03178319499757351 -0.01392576841236944 0.0002
2195 0.03634288899646416 -0.02012338227171695 0.0002
2196 0.04553295784781088 -0.01543250444402258 0.0002
2197 -0.02007798896336619 0.01372607331766784 0.0002
2198 -0.02857362431071228 -0.01369050268903432 0.0002
2199 -0.009913983591760872 -0.001390447878882307 0.0002
2200 -0.0090484506045587 -0.002585295001389348 0.0002
2201 0.009438829522896257 -0.004156091387434853 0.0002
2202 0.009825660932129105 -0.006366442472305864 0.0002
2203 0.01564000446020366 0.0003174512305619102 0.0002
2204 0.0159527229937753 0.0004936230078668224 0.0002
2205 0.01597179838459862 0.0009275233237800417 0.0002
2206 0.01587943926137828 0.0002691807549096637 0.0002
2207 0.01625515661045636 0.0002656487812099222 0.0002
2208 0.01636707955015592 0.0006746635716238636 0.0002
2209 0.01654274850591899 0.001198670736280507 0.0002
2210 0.01667564940195157 0.0005438978101597521 0.0002
2211 0.01579642241692912 0.001589635214296662 0.0002
2212 0.01665062791858718 0.001975739000237144 0.0002
2213 0.01715579153819131 0.00135077205827945 0.0002
2214 0.01759366881743247 0.002117832237514797 0.0002
2215 0.01675464699456632 0.003114112757151667 0.0002
2216 0.01809040845361997 0.003407754903237491 0.0002
2217 0.01834033698085737 0.00152404245458549 0.0002
2218 0.01697250379488038 0.004675094784538463 0.0002
2219 0.01882550622727789 0.005199616581210542 0.0002
2220 0.01721334027460577 0.00721306999861417 0.0002
2221 0.01980592002223307 0.003709150912011863 0.0002
2222 0.01792073100718714 0.0006371392936885002 0.0002
2223 0.02097468888035388 0.005420369976241252 0.0002
2224 0.02288026679815459 0.003869074655332775 0.0002
2225 0.02131222247073228 0.001895993152625233 0.0002
2226 0.01548998751752484 0.00392501828583943 0.0002
2227 0.02338876783033649 0.006224524097752989 0.0002
2228 0.02515515945103571 0.004266418238506756 0.0002
2229 0.02145752437527387 0.008581538419004803 0.0002
2230 0.01829953062393776 0.009823053392176696 0.0002
2231 0.0215640785447607 0.01333013683994276 0.0002
2232 0.01438852101900988 0.009208289251891166 0.0002
2233 0.01568998041108818 0.01355691635920647 0.0002
2234 0.01020431860601284 0.01212461512075858 0.0002
2235 0.01834790214325749 0.01781850386220774 0.0002
2236 0.02403120202644242 0.002236162610375216 0.0002
2237 0.02469107844180559 0.009431949573190698 0.0002
2238 0.02658696501213719 0.01354469366587736 0.0002
2239 0.01215651378694315 0.01778162281684781 0.0002
2240 0.0265220743470815 0.002209535946908921 0.0002
2241 0.02815162565731621 0.004465917828481246 0.0002
2242 0.005767611461054444 0.01644421644480276 0.0002
2243 0.005002034238482702 0.0115676425391466 0.0002
2244 0.000533891712631706 0.0147842320471848 0.0002
2245 0.01083744733083539 0.008122594029425691 0.0002
2246 0.01306327599570455 0.006343829584526996 0.0002
2247 0.01718089737337033 0.02437358593933556 0.0002
2248 0.025170037784876 0.001250338410994097 0.0002
2249 0.02415367275424731 0.00113002088776985 0.0002
2250 0.02301386673221141 0.001509729300663331 0.0002
2251 0.02311470509938339 0.0006842302919912 0.0002
2252 0.02684688879405224 5.768412556259834e-05 0.0002
2253 -0.004883286501719275 0.0162782817087589 0.0002
2254 -0.009679509354616631 0.02013091344823235 0.0002
2255 0.007598270935569934 0.008564822540884861 0.0002
2256 0.019293233924431 0.002421918372718367 0.0002
2257 0.0195095638619849 0.001409616025947869 0.0002
2258 -0.01806585217578772 0.002956031983639536 0.0002
2259 -0.01746064302382905 0.003860783707353966 0.0002
2260 0.03278565717439803 0.004455233323774525 0.0002
2261 0.05360134926057404 0.005151765128059174 0.0002
2262 -0.002683051409972236 0.006524284239691271 0.0002
2263 -0.01076854698054937 0.005622199455911494 0.0002
2264 -0.01267454356110299 0.005961898209293027 0.0002
2265 -0.0109261127009502 0.0003539497194753019 0.0002
2266 -0.01602043200004809 -0.001725487896920229 0.0002
2267 -0.01572911836054585 -0.001153252604437724 0.0002
2268 -0.01512058938595512 -0.0009986347478384721 0.0002
2269 -0.01555823049081782 -0.0006903302143997427 0.0002
2270 -0.01602557224549456 -0.0007282854746234508 0.0002
2271 -0.01514272355213588 -0.0005527436644773561 0.0002
2272 -0.01624929644758419 -0.001176111861190743 0.0002
2273 -0.01645242613206728 -0.0007448810583992211 0.0002
2274 -0.01619963589090549 -0.0004466739347478837 0.0002
2275 -0.0165147459726734 -0.0004486890220800706 0.0002
2276 -0.01679837496714352 -0.0007006951609556954 0.0002
2277 -0.01680596741343583 -0.0004179624830519053 0.0002
2278 -0.0171096891814056 -0.0006411965859092459 0.0002
2279 -0.01712906588496735 -0.0003687231925721701 0.0002
2280 -0.01741153739974878 -0.0005873175749695696 0.0002
2281 -0.01754621192635818 -0.0002998322963517334 0.0002
2282 -0.01772922667386451 -0.0005837408209836643 0.0002
2283 -0.01762112436384363 -0.0008675220389104203 0.0002
2284 -0.01704632548360719 -0.0009902582928759506 0.0002
2285 -0.01590534738327774 -0.0004447401093077106 0.0002
2286 -0.01798601882838198 -0.0008128708104197319 0.0002
2287 -0.01799576937355536 -0.0005428214142567309 0.0002
2288 -0.01832060856316362 -0.0006708103580901594 0.0002
2289 -0.01839678087600852 -0.0003468527854383653 0.0002
2290 -0.01863784230897344 -0.0006286602211821188 0.0002
2291 -0.01541809073090745 -0.0003828832714527635 0.0002
2292 -0.01513788956879711 -0.0002037486338031458 0.0002
2293 -0.01482605673859587 -0.0003432812972986629 0.0002
2294 -0.01484771234864309 1.19892867989949e-05 0.0002
2295 -0.01516462189771155 0.0001257990006246733 0.0002
2296 -0.01488427186317174 0.0003864780658809691 0.0002
2297 -0.01529242843919486 0.0005260066720210759 0.0002
2298 -0.01490436152313817 0.000842990674365108 0.0002
2299 -0.0144801309332649 0.0006541680943179209 0.0002
2300 -0.01539540065313251 0.001026837837750921 0.0002
2301 -0.01572688602493382 0.000679343953713183 0.0002
2302 -0.01541151544361819 -0.0001032885917931511 0.0002
2303 -0.02 -0.0001 0.0002
2304 -0.01563503132163316 0.000380965861274731 0.0002
2305 -0.01595435700033417 0.000368184981657123 0.0002
2306 -0.01617746925922622 0.0007396512341667531 0.0002
2307 -0.01632439762375154 0.000401746409869578 0.0002
2308 -0.01844799710713327 0.000273072697452293 0.0002
2309 -0.01617929443610609 0.00010223262375847 0.0002
2310 -0.01647187778947666 0.0002404745545522285 0.0002
2311 -0.01662927486175905 0.0003944007865940595 0.0002
2312 -0.01667872062323421 0.0001255063519874239 0.0002
2313 -0.01689275039740292 0.0003397504289872515 0.0002
2314 -0.01699124127097289 0.0001177032299788488 0.0002
2315 -0.01716598745412249 0.0003570874331993566 0.0002
2316 -0.01805868898777469 0.0003868649112393832 0.0002
2317 -0.01653879803347665 0.0007219234241669466 0.0002
2318 -0.01588147356753486 0.0001689069717020027 0.0002
2319 -0.01709207448998721 0.0006209532934682553 0.0002
2320 -0.01449849661953522 -0.0001402305768372449 0.0002
2321 -0.01786632662901991 -0.001251241536616539 0.0002
2322 -0.01740497597532528 -0.001238995983008867 0.0002
2323 -0.01448380856303709 0.001380636885431412 0.0002
2324 -0.01390730853398903 0.0009389412444404477 0.0002
2325 -0.0154696592961419 0.0001570012353789415 0.0002
2326 -0.01740984542850644 0.0005366494964233573 0.0002
2327 -0.01742315477947823 0.0003063175818952491 0.0002
2328 -0.032974090353174 0.0008920284059229805 0.0002
2329 -0.0392271650930296 -7.867694490336522e-05 0.0002
2330 -0.05034867504907459 -0.005859730207270319 0.0002
2331 -0.03440587976846478 -0.004194199350158586 0.0002
2332 -0.01093742921806095 -0.0009825107121547653 0.0002
2333 0.01688511232409663 0.0008225540616477042 0.0002
2334 0.01713882842417276 0.0003844962344008479 0.0002
2335 0.0156965870968202 -0.0004998501153494189 0.0002
2336 0.02129762654303129 -0.002829892044550649 0.0002
2337 -0.01799546507460941 0.0006390145401073369 0.0002
2338 -0.01651010153824066 0.001222830957255759 0.0002
2339 -0.02146721138176091 0.0007051526155739064 0.0002
2340 0.01505825969279535 0.001319138908533994 0.0002
2341 0.01494287904324064 0.002092360625044019 0.0002
2342 0.01406432729681029 0.002469507791964409 0.0002
2343 -0.01420092927508928 -0.0005398267572185281 0.0002
2344 0.002300620015233285 0.007142854323364107 0.0002
2345 -0.01478097550986332 -0.001394873707557975 0.0002
2346 0.01572207070839794 0.002637978855439783 0.0002
2347 -0.0103299492548711 -0.0003456989410645623 0.0002
2348 0.009685753290064974 0.001689279248801776 0.0002
2349 -0.00592888483225719 -0.01067250279207871 0.0002
2350 0.00982135400868666 0.002889065566093875 0.0002
2351 0.01034431605428646 0.004188672072813666 0.0002
2352 0.0120297674123273 0.004354311493660226 0.0002
2353 0.01114071547998395 0.0057816669224443 0.0002
2354 -0.002113855312551046 0.00928125137455019 0.0002
2355 0.001179743464969739 0.01007473920752981 0.0002
2356 -0.01856781534661346 -0.0009115496692254601 0.0002
2357 -0.01896193328274529 -0.0008392276153143422 0.0002
2358 -0.01876420494741836 -0.001341702936468865 0.0002
2359 -0.01937129239042099 -0.0007870823247940671 0.0002
2360 -0.01896902159087935 -0.0004184824823650678 0.0002
2361 -0.01971844058426325 -0.001186053215911887 0.0002
2362 -0.01998816767578962 -0.0008021783887013941 0.0002
2363 -0.02050079142172164 -0.0008465782566905777 0.0002
2364 -0.02061321555004724 -0.000429952250750467 0.0002
2365 -0.0195518921556489 -0.0004280599479507347 0.0002
2366 -0.02068370533204448 -0.001199923678929052 0.0002
2367 -0.02099159636841806 -0.0008938905687553457 0.0002
2368 -0.0212195272120188 -0.001255338785619566 0.0002
2369 -0.02152613679693005 -0.0009263948509386106 0.0002
2370 -0.02128478491920944 -0.0004535793805287183 0.0002
2371 -0.02173826206307063 -0.001175130117884535 0.0002
2372 -0.02207340955819178 -0.000931951287889652 0.0002
2373 -0.02225639820750312 -0.001302188318811203 0.0002
2374 -0.022643786936906 -0.0009805497135171705 0.0002
2375 -0.02248996021740551 -0.0004892144357333468 0.0002
2376 -0.0220190232126727 -0.000487907096595781 0.0002
2377 -0.0208391090132445 -0.0005364187551550211 0.0002
2378 -0.02292574280206528 -0.001346799499368847 0.0002
2379 -0.02329564162707568 -0.001002393781039915 0.0002
2380 -0.02309864125051609 -0.0005348270976252627 0.0002
2381 -0.02164168718591402 -0.001872968599012185 0.0002
2382 -0.02248144358279258 -0.002100863001122169 0.0002
2383 -0.01568195985768297 -0.0004570432051917429 0.0002
2384 -0.01668445292476055 -0.001103205973039295 0.0002
2385 -0.01547258678704289 0.00603121695477823 0.0002
2386 -0.01412333976384946 0.007218371949918715 0.0002
2387 0.01551783932535834 -0.0003541697630626882 0.0002
2388 0.01593067059915302 -0.0004662099831094597 0.0002
2389 0.02513117882171494 0.01901230188514984 0.0002
2390 0.02104558812563255 0.03308040360248952 0.0002
2391 0.02370069870872325 -0.001260987121102791 0.0002
2392 0.02361477987527911 -0.0007382377520738423 0.0002
2393 0.02311621457522188 -0.0006567686898504547 0.0002
2394 0.02341229507332145 -0.0003756746593931106 0.0002
2395 0.02411036731948746 -0.0006696524916349297 0.0002
2396 0.02286532398355857 -0.0009548056532632412 0.0002
2397 0.02260780528434949 -0.000593673707716528 0.0002
2398 0.02212624054118973 -0.0006911041323649844 0.0002
2399 0.02217377886694653 -0.0003782668546111116 0.0002
2400 0.007417894722641076 -0.007303785027986655 0.0002
2401 0.009230249602802753 -0.008720788889765458 0.0002
2402 -0.02118513842948183 0.0005700171798823074 0.0002
2403 0.02041467373247656 0.002347039983653333 0.0002
2404 0.02062086432091664 0.001395029031790594 0.0002
2405 0.02150779797487219 0.0008443375626376054 0.0002
2406 0.02134178555659044 0.003167425428215424 0.0002
2407 -0.02239942729495535 0.005336298094086545 0.0002
2408 -0.06216834302444247 0.04331229320925689 0.0002
2409 -0.01285155735912454 -0.00835010464412886 0.0002
2410 -0.01077260792903036 -0.008106834580625392 0.0002
2411 0.009658049089365666 -0.001582948168384699 0.0002
2412 -0.01924955387376684 0.001103610181706566 0.0002
2413 -0.02376625329929355 0.001501120272085769 0.0002
2414 -0.02368366264823223 0.0004528343876187048 0.0002
2415 0.008545939758633159 -0.02127996618542026 0.0002
2416 -0.01949344853785238 0.0008224829719567345 0.0002
2417 0.02135933718146448 -0.00191846580158479 0.0002
2418 0.02079875167042868 -0.001341664920962639 0.0002
2419 0.02008449672288859 -0.001653405213306183 0.0002
2420 0.02030198346397975 -0.0009740301876628817 0.0002
2421 0.02086338774520499 -0.0008457143927500014 0.0002
2422 0.0195730443916828 -0.00125455344121226 0.0002
2423 0.01978728586336053 -0.0006527716742140471 0.0002
2424 -0.02216146555101524 0.001999816087265302 0.0002
2425 0.01741813754613241 0.0007765023229472054 0.0002
2426 0.01762920109404302 0.0005032056262464491 0.0002
2427 0.01766760816208306 0.0003144589340736002 0.0002
2428 0.0182684661432337 0.0005005682320388322 0.0002
2429 0.01840346093358431 0.0001133566824134312 0.0002
2430 0.01868191188556875 0.0004043516594545421 0.0002
2431 0.01866514017514065 0.0006719978925307147 0.0002
2432 0.01902870017352098 0.0005652778159204041 0.0002
2433 0.01890124300494908 0.001077853326679589 0.0002
2434 0.01948151766843631 0.0006984277960576536 0.0002
2435 0.01948845108400934 0.0003153295193452249 0.0002
2436 0.02000123120595742 0.0005695585333743021 0.0002
2437 0.01989104929829472 0.0001227612889799872 0.0002
2438 0.01909511611626696 0.000258987505989676 0.0002
2439 0.02003217627771585 0.001083934924659192 0.0002
2440 0.0204256195864915 0.0007574373020359552 0.0002
2441 0.02025428131014778 0.0003684633806077312 0.0002
2442 0.02072366465681508 0.0003849272460175364 0.0002
2443 0.02092307407918357 0.0008354484791535995 0.0002
2444 0.02122301223334595 0.0006177939129821936 0.0002
2445 0.02156908986388905 0.0004455382832667147 0.0002
2446 0.02203824006717332 0.0007879735595199287 0.0002
2447 0.02204272804582428 0.0003684009226473382 0.0002
2448 0.02247183138202454 0.0006814608435796503 0.0002
2449 0.02264780242716832 0.0002396173507110872 0.0002
2450 0.02179101559091808 0.0013160071865064 0.0002
2451 0.01552411375429171 0.001068431068247848 0.0002
2452 -0.01449020084739444 0.0001971014597474303 0.0002
2453 0.0309549943254661 0.01462218121010571 0.0002
2454 0.01247966064099999 0.003080944546072725 0.0002
2455 0.0137747399992201 0.003730799250057009 0.0002
2456 0.006102770254231951 0.005654380616793809 0.0002
2457 0.02443471142743507 -0.003938374966349764 0.0002
2458 -0.03393636471458744 -0.01386887856053238 0.0002
2459 -0.02699306138716124 -0.009910448784723847 0.0002
2460 0.004480969237539448 -0.004038242283826865 0.0002
2461 -0.01868731327678308 -0.003987783304591403 0.0002
2462 -0.04323988797620502 0.008074877583791499 0.0002
2463 -0.0587649630838747 0.008005021202189225 0.0002
2464 -0.01043724946348668 -0.002606886589355689 0.0002
2465 0.0165535127700096 -0.002322752916470358 0.0002
2466 0.005724312738848817 3.298284756250719e-05 0.0002
2467 -0.01856018181179849 0.001113267870071857 0.0002
2468 -0.01589619071298272 0.001162717909614144 0.0002
2469 -0.01886678021083583 0.003039788687939975 0.0002
2470 -0.01772557813395892 0.0004429469126134733 0.0002
2471 -0.0178351870935261 0.0001376316977706642 0.0002
2472 -0.01742565719649175 0.0009014337481371798 0.0002
2473 0.02508853174529059 -0.0001276489144332923 0.0002
2474 -0.02378868715635195 0.0009193639557002691 0.0002
2475 -0.02407980177139025 0.0004705865436557012 0.0002
2476 -0.02393706850014124 0.0002109189502773104 0.0002
2477 -0.02368905274220308 0.0001815725260277629 0.0002
2478 -0.02472336847291474 0.0003246522817490913 0.0002
2479 0.02406830880209495 -0.001677060198244846 0.0002
2480 -0.02204230871134514 0.01098015226058778 0.0002
2481 -0.0128933833558531 -0.001252625962977963 0.0002
2482 0.01885263006701713 -0.0009123338391188082 0.0002
2483 0.01905343283476283 -0.0006166492488647852 0.0002
2484 0.01884108135579766 -0.0003116708584283673 0.0002
2485 -0.01667272692284374 0.01760161446569351 0.0002
2486 -0.0150510024090277 0.001384580239829653 0.0002
2487 -0.01552417820826863 0.001630655668809534 0.0002
2488 0.0202540462912166 -0.006316374323922284 0.0002
2489 0.01928654617515276 -0.007905616275655711 0.0002
2490 0.02166947009271578 -0.006207824037842776 0.0002
2491 0.01550026967697334 0.0001441730317197662 0.0002
2492 -0.01681855399930311 0.0006154932568569048 0.0002
2493 -0.01329138291560956 -0.0008145732533575782 0.0002
2494 -0.01950532761641136 0.007343286684045754 0.0002
2495 0.02200358750854739 -0.001092034937530197 0.0002
2496 0.0217578788336231 -0.0007694439675616083 0.0002
2497 0.0218339922305675 -0.0004541003234610404 0.0002
2498 0.02143936611670533 -0.0005657688369485831 0.0002
2499 0.02138833225133214 -0.0007976971364601304 0.0002
2500 0.0211841240648636 -0.0005929519432411504 0.0002
2501 0.02158784692459125 -0.001143252374877853 0.0002
2502 0.01706841550104494 -0.005636976155660708 0.0002
2503 -0.0197070251719372 -0.0006913445721247613 0.0002
2504 -0.01931009422443049 -0.0005637227484749238 0.0002
2505 -0.01999876219296995 -0.0003990158280783069 0.0002
2506 -0.01915308537211903 -0.0006521287927371002 0.0002
2507 0.01328396899866122 0.0006587591920840738 0.0002
2508 -0.01572216198170924 0.0002122113732568049 0.0002
2509 0.01741465801610415 -0.00767734315955887 0.0002
2510 0.01516556053112197 -0.006850512288794005 0.0002
2511 -0.02892460793438029 -0.005684184147132637 0.0002
2512 -0.02841287666819283 0.01768227891718446 0.0002
2513 0.0188876563976331 0.001749784499276165 0.0002
2514 0.0004250010494946708 -0.0579809511693766 0.0002
2515 0.01926177764730309 0.0004228826637475195 0.0002
2516 0.01523636588346678 0.00602348663450242 0.0002
2517 -0.02441683960423773 0.01362399610332399 0.0002
2518 -0.01779546738963996 0.004983879090120896 0.0002
2519 0.0239081676247666 -0.0008836930361177876 0.0002
2520 0.0245484979543568 -0.0007534225525274704 0.0002
2521 0.02400020820839916 -0.0004183380803136463 0.0002
2522 0.02423027727821229 -0.000456959369820933 0.0002
2523 0.02382447600517109 -0.0005528433006839842 0.0002
2524 0.02359966522631259 -0.0002749537643657256 0.0002
2525 -0.01732223870056929 -0.0008620544808020583 0.0002
2526 -0.01736912190963034 0.006447489192529348 0.0002
2527 0.01927679772326745 -0.0009482080703439323 0.0002
2528 0.01943086795629279 -0.0006365572077907362 0.0002
2529 0.0193322430409329 -0.0003504082145743778 0.0002
2530 0.01961850760792859 -0.000498494186929699 0.0002
2531 0.01984900495854305 -0.0004450112006320629 0.0002
2532 0.02008979606668242 -0.0006493448383513769 0.0002
2533 0.02022611642112345 -0.0003068508879139568 0.0002
2534 0.02042414419470282 -0.0005526596500973218 0.0002
2535 0.02287323258588544 0.001013888212980972 0.0002
2536 0.02348208792261512 0.001077852934919402 0.0002
2537 0.02379002064842857 0.0005118262411547349 0.0002
2538 0.02331896869485427 0.0001897873396496308 0.0002
2539 0.02439430945133965 0.0005507942833180998 0.0002
2540 0.0240988649295442 0.0003033136976078627 0.0002
2541 0.02377866529818681 0.0001411341313340505 0.0002
2542 0.02383932771034671 5.083959073654802e-05 0.0002
2543 0.02340863565796121 0.0004889264573086983 0.0002
2544 0.02306207558708327 0.0004190675681328397 0.0002
2545 0.02283392941630899 0.0006076528534791497 0.0002
2546 0.0236305923860144 0.0002661920930131315 0.0002
2547 -0.005368894719296668 0.002223869007685972 0.0002
2548 -0.01661050668253716 -0.01256306088811403 0.0002
2549 -0.02480975317614042 -0.002015816206917991 0.0002
2550 -0.02421346081373293 -0.001219982390525561 0.0002
2551 -0.02443917082042081 -0.0006147733951822949 0.0002
2552 -0.02404590332096908 -0.000625384992068 0.0002
2553 -0.02362774787709356 -0.0002967540916548287 0.0002
2554 -0.02411073725935142 -0.0004342281197262809 0.0002
2555 -0.02368410359601248 -0.0005959752482983057 0.0002
2556 -0.0178655355688025 -0.009451185385508461 0.0002
2557 0.017795835948956 0.001120500763885873 0.0002
2558 0.01434787432797746 -6.073660506694283e-05 0.0002
2559 -0.02342463973291016 0.004214062982947906 0.0002
2560 -0.02503415085118999 0.004209138108782896 0.0002
2561 0.02123099488732455 0.001257363082542686 0.0002
2562 -0.02471112339311108 -0.0002867860632666565 0.0002
2563 0.01831529221005399 0.0009220169939014998 0.0002
2564 0.01839390421594313 0.002315492316449511 0.0002
2565 0.0182324382564736 -0.001367267679753354 0.0002
2566 0.01552446965002586 -9.999999999999999e-05 0.0002
2567 0.01999999999999999 -0.0001 0.0002
2568 0.02378229764710322 -0.0145530627175758 0.0002
2569 0.01691604878608149 -0.001428376391902209 0.0002
2570 -0.01407074717470503 0.0003521784513459958 0.0002
2571 0.01735019773477559 -0.001428492737690731 0.0002
2572 0.028703406886304 -0.01095065582824924 0.0002
2573 -0.02157951965728092 -0.006964112845969166 0.0002
2574 -0.02048047759850494 0.005810891349414106 0.0002
2575 -0.00298880153205714 -0.02936601840758399 0.0002
2576 0.05716801642224344 0.02162033191800496 0.0002
2577 0.02356813830220066 -0.0005101301239124143 0.0002
2578 0.01939117074183441 0.007257063386009841 0.0002
2579 0.02830233631216788 0.008116382365862413 0.0002
2580 -0.02368716436371589 -0.0009000800103535515 0.0002
2581 -0.02339450790777023 -0.0006890555974941303 0.0002
2582 -0.02355315504098143 -0.001389948299304434 0.0002
2583 0.01253305322334063 -0.006054337438232652 0.0002
2584 -0.00762470844282175 0.0003889239479219556 0.0002
2585 -0.01975617972696467 -0.01558144223795895 0.0002
2586 -0.02369856258887512 -0.01300296506056941 0.0002
2587 -0.02332041791418108 -0.002169541183699365 0.0002
2588 -0.01482258291414018 -0.0006587414688967315 0.0002
2589 0.01195244421427647 0.002222865208649745 0.0002
2590 -0.006662637148009143 0.01192795295806169 0.0002
2591 0.0005444664766976471 0.02942862005110656 0.0002
2592 0.02226871731563091 -0.001459565630449066 0.0002
2593 0.0156216086064641 -0.005118169901234117 0.0002
2594 0.0159562925556678 -0.001492607363795133 0.0002
2595 0.01595263748221061 -0.002092842230161355 0.0002
2596 -0.002727779576859492 0.01227388430410095 0.0002
2597 -0.01892245155215126 0.001346734567267148 0.0002
2598 0.01282991216781817 -0.004613839769180906 0.0002
2599 -0.02112722276706935 0.001905219108332933 0.0002
2600 -0.02269772117726181 -0.03429206091818549 0.0002
2601 0.004536800437153781 0.008373219354018585 0.0002
2602 0.01345247886352368 0.001807576687387641 0.0002
2603 0.01947203629031019 -0.02310936429381268 0.0002
2604 0.0147493606419371 0.003049438735579551 0.0002
2605 0.05987502642621769 -0.03081625072137083 0.0002
2606 -0.02344677967304724 0.000760494912519091 0.0002
2607 -0.02326750509423501 0.0004701506524850397 0.0002
2608 -0.02292339350760063 0.0001843444464185913 0.0002
2609 -0.02297185349158194 0.0003430805099797143 0.0002
2610 -0.0233947825015907 0.0002489066511063477 0.0002
2611 -0.03918363381593244 0.01847576812550013 0.0002
2612 0.02016057900906797 -0.002661530816005874 0.0002
2613 -0.004920171417037608 -0.001339854782028062 0.0002
2614 -0.01424557089858059 0.002195207731902418 0.0002
2615 0.02009690053624666 0.001717164695048013 0.0002
2616 0.02058127467309738 -0.0008332417059966176 0.0002
2617 0.0206584232989813 -0.0004592070739125673 0.0002
2618 0.02117273867294433 -0.001047022861845036 0.0002
2619 0.01891994648843708 -0.002021381586857213 0.0002
2620 -0.01698070212163744 -0.00140031456608117 0.0002
2621 0.02287587760422214 -0.0005910934792437649 0.0002
2622 0.0229660193549596 -0.0003960745751333508 0.0002
2623 0.0225058804832779 -0.0003480859493940121 0.0002
2624 0.02304485674756103 -0.0005178252452883063 0.0002
2625 -0.013083675612839 0.004703230463888832 0.0002
2626 0.01407251603033445 -0.002000985801291708 0.0002
2627 0.007264649767901472 0.02357604186021884 0.0002
2628 0.01478052290295811 -0.001666467247661064 0.0002
2629 -0.02415393213415965 -0.00289758537209955 0.0002
2630 -0.0238473964154917 0.0003289781018948698 0.0002
2631 0.02337884787182798 -0.0006101705914293485 0.0002
2632 -0.01816105168436136 -0.001824859275407743 0.0002
2633 0.008866076739629787 -0.00149761567622205 0.0002
2634 0.01772862301969012 -0.002052729040830889 0.0002
2635 0.02318364672457839 -0.0005113027522189142 0.0002
2636 -0.009402016654014415 0.002313474778168635 0.0002
2637 -0.007820478094698772 -0.0008090595576265288 0.0002
2638 0.03044743027631813 -0.02575097743660385 0.0002
2639 -0.02109612146857026 -0.002641216271154043 0.0002
2640 0.02069576554194686 -0.0006472386108981543 0.0002
2641 -0.02297374873220765 -0.0008043033559929192 0.0002
2642 -0.02271669286716891 -0.0007177996893628847 0.0002
2643 0.0209238374682549 -0.000600172588644108 0.0002
2644 0.02125232542720662 -0.0003359063254156392 0.0002
2645 0.02110648404051999 -0.0007767117845880854 0.0002
2646 -0.01784932443105968 0.0009394948319938594 0.0002
2647 -0.02312654296313974 0.0008648183404655932 0.0002
2648 0.01618473293446793 -0.0005838282304336032 0.0002
2649 0.01638931699069745 -0.0005271738572979709 0.0002
2650 -0.01644523885751437 -0.002156750893265694 0.0002
2651 0.02319817005583817 -0.001545272637830137 0.0002
2652 -0.0155351482609898 0.05413834145684546 0.0002
2653 -0.02100221511212015 0.0004347033893121693 0.0002
2654 0.02907201245086146 -0.001542322314151743 0.0002
2655 0.02239832216546907 0.002155273936343521 0.0002
2656 -0.02237732719880927 -0.0007801038439457241 0.0002
2657 -0.02215446797750844 -0.0006891900386447072 0.0002
2658 -0.0374776887426636 -0.01777487628727145 0.0002
2659 -0.03648507027441492 -0.02481292056876706 0.0002
2660 0.01945925016597469 -0.001695673599630322 0.0002
2661 0.0182244537652489 -0.002684823577666062 0.0002
2662 0.01960449621779712 -0.0008957634459266705 0.0002
2663 -0.02026662240199133 -0.0006731044324769737 0.0002
2664 -0.02059229496301055 -0.0006381930154557802 0.0002
2665 -0.02076327865852245 -0.0007563565280741647 0.0002
2666 -0.02103031002651814 -0.0006751266500314926 0.0002
2667 0.02319572840711645 0.0001231762701351099 0.0002
2668 0.01863653107580171 -0.001397192645508424 0.0002
2669 -0.04331396745324451 0.0256151220183665 0.0002
2670 0.01976781490971816 0.0003634251536699641 0.0002
2671 0.003801338781852391 -0.01914077892907191 0.0002
2672 -0.02027034812480783 0.0004347511335711656 0.0002
2673 -0.0135493909470474 0.002108309637775987 0.0002
2674 0.01664668541580141 -0.0005816647642624427 0.0002
2675 0.01681204741967045 -0.0005256195690905157 0.0002
2676 0.01531594378748737 -0.002474088792493427 0.0002
2677 0.02243108475394697 0.001244055506598967 0.0002
2678 0.02404006943296156 -0.0003375628036250762 0.0002
2679 -0.02182413859712548 -0.0007705911999860057 0.0002
2680 -0.02158537293982679 -0.0006747721091386659 0.0002
2681 -0.01581148612517991 -0.0005764319451429005 0.0002
2682 -0.01729796120949757 0.001323778763819708 0.0002
2683 -0.01750806272180454 0.001714085710989336 0.0002
2684 0.01459784143919698 -0.0004232240632478385 0.0002
2685 0.01708515138511852 -0.00059250459122235 0.0002
2686 0.01728178910038225 -0.000515151110137656 0.0002
2687 0.02385749984543509 0.0002360146303190185 0.0002
2688 -0.01366919931243854 3.052847080168348e-05 0.0002
2689 -0.003314021668938323 -0.008944189695229135 0.0002
2690 -0.03084213047521451 0.02463746419765783 0.0002
2691 -0.02093067718609775 0.02236925013339911 0.0002
2692 -0.01454621439725512 -0.0004958209855485611 0.0002
2693 -0.02127278117319627 -0.0007353880176442135 0.0002
2694 -0.02610604787937804 -0.006493198768655598 0.0002
2695 0.01754546984388505 -0.0005663179281254476 0.0002
2696 0.01776369148347683 -0.0004965000390943957 0.0002
2697 -0.01804442881147875 0.001371131061983447 0.0002
2698 0.017985004037111 -0.0005855795474622232 0.0002
2699 0.01820015801843788 -0.0004933458585005743 0.0002
2700 0.01841706283549353 -0.0005838140303738286 0.0002
2701 0.018628923110837 -0.000484799713368867 0.0002
2702 -0.01306566943716926 -0.0003696008989812594 0.0002
2703 0.02134368984538674 -0.001398760688759063 0.0002
2704 -0.02313938364875207 0.0003116205649974233 0.0002
2705 0.01457226258456042 0.0003109573370579913 0.0002
2706 0.005143048083077904 0.05688503519775369 0.0002
2707 -0.02023502140535642 -0.001758031633784653 0.0002
2708 -0.01922959109757215 -0.00177151896016665 0.0002
2709 -0.02213195492198623 -0.009369624948493581 0.0002
2710 0.01997859418102952 0.0003560520891579962 0.0002
2711 0.01569491343091703 -0.0007392995242176708 0.0002
2712 -0.01714830558515563 -0.001881364608398166 0.0002
2713 -0.01752732610760738 -0.00244328103321623 0.0002
2714 -0.01646333912855686 0.001910639396306536 0.0002
2715 0.01990685045439853 -0.001013311466778903 0.0002
2716 0.03442801491070284 0.02498506322928271 0.0002
2717 -0.01485035547009496 -0.001922451093494651 0.0002
2718 0.01322488660930413 0.002590923637540947 0.0002
2719 0.02596910007986728 0.006566379373580494 0.0002
2720 -0.01949487271191822 -0.0006014165310562767 0.0002
2721 0.02235009458777624 -0.0005499123158010702 0.0002
2722 -0.02274024082581103 0.0007932046252960571 0.0002
2723 -0.02141213108451454 0.003472325132868279 0.0002
2724 -0.02276647300724801 0.0005385737168721759 0.0002
2725 0.01882208536735835 -0.0005688545345881162 0.0002
2726 0.02810678103631578 0.03286835460844455 0.0002
2727 0.06519616448628734 -0.06591444576917627 0.0002
2728 0.06115463692533613 -0.07129014614522815 0.0002
2729 0.06725150682917196 -0.0705756855345067 0.0002
2730 0.07018348202592674 -0.06873112406473864 0.0002
2731 0.07048334785902334 -0.06272674010367106 0.0002
2732 0.07278708842046192 -0.07278708842046192 0.0002
2733 -0.0727870884204619 0.0727870884204619 0
2734 -0.07165063509461098 0.0625 0
2735 -0.0625 0.07165063509461095 0
2736 -0.07017156983186752 0.06983231773799374 0
2737 -0.07149559010068197 0.06789233516532681 0
2738 -0.0681557455769314 0.06645948510756247 0
2739 -0.06829943767797535 0.07108848758803343 0
2740 -0.0727870884204619 0.0727870884204619 0.0002
2741 -0.07165063509461098 0.0625 0.0002
2742 -0.0625 0.07165063509461095 0.0002
2743 -0.07017156983186752 0.06983231773799374 0.0002
2744 -0.07149559010068197 0.06789233516532681 0.0002
2745 -0.0681557455769314 0.06645948510756247 0.0002
2746 -0.06829943767797535 0.07108848758803343 0.0002
2747 0.06250000000000003 0.071650635094611 0
2748 0.07165063509461096 0.06250000000000001 0
2749 0.0699785404608692 0.0698840398020682 0
2750 0.07145698422648229 0.06790267957814171 0
2751 0.06751753097427317 0.06654592843682722 0
2752 0.06813318888324403 0.07111612066670128 0
2753 0.07278708842046193 0.0727870884204619 0
2754 0.06250000000000001 0.071650635094611 0.0002
2755 0.07165063509461096 0.06250000000000001 0.0002
2756 0.0699785404608692 0.06988403980206821 0.0002
2757 0.07145698422648229 0.06790267957814171 0.0002
2758 0.06751753097427317 0.06654592843682722 0.0002
2759 0.06813318888324403 0.07111612066670128 0.0002
2760 0.07278708842046193 0.0727870884204619 0.0002
2761 0.00577163859753386 0.001148050297095269 -0.0009000000000000003
2762 0.005771638597533859 -0.001148050297095271 -0.0008999999999999999
2763 0.004892958941093504 0.003269370640654912 -0.0008999999999999999
2764 0.004892958941093502 -0.003269370640654914 -0.0009000000000000001
2765 0.003269370640654912 0.004892958941093503 -0.0009000000000000001
2766 0.003269370640654913 -0.004892958941093503 -0.0009000000000000001
2767 0.00114805029709527 0.00577163859753386 -0.0008999999999999999
2768 0.001148050297095269 -0.00577163859753386 -0.0009000000000000001
2769 -0.001148050297095268 0.005771638597533861 -0.0009000000000000001
2770 -0.001148050297095271 -0.00577163859753386 -0.0008999999999999999
2771 -0.003269370640654911 0.004892958941093503 -0.0009000000000000001
2772 -0.003269370640654914 -0.004892958941093502 -0.0009000000000000001
2773 -0.004892958941093503 0.003269370640654913 -0.0009000000000000001
2774 -0.004892958941093504 -0.003269370640654912 -0.0009000000000000001
2775 -0.00577163859753386 0.00114805029709527 -0.0009000000000000001
2776 -0.005771638597533861 -0.001148050297095269 -0.0009000000000000001
2777 0.0002799670657086119 -0.001565682705559001 0.0002
2778 0.001315742422210943 -0.0008791509795255478 0.0002
2779 -0.0008929661130110121 -0.001388995003949859 0.0002
2780 -0.001308487124458617 0.0009082538777454914 0.0002
2781 0.001374532095374575 0.0008872007311349582 0.0002
2782 -0.0003618989888887159 0.001577318348470079 0.0002
2783 -0.001567472594792789 -0.0002830076428071595 0.0002
2784 0.001638516805026967 -0.0004589488393788196 0.0002
2785 0.001897448756807713 0.0001366607458113097 0.0002
2786 0.001051046674107501 0.001338160022706741 0.0002
2787 0.0005701233469464225 0.001815477458685896 0.0002
2788 -0.001315742422210944 -0.0008791509795255475 0.0002
2789 -0.0008824976525604896 0.00135096404293463 0.0002
2790 -0.001568838142907952 0.0003393928624915557 0.0002
2791 -0.0003100652777158733 -0.001633472311245455 0.0002
2792 0.0008726513858091042 -0.001336050896402741 0.0002
2793 0.002012958770212383 -0.001047103440282182 0.0002
2794 0.001722132364582616 0.001425250905813211 0.0002
2795 -0.001523294802171294 -0.001568080844344654 0.0002
2796 0.000852889522484484 -0.002053176945002833 0.0002
2797 -0.0009326518822385559 0.00207181775148428 0.0002
2798 -0.001990464409544636 0.0009221512992832453 0.0002
2799 -0.001982415550254626 -0.0007903364464949946 0.0002
2800 -0.002136956802184581 7.088436803583939e-05 0.0002
2801 -0.001572262002545601 0.001596599184189104 0.0002
2802 -0.0001110587614739109 0.002219508167924586 0.0002
2803 7.075621124552445e-05 -0.00223536491162993 0.0002
2804 -0.0009012481758921532 -0.002290968592544089 0.0002
2805 0.00130431947061623 0.002043571303250969 0.0002
2806 0.002406564245228307 -0.000374037865070572 0.0002
2807 0.002653876891229221 0.0005629859243493268 0.0002
2808 -0.002495856116629057 -0.00164242556077763 0.0002
2809 -0.001886426115759258 -0.002450751667275082 0.0002
2810 0.0006927276363893788 -0.002993942532282315 0.0002
2811 -0.00250626973332735 0.001760779018527456 0.0002
2812 -0.002904125675088087 -0.0005206877769292888 0.0002
2813 0.001552285735773388 -0.001636592308404764 0.0002
2814 0.002535666412800797 -0.001836463402624626 0.0002
2815 -0.0007510941907599684 0.003011460601203566 0.0002
2816 0.001955257225431882 0.000826726957219882 0.0002
2817 0.002530615273288952 0.001447111786418173 0.0002
2818 0.0008366856025898268 0.002650355032023376 0.0002
2819 -0.00291711298079023 0.0006362393864847873 0.0002
2820 0.001690883465258638 -0.002545409754503928 0.0002
2821 -0.001712334882162542 0.002532156649018906 0.0002
2822 -0.0003444147476497449 -0.003097027460210611 0.0002
2823 -6.007585545755705e-07 0.003100444667279716 0.0002
2824 0.002031502018122686 0.002148324679999405 0.0002
2825 0.002807979239236908 -0.001007589068544524 0.0002
2826 0.001689635549587974 0.002851578331129716 0.0002
2827 0.003276357150814648 -0.000136440168210962 0.0002
2828 0.001507178703325542 0.0004619617106008515 0.0002
2829 0.0001112771430843807 0.001584191882818821 0.0002
2830 0.003407560279036682 -0.002261875031105549 -0.0018
2831 -0.003156283302919431 0.001737237274068612 -0.0018
2832 0.002142986383682086 0.003207205771132287 -0.0018
2833 -0.002247986360522512 -0.003187114737557985 -0.0018
2834 0.004128444059689474 0.0008139481655584593 -0.0018
2835 0.000840043157179774 -0.003899406885694848 -0.0018
2836 -0.0007525167455362296 0.00378315715332031 -0.0018
2837 -0.003972355903234173 -0.0006269760327163607 -0.0018
2838 -0.0008876540241019949 -0.004462538130712379 -0.0018
2839 -0.0003812347597118953 -0.00195554275808878 -0.0018
2840 0.001726679072882904 -0.002055937098766774 -0.0018
2841 0.001092807476360975 2.290469884646403e-05 -0.0018
2842 -0.001017708627678644 0.0006901159648248798 -0.0018
2843 0.0004596338504112333 0.002200899954751082 -0.0018
2844 -0.002095227825670314 -0.0008757975753170939 -0.0018
2845 0.0008876540241019928 0.00446253813071238 -0.0018
2846 -0.002433527773970374 0.003594954797239588 -0.0018
2847 0.004392942947857985 -0.0008665138818004494 -0.0018
2848 -0.003620297594322801 -0.002245725925380252 -0.0018
2849 0.003783157153320309 0.002527824793740216 -0.0018
2850 0.002527824793740217 -0.003783157153320311 -0.0018
2851 -0.004667979100305331 0.0008515904588856977 -0.0018
2852 0.002235449039249175 0.001493679294183519 -0.0018
2853 -0.001380080519938689 0.002401273028840894 -0.0018
2854 0.002830647145846198 -0.0004756323088473881 -0.0018
2855 -5.395390795303701e-05 0.0008804308069570859 0.0002
2856 -0.0003758301959051096 -0.0007997249461327718 0.0002
2857 -0.0005164476647945454 0.0006421800637090865 0.0002
2858 0.0002637145889325609 0.0005627163665630971 0.0002
2859 0.0003306781504318742 -0.0006747105993104453 0.0002
2860 0.0001331986664498726 1.387778780781447e-19 0.008221006177271886
2861 -0.006176636376705346 1.387778780781447e-19 0.006667491067583382
2862 -0.004491588280272578 1.387778780781447e-19 0.01228939567929285
2863 0.0005182255005775638 1.387778780781447e-19 0.01444932312344459
2864 -0.003741909251509775 1.387778780781447e-19 0.01774063963329432
2865 0.0008084613549428229 1.387778780781447e-19 0.01962311016252181
2866 -0.003109507608580985 1.387778780781447e-19 0.02275530375873883
2867 0.001134371336031448 1.387778780781447e-19 0.02432209703870803
2868 -0.002112198000272686 1.387778780781447e-19 0.02741218922686981
2869 -0.006396264745310437 1.387778780781447e-19 0.02628735877184843
2870 0.001637633492759812 1.387778780781447e-19 0.02838548612545634
2871 0.005262117355139703 1.387778780781447e-19 0.02672851859297724
2872 -0.001680163400592216 1.387778780781447e-19 0.03077941113659995
2873 0.001835059188774096 1.387778780781447e-19 0.03235880045398871
2874 0.004826598008418882 1.387778780781447e-19 0.01676316833810201
2875 -0.008605004119447026 1.387778780781447e-19 0.01625057604436295
2876 0.006176636376705347 1.387778780781447e-19 0.006667491067583382
2877 0 1.387778780781447e-19 0.03715460126685644
2878 0 1.387778780781447e-19 0.02970961894323342
2879 -0.006277079784098949 1.387778780781447e-19 0.03484552781272655
2880 0.006845799324535067 1.387778780781447e-19 0.03581336297270936
2881 0.006589988373084147 1.387778780781447e-19 0.03160390106280767
2882 0.01317325689311239 1.387778780781447e-19 0.03628894217792016
2883 0.01121837253042986 1.387778780781447e-19 0.02847568061926338
2884 -0.008569576384182698 1.387778780781447e-19 0.01111218228814602
2885 -0.01306229698664135 1.387778780781447e-19 0.01139750253199569
2886 -0.01385351327556488 1.387778780781447e-19 0.02229324873006918
2887 -0.008591309704454734 1.387778780781447e-19 0.02270000000000001
2888 -0.0102410178600286 1.387778780781447e-19 0.02790310229413486
2889 -0.0126630637881012 1.387778780781447e-19 0.00735121715110788
2890 0.004907441449346531 1.387778780781447e-19 0.01168091876716807
2891 0.008926389006814594 1.387778780781447e-19 0.01409118584392113
2892 0.008095855204551144 1.387778780781447e-19 0.01824851123686036
2893 -0.005993174718947603 1.387778780781447e-19 0.03047616648654242
2894 -0.01027221744357732 1.387778780781447e-19 0.03327522537372972
2895 -0.01092398651271276 1.387778780781447e-19 0.03749108953457411
2896 -0.01394125602291562 1.387778780781447e-19 0.03625479293138644
2897 -0.01430133410034774 1.387778780781447e-19 0.032632707051733
2898 0.01280238126181366 1.387778780781447e-19 0.01989464137571927
2899 0.008364028559642739 1.387778780781447e-19 0.02304056638904473
2900 0.0133544846429424 1.387778780781447e-19 0.01040173566595409
2901 0.008940006765808672 1.387778780781447e-19 0.009884779404815268
2902 0.01219915658469256 1.387778780781447e-19 0.007079049638222279
2903 0.01437380599190536 1.387778780781447e-19 0.007522044951079766
2904 0.004748571969787789 1.387778780781447e-19 0.02145432862636903
2905 -0.01509957106958973 1.387778780781447e-19 0.03802608085264447
2906 0.003831199602439439 1.387778780781447e-19 0.02976917655880749
2907 -0.003487604475909691 1.387778780781447e-19 0.03331392667568133
2908 0.0001331986664498726 -0.0001999999999999999 0.008221006177271886
2909 -0.006176636376705346 -0.0001999999999999999 0.006667491067583382
2910 -0.004491588280272578 -0.0001999999999999999 0.01228939567929285
2911 0.0005182255005775638 -0.0001999999999999999 0.01444932312344459
2912 -0.003741909251509775 -0.0001999999999999999 0.01774063963329432
2913 0.0008084613549428229 -0.0001999999999999999 0.01962311016252181
2914 -0.003109507608580985 -0.0001999999999999999 0.02275530375873883
2915 0.001134371336031448 -0.0001999999999999999 0.02432209703870803
2916 -0.002112198000272686 -0.0001999999999999999 0.02741218922686981
2917 -0.006396264745310437 -0.0001999999999999999 0.02628735877184843
2918 0.001637633492759812 -0.0001999999999999999 0.02838548612545634
2919 0.005262117355139703 -0.0001999999999999999 0.02672851859297724
2920 -0.001680163400592216 -0.0001999999999999999 0.03077941113659995
2921 0.001835059188774096 -0.0001999999999999999 0.03235880045398871
2922 0.004826598008418882 -0.0001999999999999999 0.01676316833810201
2923 -0.008605004119447026 -0.0001999999999999999 0.01625057604436295
2924 0.006176636376705347 -0.0001999999999999999 0.006667491067583382
2925 0 -0.0001999999999999999 0.03715460126685644
2926 0 -0.0001999999999999999 0.02970961894323342
2927 -0.006277079784098949 -0.0001999999999999999 0.03484552781272655
2928 0.006845799324535067 -0.0001999999999999999 0.03581336297270936
2929 0.006589988373084147 -0.0001999999999999999 0.03160390106280767
2930 0.01317325689311239 -0.0001999999999999999 0.03628894217792016
2931 0.01121837253042986 -0.0001999999999999999 0.02847568061926338
2932 -0.008569576384182698 -0.0001999999999999999 0.01111218228814602
2933 -0.01306229698664135 -0.0001999999999999999 0.01139750253199569
2934 -0.01385351327556488 -0.0001999999999999999 0.02229324873006918
2935 -0.008591309704454734 -0.0001999999999999999 0.02270000000000001
2936 -0.0102410178600286 -0.0001999999999999999 0.02790310229413486
2937 -0.0126630637881012 -0.0001999999999999999 0.00735121715110788
2938 0.004907441449346531 -0.0001999999999999999 0.01168091876716807
2939 0.008926389006814594 -0.0001999999999999999 0.01409118584392113
2940 0.008095855204551144 -0.0001999999999999999 0.01824851123686036
2941 -0.005993174718947603 -0.0001999999999999999 0.03047616648654242
2942 -0.01027221744357732 -0.0001999999999999999 0.03327522537372972
2943 -0.01092398651271276 -0.0001999999999999999 0.03749108953457411
2944 -0.01394125602291562 -0.0001999999999999999 0.03625479293138644
2945 -0.01430133410034774 -0.0001999999999999999 0.032632707051733
2946 0.01280238126181366 -0.0001999999999999999 0.01989464137571927
2947 0.008364028559642739 -0.0001999999999999999 0.02304056638904473
2948 0.0133544846429424 -0.0001999999999999999 0.01040173566595409
2949 0.008940006765808672 -0.0001999999999999999 0.009884779404815268
2950 0.01219915658469256 -0.0001999999999999999 0.007079049638222279
2951 0.01437380599190536 -0.0001999999999999999 0.007522044951079766
2952 0.004748571969787789 -0.0001999999999999999 0.02145432862636903
2953 -0.01509957106958973 -0.0001999999999999999 0.03802608085264447
2954 0.003831199602439439 -0.0001999999999999999 0.02976917655880749
2955 -0.003487604475909691 -0.0001999999999999999 0.03331392667568133
2956 -0.01781309417657127 1.387778780781447e-19 0.005161388752314479
2957 -0.0190714850372729 1.387778780781447e-19 0.006165265016485476
2958 -0.01896301202326697 1.387778780781447e-19 0.004522123667252043
2959 -0.01858124756086783 1.387778780781447e-19 0.003810780290948531
2960 -0.01721284294370338 1.387778780781447e-19 0.003914433808652603
2961 -0.01753861124768553 1.387778780781447e-19 0.04051309417657121
2962 -0.0165347349835145 1.387778780781447e-19 0.04177148503727287
2963 -0.01817787633274796 1.387778780781447e-19 0.04166301202326694
2964 -0.01888921970905148 1.387778780781447e-19 0.04128124756086778
2965 -0.0187855661913474 1.387778780781447e-19 0.03991284294370336
2966 0.01781309417657134 1.387778780781447e-19 0.04023861124768553
2967 0.01907148503727291 1.387778780781447e-19 0.03923473498351451
2968 0.018963012023267 1.387778780781447e-19 0.04087787633274795
2969 0.01858124756086789 1.387778780781447e-19 0.04158921970905147
2970 0.01721284294370341 1.387778780781447e-19 0.0414855661913474
2971 0.01791159219810685 1.387778780781447e-19 0.005147704737624356
2972 0.0190714850372729 1.387778780781447e-19 0.006165265016485476
2973 0.01903288524878853 1.387778780781447e-19 0.004519529229866267
2974 0.01859919532708108 1.387778780781447e-19 0.004013117475542658
2975 0.01746669171745935 1.387778780781447e-19 0.0037032010734048
2976 -0.01781309417657127 -0.0001999999999999999 0.005161388752314475
2977 -0.01907148503727289 -0.0001999999999999999 0.006165265016485475
2978 -0.01896301202326696 -0.0001999999999999999 0.004522123667252041
2979 -0.01858124756086783 -0.0001999999999999999 0.003810780290948528
2980 -0.01721284294370338 -0.0001999999999999999 0.003914433808652602
2981 -0.01753861124768553 -0.0001999999999999999 0.04051309417657121
2982 -0.0165347349835145 -0.0001999999999999999 0.04177148503727287
2983 -0.01817787633274796 -0.0001999999999999999 0.04166301202326694
2984 -0.01888921970905148 -0.0001999999999999999 0.04128124756086778
2985 -0.0187855661913474 -0.0001999999999999999 0.03991284294370336
2986 0.01781309417657134 -0.0001999999999999999 0.04023861124768553
2987 0.01907148503727291 -0.0001999999999999999 0.03923473498351451
2988 0.018963012023267 -0.0001999999999999999 0.04087787633274795
2989 0.01858124756086789 -0.0001999999999999999 0.04158921970905147
2990 0.01721284294370341 -0.0001999999999999999 0.0414855661913474
2991 0.01791159219810685 -0.0001999999999999999 0.005147704737624356
2992 0.0190714850372729 -0.0001999999999999999 0.006165265016485476
2993 0.01903288524878853 -0.0001999999999999999 0.004519529229866267
2994 0.01859919532708108 -0.0001999999999999999 0.004013117475542658
2995 0.01746669171745935 -0.0001999999999999999 0.003703201073404801
2996 -0.01955741768409238 1.387778780781447e-19 0.003142582315907618
2997 -0.01955741768409238 -0.0001999999999999999 0.003142582315907618
2998 -0.01955741768409239 1.387778780781447e-19 0.04225741768409237
2999 -0.01955741768409239 -0.0001999999999999999 0.04225741768409237
3000 0.01955741768409238 1.387778780781447e-19 0.04225741768409237
3001 0.01955741768409238 -0.0001999999999999999 0.04225741768409237
3002 0.01955741768409238 1.387778780781447e-19 0.003142582315907612
3003 0.01955741768409238 -0.0001999999999999999 0.003142582315907612
3004 -0.02137764600836756 4.440892098500625e-18 0.0430931041178066
3005 -0.02034601001525059 4.440892098500625e-18 0.04408550582023556
3006 -0.01961695292642034 4.440892098500625e-18 0.04413717859845954
3007 -0.02096187058679036 4.440892098500625e-18 0.04374432088637852
3008 -0.01991205862368143 4.440892098500625e-18 0.04471881719495022
3009 -0.02089404856280677 4.440892098500625e-18 0.04478928010541663
3010 -0.02179032282401018 4.440892098500625e-18 0.0439227044903759
3011 -0.02221980277848898 4.440892098500625e-18 0.04296194838033926
3012 -0.01887659750621157 4.440892098500625e-18 0.04463835994690762
3013 -0.02154229900125307 4.440892098500625e-18 0.04236368709336229
3014 -0.02223779146858733 4.440892098500625e-18 0.04197311244498288
3015 -0.02122443044514974 4.440892098500625e-18 0.04146799793437863
3016 -0.02227351808292368 4.440892098500625e-18 0.04520915576379139
3017 -0.02310406488987792 4.440892098500625e-18 0.04393780690707379
3018 -0.0196114646499487 4.440892098500625e-18 0.04578514751252197
3019 -0.02125528489084276 4.440892098500625e-18 0.04000016030770683
3020 -0.02255199400906406 4.440892098500625e-18 0.0407629306230777
3021 -0.02105580625913583 4.440892098500625e-18 0.04610274208013044
3022 -0.02324063002749008 4.440892098500625e-18 0.04208929972591227
3023 -0.01791970411083454 4.440892098500625e-18 0.04532423485483002
3024 -0.01794058541693463 4.440892098500625e-18 0.04396753979579829
3025 -0.01876389057929066 4.440892098500625e-18 0.04393610942070934
3026 -0.02 4.440892098500627e-18 0.04332200846792815
3027 -0.02053867513459481 4.440892098500627e-18 0.04238899576603593
3028 -0.02137764600836756 -0.0001999999999999956 0.0430931041178066
3029 -0.02034601001525059 -0.0001999999999999956 0.04408550582023556
3030 -0.01961695292642034 -0.0001999999999999956 0.04413717859845954
3031 -0.02096187058679036 -0.0001999999999999956 0.04374432088637852
3032 -0.01991205862368143 -0.0001999999999999956 0.04471881719495022
3033 -0.02089404856280677 -0.0001999999999999956 0.04478928010541663
3034 -0.02179032282401018 -0.0001999999999999956 0.0439227044903759
3035 -0.02221980277848898 -0.0001999999999999956 0.04296194838033926
3036 -0.01887659750621157 -0.0001999999999999956 0.04463835994690762
3037 -0.02154229900125307 -0.0001999999999999956 0.04236368709336229
3038 -0.02223779146858733 -0.0001999999999999956 0.04197311244498288
3039 -0.02122443044514974 -0.0001999999999999956 0.04146799793437863
3040 -0.02227351808292368 -0.0001999999999999956 0.04520915576379139
3041 -0.02310406488987792 -0.0001999999999999956 0.04393780690707379
3042 -0.0196114646499487 -0.0001999999999999956 0.04578514751252197
3043 -0.02125528489084276 -0.0001999999999999956 0.04000016030770683
3044 -0.02255199400906406 -0.0001999999999999956 0.0407629306230777
3045 -0.02105580625913583 -0.0001999999999999956 0.04610274208013044
3046 -0.02324063002749008 -0.0001999999999999956 0.04208929972591227
3047 -0.01791970411083454 -0.0001999999999999956 0.04532423485483002
3048 -0.01794058541693463 -0.0001999999999999956 0.04396753979579829
3049 -0.01876389057929066 -0.0001999999999999956 0.04393610942070934
3050 -0.02 -0.0001999999999999956 0.04332200846792815
3051 -0.02053867513459481 -0.0001999999999999956 0.04238899576603593
3052 0.02102926115653657 4.440892098500628e-18 0.04369652438176523
3053 0.01962959490004225 4.440892098500628e-18 0.04414763567910525
3054 0.02143893058757871 4.440892098500628e-18 0.04231881051925848
3055 0.02136602540378444 4.440892098500628e-18 0.04306602540378444
3056 0.02188242691104075 4.440892098500628e-18 0.04369153363675383
3057 0.0221294908875508 4.440892098500628e-18 0.04276953503714429
3058 0.02111597826726348 4.440892098500628e-18 0.04441888210056086
3059 0.02196073759588098 4.440892098500628e-18 0.0415959554260845
3060 0.02037539229677678 4.440892098500628e-18 0.0440513358992391
3061 0.02011078937860549 4.440892098500628e-18 0.04483087086298202
3062 0.01912820734798688 4.440892098500628e-18 0.04489996355060807
3063 0.0231726076289601 4.440892098500628e-18 0.04355251072177255
3064 0.02098799519175924 4.440892098500628e-18 0.04576428200509502
3065 0.01882649452630644 4.440892098500628e-18 0.04402106470659786
3066 0.01788950476817146 4.440892098500628e-18 0.04507898255448795
3067 0.01767428640283371 4.440892098500628e-18 0.04359435382188877
3068 0.0197530318538351 4.440892098500628e-18 0.04578470052951918
3069 0.02233152250299096 4.440892098500628e-18 0.04494288924718408
3070 0.02319684259762098 4.440892098500628e-18 0.04182165145509826
3071 0.02265031232094298 4.440892098500628e-18 0.04052413486304943
3072 0.02126385439229075 4.440892098500628e-18 0.04063319445298656
3073 0.02123916509815146 4.440892098500628e-18 0.04146083490184855
3074 0.01862041991308305 4.440892098500628e-18 0.04582479618877042
3075 0.01993899576603593 4.440892098500627e-18 0.04326100423396408
3076 0.0205 4.440892098500627e-18 0.04283397459621556
3077 0.02037320508075689 4.440892098500627e-18 0.04225358983848623
3078 0.02102926115653657 -0.0001999999999999956 0.04369652438176523
3079 0.01962959490004225 -0.0001999999999999956 0.04414763567910525
3080 0.02143893058757871 -0.0001999999999999956 0.04231881051925848
3081 0.02136602540378444 -0.0001999999999999956 0.04306602540378444
3082 0.02188242691104075 -0.0001999999999999956 0.04369153363675383
3083 0.0221294908875508 -0.0001999999999999956 0.04276953503714429
3084 0.02111597826726348 -0.0001999999999999956 0.04441888210056086
3085 0.02196073759588098 -0.0001999999999999956 0.0415959554260845
3086 0.02037539229677678 -0.0001999999999999956 0.0440513358992391
3087 0.02011078937860549 -0.0001999999999999956 0.04483087086298202
3088 0.01912820734798688 -0.0001999999999999956 0.04489996355060807
3089 0.0231726076289601 -0.0001999999999999956 0.04355251072177255
3090 0.02098799519175924 -0.0001999999999999956 0.04576428200509502
3091 0.01882649452630644 -0.0001999999999999956 0.04402106470659786
3092 0.01788950476817146 -0.0001999999999999956 0.04507898255448795
3093 0.01767428640283371 -0.0001999999999999956 0.04359435382188877
3094 0.0197530318538351 -0.0001999999999999956 0.04578470052951918
3095 0.02233152250299096 -0.0001999999999999956 0.04494288924718408
3096 0.02319684259762098 -0.0001999999999999956 0.04182165145509826
3097 0.02265031232094298 -0.0001999999999999956 0.04052413486304943
3098 0.02126385439229075 -0.0001999999999999956 0.04063319445298656
3099 0.02123916509815146 -0.0001999999999999956 0.04146083490184855
3100 0.01862041991308306 -0.0001999999999999956 0.04582479618877042
3101 0.0205 -0.0001999999999999956 0.04283397459621557
3102 0.01993899576603593 -0.0001999999999999956 0.04326100423396408
3103 0.02037320508075689 -0.0001999999999999956 0.04225358983848623
3104 0.02148141017710737 0 0.003265279884055669
3105 0.02236893761007106 0 0.005123861095384823
3106 0.0230010787471405 0 0.001967646534632012
3107 0.02333263351313689 0 0.003623780148428356
3108 0.02092808116236498 0 0.006163646051493689
3109 0.02103781247223177 0 0.004588763225307151
3110 0.02118986253172675 0 0.003702351353752669
3111 0.02198126953008601 0 0.00385645781193182
3112 0.02194373622854253 0 0.002935527396507976
3113 0.01955358983848622 0 0.002326794919243114
3114 0.02013211674608921 0 0.002175588726067213
3115 0.02056069459227635 0 0.00275693568830861
3116 0.02148141017710737 -0.0002 0.003265279884055669
3117 0.02236893761007106 -0.0002 0.005123861095384823
3118 0.0230010787471405 -0.0002 0.001967646534632012
3119 0.02333263351313689 -0.0002 0.003623780148428356
3120 0.02092808116236498 -0.0002 0.006163646051493689
3121 0.02103781247223177 -0.0002 0.004588763225307151
3122 0.02118986253172675 -0.0002 0.003702351353752669
3123 0.02198126953008601 -0.0002 0.00385645781193182
3124 0.02194373622854253 -0.0002 0.002935527396507976
3125 0.01955358983848622 -0.0002 0.002326794919243114
3126 0.02013211674608921 -0.0002 0.002175588726067213
3127 0.02056069459227635 -0.0002 0.00275693568830861
3128 -0.02136602540378444 0 0.002333974596215565
3129 -0.02152264676397016 0 0.003060811890236976
3130 -0.02223164791347192 0 0.004989143733108216
3131 -0.02092808116236498 0 0.006163646051493684
3132 -0.02099185975033361 0 0.004483676972843498
3133 -0.02138077703794743 0 0.003815371624430799
3134 -0.02219258477703583 0 0.00372120891341515
3135 -0.02325235590740768 0 0.00182853386111152
3136 -0.02323974888685569 0 0.003496273638399727
3137 -0.02231467234781076 0 0.002888160579875788
3138 -0.02036602540378444 0 0.002333974596215561
3139 -0.02045534180126148 0 0.003033333333333335
3140 -0.01966666666666667 0 0.002244658198738522
3141 -0.02136602540378444 -0.0002000000000000001 0.002333974596215565
3142 -0.02152264676397016 -0.0002000000000000001 0.003060811890236976
3143 -0.02223164791347192 -0.0002000000000000001 0.004989143733108216
3144 -0.02092808116236498 -0.0002000000000000001 0.006163646051493684
3145 -0.02099185975033361 -0.0002000000000000001 0.004483676972843498
3146 -0.02138077703794743 -0.0002000000000000001 0.003815371624430799
3147 -0.02219258477703583 -0.0002000000000000001 0.00372120891341515
3148 -0.02325235590740768 -0.0002000000000000001 0.00182853386111152
3149 -0.02323974888685569 -0.0002000000000000001 0.003496273638399727
3150 -0.02231467234781076 -0.0002000000000000001 0.002888160579875788
3151 -0.02036602540378444 -0.0002000000000000001 0.002333974596215561
3152 -0.02054641016151378 -0.0002000000000000001 0.002900000000000001
3153 -0.01966666666666667 -0.0002000000000000001 0.002244658198738522
3154 -0.07675785569110516 0.08189927111226314 0
3155 -0.07325403573360748 0.08193973985160491 0
3156 -0.08189927111226315 0.07324214430889485 0
3157 -0.08183012701892219 0.0768301270189222 0
3158 -0.07538097228983789 0.08497126755896015 0
3159 -0.0854176471863821 0.07542297440881662 0
3160 -0.07834936490538905 0.06249999999999999 0
3161 -0.0625 0.07834936490538905 0
3162 -0.08022130271293586 0.08518618438361138 0
3163 -0.07993001033133061 0.08015126599264816 0
3164 -0.08394064954609828 0.08016188642217001 0
3165 -0.08544135757382626 0.07053902168267299 0
3166 -0.08088880088474609 0.07008224282810818 0
3167 -0.07130093509670495 0.08640680826913089 0
3168 -0.07002162008383198 0.08100537841404409 0
3169 -0.08333566004418291 0.06556477298403561 0
3170 -0.06567187147323025 0.08329657009212896 0
3171 -0.07901476516686361 0.06776337775864431 0
3172 -0.06777267290762801 0.07903026268231242 0
3173 -0.08915168823093521 0.07883204622354743 0
3174 -0.08576295879999457 0.08566086577737241 0
3175 -0.0771763973034761 0.08942308697778743 0
3176 -0.08977476379201611 0.07299679171841328 0
3177 -0.07313995766035927 0.07738835450315369 0
3178 -0.0775 0.07566987298107784 0
3179 -0.07562799153207185 0.07747767090063074 0
3180 -0.07738835450315369 0.07313995766035927 0
3181 -0.07675785569110516 0.08189927111226314 0.0002000000000000001
3182 -0.07325403573360748 0.08193973985160491 0.0002000000000000001
3183 -0.08189927111226315 0.07324214430889485 0.0002000000000000001
3184 -0.08183012701892219 0.0768301270189222 0.0002000000000000001
3185 -0.07834936490538902 0.06249999999999999 0.0002000000000000001
3186 -0.0625 0.07834936490538902 0.0002000000000000001
3187 -0.07538097228983789 0.08497126755896015 0.0002000000000000001
3188 -0.0854176471863821 0.07542297440881662 0.0002000000000000001
3189 -0.08022130271293586 0.08518618438361138 0.0002000000000000001
3190 -0.07993001033133061 0.08015126599264816 0.0002000000000000001
3191 -0.08394064954609828 0.08016188642217001 0.0002000000000000001
3192 -0.08544135757382626 0.07053902168267299 0.0002000000000000001
3193 -0.08088880088474609 0.07008224282810818 0.0002000000000000001
3194 -0.07130093509670495 0.08640680826913087 0.0002000000000000001
3195 -0.07002162008383198 0.08100537841404409 0.0002000000000000001
3196 -0.08333566004418291 0.06556477298403561 0.0002000000000000001
3197 -0.06567187147323025 0.08329657009212896 0.0002000000000000001
3198 -0.07901476516686361 0.06776337775864431 0.0002000000000000001
3199 -0.06777267290762801 0.07903026268231242 0.0002000000000000001
3200 -0.08915168823093521 0.07883204622354743 0.0002000000000000001
3201 -0.08576295879999457 0.08566086577737241 0.0002000000000000001
3202 -0.0771763973034761 0.08942308697778742 0.0002000000000000001
3203 -0.08977476379201611 0.07299679171841328 0.0002000000000000001
3204 -0.07313995766035927 0.07738835450315369 0.0002000000000000001
3205 -0.0775 0.07566987298107784 0.0002000000000000001
3206 -0.07562799153207185 0.07747767090063074 0.0002000000000000001
3207 -0.07738835450315369 0.07313995766035927 0.0002000000000000001
3208 0.07315346734395695 0.08223129179887297 0
3209 0.07683012701892218 0.0818301270189222 0
3210 0.08 0.07999999999999999 0
3211 0.08183012701892219 0.0768301270189222 0
3212 0.08196001823052822 0.07324332234293088 0
3213 0.07834936490538894 0.06250000000000001 0
3214 0.07540807781942904 0.08546555107400663 0
3215 0.08012382077471007 0.08384756621517646 0
3216 0.08389405265464586 0.08013234219866258 0
3217 0.0862829662870655 0.07573298344193266 0
3218 0.07053902168267298 0.08544135757382625 0
3219 0.06984671478335444 0.08134708649482857 0
3220 0.06723425833927224 0.07960353765837605 0
3221 0.08555443535330973 0.07030608550711041 0
3222 0.0808512616496541 0.06982983039195327 0
3223 0.08330260286028668 0.06531352484462712 0
3224 0.07900064588306593 0.06766264564353164 0
3225 0.06509637978831503 0.0837761709329759 0
3226 0.07901538646319392 0.08871621888435183 0
3227 0.0852407766044618 0.08518467011781258 0
3228 0.0885476607243724 0.08020999915168156 0
3229 0.0730139798459907 0.089735216296204 0
3230 0.06222395915035103 0.07946696859737477 0
3231 0.07313995766035927 0.07738835450315369 0
3232 0.0756698729810778 0.0775 0
3233 0.0775 0.0756698729810778 0
3234 0.07738835450315369 0.07313995766035926 0
3235 0.07315346734395695 0.08223129179887297 0.0002
3236 0.07683012701892218 0.0818301270189222 0.0002
3237 0.08 0.07999999999999999 0.0002
3238 0.08183012701892219 0.0768301270189222 0.0002
3239 0.08196001823052822 0.07324332234293088 0.0002
3240 0.07834936490538894 0.06250000000000001 0.0002
3241 0.07540807781942904 0.08546555107400663 0.0002
3242 0.08012382077471007 0.08384756621517646 0.0002
3243 0.08389405265464586 0.08013234219866258 0.0002
3244 0.0862829662870655 0.07573298344193266 0.0002
3245 0.07053902168267298 0.08544135757382625 0.0002
3246 0.06984671478335444 0.08134708649482857 0.0002
3247 0.06723425833927224 0.07960353765837605 0.0002
3248 0.08555443535330973 0.07030608550711041 0.0002
3249 0.0808512616496541 0.06982983039195327 0.0002
3250 0.08330260286028668 0.06531352484462712 0.0002
3251 0.07900064588306593 0.06766264564353164 0.0002
3252 0.06509637978831503 0.0837761709329759 0.0002
3253 0.07901538646319392 0.08871621888435183 0.0002
3254 0.0852407766044618 0.08518467011781258 0.0002
3255 0.0885476607243724 0.08020999915168156 0.0002
3256 0.0730139798459907 0.089735216296204 0.0002
3257 0.06222395915035103 0.07946696859737477 0.0002
3258 0.07333333333333333 0.0772767090063074 0.0002
3259 0.0772767090063074 0.07333333333333333 0.0002
3260 0.07683012701892218 0.07683012701892221 0.0002
3261 0.07675785569110516 -0.08189927111226315 0
3262 0.0739452410015432 -0.08238030198161359 0
3263 0.08223129179887298 -0.07315346734395696 0
3264 0.0818301270189222 -0.0768301270189222 0
3265 0.07551921334342501 -0.08505937998496188 0
3266 0.08547298396748378 -0.0754081949146603 0
3267 0.08023540894289372 -0.08519517544748911 0
3268 0.07993236136965692 -0.08015276450329445 0
3269 0.08394064954609834 -0.08016188642217001 0
3270 0.08544135757382629 -0.07053902168267299 0
3271 0.07046834931661082 -0.08547982673733021 0
3272 0.08134708649482858 -0.06984671478335443 0
3273 0.07960353765837605 -0.06723425833927221 0
3274 0.0837761709329759 -0.06509637978831503 0
3275 0.08915408900062766 -0.07883140501961519 0
3276 0.08576381818148404 -0.08566130048478317 0
3277 0.07710698521199147 -0.08933840554493833 0
3278 0.08965446052245413 -0.07297876240512437 0
3279 0.07946696859737477 -0.062223959150351 0
3280 0.0756698729810778 -0.07750000000000003 0
3281 0.07780502116982037 -0.07469497883017963 0
3282 0.07276794919243111 -0.07686602540378444 0
3283 0.07675785569110516 -0.08189927111226315 0.0002000000000000001
3284 0.0739452410015432 -0.08238030198161359 0.0002000000000000001
3285 0.08223129179887298 -0.07315346734395696 0.0002000000000000001
3286 0.0818301270189222 -0.0768301270189222 0.0002000000000000001
3287 0.07551921334342501 -0.08505937998496188 0.0002000000000000001
3288 0.08547298396748378 -0.0754081949146603 0.0002000000000000001
3289 0.08023540894289372 -0.08519517544748911 0.0002000000000000001
3290 0.07993236136965692 -0.08015276450329445 0.0002000000000000001
3291 0.08394064954609834 -0.08016188642217001 0.0002000000000000001
3292 0.08544135757382629 -0.07053902168267299 0.0002000000000000001
3293 0.07046834931661082 -0.08547982673733021 0.0002000000000000001
3294 0.08134708649482858 -0.06984671478335443 0.0002000000000000001
3295 0.07960353765837605 -0.06723425833927221 0.0002000000000000001
3296 0.0837761709329759 -0.06509637978831503 0.0002000000000000001
3297 0.08915408900062766 -0.07883140501961519 0.0002000000000000001
3298 0.08576381818148404 -0.08566130048478317 0.0002000000000000001
3299 0.07710698521199147 -0.08933840554493833 0.0002000000000000001
3300 0.08965446052245413 -0.07297876240512437 0.0002000000000000001
3301 0.07946696859737477 -0.062223959150351 0.0002000000000000001
3302 0.0768301270189222 -0.0768301270189222 0.0002000000000000001
3303 0.07333333333333332 -0.0772767090063074 0.0002000000000000001
3304 0.0772767090063074 -0.07333333333333333 0.0002000000000000001
3305 -0.08240394463346737 -0.07394879451348357 0
3306 -0.07324214430889484 -0.08189927111226318 0
3307 -0.0768301270189222 -0.08183012701892223 0
3308 -0.08000000000000003 -0.07999999999999999 0
3309 -0.08186055770130599 -0.07694738413643687 0
3310 -0.07542285731358538 -0.08541021429290503 0
3311 -0.08013811765502073 -0.08387634681433084 0
3312 -0.08560491059565162 -0.07553721313406295 0
3313 -0.08379487794356719 -0.08015359478078925 0
3314 -0.06249999999999999 -0.07834936490538903 0
3315 -0.07053902168267298 -0.0854413575738263 0
3316 -0.07008224282810817 -0.08088880088474611 0
3317 -0.0846200060964898 -0.06974064046917153 0
3318 -0.0655647729840356 -0.08333566004418291 0
3319 -0.06776337775864431 -0.07901476516686362 0
3320 -0.07902418994636638 -0.08873920045550783 0
3321 -0.0852594334291405 -0.08526654354002286 0
3322 -0.08869338039929113 -0.07896774369769002 0
3323 -0.07301638627224874 -0.08973191474416876 0
3324 -0.08924776103342427 -0.07284911946018489 0
3325 -0.07799839684279443 -0.07458333333333333 0
3326 -0.07333333333333333 -0.0772767090063074 0
3327 -0.07636030953250833 -0.07728169489309382 0
3328 -0.08240394463346737 -0.07394879451348357 0.0002000000000000001
3329 -0.07324214430889484 -0.08189927111226318 0.0002000000000000001
3330 -0.0768301270189222 -0.08183012701892223 0.0002000000000000001
3331 -0.08000000000000003 -0.07999999999999999 0.0002000000000000001
3332 -0.08186055770130599 -0.07694738413643687 0.0002000000000000001
3333 -0.06249999999999999 -0.07834936490538902 0.0002000000000000001
3334 -0.07542285731358538 -0.08541021429290503 0.0002000000000000001
3335 -0.08013811765502073 -0.08387634681433084 0.0002000000000000001
3336 -0.08560491059565162 -0.07553721313406295 0.0002000000000000001
3337 -0.08379487794356719 -0.08015359478078925 0.0002000000000000001
3338 -0.07053902168267298 -0.0854413575738263 0.0002000000000000001
3339 -0.07008224282810817 -0.08088880088474611 0.0002000000000000001
3340 -0.0846200060964898 -0.06974064046917153 0.0002000000000000001
3341 -0.0655647729840356 -0.08333566004418291 0.0002000000000000001
3342 -0.06776337775864431 -0.07901476516686361 0.0002000000000000001
3343 -0.07902418994636638 -0.08873920045550783 0.0002000000000000001
3344 -0.0852594334291405 -0.08526654354002286 0.0002000000000000001
3345 -0.08869338039929113 -0.07896774369769002 0.0002000000000000001
3346 -0.07301638627224874 -0.08973191474416876 0.0002000000000000001
3347 -0.08924776103342427 -0.07284911946018489 0.0002000000000000001
3348 -0.07780502116982037 -0.07469497883017963 0.0002000000000000001
3349 -0.07276794919243113 -0.07686602540378444 0.0002000000000000001
3350 -0.07566987298107782 -0.07750000000000001 0.0002000000000000001
3351 0.003982430632298363 0.0007921547049957357 -0.0003
3352 0.003982430632298362 -0.000792154704995737 -0.0002999999999999999
3353 0.003376141669354517 0.002255865742051889 -0.0002999999999999999
3354 0.001343823275379931 -0.000946692981648101 -0.0008
3355 -0.0003834694644677449 -0.001557544290516804 -0.0008
3356 -0.001393483359609903 -0.0008418189418369906 -0.0008
3357 0.001374532095374576 0.0008872007311349583 -0.0008
3358 -0.00157505726622817 0.0003578336109885978 -0.0008
3359 -0.000293911692903479 0.001611344385703328 -0.0008
3360 0.001051046674107502 0.001338160022706741 -0.0008
3361 0.0005998470179490785 0.001805417339591312 -0.0008
3362 0.001638516805026967 -0.0004589488393788196 -0.0008
3363 0.001897448756807713 0.0001366607458113099 -0.0008
3364 7.926994456561731e-05 -0.001682046190660249 -0.0008
3365 -0.001001168280367524 -0.001366419929017988 -0.0008
3366 -0.001308321546635417 0.0009175926216947073 -0.0008
3367 -0.0008494942707938196 0.001356149800347142 -0.0008
3368 -0.001573932112272489 -0.0002564395417691914 -0.0008
3369 -0.001991899298337541 0.000879886229476465 -0.0008
3370 0.001962238602719668 -0.001043044221697478 -0.0008
3371 0.001668837973307129 -0.001525709240541699 -0.0008
3372 0.001722132364582617 0.001425250905813212 -0.0008
3373 -0.0002400161468745585 -0.002223576958044973 -0.0008
3374 -0.001712977245505744 -0.001428067421057134 -0.0008
3375 -0.0006994945743847471 0.002053664989847371 -0.0008
3376 -0.001350972736261765 -0.002072542207239396 -0.0008
3377 -0.001483330322432824 0.001543278701765382 -0.0008
3378 0.0005227299838606078 -0.002367316268873375 -0.0008
3379 0.001286897791990195 0.002014631099350423 -0.0008
3380 0.0006665190064462306 0.002746647291131884 -0.0008
3381 0.002351235857120478 -0.0004173968476455215 -0.0008
3382 0.002791026712395707 0.0004359406295615875 -0.0008
3383 -0.002441582662427203 0.001687585607876912 -0.0008
3384 -0.002929271067734106 -0.0004847022663888114 -0.0008
3385 -0.00291997200223569 0.0006455620596663427 -0.0008
3386 -0.00150096146862238 0.002488594171808906 -0.0008
3387 0.002459205301918033 -0.001791720409812507 -0.0008
3388 -0.0008423047652280118 -0.002925972469558712 -0.0008
3389 0.001685150975916622 -0.002425645638714108 -0.0008
3390 0.00197811552895963 0.000805552741421926 -0.0008
3391 0.002530615273288953 0.001447111786418175 -0.0008
3392 7.710176575293945e-06 0.002124117575641941 -0.0008
3393 -0.0004725815308558162 0.002897687698831348 -0.0008
3394 -0.002054204748667326 -0.0007058717069216331 -0.0008
3395 -0.002588518435797 -0.001533894824048471 -0.0008
3396 -0.00217405608257922 7.271139750862834e-05 -0.0008
3397 6.201351790895513e-05 -0.002977373358447751 -0.0008
3398 -0.002051092705951732 -0.002154282562986205 -0.0008
3399 0.001201112096173129 -0.001371046287468262 -0.0008
3400 0.002028017682397478 0.002142536639219297 -0.0008
3401 0.002783095537797742 -0.001054645307169001 -0.0008
3402 -0.001675573038081844 -0.002809486288473713 -0.0008
3403 0.0005422632279402588 -0.003327387722979463 -0.0008
3404 0.003281521422043511 -0.0004594874616581622 -0.0008
3405 0.00167968799593872 0.002854783454746328 -0.0008
3406 0.001511750364031093 0.0004577268674412605 -0.0008
3407 0.0001545731240918003 0.001569906947990025 -0.0008
3408 -0.0007635862786399208 -0.002029211170875575 -0.0008
3409 0.003376141669354515 -0.002255865742051891 -0.0003
3410 0.002255865742051889 0.003376141669354516 -0.0003
3411 0.002255865742051889 -0.003376141669354517 -0.0003
3412 0.0007921547049957362 0.003982430632298363 -0.0003
3413 0.0007921547049957358 -0.003982430632298363 -0.0003
3414 -0.0007921547049957352 0.003982430632298363 -0.0003
3415 -0.0007921547049957371 -0.003982430632298362 -0.0003
3416 -0.002255865742051889 0.003376141669354517 -0.0003
3417 -0.002255865742051891 -0.003376141669354516 -0.0002999999999999998
3418 -0.003376141669354516 0.00225586574205189 -0.0003
3419 -0.003376141669354517 -0.002255865742051889 -0.0003
3420 -0.003982430632298363 0.0007921547049957363 -0.0003
3421 -0.003982430632298363 -0.0007921547049957352 -0.0003
3422 0.001154327719506772 0.0002296100594190538 -0.0002999999999999999
3423 0.0009785917882187004 0.0006538741281309822 -0.0002999999999999998
3424 0.0006538741281309824 0.0009785917882187004 -0.0002999999999999999
3425 0.0002296100594190539 0.001154327719506772 -0.0002999999999999999
3426 -0.0002296100594190537 0.001154327719506772 -0.0002999999999999999
3427 -0.0006538741281309822 0.0009785917882187004 -0.0002999999999999999
3428 -0.0009785917882187004 0.0006538741281309824 -0.0002999999999999998
3429 -0.001154327719506772 0.000229610059419054 -0.0002999999999999999
3430 -0.001154327719506772 -0.0002296100594190537 -0.0002999999999999999
3431 -0.0009785917882187008 -0.0006538741281309822 -0.0002999999999999999
3432 -0.0006538741281309826 -0.0009785917882187004 -0.0002999999999999999
3433 -0.0002296100594190543 -0.001154327719506772 -0.0002999999999999999
3434 0.0002296100594190539 -0.001154327719506772 -0.0002999999999999998
3435 0.0006538741281309824 -0.0009785917882187004 -0.0002999999999999998
3436 0.0009785917882187002 -0.0006538741281309829 -0.0002999999999999998
3437 0.001154327719506772 -0.0002296100594190543 -0.0002999999999999999
3438 -0.08306414300924281 -0.08309882837838097 0.0001
3439 -0.02418995863525929 -9.999999999999999e-05 0.003798757879466576
3440 -0.08328980431014166 -0.07547779726132779 0.0001
3441 0.0208098415773404 -0.0001002420644725926 0.002858118687975024
3442 0.0616666102876591 0.08274771317678356 0.0001
3443 0.07894337567297408 0.07894337567297408 0.0001
3444 0.08300657862250928 -0.07117973460332813 0.0001
3445 0.01940874652309886 -0.0001 0.00251259971773573
3446 0.009944534015001538 0.0002948963074538288 0.0004029628343743412
3447 1.387778780781446e-17 -9.999999999999556e-05 0.117341016151378
3448 0.06152210863947803 -0.06476444432028527 0.08422210863947849
3449 0.01041806554139614 -0.01559173692508024 -0.0461812305259905
3450 -0.06180371036099446 -0.06481507455021407 0.08450371036099445
3451 0.06275356878201549 0.06478620438013442 0.08545356878201558
3452 -0.05340122691666182 0.06310988557469938 0.07610122691666195
3453 -0.02205626843924546 -0.04309049474651363 0.04246439180804146
3454 -0.01300117321599452 0.008687106210816087 -0.02709985125477543
3455 -0.0202911771091398 0.04389457504824414 0.04378668776531077
3456 0.02300864609838261 0.04303513214203071 0.04268461568325181
3457 0.01211923519027111 0.00241066576252768 -0.02671141467240895
3458 0.02444281324081941 -0.04460895879128276 0.04389044821999986
3459 -0.01189673578876074 0.002147727357750737 -0.011732806904127
3460 0.01189920628789747 -0.002680852238668267 -0.01200942704461842
3461 0.06982996145717868 -9.999999999999545e-05 0.09252996145717886
3462 -0.06987237049243444 -9.999999999999327e-05 0.09257237049243444
3463 -0.03438242845678871 0.02370161356255596 0.02831757154321136
3464 -0.05608347302623687 -9.999999999999556e-05 0.03303146254250967
3465 -0.03023072271924107 -0.009151236664578568 0.0231726362113172
3466 -0.02362100647398863 -0.021342532460435 0.04104986191023385
3467 3.469446951953614e-18 -0.02200183919482613 0.06269999999999995
3468 -0.02406150008320554 0.005777604309462554 -0.01146893109950348
3469 -0.08038675134594812 0.07644337567297407 0.04410419032198161
3470 -3.469446951953614e-18 0.02442652702785339 0.06270000000000001
3471 -0.0002063506767672062 -0.02781219733727842 0.02777966725479235
3472 0.03178066673527626 0.008554577368844527 0.02385303315221961
3473 0.04634486375362692 -9.999999999999555e-05 0.03564091503250771
3474 0.02330383951891084 0.0210645166673554 0.03939616048108915
3475 -0.01921758383296513 0.02183422175187888 0.04392140532372261
3476 0.01335534764053646 -0.0006321001153961323 -0.00607410635190987
3477 0.07788675134594814 -0.07788675134594814 0.04481610416755735
3478 0.0117434326452186 -9.999999999999556e-05 0.07351392886415892
3479 -0.0124574538197869 -9.999999999999632e-05 0.07084916556298949
3480 0.02397172659002807 -0.006077628517684151 -0.0115992670744002
3481 -0.0002063506767672062 0.02507413939083383 0.02777966725479235
3482 0.07894337567297406 0.07894337567297406 0.04552639241223533
3483 -0.002816630101588685 -0.0141601557444272 -0.02031431533053703
3484 -0.03966169461501137 -0.03595753322532673 -0.05430700348102495
3485 -0.07894337567297408 -0.07894337567297406 -0.0583520580088631
3486 -0.01346864320478639 -0.0004899532809697183 -0.005750166348792145
3487 0.02078867513459482 -0.02256460577365713 0.04291132486540519
3488 -0.07644337567297407 -0.08038675134594815 0.04504784570567209
3489 0.07644337567297406 0.08038675134594812 -0.05727405618429756
3490 0.07645206339808788 -0.08041917437747523 -0.05873804248389122
3491 0.00710193215589142 0.01062879259056643 -0.01330143167296353
3492 0.02115953417320214 -0.003403047133254225 0.003366347012876895
3493 -0.02425671545655258 -0.005902561176481482 -0.01101023693658237
3494 -0.07605098395553966 0.07892232552001369 -0.05653060805095353
3495 0.02563483705310376 -9.999999999999277e-05 0.06372949817455464
3496 0.03960221156349962 0.03592010575208574 -0.04777292697925421
3497 -0.0193396026157341 0.002957394674777042 0.003126352724138645
3498 -0.02229969658798179 0.002330150396584296 -0.006357653772650105
3499 0.02979509208150559 -0.009803992077974199 0.02335918465247869
3500 -0.02522664406959734 -9.999999999999555e-05 0.06220610122081576
3501 -0.02082679491924311 -0.002936293581434893 0.002921539030917349
3502 -0.02317690866620448 0.007813003587035055 0.01646915728556117
3503 0.0190523188041633 -0.01011556252775262 0.01489323305451223
3504 0.02541669269505226 0.004919507470663347 -0.01006542988102326
3505 -0.02021730792954889 0.01094195570897883 0.04351100423396408
3506 -0.0202911771091398 -0.01120843430639471 0.04378668776531077
3507 -0.03881046812490013 -0.01217478511823987 0.04774024974331835
3508 0.07605662432702594 -0.07894337567297408 -0.02936988477036701
3509 -0.07602130673767667 -0.07881156863512175 -0.02922830156862698
3510 -0.0009337782008353201 -0.003148574274825661 -0.01414138934566593
3511 0.07183774481748194 0.07183774481748195 -0.02944450400541524
3512 0.02058753031777827 0.003917549436912697 0.003394047490341446
3513 0.02337036178456764 0.01244692445383837 0.0153177046721794
3514 0.05054865542844715 -0.0491756403393227 -0.04000206378806579
3515 -0.01714738046097246 0.003544444885840736 -0.004564692508766696
3516 0.02028668046400075 0.01120034455246618 0.0437699060571882
3517 -0.07183774481748192 0.07183774481748192 0.02320546661562245
3518 -0.04448911850938869 0.1055108814906113 0.03967750351147044
3519 -0.07183774481748192 0.07183774481748192 -0.02885029827454352
3520 0.02078867513459482 -0.01138030606206042 0.04291132486540519
3521 0.01446199785747439 0.0003546853323427858 -0.003148567213167299
3522 0.07183774481748194 0.07183774481748195 0.02395723290171439
3523 -0.02746675126047946 -0.009049051403862196 0.01225088321312437
3524 0.07788675134594814 -0.07788675134594814 0.02248302849668398
3525 0.1069653527108271 -0.1069653527108271 0.03364956633212066
3526 0.06468219290613776 -0.1135065802969884 0.03364956633212067
3527 -0.03790012428274019 0.04393443607110186 -0.04740573998438102
3528 0.01583587658766388 -0.01165197234873708 0.05824072014382556
3529 -0.01501989718044708 0.0003762877233445993 -0.003249498860423511
3530 -0.01606603006411171 0.01005966891158922 0.05738177567618342
3531 -0.03344230806607872 0.02995767937802393 0.08809793288716579
3532 -0.03074780574029513 0.0100596689115892 0.05344780574029513
3533 0.01753534432828191 -0.003981154379479221 -0.005001165883795152
3534 0.003148238324095842 0.07938516205983828 0.08553210937463351
3535 -0.07605662432702594 -0.07894337567297409 0.02262392285283605
3536 0.1002102788515822 -0.04978972114841781 0.03364956633212066
3537 -0.004681195635448675 0.01194152837777468 0.01198153365287916
3538 0.03137145289545184 -0.01063173319914346 0.05407145289545186
3539 0.03417802147363757 -0.03135557808913624 0.0906119953000934
3540 -0.02021730792954889 0.005467187758000714 0.04351100423396408
3541 -0.08585558215078472 -0.1155135841324664 0.03136272849965452
3542 -0.008949122404519913 0.004855457763961627 -0.005670859199591762
3543 -0.01497852726434965 0.006830012326611901 0.007324485842368209
3544 -0.04747134675708562 -0.1025286532429144 0.03286056134020428
3545 -0.1126048396617939 -0.08507618641887951 0.03286056134020424
3546 -0.02079331739141645 0.001754953261481982 0.001937768695107253
3547 0.0234252528834085 -0.004237650999656211 -0.005752450202506007
3548 -0.0009792193349727439 -0.07261451592641066 0.08338660956533975
3549 -0.01587107809275003 -0.01134573588122069 0.06029096440757873
3550 -0.03427559086345577 -0.03217587887085609 0.08932901785314039
3551 0.04811439532436024 0.1018856046756397 0.03499914089714735
3552 0.1018856046756397 0.0481143953243603 0.03499914089714731
3553 0.01583838034234226 0.01009523614734025 0.05823137600415616
3554 0.03375124962709991 0.0331562537144447 0.09000608776206427
3555 0.03136975634649833 0.01009523614734021 0.05406975634649835
3556 0.02078867513459482 -0.005786158668220229 0.04291132486540519
3557 0.03341970856893054 -0.009864329067194609 0.04103610362316292
3558 0.04141016324036068 -0.000961131400659982 0.05062718072122228
3559 0.02540880452427668 -0.008164069967001494 0.007774424145025146
3560 -0.02841167756969626 0.008204571733489778 0.04044609778820891
3561 -0.03823700700399221 0.002758950298324511 0.03426823249056847
3562 0.01748308524422016 0.005710587190218738 -0.007196903744146249
3563 -0.02680302263896658 0.02438026554067037 -0.0206411264244644
3564 -0.007464474659087042 -0.009365121859369064 -0.009488050519470095
3565 0.05402674118819142 -0.06123690223562454 0.02971904465275282
3566 -0.0181154759484696 -0.008009607020951756 0.007246732694880848
3567 0.006103887098390067 -0.01406988248327165 0.01424171842548937
3568 0.003552218307948323 -0.01383248974852609 0.02778086922698048
3569 0.009204244514241219 -0.004091582184388392 -0.005204377116326285
3570 0.005350048572296305 0.001064190827111617 -0.009359630517056799
3571 -0.07183774481748192 -0.07183774481748192 -0.01571469202300798
3572 0.07183774481748194 -0.07183774481748194 -0.01581682336015784
3573 0.08790818629003894 -0.04314240705876676 -0.03515462587550039
3574 -0.02021730792954889 -0.005704149747123346 0.04351100423396408
3575 0.0135526813754922 -0.007433200380916217 0.007278956204246303
3576 -0.0283029704763702 -0.01056842910206617 0.03307110800614554
3577 0.02311875542224387 0.003822910463973033 -0.005098175711639197
3578 -0.06045242774020348 -0.05465126264896266 0.02933360532352377
3579 0.007667195012883617 0.01124817675063788 0.01128602131101259
3580 -0.02694544329970442 -0.008066152925347089 0.04964544329970443
3581 -0.03554162694454463 -0.1144583730554554 9.999999999996887e-05
3582 0.07841506350946111 0.08091506350946111 -0.01679920108094187
3583 0.107084645370808 0.06640294518345302 -0.03258522976296688
3584 0.1056332855206948 0.1056332855206948 -0.03068814838755352
3585 0.01414184522073709 -0.008583232365140326 0.0485581547792629
3586 -0.08945767428377281 0.08945767428377283 0.02458786972689155
3587 -0.05180016590690918 -0.0007154827317752202 -0.03963139451715414
3588 0.03111058046968272 0.02307901769254299 -0.02208252819694427
3589 0.02078867513459481 0.005640342643782777 0.04291132486540519
3590 0.03249183291667828 0.01011544470167645 0.03935282345799154
3591 -0.08527428466539351 -0.03666592988431285 -0.03890956598699516
3592 -0.009019586930053058 0.01400945408095538 0.02542729075977981
3593 -0.02126285406325289 0.001805399289771741 -0.003492112363810266
3594 0.07183774481748194 -0.07183774481748194 0.01294314693082134
3595 0.05565919592378398 0.1089026802053682 -0.03634489210646354
3596 -0.02319996149898289 0.005000049478597579 0.005899961498982891
3597 0.06315690849397382 0.03614817121458013 0.04038957868771725
3598 -0.01677970334589938 0.0004571856584693039 0.002107030413946079
3599 0.01447327229878127 -0.01232149573942011 -0.009919487600429976
3600 0.02667885653986635 -0.03004106109338408 -0.02721901306930849
3601 -0.09714457042735145 0.05285542957264861 0.02974195763506998
3602 0.01646228123076967 0.002533634905566196 -0.003551009498759496
3603 -0.06557149705393878 0.1101876520340134 -0.03505612825423483
3604 0.01551244154625114 0.00780223851536281 0.007885256220669686
3605 -0.004998365560581856 -0.009238094177072134 0.009512875070004097
3606 -0.0500778723752438 0.05069609379794612 0.03084648312357991
3607 -0.001686192749863149 0.004521248646300984 -0.009551134401728603
3608 0.02025470562856132 -0.002147493438561936 0.002082379464376357
3609 -0.0157180767596175 0.005034648617882596 0.003901415978599825
3610 -0.01727499300783695 -0.0006948170602800934 0.002086630006641174
3611 -0.08182463297273186 -0.08187562075236773 -0.01401876646232207
3612 -0.1058737530928588 -0.06672740279145055 -0.02916376880830353
3613 0.08887942610793911 0.0888794261079391 0.02373710405055003
3614 0.06893157412831463 -0.03046954519761595 0.05494359252522477
3615 -0.01929808336176577 -0.00516770197457517 -0.006312819596707518
3616 -0.1080365827964278 0.08385212568098672 -0.03533288095687132
3617 0.00215779969466365 0.04140212997170514 -0.03715439123066802
3618 0.0172892808044929 -0.004753174117223433 0.004305293858452902
3619 0.01293969076252467 -0.003519837336437788 0.003867172479768122
3620 -0.07183774481748192 -0.07183774481748192 0.01289445019642211
3621 0.07894337567297406 0.07894337567297406 0.01415686921246125
3622 0.002083057247794015 -0.07207357872681232 -0.05322807414140602
3623 0.03237624690779656 0.0356293762300796 0.02269151128514725
3624 -0.02122288860146176 -0.001706132715670395 0.001748140158189875
3625 -0.0486417966196861 -0.1013582033803139 -0.03015931607983473
3626 -0.08038675134594812 0.07644337567297407 -0.01602070349493896
3627 -0.09714391734260699 0.05285608265739306 -0.02880915745761578
3628 -0.08038675134594812 0.07644337567297407 0.01370365856184138
3629 -0.07841506350946112 -0.08091506350946114 0.0113646637825858
3630 0.08851393732357911 -0.07582896433722308 -0.01690518616044534
3631 -0.01670920993131923 -0.004330533451970895 0.004277073742089912
3632 0.01244951746708809 -0.0009019774055986268 0.05998885192309911
3633 0.07101061851809909 0.07101061851809909 -0.01288164319154175
3634 -0.01621867860040046 -9.999999999999553e-05 0.05681208358305281
3635 0.04144830128279376 -0.1085516987172063 -0.03607172624798084
3636 0.03366392678214965 -0.1177846120419664 0.005583612107810746
3637 -0.02304527394663371 0.002493308389387523 0.002615735128517024
3638 0.08094533935646347 -0.07852805450871617 0.01143860967539326
3639 0.06820307316090632 0.07055264956110666 0.01097194094437282
3640 -0.02117944346261021 0.002922341514926405 0.04238396907667544
3641 0.1128191207597204 -0.1128191207597205 0.0001
3642 0.01676288333910263 -0.0006525342351886269 0.002048884280040537
3643 0.002311800113840631 -0.01162220401021203 -0.009787882692206096
3644 0.02656024628537925 0.006329083380907208 0.007666829253392195
3645 -0.0233071451168461 -0.02634219090148982 -0.02370084979444463
3646 -0.0710488324170811 0.0710488324170811 0.01117469705899901
3647 0.02564091328045642 0.0008984905491350531 -0.003882961944489404
3648 0.005780387703684275 0.01264677060121813 0.02401595803490471
3649 0.02179495418718381 -0.002087626457054382 -0.003278448028827709
3650 -0.01099746387367907 -0.006652437884276035 0.006635005458727888
3651 -0.03878231504893713 -0.0360738033390649 0.02260562081280133
3652 -0.1162348773108603 0.03376512268913986 9.999999999997989e-05
3653 0.1162394137973398 -0.03376058620266022 9.999999999999999e-05
3654 0.03376058620266016 0.1162394137973398 9.999999999998007e-05
3655 0.08771182355129609 0.06228817644870389 -0.0191106836755725
3656 -0.1150968086540552 0.1150968086540554 0.0001
3657 -0.01208012571971058 0.00117090269344717 -0.003018941662597806
3658 -0.009214153052730174 -0.004541022995226887 -0.005799915133632745
3659 -0.003408076837006135 -0.003407299725278165 -0.00800024144917179
3660 -0.01360058303682761 0.01406252855076037 -0.01157748776396033
3661 0.002898517683139737 0.006114405549032744 0.006929473440696729
3662 0.0425921554173771 -0.00321835793460156 -0.03918521991748317
3663 0.02078867513459482 -0.002985084896180417 0.04291132486540519
3664 0.01601721006305402 0.00335564407439787 0.003772676939109611
3665 -0.008818710843369354 -0.01453334088446395 0.03544457077666743
3666 0.1190790157024829 -0.08681093666063909 -0.01837648587957657
3667 0.0161800611690982 -0.002390396668867926 -0.002743920589514914
3668 -0.0883649102117221 -0.124878523948743 9.999999999999999e-05
3669 -0.1066213171349979 -0.1066213171349978 -0.02681250007435112
3670 -0.04623143647778469 -0.04101188051763502 -0.02667403413659016
3671 0.07645206339808794 -0.08041917437747528 -0.01083721324395787
3672 0.08184830998525161 -0.1005582408109403 -0.02188538989181465
3673 -0.0257720092658063 0.0001356932220323414 -0.00387707610045743
3674 -0.06643073453638583 0.02809622902841764 0.06029694331241993
3675 0.05511046876670665 0.04907369360417055 -0.0276766301904865
3676 0.09267062111163674 0.01665962713888534 -0.05261443399630299
3677 -0.01921758383296513 0.002488865434931273 0.04392140532372261
3678 -0.01515697254994149 0.006036147448008284 0.04754302745005851
3679 0.0091113513383978 -0.0006495465731531537 -0.003491303694621408
3680 0.00951162066582887 0.005116025172704142 -0.006223444898000043
3681 -0.01665077265658644 -0.008892691567857151 0.03574731102992168
3682 -0.0342637662594016 0.000168913775727899 0.01506224323646872
3683 0.03163872330590269 -0.0006349918500752801 0.01410333914002995
3684 0.03337482239558638 -9.999999999999555e-05 0.03911622714019294
3685 0.04569394418794652 -0.03003960067658217 0.03713445803056778
3686 -0.09358368232168261 -0.07002051732950859 0.01943941411381521
3687 -0.01621599739044874 -0.002631644541459167 0.002361014490238291
3688 -0.01677643541756261 -0.003200745574598794 -0.003352953599915604
3689 0.02222140909754695 0.007391072915247609 0.05099041161644086
3690 -0.03468190605974761 0.1153180939402524 0.0001000000000000297
3691 0.11810442036299 0.02650064326320833 -0.004238721677740326
3692 -0.00266476330116939 -0.01883379542346697 0.09314012968637225
3693 0.08045677526558541 0.07353786147430827 -0.01006110280366328
3694 0.08801380037403563 -0.06198619962596437 0.01869585441677836
3695 -0.02955477637715676 -9.999999999999536e-05 0.05225477637715677
3696 -0.05177851786079868 0.0006804004918262874 0.067837434330172
3697 -0.09296344318218405 -0.0262695535318385 0.05585766096937288
3698 -0.0710488324170811 0.0710488324170811 -0.01156975627954797
3699 -0.06240935741453369 0.0875906425854663 -0.01957898700832203
3700 -0.01404111981634244 -0.02135263821595273 0.01585875198605374
3701 -0.002664763301169393 0.01911326074027472 0.09314012968637225
3702 -0.01828013303866999 0.00224491739024359 -0.002470015214699671
3703 0.1107139566842958 0.1107139566842958 0.0001
3704 -0.02117944346261021 -0.003139555013437184 0.04238396907667544
3705 0.02395873560684158 -0.006218641559001597 0.004116773709869499
3706 -0.02224038043926855 0.001336438183385127 0.001690946432602046
3707 -0.03357820032790214 0.07068549659086237 0.132464709262985
3708 -0.07048482306090259 0.09185086974187481 0.01825007159332818
3709 0.01753294001654271 -0.005104052026138611 0.0457518339615954
3710 0.009620844030635832 0.003724774135874049 0.005077443279159734
3711 -0.120645796851893 0.08723075440433974 0.0001
3712 -0.08723075440433969 0.1206457968518927 9.999999999996851e-05
3713 -0.02537786718685995 -0.004255983227026899 0.004318950704529845
3714 0.02076646830007175 -0.09289118304942584 0.04514723149382988
3715 -0.01921758383296513 -0.002691454191422694 0.04392140532372261
3716 -0.01515698766330087 -0.006232433697127376 0.04754301233669913
3717 -0.06235587190360688 -0.08764412809639313 -0.01774897235577646
3718 0.1214759477179948 -0.06254680734149219 9.999999999998653e-05
3719 0.08071178509115846 -0.09631667216211783 0.01837118444080275
3720 0.08103404522434472 -0.07170201190573862 -0.009729832887529542
3721 0.01818716295240313 -0.003411359654488239 0.0409196074424041
3722 0.02446761703245609 -0.004070346930301856 0.04150290562406186
3723 0.06254680734149218 0.1214759477179949 0.0001000000000000135
3724 0.02142937549991094 0.002063146074737492 -0.002408422556012006
3725 -0.02483855040814323 0.002599019222912204 -0.002924304968867742
3726 0.02078867513459481 0.002812253682563619 0.04291132486540519
3727 0.02117331347012132 0.004207059944408444 0.04707886548369771
3728 -0.01781619173217215 0.004634355634273757 0.03949440617367452
3729 0.04945081121552471 0.04985004130102624 0.02217171793778122
3730 0.01901750617305485 0.01860849837552787 -0.0140355820240635
3731 0.003470684617261914 -0.004490675298651475 -0.008753695120894274
3732 -0.07178908493712595 0.08094928669658699 0.01003552734175037
3733 0.0867932254725034 -0.1190129166484983 9.999999999999999e-05
3734 0.0123684319514031 -0.002009831466015058 -0.003173481301505243
3735 -0.07354793660191206 -0.0804191743774753 -0.009446856733931714
3736 -0.1152818847487883 -0.03471811525121157 0.0001000000000000092
3737 0.0111965720262562 0.0467470737172834 0.1334264682222721
3738 0.06057610338608772 -0.05404434385137304 -0.02088966946985901
3739 0.03682584465766103 0.0009574187341534283 0.09437123115312306
3740 0.02115953417320214 -0.001777976902495089 0.003366347012876895
3741 0.1210168007591909 0.05763916626261615 -0.003560849592872901
3742 -0.1207798131747128 -0.06273333603018795 0.0001
3743 0.06120183520542333 0.08326024196590485 0.01602280762334851
3744 -0.008791369421407824 -0.001195567780121275 -0.003195681843040699
3745 -0.06937532626098075 -0.09599156817001822 0.01816056761686266
3746 -0.01995702756358423 0.005347160560294908 -0.003404083944034913
3747 0.02322147277279921 -0.003967668892466867 0.0459214727727992
3748 -6.381181962658166e-05 -0.005209055572906577 0.005705483803509351
3749 -0.0422283787714292 -0.0001171003488476463 -0.02032056396437401
3750 0.06815696091196334 0.03768998416424105 0.1361542155445453
3751 0.02680632328616136 0.004916051953402538 0.04027118626743995
3752 -0.05461464387807621 0.06033515331903658 -0.02107091252553242
3753 0.01540287252987355 0.02553513102657093 0.01744455815018612
3754 -0.02730202126145927 -0.006951165119383265 0.04074342929987711
3755 -0.005828449089379247 -0.01081973467476496 0.02055098244658401
3756 0.01818716295240313 0.003207372711047899 0.0409196074424041
3757 -0.01867917399628531 0.02559357320441357 0.01701611631296821
3758 -0.0208269510660179 0.09113193891502985 -0.04746201747705169
3759 -0.02781827350641609 -0.02043789065610226 0.0123120241222545
3760 -0.003224897863131156 0.008073393339522443 0.00643572765850552
3761 0.05221410143249827 -0.08374958342669586 0.02361779417602207
3762 0.02732184763053834 -0.01955881661230101 -0.0136510006146414
3763 0.009857931425079118 -0.05146351604531859 0.1365177958346846
3764 0.007313559447901516 -0.004728864471750025 0.005228505195542352
3765 -0.09358368232168261 -0.07002051732950859 -0.01599795993665966
3766 0.06120183520542333 0.08326024196590485 -0.0154005420696477
3767 -0.01830270470996375 -0.002298175889538113 0.002039849212271409
3768 -0.008195974055844523 0.005645712375811796 0.007538884886137406
3769 0.01716981953624809 0.001010121355177678 0.00209321937860141
3770 -0.005799255185411649 0.001153543577968989 -0.006610097693375188
3771 -0.07354157602187013 0.08044291238535739 -0.009766782988166321
3772 0.0824696634028156 0.06028866688161689 0.01655478645682896
3773 0.05840762925616656 -0.09131180828513979 -0.02197987464475975
3774 -0.0008740177200858732 0.004393983801005508 0.004780105146673227
3775 -0.106546399796664 -0.1065463997966639 9.999999999999999e-05
3776 -0.06345321627648073 -0.1180931835201832 0.00010000000000001
3777 -0.08042730356167105 -0.0764542416064283 -0.007938729306381016
3778 -0.02125443564839717 0.004048923259490298 0.04738161757464387
3779 0.02429905288029828 -0.001760829673616647 -0.002470459229848324
3780 0.01863119808619406 -0.001776051515148006 0.001839822342797714
3781 0.02392978261223445 -0.003378338403553918 0.002905333024377635
3782 0.02938284771101898 -0.0045660676322339 0.005534369038701136
3783 0.02181557530671933 -0.001278835125804121 0.001698821837114265
3784 0.02147809135552196 -0.0007570182911174832 0.00128999913496059
3785 0.01986050320636351 -0.02827062048673102 0.01615079187437564
3786 0.02607139867594354 0.07749049990249726 -0.04420353678651302
3787 0.01894790438673184 -0.001264746939078272 -0.001071571463387099
3788 0.005346742262924835 -0.008001965282180428 -0.004706176169730778
3789 -0.01779954398575904 -0.004867010944320801 0.0394598223385169
3790 -0.03253484637870945 -0.01937022848989898 0.06650356116129025
3791 -0.03363290030921099 -0.00257511532212033 0.08837951225720675
3792 -0.04707942961078385 -0.01547516980761856 0.1392127960133666
3793 -0.05070823944660532 -0.06774232783703517 -0.03357330601465678
3794 -0.0116859532342222 0.005912455138737593 0.004258034594129895
3795 -0.09327053188091949 0.0500961929915363 0.1240491012597683
3796 -0.02199979269525944 -0.0007724570835909255 0.001430651441491416
3797 0.01912483948951788 -0.002316297091775389 0.003941169270895029
3798 0.02318493257200627 -0.004408315541559196 0.05458633017740828
3799 0.0005096750932716166 -0.04130678252895945 -0.02838228152541649
3800 0.08857460313550282 0.002466693886496514 0.03702152625141427
3801 0.07052037866841732 0.07947962133158268 -0.009081132835089278
3802 0.02095111303750015 -0.001015384819654671 -0.001399829853399483
3803 -0.009756206049206777 -0.01928759793730227 0.04877257606466025
3804 -0.07197372055837117 -0.07802627944162882 0.007925655899100083
3805 -0.01811867054804097 -0.001264069539151071 0.001375282710006374
3806 0.002075504745895244 0.08236903552262941 0.04105802826559867
3807 0.01178754864784656 0.002588997222384161 -0.003643351220881223
3808 0.01960612506177665 -0.002352103822256274 0.04467523259805232
3809 -0.004646799373572691 0.009666857968362178 -0.006206438135351709
3810 0.07929077855240163 0.07070922144759835 0.008771220791959987
3811 0.07947962133158268 -0.07052037866841732 0.008592332566485082
3812 0.01553598476066574 -0.0002562340116888558 -0.001729525188424038
3813 -0.02836069291572293 0.002845180500033235 0.00494024091493256
3814 0.01845816790767548 0.002810346518914142 0.04463874189378652
3815 0.02879613126888592 -9.999999999999556e-05 0.05149613126888593
3816 0.01907933206800777 -0.001589460292057581 0.04180794034808838
3817 -0.0212337131916964 0.0005149224292286791 -0.001380732133162837
3818 0.07014634728047607 -0.03916962602405963 0.1363465263043351
3819 -0.0131450896686591 -0.002204408270143244 -0.002984111456475743
3820 -0.01945313169714071 0.001419210386662109 0.001577517504133456
3821 -0.01344963460628891 0.007707001068819322 -0.005160705302734625
3822 -0.08253568928870891 0.06127763781720227 0.01493477911840958
3823 0.1038405782646507 -0.08272780965525975 0.02379105817285345
3824 -0.01168201529723212 0.004642784128718609 -0.003353954025924358
3825 0.01609553139685314 0.001860420286318517 -0.001523269810463748
3826 -0.02125443564839717 -0.004258571429276122 0.04738161757464387
3827 0.01411370309652385 -0.001741795212111587 -0.001985101794280187
3828 0.07052037866841732 0.07947962133158268 0.008884327194843014
3829 -0.1159753422940474 0.06402069012272123 0.0001000000000000154
3830 -0.08002330326327257 0.09374722300035979 -0.01472360414750564
3831 -0.0260477784475122 0.03040911935087303 0.06527061643903551
3832 0.04439222766567172 0.07054141586973219 0.05299458239946783
3833 0.08610654789730433 0.1164502010494371 0.01588513311344526
3834 0.01652922316672684 -0.01101537009209408 0.03129808909755753
3835 0.01850926874917614 0.001169623165955702 -0.00149647990108534
3836 0.02706338598694109 -0.03193640766136929 0.06395921893564974
3837 0.01413776696936117 0.006604025406413877 0.05040498616754936
3838 -0.03914852237621203 -0.02369187036528506 0.03435364541522816
3839 -0.05998747054192786 -0.03630256701308199 0.05738133116234705
3840 0.01337679074374915 -0.007572518910516945 -0.005215568902743788
3841 0.005035809839930789 0.01566082036082434 0.04003970348653399
3842 -0.01882449852178165 0.0004342803203533692 -0.001397892195771756
3843 -0.1255498459522591 -0.08569366587125707 -0.01076701446911987
3844 -0.0936498502003363 0.09793525608499505 0.09440193795654032
3845 -0.0149821606718607 0.002966093615001881 -0.002615275447460113
3846 0.07224299876969892 -0.03798279438584867 0.02637124807126327
3847 0.01552035232270714 0.002096863931288515 0.002088987494890675
3848 0.002217369495669091 0.01444330096746626 -0.0551040147955642
3849 0.01377751186543346 0.01544622319381374 0.03038571171266583
3850 -0.02236477874300305 -0.002746319584602316 -0.002690185347626934
3851 -0.01638367056182702 -0.00146147451375822 0.001379956635199836
3852 -0.01806205413767475 0.001103251427553523 0.001601220366432809
3853 -0.1049576480973128 0.05156887269180686 0.07729877599241718
3854 0.03900042855857015 -0.04614616071505966 0.02181523468750184
3855 -0.05911006188062074 0.05911006188062073 0.01700112699005711
3856 0.001138048239659759 -0.0577110407448873 0.03021858195413694
3857 0.01884571984854435 -0.003159333606829527 -0.002657018971488949
3858 -0.008917202066580608 0.04716099815364778 0.02254925201176064
3859 -0.02103657391359452 0.000959685220740989 0.001249386320586294
3860 0.007750961522850538 -0.02626762358099106 -0.01601065491167554
3861 0.02188896712473566 0.001884489574323306 0.002156596017451787
3862 -0.02430252424250436 0.01193094213803886 0.02745828530328208
3863 0.001954344212522224 0.009825151840820565 -0.004983807130497045
3864 0.09372079299707405 0.0800162213652362 -0.01452774418703308
3865 4.677634368329092e-05 0.009772559065400324 0.03163737099479695
3866 -0.08075723572290999 -0.07345735333741066 0.008386532436624518
3867 -0.0188933343464642 -0.01490551404153716 -0.009908486173764655
3868 0.1161234092602782 0.08601898430130611 0.01585178912895262
3869 0.0233672479203673 0.002935154672355942 0.004705611156435905
3870 0.0193675489634964 0.001878960626012954 0.04206754896349641
3871 0.01961688116995169 0.001291627786053085 0.04380691046358837
3872 -0.02373992336316494 0.01605203620513221 -0.01009060187371436
3873 -0.07862110655115098 0.0683009548358615 0.007873201208111314
3874 -0.05922649730810375 -0.05922649730810375 -0.01684131362860308
3875 -0.02455732942732135 -0.02864663266604022 0.02617763494215844
3876 -0.002042445285003328 0.008655212314453681 0.02007352773254376
3877 -0.04786258674123983 0.03679578040338616 -0.02323174003926648
3878 -0.01876159886535649 -0.001554515155684739 -0.001812049868327832
3879 -0.0209514887304347 0.001661175130989095 0.00365148873043471
3880 -0.03738926403704307 -0.01304856632478123 0.01177162805425313
3881 -0.01546328961365559 -0.002022198153783847 -0.002323612217562592
3882 -0.07385030286373122 0.03620013885731467 0.02511994199534801
3883 -0.02133592776414911 -0.001479527182723699 -0.001694121824074289
3884 -0.007075777633628912 -0.004560152259324219 0.004844782143815948
3885 0.01804468205092875 -0.001033269125600158 0.001318043454519048
3886 -0.06402069012272124 0.1159753422940473 9.999999999999999e-05
3887 -0.0193675489634964 0.001924897927650541 0.0420675489634964
3888 0.09419184506157434 -0.08014243938551208 0.01253625466728092
3889 -0.08893341986998976 -0.08893341986998976 0.01240974601439035
3890 -0.03356835484537547 -0.0922492561091639 0.1297310209799652
3891 -0.09782394863491251 -0.04089291649279591 0.1242084947420719
3892 -0.08253568928870894 0.06127763781720227 -0.0147390842875737
3893 0.0905679944254633 -0.05943200557453669 -0.01552159365077082
3894 0.03569282468652886 -0.01408166766122389 0.01226965849255687
3895 0.02411312157380176 -0.0160284988620693 0.07632239590806611
3896 -0.07933476020413113 0.06862324387288213 -0.00688437470111572
3897 -0.01717173871117301 -0.0007264611964534528 0.001026276035174648
3898 -0.0244214402920969 0.003347415873374058 0.0438847213556498
3899 0.01984533457069686 -0.009154307842050352 0.005179588903315852
3900 0.02469686603241132 0.0175235785740396 0.07715116465329552
3901 -0.0195774707891803 0.006312726210997345 0.003414088235299252
3902 -0.02104785263544564 0.00388772835473358 0.002257496423356136
3903 0.02108776989423226 0.001059143793737384 -0.001165498486063629
3904 0.07591506350946109 -0.07841506350946109 0.006796608872267546
3905 -0.023400330220361 -0.002515855790197545 0.002918507225380633
3906 -0.057120082691295 -0.0818619157873214 0.01863648718235515
3907 0.01606380885765983 -0.001481167007770099 -0.001129751533813004
3908 0.06014417061488515 0.01935729732166997 -0.02949174063946415
3909 0.0478613991387619 0.09389928688450838 0.1354785995897712
3910 -0.09418951033236357 0.08014181379670553 0.01350929134795093
3911 0.0642308111758704 -0.1151911598479546 0.0001
3912 0.04595156336979032 -0.03720222192197395 -0.0204053729401111
3913 -0.02362513717828144 0.01421874210275793 0.07359412754471269
3914 0.05236732330156837 -0.003478740616586153 0.07101730794872028
3915 0.0009069750621651991 -0.04046115838529095 0.04782190179180236
3916 0.02055852238202538 -0.01017588012347083 -0.006323653971101937
3917 -0.06441047383846715 -0.02814741170408404 0.02585739792663473
3918 0.03347803856738783 -0.0978916246222493 0.1183017610627462
3919 0.03020597894897135 0.02309190530222854 0.01360755278019411
3920 0.05039458701620952 0.02460773463514658 0.02014533207021715
3921 -0.01459615368553888 -0.001965566789718536 0.001434601051286721
3922 -0.01139171436169068 -0.04033742030157072 0.01823526798901248
3923 0.04939319621994272 -0.05109751193229092 0.05586940560751666
3924 -0.0219385256279391 -0.004917090063306049 0.006596284267482117
3925 0.02078867513459482 -0.001576507677013832 0.04291132486540519
3926 0.02137782946995172 -0.002957599477263606 0.04022470817643325
3927 0.0225859033964059 -0.006731914159970129 0.03376009816470783
3928 -0.08312355169383588 -0.1053175076593077 -0.02051863870658049
3929 -0.004616599068708723 -0.008028464876303095 0.02822989967841104
3930 0.01593174428069277 -0.003140991668708936 0.002602123919673702
3931 -0.02024949973539443 -0.006560506811185149 0.003680221103146196
3932 0.007235131771745216 -0.008441374801628689 0.02070021045205095
3933 -0.07183774481748192 -0.07183774481748192 -0.007799995013138926
3934 0.04106898606806973 -0.001452077838374583 0.1420924186046205
3935 -0.02543915001309717 -0.004096686307003698 0.04398993835306128
3936 -0.03266735910119467 0.02614161904250252 0.1324806327820515
3937 0.07183774481748194 -0.07183774481748194 -0.007851431004756389
3938 -0.03639491537649607 0.07842932959010535 0.02634857815586246
3939 0.07378169558150707 0.09245259532477505 0.01438522352391155
3940 0.09777437983728622 -0.09886435750819143 0.00986657804215146
3941 -0.01936754896349637 -0.002125485265511535 0.04206754896349637
3942 0.002274663509443654 0.0238801457135189 0.01326460723260474
3943 0.0185010728786807 0.001910701172186996 0.001782547210068914
3944 0.0198793290582121 0.001520406378009913 0.002390751000883658
3945 0.02085965921351432 0.00148303570815783 0.003559659213514325
3946 -0.02985169264822084 0.02108156851506352 0.01251972229169459
3947 -0.04364871369956288 0.009714318685724182 0.01921393551035314
3948 0.0418019602781715 0.03522442153680004 0.06269896687102607
3949 0.02819403315995189 -0.009229200520858329 -0.006599439182735277
3950 -0.03366155290197403 -0.002364024445206882 -0.009213707761857388
3951 -0.02062383689860046 -0.01061019497637306 -0.05126015052718303
3952 0.07841506350946111 0.08091506350946111 -0.00777589318668332
3953 0.02338735612299832 0.002917808081157104 0.04463200817750433
3954 -0.04736244841896407 0.01566659802615863 0.04281943455136675
3955 -0.001099665089310804 -0.02597405714576391 0.01357785539388804
3956 0.06630095760734098 -0.06176831520370813 -0.01116251467835304
3957 0.09548158320387751 -0.1050344975328464 0.08644907482402955
3958 0.1058250603240656 -0.06234500268920169 0.0765288264777939
3959 -0.01936754896349639 -0.001900275605392195 0.003332451036503612
3960 -0.01647725277841844 0.001325464320964686 -0.002070173068741523
3961 -0.02314709275719523 0.003183805791975799 0.03955290724280477
3962 -0.07745845387722616 0.07750000000000001 0.007186195311332473
3963 0.001091132080638677 0.001203451471992832 -0.006688604218634592
3964 -0.02082679491924311 -0.001435983819974098 0.002921539030917349
3965 -0.01981211503738616 -0.001620714898832901 0.001555371636721574
3966 -0.001519497803813762 0.0246295503618321 -0.01613322907204577
3967 -0.005128759691449543 -0.007675731309549857 -0.003782340181964385
3968 -0.01568933472335623 0.002309088691907261 0.002559905190957586
3969 -0.07461255554786389 0.02946523397747292 -0.05161440225956241
3970 -0.02511174602352188 0.05061923760127475 -0.02499817901371766
3971 -0.03358349161723817 -0.06382487671700586 0.02663438011193982
3972 -0.1039028498584771 0.01374636762156045 0.0455903046366836
3973 -0.01739788070208922 0.003164005558630062 0.002231039067455295
3974 -0.03171240689205795 0.0387312967162931 0.01782478838291952
3975 0.005033809840898619 0.00753362881605112 -0.003435343967025706
3976 0.1052650607527719 0.09535447940102398 0.08777418797306209
3977 0.002121204493931841 0.05647222822472291 0.06304898396705928
3978 0.01792928086858522 0.001066756435167654 0.001231538133774474
3979 0.04332269839463683 0.09694124707778985 0.01026512306548382
3980 0.01978395644067599 -0.001352921696201796 0.04350628554004525
3981 0.03466227201912894 0.04469495311933541 -0.02107547812212094
3982 -0.09418951033236356 0.08014181379670553 -0.01353755776644214
3983 -0.02241783227941806 0.009312274394314705 -0.004566196276324964
3984 -0.08094533466748399 0.07852803700920644 -0.007689670389336485
3985 0.0224473734970792 -0.000757746559614474 0.001155587520990704
3986 0.0235803071232613 -0.0006413420785813816 0.001201136493892766
3987 0.02440231329405638 -0.001470089362279161 0.001751216781317135
3988 0.06451116375497887 0.1080122495798524 0.07573728615485674
3989 0.05121975320324185 0.01712539180444058 0.04819159518944185
3990 -0.02256795698899716 0.000674273475355326 0.001223754858340622
3991 0.01525291670986619 0.01768108314121258 0.009771851864650001
3992 0.01407783988609354 0.000472550429415427 -0.001576626385563463
3993 -0.01621070238424338 -0.04440647776363327 0.07059134691323762
3994 -0.003106281862030852 0.0322537876967796 0.04539673427879203
3995 0.01856379803253569 0.006378053312640146 0.00396844653892771
3996 -0.01380757583335844 -0.008941627861983832 -0.006006518617173904
3997 0.0242451516449854 0.001661036443408912 -0.001733716088052035
3998 0.008424543404233808 0.002652449022242144 -0.002812051823920649
3999 0.08295892450073931 0.1047031106103639 -0.02116875012056962
4000 0.07788675134594812 0.07788675134594814 0.007178434606230625
4001 -0.03441768539380471 -0.01633371553004082 -0.01465692661224502
4002 0.08945849275509032 -0.08945849275509032 -0.01314307501307402
4003 0.1002850761416041 -0.08831214675691769 -0.03839671695316767
4004 0.02302618544701465 -0.003260845962721586 0.006036311486951235
4005 0.001883905884770537 -0.006850147763908698 0.0303648113639624
4006 0.002234618818869044 -0.0179604851782682 0.04499417722705852
4007 0.01836893631394247 0.002521133515810965 0.004649222220711218
4008 -0.02877405941576824 -0.001568874581919896 0.004323994418272099
4009 0.03896670815040478 -0.001701812224378436 -0.01622811243363533
4010 0.01826787061189564 0.01334465033057179 -0.007233079031748774
4011 -0.02112675612020987 -0.0008050017271989863 0.001114794199672178
4012 -0.02314709275719523 -0.003382325104368915 0.03955290724280477
4013 0.09030074223539844 0.03333254157101197 0.07405534358978945
4014 -0.04823349889518751 0.1017665011048125 0.01540503424420323
4015 0.03045643224417832 -0.003974066757603598 0.04550179257553832
4016 -0.08385714123629898 -0.1080553011036813 0.01214140346109488
4017 0.02013685381060632 -0.00211265637660943 -0.00175035136104158
4018 0.02305911021479269 -0.002000918570693003 0.001563504157616742
4019 -0.08271276726668036 0.08868494717121651 0.01201777809460756
4020 0.02934918887812213 0.002681696172346892 0.005339856543000591
4021 0.03252586969781407 0.01032295072560089 0.01019776889708222
4022 0.03966818556955887 -0.02680816780678167 -0.07243940608022945
4023 -0.02659720519467545 0.07375787188568057 0.05840057628273175
4024 -0.03679511048403189 0.1043281486274403 0.0936953877110157
4025 -0.06187377493439979 -0.06187377493439979 0.01329017559561353
4026 -0.0154939970000111 0.0001878257948730172 -0.001300445895573899
4027 -0.01383063177053924 0.0005937843923195233 -0.001551916102356097
4028 -0.01601542003781668 -0.0007864249179366909 -0.001077983978479537
4029 -0.0171113872683049 -0.001784643300085075 -0.001473826600781721
4030 -0.01264969912007638 0.01741077658480442 0.009366594668986093
4031 0.07183774481748194 0.07183774481748195 -0.00642396696331756
4032 -0.01050208228515837 -0.003569140197987812 -0.00280233450232148
4033 0.05000829041048213 -0.1085682491154097 0.07684704693635934
4034 0.02652245869123688 -0.01885180494280263 0.009455074527918082
4035 0.1130334732472229 -0.08519103844194409 0.004399615898258474
4036 -0.02400703894174327 0.001219094809717916 0.001500874042385346
4037 0.04098731998526552 -0.0717340605513383 -0.022938092605176
4038 0.03450751884547285 0.0746242883923583 0.02541001219691689
4039 0.07324902319263266 -0.08833584643415347 0.01029275828599318
4040 0.01226074587069497 -0.0003006191845601248 -0.00187226973808455
4041 -0.01413558160514266 -0.000906544201190142 -0.001400119464391193
4042 0.02078867513459481 0.001390246979868381 0.04291132486540519
4043 -0.03107365746312682 -9.999999999999556e-05 0.0456671775745037
4044 -0.02296717757450371 -9.999999999999557e-05 0.05377365746312679
4045 -0.07183774481748192 -0.07183774481748192 0.006425989351004033
4046 -0.02234884765826017 0.001658043228762186 -0.001345491292957731
4047 -0.1016487959663528 0.1016487959663529 -0.01245635801571194
4048 0.05052693180189982 -0.07887045315264234 0.05138743035381987
4049 -0.02079338876897647 0.00168162706331982 0.04349338876897647
4050 -0.03441426907224689 0.009263819455383822 0.009458818338687896
4051 0.01298088200349401 0.003712233756328196 0.003782677976668159
4052 0.02257107200030233 -0.002280796286597124 0.04402622513542519
4053 -0.01758530548101081 0.003005969797808565 0.04462182645579756
4054 0.02168765753231196 0.002088287965526002 0.04106002537671154
4055 0.02203401020876387 0.009060380322762513 0.0322792835839841
4056 0.030701424495344 0.003646460906558529 0.0466315945891323
4057 -0.01497178019754685 -0.01887200018337651 0.07442933789310709
4058 0.09568793571458765 0.1130193911136466 0.05327534485266175
4059 -0.04266612942043876 -0.009852657809057565 0.03092852015418122
4060 -0.1024408343254363 0.1006508572173142 0.01138511037055784
4061 0.07821802999584408 0.08597418307032684 0.007799147605229827
4062 0.07639518892179334 0.09146671428232403 -0.010381513625942
4063 -0.008197999745913656 0.002264550794621162 -0.002552558788128325
4064 -0.08966931978978292 -0.09709262975370242 0.1220689928918753
4065 -0.01346232246857728 -0.003732099617158136 0.003254238193993832
4066 -0.03629124583736892 -0.1064158878547152 0.08038306140086593
4067 0.008726809858912995 0.001934348664188077 0.00307545183735351
4068 -0.02014776621561413 0.001850185928387097 -0.001356327354594051
4069 -0.01874175033116467 0.0043332003624109 0.007382821345929293
4070 -0.1065806071606658 -0.06504819228114481 0.07569304879249153
4071 0.02263299098428539 0.02102696774210856 0.05319964961348163
4072 -0.08004203271034781 -0.09381712224844226 -0.01125211843787729
4073 0.01035539104836741 -0.01465804249649929 0.007449264992687612
4074 -0.0177332139294351 0.001190997104169832 -0.001244133341032515
4075 0.07652047793288089 -0.07593233512793085 -0.006187249564373454
4076 0.01337703155513508 0.04728633013399222 0.02193922201094547
4077 -0.009310746923228551 0.01692667675597101 0.03748933709748834
4078 -0.01454031709740413 -0.00572819914989778 -0.003132657055021825
4079 -0.06864334462352951 0.03634507425841577 0.09590480743292
4080 -0.01643350349169112 -0.07431649944880862 0.05357914495943216
4081 -9.832586661425585e-05 -0.1064941759432984 -0.02366294358317771
4082 -0.02225292106231489 -0.01509574728902722 0.008041837171094092
4083 -0.01967434391497958 -0.01055774615568593 0.0191644263433591
4084 0.06187377493439981 -0.06187377493439979 0.01328875641330426
4085 0.07255442264964673 -0.06165772384040381 0.02754909079180956
4086 0.1066029263522125 -0.01577654738827009 0.07324444587667794
4087 -0.08089921120837054 0.1156648239256869 0.0542914554900334
4088 -0.01775675285689534 -0.00309780196005271 0.04546706884403211
4089 0.02762408899680044 -0.07330968409718935 0.0275960072938561
4090 -0.04793981910807379 -0.06972472874699098 0.05444757963450865
4091 0.0189434451531184 -0.003957118905976022 0.002248858219735321
4092 0.01929986257106427 -0.006824604280343914 0.002976805486732951
4093 -0.1042593184414129 0.003155471187147957 -0.03050219837810327
4094 -0.04315999577330194 0.04862581295608982 0.05637441387323677
4095 -0.0003414965315560632 0.006121081227409645 0.06061417144177576
4096 0.09071996468142232 0.07629983642220876 0.01168044968849802
4097 0.0340913557444853 0.009439270260585376 -0.07253951006954437
4098 0.07890502767198741 0.04734251146609593 -0.05140861148612804
4099 0.01990271719602292 -0.001359156680318391 0.001307400827593727
4100 0.01540176485171534 0.0008157035003844592 -0.001182163046185304
4101 0.01639168389466059 0.0006798355932242656 -0.0009984433109818348
4102 -0.01506189772858284 0.001189426293820586 -0.001168366648106358
4103 -0.02340278749310186 0.004295482148211561 -0.002521723940782575
4104 -0.02837011346686992 0.005180997176355784 -0.005688337374722373
4105 0.02906641641174011 0.01456803738856841 -0.009805411572116281
4106 -0.03913592861971962 0.01512199313938806 -0.01536179893995471
4107 -0.01578618699112211 0.00591477499631657 -0.002922886355723576
4108 -0.02430142656331613 -0.008062727654057149 -0.005557671368950415
4109 -0.0002303319240060484 0.004842043222147064 -0.005634443317053115
4110 -0.008743124940050948 0.01171377884435114 0.006471380054320287
4111 -0.07638939492945881 -0.09146935370368783 0.01031003174545161
4112 0.02399634691831559 -0.06199492673470667 0.06913378914050239
4113 0.01915253640475859 -0.0009953940541588559 0.001025043744881637
4114 0.003731768546828086 -0.01137904119881781 0.007193584626842865
4115 0.007458374341053291 -0.007141579570021091 0.0119832080520845
4116 -0.1119891092822533 -0.05224987822359209 -0.07043928219688549
4117 -0.01489146586128788 -0.007624935066807312 -0.02091998635410067
4118 0.01704828001468681 -0.00244519352108143 0.001841217921174654
4119 0.004582268721719658 0.00179709815316455 -0.005406997042099442
4120 0.004480309116275898 -0.001973822179348739 -0.005405062432859378
4121 0.0006411428206001494 -0.002668790442013945 -0.005498226618544293
4122 0.0002994560463591002 0.1070191787856328 0.1270677004555722
4123 -0.08173363567703992 -0.06361314335049108 -0.01157278254398134
4124 -0.07536928014941734 -0.05705089409392833 -0.03145612071211593
4125 0.08185725559294045 -0.07497287142598175 -0.005190811247774191
4126 -0.07644337567297407 -0.08038675134594815 0.005571873577660836
4127 0.02336710314384232 -0.001206075047335589 -0.001331673599180329
4128 -0.0368688933465967 -0.08776774656278427 -0.07129863697248073
4129 -0.008192405956241482 -0.02112542537844606 -0.01097886260200316
4130 0.07315591408124449 -0.04439464520743794 -0.07004378618651877
4131 -0.02167484256086511 -0.002518893877996783 0.04470004973840008
4132 7.070065705587342e-06 -0.002998343360476182 0.003780000347763253
4133 -0.01911848531987763 0.001325717925257587 0.003642613386539245
4134 -0.002530153740322199 -0.01811714809076946 0.008421335327680949
4135 -0.009390191157326797 0.04673124754013731 -0.07441646396166306
4136 0.1022242464315623 -0.04777575356843768 0.009694329876402596
4137 0.007325520684523091 -0.04213517307073497 0.01820412273990536
4138 0.1104554495266183 -0.05924078734199782 -0.06469646411908317
4139 -0.1178242558644508 0.08642696158127217 0.02878556499691239
4140 -0.0113340503995126 -0.02906924771201301 0.03762743567004308
4141 0.07183774481748194 -0.07183774481748194 0.006500848919785349
4142 -0.0308963838686526 0.01657737545387218 -0.04747067472591762
4143 0.08416551760881194 -0.09220404092078899 0.1386187533595351
4144 0.01825334754864471 0.03924938384316896 0.06856333102023796
4145 -0.003871934829125425 -0.007670961774057834 0.004461057683359648
4146 0.06015717383390721 0.06015717383390722 0.01493415164980413
4147 0.04777046018575 0.10222953981425 -0.01241407081262019
4148 -0.05330587272892544 0.07256072775974604 0.04727969931092452
4149 0.05882367681350952 -0.016104200691835 0.02123246044391797
4150 0.007983587811923524 -0.03987368587042253 0.08076045670883401
4151 0.01483900238120772 -0.01753283681970726 0.02151054813080422
4152 0.1039085174821371 0.0001487528845072993 0.131833596566406
4153 -0.02041202386416114 -0.001673782232234883 0.04311202386416114
4154 0.02953750258535394 -0.03124793317639451 0.03045468438155926
4155 0.01295944777760599 0.006486677971800164 -0.003798660072518745
4156 0.009760468575019814 0.01102587752665227 -0.005470956655553478
4157 -0.04870044298080096 -0.101299557019199 9.999999999998183e-05
4158 0.02183907951885804 0.001715280273879157 0.04441335561322095
4159 0.006496193652886699 -0.02007977415922498 -0.008899355713183017
4160 0.06730582059407909 -0.1037150684654469 0.01201803206750235
4161 0.02177742633711757 -0.00535783601183887 0.002330942919725084
4162 -0.07183774481748192 0.07183774481748192 0.005661938215254511
4163 -0.02295216384172984 -0.05935252650966168 -0.02688508123273466
4164 -0.01903297050600368 -0.003897116746133814 0.05163438349553997
4165 -0.09440106048380317 -0.03852601194385818 0.02378417187340868
4166 -0.01024062935036573 -0.004085056320852353 0.003337687887208686
4167 0.01234441005270331 -0.005169633949997522 -0.00297238909214849
4168 0.07894337567297406 0.07605662432702594 -0.005280110462804855
4169 -0.01812848497402189 -0.0007618951369827592 0.001046611543581663
4170 -0.01087826346916116 -0.01495180117998684 0.007783101389387434
4171 -0.02068972237271765 0.02715522427583275 -0.01081314014209056
4172 -0.02286324969331355 -0.001096606801302261 0.0009364078300969975
4173 -0.0241146948558702 -0.001348288160692016 0.001459317103028143
4174 -0.1076939646628941 0.05143981316305646 -0.07230861666942741
4175 -0.1022045440473865 0.04779545595261356 0.0001000000000000008
4176 -0.007429245301967043 -0.03943611511815601 -0.06033241542485718
4177 -0.01065078224870865 0.05229382802465253 0.1051334745269138
4178 0.02239617899789015 0.001184025180031777 0.001305060644150075
4179 0.02102493697534354 0.0009904551435309119 0.001316233449019172
4180 0.009820707576099204 -0.003071412229684822 -0.002558922659284602
4181 0.03820627554235941 0.02426515843803106 0.03311487689872497
4182 0.03865888684330084 -0.07902034033978417 -0.05999688566245753
4183 0.05944451398441206 0.05944451398441207 -0.01550685521249458
4184 0.01622747256777514 0.0009354939645202966 0.001425291229097175
4185 -0.0125793955288365 -0.0003170609305837266 -0.001473101699208612
4186 0.04775337626651745 0.003500305265852326 0.01727654607683284
4187 -0.07841506350946113 -0.08091506350946114 -0.005266718195422339
4188 -0.007488628458415978 -0.004524973302689955 -0.002920848504560463
4189 0.09409855828075264 0.03926273499567046 0.01372241144832107
4190 -0.05139368541250555 -0.05040220137973776 0.01466262937837724
4191 -0.1017446045794781 -0.04825539542052186 -0.01334734335505403
4192 -0.02483477425207565 -0.01678319449990799 0.113491936804653
4193 -0.0567407341862381 -0.01929516755612694 -0.02378487722317597
4194 -0.0832063287388482 0.07506199023870827 0.006123728110447372
4195 0.07015816274718442 0.07307041543290317 0.004257457862467755
4196 0.09884363883914871 0.08056512460745947 0.1380079053501922
4197 0.04355354027032082 0.09956663398079642 -0.07585746928438297
4198 -0.01982435551539974 0.0008005505834236681 -0.0008386748878476298
4199 0.1136704915240992 0.08536172697479696 -0.00625243708570265
4200 -0.02185602712998139 -0.00187666060853658 0.004366146888454438
4201 0.01142614413398189 -0.02338038154749902 0.03320344944794449
4202 -0.01473685301826841 0.03303530979270365 0.03185547671199454
4203 0.08887942610793911 0.0888794261079391 0.0102644088260411
4204 -0.01971896879595382 0.002898477782561863 0.001606624769873702
4205 -0.01905596312894117 0.004728562665231388 0.002021554087679134
4206 0.009783290602654121 -0.02547020977847473 0.01059366921055331
4207 -0.02440633902187484 -0.009184804591488405 0.004837886902006944
4208 0.0187663903779144 -0.01253344548219924 -0.02573078072846233
4209 0.02507973642216373 0.1002422567149105 0.06405238964375951
4210 0.002381079649440906 0.01263852030612305 0.006151538915170107
4211 -0.02050776249199507 0.0008842399861089529 0.00255842311105182
4212 0.06559765929229876 -0.02292197851099706 -0.03851718420240775
4213 -0.01070398798404245 -0.04887456514424324 0.1086324354908848
4214 -0.04944835947236029 -0.05243458378007194 0.1215977585168515
4215 -0.01895305753141732 0.0007067638617527378 0.0009892174012636806
4216 0.07722692720569532 -0.05929061762284075 -0.03001333151779078
4217 0.0832640338132906 -0.07512636669753191 0.006217949165780326
4218 0.02586760156567302 -0.01353620427039502 0.005550883957724078
4219 0.0003450432813178732 -0.01087828495034657 -0.07983787697464539
4220 0.000200153963877686 -0.008246170121762215 0.06428826054729393
4221 0.01327389301338736 0.02272392090372034 -0.03473294062336483
4222 0.0528416684496878 -0.015557432358981 0.05222778792731662
4223 -0.0171169848254829 0.009846618855939203 0.00418056773078752
4224 -0.03804956019822466 -0.08490084050486052 -0.01487422405238683
4225 -0.02865886880423478 0.001525962714054569 0.03796089373744163
4226 0.08967288920651105 0.08615128318101391 -0.03770486104011666
4227 0.02170141531048373 -0.00294231601527413 0.001818265572247335
4228 -0.02844397961067554 0.009390974859809449 0.006341799854530687
4229 -0.08211561347941483 -0.1130112547033736 0.07752842429668341
4230 0.005628797170802325 0.004600860204550708 0.003263516886431382
4231 0.003035156525486899 0.00285377306313304 0.003817394405560709
4232 0.02283556961967757 -0.05603781798975176 -0.0384803612280229
4233 -0.05080948251399016 0.06924352278289002 -0.04778242677604462
4234 -0.003622535154007595 -0.007814459890468878 0.03637418914268951
4235 -0.08193747697188376 -0.07908757547345285 0.005425709095703321
4236 0.02122354587282647 -0.001240699906988154 0.04191671544165959
4237 -0.009722388095965073 -0.02025967667866582 0.1492514831047168
4238 0.02000232857934833 -0.006309606612826779 -0.003087430983728662
4239 -0.01957326563500549 0.003412311942191288 -0.001680558617282536
4240 -0.0004456683835643324 -0.006626655187802646 0.02207088905435532
4241 0.0317433667134969 0.0670341153672023 0.1080543308861958
4242 0.07065074628945447 -0.09123163582276339 -0.01083734406148038
4243 -0.02092491097672641 -0.001570102410618172 0.04177508902327359
4244 0.04693268363069525 0.06342748758396038 -0.07084266652814042
4245 0.1062686239531864 0.06662159746331123 0.01196131301505155
4246 0.02063941298718503 0.00501674805596791 0.008144038070772165
4247 -0.008288942709826675 0.04087472012263992 0.08064579043717422
4248 -0.01109196398409809 0.007756332181138237 0.03185826550216032
4249 0.01742913235397451 -0.002628373974310647 -0.001512691950069029
4250 -0.07704466437477275 0.09433917464952984 0.1418096860014737
4251 0.02526566449247213 -0.01697245591785878 0.0345000623302053
4252 -0.01748049190778544 0.002430209830627734 0.005212958416709436
4253 -0.001329065639453227 0.00747313060736263 0.08100957105529971
4254 0.01340977727237715 -0.001823874864289846 0.0971345870401514
4255 0.01702127834406344 -0.02629383903687915 0.116245306864352
4256 0.0253483561333268 0.0195875112305757 0.1178571974086314
4257 -0.08976387741635469 0.004331574132043783 0.1351779807688206
4258 0.0355032485357774 -0.03004337030463763 0.01593421844722623
4259 -0.01690640592512609 -0.001178145418661178 0.0008358261896872494
4260 0.01420692801571245 0.03872519167084942 -0.01941891969834824
4261 0.01737771325848804 -0.001385816475142029 -0.0009348345783541048
4262 -0.08311622688884931 0.1052901711149424 0.01051477146311291
4263 -0.06240935741453369 0.0875906425854663 0.01035407873058537
4264 -0.07519193659085288 -0.07602675622962543 -0.003880872265589554
4265 0.01500150422383163 0.007889373529246372 0.04354218634091137
4266 -0.02265690913128696 -0.01883266660073105 0.05273984784796183
4267 -0.03542218204993149 -0.03254782399498927 0.05058311558991145
4268 0.07435883127669581 0.07848845339622293 -0.00493508008427548
4269 0.06790069464720801 -0.09879882815068117 -0.04320575581330991
4270 0.09500809608717209 -0.1147310331306809 -0.06812918072632509
4271 -0.04824214611815533 0.1017578538818447 -0.01059470853466374
4272 -0.03633209631351191 0.03207376463176822 0.04649708736569622
4273 0.04019446168765092 -0.01684482912092074 0.03229862208923448
4274 -0.01760541716960159 -0.0001 -0.005302562522127037
4275 0.005725876204585361 0.007017113893925077 0.01912435467390829
4276 0.01492258799654135 0.009409045503828789 0.01739173147903374
4277 0.07205522099607303 0.04124548245761354 0.01992180547333635
4278 0.1115875297859558 0.09774676569046098 -0.07104114209265068
4279 0.02299497751819074 0.0005701895128144942 0.001051711264772909
4280 -0.0652601906049038 -0.0776656044731638 -0.008332178999325831
4281 0.01784084855689204 -0.01516817775139465 0.005994029998185737
4282 0.02200822822468736 0.01094467583159333 0.005644104926471037
4283 -0.04710767821175933 -0.00100475815521503 -0.07862022151399084
4284 -0.09033285753094565 -0.006921785982528274 -0.07126939759737237
4285 -0.05728118011747377 0.07473938852450959 0.01790261555189997
4286 -0.06359224492762303 0.08137265219565903 0.008715739015185162
4287 -0.0005764829426052331 -0.106264070008928 0.01534955913584949
4288 -0.0685072796913566 -0.08947497676317054 -0.009329072450791905
4289 -0.02157589469659186 0.002552282586631257 0.00135607494609318
4290 0.04535834528663529 -0.01897191851450877 -0.01754904738497881
4291 -0.00130430439077179 0.07212847364517501 -0.02805942630377834
4292 0.009043758814711898 0.1101568820136037 -0.03005467675996167
4293 -0.04383127197984892 0.02825592977880964 0.01608648576273207
4294 0.08721866056065913 -0.08212707443335047 0.007366675155290606
4295 -0.02360465645249172 0.001271109325783827 -0.001044087731758857
4296 -0.02481465571653413 -0.0001025921545790123 -0.001689781724909259
4297 0.07929077855240163 0.07070922144759835 -0.005055437482367321
4298 -0.0704087153607828 0.05185818063512021 0.04838594858505175
4299 -0.08721745284290038 0.08212742271786519 0.007501080758074955
4300 -0.02828388071941437 -0.03456724614806737 0.01321498810231
4301 0.02295742261096449 -0.05998991624005463 0.1017724801651229
4302 0.009924979898412048 -0.01224327751899432 -0.00529656210013876
4303 -0.09718848734260332 0.1140386466259971 -0.06128817476712631
4304 0.04927005181485097 -0.1160077868722942 -0.07653766861748199
4305 0.07645206339808794 -0.08041917437747528 -0.004536286141106129
4306 -0.1137769840807584 0.009103033704656273 0.08923000294060314
4307 -0.008949122404519913 0.004855457763961627 -0.002510724337444468
4308 0.08287467724446795 -0.08373042658840785 -0.00698127820370707
4309 0.01385722958661202 0.03321544832802679 0.03241795572865987
4310 -0.01318715806036658 0.00227206920202714 -0.001666378172678809
4311 -0.05012909181378832 -0.04008750510883255 0.03888694018241924
4312 0.07945675965383327 -0.05746998121190285 0.01269924522255786
4313 -0.06876122431762546 -0.04531972004456117 0.01615838191544871
4314 -0.00664568056024259 0.01909954338921082 0.05083476145183412
4315 -0.06724000019050098 0.09102157319582992 0.06924750927756368
4316 0.1093048264417045 -0.003031293253393804 -0.01630017950903178
4317 0.02122354587282647 0.001044086462717416 0.04191671544165959
4318 -0.007720691118533187 0.008337952515379781 -0.003328738241917934
4319 -0.001117985948108044 -0.005620494908565316 -0.005056974111521076
4320 0.000892004897258032 -0.009943431594763527 -0.004408157003005217
4321 0.02272431345291796 -0.001791520075046895 0.003829149872123138
4322 -0.04005103259732823 -0.0263019014738379 0.0132364252734829
4323 -0.01969914735886765 0.001197694911308081 0.04382279734229719
4324 -0.01385787106991625 0.1100762333511546 0.06298435385678056
4325 0.06692157333695256 -0.03250678114345402 0.08771082904660336
4326 0.01918335643897249 0.0008758692085637238 0.001199938780080936
4327 -0.07764733376271223 -0.06248527834968251 0.00966021977371307
4328 -0.08867209024464326 -0.07588138762481275 -0.007671381675326028
4329 0.0749226636034892 0.06304845908291321 -0.009028107606267622
4330 -0.02117944346261021 0.001211815761163676 0.04238396907667544
4331 -0.01025560344243963 0.0003469071213353895 -0.002085852507474481
4332 0.02538048891477111 0.02313193743243905 0.02621684211029823
4333 0.02002040761738974 -0.001189655899330186 0.002551660817823519
4334 -0.009904291687826059 0.04013372925928712 -0.01590897331649927
4335 0.01565718026125396 -0.001666938257288086 0.001255879299293034
4336 -0.04531899216788156 0.02213406239102565 0.06281633292913805
4337 0.01274634375488919 0.008229251367655475 0.004139470087537052
4338 0.007439490597648645 0.009332535847160942 0.005820648938240031
4339 -0.06244281796261687 -0.07453788967514274 0.009660219773713069
4340 0.09135323454832528 -0.03512093792051658 -0.009126399659558202
4341 0.06471500767264905 -0.07017397713267971 0.006029400705918013
4342 0.09818654651339984 0.09818654651339981 -0.01214447340126723
4343 0.02462600643431282 0.03463343775451408 0.01246451356240519
4344 -0.005271694538927726 -0.005920304557301062 -0.03838527549547935
4345 0.06401535912918968 -0.08070892391423026 -0.01183412718245712
4346 -0.02582503193086989 -0.004167346965147311 -0.003495327349311839
4347 0.02844405227775007 -0.003591037309624371 -0.0048847317713686
4348 -0.01128668271629639 -0.007999252060345142 0.01488107744732372
4349 0.02241882597269695 0.001417169018428143 -0.000991370073316764
4350 0.06447046190824057 -0.08139044587579504 0.01019625069343885
4351 -0.02129170901889847 0.00452329637766238 -0.001925210291407732
4352 -0.02336653367416721 -0.001057127914866251 -0.001236743009704114
4353 0.08427292086168009 0.1096070117903555 0.0001000000000000046
4354 0.08624770761532549 0.07856212370383281 -0.007528732733461122
4355 0.08887942610793911 0.0888794261079391 -0.009507808334197846
4356 -0.0204142786116262 -0.001595084473018713 0.04459761379609133
4357 0.04741692740075389 0.07190107405972172 -0.03311418867038016
4358 0.01082312429611001 -0.009153081888384455 0.03876792743159119
4359 0.01560059779273105 -0.0002175943084890335 -0.0008800239635185497
4360 0.01460608443389659 -0.0009009835055616419 -0.001149028490807055
4361 -0.08946465503583673 0.06849446069193108 -0.009469816514736367
4362 -0.08243464043235832 -0.05216595212230231 0.0481016671395862
4363 0.0002524742565264838 0.002434989108027515 0.002729608328634948
4364 -0.01763924320432875 0.0006102305285882916 0.001088850079714438
4365 -0.0179386226801517 -0.01854708613044273 0.02830082452953749
4366 0.01951044471005259 0.002186361806072482 -0.001565634705848553
4367 0.01995374379472721 0.004051333745894878 -0.002216085046862042
4368 -0.07605835371465608 0.07605017016452426 -0.005652418326712843
4369 0.0112640665647182 -0.00694521248939524 0.00350570062402426
4370 0.04753992532208157 -0.05578154236654972 0.01403688448265681
4371 -0.0108132454678818 0.002502878384674849 -0.001974973020147752
4372 -0.06922439053687274 -0.06400285864478164 0.007797048983237951
4373 -0.003408076837006135 -0.003407299725278165 -0.004771521657317203
4374 -0.07549987270997942 -0.06232294932226039 0.0266294530087997
4375 0.07497287142598173 0.08185725559294045 0.005179914503871091
4376 -0.01917305482194379 -0.0008637268501335971 0.001094123887307383
4377 -0.003546261261705833 0.01298293467248985 -0.01727462245597715
4378 -0.1158320930867404 -0.08831607834021657 -0.05889044780050444
4379 0.01440655786300362 0.002263672753641395 -0.001725402485629414
4380 0.003183754618292531 -0.004764825508649467 -0.004722738786511986
4381 -0.02355053789017705 0.005358483111852372 0.00288546541453154
4382 -0.02286611435969093 0.009411672198487524 0.004104298351567482
4383 0.02007149547261209 0.0007722302818462313 -0.0009607092415686766
4384 0.02438573757592756 -0.01616866919484768 -0.006412860248328131
4385 0.01335534764053647 -0.0006321001153961338 -0.001191384404355906
4386 -0.02060911645010733 0.001866894382625347 0.04549106206452639
4387 0.02145770099218696 -0.001387768577820784 0.04401147526414748
4388 -0.002439638426703656 0.002527877352747745 -0.004903535619783186
4389 0.04500282883122141 0.0144817530612127 -0.01647059345120317
4390 0.00289390922166397 0.004331041217773098 -0.004635455845866913
4391 0.0837264510808613 0.115278621797115 -0.05737039206116876
4392 0.01705189943437444 0.002513012012106658 0.0016273370627603
4393 0.01733682407427121 0.0007846172088627862 -0.0008949701441392347
4394 -0.02231679232886101 0.0007888802925295254 -0.0007877682882397593
4395 -0.01849183589690136 0.002753876783828322 0.001366988190043077
4396 -0.01351430243572198 0.00356179220721503 0.002506258084320387
4397 -0.02185271854379726 -0.001561009011024509 0.04337422506803634
4398 0.09347121555862216 0.06917135543436743 0.03226953091069877
4399 0.1058411703634338 0.06613336368850296 0.06625521324199087
4400 0.0003896288929175526 -0.00777106586742061 0.01463026291663275
4401 0.0239608273943283 -0.001030212923194664 0.00102838365107949
4402 0.08080770981750489 -0.05287821793910969 0.05033566083729948
4403 -0.07067712835036015 -0.04039587469251103 -0.0177749300062461
4404 0.02070372613203868 0.0008457421751497693 0.04405128545564797
4405 -0.01428596673212213 -0.008040891247031671 0.003925101275796815
4406 0.01698280553262164 -0.0008990560618541799 0.05288216384573543
4407 -0.02573774288101376 -0.002184352267114703 0.001944334927341463
4408 -0.003860826320192574 0.005705877128848294 0.02535143840963052
4409 0.002818696246605223 0.006272333932100972 0.02617634842501887
4410 0.00652003935359914 0.004356551014468099 -0.002111204674887132
4411 -0.01167618882077117 -0.1123257123177221 0.05156348220515989
4412 -0.01078462508473226 0.01325495098389363 0.06942644798355833
4413 0.08944931882296156 -0.06847541398611531 0.008374413074296608
4414 0.107152260289661 -0.06638482782055008 0.01015099543480249
4415 0.01575059646568253 -0.005078807723667004 -0.002537995155650402
4416 -0.01675541249744494 -0.0007726626645766254 -0.0007690115826219407
4417 -0.030096653030632 0.05164927870665197 0.07699489230038299
4418 -0.04447242760348576 0.05402493316329592 0.1045489266478489
4419 -0.07868683420020792 -0.03390057316571162 0.0872631850417307
4420 -0.01318465557998449 0.009235518703693775 0.01723580529837915
4421 -0.07183774481748192 0.07183774481748192 -0.0057607747365324
4422 0.008657499719948787 0.01405971997400813 0.1502341476416403
4423 0.06638372225093682 0.1071563863316289 -0.0111810828629601
4424 -0.02280374765077579 0.001801157876373493 0.04147417355986296
4425 -0.01619883092712928 0.002699214126044237 -0.00140869248195754
4426 -0.03009361637240944 -0.006728420389816942 0.005402779036108466
4427 -0.0003263910318144318 0.1058042614546976 0.01184036710929357
4428 -0.02532826414414259 -0.003217179453671776 0.04802826414414259
4429 -0.07074212262947577 -0.07925787737052423 -0.00459928025248193
4430 -0.02200707955985588 0.00296651252712093 -0.001376622926176745
4431 0.1026354611666677 -0.03654777183714088 0.1096703815869303
4432 -0.07595333549776245 0.03524330210511348 -0.02312936543479375
4433 -0.005049644285751842 0.01853364257686763 0.007723720463790755
4434 -0.06922439053687279 -0.06400285864478165 -0.007479188816597328
4435 0.01144819327836158 0.01446733287531186 0.07156232295980455
4436 -0.04763046246795938 0.04824735353655525 0.01533632313045544
4437 -0.04250639431646884 0.06516484423807589 0.01613406629866369
4438 -0.02995492878730806 0.05568235224615678 0.02968703669859742
4439 -0.04963287933041032 0.1075651340134586 -0.07507020294846348
4440 -0.01396692069425729 -0.008872586786223187 0.02660526347240269
4441 0.09701561568501375 -0.02231653455296043 0.02354377657672307
4442 -0.0194559493955857 -0.004526353356650236 0.002208683859938624
4443 -0.06531465085116953 0.07730899933999145 -0.008390129019610395
4444 -0.08946465503583673 0.06849446069193108 0.008389310278275349
4445 -0.0351662767357142 -0.03830352964696739 -0.01501850645143457
4446 0.08188588895002409 0.08186508458856251 0.00546505391331866
4447 0.06400285864478165 -0.06922439053687275 -0.007481458952505348
4448 0.05767332436342647 -0.06928783578813652 -0.02167064742575544
4449 0.06185812966417219 -0.06871329733233954 -0.04424998248393902
4450 0.06702020296633797 0.01121926120104925 0.03111768758760241
4451 0.02564193549428812 0.008590132717513148 0.04522544865801341
4452 -0.02327459514119831 0.0006277509877025383 -0.0007890787610266086
4453 -0.0965182038948718 -0.08714466174713775 -0.02970725954419581
4454 -0.01771121351500553 -0.001177109184008428 -0.0007844235512169244
4455 -0.005209671715400237 -0.001036268134181105 -0.00449205600251761
4456 0.01582320838895389 0.0005378878095084027 -0.000471502290262122
4457 0.02764272832917999 0.0167534078768381 0.007888752872406441
4458 0.1131922430606823 0.05669180894924802 -0.07205032980145538
4459 0.03704678589931201 -0.01487282846501358 -0.009708358679789407
4460 0.05969053503523002 0.03198149627456454 -0.07518486714318209
4461 0.01853709410056039 0.004223068422612311 0.002408000890854902
4462 -0.1094456974342166 0.08521856097232465 0.06418123563432428
4463 -0.07235142773599562 -0.04365387101459994 -0.0762242748876753
4464 -0.01953370081760546 -0.001078429733150785 0.04357694509387305
4465 0.06559596968106979 -0.0005004989148499409 -0.06417879864710434
4466 -0.111680737951663 0.1210661971306716 0.03519043578837991
4467 0.1079767140491949 -0.07004748971970957 -0.01493884703069065
4468 -0.01158129317028548 0.02762132619755158 -0.03302982189370366
4469 -0.03521665844023909 0.08088373340357122 -0.02505054568094045
4470 0.06264109934630237 0.05981179224446267 0.04224595418259169
4471 -0.08867209024464326 -0.07588138762481275 0.007224562942893762
4472 0.00655375208693696 -0.004379077142710306 -0.002111204674887132
4473 -0.02233306337857562 -0.0009656669511967814 -0.0009918448012444089
4474 0.07658598148065417 -0.06480949900581424 -0.007552881521751856
4475 -0.02567068191577213 -0.02183229521093026 -0.008720235046097797
4476 0.02062629977417513 -0.0007305691776875944 0.000968670099132019
4477 -0.08386600841354354 -0.1080883938596776 -0.004220982672270484
4478 0.02242284025979537 0.002234075321064185 0.05174216294817961
4479 0.02194088668414916 -0.001432164295357783 -0.001145243966674019
4480 -0.09726127101022317 -0.09726127101022312 -0.01156335999911823
4481 0.02423249166304672 0.001698598395607463 0.002078962550809978
4482 -0.0186439135187953 0.005187758558416805 -0.001843633664262755
4483 -0.04497419288188427 0.00329912418297346 0.05234107963176289
4484 0.01978417741185117 -0.02800666030746444 -0.01054431837369809
4485 0.02893678495666908 -0.04087148911052389 -0.01507716928100672
4486 0.03115548216611439 0.02869182901814197 -0.01122400447852353
4487 -0.03211327539975135 0.1224320973511157 -0.03471790522425217
4488 -0.08207252683705051 -0.08687846929277192 -0.006068569310918869
4489 -0.09225778276977092 -0.08618749619962421 -0.01150438652587708
4490 -0.02853614783073947 -0.01387978953867578 0.00673001751117415
4491 -0.0893320771517562 0.07115973637064332 0.02890392444191149
4492 -0.0008711546127116374 0.006362369482538663 0.01256032711630446
4493 -0.0198271144629115 -0.004364086524721859 -0.002638423127589772
4494 0.02304787506469333 0.006646131782142059 0.003595057766393932
4495 -0.09250864766197008 0.05690688649893602 0.01232939828461155
4496 0.04160454262035924 0.04248306065546664 0.03803935146230188
4497 -0.02334120791525579 -0.005131713855982608 0.00271675876565003
4498 -0.02347885759370713 0.0005401690907532931 0.0009072561166080871
4499 0.04857045630957861 -0.1014295436904214 9.999999999999999e-05
4500 0.01706527240450512 -0.0007901302331403737 0.001123299001561436
4501 0.007616470986082045 0.005555883406373571 0.01010721385107174
4502 0.05018839995262545 -0.03164862265175942 0.06955343752553995
4503 -0.07783889487279617 0.08422835907318349 0.006471595321181748
4504 -0.03557409267684258 0.03448324750860823 -0.013590206355484
4505 0.02858649261372795 0.006857624771598637 -0.02671301480624766
4506 -0.1058199604494353 -0.0003381961483799704 0.01109037723057472
4507 0.1069894051575931 0.04110773942580735 0.1146111890086004
4508 -0.0214945805049444 0.01979026134269699 0.008979223251786978
4509 0.07297700892895613 0.08475727843859798 -0.005992898672810899
4510 -0.02533643308290117 -0.04503109501423794 0.02551603453658752
4511 0.07874198421397215 -0.07399733835177615 0.00479886035280599
4512 0.06697234273235611 0.0337597709414176 0.1013011758184958
4513 -0.01831135070868537 0.007771701055415332 -0.008567273817977145
4514 0.01400003109482398 0.001268584143515297 0.001891994009992034
4515 0.02181557530671933 -0.001278835125804121 0.0009259782140701705
4516 0.02092493999914638 -0.001723011033819252 0.0011810598508521
4517 0.0206331214555259 -0.002089514048893942 0.005351830256679041
4518 -0.02166119028019679 0.001206783450229748 -0.0007940751371896346
4519 -0.02151613145933122 0.0005132516622259429 -0.0006970990585643259
4520 -0.02070364080470621 0.000853085648608428 -0.0008416666535236432
4521 0.007481256638766701 -0.00148811446899187 -0.002111204674887134
4522 -0.02039699278975054 -0.0009998560600567251 0.001052482024536729
4523 -0.0550010167103578 -0.02240338122891282 0.07815979310800783
$EndNodes
$Elements
18044
1 4 2 1 1 2601 2344 2138 4230
2 4 2 1 1 2211 2451 2205 4184
3 4 2 1 1 1401 1403 1578 4026
4 4 2 1 1 3495 3555 3900 3914
5 4 2 1 1 1493 962 958 3615
6 4 2 1 1 2309 2318 2305 3598
7 4 2 1 1 1203 1207 1223 4026
8 4 2 1 1 167 1907 166 184
9 4 2 1 1 2742 2745 84 3646
10 4 2 1 1 1180 1181 1647 4028
11 4 2 1 1 3551 3613 3482 3939
12 4 2 1 1 3614 3914 3800 4222
13 4 2 1 1 3464 3696 3507 4483
14 4 2 1 1 3472 3684 3499 4186
15 4 2 1 1 2648 2146 2649 4500
16 4 2 1 1 3534 3977 3832 4144
17 4 2 1 1 923 929 925 4367
18 4 2 1 1 3838 3917 3507 4059
19 4 2 1 1 3479 3913 3791 4253
20 4 2 1 1 3862 3946 3502 4050
21 4 2 1 1 1835 2102 2119 3748
22 4 2 1 1 3464 3696 3674 3972
23 4 2 1 1 2460 1835 3764 4132
24 4 2 1 1 2460 3764 1840 4132
25 4 2 1 1 392 594 376 4271
26 4 2 1 1 3539 3934 3739 4255
27 4 2 1 1 3505 3532 3475 3560
28 4 2 1 1 3118 3784 2399 3985
29 4 2 1 1 3451 3948 3554 4144
30 4 2 1 1 2751 3633 2747 4031
31 4 2 1 1 1763 1764 1765 4065
32 4 2 1 1 1296 1306 929 3577
33 4 2 1 1 1303 1304 3491 4156
34 4 2 1 1 3452 4024 4315 4418
35 4 2 1 1 3257 3828 3639 4195
36 4 2 1 1 1406 1474 1407 3907
37 4 2 1 1 3573 4130 3676 4138
38 4 2 1 1 820 1247 902 4331
39 4 2 1 1 1524 1523 1521 3883
40 4 2 1 1 3452 4315 3844 4418
41 4 2 1 1 3450 3993 3550 4213
42 4 2 1 1 3557 3487 4251 4273
43 4 2 1 1 2509 2510 2041 4092
44 4 2 1 1 992 1405 1389 4318
45 4 2 1 1 2982 3789 3715 3941
46 4 2 1 1 3739 3818 3539 4325
47 4 2 1 1 2978 2976 2977 3959
48 4 2 1 1 3914 3989 3948 4013
49 4 2 1 1 393 394 3741 3864
50 4 2 1 1 330 1147 1661 1610
51 4 2 1 1 3487 3557 3538 4273
52 4 2 1 1 1956 2598 1957 3619
53 4 2 1 1 726 3527 4135 4233
54 4 2 1 1 3617 3786 3496 4135
55 4 2 1 1 1037 1411 946 4108
56 4 2 1 1 3460 3483 3599 3643
57 4 2 1 1 3617 3527 3970 4291
58 4 2 1 1 414 3259 413 4000
59 4 2 1 1 3244 3238 3239 4000
60 4 2 1 1 3207 382 383 3962
61 4 2 1 1 681 3676 3573 4316
62 4 2 1 1 3714 4033 3548 4411
63 4 2 1 1 1302 933 1303 4010
64 4 2 1 1 1752 1754 1751 4396
65 4 2 1 1 3451 3832 3948 4144
66 4 2 1 1 3613 3551 3833 3939
67 4 2 1 1 3108 3869 3945 4007
68 4 2 1 1 3467 3528 3487 4006
69 4 2 1 1 3692 3479 3791 4253
70 4 2 1 1 1442 1440 1441 3907
71 4 2 1 1 427 425 3940 4002
72 4 2 1 1 3597 3800 3989 4450
73 4 2 1 1 3993 4080 3548 4090
74 4 2 1 1 2468 2306 2301 3598
75 4 2 1 1 3472 2898 4055 4276
76 4 2 1 1 2598 1961 1957 3619
77 4 2 1 1 1695 1377 1095 4040
78 4 2 1 1 2089 333 2087 4036
79 4 2 1 1 393 395 3691 4189
80 4 2 1 1 3573 3676 693 4138
81 4 2 1 1 1901 1902 2633 3764
82 4 2 1 1 1355 1007 1361 4452
83 4 2 1 1 3167 375 3170 3771
84 4 2 1 1 3478 3895 3692 4220
85 4 2 1 1 2049 4051 2350 4067
86 4 2 1 1 728 3969 3527 4233
87 4 2 1 1 3520 3722 3556 3747
88 4 2 1 1 356 357 360 3593
89 4 2 1 1 421 3252 3245 3828
90 4 2 1 1 796 3758 4197 4292
91 4 2 1 1 3506 3574 3789 4012
92 4 2 1 1 3486 3459 3658 3996
93 4 2 1 1 3800 4222 3989 4450
94 4 2 1 1 3227 3215 3226 3952
95 4 2 1 1 3568 3755 3665 3929
96 4 2 1 1 613 3548 4033 4411
97 4 2 1 1 3527 4135 4142 4283
98 4 2 1 1 1794 1790 2169 3546
99 4 2 1 1 1606 1696 1178 4026
100 4 2 1 1 3550 3993 3839 4267
101 4 2 1 1 3462 3791 3531 3936
102 4 2 1 1 992 1389 990 4318
103 4 2 1 1 1556 1338 1336 4127
104 4 2 1 1 1754 1752 2186 4396
105 4 2 1 1 3502 335 3682 3813
106 4 2 1 1 3204 377 378 3732
107 4 2 1 1 3341 3804 3338 4111
108 4 2 1 1 1306 929 3577 4367
109 4 2 1 1 3685 4149 3854 4258
110 4 2 1 1 3993 4090 3839 4267
111 4 2 1 1 3487 3685 3538 3836
112 4 2 1 1 2648 2145 2146 4500
113 4 2 1 1 2350 2351 2048 4067
114 4 2 1 1 2168 3624 2382 3905
115 4 2 1 1 3531 3791 3701 3936
116 4 2 1 1 3204 378 379 3962
117 4 2 1 1 2612 1966 1995 3608
118 4 2 1 1 3280 3303 432 433
119 4 2 1 1 3456 3994 3977 4076
120 4 2 1 1 1657 885 836 4425
121 4 2 1 1 678 3800 3691 4441
122 4 2 1 1 414 3239 3238 4000
123 4 2 1 1 2039 2192 1902 3764
124 4 2 1 1 395 3655 393 3691
125 4 2 1 1 3278 440 426 3630
126 4 2 1 1 3708 3518 4014 4262
127 4 2 1 1 2301 2306 2305 3598
128 4 2 1 1 3914 3989 3800 4222
129 4 2 1 1 3977 3994 3858 4076
130 4 2 1 1 101 1832 102 4132
131 4 2 1 1 3100 302 301 3808
132 4 2 1 1 3908 4009 3662 4290
133 4 2 1 1 3463 3954 3606 4293
134 4 2 1 1 1125 1120 1160 332
135 4 2 1 1 3800 3989 3914 4013
136 4 2 1 1 1264 1271 926 4366
137 4 2 1 1 1927 1924 1926 3706
138 4 2 1 1 171 3502 3465 3862
139 4 2 1 1 3447 3701 3791 3936
140 4 2 1 1 3348 483 484 4235
141 4 2 1 1 2400 2035 2401 4369
142 4 2 1 1 3469 3452 3853 4298
143 4 2 1 1 1524 1521 1583 3883
144 4 2 1 1 3057 3063 3070 4158
145 4 2 1 1 1778 167 2265 1757
146 4 2 1 1 3919 3920 3472 4021
147 4 2 1 1 329 3521 3602 3667
148 4 2 1 1 3464 3917 3697 4506
149 4 2 1 1 1414 1304 1305 3863
150 4 2 1 1 613 4066 3548 4411
151 4 2 1 1 3450 3993 3548 4090
152 4 2 1 1 1919 1920 1828 3760
153 4 2 1 1 3716 4006 3803 4234
154 4 2 1 1 3108 3105 3109 3945
155 4 2 1 1 1832 101 3884 4132
156 4 2 1 1 3455 3858 3977 3994
157 4 2 1 1 999 1004 1339 4295
158 4 2 1 1 373 3174 372 3982
159 4 2 1 1 1956 2039 2040 3619
160 4 2 1 1 1813 2714 2338 3598
161 4 2 1 1 1919 2184 2262 3760
162 4 2 1 1 3540 3505 3728 3961
163 4 2 1 1 3451 3597 3948 4470
164 4 2 1 1 2338 2468 1813 3598
165 4 2 1 1 3341 3338 474 4111
166 4 2 1 1 3528 3585 3487 4006
167 4 2 1 1 3520 3709 3556 3721
168 4 2 1 1 590 3655 395 3691
169 4 2 1 1 613 3918 3548 4066
170 4 2 1 1 1046 4009 3908 4290
171 4 2 1 1 3548 3918 3890 4066
172 4 2 1 1 3132 3879 3131 4133
173 4 2 1 1 2522 2521 2395 4401
174 4 2 1 1 1842 1841 1840 3764
175 4 2 1 1 3550 4192 3791 4523
176 4 2 1 1 1435 1438 1437 4359
177 4 2 1 1 2335 2144 2388 3642
178 4 2 1 1 1743 1740 1742 3768
179 4 2 1 1 459 458 3776 4288
180 4 2 1 1 617 3485 3669 3928
181 4 2 1 1 3622 4182 3635 4304
182 4 2 1 1 840 1266 1343 4074
183 4 2 1 1 613 3548 3918 4033
184 4 2 1 1 1610 1661 330 1154
185 4 2 1 1 2886 170 171 3502
186 4 2 1 1 1920 2596 2590 4110
187 4 2 1 1 3464 3697 3696 3972
188 4 2 1 1 3464 3507 3696 3839
189 4 2 1 1 290 3747 304 4052
190 4 2 1 1 3463 3606 3954 4272
191 4 2 1 1 676 4086 3800 4441
192 4 2 1 1 3839 3993 3550 4090
193 4 2 1 1 2344 2355 1827 3661
194 4 2 1 1 859 1236 1234 4074
195 4 2 1 1 3524 3719 3477 3761
196 4 2 1 1 2948 3575 3503 4115
197 4 2 1 1 3278 3270 440 3720
198 4 2 1 1 1468 1632 1467 3802
199 4 2 1 1 3478 3495 3739 3895
200 4 2 1 1 4097 4135 3496 4244
201 4 2 1 1 933 1303 4010 4156
202 4 2 1 1 1556 1336 1557 4127
203 4 2 1 1 813 870 981 3738
204 4 2 1 1 1800 1794 2169 3546
205 4 2 1 1 1401 1223 1400 4026
206 4 2 1 1 3554 3914 3900 3948
207 4 2 1 1 1741 1944 1838 3884
208 4 2 1 1 3534 4209 4122 4241
209 4 2 1 1 3591 4116 3612 4191
210 4 2 1 1 3537 4030 3592 4433
211 4 2 1 1 3648 3753 3481 3849
212 4 2 1 1 3454 3468 3563 4106
213 4 2 1 1 3257 3247 3828 4195
214 4 2 1 1 2644 2497 2399 3784
215 4 2 1 1 598 3635 3622 4081
216 4 2 1 1 1394 1090 1694 4127
217 4 2 1 1 3467 3487 3528 3836
218 4 2 1 1 3890 3548 4213 4301
219 4 2 1 1 3900 3914 3555 3948
220 4 2 1 1 1658 1584 1105 4359
221 4 2 1 1 370 369 4175 4361
222 4 2 1 1 3556 3709 3520 3747
223 4 2 1 1 978 1649 1419 3872
224 4 2 1 1 3739 3539 3818 3934
225 4 2 1 1 1947 2116 1949 4514
226 4 2 1 1 3517 3708 4148 4285
227 4 2 1 1 3462 3674 3696 3972
228 4 2 1 1 3472 3513 2898 4276
229 4 2 1 1 3633 3801 2747 4031
230 4 2 1 1 3951 4001 3645 4117
231 4 2 1 1 3493 3749 3468 4117
232 4 2 1 1 250 3961 251 4424
233 4 2 1 1 3676 4130 3573 4465
234 4 2 1 1 3532 3696 3500 3913
235 4 2 1 1 1198 1199 1204 4074
236 4 2 1 1 3506 3665 3681 3716
237 4 2 1 1 3616 3626 3519 3830
238 4 2 1 1 3514 3662 3600 4212
239 4 2 1 1 2875 2862 2884 4492
240 4 2 1 1 3457 3449 3848 4505
241 4 2 1 1 3676 3573 4212 4465
242 4 2 1 1 3206 3204 379 3962
243 4 2 1 1 729 4130 3676 4465
244 4 2 1 1 1740 1743 1744 3768
245 4 2 1 1 4070 4165 3697 4362
246 4 2 1 1 2050 2589 2454 4051
247 4 2 1 1 3800 4316 3691 4441
248 4 2 1 1 954 1416 3643 4320
249 4 2 1 1 3534 4144 3832 4241
250 4 2 1 1 3046 3044 3038 4243
251 4 2 1 1 361 3177 362 4368
252 4 2 1 1 2510 3618 2041 4092
253 4 2 1 1 2309 2305 2307 3598
254 4 2 1 1 1414 3491 1304 3863
255 4 2 1 1 617 3625 3485 3928
256 4 2 1 1 2499 2618 2501 4515
257 4 2 1 1 3478 3739 3495 3900
258 4 2 1 1 3465 3682 3523 3880
259 4 2 1 1 716 3786 3758 4135
260 4 2 1 1 3707 4122 4024 4250
261 4 2 1 1 1892 1894 1898 3946
262 4 2 1 1 1305 3863 3809 3966
263 4 2 1 1 4135 4233 3758 4439
264 4 2 1 1 3505 3560 3475 3862
265 4 2 1 1 870 813 869 3738
266 4 2 1 1 1698 1447 1446 4261
267 4 2 1 1 1050 1331 1330 3998
268 4 2 1 1 923 924 1603 3602
269 4 2 1 1 3456 3994 4076 4309
270 4 2 1 1 3528 3895 3478 4220
271 4 2 1 1 3681 3789 3716 4234
272 4 2 1 1 3893 4003 3630 4216
273 4 2 1 1 1824 1862 1863 3729
274 4 2 1 1 1711 2547 165 98
275 4 2 1 1 3512 3945 3869 4007
276 4 2 1 1 617 3669 3485 4378
277 4 2 1 1 3450 3548 3993 4213
278 4 2 1 1 2168 2077 2071 3501
279 4 2 1 1 3692 4220 3479 4253
280 4 2 1 1 3763 4214 744 4237
281 4 2 1 1 3454 3468 3749 4117
282 4 2 1 1 3458 3915 3856 4112
283 4 2 1 1 3758 3786 716 4197
284 4 2 1 1 3474 3841 4071 4309
285 4 2 1 1 1096 1467 1632 3802
286 4 2 1 1 3849 4055 3472 4332
287 4 2 1 1 2746 2745 2742 4162
288 4 2 1 1 735 3890 3763 3918
289 4 2 1 1 2888 3862 2897 4248
290 4 2 1 1 1582 1122 1655 4393
291 4 2 1 1 2089 2560 3637 4036
292 4 2 1 1 3582 3511 3766 3999
293 4 2 1 1 3848 4142 4135 4283
294 4 2 1 1 411 395 409 4189
295 4 2 1 1 393 409 395 4189
296 4 2 1 1 2608 3135 2610 2477
297 4 2 1 1 1800 2169 2599 3546
298 4 2 1 1 729 3676 4130 4138
299 4 2 1 1 3250 409 3248 3810
300 4 2 1 1 2098 3942 3757 4433
301 4 2 1 1 3471 3665 3755 4365
302 4 2 1 1 102 2809 101 4132
303 4 2 1 1 3350 10 3348 4126
304 4 2 1 1 809 44 4280 4434
305 4 2 1 1 1956 2040 2598 3619
306 4 2 1 1 2083 3713 2082 4407
307 4 2 1 1 3536 3653 3718 4136
308 4 2 1 1 2386 2385 1812 3609
309 4 2 1 1 3626 3830 3616 3982
310 4 2 1 1 3981 4389 905 4486
311 4 2 1 1 1207 1400 1223 4026
312 4 2 1 1 3786 4197 3758 4292
313 4 2 1 1 3522 3743 3482 3939
314 4 2 1 1 1437 1438 1439 4359
315 4 2 1 1 1303 1304 1414 3491
316 4 2 1 1 954 3643 3564 4320
317 4 2 1 1 2305 2306 2307 3598
318 4 2 1 1 2758 2759 2754 4195
319 4 2 1 1 9 13 3349 3326
320 4 2 1 1 1154 1661 330 1662
321 4 2 1 1 1828 1829 1747 4110
322 4 2 1 1 1374 1603 924 4379
323 4 2 1 1 3483 3799 3645 4344
324 4 2 1 1 2307 2310 2309 3598
325 4 2 1 1 3487 3538 3685 4273
326 4 2 1 1 2572 2194 2008 4218
327 4 2 1 1 3457 3848 4221 4505
328 4 2 1 1 1400 1606 1178 4026
329 4 2 1 1 2349 2134 3650 4145
330 4 2 1 1 1046 3908 4212 4290
331 4 2 1 1 1401 1402 1403 4026
332 4 2 1 1 1463 1467 1471 3787
333 4 2 1 1 1833 1717 1832 4145
334 4 2 1 1 3705 4092 3492 4161
335 4 2 1 1 3487 3915 4006 4201
336 4 2 1 1 3499 3473 3684 4273
337 4 2 1 1 2098 3858 3757 3942
338 4 2 1 1 3854 4137 3458 4154
339 4 2 1 1 583 3856 3971 4080
340 4 2 1 1 3496 3848 3617 4135
341 4 2 1 1 2403 2221 2256 3944
342 4 2 1 1 1781 2683 1782 3852
343 4 2 1 1 2159 109 2150 3642
344 4 2 1 1 936 812 868 3874
345 4 2 1 1 2338 2714 1782 3598
346 4 2 1 1 3467 3487 3915 4006
347 4 2 1 1 1838 1944 2053 3884
348 4 2 1 1 3448 3918 3818 4301
349 4 2 1 1 3485 3625 3509 3928
350 4 2 1 1 3505 3862 3728 3961
351 4 2 1 1 86 3639 2754 4195
352 4 2 1 1 3485 3669 3928 4453
353 4 2 1 1 1208 3675 35 3908
354 4 2 1 1 903 810 874 4183
355 4 2 1 1 2883 3849 4055 4276
356 4 2 1 1 35 3675 873 4183
357 4 2 1 1 2875 2884 3537 4492
358 4 2 1 1 3550 4214 3792 4523
359 4 2 1 1 2738 2735 46 3698
360 4 2 1 1 3289 3283 3287 3904
361 4 2 1 1 2814 2820 105 4132
362 4 2 1 1 3134 3136 3130 3637
363 4 2 1 1 1910 3785 2118 3854
364 4 2 1 1 3460 3510 3483 3643
365 4 2 1 1 3464 3696 3697 3839
366 4 2 1 1 3486 3615 3459 3996
367 4 2 1 1 358 1199 1205 1201
368 4 2 1 1 438 3272 437 4125
369 4 2 1 1 2934 3576 4083 4440
370 4 2 1 1 677 3691 4316 4441
371 4 2 1 1 2355 2344 2601 3661
372 4 2 1 1 2354 1827 2355 3760
373 4 2 1 1 762 3795 3707 3936
374 4 2 1 1 3612 4116 658 4191
375 4 2 1 1 993 4107 1500 4482
376 4 2 1 1 2777 2791 2803 4132
377 4 2 1 1 3606 3517 3855 4298
378 4 2 1 1 1993 2142 1994 4335
379 4 2 1 1 3662 3848 3449 4505
380 4 2 1 1 3568 3755 3567 3955
381 4 2 1 1 857 854 862 4074
382 4 2 1 1 3092 3100 301 3808
383 4 2 1 1 2752 2751 2747 4031
384 4 2 1 1 3451 3832 4144 4241
385 4 2 1 1 3451 4144 3554 4241
386 4 2 1 1 749 3795 3936 4257
387 4 2 1 1 693 3573 681 3676
388 4 2 1 1 3559 3683 3499 3894
389 4 2 1 1 1814 1804 1802 4289
390 4 2 1 1 3477 4033 3448 4048
391 4 2 1 1 3800 3914 3614 4086
392 4 2 1 1 3909 4209 3988 4241
393 4 2 1 1 334 3682 335 3813
394 4 2 1 1 1864 1863 1865 3623
395 4 2 1 1 1606 1400 1207 4026
396 4 2 1 1 3676 3908 3655 4098
397 4 2 1 1 1805 1807 1803 3706
398 4 2 1 1 3548 4033 4112 4301
399 4 2 1 1 3879 3131 4133 4252
400 4 2 1 1 424 423 4203 4342
401 4 2 1 1 1478 1439 1438 4359
402 4 2 1 1 2310 2307 2311 3598
403 4 2 1 1 1997 2612 2336 4516
404 4 2 1 1 2122 2142 1993 4335
405 4 2 1 1 2569 2160 1986 4500
406 4 2 1 1 3278 3275 3266 4125
407 4 2 1 1 2123 2626 2628 4335
408 4 2 1 1 2962 2961 2963 3887
409 4 2 1 1 701 598 3622 4128
410 4 2 1 1 3471 3915 4137 4201
411 4 2 1 1 2983 2981 2982 3941
412 4 2 1 1 2931 3834 2946 3927
413 4 2 1 1 999 1339 1000 4430
414 4 2 1 1 3458 3565 3854 3923
415 4 2 1 1 1436 1407 1474 3907
416 4 2 1 1 3862 3947 3946 4050
417 4 2 1 1 1853 1855 2416 4215
418 4 2 1 1 1347 1410 946 4346
419 4 2 1 1 1208 905 874 3675
420 4 2 1 1 2102 2119 3748 4114
421 4 2 1 1 954 3564 3967 4320
422 4 2 1 1 3579 3537 3876 3942
423 4 2 1 1 1178 1696 1413 4026
424 4 2 1 1 3880 4059 3917 4322
425 4 2 1 1 421 422 3723 3939
426 4 2 1 1 3909 4122 4209 4241
427 4 2 1 1 780 3551 4209 4427
428 4 2 1 1 3454 3749 3951 4117
429 4 2 1 1 1317 884 1316 3657
430 4 2 1 1 1748 2191 1750 4396
431 4 2 1 1 1294 1298 1296 3577
432 4 2 1 1 3475 3994 3831 4314
433 4 2 1 1 1938 1937 1829 4110
434 4 2 1 1 903 874 3675 4183
435 4 2 1 1 360 1008 895 4519
436 4 2 1 1 3757 3858 3481 3942
437 4 2 1 1 1573 3749 3587 4106
438 4 2 1 1 3744 4063 3657 4331
439 4 2 1 1 2280 2525 2278 3897
440 4 2 1 1 1329 1226 4129 4475
441 4 2 1 1 3475 3505 3530 3532
442 4 2 1 1 3469 3517 3708 4148
443 4 2 1 1 1612 4163 3799 4232
444 4 2 1 1 3749 4001 3951 4117
445 4 2 1 1 3675 3655 3908 4098
446 4 2 1 1 728 3494 3969 4233
447 4 2 1 1 940 139 141 2772
448 4 2 1 1 1401 1400 1402 4026
449 4 2 1 1 923 921 1388 4155
450 4 2 1 1 3496 4135 3786 4244
451 4 2 1 1 3461 3818 3739 4325
452 4 2 1 1 4130 4212 3573 4465
453 4 2 1 1 3583 3676 667 3691
454 4 2 1 1 3348 484 3350 4126
455 4 2 1 1 3459 3564 3658 3996
456 4 2 1 1 4122 4209 3534 4324
457 4 2 1 1 296 3101 295 3925
458 4 2 1 1 3274 440 3270 3720
459 4 2 1 1 3162 3158 3154 3984
460 4 2 1 1 3675 905 3981 4389
461 4 2 1 1 1747 2263 1745 3794
462 4 2 1 1 3617 3848 3496 4221
463 4 2 1 1 3467 3692 3895 4220
464 4 2 1 1 857 1236 859 4074
465 4 2 1 1 3478 4220 3692 4253
466 4 2 1 1 670 3641 3666 4003
467 4 2 1 1 936 3670 1313 3874
468 4 2 1 1 1297 1295 1296 4105
469 4 2 1 1 167 2265 1757 1755
470 4 2 1 1 3503 3499 3834 4151
471 4 2 1 1 392 4014 4263 4285
472 4 2 1 1 1998 1999 2000 4227
473 4 2 1 1 953 954 3564 3967
474 4 2 1 1 3513 3683 3644 4021
475 4 2 1 1 1841 1843 1901 3764
476 4 2 1 1 2976 3631 2977 3959
477 4 2 1 1 835 1619 833 4425
478 4 2 1 1 2962 3677 3728 3887
479 4 2 1 1 3912 4212 3600 4290
480 4 2 1 1 3506 3716 3681 3789
481 4 2 1 1 3476 3533 3460 3562
482 4 2 1 1 2130 4089 3761 4370
483 4 2 1 1 3499 3557 3927 4251
484 4 2 1 1 1965 1963 2502 4091
485 4 2 1 1 3454 3749 3468 4106
486 4 2 1 1 1402 1400 1178 4026
487 4 2 1 1 3278 440 3630 3720
488 4 2 1 1 937 936 868 4445
489 4 2 1 1 2119 2035 2400 4114
490 4 2 1 1 3685 3854 3565 3923
491 4 2 1 1 590 3655 3676 3908
492 4 2 1 1 2982 3715 3789 4088
493 4 2 1 1 3606 3674 3954 4272
494 4 2 1 1 84 3646 2745 3855
495 4 2 1 1 3568 3471 3665 3755
496 4 2 1 1 388 372 371 3711
497 4 2 1 1 388 371 387 3711
498 4 2 1 1 3475 3560 3532 4272
499 4 2 1 1 1453 1455 1470 4261
500 4 2 1 1 3539 3818 4301 4325
501 4 2 1 1 936 868 3670 3874
502 4 2 1 1 3763 3890 4213 4301
503 4 2 1 1 3803 3993 3467 4266
504 4 2 1 1 1528 1574 1515 3878
505 4 2 1 1 3479 3791 3500 4057
506 4 2 1 1 1050 1330 1035 3998
507 4 2 1 1 3914 3948 3554 4512
508 4 2 1 1 1080 1276 1077 4479
509 4 2 1 1 3485 3625 617 4128
510 4 2 1 1 3818 4255 3539 4301
511 4 2 1 1 3831 3470 3994 4247
512 4 2 1 1 3499 3684 3557 4273
513 4 2 1 1 2499 2501 2496 4515
514 4 2 1 1 375 3830 374 3886
515 4 2 1 1 3763 3818 745 3918
516 4 2 1 1 3475 3831 3530 4314
517 4 2 1 1 3785 4137 3854 4154
518 4 2 1 1 2067 2070 2064 3965
519 4 2 1 1 1099 1052 1049 3992
520 4 2 1 1 2521 2523 2395 4401
521 4 2 1 1 3164 3173 3174 3984
522 4 2 1 1 3287 3283 3284 3904
523 4 2 1 1 3500 3549 3479 4057
524 4 2 1 1 3496 4097 3848 4135
525 4 2 1 1 1446 1445 1444 4261
526 4 2 1 1 1468 1631 1632 3802
527 4 2 1 1 1824 1823 1713 4146
528 4 2 1 1 3175 3167 3158 3771
529 4 2 1 1 2098 3757 4030 4433
530 4 2 1 1 3447 3936 3791 4192
531 4 2 1 1 3519 3752 3969 4233
532 4 2 1 1 3600 3662 3514 4022
533 4 2 1 1 1938 3794 1937 4110
534 4 2 1 1 701 624 598 4128
535 4 2 1 1 3462 3696 3697 3972
536 4 2 1 1 1208 873 35 3675
537 4 2 1 1 3654 3723 3551 3979
538 4 2 1 1 3552 3800 678 4013
539 4 2 1 1 744 3763 3890 4214
540 4 2 1 1 3463 3475 3560 3862
541 4 2 1 1 598 3622 3635 4304
542 4 2 1 1 3465 3576 3875 4365
543 4 2 1 1 1672 1678 1142 3903
544 4 2 1 1 2742 3646 84 4285
545 4 2 1 1 3474 3456 4071 4181
546 4 2 1 1 1313 3670 936 4445
547 4 2 1 1 439 440 3893 4136
548 4 2 1 1 2281 184 108 354
549 4 2 1 1 3500 3695 3790 4483
550 4 2 1 1 753 741 3818 4431
551 4 2 1 1 2200 2165 2053 3884
552 4 2 1 1 3875 4140 3700 4365
553 4 2 1 1 4084 4341 3594 4350
554 4 2 1 1 3565 3846 3685 3923
555 4 2 1 1 2399 2623 3118 3985
556 4 2 1 1 3046 4243 3038 4397
557 4 2 1 1 3701 4144 3900 4435
558 4 2 1 1 3822 3855 3517 3882
559 4 2 1 1 1043 1291 1292 4347
560 4 2 1 1 4024 4122 803 4250
561 4 2 1 1 3890 3918 3548 4301
562 4 2 1 1 3554 3739 3900 3914
563 4 2 1 1 200 1719 1840 106
564 4 2 1 1 3844 4315 4024 4418
565 4 2 1 1 3623 3919 1865 3920
566 4 2 1 1 3495 3895 3538 3914
567 4 2 1 1 46 3698 2735 4443
568 4 2 1 1 3074 285 286 3814
569 4 2 1 1 2941 2942 2936 3929
570 4 2 1 1 3548 3450 3890 4213
571 4 2 1 1 2306 2468 2338 3598
572 4 2 1 1 2466 200 91 1719
573 4 2 1 1 3882 3954 3947 4293
574 4 2 1 1 678 4013 3800 4086
575 4 2 1 1 1923 1806 1924 3990
576 4 2 1 1 3467 3487 3836 3915
577 4 2 1 1 3525 3823 3477 3958
578 4 2 1 1 3537 3592 3942 4433
579 4 2 1 1 901 1317 1316 4331
580 4 2 1 1 3472 4276 3849 4332
581 4 2 1 1 2884 3768 3537 4492
582 4 2 1 1 3531 3462 3936 4079
583 4 2 1 1 617 3485 724 4378
584 4 2 1 1 3685 3846 3565 3854
585 4 2 1 1 1795 1794 1796 3859
586 4 2 1 1 2000 1999 2001 4161
587 4 2 1 1 1790 1791 2169 4204
588 4 2 1 1 3617 4135 3527 4291
589 4 2 1 1 138 879 136 3809
590 4 2 1 1 20 12 3303 3282
591 4 2 1 1 681 3653 3573 4467
592 4 2 1 1 1319 1320 1159 3724
593 4 2 1 1 2877 3837 3841 4314
594 4 2 1 1 356 357 3593 3850
595 4 2 1 1 2077 2168 2382 3905
596 4 2 1 1 3477 3526 3525 3957
597 4 2 1 1 3844 3853 3452 4079
598 4 2 1 1 302 3747 3709 3808
599 4 2 1 1 3971 4080 3544 4287
600 4 2 1 1 3479 3500 3791 3913
601 4 2 1 1 3501 3624 2168 3905
602 4 2 1 1 2247 3919 3991 4457
603 4 2 1 1 1200 1652 1197 3960
604 4 2 1 1 2572 2008 3559 4218
605 4 2 1 1 3495 3558 3538 3815
606 4 2 1 1 3818 3934 3539 4255
607 4 2 1 1 451 3290 3286 4217
608 4 2 1 1 3526 3957 3477 4033
609 4 2 1 1 3886 4014 3518 4262
610 4 2 1 1 3471 3755 3700 4365
611 4 2 1 1 990 991 992 3821
612 4 2 1 1 1488 1019 1170 4103
613 4 2 1 1 3909 3976 792 4196
614 4 2 1 1 3700 4140 3471 4365
615 4 2 1 1 1056 1490 1095 4180
616 4 2 1 1 1442 1477 1440 3907
617 4 2 1 1 2898 178 179 3472
618 4 2 1 1 3514 3600 3912 4212
619 4 2 1 1 3453 3993 3803 4266
620 4 2 1 1 3606 3855 3517 4148
621 4 2 1 1 2089 2087 2173 4036
622 4 2 1 1 3565 3854 3846 4370
623 4 2 1 1 2047 2348 2350 4067
624 4 2 1 1 3136 334 3130 3637
625 4 2 1 1 459 4072 4288 4477
626 4 2 1 1 3277 3265 3267 4305
627 4 2 1 1 1908 3846 3854 4370
628 4 2 1 1 1413 1402 1178 4026
629 4 2 1 1 3134 3637 3130 3879
630 4 2 1 1 3554 3701 4177 4247
631 4 2 1 1 916 970 1034 3998
632 4 2 1 1 45 2738 46 3698
633 4 2 1 1 929 1384 1296 4010
634 4 2 1 1 1380 1379 1394 4127
635 4 2 1 1 3074 286 3068 3814
636 4 2 1 1 797 3909 4122 4209
637 4 2 1 1 3551 3482 3743 3939
638 4 2 1 1 2562 2188 333 2478
639 4 2 1 1 3502 3946 3757 4508
640 4 2 1 1 2098 2591 1831 3942
641 4 2 1 1 1507 1214 1509 4454
642 4 2 1 1 3207 3205 382 3962
643 4 2 1 1 3448 3957 3918 4033
644 4 2 1 1 3548 4033 3714 4112
645 4 2 1 1 3495 3555 3558 3815
646 4 2 1 1 2150 2147 2649 4500
647 4 2 1 1 3481 3753 3942 4076
648 4 2 1 1 1741 2613 166 100
649 4 2 1 1 3675 3908 905 4389
650 4 2 1 1 2262 1827 2354 3760
651 4 2 1 1 3011 3010 3004 4330
652 4 2 1 1 3458 3854 4089 4137
653 4 2 1 1 3464 3507 3917 4059
654 4 2 1 1 3536 4086 676 4441
655 4 2 1 1 813 52 869 3956
656 4 2 1 1 2593 1961 2510 3930
657 4 2 1 1 3565 3458 3854 4089
658 4 2 1 1 2773 140 142 988
659 4 2 1 1 1645 3569 1314 3840
660 4 2 1 1 3837 3841 3516 4265
661 4 2 1 1 3856 3922 2129 4510
662 4 2 1 1 334 335 3596 3813
663 4 2 1 1 729 693 3676 4138
664 4 2 1 1 3456 3832 3977 4144
665 4 2 1 1 2187 2173 2087 4036
666 4 2 1 1 194 3721 2930 3927
667 4 2 1 1 1305 1405 1342 3809
668 4 2 1 1 840 1343 842 4068
669 4 2 1 1 3594 2731 4141 4341
670 4 2 1 1 592 3800 4189 4277
671 4 2 1 1 2105 3748 1834 4145
672 4 2 1 1 2099 3942 3753 4076
673 4 2 1 1 2052 2349 2134 3650
674 4 2 1 1 2627 2247 3753 3991
675 4 2 1 1 1304 3863 3491 4156
676 4 2 1 1 2234 4337 3991 4338
677 4 2 1 1 749 3795 762 3936
678 4 2 1 1 2731 3594 4141 4312
679 4 2 1 1 3497 3879 4133 4252
680 4 2 1 1 3657 3744 3542 4063
681 4 2 1 1 3604 3664 2903 4051
682 4 2 1 1 1134 1136 1676 4383
683 4 2 1 1 1078 1080 1077 4479
684 4 2 1 1 3538 3836 3685 4222
685 4 2 1 1 3467 3895 3528 4220
686 4 2 1 1 2496 2495 2398 4515
687 4 2 1 1 3674 3696 3464 4483
688 4 2 1 1 3487 3458 3685 3836
689 4 2 1 1 3458 3854 3685 3923
690 4 2 1 1 2200 2464 1779 4166
691 4 2 1 1 3045 3042 270 4356
692 4 2 1 1 1525 1526 1523 3883
693 4 2 1 1 3455 3977 3831 3994
694 4 2 1 1 1329 3799 3645 4129
695 4 2 1 1 1970 1966 2612 3608
696 4 2 1 1 978 1649 3872 4106
697 4 2 1 1 35 3675 3655 3908
698 4 2 1 1 3791 3913 3701 4253
699 4 2 1 1 590 35 395 3655
700 4 2 1 1 3791 4192 3462 4523
701 4 2 1 1 1527 1537 1583 3883
702 4 2 1 1 3527 3877 3752 3969
703 4 2 1 1 2168 3501 2639 3624
704 4 2 1 1 953 954 1225 3564
705 4 2 1 1 328 329 332 3602
706 4 2 1 1 714 3527 3969 4283
707 4 2 1 1 3555 3948 3914 3989
708 4 2 1 1 3590 3474 4071 4181
709 4 2 1 1 3800 3597 4277 4450
710 4 2 1 1 676 3800 678 4441
711 4 2 1 1 2914 2917 2935 3929
712 4 2 1 1 854 1372 862 4074
713 4 2 1 1 3281 452 453 3304
714 4 2 1 1 1296 929 3562 3577
715 4 2 1 1 47 392 594 376
716 4 2 1 1 3545 4165 4070 4362
717 4 2 1 1 3530 3475 3532 3831
718 4 2 1 1 136 934 2767 134
719 4 2 1 1 904 874 905 3981
720 4 2 1 1 885 1266 840 4074
721 4 2 1 1 3448 4112 4033 4301
722 4 2 1 1 2330 3917 3880 4059
723 4 2 1 1 3479 3692 3791 4057
724 4 2 1 1 3469 3853 3452 4315
725 4 2 1 1 1305 3809 1342 3966
726 4 2 1 1 3453 4090 3993 4267
727 4 2 1 1 3344 3343 3335 4111
728 4 2 1 1 3477 3823 3536 3958
729 4 2 1 1 1645 1191 1314 3569
730 4 2 1 1 3530 3634 3678 4095
731 4 2 1 1 3458 4154 4137 4201
732 4 2 1 1 3890 3918 625 4066
733 4 2 1 1 3573 3676 4212 4316
734 4 2 1 1 2741 2744 3873 4162
735 4 2 1 1 3290 451 450 3904
736 4 2 1 1 2233 3991 2234 4337
737 4 2 1 1 3534 4144 4241 4247
738 4 2 1 1 3461 3800 3914 4013
739 4 2 1 1 2436 2440 2439 4326
740 4 2 1 1 3499 3894 3683 4186
741 4 2 1 1 1374 924 3825 4379
742 4 2 1 1 3145 3959 3144 4200
743 4 2 1 1 1938 1939 1941 4110
744 4 2 1 1 3616 3830 3603 4047
745 4 2 1 1 2307 2317 2311 3598
746 4 2 1 1 3527 4142 3969 4283
747 4 2 1 1 3257 3743 3639 3828
748 4 2 1 1 3914 4013 3948 4512
749 4 2 1 1 3977 4144 3534 4247
750 4 2 1 1 726 4233 4135 4439
751 4 2 1 1 3194 390 3202 4503
752 4 2 1 1 1205 358 1204 1199
753 4 2 1 1 3594 4084 3565 4085
754 4 2 1 1 3463 3560 3475 4272
755 4 2 1 1 3599 3643 3483 4159
756 4 2 1 1 3665 3716 3506 3803
757 4 2 1 1 3458 3856 4089 4112
758 4 2 1 1 1226 1329 1428 4475
759 4 2 1 1 3606 4094 3674 4272
760 4 2 1 1 735 597 3890 3918
761 4 2 1 1 1269 3860 4484 4485
762 4 2 1 1 3464 3697 3972 4506
763 4 2 1 1 2190 2188 344 2562
764 4 2 1 1 2221 3943 2256 3944
765 4 2 1 1 1536 1537 1527 3883
766 4 2 1 1 590 3676 3655 3691
767 4 2 1 1 2657 2372 2679 3796
768 4 2 1 1 3915 4080 3856 4112
769 4 2 1 1 1875 1818 1874 4190
770 4 2 1 1 726 728 3527 4233
771 4 2 1 1 751 3737 3707 4122
772 4 2 1 1 3789 3941 2985 4243
773 4 2 1 1 1074 1079 1491 4017
774 4 2 1 1 3477 3526 4033 4048
775 4 2 1 1 3948 3989 3597 4013
776 4 2 1 1 3081 295 294 3925
777 4 2 1 1 165 1739 1906 2861
778 4 2 1 1 2008 2006 2572 3559
779 4 2 1 1 3754 4012 3576 4225
780 4 2 1 1 2803 2796 2777 4132
781 4 2 1 1 428 3277 427 4242
782 4 2 1 1 3818 3918 3763 4301
783 4 2 1 1 2108 2135 2072 3631
784 4 2 1 1 874 3675 905 3981
785 4 2 1 1 3461 3739 3818 3934
786 4 2 1 1 3458 4137 3915 4201
787 4 2 1 1 3575 4073 3503 4115
788 4 2 1 1 1815 2184 2131 3774
789 4 2 1 1 362 3168 361 3771
790 4 2 1 1 3994 4071 3841 4309
791 4 2 1 1 754 4214 3792 4237
792 4 2 1 1 1920 3760 2596 4110
793 4 2 1 1 1199 1197 1652 3960
794 4 2 1 1 3655 3676 3583 3691
795 4 2 1 1 3908 4009 1046 4389
796 4 2 1 1 701 708 624 4128
797 4 2 1 1 3461 4086 4013 4507
798 4 2 1 1 3597 3989 3800 4013
799 4 2 1 1 880 990 1258 4318
800 4 2 1 1 3520 3721 3556 3927
801 4 2 1 1 1200 1197 1251 3960
802 4 2 1 1 3477 3694 3524 4085
803 4 2 1 1 2273 2275 2276 4259
804 4 2 1 1 3326 9 3327 3350
805 4 2 1 1 3057 3055 3056 4042
806 4 2 1 1 3630 4003 3893 4467
807 4 2 1 1 3665 3929 3755 4440
808 4 2 1 1 2373 2382 2381 3796
809 4 2 1 1 3090 303 302 3747
810 4 2 1 1 4209 4324 779 4427
811 4 2 1 1 3799 3951 3645 4344
812 4 2 1 1 486 487 3350 4126
813 4 2 1 1 484 485 3350 4126
814 4 2 1 1 3803 4140 3453 4266
815 4 2 1 1 3450 3550 3993 4090
816 4 2 1 1 1242 1252 3872 4104
817 4 2 1 1 1502 1411 1037 4475
818 4 2 1 1 3452 3674 4094 4336
819 4 2 1 1 197 3575 2951 3618
820 4 2 1 1 3467 3549 3803 4266
821 4 2 1 1 2119 2400 3764 4114
822 4 2 1 1 28 385 4175 4495
823 4 2 1 1 3457 4208 3449 4505
824 4 2 1 1 2739 2735 2738 4421
825 4 2 1 1 2766 135 133 1350
826 4 2 1 1 375 3167 374 3830
827 4 2 1 1 3505 3540 3778 3898
828 4 2 1 1 3534 4177 4024 4417
829 4 2 1 1 2118 4089 3854 4137
830 4 2 1 1 3519 3494 3616 3830
831 4 2 1 1 3752 3519 3969 4432
832 4 2 1 1 3496 3588 4221 4505
833 4 2 1 1 2913 2922 2952 4240
834 4 2 1 1 4154 4251 3487 4273
835 4 2 1 1 754 4064 3891 4214
836 4 2 1 1 2745 3646 2742 4162
837 4 2 1 1 3738 3912 1432 4212
838 4 2 1 1 3908 3662 4212 4290
839 4 2 1 1 3553 3837 4095 4314
840 4 2 1 1 2755 2758 88 4146
841 4 2 1 1 2072 2060 2107 4442
842 4 2 1 1 3467 4006 3803 4220
843 4 2 1 1 2755 3639 2758 4146
844 4 2 1 1 1722 1725 1723 4067
845 4 2 1 1 458 4157 3776 4288
846 4 2 1 1 2605 3854 4149 4258
847 4 2 1 1 3508 3630 4003 4216
848 4 2 1 1 3606 3954 3882 4293
849 4 2 1 1 3485 3928 3509 4453
850 4 2 1 1 301 3709 302 4406
851 4 2 1 1 4024 4250 3844 4418
852 4 2 1 1 3482 3613 3551 4058
853 4 2 1 1 3573 3653 3893 4467
854 4 2 1 1 1835 3748 2119 3764
855 4 2 1 1 199 1950 1948 1951
856 4 2 1 1 2354 2596 1920 3760
857 4 2 1 1 3449 4022 3600 4232
858 4 2 1 1 3855 3517 4148 4285
859 4 2 1 1 3450 3839 3550 4090
860 4 2 1 1 3466 3506 3665 3681
861 4 2 1 1 1952 1973 2116 4514
862 4 2 1 1 675 3958 3957 4143
863 4 2 1 1 1949 2051 1733 4514
864 4 2 1 1 873 3675 874 4183
865 4 2 1 1 2890 4492 2874 4501
866 4 2 1 1 2089 2173 2560 4036
867 4 2 1 1 3523 3465 3759 4083
868 4 2 1 1 1878 2658 2659 3759
869 4 2 1 1 3552 4189 3800 4277
870 4 2 1 1 1474 1409 1436 4360
871 4 2 1 1 477 3545 478 3843
872 4 2 1 1 4024 4417 4177 4418
873 4 2 1 1 2239 2242 2234 4338
874 4 2 1 1 1910 1911 2118 3785
875 4 2 1 1 97 1815 2131 3774
876 4 2 1 1 3792 3550 4192 4214
877 4 2 1 1 997 1644 1376 4518
878 4 2 1 1 693 681 3573 4138
879 4 2 1 1 745 3918 3818 4143
880 4 2 1 1 256 255 3634 3678
881 4 2 1 1 3548 4080 4066 4090
882 4 2 1 1 1095 1364 1695 4180
883 4 2 1 1 3449 3662 3600 4022
884 4 2 1 1 1870 3919 2247 4457
885 4 2 1 1 3464 3839 3697 3917
886 4 2 1 1 1806 1926 1924 3706
887 4 2 1 1 588 3917 3464 4506
888 4 2 1 1 3806 3858 3455 4438
889 4 2 1 1 3457 3483 3460 3510
890 4 2 1 1 3469 3708 3518 4148
891 4 2 1 1 3614 3536 4086 4402
892 4 2 1 1 612 3625 4081 4128
893 4 2 1 1 1258 1430 880 4318
894 4 2 1 1 3841 4077 2877 4314
895 4 2 1 1 3488 4090 3450 4229
896 4 2 1 1 1481 1450 1453 4261
897 4 2 1 1 3190 3184 381 4194
898 4 2 1 1 2371 2373 2381 3796
899 4 2 1 1 598 701 3622 4304
900 4 2 1 1 3499 3684 3473 4186
901 4 2 1 1 378 377 3195 3732
902 4 2 1 1 2758 2754 3639 4195
903 4 2 1 1 3479 3634 4095 4220
904 4 2 1 1 625 3918 613 4066
905 4 2 1 1 3472 3684 3590 4055
906 4 2 1 1 3100 3094 302 3808
907 4 2 1 1 2935 2917 2936 3929
908 4 2 1 1 2745 2744 2741 4162
909 4 2 1 1 3674 3464 3954 4483
910 4 2 1 1 3909 3976 3451 3988
911 4 2 1 1 293 294 3101 3925
912 4 2 1 1 1741 1838 1836 3884
913 4 2 1 1 3792 3936 749 4237
914 4 2 1 1 3473 3989 4222 4450
915 4 2 1 1 1066 1165 1067 4302
916 4 2 1 1 3707 3936 3795 4418
917 4 2 1 1 2747 3633 2751 4183
918 4 2 1 1 3511 4098 3675 4357
919 4 2 1 1 2758 3639 2754 4146
920 4 2 1 1 1242 1017 1482 3983
921 4 2 1 1 3531 3701 3791 3913
922 4 2 1 1 1246 902 4032 4185
923 4 2 1 1 3697 4070 655 4165
924 4 2 1 1 1414 3863 1305 3966
925 4 2 1 1 3451 4507 3750 4512
926 4 2 1 1 631 3918 3957 4033
927 4 2 1 1 1735 166 2613 99
928 4 2 1 1 1748 1745 2263 3794
929 4 2 1 1 714 3527 728 3969
930 4 2 1 1 3090 302 3094 3808
931 4 2 1 1 3464 3507 3839 3917
932 4 2 1 1 3848 4135 4219 4283
933 4 2 1 1 3912 4037 870 4485
934 4 2 1 1 3278 3630 3275 4125
935 4 2 1 1 992 3660 1405 3809
936 4 2 1 1 2755 3772 3639 4146
937 4 2 1 1 992 990 3821 4318
938 4 2 1 1 2187 2087 333 4036
939 4 2 1 1 3473 4222 4149 4450
940 4 2 1 1 3701 3554 4177 4256
941 4 2 1 1 1204 1234 1236 4074
942 4 2 1 1 1862 2103 1863 3729
943 4 2 1 1 2400 4114 2035 4369
944 4 2 1 1 3567 4134 3755 4400
945 4 2 1 1 2650 2074 2712 4259
946 4 2 1 1 754 3890 4064 4214
947 4 2 1 1 2177 2353 2245 4337
948 4 2 1 1 3551 3979 4038 4427
949 4 2 1 1 3479 3634 3530 4095
950 4 2 1 1 1410 4108 946 4346
951 4 2 1 1 3697 3917 4165 4506
952 4 2 1 1 1303 933 1304 4156
953 4 2 1 1 3531 3696 3462 4336
954 4 2 1 1 2622 2397 2621 3985
955 4 2 1 1 741 683 672 4431
956 4 2 1 1 3560 3862 3505 3961
957 4 2 1 1 3518 3708 4087 4262
958 4 2 1 1 294 295 3101 3925
959 4 2 1 1 2122 2123 2628 4335
960 4 2 1 1 3993 4080 3915 4112
961 4 2 1 1 3729 4038 3623 4496
962 4 2 1 1 3500 3695 3580 3790
963 4 2 1 1 3846 3854 3685 4149
964 4 2 1 1 3803 3915 3453 4140
965 4 2 1 1 583 3856 4080 4287
966 4 2 1 1 3207 383 384 3873
967 4 2 1 1 2683 2682 1782 3852
968 4 2 1 1 3448 4301 3818 4325
969 4 2 1 1 3758 3970 3527 4291
970 4 2 1 1 2205 2204 2208 4184
971 4 2 1 1 3448 4143 3958 4431
972 4 2 1 1 2239 3579 2242 4338
973 4 2 1 1 1884 3700 3759 4300
974 4 2 1 1 749 4237 3936 4422
975 4 2 1 1 1019 1020 1170 4103
976 4 2 1 1 3491 3730 1303 4156
977 4 2 1 1 3537 3592 3876 3942
978 4 2 1 1 3692 4057 3479 4220
979 4 2 1 1 3509 3625 3485 3793
980 4 2 1 1 3479 3913 4253 4412
981 4 2 1 1 386 387 3829 4444
982 4 2 1 1 1246 902 1247 4032
983 4 2 1 1 2962 2963 3677 3887
984 4 2 1 1 3454 4106 3563 4142
985 4 2 1 1 1188 1403 1402 4026
986 4 2 1 1 677 4316 3653 4441
987 4 2 1 1 3527 714 4135 4283
988 4 2 1 1 2590 2596 2253 4110
989 4 2 1 1 1329 1262 1428 3645
990 4 2 1 1 3506 3574 3716 3789
991 4 2 1 1 4023 4024 3452 4417
992 4 2 1 1 3567 3955 3755 4134
993 4 2 1 1 451 3302 450 3904
994 4 2 1 1 3520 3834 4201 4358
995 4 2 1 1 3530 4314 3831 4412
996 4 2 1 1 2741 3873 3646 4162
997 4 2 1 1 2102 1834 2105 3748
998 4 2 1 1 1529 1566 1534 4473
999 4 2 1 1 375 3771 3167 3830
1000 4 2 1 1 796 771 3758 4292
1001 4 2 1 1 3277 427 4242 4308
1002 4 2 1 1 1742 2184 1743 3768
1003 4 2 1 1 714 726 3527 4135
1004 4 2 1 1 3957 3958 3448 4143
1005 4 2 1 1 461 478 462 3843
1006 4 2 1 1 478 461 477 3843
1007 4 2 1 1 1240 1218 1219 4352
1008 4 2 1 1 3818 3918 3448 4143
1009 4 2 1 1 2177 2351 2353 3710
1010 4 2 1 1 681 3718 3653 4467
1011 4 2 1 1 3662 3600 4212 4290
1012 4 2 1 1 3674 4079 3452 4298
1013 4 2 1 1 2006 2005 2022 3705
1014 4 2 1 1 3537 3579 3876 4492
1015 4 2 1 1 701 4182 3622 4304
1016 4 2 1 1 3566 4082 4170 4348
1017 4 2 1 1 3507 3838 4267 4311
1018 4 2 1 1 1935 2106 2349 4145
1019 4 2 1 1 3567 4151 3955 4206
1020 4 2 1 1 3763 3918 3890 4301
1021 4 2 1 1 3484 3793 4128 4163
1022 4 2 1 1 3458 3487 3685 4154
1023 4 2 1 1 1616 3762 985 4485
1024 4 2 1 1 3553 3841 3470 4071
1025 4 2 1 1 446 3761 19 4499
1026 4 2 1 1 4128 4163 3793 4224
1027 4 2 1 1 754 3891 3792 4214
1028 4 2 1 1 811 872 972 3752
1029 4 2 1 1 1696 1606 1172 4027
1030 4 2 1 1 2186 1752 2673 4396
1031 4 2 1 1 2077 3501 2168 3905
1032 4 2 1 1 1523 1524 1525 3883
1033 4 2 1 1 3868 4058 3613 4398
1034 4 2 1 1 2852 2834 2854 4119
1035 4 2 1 1 3594 3761 3524 4085
1036 4 2 1 1 3541 3535 3745 3889
1037 4 2 1 1 3103 3101 217 3925
1038 4 2 1 1 1242 1252 978 3872
1039 4 2 1 1 3683 3782 3559 4004
1040 4 2 1 1 3344 4111 3335 4235
1041 4 2 1 1 3634 3716 3549 4164
1042 4 2 1 1 3536 3614 4086 4441
1043 4 2 1 1 138 879 2769 136
1044 4 2 1 1 2348 2047 1726 4067
1045 4 2 1 1 487 3349 3350 4126
1046 4 2 1 1 2306 2317 2307 3598
1047 4 2 1 1 677 678 3691 4441
1048 4 2 1 1 3700 3875 3471 4140
1049 4 2 1 1 1166 1368 1257 4238
1050 4 2 1 1 3456 3832 3806 3977
1051 4 2 1 1 3795 3844 638 4250
1052 4 2 1 1 3469 3708 3586 4087
1053 4 2 1 1 3739 4256 3934 4512
1054 4 2 1 1 1346 1276 1345 4127
1055 4 2 1 1 826 828 880 3824
1056 4 2 1 1 1056 1058 1490 4180
1057 4 2 1 1 675 3958 4143 4431
1058 4 2 1 1 870 3738 869 4037
1059 4 2 1 1 1938 4110 1941 4223
1060 4 2 1 1 3503 4151 4073 4281
1061 4 2 1 1 1326 1294 1292 3647
1062 4 2 1 1 3513 4276 3472 4332
1063 4 2 1 1 2228 3869 2224 4481
1064 4 2 1 1 754 744 4214 4237
1065 4 2 1 1 367 3156 366 3896
1066 4 2 1 1 666 4196 687 4507
1067 4 2 1 1 3499 3927 3834 4251
1068 4 2 1 1 3484 3793 3670 4124
1069 4 2 1 1 1671 1144 1662 4349
1070 4 2 1 1 875 1343 1266 4074
1071 4 2 1 1 2608 1809 1934 3990
1072 4 2 1 1 2738 45 2734 3698
1073 4 2 1 1 414 3238 415 4000
1074 4 2 1 1 1046 4212 589 4290
1075 4 2 1 1 3461 3614 3914 4086
1076 4 2 1 1 2306 2338 2317 3598
1077 4 2 1 1 3573 4003 3893 4216
1078 4 2 1 1 3528 3632 3585 4220
1079 4 2 1 1 371 3711 372 3982
1080 4 2 1 1 3811 4141 3594 4312
1081 4 2 1 1 3452 4417 4024 4418
1082 4 2 1 1 1899 4030 3757 4508
1083 4 2 1 1 1059 1058 1057 3734
1084 4 2 1 1 3761 4089 3565 4370
1085 4 2 1 1 764 3934 3750 4152
1086 4 2 1 1 3786 4135 3617 4291
1087 4 2 1 1 3554 3900 3701 4144
1088 4 2 1 1 3451 3948 3597 4013
1089 4 2 1 1 2184 1919 1746 3768
1090 4 2 1 1 847 845 850 4198
1091 4 2 1 1 583 4080 3971 4287
1092 4 2 1 1 1866 1865 2716 3919
1093 4 2 1 1 3459 3615 3486 4274
1094 4 2 1 1 677 3536 676 4441
1095 4 2 1 1 3583 3676 3655 4098
1096 4 2 1 1 3565 4084 3761 4370
1097 4 2 1 1 2314 167 2312 3598
1098 4 2 1 1 3464 3882 3674 3954
1099 4 2 1 1 3103 293 3101 3925
1100 4 2 1 1 3461 3914 3800 4086
1101 4 2 1 1 3542 3657 3486 3744
1102 4 2 1 1 3535 3541 3488 3889
1103 4 2 1 1 3716 3803 3665 4234
1104 4 2 1 1 1496 1097 1470 4261
1105 4 2 1 1 3451 4013 3597 4470
1106 4 2 1 1 415 3260 414 4000
1107 4 2 1 1 3309 467 468 3777
1108 4 2 1 1 3601 3853 640 3972
1109 4 2 1 1 1307 1249 899 4520
1110 4 2 1 1 1645 1314 1101 4302
1111 4 2 1 1 2134 2410 2052 3650
1112 4 2 1 1 3555 3590 4071 4181
1113 4 2 1 1 3683 4020 3644 4021
1114 4 2 1 1 775 3909 792 4196
1115 4 2 1 1 1661 1662 1144 4349
1116 4 2 1 1 2187 333 2188 2478
1117 4 2 1 1 1833 1832 1836 4145
1118 4 2 1 1 3565 3846 4084 4370
1119 4 2 1 1 2659 1876 1881 3759
1120 4 2 1 1 364 3154 363 4368
1121 4 2 1 1 870 3912 3738 4037
1122 4 2 1 1 3565 3477 4085 4402
1123 4 2 1 1 3553 3841 3837 4314
1124 4 2 1 1 3472 4055 3590 4332
1125 4 2 1 1 2591 2099 1831 3942
1126 4 2 1 1 3482 3613 4058 4398
1127 4 2 1 1 3450 3548 4066 4090
1128 4 2 1 1 1631 1469 1632 3802
1129 4 2 1 1 2071 2639 2168 3501
1130 4 2 1 1 735 3763 745 3918
1131 4 2 1 1 3460 3569 3788 4302
1132 4 2 1 1 3665 3755 4365 4440
1133 4 2 1 1 1795 1796 1797 3859
1134 4 2 1 1 3466 3580 3506 3754
1135 4 2 1 1 3474 3623 4181 4332
1136 4 2 1 1 3614 3800 4149 4222
1137 4 2 1 1 3776 4157 3717 4288
1138 4 2 1 1 3806 4209 3551 4427
1139 4 2 1 1 3459 3658 3564 3659
1140 4 2 1 1 1396 1575 1419 3872
1141 4 2 1 1 2942 3929 3681 4440
1142 4 2 1 1 4024 4087 3518 4315
1143 4 2 1 1 3641 602 3672 4003
1144 4 2 1 1 4253 4254 3478 4435
1145 4 2 1 1 1902 1901 1843 3764
1146 4 2 1 1 744 3763 735 3890
1147 4 2 1 1 3450 3890 4213 4214
1148 4 2 1 1 2330 3880 3947 4059
1149 4 2 1 1 856 1371 900 3842
1150 4 2 1 1 1338 1335 1334 4127
1151 4 2 1 1 3463 3974 3606 4272
1152 4 2 1 1 3306 3315 3310 4429
1153 4 2 1 1 415 3237 416 4000
1154 4 2 1 1 3313 3312 3309 3777
1155 4 2 1 1 3666 3672 3641 4002
1156 4 2 1 1 3718 3536 4136 4414
1157 4 2 1 1 2612 4227 2336 4516
1158 4 2 1 1 1864 3623 1865 3920
1159 4 2 1 1 3502 3862 3757 3946
1160 4 2 1 1 3448 3477 3957 4033
1161 4 2 1 1 3464 3674 3882 3972
1162 4 2 1 1 1907 167 2347 184
1163 4 2 1 1 1329 4129 3645 4475
1164 4 2 1 1 3461 3739 3934 4512
1165 4 2 1 1 872 3970 974 4504
1166 4 2 1 1 3698 3752 45 3892
1167 4 2 1 1 2650 2057 2266 3851
1168 4 2 1 1 1408 1477 1445 4261
1169 4 2 1 1 3465 3759 4083 4365
1170 4 2 1 1 908 905 4389 4486
1171 4 2 1 1 760 3707 751 3737
1172 4 2 1 1 2403 2256 2615 3944
1173 4 2 1 1 657 4070 4064 4229
1174 4 2 1 1 3707 4250 4024 4418
1175 4 2 1 1 2501 2618 2703 4515
1176 4 2 1 1 3278 426 3275 3630
1177 4 2 1 1 2118 3854 3785 4137
1178 4 2 1 1 1810 1809 3135 3990
1179 4 2 1 1 1828 1920 2590 4110
1180 4 2 1 1 1884 3759 1881 4300
1181 4 2 1 1 1435 1547 1438 4359
1182 4 2 1 1 2976 2978 2979 3959
1183 4 2 1 1 229 3002 230 3944
1184 4 2 1 1 3554 4144 3701 4247
1185 4 2 1 1 3644 4021 2579 4282
1186 4 2 1 1 1384 1297 1296 4010
1187 4 2 1 1 2176 2048 2177 4067
1188 4 2 1 1 936 3670 868 4445
1189 4 2 1 1 971 137 139 2770
1190 4 2 1 1 2919 2915 2952 4240
1191 4 2 1 1 3617 3496 3786 3981
1192 4 2 1 1 3858 4076 3994 4309
1193 4 2 1 1 753 683 741 4431
1194 4 2 1 1 1743 1745 1744 3768
1195 4 2 1 1 3485 4378 3669 4453
1196 4 2 1 1 1388 929 923 3562
1197 4 2 1 1 2627 3753 3942 3991
1198 4 2 1 1 3464 3947 3882 3954
1199 4 2 1 1 746 3818 3763 3934
1200 4 2 1 1 1865 3623 1863 4343
1201 4 2 1 1 1828 1746 1919 3768
1202 4 2 1 1 3579 3991 3648 4276
1203 4 2 1 1 78 77 1704 3937
1204 4 2 1 1 870 981 3738 3912
1205 4 2 1 1 140 988 989 4307
1206 4 2 1 1 1191 3569 1645 4472
1207 4 2 1 1 35 3675 4183 4329
1208 4 2 1 1 3116 323 322 3740
1209 4 2 1 1 1310 1196 1309 4074
1210 4 2 1 1 3553 3495 3555 3900
1211 4 2 1 1 3467 3803 3915 3993
1212 4 2 1 1 3606 3855 4148 4285
1213 4 2 1 1 2481 2054 1762 3921
1214 4 2 1 1 3527 3969 3752 4233
1215 4 2 1 1 3334 3338 3329 4126
1216 4 2 1 1 3451 3482 4399 4470
1217 4 2 1 1 903 874 904 3981
1218 4 2 1 1 2866 2867 2865 4408
1219 4 2 1 1 3531 3913 3791 4336
1220 4 2 1 1 2876 2902 182 4067
1221 4 2 1 1 3477 3524 3694 3823
1222 4 2 1 1 856 1370 1371 3842
1223 4 2 1 1 979 3877 4106 4432
1224 4 2 1 1 3550 3790 4267 4523
1225 4 2 1 1 3548 3890 3450 4066
1226 4 2 1 1 2581 2580 2379 4172
1227 4 2 1 1 2103 3623 1863 3729
1228 4 2 1 1 2886 3502 3862 4420
1229 4 2 1 1 42 804 41 3933
1230 4 2 1 1 3495 3558 3555 3914
1231 4 2 1 1 1327 1599 1255 3916
1232 4 2 1 1 379 380 3206 3962
1233 4 2 1 1 3455 3858 3806 3977
1234 4 2 1 1 3520 3487 3585 4358
1235 4 2 1 1 3019 3887 3640 4330
1236 4 2 1 1 2238 2237 2579 4282
1237 4 2 1 1 861 1249 1307 4518
1238 4 2 1 1 692 3583 667 3691
1239 4 2 1 1 3493 4001 3749 4117
1240 4 2 1 1 2238 2579 1872 4457
1241 4 2 1 1 3534 4024 4023 4417
1242 4 2 1 1 3466 3875 3576 4365
1243 4 2 1 1 3205 381 382 3962
1244 4 2 1 1 1827 3661 2355 3760
1245 4 2 1 1 3157 366 3156 3984
1246 4 2 1 1 3631 3501 3959 4442
1247 4 2 1 1 3617 3981 3786 4260
1248 4 2 1 1 142 2851 144 4455
1249 4 2 1 1 3451 4209 3832 4241
1250 4 2 1 1 4086 4325 3614 4402
1251 4 2 1 1 4097 4221 3848 4505
1252 4 2 1 1 1717 102 1832 4132
1253 4 2 1 1 4073 4114 2671 4134
1254 4 2 1 1 3594 3761 3565 4084
1255 4 2 1 1 3915 4140 4006 4201
1256 4 2 1 1 2737 2734 3896 4421
1257 4 2 1 1 464 463 479 4191
1258 4 2 1 1 699 3552 4013 4399
1259 4 2 1 1 3806 3858 2706 4076
1260 4 2 1 1 3605 4134 3755 4170
1261 4 2 1 1 1402 1413 1188 4026
1262 4 2 1 1 3150 3796 3624 3905
1263 4 2 1 1 3511 3999 3582 4226
1264 4 2 1 1 3523 4082 3759 4490
1265 4 2 1 1 377 3732 3204 4162
1266 4 2 1 1 1665 1422 1666 4028
1267 4 2 1 1 1327 1255 1348 3916
1268 4 2 1 1 1923 1924 1931 3990
1269 4 2 1 1 2896 2897 3728 4248
1270 4 2 1 1 638 3844 654 4250
1271 4 2 1 1 3525 3526 3477 3719
1272 4 2 1 1 609 4033 3714 4411
1273 4 2 1 1 3469 4148 3452 4298
1274 4 2 1 1 3481 3849 3753 4309
1275 4 2 1 1 3569 3731 3460 3788
1276 4 2 1 1 2424 1804 1814 4289
1277 4 2 1 1 868 938 937 4445
1278 4 2 1 1 1374 924 931 3825
1279 4 2 1 1 3806 3977 3858 4076
1280 4 2 1 1 441 443 425 3940
1281 4 2 1 1 427 425 443 3940
1282 4 2 1 1 952 4032 950 4188
1283 4 2 1 1 1723 1725 1726 4067
1284 4 2 1 1 3514 3600 4022 4232
1285 4 2 1 1 3467 3836 3528 3895
1286 4 2 1 1 3517 3882 3855 4298
1287 4 2 1 1 3460 3504 3457 3562
1288 4 2 1 1 3289 3290 3283 3904
1289 4 2 1 1 3600 3662 3449 4208
1290 4 2 1 1 2834 2847 2854 4120
1291 4 2 1 1 967 1690 1245 3819
1292 4 2 1 1 3090 3747 302 3808
1293 4 2 1 1 3832 4209 3534 4241
1294 4 2 1 1 1397 813 981 3738
1295 4 2 1 1 3474 3841 3516 4071
1296 4 2 1 1 3579 4210 2242 4338
1297 4 2 1 1 3470 4071 3994 4144
1298 4 2 1 1 583 3971 3544 4287
1299 4 2 1 1 2028 2401 4073 4369
1300 4 2 1 1 3206 22 3204 3962
1301 4 2 1 1 3227 3216 3215 3952
1302 4 2 1 1 1695 1095 3679 4040
1303 4 2 1 1 370 3829 371 4361
1304 4 2 1 1 1380 1336 1379 4127
1305 4 2 1 1 3540 3560 3505 3961
1306 4 2 1 1 899 1249 849 4520
1307 4 2 1 1 358 1205 1204 1234
1308 4 2 1 1 3479 3530 3500 3913
1309 4 2 1 1 2106 2105 1834 4145
1310 4 2 1 1 681 3573 4138 4467
1311 4 2 1 1 1425 355 1506 1508
1312 4 2 1 1 3587 4106 3877 4432
1313 4 2 1 1 2439 2404 2615 4179
1314 4 2 1 1 3502 3757 4420 4508
1315 4 2 1 1 3993 4112 3915 4150
1316 4 2 1 1 2234 3991 2239 4338
1317 4 2 1 1 3882 4175 3601 4495
1318 4 2 1 1 3489 4098 3511 4357
1319 4 2 1 1 3691 3800 3552 4189
1320 4 2 1 1 3918 3957 3448 4143
1321 4 2 1 1 2046 3729 1824 3920
1322 4 2 1 1 3471 3700 3755 3955
1323 4 2 1 1 3592 3757 3481 3942
1324 4 2 1 1 2102 2035 2119 4114
1325 4 2 1 1 440 439 456 4136
1326 4 2 1 1 455 456 439 4136
1327 4 2 1 1 2262 2354 1919 3760
1328 4 2 1 1 3730 4010 1303 4156
1329 4 2 1 1 417 3260 416 4375
1330 4 2 1 1 3517 3822 4298 4491
1331 4 2 1 1 654 3844 787 4250
1332 4 2 1 1 1379 1090 1394 4127
1333 4 2 1 1 1866 3920 3919 4021
1334 4 2 1 1 3523 3682 345 4008
1335 4 2 1 1 3567 3503 4073 4115
1336 4 2 1 1 1893 2611 1895 3946
1337 4 2 1 1 2132 1791 1928 4289
1338 4 2 1 1 3554 3461 3739 3914
1339 4 2 1 1 2098 1831 3858 3942
1340 4 2 1 1 2019 4092 3705 4161
1341 4 2 1 1 3518 4087 3886 4262
1342 4 2 1 1 3648 3876 3481 3942
1343 4 2 1 1 3676 3691 590 4316
1344 4 2 1 1 2103 3623 3729 4038
1345 4 2 1 1 3536 3477 3958 4402
1346 4 2 1 1 592 3800 3691 4189
1347 4 2 1 1 2928 3585 2925 4358
1348 4 2 1 1 3467 3915 3803 4006
1349 4 2 1 1 2098 1946 3757 3858
1350 4 2 1 1 760 3707 3737 3936
1351 4 2 1 1 2099 1831 3942 4076
1352 4 2 1 1 2711 1994 2143 4335
1353 4 2 1 1 3112 3111 3107 3861
1354 4 2 1 1 2230 3604 2233 4337
1355 4 2 1 1 738 3750 4196 4507
1356 4 2 1 1 749 3936 3792 4257
1357 4 2 1 1 119 86 2754 4195
1358 4 2 1 1 2106 4114 2105 4145
1359 4 2 1 1 3682 3947 3880 4059
1360 4 2 1 1 1584 1109 1547 4359
1361 4 2 1 1 1508 1507 1509 4454
1362 4 2 1 1 1803 1804 1805 3706
1363 4 2 1 1 345 3682 334 4008
1364 4 2 1 1 2039 1902 2201 3764
1365 4 2 1 1 3553 3470 3841 4314
1366 4 2 1 1 3466 4140 3803 4266
1367 4 2 1 1 3484 4128 710 4176
1368 4 2 1 1 3451 3976 3909 4196
1369 4 2 1 1 1463 1471 1560 3787
1370 4 2 1 1 1247 820 968 3744
1371 4 2 1 1 643 3652 3601 3972
1372 4 2 1 1 1208 905 3675 3908
1373 4 2 1 1 3573 3893 3653 4340
1374 4 2 1 1 581 1612 582 4163
1375 4 2 1 1 1237 1313 936 4445
1376 4 2 1 1 3936 4079 3795 4418
1377 4 2 1 1 2389 1870 2247 4457
1378 4 2 1 1 589 4212 3908 4316
1379 4 2 1 1 3453 4090 4267 4311
1380 4 2 1 1 2354 1920 1919 3760
1381 4 2 1 1 375 3699 3830 4271
1382 4 2 1 1 3456 3948 3832 4144
1383 4 2 1 1 876 1329 1605 3860
1384 4 2 1 1 2046 1824 1864 3920
1385 4 2 1 1 3653 4316 3573 4340
1386 4 2 1 1 3503 3567 3932 4115
1387 4 2 1 1 2106 4134 4114 4145
1388 4 2 1 1 857 862 1236 4074
1389 4 2 1 1 1270 138 140 4318
1390 4 2 1 1 1573 4106 3587 4432
1391 4 2 1 1 3750 3909 3451 4241
1392 4 2 1 1 868 812 867 3874
1393 4 2 1 1 4137 4154 3785 4201
1394 4 2 1 1 387 388 3711 3910
1395 4 2 1 1 678 3552 3691 3800
1396 4 2 1 1 3483 3860 3449 4208
1397 4 2 1 1 317 2155 2158 3885
1398 4 2 1 1 3588 4389 3981 4486
1399 4 2 1 1 3455 3831 3475 3994
1400 4 2 1 1 2117 1720 1721 4230
1401 4 2 1 1 2400 3764 4114 4369
1402 4 2 1 1 3458 3836 3487 3915
1403 4 2 1 1 3674 3882 3606 3954
1404 4 2 1 1 965 962 1493 4108
1405 4 2 1 1 3478 3528 3495 3895
1406 4 2 1 1 3277 3671 4305 4308
1407 4 2 1 1 593 3979 404 4147
1408 4 2 1 1 278 279 3055 4042
1409 4 2 1 1 3259 414 3260 4000
1410 4 2 1 1 592 3691 3800 4316
1411 4 2 1 1 3452 3853 3844 4315
1412 4 2 1 1 1329 3860 3799 4129
1413 4 2 1 1 2019 3705 2002 4161
1414 4 2 1 1 3856 2129 3971 4510
1415 4 2 1 1 2983 2982 3715 3941
1416 4 2 1 1 1530 1529 1532 4473
1417 4 2 1 1 1802 2599 1814 4289
1418 4 2 1 1 3456 3623 4076 4496
1419 4 2 1 1 2272 2267 2270 3851
1420 4 2 1 1 1712 4230 1720 4231
1421 4 2 1 1 1526 1525 1529 3883
1422 4 2 1 1 3458 3836 3915 4112
1423 4 2 1 1 1428 3645 1262 4445
1424 4 2 1 1 1751 1750 1752 4396
1425 4 2 1 1 138 879 1404 1270
1426 4 2 1 1 3591 3612 3485 4124
1427 4 2 1 1 3483 3645 4117 4344
1428 4 2 1 1 3576 3838 3465 3875
1429 4 2 1 1 3452 3531 4079 4336
1430 4 2 1 1 1620 1097 1495 3787
1431 4 2 1 1 3605 3755 4134 4400
1432 4 2 1 1 2309 2310 2312 3598
1433 4 2 1 1 1515 1513 1528 3878
1434 4 2 1 1 2700 2162 2701 4113
1435 4 2 1 1 3537 3876 2875 4492
1436 4 2 1 1 2902 3604 2903 4051
1437 4 2 1 1 780 3654 3551 4427
1438 4 2 1 1 3714 4080 3856 4287
1439 4 2 1 1 3701 3531 3936 4177
1440 4 2 1 1 3759 3880 3523 4490
1441 4 2 1 1 3460 3599 3483 4208
1442 4 2 1 1 1776 2526 2518 4205
1443 4 2 1 1 1884 3759 3700 4082
1444 4 2 1 1 1795 1853 1793 3820
1445 4 2 1 1 1443 3907 1441 4359
1446 4 2 1 1 3454 4221 3457 4344
1447 4 2 1 1 2914 2935 2912 4240
1448 4 2 1 1 2916 2915 2918 4005
1449 4 2 1 1 419 3258 418 3828
1450 4 2 1 1 1326 3577 1294 3647
1451 4 2 1 1 3806 3456 3977 4076
1452 4 2 1 1 394 393 3221 4354
1453 4 2 1 1 677 3653 3536 4441
1454 4 2 1 1 3550 3790 3993 4267
1455 4 2 1 1 3525 3477 3957 3958
1456 4 2 1 1 1836 2133 1837 4145
1457 4 2 1 1 905 3908 1208 4389
1458 4 2 1 1 1406 1675 1092 3907
1459 4 2 1 1 760 3936 3737 4422
1460 4 2 1 1 585 3587 1573 4193
1461 4 2 1 1 2870 2878 2873 4409
1462 4 2 1 1 2334 2210 2207 4184
1463 4 2 1 1 631 3957 621 4033
1464 4 2 1 1 3614 3800 3846 4149
1465 4 2 1 1 3753 3849 3648 4276
1466 4 2 1 1 3313 3321 3322 4328
1467 4 2 1 1 3061 3062 3068 3871
1468 4 2 1 1 592 4316 3800 4441
1469 4 2 1 1 1616 985 984 4485
1470 4 2 1 1 3841 3994 3470 4071
1471 4 2 1 1 3456 4071 3994 4309
1472 4 2 1 1 583 3544 3906 4157
1473 4 2 1 1 3524 3477 3719 3823
1474 4 2 1 1 3761 4160 3526 4499
1475 4 2 1 1 3471 3755 3568 3955
1476 4 2 1 1 3737 3750 3934 4256
1477 4 2 1 1 3157 3156 3159 3984
1478 4 2 1 1 738 4196 666 4507
1479 4 2 1 1 1674 1134 1676 4383
1480 4 2 1 1 3506 3789 3681 4012
1481 4 2 1 1 3900 3478 4254 4435
1482 4 2 1 1 3674 4094 3606 4298
1483 4 2 1 1 3454 3563 3468 3872
1484 4 2 1 1 2882 3756 177 4055
1485 4 2 1 1 826 827 828 3824
1486 4 2 1 1 3548 3918 4033 4301
1487 4 2 1 1 724 3485 617 4128
1488 4 2 1 1 1842 1843 1841 3764
1489 4 2 1 1 3697 3839 3696 4523
1490 4 2 1 1 3458 3915 3487 4201
1491 4 2 1 1 3448 4048 4033 4112
1492 4 2 1 1 3458 3565 3923 4089
1493 4 2 1 1 648 4070 3697 4419
1494 4 2 1 1 3477 3694 4085 4402
1495 4 2 1 1 3585 4006 2925 4358
1496 4 2 1 1 3537 3942 3579 4210
1497 4 2 1 1 1793 1853 2416 3820
1498 4 2 1 1 344 3905 345 4407
1499 4 2 1 1 3450 4213 3550 4214
1500 4 2 1 1 3520 3528 3487 3538
1501 4 2 1 1 3505 3778 3532 3898
1502 4 2 1 1 2745 2741 3646 4162
1503 4 2 1 1 1283 1281 1280 3779
1504 4 2 1 1 3553 4095 3470 4314
1505 4 2 1 1 3108 3869 3105 3945
1506 4 2 1 1 3755 4240 3567 4400
1507 4 2 1 1 3530 4095 3678 4314
1508 4 2 1 1 1278 1277 1279 3649
1509 4 2 1 1 3758 4135 3527 4233
1510 4 2 1 1 450 3283 3290 3904
1511 4 2 1 1 1419 3872 1649 4171
1512 4 2 1 1 1198 1197 1199 3960
1513 4 2 1 1 953 955 951 3996
1514 4 2 1 1 3908 4389 3588 4505
1515 4 2 1 1 3582 3999 3766 4062
1516 4 2 1 1 3462 3936 4079 4257
1517 4 2 1 1 744 3890 754 4214
1518 4 2 1 1 3603 3616 3494 3830
1519 4 2 1 1 583 3581 3544 4157
1520 4 2 1 1 4149 4222 3800 4450
1521 4 2 1 1 3681 3716 3665 4234
1522 4 2 1 1 3533 3562 3476 3602
1523 4 2 1 1 3538 3558 3495 3914
1524 4 2 1 1 3856 4089 3714 4287
1525 4 2 1 1 3858 3994 3481 4309
1526 4 2 1 1 2912 4348 2910 4400
1527 4 2 1 1 3856 3714 4089 4112
1528 4 2 1 1 3758 4135 3786 4291
1529 4 2 1 1 3831 3994 3977 4247
1530 4 2 1 1 1300 1301 911 4105
1531 4 2 1 1 2843 2832 2852 4390
1532 4 2 1 1 245 3027 246 4330
1533 4 2 1 1 873 874 810 4183
1534 4 2 1 1 3465 3875 3759 4365
1535 4 2 1 1 3479 3549 3634 4220
1536 4 2 1 1 3524 3761 3477 4085
1537 4 2 1 1 360 359 356 3593
1538 4 2 1 1 2711 2143 2144 4335
1539 4 2 1 1 46 45 3698 3752
1540 4 2 1 1 3977 3994 3470 4247
1541 4 2 1 1 413 3259 412 3810
1542 4 2 1 1 2239 3991 3579 4338
1543 4 2 1 1 2168 2381 2382 3624
1544 4 2 1 1 797 4209 4122 4324
1545 4 2 1 1 3466 3665 3506 3803
1546 4 2 1 1 3076 278 277 4042
1547 4 2 1 1 3636 3635 4037 4499
1548 4 2 1 1 3463 3946 3862 3947
1549 4 2 1 1 3635 3773 3672 4269
1550 4 2 1 1 1027 1339 1004 4295
1551 4 2 1 1 3496 4097 4244 4460
1552 4 2 1 1 3868 4398 3552 4399
1553 4 2 1 1 1781 1783 2683 4395
1554 4 2 1 1 1842 2460 2119 3764
1555 4 2 1 1 3579 3876 3648 3942
1556 4 2 1 1 1908 3854 2605 4258
1557 4 2 1 1 3127 323 324 4333
1558 4 2 1 1 3831 3994 3470 4314
1559 4 2 1 1 2679 2372 2371 3796
1560 4 2 1 1 1245 1246 967 3819
1561 4 2 1 1 1824 2046 1823 3729
1562 4 2 1 1 1908 89 3846 4084
1563 4 2 1 1 2888 3592 3862 4248
1564 4 2 1 1 1908 4084 3846 4370
1565 4 2 1 1 2155 3642 2159 4500
1566 4 2 1 1 3494 3519 3969 4233
1567 4 2 1 1 3490 3508 4003 4216
1568 4 2 1 1 3341 3745 3804 4111
1569 4 2 1 1 1447 1448 1446 4261
1570 4 2 1 1 3453 3915 3803 3993
1571 4 2 1 1 2548 2556 1886 3566
1572 4 2 1 1 3856 3471 3922 4140
1573 4 2 1 1 2247 3991 3919 4343
1574 4 2 1 1 2035 2028 2401 4073
1575 4 2 1 1 363 3155 362 3771
1576 4 2 1 1 3713 3905 345 4200
1577 4 2 1 1 3455 3463 3974 4202
1578 4 2 1 1 1345 1276 1080 4479
1579 4 2 1 1 2831 2837 2851 4455
1580 4 2 1 1 1329 3645 1428 4475
1581 4 2 1 1 1403 1422 1665 4028
1582 4 2 1 1 3844 4250 3795 4418
1583 4 2 1 1 3803 4006 3915 4140
1584 4 2 1 1 416 3260 415 4000
1585 4 2 1 1 3495 3528 3478 3632
1586 4 2 1 1 3449 3799 3483 4344
1587 4 2 1 1 3076 3077 216 4042
1588 4 2 1 1 1898 1899 3757 4508
1589 4 2 1 1 1429 1318 1243 3881
1590 4 2 1 1 3672 3773 3635 3911
1591 4 2 1 1 3806 4324 4209 4427
1592 4 2 1 1 2870 2873 2906 4409
1593 4 2 1 1 772 803 4122 4250
1594 4 2 1 1 3523 3759 4082 4083
1595 4 2 1 1 2852 2854 2841 3963
1596 4 2 1 1 2627 2242 2239 3991
1597 4 2 1 1 142 140 3542 4307
1598 4 2 1 1 3785 4154 3854 4258
1599 4 2 1 1 3893 4003 3573 4467
1600 4 2 1 1 2386 1937 1940 4223
1601 4 2 1 1 3606 3974 3463 4293
1602 4 2 1 1 3625 4128 3793 4224
1603 4 2 1 1 1405 992 1342 3660
1604 4 2 1 1 1196 1198 1309 4074
1605 4 2 1 1 835 866 1619 4482
1606 4 2 1 1 1828 3760 1920 4110
1607 4 2 1 1 636 4047 3616 4303
1608 4 2 1 1 2903 3604 180 3664
1609 4 2 1 1 3526 3714 609 4033
1610 4 2 1 1 3785 3471 4151 4206
1611 4 2 1 1 389 373 372 4060
1612 4 2 1 1 372 388 389 4060
1613 4 2 1 1 3565 4085 3846 4402
1614 4 2 1 1 3500 3530 3479 3634
1615 4 2 1 1 1347 1026 1492 4346
1616 4 2 1 1 992 3809 1405 4318
1617 4 2 1 1 676 3536 3958 4086
1618 4 2 1 1 2887 3592 2888 4408
1619 4 2 1 1 1165 1168 1417 3599
1620 4 2 1 1 597 625 3890 3918
1621 4 2 1 1 3700 4134 1887 4170
1622 4 2 1 1 758 3891 754 4064
1623 4 2 1 1 3257 119 3247 4195
1624 4 2 1 1 847 1545 1697 4198
1625 4 2 1 1 198 3618 2951 3619
1626 4 2 1 1 3757 3862 3502 4420
1627 4 2 1 1 584 4089 3856 4287
1628 4 2 1 1 3708 3518 4148 4285
1629 4 2 1 1 3466 3453 4140 4266
1630 4 2 1 1 1203 1689 1202 4102
1631 4 2 1 1 3520 3538 3487 3557
1632 4 2 1 1 1430 3824 880 4318
1633 4 2 1 1 333 334 3136 3637
1634 4 2 1 1 3495 3900 3739 3914
1635 4 2 1 1 1806 2424 1926 3706
1636 4 2 1 1 857 855 854 3842
1637 4 2 1 1 654 801 664 4250
1638 4 2 1 1 1302 1303 3730 4010
1639 4 2 1 1 779 3551 3988 4209
1640 4 2 1 1 1591 1592 3960 4026
1641 4 2 1 1 1057 1058 1056 3734
1642 4 2 1 1 3454 3457 4221 4377
1643 4 2 1 1 3515 3486 3821 3824
1644 4 2 1 1 3457 3562 3504 3730
1645 4 2 1 1 2458 2658 1878 4490
1646 4 2 1 1 3494 4174 3616 4303
1647 4 2 1 1 958 1493 3615 3996
1648 4 2 1 1 3455 3831 3977 4417
1649 4 2 1 1 1824 3729 1823 4146
1650 4 2 1 1 3832 3977 3534 4209
1651 4 2 1 1 484 3331 485 4126
1652 4 2 1 1 729 693 702 3676
1653 4 2 1 1 3461 4152 4086 4507
1654 4 2 1 1 1891 3974 2652 4438
1655 4 2 1 1 675 3957 689 4143
1656 4 2 1 1 911 1301 1386 3730
1657 4 2 1 1 2502 1963 2593 3930
1658 4 2 1 1 2067 2068 2639 3624
1659 4 2 1 1 3509 3485 3612 4124
1660 4 2 1 1 3692 3539 3895 4254
1661 4 2 1 1 3758 3527 4135 4291
1662 4 2 1 1 1393 946 1411 3950
1663 4 2 1 1 803 3844 4024 4250
1664 4 2 1 1 3791 3913 3696 4336
1665 4 2 1 1 3076 279 278 4042
1666 4 2 1 1 426 425 4002 4467
1667 4 2 1 1 981 1432 1397 3738
1668 4 2 1 1 691 3703 3868 4058
1669 4 2 1 1 347 3152 203 3964
1670 4 2 1 1 762 3707 3795 4250
1671 4 2 1 1 751 3750 3737 3909
1672 4 2 1 1 3716 3789 3574 4088
1673 4 2 1 1 3662 4097 3848 4505
1674 4 2 1 1 1790 2169 3546 4204
1675 4 2 1 1 3454 3510 3457 4377
1676 4 2 1 1 3215 3216 3210 3952
1677 4 2 1 1 868 3670 938 4445
1678 4 2 1 1 356 3593 3498 3850
1679 4 2 1 1 3341 3342 3339 3804
1680 4 2 1 1 644 3697 655 4165
1681 4 2 1 1 1649 3872 3563 4171
1682 4 2 1 1 3601 3882 3652 4175
1683 4 2 1 1 1928 1811 1929 4204
1684 4 2 1 1 3447 3692 4253 4254
1685 4 2 1 1 796 4197 3595 4292
1686 4 2 1 1 1021 1420 1590 4103
1687 4 2 1 1 1898 3757 1946 3974
1688 4 2 1 1 676 678 3800 4086
1689 4 2 1 1 3856 3915 3471 4140
1690 4 2 1 1 2209 2212 2211 4184
1691 4 2 1 1 602 4269 3672 4270
1692 4 2 1 1 3763 4255 3818 4301
1693 4 2 1 1 3456 3994 4071 4144
1694 4 2 1 1 1182 1638 1181 4028
1695 4 2 1 1 1066 1165 3840 3916
1696 4 2 1 1 2349 4145 3650 4170
1697 4 2 1 1 2043 3781 2044 3987
1698 4 2 1 1 3651 4190 3917 4322
1699 4 2 1 1 780 4209 779 4427
1700 4 2 1 1 3536 3614 3846 4402
1701 4 2 1 1 750 3737 3750 4422
1702 4 2 1 1 369 4175 3892 4432
1703 4 2 1 1 437 3281 438 4075
1704 4 2 1 1 754 763 3792 3891
1705 4 2 1 1 1386 1303 1233 3730
1706 4 2 1 1 3449 3483 3799 3860
1707 4 2 1 1 582 4081 581 4163
1708 4 2 1 1 3506 3754 3574 4012
1709 4 2 1 1 1865 1863 1871 4343
1710 4 2 1 1 2355 2596 2354 4210
1711 4 2 1 1 463 462 3742 3765
1712 4 2 1 1 3531 3462 3696 3791
1713 4 2 1 1 756 687 738 4196
1714 4 2 1 1 1329 1262 3645 3799
1715 4 2 1 1 3112 311 3104 3945
1716 4 2 1 1 1306 1296 1298 3577
1717 4 2 1 1 3452 4079 3853 4298
1718 4 2 1 1 2517 4382 2197 4508
1719 4 2 1 1 473 3906 474 4157
1720 4 2 1 1 2899 4275 3648 4276
1721 4 2 1 1 1329 1605 3860 4129
1722 4 2 1 1 1308 1172 1606 4102
1723 4 2 1 1 631 3957 3918 4143
1724 4 2 1 1 253 3016 252 3898
1725 4 2 1 1 3526 3761 3714 4048
1726 4 2 1 1 141 940 947 948
1727 4 2 1 1 3672 4002 3666 4003
1728 4 2 1 1 462 478 463 3742
1729 4 2 1 1 479 463 478 3742
1730 4 2 1 1 2067 2639 3501 3624
1731 4 2 1 1 2612 1995 2336 4227
1732 4 2 1 1 3818 4143 3448 4431
1733 4 2 1 1 3258 3260 417 4375
1734 4 2 1 1 3849 4276 3753 4332
1735 4 2 1 1 1809 1807 1808 3990
1736 4 2 1 1 951 3967 953 3996
1737 4 2 1 1 446 15 430 4499
1738 4 2 1 1 3489 727 4098 4244
1739 4 2 1 1 1018 1273 1552 3660
1740 4 2 1 1 3449 3600 3799 4232
1741 4 2 1 1 739 754 3890 4064
1742 4 2 1 1 991 994 1552 3660
1743 4 2 1 1 735 3918 745 4143
1744 4 2 1 1 2897 3862 3728 4248
1745 4 2 1 1 3265 3277 4242 4305
1746 4 2 1 1 3309 3305 467 3777
1747 4 2 1 1 375 392 376 4271
1748 4 2 1 1 392 375 391 4271
1749 4 2 1 1 593 3981 1239 4260
1750 4 2 1 1 1775 1774 1776 3609
1751 4 2 1 1 4151 4206 4073 4281
1752 4 2 1 1 3685 3836 3458 3923
1753 4 2 1 1 3908 4212 3676 4316
1754 4 2 1 1 2067 2639 2071 3501
1755 4 2 1 1 749 752 3795 4257
1756 4 2 1 1 3538 3895 3836 4502
1757 4 2 1 1 2890 2863 2874 4492
1758 4 2 1 1 3552 3482 4398 4470
1759 4 2 1 1 1099 3992 1049 4379
1760 4 2 1 1 2630 2475 2476 4498
1761 4 2 1 1 245 208 3027 4330
1762 4 2 1 1 3019 3015 3887 4330
1763 4 2 1 1 1294 1296 3504 3577
1764 4 2 1 1 1026 3673 1492 4346
1765 4 2 1 1 3565 3846 3923 4402
1766 4 2 1 1 274 290 289 3684
1767 4 2 1 1 274 289 273 3684
1768 4 2 1 1 3587 3645 4001 4193
1769 4 2 1 1 760 762 3707 3936
1770 4 2 1 1 3605 4170 3755 4348
1771 4 2 1 1 392 3938 596 4014
1772 4 2 1 1 382 381 3184 4194
1773 4 2 1 1 873 1208 874 3675
1774 4 2 1 1 2989 2986 2988 3816
1775 4 2 1 1 2121 3651 1874 4190
1776 4 2 1 1 3505 3532 3560 3898
1777 4 2 1 1 596 3858 3806 4438
1778 4 2 1 1 1764 2054 1777 4065
1779 4 2 1 1 3484 3670 3591 4124
1780 4 2 1 1 3877 3752 3969 4432
1781 4 2 1 1 302 3709 301 3808
1782 4 2 1 1 1832 3884 1836 4145
1783 4 2 1 1 2224 3512 2406 3861
1784 4 2 1 1 2098 3757 1899 4030
1785 4 2 1 1 3451 3909 3750 4196
1786 4 2 1 1 771 704 796 3758
1787 4 2 1 1 3551 4038 3806 4427
1788 4 2 1 1 3708 4263 4014 4285
1789 4 2 1 1 1765 1779 2464 4166
1790 4 2 1 1 4241 4256 3554 4512
1791 4 2 1 1 1865 3919 3623 4343
1792 4 2 1 1 1559 1383 968 4188
1793 4 2 1 1 46 3752 3698 4443
1794 4 2 1 1 827 830 1265 3845
1795 4 2 1 1 3076 277 3077 4042
1796 4 2 1 1 1877 3880 3917 4322
1797 4 2 1 1 3697 3972 644 4306
1798 4 2 1 1 467 3305 466 3777
1799 4 2 1 1 978 976 1649 4106
1800 4 2 1 1 3116 3122 323 3740
1801 4 2 1 1 3449 3860 3600 4208
1802 4 2 1 1 3601 3469 3853 4298
1803 4 2 1 1 2242 2627 3942 3991
1804 4 2 1 1 3545 655 4070 4165
1805 4 2 1 1 3551 3654 3979 4427
1806 4 2 1 1 3159 3156 3165 3896
1807 4 2 1 1 2213 2333 2425 4184
1808 4 2 1 1 305 316 2252 4020
1809 4 2 1 1 3696 3791 3500 3913
1810 4 2 1 1 2938 3748 4115 4400
1811 4 2 1 1 2089 3637 2560 4381
1812 4 2 1 1 1380 1557 1336 4127
1813 4 2 1 1 1721 1722 1723 4067
1814 4 2 1 1 704 3758 716 4197
1815 4 2 1 1 3494 3519 3627 3969
1816 4 2 1 1 1432 4212 3912 4290
1817 4 2 1 1 1303 1386 1302 3730
1818 4 2 1 1 1499 1406 1069 4249
1819 4 2 1 1 3453 3651 3838 3875
1820 4 2 1 1 847 969 1545 3842
1821 4 2 1 1 2118 2130 1910 3854
1822 4 2 1 1 3792 3891 763 4257
1823 4 2 1 1 1436 3907 1474 4360
1824 4 2 1 1 1096 1632 1469 3802
1825 4 2 1 1 3481 3858 3757 4202
1826 4 2 1 1 3330 3335 3334 4126
1827 4 2 1 1 2146 2674 2649 4500
1828 4 2 1 1 3129 3137 3134 3879
1829 4 2 1 1 4038 4076 3623 4496
1830 4 2 1 1 3567 4114 4073 4134
1831 4 2 1 1 780 3551 779 4209
1832 4 2 1 1 49 2747 2751 4183
1833 4 2 1 1 3469 3518 3708 4087
1834 4 2 1 1 716 3786 4135 4244
1835 4 2 1 1 3737 4256 3934 4422
1836 4 2 1 1 3586 3469 4139 4491
1837 4 2 1 1 312 3104 311 3945
1838 4 2 1 1 52 3956 4447 4448
1839 4 2 1 1 3602 3807 3521 4379
1840 4 2 1 1 582 3636 4037 4499
1841 4 2 1 1 3474 4055 3849 4332
1842 4 2 1 1 3674 3972 3853 4298
1843 4 2 1 1 357 3673 3593 3850
1844 4 2 1 1 729 3676 702 4465
1845 4 2 1 1 1815 2262 2184 3774
1846 4 2 1 1 3500 3580 3549 3790
1847 4 2 1 1 52 869 3956 4448
1848 4 2 1 1 3499 4186 3473 4273
1849 4 2 1 1 905 906 904 4486
1850 4 2 1 1 133 1094 1350 4472
1851 4 2 1 1 3773 4037 3635 4499
1852 4 2 1 1 727 3489 4197 4244
1853 4 2 1 1 2481 2493 2120 3921
1854 4 2 1 1 3915 3471 4140 4201
1855 4 2 1 1 1892 2690 1894 3946
1856 4 2 1 1 3645 3799 3483 4129
1857 4 2 1 1 644 3697 4165 4506
1858 4 2 1 1 612 4081 624 4128
1859 4 2 1 1 137 135 2768 877
1860 4 2 1 1 2353 2351 2352 4051
1861 4 2 1 1 716 4135 4097 4244
1862 4 2 1 1 1016 3872 994 3983
1863 4 2 1 1 753 3818 4152 4431
1864 4 2 1 1 674 3823 3525 3958
1865 4 2 1 1 2284 2278 2525 4259
1866 4 2 1 1 648 3697 4306 4419
1867 4 2 1 1 929 1388 1384 4010
1868 4 2 1 1 1874 3651 2121 4300
1869 4 2 1 1 983 982 870 4485
1870 4 2 1 1 2230 3995 3604 4337
1871 4 2 1 1 3846 4136 3694 4312
1872 4 2 1 1 3707 4024 3534 4177
1873 4 2 1 1 2138 4230 2344 4231
1874 4 2 1 1 3273 3272 438 3720
1875 4 2 1 1 387 3910 3829 4444
1876 4 2 1 1 3459 3542 3607 3809
1877 4 2 1 1 3144 3959 3924 4200
1878 4 2 1 1 2738 2734 2737 4421
1879 4 2 1 1 3534 4241 4177 4247
1880 4 2 1 1 966 1245 1690 3819
1881 4 2 1 1 3513 3991 3919 4457
1882 4 2 1 1 3459 3607 3510 4377
1883 4 2 1 1 2724 2609 1934 3990
1884 4 2 1 1 3514 4022 3662 4212
1885 4 2 1 1 979 4106 1573 4432
1886 4 2 1 1 357 1533 1570 1572
1887 4 2 1 1 1923 1805 1806 3990
1888 4 2 1 1 3449 4208 3662 4505
1889 4 2 1 1 3481 3994 3858 4202
1890 4 2 1 1 1937 3794 1938 4223
1891 4 2 1 1 3475 3530 3505 4314
1892 4 2 1 1 3846 4085 4084 4312
1893 4 2 1 1 1046 3908 589 4212
1894 4 2 1 1 1279 1281 1348 3547
1895 4 2 1 1 2238 4282 2579 4457
1896 4 2 1 1 3622 4182 4022 4232
1897 4 2 1 1 3280 435 434 4305
1898 4 2 1 1 2224 3869 3861 4481
1899 4 2 1 1 960 963 1216 4493
1900 4 2 1 1 813 869 3738 3956
1901 4 2 1 1 3587 3645 3951 4001
1902 4 2 1 1 743 735 597 3890
1903 4 2 1 1 330 1671 1146 1662
1904 4 2 1 1 1055 1057 1056 3734
1905 4 2 1 1 3298 3289 443 4294
1906 4 2 1 1 3686 4165 3545 4362
1907 4 2 1 1 3500 3479 3549 3634
1908 4 2 1 1 3715 3574 3789 4088
1909 4 2 1 1 3496 3675 4244 4357
1910 4 2 1 1 3762 4208 4009 4290
1911 4 2 1 1 3523 3759 3465 3880
1912 4 2 1 1 180 3664 3604 4007
1913 4 2 1 1 1388 921 932 4010
1914 4 2 1 1 3093 3808 3721 3816
1915 4 2 1 1 230 2974 229 4007
1916 4 2 1 1 3651 4190 3971 4311
1917 4 2 1 1 3729 4146 4038 4470
1918 4 2 1 1 952 1683 950 4032
1919 4 2 1 1 3685 3846 3614 3923
1920 4 2 1 1 2329 3947 3682 4050
1921 4 2 1 1 1292 3647 3504 4347
1922 4 2 1 1 137 971 139 4320
1923 4 2 1 1 823 822 824 4371
1924 4 2 1 1 3175 374 3167 3830
1925 4 2 1 1 2352 2351 2050 4051
1926 4 2 1 1 1150 1271 3835 4393
1927 4 2 1 1 3613 3833 3551 4058
1928 4 2 1 1 625 4066 613 4411
1929 4 2 1 1 2936 3929 2942 4440
1930 4 2 1 1 2132 2169 1791 4289
1931 4 2 1 1 3552 3800 3597 4277
1932 4 2 1 1 1892 1898 1946 3974
1933 4 2 1 1 3579 4275 3876 4492
1934 4 2 1 1 2457 2000 2001 3781
1935 4 2 1 1 1787 1788 1785 4395
1936 4 2 1 1 775 778 792 3909
1937 4 2 1 1 1054 1056 1095 4040
1938 4 2 1 1 3109 3105 3111 3945
1939 4 2 1 1 468 3325 3327 4264
1940 4 2 1 1 3555 4071 3989 4181
1941 4 2 1 1 1691 1236 862 4074
1942 4 2 1 1 2601 3661 2344 4230
1943 4 2 1 1 1049 1048 1099 4379
1944 4 2 1 1 590 1208 35 3908
1945 4 2 1 1 1908 2605 1943 4258
1946 4 2 1 1 3451 3948 3832 4470
1947 4 2 1 1 848 1545 1371 4198
1948 4 2 1 1 3481 3942 3858 4076
1949 4 2 1 1 3453 3838 3466 3875
1950 4 2 1 1 178 3472 2898 4055
1951 4 2 1 1 3563 4106 3877 4142
1952 4 2 1 1 3447 4253 3701 4254
1953 4 2 1 1 2963 2961 2964 3887
1954 4 2 1 1 2908 3748 2938 4400
1955 4 2 1 1 2077 2382 2587 3905
1956 4 2 1 1 3622 3625 4081 4224
1957 4 2 1 1 1995 4161 1996 4227
1958 4 2 1 1 3806 3832 3456 4038
1959 4 2 1 1 3785 4151 3471 4201
1960 4 2 1 1 2984 2981 2983 3941
1961 4 2 1 1 3988 4209 3451 4241
1962 4 2 1 1 3462 3697 3696 4523
1963 4 2 1 1 1233 3730 1303 3966
1964 4 2 1 1 3951 4219 3484 4283
1965 4 2 1 1 3635 4037 3773 4449
1966 4 2 1 1 3708 3586 4087 4262
1967 4 2 1 1 270 3042 271 4088
1968 4 2 1 1 1156 1611 1158 4349
1969 4 2 1 1 3466 3576 3506 3681
1970 4 2 1 1 2313 2311 2492 4364
1971 4 2 1 1 667 3676 3583 4458
1972 4 2 1 1 993 3746 3983 4107
1973 4 2 1 1 3487 4154 3458 4201
1974 4 2 1 1 373 3712 374 3830
1975 4 2 1 1 3475 4077 3862 4202
1976 4 2 1 1 1946 1898 2098 3757
1977 4 2 1 1 2165 1838 2053 3884
1978 4 2 1 1 3552 3741 3691 4189
1979 4 2 1 1 654 787 801 4250
1980 4 2 1 1 3477 3719 3526 3761
1981 4 2 1 1 1317 1173 884 4185
1982 4 2 1 1 2981 3789 2982 3941
1983 4 2 1 1 617 626 3669 4378
1984 4 2 1 1 2742 4162 3646 4286
1985 4 2 1 1 4033 4048 3714 4112
1986 4 2 1 1 3495 3478 3553 3632
1987 4 2 1 1 3108 3945 3109 4007
1988 4 2 1 1 1675 1406 1407 3907
1989 4 2 1 1 3477 3565 4048 4402
1990 4 2 1 1 366 3157 365 3984
1991 4 2 1 1 2914 2916 2917 3929
1992 4 2 1 1 962 960 958 3615
1993 4 2 1 1 1995 3608 4091 4227
1994 4 2 1 1 3829 3982 371 4361
1995 4 2 1 1 421 3743 3252 3828
1996 4 2 1 1 383 3183 3193 4194
1997 4 2 1 1 427 443 428 3733
1998 4 2 1 1 3488 3541 3535 3745
1999 4 2 1 1 440 3893 4136 4467
2000 4 2 1 1 3461 3750 3934 4152
2001 4 2 1 1 2912 2923 2910 4348
2002 4 2 1 1 216 3075 3076 4042
2003 4 2 1 1 3209 3210 400 3952
2004 4 2 1 1 2883 4055 2898 4276
2005 4 2 1 1 3737 3909 3750 4241
2006 4 2 1 1 3530 3532 3505 3778
2007 4 2 1 1 985 3762 3912 4485
2008 4 2 1 1 226 2973 2972 4007
2009 4 2 1 1 245 244 3026 4049
2010 4 2 1 1 951 952 950 4188
2011 4 2 1 1 633 658 4116 4191
2012 4 2 1 1 3500 3530 3532 3913
2013 4 2 1 1 1807 1805 1808 3990
2014 4 2 1 1 3600 4208 3762 4290
2015 4 2 1 1 350 3151 349 3964
2016 4 2 1 1 987 1616 986 4384
2017 4 2 1 1 2039 3619 2192 3764
2018 4 2 1 1 3447 3791 3692 4192
2019 4 2 1 1 3478 4095 3632 4220
2020 4 2 1 1 1066 3840 1165 4302
2021 4 2 1 1 3853 3972 3601 4298
2022 4 2 1 1 4097 715 4244 4460
2023 4 2 1 1 3465 3759 3875 4322
2024 4 2 1 1 3560 3561 4043 4483
2025 4 2 1 1 675 4143 672 4431
2026 4 2 1 1 2731 4084 3594 4312
2027 4 2 1 1 3501 3924 3631 3959
2028 4 2 1 1 3462 3792 3936 4257
2029 4 2 1 1 3648 3876 3579 4275
2030 4 2 1 1 852 875 1372 3842
2031 4 2 1 1 4151 4154 3499 4251
2032 4 2 1 1 3528 3538 3495 3895
2033 4 2 1 1 3513 3472 3919 4332
2034 4 2 1 1 2600 2180 1884 3700
2035 4 2 1 1 3753 4309 3849 4332
2036 4 2 1 1 592 3800 4277 4450
2037 4 2 1 1 3795 4079 3936 4257
2038 4 2 1 1 3763 3934 3818 4255
2039 4 2 1 1 3470 4144 4247 4435
2040 4 2 1 1 142 144 4063 4455
2041 4 2 1 1 3641 3940 425 4002
2042 4 2 1 1 972 872 973 4504
2043 4 2 1 1 3753 3919 3513 3991
2044 4 2 1 1 3800 4086 3614 4441
2045 4 2 1 1 3495 3739 3895 3914
2046 4 2 1 1 3448 3958 3477 4402
2047 4 2 1 1 1050 1049 1051 4040
2048 4 2 1 1 3448 3923 3614 4402
2049 4 2 1 1 2232 2230 2233 4337
2050 4 2 1 1 2079 2082 2078 4407
2051 4 2 1 1 3522 3482 3613 3939
2052 4 2 1 1 3587 3591 3484 4193
2053 4 2 1 1 2910 3748 2908 4400
2054 4 2 1 1 1865 3919 1866 3920
2055 4 2 1 1 3448 3614 3923 4502
2056 4 2 1 1 3477 3761 3565 4085
2057 4 2 1 1 2002 2019 2005 3705
2058 4 2 1 1 3719 3761 3524 4039
2059 4 2 1 1 444 428 443 3733
2060 4 2 1 1 1884 2600 3700 4300
2061 4 2 1 1 3478 3553 3632 4095
2062 4 2 1 1 4013 4086 682 4507
2063 4 2 1 1 2854 2840 2841 4121
2064 4 2 1 1 3139 337 336 4211
2065 4 2 1 1 1303 3730 3491 3966
2066 4 2 1 1 394 3864 393 4354
2067 4 2 1 1 3461 4013 3914 4512
2068 4 2 1 1 803 3844 793 4024
2069 4 2 1 1 3601 4462 3469 4491
2070 4 2 1 1 3658 952 4032 4078
2071 4 2 1 1 3309 468 3308 4187
2072 4 2 1 1 3487 3538 3528 3836
2073 4 2 1 1 3648 4275 2899 4409
2074 4 2 1 1 3753 4076 3481 4309
2075 4 2 1 1 3614 4149 3685 4222
2076 4 2 1 1 2627 2247 2099 3753
2077 4 2 1 1 3458 3685 3854 4154
2078 4 2 1 1 1010 1008 1011 4519
2079 4 2 1 1 618 597 735 3918
2080 4 2 1 1 3465 4059 3880 4322
2081 4 2 1 1 811 871 872 3752
2082 4 2 1 1 3341 474 3745 4111
2083 4 2 1 1 3278 3270 3720 4125
2084 4 2 1 1 1581 1582 1160 4393
2085 4 2 1 1 3567 3755 3568 4240
2086 4 2 1 1 3569 3460 3840 4302
2087 4 2 1 1 1582 1581 1122 4393
2088 4 2 1 1 3882 3972 3674 4298
2089 4 2 1 1 3454 3749 4106 4142
2090 4 2 1 1 2233 3604 3991 4337
2091 4 2 1 1 3517 3606 4148 4298
2092 4 2 1 1 3513 3753 4276 4332
2093 4 2 1 1 3447 3936 4192 4237
2094 4 2 1 1 1870 1865 2726 3919
2095 4 2 1 1 1276 1345 4127 4479
2096 4 2 1 1 3478 3692 3895 4254
2097 4 2 1 1 3461 3934 3750 4512
2098 4 2 1 1 3600 4484 3860 4485
2099 4 2 1 1 3755 4134 3700 4170
2100 4 2 1 1 752 660 740 3795
2101 4 2 1 1 716 3758 704 4135
2102 4 2 1 1 3856 4080 3714 4112
2103 4 2 1 1 1819 2130 19 4370
2104 4 2 1 1 97 2821 96 4363
2105 4 2 1 1 1616 4484 3762 4485
2106 4 2 1 1 2977 212 2978 3959
2107 4 2 1 1 2850 2840 2830 4380
2108 4 2 1 1 1419 1649 977 4171
2109 4 2 1 1 2099 4076 3753 4343
2110 4 2 1 1 4003 4138 695 4270
2111 4 2 1 1 3310 4187 3735 4488
2112 4 2 1 1 2041 3618 3575 4092
2113 4 2 1 1 3538 3914 3895 4502
2114 4 2 1 1 477 3545 3775 3889
2115 4 2 1 1 3565 3761 3594 4085
2116 4 2 1 1 3728 3862 3505 4077
2117 4 2 1 1 693 667 702 3676
2118 4 2 1 1 1812 2264 2386 3794
2119 4 2 1 1 2041 2028 3575 4369
2120 4 2 1 1 3451 4196 3750 4507
2121 4 2 1 1 876 3799 1329 3860
2122 4 2 1 1 3451 3750 4241 4512
2123 4 2 1 1 643 3601 640 3972
2124 4 2 1 1 739 3890 603 4064
2125 4 2 1 1 3527 4142 4135 4468
2126 4 2 1 1 3140 201 4133 4211
2127 4 2 1 1 3454 3951 3749 4142
2128 4 2 1 1 666 738 687 4196
2129 4 2 1 1 3737 3934 3750 4422
2130 4 2 1 1 1537 1536 1213 3883
2131 4 2 1 1 104 1835 105 4132
2132 4 2 1 1 1892 1893 2690 3946
2133 4 2 1 1 3194 391 390 4263
2134 4 2 1 1 392 4285 4263 4286
2135 4 2 1 1 1146 1671 330 1672
2136 4 2 1 1 3753 3991 3513 4276
2137 4 2 1 1 3273 3274 3272 3720
2138 4 2 1 1 2130 3761 19 4370
2139 4 2 1 1 3477 3448 3957 3958
2140 4 2 1 1 2118 3856 4089 4137
2141 4 2 1 1 1225 954 1416 4129
2142 4 2 1 1 993 991 881 3821
2143 4 2 1 1 2190 2562 344 4173
2144 4 2 1 1 614 743 597 3890
2145 4 2 1 1 3495 3553 3478 4435
2146 4 2 1 1 2951 3618 3575 3619
2147 4 2 1 1 3993 4057 3467 4266
2148 4 2 1 1 3493 3468 3749 3950
2149 4 2 1 1 3216 3211 3210 4168
2150 4 2 1 1 682 4013 678 4086
2151 4 2 1 1 3591 4116 4093 4284
2152 4 2 1 1 2552 2551 2550 4173
2153 4 2 1 1 903 3675 874 3981
2154 4 2 1 1 3536 3846 3614 4441
2155 4 2 1 1 740 660 638 3795
2156 4 2 1 1 1273 1342 3660 3966
2157 4 2 1 1 4098 4244 3675 4357
2158 4 2 1 1 2247 3753 3991 4343
2159 4 2 1 1 738 4152 3750 4507
2160 4 2 1 1 1846 2317 2338 3598
2161 4 2 1 1 4022 4176 3622 4232
2162 4 2 1 1 2165 2200 1779 4166
2163 4 2 1 1 363 3154 3155 3771
2164 4 2 1 1 1612 3622 4163 4232
2165 4 2 1 1 630 3957 3526 4033
2166 4 2 1 1 3617 3527 4135 4468
2167 4 2 1 1 2207 2208 2204 4184
2168 4 2 1 1 2979 2980 2976 3959
2169 4 2 1 1 2423 2662 2715 4099
2170 4 2 1 1 1066 1166 1165 3916
2171 4 2 1 1 3068 3871 3814 4158
2172 4 2 1 1 3456 3806 4038 4076
2173 4 2 1 1 448 3293 3284 3904
2174 4 2 1 1 2101 1834 2102 3748
2175 4 2 1 1 2105 4114 3748 4145
2176 4 2 1 1 3701 4254 3900 4256
2177 4 2 1 1 3460 3480 3457 3504
2178 4 2 1 1 2612 3608 4227 4516
2179 4 2 1 1 1574 1528 1536 3878
2180 4 2 1 1 3527 3970 3758 4233
2181 4 2 1 1 1242 3872 1017 3983
2182 4 2 1 1 143 1427 2776 3744
2183 4 2 1 1 1717 1833 1834 4145
2184 4 2 1 1 1810 1807 1809 3990
2185 4 2 1 1 1251 1197 1689 3960
2186 4 2 1 1 3472 3920 4181 4186
2187 4 2 1 1 836 835 834 4425
2188 4 2 1 1 2177 3710 2353 4337
2189 4 2 1 1 2597 2467 1785 3852
2190 4 2 1 1 3455 4023 3806 4438
2191 4 2 1 1 3560 3540 3898 3961
2192 4 2 1 1 2083 2511 2082 3713
2193 4 2 1 1 3538 4222 3685 4273
2194 4 2 1 1 870 982 981 3912
2195 4 2 1 1 1396 1018 1575 3872
2196 4 2 1 1 282 281 3075 3871
2197 4 2 1 1 609 3526 3636 3714
2198 4 2 1 1 656 3545 3541 3775
2199 4 2 1 1 2004 2044 2043 3781
2200 4 2 1 1 2612 3608 1995 4227
2201 4 2 1 1 3474 3590 4055 4332
2202 4 2 1 1 470 469 3327 4264
2203 4 2 1 1 3509 3611 3571 3765
2204 4 2 1 1 1164 1163 1102 4302
2205 4 2 1 1 2059 2713 2060 3767
2206 4 2 1 1 1746 1828 1747 3768
2207 4 2 1 1 1469 1631 1630 3802
2208 4 2 1 1 84 2745 83 3855
2209 4 2 1 1 3467 3915 3836 4150
2210 4 2 1 1 1795 1793 1794 3820
2211 4 2 1 1 728 3969 3494 4174
2212 4 2 1 1 3461 3914 3554 4512
2213 4 2 1 1 3511 3595 3489 4357
2214 4 2 1 1 1702 77 78 3937
2215 4 2 1 1 3176 3173 3159 4361
2216 4 2 1 1 2006 3559 2008 3782
2217 4 2 1 1 3755 3955 3700 4134
2218 4 2 1 1 3516 3841 3837 4071
2219 4 2 1 1 638 3795 641 3844
2220 4 2 1 1 3306 3310 3307 4187
2221 4 2 1 1 1242 1036 1017 3872
2222 4 2 1 1 3509 3625 3717 3928
2223 4 2 1 1 3813 4050 3682 4228
2224 4 2 1 1 716 4197 3786 4244
2225 4 2 1 1 3701 4247 4144 4435
2226 4 2 1 1 311 3115 312 3945
2227 4 2 1 1 3955 4151 3471 4206
2228 4 2 1 1 1163 1162 4302 4320
2229 4 2 1 1 3923 4048 3565 4402
2230 4 2 1 1 3713 3924 3523 4207
2231 4 2 1 1 1005 1003 1029 4452
2232 4 2 1 1 3238 4000 3244 4446
2233 4 2 1 1 3473 3989 3558 4222
2234 4 2 1 1 2884 3537 3768 4420
2235 4 2 1 1 1471 1076 1560 3787
2236 4 2 1 1 3484 3670 3645 4193
2237 4 2 1 1 229 2974 2973 4007
2238 4 2 1 1 3792 3891 3462 4419
2239 4 2 1 1 41 808 42 3933
2240 4 2 1 1 3832 4038 3743 4470
2241 4 2 1 1 3670 4163 3645 4445
2242 4 2 1 1 2118 2130 3854 4089
2243 4 2 1 1 929 1296 3562 4010
2244 4 2 1 1 3448 4033 3918 4301
2245 4 2 1 1 327 1091 1380 1557
2246 4 2 1 1 257 3048 3049 4464
2247 4 2 1 1 3465 4083 3576 4365
2248 4 2 1 1 1038 982 985 3912
2249 4 2 1 1 875 850 1343 3842
2250 4 2 1 1 3513 3472 4021 4457
2251 4 2 1 1 87 2758 2754 4146
2252 4 2 1 1 3462 3696 3674 4336
2253 4 2 1 1 3499 3894 4186 4273
2254 4 2 1 1 2735 3698 2738 4421
2255 4 2 1 1 2868 2872 2878 4408
2256 4 2 1 1 2034 2671 4073 4114
2257 4 2 1 1 3207 22 3205 3962
2258 4 2 1 1 585 1573 586 4193
2259 4 2 1 1 2119 3764 3748 4114
2260 4 2 1 1 3900 3948 3555 4071
2261 4 2 1 1 1269 1605 1167 4484
2262 4 2 1 1 2393 2635 2624 3986
2263 4 2 1 1 764 750 3750 3934
2264 4 2 1 1 3601 3972 3882 4298
2265 4 2 1 1 2247 3919 1870 4343
2266 4 2 1 1 392 3938 4014 4285
2267 4 2 1 1 3938 4014 3518 4427
2268 4 2 1 1 3459 3658 3659 3770
2269 4 2 1 1 138 140 3809 4388
2270 4 2 1 1 1612 3622 582 4163
2271 4 2 1 1 3597 4013 3552 4470
2272 4 2 1 1 3519 3494 3699 4233
2273 4 2 1 1 480 479 3686 4165
2274 4 2 1 1 1209 938 868 3670
2275 4 2 1 1 4022 4182 3514 4232
2276 4 2 1 1 142 988 140 4307
2277 4 2 1 1 2510 3575 2041 3618
2278 4 2 1 1 1189 902 1246 4185
2279 4 2 1 1 3266 3275 3269 4125
2280 4 2 1 1 583 3906 3544 3971
2281 4 2 1 1 751 3909 3737 4122
2282 4 2 1 1 2410 3650 2134 4166
2283 4 2 1 1 3531 3462 4079 4336
2284 4 2 1 1 3258 32 3260 4000
2285 4 2 1 1 3259 3260 32 4000
2286 4 2 1 1 3606 3855 4285 4437
2287 4 2 1 1 3595 3511 3766 4357
2288 4 2 1 1 3471 3875 3700 3922
2289 4 2 1 1 711 3484 710 4176
2290 4 2 1 1 1812 2385 1774 3609
2291 4 2 1 1 2047 2350 2048 4067
2292 4 2 1 1 2609 2724 1925 3990
2293 4 2 1 1 836 837 835 4482
2294 4 2 1 1 3454 3468 3660 3872
2295 4 2 1 1 2105 2102 3748 4114
2296 4 2 1 1 487 486 3329 4126
2297 4 2 1 1 3971 4025 3578 4190
2298 4 2 1 1 3616 4174 652 4303
2299 4 2 1 1 3338 3339 3329 3804
2300 4 2 1 1 1782 2714 1781 3973
2301 4 2 1 1 1418 1164 1417 4159
2302 4 2 1 1 3763 4213 4214 4237
2303 4 2 1 1 1314 3840 3569 4167
2304 4 2 1 1 2587 3905 2382 4173
2305 4 2 1 1 931 1271 1228 4393
2306 4 2 1 1 3566 4170 2548 4405
2307 4 2 1 1 3909 3988 3451 4241
2308 4 2 1 1 1383 1247 968 4032
2309 4 2 1 1 3075 216 283 3871
2310 4 2 1 1 994 993 3983 4513
2311 4 2 1 1 290 289 3684 3722
2312 4 2 1 1 1269 876 1605 3860
2313 4 2 1 1 3453 3971 4090 4311
2314 4 2 1 1 2070 2067 2071 3501
2315 4 2 1 1 3951 4176 3484 4219
2316 4 2 1 1 1161 1613 1106 4100
2317 4 2 1 1 2600 2180 3700 4300
2318 4 2 1 1 4122 4177 3534 4241
2319 4 2 1 1 3489 4098 727 4458
2320 4 2 1 1 3606 3882 3674 4298
2321 4 2 1 1 3344 3337 3345 4235
2322 4 2 1 1 3641 3672 3666 4003
2323 4 2 1 1 585 4093 3587 4193
2324 4 2 1 1 3625 3509 3717 3793
2325 4 2 1 1 736 751 3707 4122
2326 4 2 1 1 3332 483 3328 4235
2327 4 2 1 1 2919 2918 2915 4005
2328 4 2 1 1 2943 3789 3681 4234
2329 4 2 1 1 3550 4267 3839 4523
2330 4 2 1 1 880 1430 826 3824
2331 4 2 1 1 3837 3841 3553 4071
2332 4 2 1 1 644 3972 3697 4506
2333 4 2 1 1 681 3573 3653 4316
2334 4 2 1 1 963 3850 1216 4493
2335 4 2 1 1 2223 2406 2224 3512
2336 4 2 1 1 2922 4240 2913 4400
2337 4 2 1 1 3457 3510 3460 3570
2338 4 2 1 1 3305 3309 3312 3777
2339 4 2 1 1 3685 4154 3487 4273
2340 4 2 1 1 3452 4079 3674 4336
2341 4 2 1 1 3502 3813 3682 4228
2342 4 2 1 1 3451 3832 3482 4470
2343 4 2 1 1 640 3601 3652 3829
2344 4 2 1 1 3748 3764 1835 4132
2345 4 2 1 1 1804 2424 1806 3706
2346 4 2 1 1 1524 1583 1537 3883
2347 4 2 1 1 422 3253 423 4061
2348 4 2 1 1 3868 4058 4398 4399
2349 4 2 1 1 1336 1338 1334 4127
2350 4 2 1 1 699 3552 678 4013
2351 4 2 1 1 2576 3920 4186 4450
2352 4 2 1 1 1923 1931 2647 3990
2353 4 2 1 1 3474 3456 3623 4332
2354 4 2 1 1 3513 3919 3753 4332
2355 4 2 1 1 594 3690 4292 4469
2356 4 2 1 1 1087 1694 1085 4479
2357 4 2 1 1 3839 4267 4090 4311
2358 4 2 1 1 3488 3906 3535 4374
2359 4 2 1 1 2557 2214 2213 3978
2360 4 2 1 1 3800 4013 3461 4086
2361 4 2 1 1 1961 2583 2510 4369
2362 4 2 1 1 1414 1305 1342 3966
2363 4 2 1 1 3549 3506 3716 3803
2364 4 2 1 1 3681 4365 3576 4440
2365 4 2 1 1 285 3727 286 3814
2366 4 2 1 1 3674 3972 3462 4306
2367 4 2 1 1 1891 4436 3974 4437
2368 4 2 1 1 1728 1727 1729 3446
2369 4 2 1 1 1242 978 1036 3872
2370 4 2 1 1 3019 4330 3640 4424
2371 4 2 1 1 3606 4272 3974 4438
2372 4 2 1 1 3299 443 3289 4039
2373 4 2 1 1 1388 921 4010 4155
2374 4 2 1 1 2969 2968 2966 3870
2375 4 2 1 1 1655 1122 1123 4393
2376 4 2 1 1 3517 3822 3882 4298
2377 4 2 1 1 3485 4124 3793 4463
2378 4 2 1 1 2940 2922 2939 4115
2379 4 2 1 1 1154 330 1146 1662
2380 4 2 1 1 994 1016 1018 3872
2381 4 2 1 1 884 1173 1171 4027
2382 4 2 1 1 3617 4260 3786 4291
2383 4 2 1 1 2910 4348 3605 4400
2384 4 2 1 1 1804 1806 1805 3706
2385 4 2 1 1 3504 3730 3562 4010
2386 4 2 1 1 582 4037 3635 4081
2387 4 2 1 1 2180 1887 3700 3955
2388 4 2 1 1 2234 2233 2239 3991
2389 4 2 1 1 3491 3510 3570 3607
2390 4 2 1 1 198 197 2951 3618
2391 4 2 1 1 750 3750 3934 4422
2392 4 2 1 1 3112 3104 3111 3945
2393 4 2 1 1 3505 3560 3540 3898
2394 4 2 1 1 2356 2288 2290 4169
2395 4 2 1 1 3646 3855 84 4285
2396 4 2 1 1 1967 2488 1996 4161
2397 4 2 1 1 275 195 178 3472
2398 4 2 1 1 3545 3686 3742 4165
2399 4 2 1 1 932 921 920 4156
2400 4 2 1 1 3759 3700 4083 4365
2401 4 2 1 1 303 302 3747 3798
2402 4 2 1 1 3597 3800 3552 4013
2403 4 2 1 1 1342 3809 3660 3966
2404 4 2 1 1 3601 3652 3882 3972
2405 4 2 1 1 3108 314 3105 3869
2406 4 2 1 1 2019 2020 2005 3899
2407 4 2 1 1 1111 1548 1116 4101
2408 4 2 1 1 370 4175 3829 4361
2409 4 2 1 1 3155 3154 3158 3771
2410 4 2 1 1 2869 2887 2888 4408
2411 4 2 1 1 994 3983 3872 4513
2412 4 2 1 1 2099 2627 3753 3942
2413 4 2 1 1 612 624 3625 4128
2414 4 2 1 1 1343 845 842 4068
2415 4 2 1 1 3024 241 3025 4323
2416 4 2 1 1 383 382 3183 4194
2417 4 2 1 1 749 748 4237 4422
2418 4 2 1 1 1297 1296 4010 4105
2419 4 2 1 1 2517 2197 1900 4508
2420 4 2 1 1 2523 2577 2392 3986
2421 4 2 1 1 985 1616 987 3762
2422 4 2 1 1 3806 3977 3832 4209
2423 4 2 1 1 473 4157 457 4224
2424 4 2 1 1 1887 3700 3955 4134
2425 4 2 1 1 366 3180 367 4368
2426 4 2 1 1 4071 4181 3456 4496
2427 4 2 1 1 1517 1574 356 1515
2428 4 2 1 1 2134 1837 2133 4145
2429 4 2 1 1 962 3615 1493 4108
2430 4 2 1 1 2098 1898 1899 3757
2431 4 2 1 1 664 638 654 4250
2432 4 2 1 1 4024 4122 3534 4324
2433 4 2 1 1 1733 4051 4067 4514
2434 4 2 1 1 3793 4128 3485 4463
2435 4 2 1 1 3097 291 289 3926
2436 4 2 1 1 3463 3475 3862 4202
2437 4 2 1 1 3806 3938 3518 4427
2438 4 2 1 1 3348 484 4126 4235
2439 4 2 1 1 2918 2926 2916 4005
2440 4 2 1 1 2485 2197 4223 4508
2441 4 2 1 1 3489 3595 4197 4357
2442 4 2 1 1 624 617 3625 4128
2443 4 2 1 1 2415 4073 2671 4206
2444 4 2 1 1 3681 3929 2942 4234
2445 4 2 1 1 1908 3846 2605 3854
2446 4 2 1 1 3341 3339 3338 3804
2447 4 2 1 1 2791 2804 2803 4132
2448 4 2 1 1 793 4024 3844 4315
2449 4 2 1 1 2896 3728 2895 4248
2450 4 2 1 1 714 726 728 3527
2451 4 2 1 1 3786 4260 3981 4291
2452 4 2 1 1 3599 3483 3860 4159
2453 4 2 1 1 3644 4020 2579 4021
2454 4 2 1 1 3563 3468 3872 4106
2455 4 2 1 1 3622 4163 4128 4224
2456 4 2 1 1 2027 2026 2415 4073
2457 4 2 1 1 3721 2930 3927 4358
2458 4 2 1 1 4277 4398 3772 4470
2459 4 2 1 1 2774 1559 143 947
2460 4 2 1 1 587 3652 3882 4175
2461 4 2 1 1 2700 2161 2162 4113
2462 4 2 1 1 626 617 724 4378
2463 4 2 1 1 3551 3832 3482 3988
2464 4 2 1 1 3761 4084 3594 4350
2465 4 2 1 1 402 403 3219 4268
2466 4 2 1 1 1686 939 941 4445
2467 4 2 1 1 3454 3468 3459 4513
2468 4 2 1 1 1584 1658 1109 4359
2469 4 2 1 1 1785 1788 2597 3820
2470 4 2 1 1 3472 4021 3920 4186
2471 4 2 1 1 3448 3923 4112 4502
2472 4 2 1 1 3076 280 279 4404
2473 4 2 1 1 2416 1855 1858 4215
2474 4 2 1 1 3795 3853 3844 4079
2475 4 2 1 1 3121 3122 3123 3740
2476 4 2 1 1 2607 2704 2609 4498
2477 4 2 1 1 2233 3604 2230 4282
2478 4 2 1 1 604 656 523 3541
2479 4 2 1 1 2386 3794 1937 4223
2480 4 2 1 1 3496 3617 4221 4260
2481 4 2 1 1 764 3818 3934 4152
2482 4 2 1 1 3453 4080 3993 4090
2483 4 2 1 1 951 3967 3658 4188
2484 4 2 1 1 3309 3308 3313 4187
2485 4 2 1 1 3674 3853 4079 4298
2486 4 2 1 1 3645 3670 3484 4163
2487 4 2 1 1 2519 2395 2523 4401
2488 4 2 1 1 2184 1746 1743 3768
2489 4 2 1 1 3522 3772 4398 4470
2490 4 2 1 1 3526 3714 4033 4048
2491 4 2 1 1 3602 3521 3825 4379
2492 4 2 1 1 1961 3619 2510 3930
2493 4 2 1 1 3457 3491 3562 3730
2494 4 2 1 1 2671 4134 1936 4206
2495 4 2 1 1 2211 2205 2209 4184
2496 4 2 1 1 3278 3720 3630 4125
2497 4 2 1 1 833 1265 830 3845
2498 4 2 1 1 3635 4037 3622 4081
2499 4 2 1 1 729 717 4130 4465
2500 4 2 1 1 2006 2004 2003 3705
2501 4 2 1 1 2103 3623 4038 4076
2502 4 2 1 1 2314 3598 2312 4364
2503 4 2 1 1 3563 3872 1649 4106
2504 4 2 1 1 3799 3860 3483 4129
2505 4 2 1 1 3462 4079 3674 4306
2506 4 2 1 1 3477 4048 3448 4402
2507 4 2 1 1 3587 3951 3749 4001
2508 4 2 1 1 2517 2512 4228 4508
2509 4 2 1 1 590 35 3655 3908
2510 4 2 1 1 142 3542 4063 4307
2511 4 2 1 1 3862 4077 3728 4248
2512 4 2 1 1 2129 3856 2514 3922
2513 4 2 1 1 3675 4098 3496 4244
2514 4 2 1 1 3122 3121 324 3740
2515 4 2 1 1 3460 3457 3491 3562
2516 4 2 1 1 2596 4110 3760 4433
2517 4 2 1 1 3594 3904 3638 4039
2518 4 2 1 1 362 3177 363 4368
2519 4 2 1 1 2358 2708 2063 4376
2520 4 2 1 1 2353 3710 2351 4051
2521 4 2 1 1 3466 3838 3576 3875
2522 4 2 1 1 3066 284 285 3814
2523 4 2 1 1 3890 4064 3450 4066
2524 4 2 1 1 1168 1417 3599 4384
2525 4 2 1 1 3461 3934 3818 4152
2526 4 2 1 1 3554 3701 3900 4256
2527 4 2 1 1 1316 821 901 4371
2528 4 2 1 1 1641 1193 943 3749
2529 4 2 1 1 1303 3491 1414 3966
2530 4 2 1 1 3614 3846 3800 4441
2531 4 2 1 1 3484 4163 3622 4176
2532 4 2 1 1 1492 1356 1219 4296
2533 4 2 1 1 437 4075 438 4125
2534 4 2 1 1 3158 3771 3154 3984
2535 4 2 1 1 3449 4176 4022 4232
2536 4 2 1 1 1269 3799 876 3860
2537 4 2 1 1 3622 4081 4163 4224
2538 4 2 1 1 2171 1927 1926 3637
2539 4 2 1 1 3477 3694 3536 3823
2540 4 2 1 1 992 3821 3660 4318
2541 4 2 1 1 1689 1195 1202 4102
2542 4 2 1 1 1372 854 852 3842
2543 4 2 1 1 2516 3664 2218 4461
2544 4 2 1 1 657 635 4070 4229
2545 4 2 1 1 747 3792 749 4237
2546 4 2 1 1 2874 4492 4275 4501
2547 4 2 1 1 749 752 762 3795
2548 4 2 1 1 2904 2865 2867 4409
2549 4 2 1 1 2106 1935 4134 4145
2550 4 2 1 1 3047 3042 3036 3715
2551 4 2 1 1 3129 337 338 4211
2552 4 2 1 1 2041 2111 2028 4369
2553 4 2 1 1 738 3750 761 4196
2554 4 2 1 1 144 2776 1427 3744
2555 4 2 1 1 1574 356 1527 1517
2556 4 2 1 1 3524 3694 3638 3811
2557 4 2 1 1 2862 2875 2864 4492
2558 4 2 1 1 1269 1612 3799 4485
2559 4 2 1 1 1225 3564 954 4129
2560 4 2 1 1 677 676 678 4441
2561 4 2 1 1 1448 1450 1449 4261
2562 4 2 1 1 3481 3876 3592 3942
2563 4 2 1 1 1079 1074 1077 4017
2564 4 2 1 1 751 750 3737 3750
2565 4 2 1 1 470 3306 3307 4187
2566 4 2 1 1 3635 3773 4269 4449
2567 4 2 1 1 3698 3896 2734 4421
2568 4 2 1 1 661 3891 758 4064
2569 4 2 1 1 675 689 672 4143
2570 4 2 1 1 3131 3132 3130 3879
2571 4 2 1 1 3946 2611 4050 4293
2572 4 2 1 1 3969 4093 3627 4174
2573 4 2 1 1 3195 3182 378 3732
2574 4 2 1 1 604 656 3541 3775
2575 4 2 1 1 1269 3799 3860 4485
2576 4 2 1 1 3458 4089 3923 4112
2577 4 2 1 1 3763 4213 3890 4214
2578 4 2 1 1 3737 4177 4122 4241
2579 4 2 1 1 3836 3539 4112 4502
2580 4 2 1 1 125 126 2749 4031
2581 4 2 1 1 1040 3949 4347 4459
2582 4 2 1 1 3458 4089 3856 4137
2583 4 2 1 1 2197 4382 4223 4508
2584 4 2 1 1 3786 4147 593 4357
2585 4 2 1 1 345 3905 3713 4407
2586 4 2 1 1 3549 3467 3803 4220
2587 4 2 1 1 3919 3991 3753 4343
2588 4 2 1 1 3514 4037 3912 4485
2589 4 2 1 1 35 3655 3675 4329
2590 4 2 1 1 2130 3854 4089 4370
2591 4 2 1 1 1301 3730 911 4105
2592 4 2 1 1 3449 3848 3662 4097
2593 4 2 1 1 3552 4399 3482 4470
2594 4 2 1 1 3495 3538 3528 3798
2595 4 2 1 1 1168 1260 1417 4384
2596 4 2 1 1 3665 4006 3803 4140
2597 4 2 1 1 203 3151 3153 3965
2598 4 2 1 1 2875 3876 2864 4492
2599 4 2 1 1 3487 3528 3520 3585
2600 4 2 1 1 641 3844 3795 3853
2601 4 2 1 1 3675 3496 3981 4357
2602 4 2 1 1 3451 3976 4196 4507
2603 4 2 1 1 776 3703 691 4058
2604 4 2 1 1 602 3672 4003 4270
2605 4 2 1 1 3505 4077 3475 4314
2606 4 2 1 1 1519 1521 356 1583
2607 4 2 1 1 373 3830 3174 3982
2608 4 2 1 1 3475 4202 3463 4272
2609 4 2 1 1 302 3709 3747 3798
2610 4 2 1 1 1730 1728 1729 3446
2611 4 2 1 1 4192 4214 4213 4237
2612 4 2 1 1 985 3912 3762 4290
2613 4 2 1 1 2557 2213 2425 3978
2614 4 2 1 1 3049 3048 3036 4464
2615 4 2 1 1 1103 1409 1474 3827
2616 4 2 1 1 3495 3478 3900 4435
2617 4 2 1 1 2719 2227 2228 4494
2618 4 2 1 1 421 420 3252 3743
2619 4 2 1 1 1591 3960 1251 4026
2620 4 2 1 1 1386 3730 1387 4486
2621 4 2 1 1 2485 2197 1941 4223
2622 4 2 1 1 274 3684 273 3751
2623 4 2 1 1 3532 3695 3500 4483
2624 4 2 1 1 3750 3909 761 4196
2625 4 2 1 1 3524 3594 3694 3811
2626 4 2 1 1 761 3750 751 3909
2627 4 2 1 1 2605 3854 3846 4149
2628 4 2 1 1 3463 3455 3974 4272
2629 4 2 1 1 3587 4093 3591 4193
2630 4 2 1 1 3496 3908 3662 4465
2631 4 2 1 1 623 3635 3672 4269
2632 4 2 1 1 670 602 3641 4003
2633 4 2 1 1 3481 3841 3648 3849
2634 4 2 1 1 2145 2160 2148 4500
2635 4 2 1 1 739 758 754 4064
2636 4 2 1 1 3527 3877 3969 4142
2637 4 2 1 1 2878 2870 2868 4409
2638 4 2 1 1 709 4022 3622 4182
2639 4 2 1 1 3510 3643 3460 3731
2640 4 2 1 1 2417 2336 2030 4516
2641 4 2 1 1 3836 3915 4112 4150
2642 4 2 1 1 3536 3823 674 3958
2643 4 2 1 1 3477 3761 3526 4048
2644 4 2 1 1 2596 3760 2354 4210
2645 4 2 1 1 3486 3744 3658 3770
2646 4 2 1 1 871 1250 872 3752
2647 4 2 1 1 1216 963 1217 3850
2648 4 2 1 1 2903 3664 181 4051
2649 4 2 1 1 3478 3632 3528 4220
2650 4 2 1 1 3617 3970 3527 4468
2651 4 2 1 1 1240 1219 4296 4352
2652 4 2 1 1 1294 1295 913 4105
2653 4 2 1 1 3484 3591 3587 4463
2654 4 2 1 1 3606 3855 3882 4298
2655 4 2 1 1 3046 3704 4243 4397
2656 4 2 1 1 1946 2652 1891 3974
2657 4 2 1 1 3532 3500 3696 4483
2658 4 2 1 1 1616 984 4484 4485
2659 4 2 1 1 872 3877 3752 3970
2660 4 2 1 1 991 3660 992 3821
2661 4 2 1 1 1882 3759 1884 4082
2662 4 2 1 1 736 751 760 3707
2663 4 2 1 1 764 3750 738 4152
2664 4 2 1 1 3707 3534 4122 4177
2665 4 2 1 1 2864 2887 2866 4408
2666 4 2 1 1 2839 2842 2841 4121
2667 4 2 1 1 3841 3849 3481 4309
2668 4 2 1 1 731 626 724 4378
2669 4 2 1 1 3645 4163 1262 4445
2670 4 2 1 1 1881 1878 2659 3759
2671 4 2 1 1 3576 4365 4083 4440
2672 4 2 1 1 2067 3501 2070 3965
2673 4 2 1 1 872 3877 3970 4504
2674 4 2 1 1 3537 3768 3760 4492
2675 4 2 1 1 2004 2457 2001 3781
2676 4 2 1 1 614 603 739 3890
2677 4 2 1 1 3541 3544 3488 4229
2678 4 2 1 1 3958 4086 3536 4402
2679 4 2 1 1 3079 3088 3091 3980
2680 4 2 1 1 2700 2699 2157 3885
2681 4 2 1 1 1436 1437 1475 3907
2682 4 2 1 1 3131 3130 3596 3879
2683 4 2 1 1 4151 4201 4154 4251
2684 4 2 1 1 3530 3831 3532 3913
2685 4 2 1 1 985 4290 3762 4459
2686 4 2 1 1 474 3745 475 3776
2687 4 2 1 1 1970 2660 2619 4099
2688 4 2 1 1 1818 1875 2045 4190
2689 4 2 1 1 376 3170 375 3699
2690 4 2 1 1 3616 3627 3626 3982
2691 4 2 1 1 3467 4057 3549 4266
2692 4 2 1 1 333 3813 3637 4036
2693 4 2 1 1 3559 2008 3782 3894
2694 4 2 1 1 3451 3482 3832 3988
2695 4 2 1 1 3262 3271 432 4305
2696 4 2 1 1 3662 4009 3908 4389
2697 4 2 1 1 1997 2419 2612 4516
2698 4 2 1 1 3459 3454 3510 4117
2699 4 2 1 1 3248 3810 409 4096
2700 4 2 1 1 1946 3757 3858 3974
2701 4 2 1 1 3552 3868 4245 4398
2702 4 2 1 1 3515 3486 3824 3845
2703 4 2 1 1 2404 2403 2615 4179
2704 4 2 1 1 1552 994 1018 3660
2705 4 2 1 1 2371 2372 2373 3796
2706 4 2 1 1 979 980 1573 4106
2707 4 2 1 1 3467 3895 3692 4150
2708 4 2 1 1 443 3719 444 3733
2709 4 2 1 1 3205 3206 380 3962
2710 4 2 1 1 2130 584 3761 4089
2711 4 2 1 1 243 3026 244 4323
2712 4 2 1 1 814 1331 1395 3998
2713 4 2 1 1 3562 3730 3491 4010
2714 4 2 1 1 2753 126 125 4031
2715 4 2 1 1 3722 3747 290 4052
2716 4 2 1 1 2530 2528 2423 4113
2717 4 2 1 1 773 3999 3703 4353
2718 4 2 1 1 2423 2532 2531 4476
2719 4 2 1 1 658 633 645 4191
2720 4 2 1 1 1050 3679 1331 3998
2721 4 2 1 1 3522 4146 3772 4277
2722 4 2 1 1 3544 4287 4080 4411
2723 4 2 1 1 4073 4134 2671 4206
2724 4 2 1 1 595 4038 3979 4427
2725 4 2 1 1 4254 4255 3739 4256
2726 4 2 1 1 1721 1724 2117 4067
2727 4 2 1 1 1297 1554 1301 4010
2728 4 2 1 1 3717 3928 3776 4288
2729 4 2 1 1 587 3882 3464 3947
2730 4 2 1 1 3531 4079 3936 4418
2731 4 2 1 1 1695 1364 1331 3679
2732 4 2 1 1 916 3998 1034 4410
2733 4 2 1 1 3553 3900 3555 4071
2734 4 2 1 1 3539 3692 3895 4150
2735 4 2 1 1 793 4087 4024 4315
2736 4 2 1 1 3520 4201 3487 4358
2737 4 2 1 1 3892 4175 369 4361
2738 4 2 1 1 3836 3685 4222 4502
2739 4 2 1 1 3541 3545 599 4229
2740 4 2 1 1 654 638 641 3844
2741 4 2 1 1 1934 1808 2724 3990
2742 4 2 1 1 3506 3681 3754 4012
2743 4 2 1 1 623 3672 602 4269
2744 4 2 1 1 3461 3914 3614 4325
2745 4 2 1 1 4024 4177 3707 4418
2746 4 2 1 1 3603 3699 4233 4469
2747 4 2 1 1 324 323 3122 3740
2748 4 2 1 1 939 4445 1686 4475
2749 4 2 1 1 3096 4052 3083 4236
2750 4 2 1 1 3484 4128 3793 4463
2751 4 2 1 1 1150 1228 1271 4393
2752 4 2 1 1 3466 3681 3665 4365
2753 4 2 1 1 872 974 973 4504
2754 4 2 1 1 1746 1747 1745 3768
2755 4 2 1 1 2706 3806 596 3858
2756 4 2 1 1 3481 4077 3994 4202
2757 4 2 1 1 1588 1479 1478 4359
2758 4 2 1 1 4086 4152 682 4507
2759 4 2 1 1 3531 3791 3696 4336
2760 4 2 1 1 714 4283 3969 4284
2761 4 2 1 1 3683 4021 3472 4186
2762 4 2 1 1 820 902 1648 4331
2763 4 2 1 1 1675 1614 1092 3907
2764 4 2 1 1 2844 2842 2839 4121
2765 4 2 1 1 3475 3994 4077 4202
2766 4 2 1 1 836 835 4425 4482
2767 4 2 1 1 2242 3579 2239 3991
2768 4 2 1 1 1061 1063 1065 4167
2769 4 2 1 1 46 811 45 3752
2770 4 2 1 1 1245 966 1429 3819
2771 4 2 1 1 3500 3791 3790 4057
2772 4 2 1 1 954 3643 1416 4129
2773 4 2 1 1 3244 3239 3810 4000
2774 4 2 1 1 3454 3459 3510 4377
2775 4 2 1 1 858 358 859 1234
2776 4 2 1 1 362 3155 3168 3771
2777 4 2 1 1 3630 3275 4125 4308
2778 4 2 1 1 3862 4077 3592 4202
2779 4 2 1 1 3338 3346 474 4111
2780 4 2 1 1 3473 3989 3920 4181
2781 4 2 1 1 3645 3799 4163 4176
2782 4 2 1 1 587 588 3464 4506
2783 4 2 1 1 1073 1620 1495 4017
2784 4 2 1 1 726 728 4233 4439
2785 4 2 1 1 745 3763 746 3818
2786 4 2 1 1 3606 4293 3882 4436
2787 4 2 1 1 1035 1034 970 3998
2788 4 2 1 1 590 3908 3676 4316
2789 4 2 1 1 2174 3637 2171 4289
2790 4 2 1 1 137 2835 135 4380
2791 4 2 1 1 3076 3075 280 4404
2792 4 2 1 1 2241 2719 2228 3644
2793 4 2 1 1 451 3904 3290 4217
2794 4 2 1 1 4135 4142 3848 4468
2795 4 2 1 1 3585 3709 300 4406
2796 4 2 1 1 3466 3576 3507 3754
2797 4 2 1 1 3786 3981 3496 4357
2798 4 2 1 1 2651 2396 2013 3985
2799 4 2 1 1 3773 3911 3672 4242
2800 4 2 1 1 3763 4237 3934 4255
2801 4 2 1 1 345 3905 3149 4200
2802 4 2 1 1 1188 1647 1421 4028
2803 4 2 1 1 1995 1996 1998 4227
2804 4 2 1 1 1405 3660 1342 3809
2805 4 2 1 1 2914 3929 2935 4240
2806 4 2 1 1 1334 1335 1287 4127
2807 4 2 1 1 3518 3708 4014 4285
2808 4 2 1 1 590 589 3908 4316
2809 4 2 1 1 3459 3660 3542 3809
2810 4 2 1 1 3793 4124 3484 4463
2811 4 2 1 1 4228 4382 2517 4508
2812 4 2 1 1 2864 2875 2887 3876
2813 4 2 1 1 754 3792 747 4237
2814 4 2 1 1 3591 3670 3484 4193
2815 4 2 1 1 659 4174 4093 4284
2816 4 2 1 1 3737 4177 3554 4256
2817 4 2 1 1 1764 1766 1765 4065
2818 4 2 1 1 2865 2863 2864 4492
2819 4 2 1 1 3532 3831 3475 4272
2820 4 2 1 1 443 3299 444 4039
2821 4 2 1 1 3524 3761 3594 4350
2822 4 2 1 1 1332 1225 1227 4129
2823 4 2 1 1 1871 1863 2103 4343
2824 4 2 1 1 2024 2021 2041 3899
2825 4 2 1 1 1273 1232 1342 3966
2826 4 2 1 1 380 381 3205 3962
2827 4 2 1 1 3913 4247 3701 4412
2828 4 2 1 1 3622 4081 3625 4128
2829 4 2 1 1 3496 3675 3908 4098
2830 4 2 1 1 3640 3898 3540 3961
2831 4 2 1 1 290 3089 3096 4052
2832 4 2 1 1 3454 3459 3660 4513
2833 4 2 1 1 356 1527 1517 1519
2834 4 2 1 1 1603 3602 924 4379
2835 4 2 1 1 2381 2168 2639 3624
2836 4 2 1 1 3470 4247 3701 4435
2837 4 2 1 1 1242 3872 3983 4104
2838 4 2 1 1 3592 4077 3481 4202
2839 4 2 1 1 972 3752 872 3877
2840 4 2 1 1 4098 4458 3676 4460
2841 4 2 1 1 3759 3875 3700 4365
2842 4 2 1 1 3550 3692 3993 4057
2843 4 2 1 1 1096 1624 1471 4017
2844 4 2 1 1 3666 4138 4003 4467
2845 4 2 1 1 3740 3783 4018 4227
2846 4 2 1 1 3606 4148 4094 4438
2847 4 2 1 1 1863 3623 2103 4343
2848 4 2 1 1 3581 608 4081 4287
2849 4 2 1 1 1037 965 1224 3867
2850 4 2 1 1 2618 2703 4515 4516
2851 4 2 1 1 268 3040 269 4131
2852 4 2 1 1 3494 4233 728 4439
2853 4 2 1 1 1529 1534 1532 4473
2854 4 2 1 1 1481 1453 1470 4261
2855 4 2 1 1 3874 4280 44 4434
2856 4 2 1 1 1270 140 138 2771
2857 4 2 1 1 3581 4287 3544 4411
2858 4 2 1 1 3623 4076 2103 4343
2859 4 2 1 1 329 1444 1465 1443
2860 4 2 1 1 2273 2384 2272 4259
2861 4 2 1 1 3841 3994 3481 4077
2862 4 2 1 1 3992 4040 1049 4379
2863 4 2 1 1 3095 304 303 4052
2864 4 2 1 1 1247 4032 902 4331
2865 4 2 1 1 802 4024 3518 4324
2866 4 2 1 1 3509 3612 3485 4453
2867 4 2 1 1 2174 2559 2171 3637
2868 4 2 1 1 3622 4022 709 4176
2869 4 2 1 1 3670 4001 3645 4193
2870 4 2 1 1 3520 3557 3487 4251
2871 4 2 1 1 3466 3506 3576 3754
2872 4 2 1 1 3481 3648 3592 3876
2873 4 2 1 1 3456 3474 4071 4309
2874 4 2 1 1 3831 4247 3913 4412
2875 4 2 1 1 1828 1747 3768 4110
2876 4 2 1 1 645 4093 3652 4506
2877 4 2 1 1 3124 3116 322 3740
2878 4 2 1 1 356 1527 1519 1583
2879 4 2 1 1 776 3833 3703 4058
2880 4 2 1 1 477 3775 476 3889
2881 4 2 1 1 3657 3824 3486 3845
2882 4 2 1 1 3451 4399 3976 4507
2883 4 2 1 1 1037 4001 1411 4108
2884 4 2 1 1 648 3891 4070 4419
2885 4 2 1 1 1104 1584 1115 4360
2886 4 2 1 1 3829 3910 3601 4495
2887 4 2 1 1 3488 3450 4070 4229
2888 4 2 1 1 3508 4242 3671 4345
2889 4 2 1 1 588 4165 3917 4506
2890 4 2 1 1 2330 2329 3682 3880
2891 4 2 1 1 1409 1433 1434 4360
2892 4 2 1 1 1999 4161 2000 4227
2893 4 2 1 1 644 4165 3736 4506
2894 4 2 1 1 3485 3509 3793 4124
2895 4 2 1 1 3484 4128 3622 4163
2896 4 2 1 1 1927 1924 3706 4036
2897 4 2 1 1 3488 3745 3535 3906
2898 4 2 1 1 3518 4024 802 4087
2899 4 2 1 1 582 3636 3635 4037
2900 4 2 1 1 760 749 762 3936
2901 4 2 1 1 2330 3464 3917 4059
2902 4 2 1 1 3310 3323 3320 4488
2903 4 2 1 1 1142 1678 1140 3903
2904 4 2 1 1 959 960 1564 4493
2905 4 2 1 1 479 480 464 4191
2906 4 2 1 1 3638 3811 3694 4413
2907 4 2 1 1 952 951 955 3996
2908 4 2 1 1 3018 254 255 4386
2909 4 2 1 1 593 3981 3786 4357
2910 4 2 1 1 3707 4122 3737 4177
2911 4 2 1 1 3154 364 3163 3984
2912 4 2 1 1 766 740 664 4250
2913 4 2 1 1 1612 582 3622 4232
2914 4 2 1 1 3977 3831 4247 4417
2915 4 2 1 1 3595 3766 3511 3999
2916 4 2 1 1 138 2846 140 4388
2917 4 2 1 1 3846 4149 3800 4441
2918 4 2 1 1 1437 1440 1475 3907
2919 4 2 1 1 2415 2034 2671 4073
2920 4 2 1 1 487 3329 3339 3804
2921 4 2 1 1 243 244 3005 4323
2922 4 2 1 1 104 105 2820 4132
2923 4 2 1 1 3450 3550 3839 4523
2924 4 2 1 1 2898 3472 179 3513
2925 4 2 1 1 3173 3164 3159 3984
2926 4 2 1 1 993 3821 881 4107
2927 4 2 1 1 1881 3759 1876 4300
2928 4 2 1 1 391 392 4014 4263
2929 4 2 1 1 848 1697 1545 4198
2930 4 2 1 1 587 3464 2463 3947
2931 4 2 1 1 1054 1055 1056 4040
2932 4 2 1 1 1036 1016 1017 3872
2933 4 2 1 1 1048 1431 930 4379
2934 4 2 1 1 3488 4070 3545 4229
2935 4 2 1 1 582 3622 4081 4163
2936 4 2 1 1 2209 2213 2212 4184
2937 4 2 1 1 3743 3832 3551 4038
2938 4 2 1 1 3474 4309 3456 4332
2939 4 2 1 1 3496 3981 3617 4260
2940 4 2 1 1 2653 1851 2110 3859
2941 4 2 1 1 740 3795 638 4250
2942 4 2 1 1 585 3587 4093 4432
2943 4 2 1 1 3507 3790 3695 4483
2944 4 2 1 1 3448 4048 3923 4402
2945 4 2 1 1 4094 4336 3831 4417
2946 4 2 1 1 2882 176 3756 4265
2947 4 2 1 1 1095 1695 3679 4180
2948 4 2 1 1 1278 1491 1079 3649
2949 4 2 1 1 2948 2951 197 3575
2950 4 2 1 1 3948 4181 4071 4496
2951 4 2 1 1 868 3874 867 4403
2952 4 2 1 1 1985 2451 2340 3847
2953 4 2 1 1 1035 1049 1050 3807
2954 4 2 1 1 3566 4083 4082 4348
2955 4 2 1 1 3627 3982 3829 4361
2956 4 2 1 1 2592 2030 2013 4515
2957 4 2 1 1 488 3349 487 3804
2958 4 2 1 1 2569 1986 2571 4500
2959 4 2 1 1 2159 3642 2150 4500
2960 4 2 1 1 3604 3995 2230 4282
2961 4 2 1 1 3138 201 3140 4211
2962 4 2 1 1 651 3627 3616 3829
2963 4 2 1 1 1017 3872 1016 3983
2964 4 2 1 1 686 4138 3666 4467
2965 4 2 1 1 1812 2386 3609 3794
2966 4 2 1 1 3831 4314 3470 4412
2967 4 2 1 1 1995 3608 1966 4091
2968 4 2 1 1 2953 189 2944 3789
2969 4 2 1 1 3209 401 3208 4268
2970 4 2 1 1 1892 1893 3946 3974
2971 4 2 1 1 3488 3906 3578 4090
2972 4 2 1 1 3467 4057 3692 4220
2973 4 2 1 1 1269 1261 1612 4485
2974 4 2 1 1 3193 384 383 3873
2975 4 2 1 1 2836 2843 2853 4388
2976 4 2 1 1 136 138 3809 4109
2977 4 2 1 1 3008 3005 3009 4323
2978 4 2 1 1 3613 3868 3833 4058
2979 4 2 1 1 2047 1723 1726 4067
2980 4 2 1 1 3478 4253 3692 4254
2981 4 2 1 1 753 4152 683 4431
2982 4 2 1 1 4091 4161 1995 4227
2983 4 2 1 1 3480 4009 3762 4208
2984 4 2 1 1 1317 884 3657 4185
2985 4 2 1 1 2005 2006 2003 3705
2986 4 2 1 1 3451 3988 3832 4209
2987 4 2 1 1 743 744 735 3890
2988 4 2 1 1 388 372 3711 4060
2989 4 2 1 1 3453 3856 3971 4510
2990 4 2 1 1 2910 3605 3748 4400
2991 4 2 1 1 3500 3790 3549 4057
2992 4 2 1 1 1329 876 1262 3799
2993 4 2 1 1 3012 3024 3025 4323
2994 4 2 1 1 923 1603 922 4155
2995 4 2 1 1 3450 4066 4064 4229
2996 4 2 1 1 1800 2599 1802 3859
2997 4 2 1 1 3019 3640 3887 3961
2998 4 2 1 1 3535 3488 3545 3889
2999 4 2 1 1 3526 3719 3525 3733
3000 4 2 1 1 2517 1900 2512 4508
3001 4 2 1 1 3482 3451 3976 3988
3002 4 2 1 1 3480 3460 3533 3562
3003 4 2 1 1 3449 3799 3600 3860
3004 4 2 1 1 2596 3760 4210 4433
3005 4 2 1 1 1037 946 1410 4108
3006 4 2 1 1 2026 4073 2027 4281
3007 4 2 1 1 1050 1051 1377 4040
3008 4 2 1 1 1488 1019 4103 4351
3009 4 2 1 1 4197 4244 3489 4357
3010 4 2 1 1 1612 4232 3799 4485
3011 4 2 1 1 690 4196 3976 4507
3012 4 2 1 1 3459 3564 3510 3659
3013 4 2 1 1 1414 3491 3863 3966
3014 4 2 1 1 1175 1413 1696 4041
3015 4 2 1 1 3475 3505 3862 4077
3016 4 2 1 1 3709 3721 3520 4358
3017 4 2 1 1 790 772 736 4250
3018 4 2 1 1 3614 3846 3685 4149
3019 4 2 1 1 3071 273 275 4054
3020 4 2 1 1 1885 2548 2585 4082
3021 4 2 1 1 3562 3577 929 4367
3022 4 2 1 1 3470 3994 3841 4314
3023 4 2 1 1 825 824 822 4371
3024 4 2 1 1 594 4292 4291 4469
3025 4 2 1 1 3462 3972 3697 4306
3026 4 2 1 1 2276 2278 2284 4259
3027 4 2 1 1 2512 2096 2517 4228
3028 4 2 1 1 355 1425 1512 1510
3029 4 2 1 1 3469 3853 4315 4462
3030 4 2 1 1 3484 3587 4283 4463
3031 4 2 1 1 1797 1796 2109 3859
3032 4 2 1 1 3455 3463 4202 4272
3033 4 2 1 1 24 4175 369 4432
3034 4 2 1 1 1884 2180 1887 3700
3035 4 2 1 1 2884 2875 3537 4420
3036 4 2 1 1 3129 3706 3879 4211
3037 4 2 1 1 3645 4001 3670 4445
3038 4 2 1 1 2082 2511 2694 3713
3039 4 2 1 1 2425 2426 2222 3978
3040 4 2 1 1 954 3564 3643 4129
3041 4 2 1 1 3520 3721 3927 4358
3042 4 2 1 1 1645 3840 1314 4302
3043 4 2 1 1 3481 3753 3648 3942
3044 4 2 1 1 251 3961 3898 4424
3045 4 2 1 1 3520 3834 3487 4201
3046 4 2 1 1 746 3934 3763 4237
3047 4 2 1 1 699 4013 682 4399
3048 4 2 1 1 473 3341 474 3906
3049 4 2 1 1 3114 224 3115 3944
3050 4 2 1 1 3674 4079 3853 4306
3051 4 2 1 1 3284 3283 449 3904
3052 4 2 1 1 660 3795 752 4257
3053 4 2 1 1 864 1643 1308 4102
3054 4 2 1 1 1248 1021 1590 3725
3055 4 2 1 1 3174 3830 3162 3984
3056 4 2 1 1 2682 2683 1784 3852
3057 4 2 1 1 609 613 4033 4411
3058 4 2 1 1 3555 3989 3590 4181
3059 4 2 1 1 982 3912 870 4485
3060 4 2 1 1 2608 3135 2477 111
3061 4 2 1 1 1116 1548 1228 4393
3062 4 2 1 1 3194 3708 390 4503
3063 4 2 1 1 2565 2668 2161 4113
3064 4 2 1 1 1307 1644 861 4518
3065 4 2 1 1 3451 3482 3976 4399
3066 4 2 1 1 130 814 1395 3998
3067 4 2 1 1 1252 1025 1253 4104
3068 4 2 1 1 875 1390 1372 4074
3069 4 2 1 1 2893 2907 2872 4248
3070 4 2 1 1 3451 4399 4013 4470
3071 4 2 1 1 2877 2880 3841 4265
3072 4 2 1 1 1419 1036 978 3872
3073 4 2 1 1 2834 2852 2849 4119
3074 4 2 1 1 1891 2652 2124 4438
3075 4 2 1 1 1928 2723 2132 4289
3076 4 2 1 1 3832 3948 3456 4496
3077 4 2 1 1 3465 3838 4059 4322
3078 4 2 1 1 2177 2245 2255 4338
3079 4 2 1 1 640 3601 643 3652
3080 4 2 1 1 1221 1026 1023 3673
3081 4 2 1 1 953 1332 955 3996
3082 4 2 1 1 852 850 875 3842
3083 4 2 1 1 1724 2176 2117 4067
3084 4 2 1 1 1910 3854 1909 4258
3085 4 2 1 1 2930 3834 2931 3927
3086 4 2 1 1 2579 2719 2241 3644
3087 4 2 1 1 3504 4009 1292 4347
3088 4 2 1 1 2943 2953 2944 3789
3089 4 2 1 1 3452 4148 3469 4315
3090 4 2 1 1 1097 1496 1495 3787
3091 4 2 1 1 3571 3611 3509 3735
3092 4 2 1 1 4023 4024 3518 4315
3093 4 2 1 1 3457 3460 3483 4208
3094 4 2 1 1 3635 623 3672 3911
3095 4 2 1 1 3648 3991 3753 4276
3096 4 2 1 1 588 480 4165 4191
3097 4 2 1 1 2063 2632 2358 3805
3098 4 2 1 1 632 4257 3891 4306
3099 4 2 1 1 1763 4065 1765 4166
3100 4 2 1 1 1239 593 4260 4291
3101 4 2 1 1 1875 2045 4190 4322
3102 4 2 1 1 712 4176 4022 4219
3103 4 2 1 1 790 736 755 4250
3104 4 2 1 1 3833 3868 3703 4058
3105 4 2 1 1 2628 2142 2122 4335
3106 4 2 1 1 332 331 328 3602
3107 4 2 1 1 3579 3537 4210 4492
3108 4 2 1 1 313 3115 224 3945
3109 4 2 1 1 2888 2886 2897 3862
3110 4 2 1 1 3603 3830 3712 4047
3111 4 2 1 1 2932 2910 3605 3884
3112 4 2 1 1 3559 3899 3503 4004
3113 4 2 1 1 3532 3696 3913 4336
3114 4 2 1 1 3652 3882 3972 4506
3115 4 2 1 1 3625 3622 4128 4224
3116 4 2 1 1 1884 4082 3700 4170
3117 4 2 1 1 3809 3966 3863 4377
3118 4 2 1 1 3517 3822 3646 3855
3119 4 2 1 1 3606 4285 4148 4437
3120 4 2 1 1 1060 1191 1681 4180
3121 4 2 1 1 1968 1965 2502 4091
3122 4 2 1 1 3519 3698 3752 4443
3123 4 2 1 1 1554 1302 1301 4010
3124 4 2 1 1 2962 2963 215 3677
3125 4 2 1 1 1269 3860 1605 4484
3126 4 2 1 1 2001 2003 2004 3705
3127 4 2 1 1 372 3174 3173 3982
3128 4 2 1 1 1882 1878 3759 4490
3129 4 2 1 1 592 591 4316 4441
3130 4 2 1 1 207 3132 3131 4133
3131 4 2 1 1 939 1686 944 4475
3132 4 2 1 1 333 2478 2187 4036
3133 4 2 1 1 382 383 3962 4194
3134 4 2 1 1 2932 3605 2910 4348
3135 4 2 1 1 3116 3123 3122 3740
3136 4 2 1 1 3539 3895 3739 3914
3137 4 2 1 1 3479 4057 3549 4220
3138 4 2 1 1 596 3806 3938 4438
3139 4 2 1 1 1164 1102 1565 4302
3140 4 2 1 1 2964 2961 2965 3887
3141 4 2 1 1 140 142 3542 3770
3142 4 2 1 1 1056 3734 1095 4040
3143 4 2 1 1 883 1341 1316 4371
3144 4 2 1 1 3565 4089 3854 4370
3145 4 2 1 1 2984 2985 2981 3941
3146 4 2 1 1 3712 4262 4087 4466
3147 4 2 1 1 1885 4082 1884 4170
3148 4 2 1 1 2668 2565 1969 3780
3149 4 2 1 1 1419 1575 1036 3872
3150 4 2 1 1 1931 1924 2413 4036
3151 4 2 1 1 769 3844 634 4462
3152 4 2 1 1 3544 3581 583 4287
3153 4 2 1 1 3558 3555 3914 3989
3154 4 2 1 1 993 3746 1047 3983
3155 4 2 1 1 847 1697 845 4198
3156 4 2 1 1 2662 2423 2528 4113
3157 4 2 1 1 3600 3662 4208 4290
3158 4 2 1 1 3713 3924 4207 4497
3159 4 2 1 1 3062 3061 3053 3871
3160 4 2 1 1 3750 4256 4241 4512
3161 4 2 1 1 3482 4398 4058 4399
3162 4 2 1 1 3530 3479 4095 4412
3163 4 2 1 1 2543 2546 2537 4279
3164 4 2 1 1 1895 3946 2611 4050
3165 4 2 1 1 2108 2113 2556 3931
3166 4 2 1 1 815 817 818 4331
3167 4 2 1 1 2007 2006 2008 3782
3168 4 2 1 1 3291 3286 3290 4217
3169 4 2 1 1 3895 3914 3539 4502
3170 4 2 1 1 740 638 664 4250
3171 4 2 1 1 2418 2703 2618 4516
3172 4 2 1 1 1261 870 4037 4485
3173 4 2 1 1 3836 3923 3685 4502
3174 4 2 1 1 2009 2000 2010 4018
3175 4 2 1 1 1831 3858 3942 4076
3176 4 2 1 1 1482 1242 3983 4104
3177 4 2 1 1 3560 3954 3532 4272
3178 4 2 1 1 1228 1548 931 4393
3179 4 2 1 1 2108 3931 2556 4405
3180 4 2 1 1 3595 4197 3786 4292
3181 4 2 1 1 3081 294 3080 4236
3182 4 2 1 1 724 3485 705 4378
3183 4 2 1 1 1882 1881 1884 3759
3184 4 2 1 1 381 380 3190 3962
3185 4 2 1 1 4114 4134 3605 4145
3186 4 2 1 1 1886 3566 3931 4207
3187 4 2 1 1 719 4174 3494 4303
3188 4 2 1 1 3450 4090 4066 4229
3189 4 2 1 1 593 3981 4260 4291
3190 4 2 1 1 3795 4250 3707 4418
3191 4 2 1 1 3518 3469 4148 4315
3192 4 2 1 1 3522 4277 3772 4470
3193 4 2 1 1 2946 3503 3834 4151
3194 4 2 1 1 3152 349 3151 3964
3195 4 2 1 1 450 3302 449 3904
3196 4 2 1 1 738 666 4152 4507
3197 4 2 1 1 2242 3942 2100 4210
3198 4 2 1 1 1796 1794 1800 3859
3199 4 2 1 1 2991 2992 197 3797
3200 4 2 1 1 3259 4000 32 4195
3201 4 2 1 1 3258 32 4000 4195
3202 4 2 1 1 1872 2579 4020 4021
3203 4 2 1 1 2922 2913 2911 4400
3204 4 2 1 1 3696 3790 3500 3791
3205 4 2 1 1 1262 876 1612 3799
3206 4 2 1 1 2454 2352 2050 4051
3207 4 2 1 1 2519 2523 2392 4401
3208 4 2 1 1 3538 3747 3520 3798
3209 4 2 1 1 1624 1078 1077 4017
3210 4 2 1 1 2490 2019 2002 4161
3211 4 2 1 1 982 985 3912 4485
3212 4 2 1 1 2235 3991 4282 4457
3213 4 2 1 1 3578 4311 3917 4362
3214 4 2 1 1 3627 4093 647 4174
3215 4 2 1 1 815 144 817 4063
3216 4 2 1 1 3247 3252 3257 3828
3217 4 2 1 1 3488 3545 3541 4229
3218 4 2 1 1 3552 3741 4189 4245
3219 4 2 1 1 1666 1422 1667 4028
3220 4 2 1 1 3700 3755 4170 4348
3221 4 2 1 1 3571 3717 3509 3793
3222 4 2 1 1 3470 3553 4071 4435
3223 4 2 1 1 657 4064 620 4229
3224 4 2 1 1 3173 3982 3174 3984
3225 4 2 1 1 2121 3651 4190 4510
3226 4 2 1 1 1641 3749 943 4001
3227 4 2 1 1 3453 3993 4266 4267
3228 4 2 1 1 2930 194 193 3721
3229 4 2 1 1 1297 1301 1300 4105
3230 4 2 1 1 2941 2936 2917 3929
3231 4 2 1 1 947 141 948 4188
3232 4 2 1 1 3536 3653 4136 4441
3233 4 2 1 1 3447 4255 4254 4256
3234 4 2 1 1 1491 1278 1089 4238
3235 4 2 1 1 3205 22 3206 3962
3236 4 2 1 1 3283 450 449 3904
3237 4 2 1 1 165 1711 98 99
3238 4 2 1 1 1681 1058 1060 4180
3239 4 2 1 1 652 3616 651 3627
3240 4 2 1 1 3086 3087 3079 3980
3241 4 2 1 1 2403 3512 2221 3944
3242 4 2 1 1 2932 3605 3650 3884
3243 4 2 1 1 2009 1998 2000 4227
3244 4 2 1 1 908 905 1208 4389
3245 4 2 1 1 3605 4134 4114 4400
3246 4 2 1 1 2597 2412 1888 4215
3247 4 2 1 1 2171 1926 2170 4289
3248 4 2 1 1 657 620 599 4229
3249 4 2 1 1 2169 4204 1791 4289
3250 4 2 1 1 1312 3981 593 4357
3251 4 2 1 1 2190 2550 2551 4173
3252 4 2 1 1 3915 3993 3453 4080
3253 4 2 1 1 793 3844 4087 4315
3254 4 2 1 1 1045 1046 589 4290
3255 4 2 1 1 3131 3130 335 3596
3256 4 2 1 1 3588 3908 3981 4389
3257 4 2 1 1 446 445 4160 4499
3258 4 2 1 1 3536 3653 674 3718
3259 4 2 1 1 3454 4117 3951 4344
3260 4 2 1 1 2995 3797 2991 3930
3261 4 2 1 1 3207 3873 384 4162
3262 4 2 1 1 1049 3992 1052 4040
3263 4 2 1 1 2841 2843 2852 3963
3264 4 2 1 1 3792 4214 3891 4419
3265 4 2 1 1 2068 2381 2639 3624
3266 4 2 1 1 993 3746 4107 4482
3267 4 2 1 1 756 687 569 738
3268 4 2 1 1 2514 3856 2118 4137
3269 4 2 1 1 632 660 737 4257
3270 4 2 1 1 2098 1831 1946 3858
3271 4 2 1 1 685 3718 681 4467
3272 4 2 1 1 1314 3569 1191 4167
3273 4 2 1 1 585 586 4093 4193
3274 4 2 1 1 230 229 3944 4007
3275 4 2 1 1 1353 1355 1358 4295
3276 4 2 1 1 3507 4267 3839 4311
3277 4 2 1 1 1529 1525 1566 3883
3278 4 2 1 1 2555 2580 4172 4173
3279 4 2 1 1 1999 2002 2001 4161
3280 4 2 1 1 1406 1103 1474 3667
3281 4 2 1 1 3488 3578 3906 4374
3282 4 2 1 1 1546 926 1594 4366
3283 4 2 1 1 1961 2510 3619 4369
3284 4 2 1 1 2556 1886 3566 3931
3285 4 2 1 1 2000 2001 3781 4161
3286 4 2 1 1 1887 1884 3700 4170
3287 4 2 1 1 3587 3645 3484 3951
3288 4 2 1 1 3461 4507 4013 4512
3289 4 2 1 1 144 143 2776 3744
3290 4 2 1 1 1717 4132 1832 4145
3291 4 2 1 1 3514 4182 4130 4449
3292 4 2 1 1 3737 4241 3750 4256
3293 4 2 1 1 2489 2021 2019 4092
3294 4 2 1 1 3495 3900 3553 4435
3295 4 2 1 1 3456 4076 4038 4496
3296 4 2 1 1 3465 3875 3838 4322
3297 4 2 1 1 1767 1765 1766 4065
3298 4 2 1 1 1491 1072 1074 4017
3299 4 2 1 1 4444 4491 3910 4495
3300 4 2 1 1 2974 230 3943 4007
3301 4 2 1 1 2019 2005 3705 3899
3302 4 2 1 1 3818 3448 4325 4431
3303 4 2 1 1 2908 2938 2911 4400
3304 4 2 1 1 651 3652 3627 3829
3305 4 2 1 1 3748 4114 3764 4115
3306 4 2 1 1 3534 4024 3707 4122
3307 4 2 1 1 3934 4256 3750 4512
3308 4 2 1 1 3565 4084 3846 4085
3309 4 2 1 1 3672 4269 4003 4270
3310 4 2 1 1 1870 2716 1865 3919
3311 4 2 1 1 646 3742 3736 4165
3312 4 2 1 1 421 3939 3723 3979
3313 4 2 1 1 3455 3977 3806 4023
3314 4 2 1 1 995 993 1047 3983
3315 4 2 1 1 4022 4130 3514 4182
3316 4 2 1 1 281 282 3053 3871
3317 4 2 1 1 3836 4112 3923 4502
3318 4 2 1 1 720 3490 4182 4304
3319 4 2 1 1 3175 3167 3771 3830
3320 4 2 1 1 3518 3938 3806 4023
3321 4 2 1 1 737 758 661 3891
3322 4 2 1 1 3799 4163 3622 4232
3323 4 2 1 1 836 834 1657 4425
3324 4 2 1 1 3573 4316 4212 4340
3325 4 2 1 1 1719 200 91 106
3326 4 2 1 1 1106 1100 1161 3992
3327 4 2 1 1 3455 4094 3831 4417
3328 4 2 1 1 2607 2609 1925 4498
3329 4 2 1 1 2922 2938 4115 4400
3330 4 2 1 1 412 3249 413 3810
3331 4 2 1 1 1326 1298 1294 3577
3332 4 2 1 1 3762 4290 4009 4459
3333 4 2 1 1 3204 3732 378 3962
3334 4 2 1 1 379 3962 3182 4503
3335 4 2 1 1 991 1552 992 3660
3336 4 2 1 1 209 4153 2999 4464
3337 4 2 1 1 3554 4177 3737 4241
3338 4 2 1 1 3539 3914 3739 4325
3339 4 2 1 1 992 3660 3809 4318
3340 4 2 1 1 1435 1437 1436 4360
3341 4 2 1 1 3622 4037 3635 4182
3342 4 2 1 1 3617 4135 3848 4468
3343 4 2 1 1 3660 4171 3966 4468
3344 4 2 1 1 3469 4087 3586 4462
3345 4 2 1 1 1490 1364 1095 4180
3346 4 2 1 1 3453 3856 3922 4140
3347 4 2 1 1 594 4292 3690 4427
3348 4 2 1 1 3460 3731 3643 3788
3349 4 2 1 1 3587 3877 4106 4142
3350 4 2 1 1 3989 4071 3948 4181
3351 4 2 1 1 3606 3882 3855 4436
3352 4 2 1 1 3696 3839 3507 4523
3353 4 2 1 1 1018 1016 1575 3872
3354 4 2 1 1 977 1649 975 4171
3355 4 2 1 1 399 400 3210 4168
3356 4 2 1 1 3451 4013 4399 4507
3357 4 2 1 1 3300 3297 442 4294
3358 4 2 1 1 485 486 3350 4126
3359 4 2 1 1 713 4219 4135 4283
3360 4 2 1 1 2052 2349 3650 4170
3361 4 2 1 1 1260 1417 4384 4484
3362 4 2 1 1 1250 872 3752 3970
3363 4 2 1 1 3701 4253 3913 4412
3364 4 2 1 1 3451 3948 4013 4512
3365 4 2 1 1 438 3281 11 4075
3366 4 2 1 1 732 695 4138 4270
3367 4 2 1 1 1588 1438 1547 4359
3368 4 2 1 1 425 3641 4002 4035
3369 4 2 1 1 1812 2625 2264 4396
3370 4 2 1 1 3917 4059 3838 4322
3371 4 2 1 1 1748 2263 2191 3794
3372 4 2 1 1 1432 3738 981 3912
3373 4 2 1 1 1828 1919 3760 3768
3374 4 2 1 1 3947 3954 3463 4293
3375 4 2 1 1 648 4306 3891 4419
3376 4 2 1 1 4146 4277 3522 4470
3377 4 2 1 1 3700 3875 3759 4300
3378 4 2 1 1 3460 3562 3491 3680
3379 4 2 1 1 923 3562 929 4367
3380 4 2 1 1 642 640 3853 3972
3381 4 2 1 1 2265 1755 167 4396
3382 4 2 1 1 3674 3853 3972 4306
3383 4 2 1 1 2479 2011 2010 3987
3384 4 2 1 1 1612 1261 582 4485
3385 4 2 1 1 3641 3672 602 3733
3386 4 2 1 1 2355 2354 3760 4210
3387 4 2 1 1 3670 1313 3874 4163
3388 4 2 1 1 544 654 634 3844
3389 4 2 1 1 3690 3518 4014 4427
3390 4 2 1 1 100 101 166 1741
3391 4 2 1 1 363 3177 3179 4368
3392 4 2 1 1 2652 3974 3858 4438
3393 4 2 1 1 4093 4174 3969 4284
3394 4 2 1 1 3334 4111 3338 4126
3395 4 2 1 1 3755 3700 4365 4440
3396 4 2 1 1 3129 3706 3137 3879
3397 4 2 1 1 830 827 829 4310
3398 4 2 1 1 4237 4255 3447 4422
3399 4 2 1 1 2240 4020 2228 4481
3400 4 2 1 1 3112 3111 3861 3945
3401 4 2 1 1 3474 3516 3841 3849
3402 4 2 1 1 958 960 1577 3615
3403 4 2 1 1 2412 2416 1858 4215
3404 4 2 1 1 665 661 767 4064
3405 4 2 1 1 3450 3488 4070 4362
3406 4 2 1 1 689 629 696 4143
3407 4 2 1 1 312 3115 313 3945
3408 4 2 1 1 1886 2548 3566 4082
3409 4 2 1 1 3173 3984 3159 4361
3410 4 2 1 1 3542 3660 3459 3821
3411 4 2 1 1 923 1388 3562 4155
3412 4 2 1 1 602 4003 670 4270
3413 4 2 1 1 1647 1181 1421 4028
3414 4 2 1 1 790 803 772 4250
3415 4 2 1 1 1067 1165 1565 4302
3416 4 2 1 1 3460 3788 3643 4302
3417 4 2 1 1 2738 3698 2734 4421
3418 4 2 1 1 1885 2548 4082 4170
3419 4 2 1 1 1329 1365 1605 4129
3420 4 2 1 1 3651 4267 3838 4311
3421 4 2 1 1 3496 3588 3981 4221
3422 4 2 1 1 2881 3865 3849 4409
3423 4 2 1 1 183 1712 91 92
3424 4 2 1 1 586 3736 4093 4191
3425 4 2 1 1 3856 3915 3453 4080
3426 4 2 1 1 965 3867 1037 4108
3427 4 2 1 1 725 704 716 4197
3428 4 2 1 1 2556 2113 1886 3931
3429 4 2 1 1 586 4093 3591 4191
3430 4 2 1 1 2430 2431 2428 3978
3431 4 2 1 1 905 904 3981 4486
3432 4 2 1 1 3496 4221 3981 4260
3433 4 2 1 1 3958 4325 4086 4402
3434 4 2 1 1 2832 2843 2845 4390
3435 4 2 1 1 1745 1743 1746 3768
3436 4 2 1 1 1273 3966 3660 4171
3437 4 2 1 1 2071 3501 2077 4497
3438 4 2 1 1 764 3818 746 3934
3439 4 2 1 1 466 3305 3317 3777
3440 4 2 1 1 2368 2371 2381 4011
3441 4 2 1 1 3459 3468 3454 4117
3442 4 2 1 1 1368 1066 1063 3840
3443 4 2 1 1 3338 3804 3329 4126
3444 4 2 1 1 2488 2019 2490 4161
3445 4 2 1 1 4083 4170 4082 4348
3446 4 2 1 1 3484 3645 3587 4193
3447 4 2 1 1 2842 2853 2843 4388
3448 4 2 1 1 2910 2908 2911 4400
3449 4 2 1 1 1809 1808 1934 3990
3450 4 2 1 1 2263 1747 1937 3794
3451 4 2 1 1 3525 3526 600 3957
3452 4 2 1 1 418 3246 419 3828
3453 4 2 1 1 3686 479 3742 4165
3454 4 2 1 1 3503 3567 4073 4151
3455 4 2 1 1 3457 3510 3454 4344
3456 4 2 1 1 421 420 3743 3979
3457 4 2 1 1 443 441 3298 4294
3458 4 2 1 1 609 3714 3636 4287
3459 4 2 1 1 1302 932 933 4010
3460 4 2 1 1 3466 3576 3681 4365
3461 4 2 1 1 2006 3705 3559 3782
3462 4 2 1 1 2475 4036 2478 4498
3463 4 2 1 1 2953 2943 190 3789
3464 4 2 1 1 1284 1285 1283 3779
3465 4 2 1 1 3660 3563 4171 4468
3466 4 2 1 1 1883 1874 2121 4300
3467 4 2 1 1 3450 4090 3488 4362
3468 4 2 1 1 2142 2143 1994 4335
3469 4 2 1 1 3250 3251 3240 3810
3470 4 2 1 1 3544 4080 3971 4090
3471 4 2 1 1 3472 4181 3919 4332
3472 4 2 1 1 3717 3735 3611 4288
3473 4 2 1 1 1315 1136 1133 4383
3474 4 2 1 1 4114 4115 3748 4400
3475 4 2 1 1 2922 2911 2938 4400
3476 4 2 1 1 3463 3757 3862 3946
3477 4 2 1 1 801 766 664 4250
3478 4 2 1 1 614 597 625 3890
3479 4 2 1 1 939 944 1428 4475
3480 4 2 1 1 1310 865 1196 3960
3481 4 2 1 1 3474 3849 4309 4332
3482 4 2 1 1 752 737 660 4257
3483 4 2 1 1 614 739 743 3890
3484 4 2 1 1 1454 1453 1452 3787
3485 4 2 1 1 3860 4129 1365 4159
3486 4 2 1 1 3461 3750 4152 4512
3487 4 2 1 1 1538 1213 1539 3883
3488 4 2 1 1 1109 1588 1547 4359
3489 4 2 1 1 3934 3447 4255 4422
3490 4 2 1 1 130 2761 814 3998
3491 4 2 1 1 3692 3550 3791 4057
3492 4 2 1 1 797 779 4209 4324
3493 4 2 1 1 3499 4151 3785 4154
3494 4 2 1 1 3599 4384 1417 4484
3495 4 2 1 1 203 3152 3151 3964
3496 4 2 1 1 913 1293 1292 3504
3497 4 2 1 1 1865 2726 3919 4343
3498 4 2 1 1 2596 2244 2253 4433
3499 4 2 1 1 1573 3587 3749 4193
3500 4 2 1 1 1864 1865 1866 3920
3501 4 2 1 1 615 689 3957 4143
3502 4 2 1 1 428 3911 429 4242
3503 4 2 1 1 994 3660 991 4513
3504 4 2 1 1 988 142 1311 4063
3505 4 2 1 1 3891 4306 3462 4419
3506 4 2 1 1 3463 3862 3757 4202
3507 4 2 1 1 1342 1552 1273 3660
3508 4 2 1 1 3289 3290 3904 4294
3509 4 2 1 1 1236 1206 1204 4074
3510 4 2 1 1 592 3800 591 4441
3511 4 2 1 1 994 993 995 3983
3512 4 2 1 1 3281 437 436 4125
3513 4 2 1 1 2006 2022 2572 4218
3514 4 2 1 1 2833 2844 2839 4373
3515 4 2 1 1 667 3676 681 4316
3516 4 2 1 1 459 4288 3776 4477
3517 4 2 1 1 3454 3660 3563 3872
3518 4 2 1 1 2226 2218 2516 3664
3519 4 2 1 1 3478 3895 3739 4254
3520 4 2 1 1 3454 4377 4221 4468
3521 4 2 1 1 4066 4080 3544 4090
3522 4 2 1 1 2474 1931 2413 4498
3523 4 2 1 1 1180 4028 1647 4041
3524 4 2 1 1 699 3552 3868 4245
3525 4 2 1 1 2943 2944 2942 3681
3526 4 2 1 1 1937 1938 1940 4223
3527 4 2 1 1 3534 3977 4247 4417
3528 4 2 1 1 3453 3651 3875 4510
3529 4 2 1 1 3752 3892 3519 4432
3530 4 2 1 1 3974 4293 3606 4436
3531 4 2 1 1 3096 3083 3085 4236
3532 4 2 1 1 3509 3717 3611 4072
3533 4 2 1 1 3513 3919 3472 4457
3534 4 2 1 1 3459 3996 3615 4117
3535 4 2 1 1 3658 3967 951 3996
3536 4 2 1 1 3451 3554 3948 4512
3537 4 2 1 1 3487 4006 3585 4358
3538 4 2 1 1 253 3016 3898 4386
3539 4 2 1 1 583 584 3856 4287
3540 4 2 1 1 2896 2894 2897 4248
3541 4 2 1 1 1832 4132 3884 4145
3542 4 2 1 1 4149 4222 3473 4273
3543 4 2 1 1 808 809 3933 4434
3544 4 2 1 1 2382 3624 2381 3796
3545 4 2 1 1 3786 4197 3595 4357
3546 4 2 1 1 3732 4263 3194 4503
3547 4 2 1 1 3639 3772 2755 3810
3548 4 2 1 1 2477 3135 2610 4498
3549 4 2 1 1 3474 3849 3841 4309
3550 4 2 1 1 39 3240 40 3810
3551 4 2 1 1 2233 3991 3604 4282
3552 4 2 1 1 3639 3522 3743 4146
3553 4 2 1 1 2189 2475 2474 4498
3554 4 2 1 1 363 3179 364 4368
3555 4 2 1 1 792 698 800 4196
3556 4 2 1 1 3567 4134 4073 4206
3557 4 2 1 1 3174 373 3162 3830
3558 4 2 1 1 3971 4190 3578 4311
3559 4 2 1 1 1172 1308 1643 4102
3560 4 2 1 1 3919 4021 3472 4457
3561 4 2 1 1 1502 942 1411 4475
3562 4 2 1 1 782 4122 4024 4324
3563 4 2 1 1 3671 4242 3277 4305
3564 4 2 1 1 2564 2256 2216 3943
3565 4 2 1 1 604 523 599 3541
3566 4 2 1 1 1302 3730 1301 4010
3567 4 2 1 1 938 4193 941 4445
3568 4 2 1 1 2882 3849 2880 4265
3569 4 2 1 1 1476 1062 1059 4415
3570 4 2 1 1 596 4014 3938 4427
3571 4 2 1 1 3168 3172 361 4443
3572 4 2 1 1 3520 3556 3722 3927
3573 4 2 1 1 3737 4122 3909 4241
3574 4 2 1 1 2478 2475 2189 4036
3575 4 2 1 1 2417 2030 4515 4516
3576 4 2 1 1 2228 2224 3869 4494
3577 4 2 1 1 3758 4233 3970 4469
3578 4 2 1 1 3485 3793 3625 4128
3579 4 2 1 1 4030 4420 3757 4508
3580 4 2 1 1 3453 3838 3651 4267
3581 4 2 1 1 3848 4097 3496 4221
3582 4 2 1 1 902 4032 4185 4331
3583 4 2 1 1 3566 4082 2548 4170
3584 4 2 1 1 3790 4266 3993 4267
3585 4 2 1 1 1159 3724 1320 3997
3586 4 2 1 1 3507 3580 3695 3790
3587 4 2 1 1 3250 3772 409 3810
3588 4 2 1 1 3457 3491 3510 3570
3589 4 2 1 1 216 3871 3075 4042
3590 4 2 1 1 3467 3836 3895 4150
3591 4 2 1 1 3475 4077 3994 4314
3592 4 2 1 1 3834 3932 3568 4005
3593 4 2 1 1 3181 379 3182 4503
3594 4 2 1 1 963 960 962 4108
3595 4 2 1 1 3452 4094 3674 4298
3596 4 2 1 1 2556 3566 2548 4405
3597 4 2 1 1 676 3536 674 3958
3598 4 2 1 1 3472 3920 3919 4181
3599 4 2 1 1 2891 2890 2874 4501
3600 4 2 1 1 3528 3836 3538 3895
3601 4 2 1 1 800 768 775 4196
3602 4 2 1 1 767 661 758 4064
3603 4 2 1 1 410 3868 424 4096
3604 4 2 1 1 3981 4221 3588 4260
3605 4 2 1 1 865 1194 1195 4425
3606 4 2 1 1 3665 3471 4140 4365
3607 4 2 1 1 2604 2226 2455 3847
3608 4 2 1 1 3453 3915 3856 4140
3609 4 2 1 1 3685 4149 4258 4273
3610 4 2 1 1 3519 3626 3616 3627
3611 4 2 1 1 640 3601 4139 4462
3612 4 2 1 1 3977 3994 3456 4144
3613 4 2 1 1 3518 4324 3806 4427
3614 4 2 1 1 803 787 3844 4250
3615 4 2 1 1 134 2845 136 4390
3616 4 2 1 1 640 3853 3601 4462
3617 4 2 1 1 682 4399 4013 4507
3618 4 2 1 1 488 487 3339 3804
3619 4 2 1 1 1100 1099 1161 3992
3620 4 2 1 1 2841 2842 2843 3963
3621 4 2 1 1 1175 1696 1174 4041
3622 4 2 1 1 3220 3230 3225 3801
3623 4 2 1 1 3890 3450 4064 4214
3624 4 2 1 1 435 3264 3268 4125
3625 4 2 1 1 3548 4080 3993 4112
3626 4 2 1 1 2423 2715 2532 4476
3627 4 2 1 1 1963 4091 1965 4118
3628 4 2 1 1 690 700 4196 4507
3629 4 2 1 1 2694 3713 4207 4497
3630 4 2 1 1 3572 3720 3630 4216
3631 4 2 1 1 3057 4042 4158 4317
3632 4 2 1 1 2010 2000 2457 3781
3633 4 2 1 1 4098 4244 727 4460
3634 4 2 1 1 2180 1825 2575 3955
3635 4 2 1 1 3479 4220 4095 4253
3636 4 2 1 1 51 813 1397 3956
3637 4 2 1 1 3156 3896 3159 3984
3638 4 2 1 1 2133 1836 1838 3884
3639 4 2 1 1 3500 3790 3696 4483
3640 4 2 1 1 2081 3931 2573 4497
3641 4 2 1 1 3452 4024 4023 4315
3642 4 2 1 1 3279 439 3274 4474
3643 4 2 1 1 375 3699 3170 3771
3644 4 2 1 1 1261 983 870 4485
3645 4 2 1 1 2752 2749 2751 4031
3646 4 2 1 1 365 3178 366 4368
3647 4 2 1 1 1293 3504 913 4105
3648 4 2 1 1 1003 1344 1029 4394
3649 4 2 1 1 2579 4021 1872 4457
3650 4 2 1 1 2386 2264 1937 3794
3651 4 2 1 1 3461 3554 3739 4512
3652 4 2 1 1 1891 4437 3974 4438
3653 4 2 1 1 991 990 881 3821
3654 4 2 1 1 462 3765 4328 4489
3655 4 2 1 1 3694 4085 3846 4312
3656 4 2 1 1 661 632 737 3891
3657 4 2 1 1 3792 3462 3891 4257
3658 4 2 1 1 3630 3671 3508 4002
3659 4 2 1 1 3685 4222 4149 4273
3660 4 2 1 1 749 3792 763 4257
3661 4 2 1 1 2605 4149 1943 4258
3662 4 2 1 1 3651 4311 3971 4510
3663 4 2 1 1 4023 3518 4148 4315
3664 4 2 1 1 22 3962 3207 4162
3665 4 2 1 1 1787 1789 1788 4395
3666 4 2 1 1 3739 3900 3478 4254
3667 4 2 1 1 4037 4232 1261 4485
3668 4 2 1 1 762 3795 740 4250
3669 4 2 1 1 1939 4030 1941 4110
3670 4 2 1 1 615 3957 631 4143
3671 4 2 1 1 2902 3710 3604 4051
3672 4 2 1 1 3792 4214 4192 4237
3673 4 2 1 1 451 3286 452 4511
3674 4 2 1 1 428 3672 427 3733
3675 4 2 1 1 2001 2002 2003 3705
3676 4 2 1 1 3790 4057 3993 4266
3677 4 2 1 1 1072 1491 1089 3857
3678 4 2 1 1 165 1739 2861 1738
3679 4 2 1 1 3744 3770 3542 4063
3680 4 2 1 1 3675 3981 903 4183
3681 4 2 1 1 393 3691 3655 3741
3682 4 2 1 1 1066 1368 1166 3916
3683 4 2 1 1 3611 3717 3509 3735
3684 4 2 1 1 3007 3005 244 4049
3685 4 2 1 1 2249 2536 2537 4279
3686 4 2 1 1 1790 1789 1791 4204
3687 4 2 1 1 1349 3908 1046 4389
3688 4 2 1 1 769 4087 3844 4462
3689 4 2 1 1 400 401 3209 4268
3690 4 2 1 1 827 1265 828 4107
3691 4 2 1 1 1884 1881 2600 4300
3692 4 2 1 1 3777 4187 3313 4488
3693 4 2 1 1 692 667 679 3691
3694 4 2 1 1 913 1292 1294 3504
3695 4 2 1 1 3627 3969 3519 4432
3696 4 2 1 1 1686 941 4001 4445
3697 4 2 1 1 2009 2000 4018 4227
3698 4 2 1 1 636 774 3656 4047
3699 4 2 1 1 3508 3671 3572 4345
3700 4 2 1 1 652 3616 3627 4174
3701 4 2 1 1 305 3107 315 4481
3702 4 2 1 1 3565 4048 3923 4089
3703 4 2 1 1 2440 2404 2439 4179
3704 4 2 1 1 3204 3962 22 4162
3705 4 2 1 1 3531 3831 4336 4417
3706 4 2 1 1 464 4191 586 4403
3707 4 2 1 1 2882 176 177 3756
3708 4 2 1 1 2184 3760 1919 3768
3709 4 2 1 1 1347 946 3950 4346
3710 4 2 1 1 3537 4110 3768 4420
3711 4 2 1 1 616 3776 3625 3928
3712 4 2 1 1 3510 3607 3491 4377
3713 4 2 1 1 911 909 1300 4105
3714 4 2 1 1 3917 4190 3651 4311
3715 4 2 1 1 2652 3858 596 4438
3716 4 2 1 1 3191 3184 3190 4194
3717 4 2 1 1 454 453 3294 4511
3718 4 2 1 1 3576 3754 3681 4012
3719 4 2 1 1 4094 4272 3606 4438
3720 4 2 1 1 1264 926 1546 4366
3721 4 2 1 1 1198 1204 1206 4074
3722 4 2 1 1 2576 2046 3920 4277
3723 4 2 1 1 2011 3987 2479 4401
3724 4 2 1 1 3491 3966 3730 4221
3725 4 2 1 1 3477 3536 3694 4402
3726 4 2 1 1 595 3806 2706 4076
3727 4 2 1 1 3486 3996 3658 4078
3728 4 2 1 1 1968 4091 2502 4092
3729 4 2 1 1 3560 4043 3532 4483
3730 4 2 1 1 3294 3296 3295 3811
3731 4 2 1 1 1250 974 872 3970
3732 4 2 1 1 3874 3571 4280 4434
3733 4 2 1 1 3558 3989 3914 4222
3734 4 2 1 1 3676 4098 3583 4458
3735 4 2 1 1 370 387 371 3829
3736 4 2 1 1 370 386 387 3829
3737 4 2 1 1 1046 590 589 3908
3738 4 2 1 1 3489 4244 4098 4357
3739 4 2 1 1 129 2849 132 4119
3740 4 2 1 1 2991 197 3618 3797
3741 4 2 1 1 2700 2157 2161 3885
3742 4 2 1 1 1679 1139 1678 3903
3743 4 2 1 1 3524 3719 3638 3888
3744 4 2 1 1 2110 1797 2109 3859
3745 4 2 1 1 1552 1342 992 3660
3746 4 2 1 1 3563 3527 3970 4468
3747 4 2 1 1 1897 2463 3947 4293
3748 4 2 1 1 3520 3487 3834 4251
3749 4 2 1 1 583 584 2514 3856
3750 4 2 1 1 3856 3915 3458 4137
3751 4 2 1 1 1603 1374 930 4379
3752 4 2 1 1 2456 2177 2255 4230
3753 4 2 1 1 1025 3950 1253 4104
3754 4 2 1 1 356 3850 3498 4274
3755 4 2 1 1 478 3686 479 3742
3756 4 2 1 1 3511 3489 3595 4226
3757 4 2 1 1 344 333 2188 2087
3758 4 2 1 1 722 719 3494 4303
3759 4 2 1 1 2552 2550 2580 4173
3760 4 2 1 1 3488 3544 3541 3745
3761 4 2 1 1 3554 4256 3739 4512
3762 4 2 1 1 3523 4008 3713 4426
3763 4 2 1 1 3638 3694 3524 3888
3764 4 2 1 1 2143 2145 2144 4335
3765 4 2 1 1 863 884 1171 4027
3766 4 2 1 1 685 681 4138 4467
3767 4 2 1 1 780 4292 3654 4427
3768 4 2 1 1 3481 3757 3592 4202
3769 4 2 1 1 601 3669 522 3775
3770 4 2 1 1 1874 3651 4300 4322
3771 4 2 1 1 2013 3985 2592 4515
3772 4 2 1 1 1911 2638 1913 4258
3773 4 2 1 1 3463 3954 3560 4272
3774 4 2 1 1 3509 4072 3611 4453
3775 4 2 1 1 3567 4114 4134 4400
3776 4 2 1 1 4009 4208 3662 4290
3777 4 2 1 1 1573 1193 1641 3749
3778 4 2 1 1 1420 1000 1339 4103
3779 4 2 1 1 623 3733 3672 3911
3780 4 2 1 1 2024 3899 2041 4281
3781 4 2 1 1 648 655 3697 4070
3782 4 2 1 1 3906 3971 3578 4090
3783 4 2 1 1 2935 2923 2912 3755
3784 4 2 1 1 3566 3523 3924 4207
3785 4 2 1 1 615 629 689 4143
3786 4 2 1 1 1453 1454 1455 3787
3787 4 2 1 1 3942 4210 3537 4433
3788 4 2 1 1 906 912 904 4486
3789 4 2 1 1 3544 3581 605 3776
3790 4 2 1 1 3338 4111 3804 4126
3791 4 2 1 1 3324 462 463 4328
3792 4 2 1 1 3450 4064 3891 4070
3793 4 2 1 1 3567 3568 3932 4240
3794 4 2 1 1 606 4064 3890 4066
3795 4 2 1 1 1481 1449 1450 4261
3796 4 2 1 1 757 735 745 4143
3797 4 2 1 1 3137 3136 3134 3637
3798 4 2 1 1 3808 3816 3093 3980
3799 4 2 1 1 1509 1542 1511 3878
3800 4 2 1 1 273 3751 275 4054
3801 4 2 1 1 1449 1446 1448 4261
3802 4 2 1 1 759 3909 751 4122
3803 4 2 1 1 130 3679 1395 4521
3804 4 2 1 1 3530 3913 3479 4412
3805 4 2 1 1 3110 3111 3104 3945
3806 4 2 1 1 274 3070 3063 3953
3807 4 2 1 1 3969 4093 3587 4432
3808 4 2 1 1 744 745 735 3763
3809 4 2 1 1 792 3976 684 4196
3810 4 2 1 1 3587 3969 3877 4142
3811 4 2 1 1 612 598 624 4081
3812 4 2 1 1 3471 4137 3785 4201
3813 4 2 1 1 3289 4039 443 4294
3814 4 2 1 1 3966 4221 3491 4377
3815 4 2 1 1 140 142 3770 4388
3816 4 2 1 1 3542 3744 3486 3770
3817 4 2 1 1 3519 3699 3752 4233
3818 4 2 1 1 1407 1436 1475 3907
3819 4 2 1 1 990 1389 1258 4318
3820 4 2 1 1 1191 4180 3569 4472
3821 4 2 1 1 413 3249 3239 3810
3822 4 2 1 1 1946 3858 2652 3974
3823 4 2 1 1 3330 485 3331 4126
3824 4 2 1 1 2982 220 2983 3715
3825 4 2 1 1 3448 3614 4325 4402
3826 4 2 1 1 3490 4138 4003 4270
3827 4 2 1 1 1791 4204 1928 4289
3828 4 2 1 1 631 615 621 3957
3829 4 2 1 1 3578 3488 4090 4362
3830 4 2 1 1 648 3697 644 4306
3831 4 2 1 1 1478 1438 1588 4359
3832 4 2 1 1 831 832 830 4425
3833 4 2 1 1 908 909 1687 4486
3834 4 2 1 1 3469 3517 3586 3708
3835 4 2 1 1 2330 3682 2329 3947
3836 4 2 1 1 754 737 763 3891
3837 4 2 1 1 483 3332 484 4235
3838 4 2 1 1 788 3999 3595 4391
3839 4 2 1 1 585 1573 3587 4432
3840 4 2 1 1 3527 3563 4142 4468
3841 4 2 1 1 1897 2611 3947 4050
3842 4 2 1 1 3601 3910 4491 4495
3843 4 2 1 1 662 3616 652 4303
3844 4 2 1 1 1622 1096 1469 3802
3845 4 2 1 1 618 631 3918 4143
3846 4 2 1 1 3457 3483 3510 4344
3847 4 2 1 1 2596 2253 4110 4433
3848 4 2 1 1 1261 4232 582 4485
3849 4 2 1 1 1232 1273 1642 3966
3850 4 2 1 1 1628 1469 1630 3802
3851 4 2 1 1 3245 421 3828 3939
3852 4 2 1 1 617 3669 601 3928
3853 4 2 1 1 3507 3576 3561 3754
3854 4 2 1 1 3602 3825 924 4379
3855 4 2 1 1 634 769 544 3844
3856 4 2 1 1 747 749 748 4237
3857 4 2 1 1 4073 4114 3575 4369
3858 4 2 1 1 3528 3538 3520 3798
3859 4 2 1 1 1642 3966 1273 4171
3860 4 2 1 1 2170 2174 2171 4289
3861 4 2 1 1 126 2750 2749 4031
3862 4 2 1 1 3578 4090 3971 4311
3863 4 2 1 1 1020 1482 1170 3983
3864 4 2 1 1 738 761 756 4196
3865 4 2 1 1 3645 4163 3484 4176
3866 4 2 1 1 3089 290 304 4052
3867 4 2 1 1 373 4060 389 4262
3868 4 2 1 1 1245 1429 1179 3819
3869 4 2 1 1 3508 3672 3671 4242
3870 4 2 1 1 3601 3853 3469 4462
3871 4 2 1 1 659 4093 633 4284
3872 4 2 1 1 3614 3923 3846 4402
3873 4 2 1 1 129 2761 130 3998
3874 4 2 1 1 3124 3783 3118 4018
3875 4 2 1 1 3448 4325 3958 4402
3876 4 2 1 1 885 1310 1267 4074
3877 4 2 1 1 1013 1010 1014 4519
3878 4 2 1 1 3650 4145 3605 4170
3879 4 2 1 1 3891 4064 3450 4214
3880 4 2 1 1 686 3666 685 4467
3881 4 2 1 1 3451 4013 4507 4512
3882 4 2 1 1 3645 3951 3799 4176
3883 4 2 1 1 3551 3654 777 3723
3884 4 2 1 1 181 2903 180 3664
3885 4 2 1 1 679 677 3691 4316
3886 4 2 1 1 1655 1124 1656 3835
3887 4 2 1 1 2397 2396 2621 3985
3888 4 2 1 1 3757 3862 3592 4202
3889 4 2 1 1 3460 3476 3562 3680
3890 4 2 1 1 24 3160 23 3896
3891 4 2 1 1 719 652 4174 4303
3892 4 2 1 1 666 569 687 738
3893 4 2 1 1 3755 4348 2912 4400
3894 4 2 1 1 2233 2235 3991 4282
3895 4 2 1 1 2120 2054 2481 3921
3896 4 2 1 1 1392 811 972 3752
3897 4 2 1 1 1867 2453 4021 4457
3898 4 2 1 1 3265 3271 3262 4305
3899 4 2 1 1 1313 4163 3670 4445
3900 4 2 1 1 3655 3675 3511 4098
3901 4 2 1 1 3799 3449 4176 4344
3902 4 2 1 1 3627 4175 3652 4432
3903 4 2 1 1 2628 2626 1959 4335
3904 4 2 1 1 2690 1893 1895 3946
3905 4 2 1 1 591 4149 3800 4450
3906 4 2 1 1 582 3635 3636 4081
3907 4 2 1 1 283 282 3075 3871
3908 4 2 1 1 931 3825 1271 4393
3909 4 2 1 1 603 3890 606 4064
3910 4 2 1 1 3455 3977 4023 4417
3911 4 2 1 1 2501 2495 2496 4515
3912 4 2 1 1 278 3055 3054 4317
3913 4 2 1 1 2752 2747 117 4031
3914 4 2 1 1 923 3602 1603 4155
3915 4 2 1 1 3538 3836 4222 4502
3916 4 2 1 1 3616 4047 3603 4303
3917 4 2 1 1 2578 2219 2223 4461
3918 4 2 1 1 334 335 3130 3596
3919 4 2 1 1 693 681 667 3676
3920 4 2 1 1 2518 2259 1776 3973
3921 4 2 1 1 737 754 758 3891
3922 4 2 1 1 3573 4212 3738 4340
3923 4 2 1 1 657 650 4064 4070
3924 4 2 1 1 623 3635 4269 4304
3925 4 2 1 1 4073 4151 3567 4206
3926 4 2 1 1 640 3601 3829 4139
3927 4 2 1 1 1017 1692 1482 3983
3928 4 2 1 1 2220 2516 3995 4337
3929 4 2 1 1 3226 3215 3214 4509
3930 4 2 1 1 2121 4300 3651 4510
3931 4 2 1 1 1392 45 811 3752
3932 4 2 1 1 3499 3503 4034 4151
3933 4 2 1 1 402 3219 3208 4268
3934 4 2 1 1 440 3720 3274 3893
3935 4 2 1 1 1611 1156 1315 3903
3936 4 2 1 1 587 588 2463 3464
3937 4 2 1 1 3471 3875 3922 4140
3938 4 2 1 1 3838 3651 3917 4322
3939 4 2 1 1 2089 3813 333 4036
3940 4 2 1 1 2810 2820 2796 4132
3941 4 2 1 1 853 852 854 3842
3942 4 2 1 1 330 1609 1324 1608
3943 4 2 1 1 1581 1160 1580 4393
3944 4 2 1 1 3036 3715 3042 4356
3945 4 2 1 1 624 708 532 4128
3946 4 2 1 1 3111 3107 3861 3869
3947 4 2 1 1 3592 4248 2888 4408
3948 4 2 1 1 1895 2611 2141 4050
3949 4 2 1 1 4292 4469 3690 4487
3950 4 2 1 1 796 3595 785 4292
3951 4 2 1 1 1810 1847 1807 3859
3952 4 2 1 1 1297 4010 1301 4105
3953 4 2 1 1 1312 1238 593 3981
3954 4 2 1 1 3201 389 388 4299
3955 4 2 1 1 603 767 739 4064
3956 4 2 1 1 3490 4216 4130 4449
3957 4 2 1 1 3258 3828 419 4195
3958 4 2 1 1 827 826 825 3824
3959 4 2 1 1 2329 2462 3947 4050
3960 4 2 1 1 3834 4005 3568 4358
3961 4 2 1 1 3203 3200 387 4299
3962 4 2 1 1 3491 4221 3457 4377
3963 4 2 1 1 1686 4445 4001 4475
3964 4 2 1 1 3612 3765 3509 4124
3965 4 2 1 1 2882 3849 3756 4055
3966 4 2 1 1 3618 3619 2510 4369
3967 4 2 1 1 2726 1870 3919 4343
3968 4 2 1 1 3719 3733 3526 4160
3969 4 2 1 1 3592 4030 3537 4420
3970 4 2 1 1 2390 2247 1870 4343
3971 4 2 1 1 2089 3637 3813 4036
3972 4 2 1 1 215 3677 2963 3887
3973 4 2 1 1 365 3163 364 3984
3974 4 2 1 1 2314 167 112 2312
3975 4 2 1 1 1970 1966 3608 3780
3976 4 2 1 1 596 392 85 3938
3977 4 2 1 1 1368 4238 3840 4415
3978 4 2 1 1 2105 2106 2126 4114
3979 4 2 1 1 1279 1348 1282 4238
3980 4 2 1 1 3614 4086 3461 4325
3981 4 2 1 1 737 763 3891 4257
3982 4 2 1 1 3601 4175 3829 4495
3983 4 2 1 1 1202 1207 1203 4102
3984 4 2 1 1 117 3230 3220 3801
3985 4 2 1 1 3974 4272 3455 4438
3986 4 2 1 1 3662 4389 3908 4505
3987 4 2 1 1 2899 3648 2883 4276
3988 4 2 1 1 663 3669 626 4378
3989 4 2 1 1 2954 2919 2929 4005
3990 4 2 1 1 2467 2597 1888 4215
3991 4 2 1 1 963 960 4108 4493
3992 4 2 1 1 3601 4139 4462 4491
3993 4 2 1 1 792 684 698 4196
3994 4 2 1 1 618 631 597 3918
3995 4 2 1 1 3670 3874 3793 4163
3996 4 2 1 1 3603 4233 3758 4469
3997 4 2 1 1 702 563 693 729
3998 4 2 1 1 3470 3994 3977 4144
3999 4 2 1 1 3102 3101 296 3980
4000 4 2 1 1 1898 2691 1899 4508
4001 4 2 1 1 3330 3334 3329 4126
4002 4 2 1 1 2456 2601 2138 4230
4003 4 2 1 1 3600 3860 3799 4485
4004 4 2 1 1 2087 333 2188 2187
4005 4 2 1 1 3053 3060 281 4404
4006 4 2 1 1 3588 3908 3496 3981
4007 4 2 1 1 2164 2153 2571 4500
4008 4 2 1 1 2058 2072 2112 3687
4009 4 2 1 1 670 4003 695 4270
4010 4 2 1 1 1807 1847 1803 3859
4011 4 2 1 1 3729 4470 3832 4496
4012 4 2 1 1 716 713 4097 4135
4013 4 2 1 1 3555 3948 3989 4071
4014 4 2 1 1 668 3525 3957 3958
4015 4 2 1 1 373 3982 372 4047
4016 4 2 1 1 3070 3059 3057 4317
4017 4 2 1 1 2844 2842 4121 4388
4018 4 2 1 1 3675 3981 3908 4389
4019 4 2 1 1 3652 587 3882 4506
4020 4 2 1 1 2410 2052 3650 4405
4021 4 2 1 1 3170 3168 3167 3771
4022 4 2 1 1 603 627 767 4064
4023 4 2 1 1 814 1330 1331 3998
4024 4 2 1 1 1177 1647 1188 4041
4025 4 2 1 1 3831 3913 3530 4412
4026 4 2 1 1 627 665 767 4064
4027 4 2 1 1 3450 4070 3891 4419
4028 4 2 1 1 1587 924 925 4367
4029 4 2 1 1 3086 3087 3980 4387
4030 4 2 1 1 3476 3570 3569 3679
4031 4 2 1 1 418 3258 417 4375
4032 4 2 1 1 375 3830 3886 4271
4033 4 2 1 1 3110 3104 312 3945
4034 4 2 1 1 2032 2013 2396 3985
4035 4 2 1 1 709 720 4022 4182
4036 4 2 1 1 987 986 1256 4384
4037 4 2 1 1 3483 4117 3510 4344
4038 4 2 1 1 2134 3884 3650 4145
4039 4 2 1 1 2867 3876 2865 4408
4040 4 2 1 1 3971 4311 3453 4510
4041 4 2 1 1 1461 1463 1560 3787
4042 4 2 1 1 3462 3674 4079 4336
4043 4 2 1 1 3486 3657 3542 3824
4044 4 2 1 1 2145 2148 2146 4500
4045 4 2 1 1 2877 3841 3837 4265
4046 4 2 1 1 839 1398 1576 4239
4047 4 2 1 1 2852 2832 2849 4390
4048 4 2 1 1 1386 1301 1302 3730
4049 4 2 1 1 3156 367 3166 3896
4050 4 2 1 1 1605 1365 1169 4159
4051 4 2 1 1 3237 415 3238 4446
4052 4 2 1 1 711 3484 4283 4463
4053 4 2 1 1 3523 4082 3566 4083
4054 4 2 1 1 3028 3037 262 4397
4055 4 2 1 1 1440 1477 1475 3907
4056 4 2 1 1 3645 4445 1428 4475
4057 4 2 1 1 3482 3551 3988 4058
4058 4 2 1 1 130 129 3998 4119
4059 4 2 1 1 3277 4305 3267 4308
4060 4 2 1 1 3333 3341 473 4339
4061 4 2 1 1 1314 1191 1060 4167
4062 4 2 1 1 445 4160 4039 4350
4063 4 2 1 1 811 46 871 3752
4064 4 2 1 1 3123 3116 3124 3740
4065 4 2 1 1 3105 3869 3111 3945
4066 4 2 1 1 2881 2880 3849 3865
4067 4 2 1 1 3081 3078 295 4387
4068 4 2 1 1 3518 4024 4023 4324
4069 4 2 1 1 3613 3621 3522 3939
4070 4 2 1 1 1534 1566 1540 4473
4071 4 2 1 1 1057 3734 1055 4385
4072 4 2 1 1 2923 2932 2910 4348
4073 4 2 1 1 2742 3646 4285 4286
4074 4 2 1 1 1701 1702 78 3937
4075 4 2 1 1 1886 3931 2709 4207
4076 4 2 1 1 751 761 750 3750
4077 4 2 1 1 1103 1406 1499 3667
4078 4 2 1 1 781 3518 3690 4427
4079 4 2 1 1 1395 2761 814 130
4080 4 2 1 1 3651 3453 4311 4510
4081 4 2 1 1 3457 3510 3491 4377
4082 4 2 1 1 682 699 678 4013
4083 4 2 1 1 2180 3922 3700 4300
4084 4 2 1 1 3638 3888 3719 4294
4085 4 2 1 1 847 851 969 3842
4086 4 2 1 1 2899 2883 3648 4409
4087 4 2 1 1 119 2754 2759 4195
4088 4 2 1 1 1312 4183 3981 4357
4089 4 2 1 1 1882 1878 1881 3759
4090 4 2 1 1 3594 4084 2731 4341
4091 4 2 1 1 3785 4154 4151 4201
4092 4 2 1 1 3335 3330 3331 4126
4093 4 2 1 1 3477 3565 3761 4048
4094 4 2 1 1 3538 4222 3914 4502
4095 4 2 1 1 1054 1095 1377 4040
4096 4 2 1 1 581 4163 4081 4224
4097 4 2 1 1 3064 3068 286 3727
4098 4 2 1 1 3086 3084 3087 4387
4099 4 2 1 1 1288 1285 1284 3779
4100 4 2 1 1 3549 3580 3500 4044
4101 4 2 1 1 296 3078 3086 4387
4102 4 2 1 1 3456 4038 3832 4496
4103 4 2 1 1 2750 2751 2749 4031
4104 4 2 1 1 3676 4212 3908 4465
4105 4 2 1 1 1886 2585 2548 4082
4106 4 2 1 1 808 41 807 3933
4107 4 2 1 1 3858 3994 3455 4202
4108 4 2 1 1 787 793 803 3844
4109 4 2 1 1 3469 3517 4298 4491
4110 4 2 1 1 3202 390 4019 4503
4111 4 2 1 1 3574 3754 3506 3935
4112 4 2 1 1 1296 3504 3577 4010
4113 4 2 1 1 1985 2451 3847 4184
4114 4 2 1 1 2126 4114 2106 4134
4115 4 2 1 1 1757 1756 167 1755
4116 4 2 1 1 2569 2148 2160 4500
4117 4 2 1 1 817 1427 968 3744
4118 4 2 1 1 3010 4049 3004 4330
4119 4 2 1 1 1874 4300 1876 4322
4120 4 2 1 1 2256 2257 2615 4326
4121 4 2 1 1 750 738 764 3750
4122 4 2 1 1 3514 3573 3738 4216
4123 4 2 1 1 760 3737 748 4422
4124 4 2 1 1 1902 1843 2201 3764
4125 4 2 1 1 1418 4159 1417 4484
4126 4 2 1 1 2382 3796 2373 4172
4127 4 2 1 1 2930 3721 193 4358
4128 4 2 1 1 3696 3507 3790 4523
4129 4 2 1 1 3297 3300 4217 4294
4130 4 2 1 1 368 3166 367 3896
4131 4 2 1 1 800 775 792 4196
4132 4 2 1 1 3786 4244 4197 4357
4133 4 2 1 1 2233 2231 2235 4282
4134 4 2 1 1 488 3339 3342 3804
4135 4 2 1 1 2725 2701 2162 4113
4136 4 2 1 1 3471 3915 3856 4137
4137 4 2 1 1 1326 1320 1298 3577
4138 4 2 1 1 3841 3849 3516 4265
4139 4 2 1 1 2848 2837 2844 4455
4140 4 2 1 1 2183 4025 3971 4190
4141 4 2 1 1 247 3027 248 4330
4142 4 2 1 1 3932 3567 4240 4400
4143 4 2 1 1 1892 1890 1893 3974
4144 4 2 1 1 1909 1908 3854 4370
4145 4 2 1 1 1941 4110 4030 4223
4146 4 2 1 1 1417 4159 3599 4484
4147 4 2 1 1 3209 3215 3210 3952
4148 4 2 1 1 1312 903 3981 4183
4149 4 2 1 1 636 774 4047 4303
4150 4 2 1 1 3900 4254 3739 4256
4151 4 2 1 1 1168 1165 1166 3916
4152 4 2 1 1 1096 1622 1624 3802
4153 4 2 1 1 1828 2590 1829 4110
4154 4 2 1 1 3456 4309 3623 4332
4155 4 2 1 1 3511 3633 3766 4183
4156 4 2 1 1 3638 3694 3888 4413
4157 4 2 1 1 3456 3474 3623 4181
4158 4 2 1 1 593 3786 3981 4291
4159 4 2 1 1 771 3758 4292 4487
4160 4 2 1 1 3093 3092 300 3709
4161 4 2 1 1 3052 3055 279 4404
4162 4 2 1 1 2980 3631 2976 3959
4163 4 2 1 1 1877 3880 2330 3917
4164 4 2 1 1 3660 3821 991 4513
4165 4 2 1 1 3549 3790 3580 4266
4166 4 2 1 1 3534 4023 3977 4417
4167 4 2 1 1 2485 1941 4030 4223
4168 4 2 1 1 3910 4139 3601 4491
4169 4 2 1 1 97 96 1815 3774
4170 4 2 1 1 3449 3662 4022 4097
4171 4 2 1 1 3936 4237 3447 4422
4172 4 2 1 1 2864 3876 2887 4408
4173 4 2 1 1 3448 4325 3614 4502
4174 4 2 1 1 3679 3998 3680 4119
4175 4 2 1 1 3481 3865 3841 4077
4176 4 2 1 1 939 938 941 4445
4177 4 2 1 1 2277 2278 2276 3897
4178 4 2 1 1 3966 4377 3660 4468
4179 4 2 1 1 2330 3880 3682 3947
4180 4 2 1 1 1747 3794 3768 4110
4181 4 2 1 1 4212 4316 589 4340
4182 4 2 1 1 130 4120 3679 4521
4183 4 2 1 1 2004 2043 2457 3781
4184 4 2 1 1 1262 3645 3799 4163
4185 4 2 1 1 1107 1501 1658 4359
4186 4 2 1 1 2261 4186 4149 4450
4187 4 2 1 1 1909 1820 1908 4370
4188 4 2 1 1 3455 4094 4023 4438
4189 4 2 1 1 727 4458 4098 4460
4190 4 2 1 1 2942 2944 2945 3681
4191 4 2 1 1 3452 4023 4148 4315
4192 4 2 1 1 3626 3627 3519 3892
4193 4 2 1 1 3169 3171 3160 3896
4194 4 2 1 1 3737 3936 3447 4422
4195 4 2 1 1 1721 1723 1724 4067
4196 4 2 1 1 4130 4182 3490 4449
4197 4 2 1 1 2121 1874 1873 4190
4198 4 2 1 1 779 3988 778 4209
4199 4 2 1 1 648 632 3891 4306
4200 4 2 1 1 1923 2722 1805 3990
4201 4 2 1 1 3792 4192 3936 4237
4202 4 2 1 1 2817 93 2824 4231
4203 4 2 1 1 2518 3973 1776 4205
4204 4 2 1 1 584 19 3761 4499
4205 4 2 1 1 1623 1628 1630 3802
4206 4 2 1 1 1584 1547 1115 4360
4207 4 2 1 1 2917 2916 2941 3929
4208 4 2 1 1 657 620 524 599
4209 4 2 1 1 3832 4470 3948 4496
4210 4 2 1 1 704 3758 771 4439
4211 4 2 1 1 3144 3145 212 3959
4212 4 2 1 1 616 3625 617 3928
4213 4 2 1 1 3489 3511 4098 4226
4214 4 2 1 1 43 4403 3874 4434
4215 4 2 1 1 2171 2559 2172 3637
4216 4 2 1 1 996 860 861 4430
4217 4 2 1 1 3536 674 3823 4414
4218 4 2 1 1 1612 582 4232 4485
4219 4 2 1 1 2207 2210 2208 4184
4220 4 2 1 1 2027 4206 2603 4281
4221 4 2 1 1 3449 3848 3951 4344
4222 4 2 1 1 3544 3541 3745 3776
4223 4 2 1 1 941 1641 943 4001
4224 4 2 1 1 1702 3937 1703 4474
4225 4 2 1 1 1542 1513 1511 3878
4226 4 2 1 1 3981 4183 3675 4357
4227 4 2 1 1 3567 3503 3932 4151
4228 4 2 1 1 762 752 740 3795
4229 4 2 1 1 3738 3956 869 4448
4230 4 2 1 1 1140 1678 1139 3903
4231 4 2 1 1 1157 1678 1672 3903
4232 4 2 1 1 3564 3996 3459 4117
4233 4 2 1 1 3470 4247 3831 4412
4234 4 2 1 1 3593 3673 3498 3850
4235 4 2 1 1 3321 4328 3313 4488
4236 4 2 1 1 655 3545 646 4165
4237 4 2 1 1 3829 4444 3910 4495
4238 4 2 1 1 3114 3113 224 3944
4239 4 2 1 1 608 3581 3544 4411
4240 4 2 1 1 2276 3897 2278 4259
4241 4 2 1 1 2456 2255 2601 4230
4242 4 2 1 1 3603 3699 3494 4233
4243 4 2 1 1 3137 3637 3134 3879
4244 4 2 1 1 2041 3575 3899 4092
4245 4 2 1 1 611 3526 3525 3733
4246 4 2 1 1 2698 2157 2699 3885
4247 4 2 1 1 2105 2035 2102 4114
4248 4 2 1 1 1926 2424 2170 4289
4249 4 2 1 1 1587 926 1271 3602
4250 4 2 1 1 3519 3752 3698 3892
4251 4 2 1 1 2385 1776 1774 3609
4252 4 2 1 1 3605 4134 1935 4145
4253 4 2 1 1 709 710 4128 4176
4254 4 2 1 1 333 334 3637 3813
4255 4 2 1 1 854 855 853 3842
4256 4 2 1 1 1048 3807 1431 4379
4257 4 2 1 1 3552 4013 4399 4470
4258 4 2 1 1 2579 4282 4021 4457
4259 4 2 1 1 1874 1876 1875 4322
4260 4 2 1 1 1381 1645 1101 3788
4261 4 2 1 1 1379 1336 1337 4127
4262 4 2 1 1 2330 3947 3464 4059
4263 4 2 1 1 1886 2586 4082 4207
4264 4 2 1 1 3525 3733 3719 3940
4265 4 2 1 1 3454 4142 3848 4344
4266 4 2 1 1 544 787 654 3844
4267 4 2 1 1 4042 3726 4158 4317
4268 4 2 1 1 3665 3681 3929 4440
4269 4 2 1 1 868 3670 3874 4403
4270 4 2 1 1 3569 3788 1645 4472
4271 4 2 1 1 2896 2905 2895 3728
4272 4 2 1 1 3654 595 3979 4427
4273 4 2 1 1 3856 3922 3471 4137
4274 4 2 1 1 694 682 4086 4152
4275 4 2 1 1 3454 3660 3468 4513
4276 4 2 1 1 2040 2583 2598 4369
4277 4 2 1 1 3471 4151 3568 4201
4278 4 2 1 1 3514 3912 3738 4212
4279 4 2 1 1 2955 2941 2920 3929
4280 4 2 1 1 729 702 717 4465
4281 4 2 1 1 1383 4032 968 4188
4282 4 2 1 1 1020 3983 1170 4103
4283 4 2 1 1 851 900 969 3842
4284 4 2 1 1 3524 4039 3761 4350
4285 4 2 1 1 742 3909 775 4196
4286 4 2 1 1 3627 3652 647 4093
4287 4 2 1 1 2072 3631 2060 4442
4288 4 2 1 1 3757 3974 3463 4202
4289 4 2 1 1 1866 4021 1869 4186
4290 4 2 1 1 3933 4280 3571 4434
4291 4 2 1 1 3527 3563 3877 4142
4292 4 2 1 1 180 2903 2900 3604
4293 4 2 1 1 3900 4071 3553 4435
4294 4 2 1 1 1403 1421 1422 4028
4295 4 2 1 1 1823 4146 3729 4277
4296 4 2 1 1 1501 1109 1658 4359
4297 4 2 1 1 719 662 652 4303
4298 4 2 1 1 1011 1008 1385 4519
4299 4 2 1 1 1866 3920 4021 4186
4300 4 2 1 1 1050 3807 1049 4040
4301 4 2 1 1 1690 1683 952 4032
4302 4 2 1 1 1912 2195 2638 4258
4303 4 2 1 1 1651 1592 1593 4026
4304 4 2 1 1 2213 2425 3978 4184
4305 4 2 1 1 1428 1262 945 4445
4306 4 2 1 1 2221 3512 3943 3944
4307 4 2 1 1 716 4097 715 4244
4308 4 2 1 1 316 3782 3781 3987
4309 4 2 1 1 3571 3874 4124 4434
4310 4 2 1 1 3453 3971 3856 4080
4311 4 2 1 1 3111 3869 3861 3945
4312 4 2 1 1 1189 1246 1245 3819
4313 4 2 1 1 2384 2273 2276 4259
4314 4 2 1 1 630 3526 609 4033
4315 4 2 1 1 3635 3911 3773 4499
4316 4 2 1 1 1855 1857 1858 4215
4317 4 2 1 1 781 4324 3518 4427
4318 4 2 1 1 736 3707 762 4250
4319 4 2 1 1 2177 4337 2245 4338
4320 4 2 1 1 616 3581 3625 3776
4321 4 2 1 1 1802 1804 1803 3859
4322 4 2 1 1 3863 4109 3607 4390
4323 4 2 1 1 3510 3459 3659 3770
4324 4 2 1 1 2837 2831 2844 4388
4325 4 2 1 1 1108 1654 1107 4456
4326 4 2 1 1 996 1028 860 4430
4327 4 2 1 1 2416 2412 1793 3820
4328 4 2 1 1 3923 4089 4048 4112
4329 4 2 1 1 3971 4190 3651 4510
4330 4 2 1 1 2959 2960 3852 4133
4331 4 2 1 1 3545 3742 646 4165
4332 4 2 1 1 3146 347 3145 3964
4333 4 2 1 1 625 607 4066 4411
4334 4 2 1 1 1927 2413 1924 4036
4335 4 2 1 1 3484 3670 3793 4163
4336 4 2 1 1 1910 1909 1911 4258
4337 4 2 1 1 1416 1163 3643 4320
4338 4 2 1 1 654 634 3844 4462
4339 4 2 1 1 3775 3889 3545 4016
4340 4 2 1 1 4095 4220 3478 4253
4341 4 2 1 1 1277 1278 1079 3649
4342 4 2 1 1 2013 2032 2592 3985
4343 4 2 1 1 968 820 817 3744
4344 4 2 1 1 1971 2619 2660 4113
4345 4 2 1 1 828 881 880 3821
4346 4 2 1 1 2403 3944 2615 4179
4347 4 2 1 1 3520 3747 3538 4015
4348 4 2 1 1 695 4003 686 4138
4349 4 2 1 1 2756 2759 2758 4195
4350 4 2 1 1 680 3691 3552 3741
4351 4 2 1 1 672 741 567 683
4352 4 2 1 1 2796 2803 2810 4132
4353 4 2 1 1 2172 1927 2171 3637
4354 4 2 1 1 3191 4194 3190 4503
4355 4 2 1 1 2653 2402 1851 3859
4356 4 2 1 1 3519 3616 3494 3627
4357 4 2 1 1 3155 3158 3167 3771
4358 4 2 1 1 1129 1663 1128 4383
4359 4 2 1 1 532 708 724 4128
4360 4 2 1 1 2627 2239 2247 3991
4361 4 2 1 1 2034 2028 2035 4073
4362 4 2 1 1 3527 3752 3970 4233
4363 4 2 1 1 2048 2176 1724 4067
4364 4 2 1 1 3514 4130 4216 4449
4365 4 2 1 1 2591 3942 2098 4433
4366 4 2 1 1 860 841 843 4068
4367 4 2 1 1 3119 3124 3118 4018
4368 4 2 1 1 1361 1007 1012 4452
4369 4 2 1 1 3246 3252 3247 3828
4370 4 2 1 1 3531 3701 3913 4247
4371 4 2 1 1 943 3749 1193 3950
4372 4 2 1 1 3551 3806 4038 4209
4373 4 2 1 1 2112 2056 2058 3687
4374 4 2 1 1 2635 2393 2631 3986
4375 4 2 1 1 3510 4117 3454 4344
4376 4 2 1 1 642 644 3972 4306
4377 4 2 1 1 3739 3895 3539 4254
4378 4 2 1 1 2313 2312 2311 4364
4379 4 2 1 1 881 990 880 3821
4380 4 2 1 1 640 3829 3711 4139
4381 4 2 1 1 3150 3147 3149 4200
4382 4 2 1 1 2935 4348 3755 4440
4383 4 2 1 1 862 1372 1390 4074
4384 4 2 1 1 2098 1899 2254 4030
4385 4 2 1 1 3934 3739 4255 4256
4386 4 2 1 1 3536 3718 674 4414
4387 4 2 1 1 3207 383 3873 3962
4388 4 2 1 1 3652 3829 3601 4175
4389 4 2 1 1 3017 3022 251 4424
4390 4 2 1 1 3506 3681 3576 3754
4391 4 2 1 1 3174 3982 3830 3984
4392 4 2 1 1 3578 3971 3906 4025
4393 4 2 1 1 3969 4142 3587 4283
4394 4 2 1 1 60 879 2767 136
4395 4 2 1 1 448 3284 449 3904
4396 4 2 1 1 1206 1236 1691 4074
4397 4 2 1 1 4064 4066 606 4229
4398 4 2 1 1 3111 3105 3107 3869
4399 4 2 1 1 344 3149 345 3905
4400 4 2 1 1 2916 2926 2920 4005
4401 4 2 1 1 2010 2457 2043 3781
4402 4 2 1 1 4093 4116 633 4284
4403 4 2 1 1 988 1311 1684 4307
4404 4 2 1 1 3496 4244 3786 4357
4405 4 2 1 1 2940 3932 2922 4115
4406 4 2 1 1 2072 2135 2112 4065
4407 4 2 1 1 3018 3023 3012 4386
4408 4 2 1 1 120 2746 2742 4162
4409 4 2 1 1 593 4147 3786 4292
4410 4 2 1 1 970 1431 1048 3807
4411 4 2 1 1 793 802 4024 4087
4412 4 2 1 1 3773 4037 4448 4449
4413 4 2 1 1 3768 4110 3543 4420
4414 4 2 1 1 3467 3993 3915 4150
4415 4 2 1 1 967 1246 1247 4032
4416 4 2 1 1 3564 4319 3967 4320
4417 4 2 1 1 2003 2002 2005 3705
4418 4 2 1 1 3714 3548 4080 4411
4419 4 2 1 1 1658 1105 1106 4100
4420 4 2 1 1 3499 3557 4251 4273
4421 4 2 1 1 2932 3650 3605 4348
4422 4 2 1 1 172 2905 2896 3728
4423 4 2 1 1 1020 1022 1482 4104
4424 4 2 1 1 4095 4314 3530 4412
4425 4 2 1 1 2882 2881 2880 3849
4426 4 2 1 1 3550 3993 3692 4213
4427 4 2 1 1 3785 4137 3471 4206
4428 4 2 1 1 3868 669 4058 4399
4429 4 2 1 1 3245 3256 421 3939
4430 4 2 1 1 696 765 672 4143
4431 4 2 1 1 645 3652 643 4506
4432 4 2 1 1 454 3294 3295 3811
4433 4 2 1 1 649 4257 632 4306
4434 4 2 1 1 3459 3493 3468 4117
4435 4 2 1 1 1433 1055 1068 4385
4436 4 2 1 1 976 978 1558 4106
4437 4 2 1 1 428 3672 3911 4242
4438 4 2 1 1 1874 1818 1873 4190
4439 4 2 1 1 1183 1543 1638 4416
4440 4 2 1 1 2622 2624 2635 3986
4441 4 2 1 1 2180 2575 1887 3955
4442 4 2 1 1 2836 2846 138 4109
4443 4 2 1 1 1194 832 831 4425
4444 4 2 1 1 533 701 624 598
4445 4 2 1 1 745 3818 741 4143
4446 4 2 1 1 1016 1036 1575 3872
4447 4 2 1 1 3157 3159 3164 3984
4448 4 2 1 1 3755 4083 3700 4440
4449 4 2 1 1 426 4002 3630 4467
4450 4 2 1 1 358 858 1205 1234
4451 4 2 1 1 938 3670 4193 4445
4452 4 2 1 1 449 3302 3303 3904
4453 4 2 1 1 3487 4201 4006 4358
4454 4 2 1 1 1038 3912 985 4290
4455 4 2 1 1 2962 3728 2961 3887
4456 4 2 1 1 304 303 3747 3815
4457 4 2 1 1 2994 3780 240 3797
4458 4 2 1 1 3517 4148 3469 4298
4459 4 2 1 1 3488 4362 3578 4374
4460 4 2 1 1 3595 4147 3786 4357
4461 4 2 1 1 3539 3914 4325 4502
4462 4 2 1 1 3450 3839 4090 4362
4463 4 2 1 1 3449 3799 4176 4232
4464 4 2 1 1 263 3051 262 4243
4465 4 2 1 1 3616 3829 3627 3982
4466 4 2 1 1 2355 3661 2601 4210
4467 4 2 1 1 2099 2140 4076 4343
4468 4 2 1 1 2106 1834 2689 4145
4469 4 2 1 1 391 375 374 3886
4470 4 2 1 1 374 390 391 3886
4471 4 2 1 1 952 3658 951 3996
4472 4 2 1 1 2919 4005 2915 4240
4473 4 2 1 1 563 667 702 693
4474 4 2 1 1 3528 3520 3585 3798
4475 4 2 1 1 3496 3662 4097 4465
4476 4 2 1 1 168 169 2889 4252
4477 4 2 1 1 3566 2933 4083 4348
4478 4 2 1 1 3326 471 470 4264
4479 4 2 1 1 1103 1062 1476 4415
4480 4 2 1 1 972 3877 872 4504
4481 4 2 1 1 2177 2255 4230 4338
4482 4 2 1 1 451 4217 3286 4511
4483 4 2 1 1 11 3280 3282 4075
4484 4 2 1 1 1196 1197 1198 3960
4485 4 2 1 1 1960 1962 2676 4335
4486 4 2 1 1 3457 3460 3491 3570
4487 4 2 1 1 3951 4117 3645 4344
4488 4 2 1 1 2118 1911 2036 3785
4489 4 2 1 1 3745 3889 3535 4111
4490 4 2 1 1 608 4287 3581 4411
4491 4 2 1 1 1260 1256 986 4384
4492 4 2 1 1 742 775 768 4196
4493 4 2 1 1 3244 3239 3248 3810
4494 4 2 1 1 93 2817 92 4231
4495 4 2 1 1 3574 3935 3704 4012
4496 4 2 1 1 3657 4331 4063 4371
4497 4 2 1 1 3448 3923 4048 4112
4498 4 2 1 1 3455 4023 4094 4417
4499 4 2 1 1 427 3733 3672 4002
4500 4 2 1 1 798 697 3584 4278
4501 4 2 1 1 3234 4031 31 4168
4502 4 2 1 1 311 3944 3115 3945
4503 4 2 1 1 3525 3719 3477 3823
4504 4 2 1 1 1653 1362 360 4452
4505 4 2 1 1 2882 3756 3849 4265
4506 4 2 1 1 2455 2226 2516 4051
4507 4 2 1 1 3948 4071 3456 4496
4508 4 2 1 1 1418 1417 1260 4484
4509 4 2 1 1 3471 3922 3700 3955
4510 4 2 1 1 840 842 841 4239
4511 4 2 1 1 3447 4192 3692 4255
4512 4 2 1 1 125 2749 2752 4031
4513 4 2 1 1 1776 2385 2526 3609
4514 4 2 1 1 260 3031 261 4153
4515 4 2 1 1 2177 2176 4067 4230
4516 4 2 1 1 706 4138 3490 4270
4517 4 2 1 1 1703 3937 1702 4447
4518 4 2 1 1 843 861 860 4068
4519 4 2 1 1 1243 1211 1184 4029
4520 4 2 1 1 754 747 744 4237
4521 4 2 1 1 3288 3297 3300 4217
4522 4 2 1 1 1064 1070 1367 4415
4523 4 2 1 1 2076 2071 2077 4497
4524 4 2 1 1 1781 2683 3852 4395
4525 4 2 1 1 3475 3831 3455 4272
4526 4 2 1 1 361 362 3771 4368
4527 4 2 1 1 2272 2266 2267 3851
4528 4 2 1 1 3622 4128 3484 4176
4529 4 2 1 1 3511 3595 3999 4226
4530 4 2 1 1 2261 4149 591 4450
4531 4 2 1 1 667 3583 692 4458
4532 4 2 1 1 3480 3762 4009 4459
4533 4 2 1 1 1663 1129 1664 4383
4534 4 2 1 1 3651 3453 4267 4311
4535 4 2 1 1 3542 3657 4063 4371
4536 4 2 1 1 3481 3994 3841 4309
4537 4 2 1 1 2184 3768 2131 3774
4538 4 2 1 1 3055 3056 4042 4404
4539 4 2 1 1 632 660 553 737
4540 4 2 1 1 1423 1667 1424 4416
4541 4 2 1 1 3462 4257 4079 4306
4542 4 2 1 1 4003 4138 3490 4216
4543 4 2 1 1 758 739 767 4064
4544 4 2 1 1 2582 2587 2378 4173
4545 4 2 1 1 2398 2495 2032 3985
4546 4 2 1 1 3616 3982 3830 4047
4547 4 2 1 1 3729 4277 4146 4470
4548 4 2 1 1 3721 3808 3663 3816
4549 4 2 1 1 824 826 1430 3824
4550 4 2 1 1 3473 4181 3920 4186
4551 4 2 1 1 788 3595 3999 4423
4552 4 2 1 1 3747 3808 3090 4387
4553 4 2 1 1 3738 34 3956 4216
4554 4 2 1 1 3728 4077 2895 4248
4555 4 2 1 1 641 3844 3853 4462
4556 4 2 1 1 836 885 840 3702
4557 4 2 1 1 2871 2906 2881 4409
4558 4 2 1 1 1250 3752 871 4469
4559 4 2 1 1 774 3603 3712 4047
4560 4 2 1 1 3269 3268 3264 4125
4561 4 2 1 1 3548 4112 3993 4150
4562 4 2 1 1 1011 1244 1010 4394
4563 4 2 1 1 3581 612 3625 4081
4564 4 2 1 1 672 765 741 4143
4565 4 2 1 1 3457 4208 3483 4344
4566 4 2 1 1 3538 3558 3557 4015
4567 4 2 1 1 3738 3912 3514 4037
4568 4 2 1 1 3616 636 3711 4047
4569 4 2 1 1 782 797 4122 4324
4570 4 2 1 1 3591 4093 586 4193
4571 4 2 1 1 144 1427 817 3744
4572 4 2 1 1 737 758 554 661
4573 4 2 1 1 720 3490 4130 4182
4574 4 2 1 1 426 3630 440 4467
4575 4 2 1 1 3599 3860 3483 4208
4576 4 2 1 1 2061 2064 2461 3767
4577 4 2 1 1 2653 2110 2109 3859
4578 4 2 1 1 1939 2485 1941 4030
4579 4 2 1 1 3130 3637 3596 3879
4580 4 2 1 1 3584 3703 773 3999
4581 4 2 1 1 2004 2001 3705 3781
4582 4 2 1 1 2116 1973 2033 4514
4583 4 2 1 1 711 3484 4176 4219
4584 4 2 1 1 3096 3089 3083 4052
4585 4 2 1 1 784 3886 4087 4262
4586 4 2 1 1 953 949 954 3967
4587 4 2 1 1 660 649 3795 4257
4588 4 2 1 1 2224 3512 3861 4494
4589 4 2 1 1 883 1316 884 4310
4590 4 2 1 1 1276 1079 1077 3649
4591 4 2 1 1 3496 4098 3908 4460
4592 4 2 1 1 993 3821 4107 4513
4593 4 2 1 1 813 51 52 3956
4594 4 2 1 1 3485 3612 3591 4116
4595 4 2 1 1 1298 1319 1306 3577
4596 4 2 1 1 1306 925 929 4367
4597 4 2 1 1 3466 3507 3580 3754
4598 4 2 1 1 45 3752 1392 4432
4599 4 2 1 1 2938 3748 2924 4115
4600 4 2 1 1 769 4462 634 4466
4601 4 2 1 1 3587 3591 4093 4284
4602 4 2 1 1 2698 2696 2154 3885
4603 4 2 1 1 585 3652 4175 4432
4604 4 2 1 1 2935 3929 2936 4440
4605 4 2 1 1 1379 1553 1090 4127
4606 4 2 1 1 690 3976 4399 4507
4607 4 2 1 1 2891 2874 4275 4501
4608 4 2 1 1 2931 3932 3834 4005
4609 4 2 1 1 3075 281 280 4404
4610 4 2 1 1 654 3844 641 4462
4611 4 2 1 1 711 3484 4219 4283
4612 4 2 1 1 3561 4059 3507 4483
4613 4 2 1 1 409 3250 411 3772
4614 4 2 1 1 1191 4167 3569 4180
4615 4 2 1 1 2034 2126 2671 4114
4616 4 2 1 1 706 3490 723 4270
4617 4 2 1 1 769 4087 4462 4466
4618 4 2 1 1 3609 3794 168 4396
4619 4 2 1 1 982 984 985 4485
4620 4 2 1 1 3599 3480 3916 4384
4621 4 2 1 1 1001 998 1000 4430
4622 4 2 1 1 1512 1511 1513 3878
4623 4 2 1 1 102 2804 2809 4132
4624 4 2 1 1 1430 4307 3824 4318
4625 4 2 1 1 3142 3150 3141 3964
4626 4 2 1 1 3470 3701 4247 4412
4627 4 2 1 1 1168 3599 1165 3916
4628 4 2 1 1 2935 3755 2912 4240
4629 4 2 1 1 4291 4292 3758 4469
4630 4 2 1 1 2586 2459 2198 4207
4631 4 2 1 1 1051 1049 1052 4040
4632 4 2 1 1 776 691 558 4058
4633 4 2 1 1 2706 596 2652 3858
4634 4 2 1 1 3867 4001 3493 4117
4635 4 2 1 1 2180 3700 3922 3955
4636 4 2 1 1 1137 1680 1677 3903
4637 4 2 1 1 3553 3689 3495 4478
4638 4 2 1 1 779 3551 777 3988
4639 4 2 1 1 3461 4152 4507 4512
4640 4 2 1 1 1396 1419 977 4171
4641 4 2 1 1 690 4399 682 4507
4642 4 2 1 1 1387 3730 1386 4260
4643 4 2 1 1 477 3775 3545 3843
4644 4 2 1 1 630 621 3957 4033
4645 4 2 1 1 3225 3219 3220 3801
4646 4 2 1 1 334 3596 3130 3637
4647 4 2 1 1 3596 3813 3502 4228
4648 4 2 1 1 3597 3948 4470 4496
4649 4 2 1 1 3624 3501 3964 4200
4650 4 2 1 1 703 3969 728 4174
4651 4 2 1 1 2062 2632 2713 3767
4652 4 2 1 1 137 139 4319 4320
4653 4 2 1 1 3832 4038 3729 4496
4654 4 2 1 1 751 3737 750 4422
4655 4 2 1 1 1348 3916 1255 4238
4656 4 2 1 1 733 662 719 4303
4657 4 2 1 1 3806 4023 3938 4438
4658 4 2 1 1 2983 3715 220 3941
4659 4 2 1 1 130 3998 3679 4119
4660 4 2 1 1 220 3715 2982 4088
4661 4 2 1 1 1063 1368 3840 4415
4662 4 2 1 1 3459 3821 3486 3824
4663 4 2 1 1 3021 253 254 4386
4664 4 2 1 1 2006 2004 3705 3782
4665 4 2 1 1 2061 2461 2060 3767
4666 4 2 1 1 3458 3923 3836 4112
4667 4 2 1 1 1865 1871 2726 4343
4668 4 2 1 1 1949 2116 2033 4514
4669 4 2 1 1 1115 1639 1104 4360
4670 4 2 1 1 3894 3499 4258 4273
4671 4 2 1 1 720 723 3490 4304
4672 4 2 1 1 3971 4080 3453 4090
4673 4 2 1 1 3572 4216 3956 4474
4674 4 2 1 1 131 2847 130 4120
4675 4 2 1 1 1511 1510 1509 3878
4676 4 2 1 1 408 394 3228 4354
4677 4 2 1 1 1471 1601 1076 4017
4678 4 2 1 1 2053 2909 1922 3884
4679 4 2 1 1 3453 4266 3466 4267
4680 4 2 1 1 987 3762 1616 4384
4681 4 2 1 1 2919 2954 2918 4005
4682 4 2 1 1 1421 1403 1188 4028
4683 4 2 1 1 3454 3848 4221 4344
4684 4 2 1 1 3492 3705 4004 4092
4685 4 2 1 1 4071 4144 3470 4435
4686 4 2 1 1 2830 2854 2847 4120
4687 4 2 1 1 3615 3996 3486 4078
4688 4 2 1 1 717 4097 4022 4465
4689 4 2 1 1 830 829 831 4310
4690 4 2 1 1 684 3976 690 4196
4691 4 2 1 1 3745 3776 3541 4016
4692 4 2 1 1 2516 3664 3995 4337
4693 4 2 1 1 1497 1399 987 4384
4694 4 2 1 1 287 303 304 3815
4695 4 2 1 1 287 304 288 3815
4696 4 2 1 1 2577 2631 2392 3986
4697 4 2 1 1 3280 3281 435 4075
4698 4 2 1 1 2861 1738 1740 3768
4699 4 2 1 1 4084 4085 3594 4312
4700 4 2 1 1 3836 4112 3539 4150
4701 4 2 1 1 3818 4325 3461 4431
4702 4 2 1 1 3524 3638 3594 3811
4703 4 2 1 1 1696 1172 1174 4027
4704 4 2 1 1 3714 4080 3548 4112
4705 4 2 1 1 2905 173 2895 3728
4706 4 2 1 1 1741 2909 1944 3884
4707 4 2 1 1 3799 4176 3951 4344
4708 4 2 1 1 1445 1472 1408 4261
4709 4 2 1 1 1233 1303 1414 3966
4710 4 2 1 1 1616 3762 986 4384
4711 4 2 1 1 752 553 660 737
4712 4 2 1 1 1894 2691 1898 4508
4713 4 2 1 1 2836 2845 2843 4109
4714 4 2 1 1 3803 4006 3665 4234
4715 4 2 1 1 2596 4210 2244 4433
4716 4 2 1 1 1273 1018 1396 4171
4717 4 2 1 1 2494 1942 2128 3901
4718 4 2 1 1 4064 4070 3450 4229
4719 4 2 1 1 2722 1808 1805 3990
4720 4 2 1 1 3272 3274 3270 3720
4721 4 2 1 1 2603 4206 3785 4281
4722 4 2 1 1 1328 1329 1226 4129
4723 4 2 1 1 2722 2647 1925 3990
4724 4 2 1 1 809 4280 3933 4434
4725 4 2 1 1 657 599 635 4229
4726 4 2 1 1 3155 3167 3168 3771
4727 4 2 1 1 595 4038 3806 4076
4728 4 2 1 1 2103 1862 2182 3729
4729 4 2 1 1 386 4444 3829 4495
4730 4 2 1 1 3539 4254 3692 4255
4731 4 2 1 1 554 632 737 661
4732 4 2 1 1 3047 271 3042 4088
4733 4 2 1 1 3713 345 3924 4200
4734 4 2 1 1 3709 3798 302 4406
4735 4 2 1 1 3908 4212 3662 4465
4736 4 2 1 1 3618 3899 3575 4092
4737 4 2 1 1 138 1404 879 3809
4738 4 2 1 1 2342 2604 2455 3847
4739 4 2 1 1 759 578 786 4122
4740 4 2 1 1 3624 3796 2382 4172
4741 4 2 1 1 3573 4130 3490 4216
4742 4 2 1 1 3841 3865 2877 4077
4743 4 2 1 1 586 4191 3591 4403
4744 4 2 1 1 3650 3884 2134 4166
4745 4 2 1 1 3694 3811 3594 4312
4746 4 2 1 1 3062 3053 3065 3871
4747 4 2 1 1 2100 2242 2627 3942
4748 4 2 1 1 4221 4377 3966 4468
4749 4 2 1 1 3124 3740 322 3783
4750 4 2 1 1 40 2757 3810 4195
4751 4 2 1 1 1887 1885 1884 4170
4752 4 2 1 1 3583 4098 3511 4226
4753 4 2 1 1 1171 1173 1174 4027
4754 4 2 1 1 1045 589 1432 4290
4755 4 2 1 1 4037 4182 3622 4232
4756 4 2 1 1 1957 1961 1960 3930
4757 4 2 1 1 1269 1612 876 3799
4758 4 2 1 1 2098 4030 2254 4433
4759 4 2 1 1 3552 4277 3597 4470
4760 4 2 1 1 1276 1277 1079 3649
4761 4 2 1 1 3924 3959 3501 4200
4762 4 2 1 1 1004 999 1003 4046
4763 4 2 1 1 2385 2386 1940 4223
4764 4 2 1 1 262 3051 261 4153
4765 4 2 1 1 2242 2100 2244 4210
4766 4 2 1 1 600 3526 630 3957
4767 4 2 1 1 3974 4437 4436 4438
4768 4 2 1 1 3938 4148 3518 4285
4769 4 2 1 1 3994 4077 3841 4314
4770 4 2 1 1 123 124 2743 4162
4771 4 2 1 1 3793 3874 3670 4124
4772 4 2 1 1 1267 1310 1309 4074
4773 4 2 1 1 2489 2509 2021 4092
4774 4 2 1 1 3993 4150 3692 4213
4775 4 2 1 1 770 3976 792 3988
4776 4 2 1 1 957 1227 1493 3996
4777 4 2 1 1 769 787 544 3844
4778 4 2 1 1 3459 3486 3542 3824
4779 4 2 1 1 677 674 676 3536
4780 4 2 1 1 3623 3920 3729 4496
4781 4 2 1 1 3891 4257 3462 4306
4782 4 2 1 1 3257 3252 420 3743
4783 4 2 1 1 332 1152 1130 3835
4784 4 2 1 1 952 955 956 4078
4785 4 2 1 1 880 3821 990 4318
4786 4 2 1 1 4094 4148 4023 4438
4787 4 2 1 1 2076 4442 2071 4497
4788 4 2 1 1 3554 3900 3739 4256
4789 4 2 1 1 1279 1282 1278 4238
4790 4 2 1 1 1970 2619 1966 3780
4791 4 2 1 1 917 916 915 3975
4792 4 2 1 1 3534 4247 4177 4417
4793 4 2 1 1 736 759 751 4122
4794 4 2 1 1 2228 2227 2224 4494
4795 4 2 1 1 1056 1095 3734 4180
4796 4 2 1 1 3086 3079 297 3980
4797 4 2 1 1 3894 4258 4149 4273
4798 4 2 1 1 2020 2021 2023 3899
4799 4 2 1 1 1261 870 869 4037
4800 4 2 1 1 709 3622 701 4182
4801 4 2 1 1 3582 3633 3511 3693
4802 4 2 1 1 2136 2556 2548 4405
4803 4 2 1 1 3692 3993 4057 4150
4804 4 2 1 1 3501 3631 3931 4442
4805 4 2 1 1 3591 4124 3670 4403
4806 4 2 1 1 3917 4311 3839 4362
4807 4 2 1 1 2221 2406 2223 3512
4808 4 2 1 1 3571 3509 3717 3735
4809 4 2 1 1 739 754 743 3890
4810 4 2 1 1 702 3676 4460 4465
4811 4 2 1 1 2202 2040 2201 4369
4812 4 2 1 1 3858 3974 3757 4202
4813 4 2 1 1 1524 1531 1525 3883
4814 4 2 1 1 537 614 603 739
4815 4 2 1 1 3551 4038 3832 4209
4816 4 2 1 1 1268 902 1189 4185
4817 4 2 1 1 2052 2548 4170 4405
4818 4 2 1 1 392 85 3938 4285
4819 4 2 1 1 773 3703 776 4353
4820 4 2 1 1 3154 3163 3162 3984
4821 4 2 1 1 596 3690 4014 4427
4822 4 2 1 1 583 3856 2129 3971
4823 4 2 1 1 3917 4190 2045 4322
4824 4 2 1 1 3697 3462 4306 4419
4825 4 2 1 1 3568 4201 3834 4358
4826 4 2 1 1 1872 2453 2238 4457
4827 4 2 1 1 706 732 4138 4270
4828 4 2 1 1 601 617 626 3669
4829 4 2 1 1 423 4203 3703 4353
4830 4 2 1 1 455 456 4136 4312
4831 4 2 1 1 2000 3781 2010 4018
4832 4 2 1 1 753 567 741 683
4833 4 2 1 1 2985 3789 2981 3941
4834 4 2 1 1 1577 958 3615 4078
4835 4 2 1 1 3111 3110 3109 3945
4836 4 2 1 1 703 714 728 3969
4837 4 2 1 1 3454 3660 4377 4468
4838 4 2 1 1 260 3050 259 4464
4839 4 2 1 1 644 646 3736 4165
4840 4 2 1 1 2063 2708 2064 3965
4841 4 2 1 1 644 648 655 3697
4842 4 2 1 1 691 3868 669 4058
4843 4 2 1 1 3701 3531 4177 4247
4844 4 2 1 1 1922 166 1907 2909
4845 4 2 1 1 665 627 657 4064
4846 4 2 1 1 3447 4237 4192 4255
4847 4 2 1 1 458 457 473 4157
4848 4 2 1 1 473 474 458 4157
4849 4 2 1 1 885 1267 1266 4074
4850 4 2 1 1 3806 3534 3977 4209
4851 4 2 1 1 3469 3586 4139 4462
4852 4 2 1 1 3303 3904 12 4141
4853 4 2 1 1 736 578 759 4122
4854 4 2 1 1 702 3676 667 4458
4855 4 2 1 1 2002 3705 2001 4161
4856 4 2 1 1 1528 1513 1542 3878
4857 4 2 1 1 2894 2896 2895 4248
4858 4 2 1 1 589 4212 1432 4290
4859 4 2 1 1 2949 3764 3575 4115
4860 4 2 1 1 994 1018 3660 3872
4861 4 2 1 1 2064 3965 2070 4442
4862 4 2 1 1 1822 1890 1891 4436
4863 4 2 1 1 696 629 765 4143
4864 4 2 1 1 800 698 768 4196
4865 4 2 1 1 604 3668 601 3775
4866 4 2 1 1 706 720 3490 4130
4867 4 2 1 1 2719 2237 2227 4494
4868 4 2 1 1 649 3853 3795 4306
4869 4 2 1 1 2575 1936 1887 4134
4870 4 2 1 1 911 3730 1386 4486
4871 4 2 1 1 2210 2333 2208 4184
4872 4 2 1 1 3630 3720 440 3893
4873 4 2 1 1 3453 3466 3838 4267
4874 4 2 1 1 737 3891 632 4257
4875 4 2 1 1 1605 3860 1365 4159
4876 4 2 1 1 3591 4284 3587 4463
4877 4 2 1 1 2048 1724 2047 4067
4878 4 2 1 1 4192 4237 4213 4255
4879 4 2 1 1 2751 50 49 4183
4880 4 2 1 1 1103 1476 3827 4415
4881 4 2 1 1 3762 3599 4208 4484
4882 4 2 1 1 1281 1299 1327 3949
4883 4 2 1 1 2041 3899 3575 4281
4884 4 2 1 1 3920 3989 3473 4450
4885 4 2 1 1 3858 3481 4076 4309
4886 4 2 1 1 3743 3939 421 3979
4887 4 2 1 1 296 3086 297 3980
4888 4 2 1 1 1221 1023 1248 3673
4889 4 2 1 1 1082 1627 1625 3802
4890 4 2 1 1 1039 1038 985 4290
4891 4 2 1 1 3632 3553 3837 4095
4892 4 2 1 1 2865 3876 2867 4409
4893 4 2 1 1 3447 3934 4255 4256
4894 4 2 1 1 3595 4147 3654 4292
4895 4 2 1 1 3471 4137 3955 4206
4896 4 2 1 1 946 4108 3950 4346
4897 4 2 1 1 3531 3936 4177 4418
4898 4 2 1 1 230 3944 3943 4007
4899 4 2 1 1 3653 4136 3893 4467
4900 4 2 1 1 2603 3785 4034 4281
4901 4 2 1 1 1714 1821 84 3855
4902 4 2 1 1 1775 1776 2259 3973
4903 4 2 1 1 605 4066 3544 4229
4904 4 2 1 1 2893 4248 2872 4408
4905 4 2 1 1 3699 3603 4271 4469
4906 4 2 1 1 2371 2381 3624 3796
4907 4 2 1 1 3717 3611 4072 4288
4908 4 2 1 1 3748 4114 3605 4145
4909 4 2 1 1 3473 3558 3557 4273
4910 4 2 1 1 1198 1206 1309 4074
4911 4 2 1 1 1242 1024 1252 4104
4912 4 2 1 1 116 2732 115 4141
4913 4 2 1 1 2119 2400 1844 3764
4914 4 2 1 1 2950 2951 3575 3619
4915 4 2 1 1 3178 3180 366 4368
4916 4 2 1 1 1645 1101 3788 4302
4917 4 2 1 1 3490 3508 4216 4449
4918 4 2 1 1 2510 3619 3618 3930
4919 4 2 1 1 3457 3848 3449 4344
4920 4 2 1 1 1346 3779 1277 4127
4921 4 2 1 1 3200 3203 3188 4194
4922 4 2 1 1 2061 2060 2713 3767
4923 4 2 1 1 2124 1822 1891 4436
4924 4 2 1 1 3457 4221 3848 4344
4925 4 2 1 1 3508 3773 4448 4449
4926 4 2 1 1 3042 3715 4088 4356
4927 4 2 1 1 3175 3162 373 3830
4928 4 2 1 1 3482 3552 4398 4399
4929 4 2 1 1 2694 2078 2082 4497
4930 4 2 1 1 659 647 4093 4174
4931 4 2 1 1 2757 2756 2758 4195
4932 4 2 1 1 3494 3616 3603 4303
4933 4 2 1 1 625 613 607 4411
4934 4 2 1 1 2366 2368 2068 4011
4935 4 2 1 1 3330 3329 486 4126
4936 4 2 1 1 3545 3775 656 3843
4937 4 2 1 1 796 704 573 725
4938 4 2 1 1 663 601 626 3669
4939 4 2 1 1 2008 3894 3559 4218
4940 4 2 1 1 3080 3083 3081 4236
4941 4 2 1 1 1484 1501 1263 4456
4942 4 2 1 1 2722 2724 1808 3990
4943 4 2 1 1 2902 3710 2901 4501
4944 4 2 1 1 3520 3927 3834 4358
4945 4 2 1 1 2608 2704 2610 4498
4946 4 2 1 1 2224 3861 3869 4494
4947 4 2 1 1 3611 3777 3765 4328
4948 4 2 1 1 1768 2409 2410 4405
4949 4 2 1 1 790 579 755 736
4950 4 2 1 1 3216 3210 3952 4168
4951 4 2 1 1 1548 1116 4101 4393
4952 4 2 1 1 3531 4417 3452 4418
4953 4 2 1 1 764 753 3818 4152
4954 4 2 1 1 2130 584 19 3761
4955 4 2 1 1 1272 993 881 4107
4956 4 2 1 1 3627 3829 3652 4175
4957 4 2 1 1 674 3536 677 3653
4958 4 2 1 1 836 840 838 4239
4959 4 2 1 1 3700 4082 3759 4083
4960 4 2 1 1 2844 4388 4373 4455
4961 4 2 1 1 1542 1509 1214 3878
4962 4 2 1 1 3478 3553 4095 4435
4963 4 2 1 1 3466 3453 3875 4140
4964 4 2 1 1 1595 1319 1159 3724
4965 4 2 1 1 456 442 426 4414
4966 4 2 1 1 426 440 456 4414
4967 4 2 1 1 3502 3682 4050 4228
4968 4 2 1 1 655 646 644 4165
4969 4 2 1 1 3668 3669 601 3775
4970 4 2 1 1 710 3485 724 4128
4971 4 2 1 1 3900 4144 4071 4435
4972 4 2 1 1 624 617 612 3625
4973 4 2 1 1 3011 3013 3014 4330
4974 4 2 1 1 1408 1614 1675 3907
4975 4 2 1 1 2071 4442 3501 4497
4976 4 2 1 1 3103 217 3816 3925
4977 4 2 1 1 1146 1609 330 1154
4978 4 2 1 1 3170 3699 376 4443
4979 4 2 1 1 1603 930 4155 4379
4980 4 2 1 1 3834 4151 3499 4251
4981 4 2 1 1 3638 4217 3811 4413
4982 4 2 1 1 3612 3843 658 4378
4983 4 2 1 1 3315 3735 3310 4429
4984 4 2 1 1 721 4278 3489 4458
4985 4 2 1 1 443 3940 441 4294
4986 4 2 1 1 3466 3665 4140 4365
4987 4 2 1 1 2083 4008 3713 4407
4988 4 2 1 1 3489 4226 3583 4458
4989 4 2 1 1 1050 3679 3807 4040
4990 4 2 1 1 1320 1326 1321 3997
4991 4 2 1 1 1882 3759 4082 4490
4992 4 2 1 1 699 3868 3552 4399
4993 4 2 1 1 1270 1259 1404 4318
4994 4 2 1 1 668 3957 675 3958
4995 4 2 1 1 3344 3345 477 4471
4996 4 2 1 1 2404 2225 2403 4179
4997 4 2 1 1 850 851 847 3842
4998 4 2 1 1 796 789 3595 4197
4999 4 2 1 1 797 779 778 4209
5000 4 2 1 1 422 3723 3939 4353
5001 4 2 1 1 4095 4412 4253 4435
5002 4 2 1 1 1180 1647 1177 4041
5003 4 2 1 1 1936 4134 3955 4206
5004 4 2 1 1 743 538 614 597
5005 4 2 1 1 774 3603 4047 4303
5006 4 2 1 1 3563 3970 3877 4504
5007 4 2 1 1 713 4135 714 4283
5008 4 2 1 1 3531 3913 3831 4247
5009 4 2 1 1 643 640 642 3972
5010 4 2 1 1 2101 1835 104 4132
5011 4 2 1 1 2510 2041 3575 4369
5012 4 2 1 1 598 610 3635 4081
5013 4 2 1 1 1066 3840 1368 3916
5014 4 2 1 1 1497 1041 1399 3949
5015 4 2 1 1 2872 2873 2878 3865
5016 4 2 1 1 2403 2406 2221 3512
5017 4 2 1 1 3459 3510 3564 4117
5018 4 2 1 1 3583 3584 671 4278
5019 4 2 1 1 2865 2864 3876 4492
5020 4 2 1 1 981 982 1038 3912
5021 4 2 1 1 652 3627 647 4174
5022 4 2 1 1 474 3906 3745 4157
5023 4 2 1 1 593 1238 1239 3981
5024 4 2 1 1 3700 4083 3755 4348
5025 4 2 1 1 3491 3730 3457 4221
5026 4 2 1 1 3459 3607 3542 3770
5027 4 2 1 1 958 957 1493 3996
5028 4 2 1 1 44 809 805 4434
5029 4 2 1 1 3761 4048 3565 4089
5030 4 2 1 1 593 4291 594 4427
5031 4 2 1 1 3484 710 4128 4463
5032 4 2 1 1 2874 2892 2891 4275
5033 4 2 1 1 3501 3905 2077 4497
5034 4 2 1 1 3455 4202 3475 4272
5035 4 2 1 1 3015 4330 3019 4424
5036 4 2 1 1 3292 3296 3294 3811
5037 4 2 1 1 714 3969 703 4284
5038 4 2 1 1 1914 2194 2193 4218
5039 4 2 1 1 686 685 4138 4467
5040 4 2 1 1 305 2539 2248 2473
5041 4 2 1 1 953 3967 3564 3996
5042 4 2 1 1 1484 1479 1501 4359
5043 4 2 1 1 635 3545 4070 4229
5044 4 2 1 1 2169 2599 3546 4289
5045 4 2 1 1 3004 245 246 4330
5046 4 2 1 1 3544 3971 3906 4090
5047 4 2 1 1 721 3489 727 4458
5048 4 2 1 1 4080 4287 3714 4411
5049 4 2 1 1 3832 3988 3551 4209
5050 4 2 1 1 2949 2950 3575 3764
5051 4 2 1 1 1844 1842 2119 3764
5052 4 2 1 1 1432 3912 1038 4290
5053 4 2 1 1 2037 3955 1825 4206
5054 4 2 1 1 399 3210 3211 4168
5055 4 2 1 1 670 3666 686 4003
5056 4 2 1 1 2100 4210 3942 4433
5057 4 2 1 1 2025 2026 2027 4281
5058 4 2 1 1 3575 4114 4073 4115
5059 4 2 1 1 3455 4272 4094 4438
5060 4 2 1 1 2893 2872 2868 4408
5061 4 2 1 1 2046 3729 3920 4277
5062 4 2 1 1 552 638 740 660
5063 4 2 1 1 3575 3618 2510 4369
5064 4 2 1 1 2509 1968 2502 4092
5065 4 2 1 1 3009 3007 3010 4049
5066 4 2 1 1 3247 419 3246 3828
5067 4 2 1 1 4260 4291 3617 4334
5068 4 2 1 1 140 4307 989 4318
5069 4 2 1 1 3308 3311 3313 4187
5070 4 2 1 1 1189 1246 3819 4185
5071 4 2 1 1 1413 1177 1188 4041
5072 4 2 1 1 2694 2082 3713 4497
5073 4 2 1 1 1273 3660 1018 4171
5074 4 2 1 1 1624 1622 1078 3802
5075 4 2 1 1 3233 3234 31 4168
5076 4 2 1 1 1637 901 1648 4331
5077 4 2 1 1 3518 4087 3469 4315
5078 4 2 1 1 3656 3711 636 4047
5079 4 2 1 1 2645 2499 2500 3784
5080 4 2 1 1 3497 3879 3596 3902
5081 4 2 1 1 1308 1606 1207 4102
5082 4 2 1 1 2458 3880 2658 4490
5083 4 2 1 1 1105 1584 1104 3992
5084 4 2 1 1 3530 3678 3505 4314
5085 4 2 1 1 948 3967 951 4188
5086 4 2 1 1 1658 1105 4100 4359
5087 4 2 1 1 4082 4083 3700 4170
5088 4 2 1 1 430 3773 429 4499
5089 4 2 1 1 1925 2724 2722 3990
5090 4 2 1 1 84 3855 1821 4437
5091 4 2 1 1 3601 4298 3822 4491
5092 4 2 1 1 3805 3897 3851 4259
5093 4 2 1 1 1311 2775 815 142
5094 4 2 1 1 4002 4242 427 4308
5095 4 2 1 1 1951 1948 199 1952
5096 4 2 1 1 591 3800 592 4450
5097 4 2 1 1 2171 3637 1926 4289
5098 4 2 1 1 662 636 3616 4303
5099 4 2 1 1 1312 593 48 4357
5100 4 2 1 1 3785 4206 4151 4281
5101 4 2 1 1 129 814 2761 3998
5102 4 2 1 1 1910 3854 2130 4370
5103 4 2 1 1 437 3272 3263 4125
5104 4 2 1 1 3240 3251 40 3810
5105 4 2 1 1 1331 3679 1395 3998
5106 4 2 1 1 2187 2478 2189 4036
5107 4 2 1 1 185 2937 186 3631
5108 4 2 1 1 2892 2891 4275 4276
5109 4 2 1 1 259 3029 260 4464
5110 4 2 1 1 3503 3559 3499 3894
5111 4 2 1 1 2578 2229 2230 3995
5112 4 2 1 1 140 3542 3809 4388
5113 4 2 1 1 3601 3910 3829 4139
5114 4 2 1 1 2331 3682 3880 4426
5115 4 2 1 1 2099 2140 1831 4076
5116 4 2 1 1 2659 1876 3759 4322
5117 4 2 1 1 627 620 657 4064
5118 4 2 1 1 3848 4142 3454 4468
5119 4 2 1 1 862 1390 1691 4074
5120 4 2 1 1 3522 3639 3772 4146
5121 4 2 1 1 1445 1446 1472 4261
5122 4 2 1 1 993 1272 1500 4107
5123 4 2 1 1 2084 2190 2188 4407
5124 4 2 1 1 614 606 603 3890
5125 4 2 1 1 3691 3741 393 4189
5126 4 2 1 1 388 387 3200 4299
5127 4 2 1 1 2671 4114 2126 4134
5128 4 2 1 1 696 672 689 4143
5129 4 2 1 1 3551 3939 3743 3979
5130 4 2 1 1 2755 40 2757 3810
5131 4 2 1 1 3185 28 27 3873
5132 4 2 1 1 261 3050 260 4153
5133 4 2 1 1 2912 2911 2913 4400
5134 4 2 1 1 3310 4288 3323 4488
5135 4 2 1 1 740 752 552 660
5136 4 2 1 1 2524 2622 2394 3986
5137 4 2 1 1 3454 3563 3660 4468
5138 4 2 1 1 1885 2585 1884 4082
5139 4 2 1 1 3317 3324 463 4328
5140 4 2 1 1 2991 2993 2992 3797
5141 4 2 1 1 1266 1390 875 4074
5142 4 2 1 1 1838 2165 2133 3884
5143 4 2 1 1 127 2756 128 4195
5144 4 2 1 1 3518 4023 3806 4324
5145 4 2 1 1 2402 1849 1851 3859
5146 4 2 1 1 1821 3855 1714 4436
5147 4 2 1 1 3291 4217 3290 4294
5148 4 2 1 1 735 757 539 618
5149 4 2 1 1 2746 2743 2745 4162
5150 4 2 1 1 2878 2868 4408 4409
5151 4 2 1 1 38 4136 455 4340
5152 4 2 1 1 474 3745 3776 4157
5153 4 2 1 1 3737 3554 4241 4256
5154 4 2 1 1 2919 2952 2947 3932
5155 4 2 1 1 1294 3504 1292 3647
5156 4 2 1 1 744 743 754 3890
5157 4 2 1 1 3574 3506 3716 3826
5158 4 2 1 1 2923 3755 2935 4348
5159 4 2 1 1 1596 4291 4260 4334
5160 4 2 1 1 644 643 3972 4506
5161 4 2 1 1 1894 2690 2512 3946
5162 4 2 1 1 2195 4034 2638 4258
5163 4 2 1 1 2480 1942 2197 4382
5164 4 2 1 1 3483 4117 3645 4129
5165 4 2 1 1 3535 3545 3686 3889
5166 4 2 1 1 623 4269 602 4270
5167 4 2 1 1 1384 1554 1297 4010
5168 4 2 1 1 623 619 4269 4270
5169 4 2 1 1 538 743 735 597
5170 4 2 1 1 3627 4093 3969 4432
5171 4 2 1 1 1016 994 995 3983
5172 4 2 1 1 403 3220 3219 3801
5173 4 2 1 1 130 2834 129 4119
5174 4 2 1 1 3553 3555 3495 3689
5175 4 2 1 1 909 4389 4105 4486
5176 4 2 1 1 970 916 918 4155
5177 4 2 1 1 2883 2881 3849 4409
5178 4 2 1 1 583 2514 2129 3856
5179 4 2 1 1 1923 2647 2722 3990
5180 4 2 1 1 3009 3005 3007 4049
5181 4 2 1 1 1176 1555 1189 4041
5182 4 2 1 1 422 423 3939 4061
5183 4 2 1 1 1187 1424 1667 4416
5184 4 2 1 1 3455 4202 3974 4438
5185 4 2 1 1 1693 863 1643 4027
5186 4 2 1 1 1334 1337 1336 4127
5187 4 2 1 1 4291 4292 594 4427
5188 4 2 1 1 434 435 3268 4305
5189 4 2 1 1 3133 3134 3130 3879
5190 4 2 1 1 3605 3884 3748 4145
5191 4 2 1 1 674 3525 668 3958
5192 4 2 1 1 1107 1263 1501 4456
5193 4 2 1 1 3338 3334 3346 4111
5194 4 2 1 1 4060 3586 4262 4466
5195 4 2 1 1 3970 4233 3752 4469
5196 4 2 1 1 3200 3203 4194 4299
5197 4 2 1 1 3232 400 399 4168
5198 4 2 1 1 3232 399 3233 4168
5199 4 2 1 1 1317 3657 1316 4331
5200 4 2 1 1 3752 3877 3527 3970
5201 4 2 1 1 3891 4064 650 4070
5202 4 2 1 1 999 4046 1004 4295
5203 4 2 1 1 1494 1560 1076 3787
5204 4 2 1 1 3616 3711 3829 3982
5205 4 2 1 1 1243 1184 1182 4029
5206 4 2 1 1 3664 3995 3604 4007
5207 4 2 1 1 3527 3877 3563 3970
5208 4 2 1 1 1649 4171 3563 4504
5209 4 2 1 1 3289 3291 3290 4294
5210 4 2 1 1 701 624 708 533
5211 4 2 1 1 3468 4274 3459 4513
5212 4 2 1 1 3249 412 3251 3810
5213 4 2 1 1 2000 4161 3781 4227
5214 4 2 1 1 3614 3914 4222 4502
5215 4 2 1 1 1927 1926 3637 3706
5216 4 2 1 1 3671 3672 3508 4002
5217 4 2 1 1 3832 4038 3806 4209
5218 4 2 1 1 3344 4235 3345 4471
5219 4 2 1 1 2488 1967 1968 4092
5220 4 2 1 1 1931 2474 2606 4498
5221 4 2 1 1 3793 3874 1313 4163
5222 4 2 1 1 3587 3877 3969 4432
5223 4 2 1 1 424 3868 3703 4203
5224 4 2 1 1 3694 3823 3524 3888
5225 4 2 1 1 3535 3906 3620 4374
5226 4 2 1 1 1895 2512 2690 3946
5227 4 2 1 1 1429 966 1318 4078
5228 4 2 1 1 950 1683 1383 4032
5229 4 2 1 1 1105 1100 1106 3992
5230 4 2 1 1 3834 4201 4151 4251
5231 4 2 1 1 3738 869 4037 4448
5232 4 2 1 1 1039 4290 985 4459
5233 4 2 1 1 628 670 695 4270
5234 4 2 1 1 2516 4051 3664 4337
5235 4 2 1 1 3459 3486 3658 3770
5236 4 2 1 1 2649 2674 2150 4500
5237 4 2 1 1 2177 4230 3710 4338
5238 4 2 1 1 3605 4114 3748 4400
5239 4 2 1 1 813 3738 1397 3956
5240 4 2 1 1 1843 1842 1844 3764
5241 4 2 1 1 3091 3808 3093 3980
5242 4 2 1 1 4136 4312 456 4413
5243 4 2 1 1 1833 1836 1837 4145
5244 4 2 1 1 3466 3665 3803 4140
5245 4 2 1 1 1862 2182 3729 4146
5246 4 2 1 1 606 3890 625 4066
5247 4 2 1 1 3714 4287 609 4411
5248 4 2 1 1 4003 4138 3573 4467
5249 4 2 1 1 3758 4469 4292 4487
5250 4 2 1 1 2914 2915 2916 4240
5251 4 2 1 1 993 4107 3983 4513
5252 4 2 1 1 3556 3663 3721 3808
5253 4 2 1 1 3694 3846 3536 4136
5254 4 2 1 1 971 3967 139 4320
5255 4 2 1 1 788 3999 773 4353
5256 4 2 1 1 1603 4155 3602 4379
5257 4 2 1 1 1680 1139 1679 3903
5258 4 2 1 1 3592 3862 3757 4420
5259 4 2 1 1 3496 3908 3675 3981
5260 4 2 1 1 3652 4093 3627 4432
5261 4 2 1 1 3685 3854 4154 4258
5262 4 2 1 1 3494 3969 3627 4174
5263 4 2 1 1 825 829 827 4310
5264 4 2 1 1 326 3781 316 3782
5265 4 2 1 1 2155 3885 3642 4500
5266 4 2 1 1 2177 2456 2176 4230
5267 4 2 1 1 1469 1628 1622 3802
5268 4 2 1 1 835 4107 1619 4425
5269 4 2 1 1 3950 4104 3468 4106
5270 4 2 1 1 3931 4207 3924 4497
5271 4 2 1 1 1073 1076 1601 4017
5272 4 2 1 1 2183 3906 583 3971
5273 4 2 1 1 3958 4325 3448 4431
5274 4 2 1 1 3737 3936 3707 4177
5275 4 2 1 1 2568 2023 2038 4281
5276 4 2 1 1 3511 3633 4183 4329
5277 4 2 1 1 522 3669 637 3775
5278 4 2 1 1 3259 3810 413 4000
5279 4 2 1 1 1270 988 989 140
5280 4 2 1 1 3736 3742 479 4165
5281 4 2 1 1 3594 3638 3524 4039
5282 4 2 1 1 439 440 3274 3893
5283 4 2 1 1 3645 4117 3867 4129
5284 4 2 1 1 2988 3816 2987 3926
5285 4 2 1 1 2058 2060 2072 3687
5286 4 2 1 1 702 3676 4458 4460
5287 4 2 1 1 299 3091 3093 3980
5288 4 2 1 1 1495 1076 1073 4017
5289 4 2 1 1 1280 1284 1283 3779
5290 4 2 1 1 2026 2034 2415 4073
5291 4 2 1 1 144 3744 4063 4455
5292 4 2 1 1 819 822 823 4371
5293 4 2 1 1 712 709 4022 4176
5294 4 2 1 1 2064 2066 2067 3965
5295 4 2 1 1 3450 3891 4214 4419
5296 4 2 1 1 3134 3133 3129 3879
5297 4 2 1 1 3306 470 471 4429
5298 4 2 1 1 824 825 826 3824
5299 4 2 1 1 825 827 3824 4310
5300 4 2 1 1 929 3562 1388 4010
5301 4 2 1 1 3614 4325 3914 4502
5302 4 2 1 1 759 786 742 3909
5303 4 2 1 1 1788 1789 1790 3820
5304 4 2 1 1 1313 1237 4163 4445
5305 4 2 1 1 850 852 851 3842
5306 4 2 1 1 1264 1151 1150 4366
5307 4 2 1 1 3476 3680 3679 3807
5308 4 2 1 1 88 2758 87 4146
5309 4 2 1 1 1060 4167 1191 4180
5310 4 2 1 1 720 4130 4022 4182
5311 4 2 1 1 3480 3504 3460 3562
5312 4 2 1 1 1723 2047 1724 4067
5313 4 2 1 1 1588 1501 1479 4359
5314 4 2 1 1 2153 2154 2695 4500
5315 4 2 1 1 759 786 3909 4122
5316 4 2 1 1 1482 1024 1242 4104
5317 4 2 1 1 3162 3164 3174 3984
5318 4 2 1 1 3614 4222 3685 4502
5319 4 2 1 1 3539 3692 4150 4255
5320 4 2 1 1 684 690 700 4196
5321 4 2 1 1 2883 3849 2882 4055
5322 4 2 1 1 2339 1847 1849 3859
5323 4 2 1 1 2028 2026 2024 4073
5324 4 2 1 1 3620 3866 3535 4374
5325 4 2 1 1 2622 2635 2394 3986
5326 4 2 1 1 2400 2202 1844 3764
5327 4 2 1 1 451 3904 4217 4511
5328 4 2 1 1 3218 3225 405 4509
5329 4 2 1 1 260 3029 3031 4356
5330 4 2 1 1 3510 3607 3459 3770
5331 4 2 1 1 3947 4050 2611 4293
5332 4 2 1 1 976 1649 4106 4504
5333 4 2 1 1 1970 3608 2612 4099
5334 4 2 1 1 773 3584 671 3703
5335 4 2 1 1 802 782 4024 4324
5336 4 2 1 1 1897 1896 2463 4293
5337 4 2 1 1 130 1395 3679 3998
5338 4 2 1 1 3484 4124 3591 4463
5339 4 2 1 1 3508 3630 4002 4003
5340 4 2 1 1 2923 2912 3755 4348
5341 4 2 1 1 3946 4228 2512 4508
5342 4 2 1 1 1163 4302 3643 4320
5343 4 2 1 1 610 4081 608 4287
5344 4 2 1 1 1245 1179 1189 3819
5345 4 2 1 1 2156 2565 2161 3885
5346 4 2 1 1 3046 3935 3704 4397
5347 4 2 1 1 819 818 821 4331
5348 4 2 1 1 3672 3733 3641 4002
5349 4 2 1 1 3660 3966 3809 4377
5350 4 2 1 1 3587 4093 3969 4284
5351 4 2 1 1 1489 839 1576 4482
5352 4 2 1 1 864 1378 1693 4102
5353 4 2 1 1 3310 3311 3307 4187
5354 4 2 1 1 1939 2590 2253 4110
5355 4 2 1 1 1197 1195 1689 3960
5356 4 2 1 1 878 1596 4260 4334
5357 4 2 1 1 3574 3704 3789 4012
5358 4 2 1 1 842 845 844 4068
5359 4 2 1 1 579 790 772 736
5360 4 2 1 1 3488 3544 3906 4090
5361 4 2 1 1 2076 2075 2071 4442
5362 4 2 1 1 970 1048 1035 3807
5363 4 2 1 1 3145 3964 3959 4200
5364 4 2 1 1 739 537 614 743
5365 4 2 1 1 2914 2916 3929 4240
5366 4 2 1 1 1268 1637 902 4185
5367 4 2 1 1 3573 3490 4138 4216
5368 4 2 1 1 3587 4284 4283 4463
5369 4 2 1 1 3876 4275 2865 4492
5370 4 2 1 1 2256 2513 2257 4326
5371 4 2 1 1 1226 3867 1328 4129
5372 4 2 1 1 3806 3977 3534 4023
5373 4 2 1 1 487 3329 3804 4126
5374 4 2 1 1 1790 3546 1794 3820
5375 4 2 1 1 1791 1811 1928 4204
5376 4 2 1 1 1143 1142 1140 4349
5377 4 2 1 1 1050 1035 3807 3998
5378 4 2 1 1 3793 4224 3874 4280
5379 4 2 1 1 1886 4082 3566 4207
5380 4 2 1 1 2208 2209 2205 4184
5381 4 2 1 1 2991 2994 2993 3797
5382 4 2 1 1 424 4203 3703 4342
5383 4 2 1 1 3703 4203 423 4342
5384 4 2 1 1 3661 4492 2890 4501
5385 4 2 1 1 2224 3861 2655 4481
5386 4 2 1 1 1296 3577 3562 4010
5387 4 2 1 1 3460 3491 3570 3680
5388 4 2 1 1 784 4087 3712 4262
5389 4 2 1 1 3157 3163 365 3984
5390 4 2 1 1 2631 2577 2394 3986
5391 4 2 1 1 658 3742 3612 4191
5392 4 2 1 1 1883 1876 1874 4300
5393 4 2 1 1 595 596 2706 3806
5394 4 2 1 1 2165 3884 2200 4166
5395 4 2 1 1 964 965 1037 4108
5396 4 2 1 1 2225 2406 2403 3861
5397 4 2 1 1 851 852 853 3842
5398 4 2 1 1 4192 4213 3692 4255
5399 4 2 1 1 3289 3904 3287 4039
5400 4 2 1 1 3566 4170 3650 4348
5401 4 2 1 1 3626 3699 3519 3830
5402 4 2 1 1 1716 4084 1908 4370
5403 4 2 1 1 1787 1785 1783 4395
5404 4 2 1 1 2028 4073 3575 4369
5405 4 2 1 1 1886 2709 2586 4207
5406 4 2 1 1 2608 3135 1809 3990
5407 4 2 1 1 3906 4025 3620 4374
5408 4 2 1 1 3304 4141 12 4511
5409 4 2 1 1 1640 919 1304 4156
5410 4 2 1 1 1621 1080 1078 4479
5411 4 2 1 1 2538 2546 2543 4279
5412 4 2 1 1 262 3037 263 4243
5413 4 2 1 1 347 3146 348 3964
5414 4 2 1 1 3592 3865 3481 4077
5415 4 2 1 1 1147 1661 1145 4349
5416 4 2 1 1 1279 1278 3649 4238
5417 4 2 1 1 3657 3819 3744 4331
5418 4 2 1 1 315 3105 314 3869
5419 4 2 1 1 3717 3776 3625 4157
5420 4 2 1 1 439 3893 3274 4474
5421 4 2 1 1 770 3976 3988 4058
5422 4 2 1 1 2916 2915 4005 4240
5423 4 2 1 1 102 2822 2804 4132
5424 4 2 1 1 1194 831 1378 4102
5425 4 2 1 1 2034 4073 2035 4114
5426 4 2 1 1 3539 3739 4254 4255
5427 4 2 1 1 423 422 3939 4353
5428 4 2 1 1 933 4010 932 4156
5429 4 2 1 1 3587 4001 3749 4193
5430 4 2 1 1 2124 4437 1891 4438
5431 4 2 1 1 2396 2014 2393 3986
5432 4 2 1 1 479 463 3742 4191
5433 4 2 1 1 3814 3871 3726 4158
5434 4 2 1 1 1320 1319 1298 3577
5435 4 2 1 1 597 735 539 618
5436 4 2 1 1 2994 2995 240 3780
5437 4 2 1 1 3462 4419 3697 4523
5438 4 2 1 1 3066 3067 284 3814
5439 4 2 1 1 2485 4223 4030 4508
5440 4 2 1 1 485 3330 486 4126
5441 4 2 1 1 424 4096 3868 4203
5442 4 2 1 1 470 3307 469 4187
5443 4 2 1 1 3757 4030 3592 4420
5444 4 2 1 1 3303 3302 12 3904
5445 4 2 1 1 641 3795 649 3853
5446 4 2 1 1 1628 1623 1627 3802
5447 4 2 1 1 2385 3609 2386 4223
5448 4 2 1 1 3308 468 469 4187
5449 4 2 1 1 323 3740 324 4333
5450 4 2 1 1 761 3909 742 4196
5451 4 2 1 1 3595 3786 4147 4292
5452 4 2 1 1 440 4136 456 4414
5453 4 2 1 1 371 3829 3711 3982
5454 4 2 1 1 3092 301 300 3709
5455 4 2 1 1 4227 4515 2030 4516
5456 4 2 1 1 706 732 695 4138
5457 4 2 1 1 3187 3182 3194 4503
5458 4 2 1 1 3755 3929 2935 4440
5459 4 2 1 1 1937 2264 2263 3794
5460 4 2 1 1 707 727 3489 4197
5461 4 2 1 1 784 3886 3518 4087
5462 4 2 1 1 801 790 755 4250
5463 4 2 1 1 2435 2515 2438 4326
5464 4 2 1 1 2887 4408 3876 4420
5465 4 2 1 1 3807 3602 4155 4379
5466 4 2 1 1 1316 3657 884 4310
5467 4 2 1 1 4086 4152 3461 4431
5468 4 2 1 1 474 475 3745 4111
5469 4 2 1 1 651 647 3627 3652
5470 4 2 1 1 3451 4241 3554 4512
5471 4 2 1 1 1082 1628 1627 3802
5472 4 2 1 1 1233 1386 3730 4260
5473 4 2 1 1 3574 3580 3826 3935
5474 4 2 1 1 1536 1528 1541 3878
5475 4 2 1 1 711 710 709 4176
5476 4 2 1 1 1931 3990 1924 4036
5477 4 2 1 1 124 123 2740 4162
5478 4 2 1 1 650 3891 661 4064
5479 4 2 1 1 2945 2944 189 3789
5480 4 2 1 1 2576 4186 2261 4450
5481 4 2 1 1 3661 4230 2601 4338
5482 4 2 1 1 2611 1893 2669 4293
5483 4 2 1 1 2185 1942 2494 3901
5484 4 2 1 1 4079 4257 3795 4306
5485 4 2 1 1 2910 2911 2912 4400
5486 4 2 1 1 140 3542 4307 4318
5487 4 2 1 1 3249 3251 3250 3810
5488 4 2 1 1 1872 4020 2260 4021
5489 4 2 1 1 1262 3799 1612 4163
5490 4 2 1 1 2932 2909 2910 3884
5491 4 2 1 1 2754 3639 86 4146
5492 4 2 1 1 1717 1834 3748 4145
5493 4 2 1 1 3581 4081 3625 4224
5494 4 2 1 1 453 3285 3294 4511
5495 4 2 1 1 757 629 618 4143
5496 4 2 1 1 2919 2952 3932 4240
5497 4 2 1 1 3280 3282 4075 4305
5498 4 2 1 1 3711 3910 388 4060
5499 4 2 1 1 2006 2572 3559 4218
5500 4 2 1 1 3084 3090 3087 4387
5501 4 2 1 1 425 426 4035 4467
5502 4 2 1 1 605 608 3544 4411
5503 4 2 1 1 2476 2477 2630 4498
5504 4 2 1 1 931 1587 1271 3602
5505 4 2 1 1 3008 3012 3006 4323
5506 4 2 1 1 3496 4460 3908 4465
5507 4 2 1 1 2611 3946 1893 4293
5508 4 2 1 1 3494 3627 3616 4174
5509 4 2 1 1 3454 4221 3848 4468
5510 4 2 1 1 48 2747 3633 3801
5511 4 2 1 1 3092 3709 3093 3808
5512 4 2 1 1 2249 4279 2539 4481
5513 4 2 1 1 3202 390 389 4019
5514 4 2 1 1 1807 3706 1805 3990
5515 4 2 1 1 3537 2875 3876 4420
5516 4 2 1 1 3466 3507 3576 3838
5517 4 2 1 1 3488 3545 4070 4362
5518 4 2 1 1 1279 3547 1348 4238
5519 4 2 1 1 771 704 573 796
5520 4 2 1 1 1927 3637 2172 4036
5521 4 2 1 1 2118 3856 584 4089
5522 4 2 1 1 3469 4462 4139 4491
5523 4 2 1 1 144 3744 817 4063
5524 4 2 1 1 1365 3860 1605 4129
5525 4 2 1 1 2937 3650 3631 4065
5526 4 2 1 1 1788 2412 2597 3820
5527 4 2 1 1 3781 4018 2000 4227
5528 4 2 1 1 1136 1134 1133 4383
5529 4 2 1 1 1997 2336 2417 4516
5530 4 2 1 1 2006 2007 2004 3782
5531 4 2 1 1 3459 3486 3515 4274
5532 4 2 1 1 3450 3839 4362 4419
5533 4 2 1 1 3583 4226 3584 4278
5534 4 2 1 1 2919 3932 2931 4005
5535 4 2 1 1 3488 3686 3545 4362
5536 4 2 1 1 3807 3998 970 4155
5537 4 2 1 1 3700 4170 4083 4348
5538 4 2 1 1 1690 3819 967 4032
5539 4 2 1 1 3900 3948 4071 4144
5540 4 2 1 1 3091 3088 3092 3808
5541 4 2 1 1 2215 2226 2346 4392
5542 4 2 1 1 3505 3678 4077 4314
5543 4 2 1 1 1932 1811 2469 4395
5544 4 2 1 1 376 3699 4271 4469
5545 4 2 1 1 3509 3571 3793 4124
5546 4 2 1 1 1094 1645 3788 4472
5547 4 2 1 1 3490 723 4270 4304
5548 4 2 1 1 1765 1767 1779 4166
5549 4 2 1 1 2331 3880 1879 4426
5550 4 2 1 1 2027 4073 4206 4281
5551 4 2 1 1 3515 4274 3498 4513
5552 4 2 1 1 3583 3691 692 3741
5553 4 2 1 1 3599 4159 1417 4302
5554 4 2 1 1 3046 4012 3044 4243
5555 4 2 1 1 3494 722 4303 4439
5556 4 2 1 1 2593 1960 1961 3930
5557 4 2 1 1 596 3938 3806 4427
5558 4 2 1 1 3573 4138 4003 4216
5559 4 2 1 1 604 601 522 3775
5560 4 2 1 1 142 3542 3770 4063
5561 4 2 1 1 3064 3068 3727 4158
5562 4 2 1 1 2004 3781 3705 3782
5563 4 2 1 1 3517 3628 3586 3708
5564 4 2 1 1 2659 3759 2658 4322
5565 4 2 1 1 1142 1143 1671 4349
5566 4 2 1 1 1681 1490 1058 4180
5567 4 2 1 1 801 755 766 4250
5568 4 2 1 1 2991 3797 3618 3930
5569 4 2 1 1 2178 2120 2493 3921
5570 4 2 1 1 283 3067 3065 3871
5571 4 2 1 1 1433 1476 1057 3827
5572 4 2 1 1 3252 3743 3257 3828
5573 4 2 1 1 128 2760 127 4195
5574 4 2 1 1 1833 2689 1834 4145
5575 4 2 1 1 3561 3754 3576 4225
5576 4 2 1 1 2215 2218 2226 4392
5577 4 2 1 1 1064 1367 1368 4415
5578 4 2 1 1 900 851 853 3842
5579 4 2 1 1 1063 1066 1065 3840
5580 4 2 1 1 1072 1620 1073 4017
5581 4 2 1 1 1501 1588 1109 4359
5582 4 2 1 1 1332 1227 957 3996
5583 4 2 1 1 2922 3932 2952 4240
5584 4 2 1 1 144 815 2775 4063
5585 4 2 1 1 47 3699 3752 4443
5586 4 2 1 1 394 3741 3864 4199
5587 4 2 1 1 3309 3313 3777 4187
5588 4 2 1 1 2888 3592 2886 3862
5589 4 2 1 1 3058 3061 3064 4404
5590 4 2 1 1 3690 4469 4271 4487
5591 4 2 1 1 3514 4232 4037 4485
5592 4 2 1 1 3274 3893 3720 4474
5593 4 2 1 1 1381 1094 1645 3788
5594 4 2 1 1 742 786 775 3909
5595 4 2 1 1 131 4472 4120 4521
5596 4 2 1 1 2344 4230 3661 4231
5597 4 2 1 1 1157 1679 1678 3903
5598 4 2 1 1 4154 4258 3499 4273
5599 4 2 1 1 3023 3677 3012 4386
5600 4 2 1 1 4094 4148 3606 4298
5601 4 2 1 1 427 443 3733 3940
5602 4 2 1 1 3054 3055 3057 4317
5603 4 2 1 1 3686 4362 3488 4374
5604 4 2 1 1 3739 3914 3461 4325
5605 4 2 1 1 2614 2673 1771 4396
5606 4 2 1 1 3934 4255 4237 4422
5607 4 2 1 1 2182 4038 3729 4146
5608 4 2 1 1 2226 3664 2516 4051
5609 4 2 1 1 1696 4026 1606 4027
5610 4 2 1 1 310 3115 311 3944
5611 4 2 1 1 4023 4024 3534 4324
5612 4 2 1 1 2912 4240 3755 4400
5613 4 2 1 1 2512 2141 2096 4228
5614 4 2 1 1 3221 3217 394 4354
5615 4 2 1 1 140 3770 3542 4388
5616 4 2 1 1 1931 2606 2647 4498
5617 4 2 1 1 633 548 659 4284
5618 4 2 1 1 1414 1342 1232 3966
5619 4 2 1 1 2036 2118 3785 4137
5620 4 2 1 1 2403 3861 3512 3944
5621 4 2 1 1 2937 2933 186 3631
5622 4 2 1 1 593 4292 4291 4427
5623 4 2 1 1 2029 4021 3683 4186
5624 4 2 1 1 2480 2197 2517 4382
5625 4 2 1 1 623 602 3672 3733
5626 4 2 1 1 2922 2940 2952 3932
5627 4 2 1 1 3700 3922 3875 4300
5628 4 2 1 1 3022 3017 3011 4424
5629 4 2 1 1 3906 4025 2183 4339
5630 4 2 1 1 3459 3809 3607 4377
5631 4 2 1 1 2044 3782 316 3987
5632 4 2 1 1 3007 3004 3010 4049
5633 4 2 1 1 1609 330 1610 1608
5634 4 2 1 1 831 1693 1378 4102
5635 4 2 1 1 3591 3670 4193 4403
5636 4 2 1 1 772 786 578 4122
5637 4 2 1 1 2945 2942 3681 4440
5638 4 2 1 1 676 682 678 4086
5639 4 2 1 1 932 4010 921 4156
5640 4 2 1 1 2353 3710 4051 4337
5641 4 2 1 1 1891 1892 1946 3974
5642 4 2 1 1 3055 3052 3056 4404
5643 4 2 1 1 1094 2766 133 1350
5644 4 2 1 1 3074 3068 3062 3814
5645 4 2 1 1 3662 4208 4009 4505
5646 4 2 1 1 3540 3728 3640 3961
5647 4 2 1 1 933 932 920 4156
5648 4 2 1 1 3190 381 3962 4194
5649 4 2 1 1 2930 2929 2931 4358
5650 4 2 1 1 1839 2133 2165 4166
5651 4 2 1 1 2744 2743 124 4162
5652 4 2 1 1 1894 3946 2512 4508
5653 4 2 1 1 2260 1872 2579 4020
5654 4 2 1 1 438 3720 3272 4125
5655 4 2 1 1 625 597 613 3918
5656 4 2 1 1 3480 4009 4208 4505
5657 4 2 1 1 2352 2246 2353 4051
5658 4 2 1 1 2875 2887 3876 4420
5659 4 2 1 1 867 3874 43 4403
5660 4 2 1 1 1340 1323 1324 3997
5661 4 2 1 1 2072 3631 2135 4065
5662 4 2 1 1 3627 3519 3892 4432
5663 4 2 1 1 2525 3897 2322 4259
5664 4 2 1 1 3671 4242 4002 4308
5665 4 2 1 1 1035 970 3807 3998
5666 4 2 1 1 1531 1524 1537 3883
5667 4 2 1 1 629 757 765 4143
5668 4 2 1 1 1061 1065 1314 4167
5669 4 2 1 1 3551 3833 777 4058
5670 4 2 1 1 2029 3683 2016 3894
5671 4 2 1 1 916 3680 3998 4410
5672 4 2 1 1 2089 2560 2091 4381
5673 4 2 1 1 100 166 99 2613
5674 4 2 1 1 3758 3970 4291 4469
5675 4 2 1 1 3065 3053 282 3871
5676 4 2 1 1 3514 3738 3573 4212
5677 4 2 1 1 1239 4260 1596 4291
5678 4 2 1 1 1474 3827 1409 4360
5679 4 2 1 1 2085 2087 2088 4008
5680 4 2 1 1 3459 3542 3821 3824
5681 4 2 1 1 138 3809 140 4318
5682 4 2 1 1 3761 4084 19 4370
5683 4 2 1 1 726 716 704 4135
5684 4 2 1 1 3459 3515 3486 3821
5685 4 2 1 1 2631 2393 2014 3986
5686 4 2 1 1 2716 1870 1867 4457
5687 4 2 1 1 1603 930 922 4155
5688 4 2 1 1 2730 4141 2731 4341
5689 4 2 1 1 3284 3287 3904 4039
5690 4 2 1 1 1102 1163 1162 4302
5691 4 2 1 1 753 741 745 3818
5692 4 2 1 1 429 444 445 3911
5693 4 2 1 1 1364 3679 1695 4180
5694 4 2 1 1 707 3489 721 4278
5695 4 2 1 1 188 265 3576 4012
5696 4 2 1 1 809 808 3933 4280
5697 4 2 1 1 1772 1812 1774 4396
5698 4 2 1 1 2330 3464 588 3917
5699 4 2 1 1 2904 4275 2865 4409
5700 4 2 1 1 706 720 723 3490
5701 4 2 1 1 3581 4081 581 4287
5702 4 2 1 1 736 772 578 4122
5703 4 2 1 1 1926 3706 2424 4289
5704 4 2 1 1 1839 2134 2133 4166
5705 4 2 1 1 85 3186 120 4286
5706 4 2 1 1 1233 1232 878 3966
5707 4 2 1 1 1819 90 1716 4084
5708 4 2 1 1 586 4093 3736 4506
5709 4 2 1 1 2974 3943 2975 4007
5710 4 2 1 1 3252 3246 3245 3828
5711 4 2 1 1 3757 3946 3463 3974
5712 4 2 1 1 115 2730 116 4141
5713 4 2 1 1 746 3934 4237 4422
5714 4 2 1 1 2653 2109 2402 3859
5715 4 2 1 1 605 3544 3541 4229
5716 4 2 1 1 3508 3630 3572 3671
5717 4 2 1 1 1943 2195 1912 4258
5718 4 2 1 1 3818 3461 4152 4431
5719 4 2 1 1 1683 1690 967 4032
5720 4 2 1 1 409 3772 411 4189
5721 4 2 1 1 1431 4155 930 4379
5722 4 2 1 1 2943 2944 3681 3789
5723 4 2 1 1 1640 1304 933 4156
5724 4 2 1 1 1890 3974 1891 4436
5725 4 2 1 1 3831 4094 3455 4272
5726 4 2 1 1 3483 4208 3449 4344
5727 4 2 1 1 2838 2833 2839 4121
5728 4 2 1 1 287 3953 3727 4478
5729 4 2 1 1 3650 4170 3566 4405
5730 4 2 1 1 2067 2707 2068 3965
5731 4 2 1 1 2945 2936 2942 4440
5732 4 2 1 1 3062 3814 3068 3871
5733 4 2 1 1 2066 2064 2708 3965
5734 4 2 1 1 2865 2904 2874 4275
5735 4 2 1 1 3341 3333 3342 4339
5736 4 2 1 1 1784 2683 2697 3852
5737 4 2 1 1 89 38 3846 4084
5738 4 2 1 1 3246 418 3235 4375
5739 4 2 1 1 1747 1745 3768 3794
5740 4 2 1 1 943 3749 3950 4001
5741 4 2 1 1 208 3026 241 4323
5742 4 2 1 1 3053 3061 3060 4404
5743 4 2 1 1 1862 1713 2182 4146
5744 4 2 1 1 4316 4340 3653 4441
5745 4 2 1 1 3537 3760 3768 4110
5746 4 2 1 1 3484 3951 3645 4176
5747 4 2 1 1 3697 3917 3839 4362
5748 4 2 1 1 599 524 657 635
5749 4 2 1 1 3544 3776 3745 4157
5750 4 2 1 1 1685 1007 1005 4452
5751 4 2 1 1 23 2737 2734 3896
5752 4 2 1 1 3672 4002 3671 4242
5753 4 2 1 1 608 612 3581 4081
5754 4 2 1 1 764 745 746 3818
5755 4 2 1 1 3474 3516 3849 4055
5756 4 2 1 1 558 691 669 4058
5757 4 2 1 1 1371 969 900 3842
5758 4 2 1 1 2336 1995 1998 4227
5759 4 2 1 1 1065 3840 1314 4167
5760 4 2 1 1 3692 3791 3550 4192
5761 4 2 1 1 924 1587 931 3602
5762 4 2 1 1 941 4193 4001 4445
5763 4 2 1 1 3538 3558 3914 4222
5764 4 2 1 1 1310 1657 865 4425
5765 4 2 1 1 2090 2093 2328 3813
5766 4 2 1 1 3793 3717 4224 4280
5767 4 2 1 1 474 3346 475 4111
5768 4 2 1 1 3519 3752 3699 4443
5769 4 2 1 1 2065 2358 2632 3805
5770 4 2 1 1 2243 2234 2242 4338
5771 4 2 1 1 815 4063 817 4331
5772 4 2 1 1 1179 1429 1180 3881
5773 4 2 1 1 1411 4001 1037 4475
5774 4 2 1 1 3905 3501 4200 4497
5775 4 2 1 1 1373 1113 1613 4379
5776 4 2 1 1 2935 3929 3755 4240
5777 4 2 1 1 1246 4032 3819 4185
5778 4 2 1 1 428 444 429 3911
5779 4 2 1 1 287 3064 286 3727
5780 4 2 1 1 1621 1082 1625 3802
5781 4 2 1 1 652 651 647 3627
5782 4 2 1 1 2408 3855 3882 4436
5783 4 2 1 1 808 805 809 4434
5784 4 2 1 1 1346 1280 1277 3779
5785 4 2 1 1 1963 1965 1964 4118
5786 4 2 1 1 1477 1408 1475 3907
5787 4 2 1 1 3703 3833 776 4353
5788 4 2 1 1 788 773 3999 4391
5789 4 2 1 1 971 940 139 3967
5790 4 2 1 1 474 3776 458 4157
5791 4 2 1 1 394 408 424 4199
5792 4 2 1 1 1595 1159 1158 3724
5793 4 2 1 1 3732 3962 3204 4162
5794 4 2 1 1 4136 4340 3846 4441
5795 4 2 1 1 3844 4315 3853 4462
5796 4 2 1 1 3459 4274 3515 4513
5797 4 2 1 1 1111 1108 1113 4100
5798 4 2 1 1 3195 3194 3182 3732
5799 4 2 1 1 3242 3241 3236 4375
5800 4 2 1 1 3853 4079 3795 4306
5801 4 2 1 1 1297 1300 1295 4105
5802 4 2 1 1 1776 3609 2526 4205
5803 4 2 1 1 1971 2668 2619 4113
5804 4 2 1 1 948 951 950 4188
5805 4 2 1 1 2894 2893 2888 4248
5806 4 2 1 1 3544 4080 4066 4411
5807 4 2 1 1 3489 4278 4226 4458
5808 4 2 1 1 3083 3089 3082 4387
5809 4 2 1 1 702 4460 715 4465
5810 4 2 1 1 83 1714 84 3855
5811 4 2 1 1 3838 3917 3651 4311
5812 4 2 1 1 3614 3685 3923 4502
5813 4 2 1 1 1286 1333 1287 4127
5814 4 2 1 1 2108 3931 3631 4442
5815 4 2 1 1 1087 1085 1635 4479
5816 4 2 1 1 698 687 756 4196
5817 4 2 1 1 3146 3147 3142 4200
5818 4 2 1 1 3603 4233 3494 4439
5819 4 2 1 1 2773 1311 142 66
5820 4 2 1 1 591 4340 4316 4441
5821 4 2 1 1 3506 3580 3466 4266
5822 4 2 1 1 1858 1888 2412 4215
5823 4 2 1 1 2919 2947 2931 3932
5824 4 2 1 1 2930 2928 2929 4358
5825 4 2 1 1 1195 1194 1202 4102
5826 4 2 1 1 1466 1496 1455 3787
5827 4 2 1 1 645 647 3652 4093
5828 4 2 1 1 1790 1794 1793 3820
5829 4 2 1 1 602 670 628 4270
5830 4 2 1 1 3635 4182 4037 4449
5831 4 2 1 1 686 4003 3666 4138
5832 4 2 1 1 2650 3851 2074 4259
5833 4 2 1 1 1144 1145 1661 4349
5834 4 2 1 1 3096 3097 289 3926
5835 4 2 1 1 2867 2868 2870 4409
5836 4 2 1 1 2220 2232 2516 4337
5837 4 2 1 1 798 4278 3584 4391
5838 4 2 1 1 3919 3920 3623 4181
5839 4 2 1 1 1226 1227 1328 3867
5840 4 2 1 1 3652 3972 643 4506
5841 4 2 1 1 987 985 3762 4459
5842 4 2 1 1 3692 4057 3467 4150
5843 4 2 1 1 380 3181 3190 4503
5844 4 2 1 1 753 738 568 4152
5845 4 2 1 1 1195 1196 865 3960
5846 4 2 1 1 3552 4398 4277 4470
5847 4 2 1 1 786 759 742 577
5848 4 2 1 1 1667 1422 1187 4028
5849 4 2 1 1 142 4063 988 4307
5850 4 2 1 1 1435 4359 1437 4360
5851 4 2 1 1 1416 1162 1163 4320
5852 4 2 1 1 2922 2938 2939 4115
5853 4 2 1 1 2037 2575 1825 3955
5854 4 2 1 1 374 3712 373 4262
5855 4 2 1 1 3683 3782 326 4020
5856 4 2 1 1 464 586 25 4403
5857 4 2 1 1 711 710 3484 4463
5858 4 2 1 1 285 3074 3066 3814
5859 4 2 1 1 2631 2394 2635 3986
5860 4 2 1 1 2565 2156 2164 3885
5861 4 2 1 1 1396 1018 3872 4171
5862 4 2 1 1 780 783 4292 4427
5863 4 2 1 1 1311 2775 142 66
5864 4 2 1 1 649 3795 4257 4306
5865 4 2 1 1 680 3741 3552 4245
5866 4 2 1 1 213 2998 214 3887
5867 4 2 1 1 3170 3771 3699 4443
5868 4 2 1 1 2862 3774 3760 4492
5869 4 2 1 1 3796 3148 4172 4173
5870 4 2 1 1 2510 2111 2041 4369
5871 4 2 1 1 780 777 779 3551
5872 4 2 1 1 3714 4048 3761 4089
5873 4 2 1 1 2194 3894 2008 4218
5874 4 2 1 1 1659 1656 1124 3835
5875 4 2 1 1 435 4125 3268 4305
5876 4 2 1 1 3748 3764 2924 4115
5877 4 2 1 1 3590 3989 3473 4181
5878 4 2 1 1 236 2999 235 3941
5879 4 2 1 1 4066 4080 3548 4411
5880 4 2 1 1 1183 1618 1543 4416
5881 4 2 1 1 4022 4176 3449 4219
5882 4 2 1 1 1270 1404 138 3809
5883 4 2 1 1 2833 2848 2844 4373
5884 4 2 1 1 3559 3782 3683 3894
5885 4 2 1 1 3604 4337 3710 4501
5886 4 2 1 1 3508 4345 3572 4448
5887 4 2 1 1 1584 3992 1105 4359
5888 4 2 1 1 424 410 394 4199
5889 4 2 1 1 1321 1159 1320 3997
5890 4 2 1 1 3447 4256 3737 4422
5891 4 2 1 1 1538 1537 1213 3883
5892 4 2 1 1 3665 3929 3681 4234
5893 4 2 1 1 1049 1035 1048 3807
5894 4 2 1 1 746 745 744 3763
5895 4 2 1 1 3241 3256 3245 4375
5896 4 2 1 1 3280 433 432 4305
5897 4 2 1 1 3729 4038 3832 4470
5898 4 2 1 1 3578 4190 3917 4311
5899 4 2 1 1 3470 4412 4095 4435
5900 4 2 1 1 2046 1823 3729 4277
5901 4 2 1 1 1208 1349 908 4389
5902 4 2 1 1 1269 983 1261 4485
5903 4 2 1 1 618 615 631 4143
5904 4 2 1 1 3834 3927 2930 4358
5905 4 2 1 1 418 3828 3258 4375
5906 4 2 1 1 2218 3664 2226 4392
5907 4 2 1 1 2202 2201 1844 3764
5908 4 2 1 1 3563 4106 1649 4504
5909 4 2 1 1 132 129 4119 4410
5910 4 2 1 1 3150 3149 3905 4200
5911 4 2 1 1 964 962 965 4108
5912 4 2 1 1 4001 4108 1037 4475
5913 4 2 1 1 405 404 3979 4147
5914 4 2 1 1 2652 596 2124 4438
5915 4 2 1 1 2516 3995 3664 4461
5916 4 2 1 1 1957 3619 1961 3930
5917 4 2 1 1 3473 4222 3558 4273
5918 4 2 1 1 80 79 1705 4045
5919 4 2 1 1 2697 2646 1784 3852
5920 4 2 1 1 1274 1551 1540 4473
5921 4 2 1 1 777 3551 780 3654
5922 4 2 1 1 4139 4462 3586 4466
5923 4 2 1 1 375 3699 3771 3830
5924 4 2 1 1 4121 4373 2844 4388
5925 4 2 1 1 3508 4269 3773 4449
5926 4 2 1 1 2573 2081 2709 3931
5927 4 2 1 1 3480 3457 3504 4505
5928 4 2 1 1 3518 4014 3938 4285
5929 4 2 1 1 1075 1624 1077 4017
5930 4 2 1 1 3504 3457 3730 4505
5931 4 2 1 1 480 4165 3686 4327
5932 4 2 1 1 1925 2647 2607 4498
5933 4 2 1 1 2941 2916 2920 3929
5934 4 2 1 1 3724 3997 1159 4349
5935 4 2 1 1 3603 3758 4233 4439
5936 4 2 1 1 793 3844 769 4087
5937 4 2 1 1 93 92 1720 4231
5938 4 2 1 1 3908 4098 3676 4460
5939 4 2 1 1 3291 3297 3288 4217
5940 4 2 1 1 2554 2552 3148 4173
5941 4 2 1 1 1056 3734 1058 4180
5942 4 2 1 1 3549 4057 3467 4220
5943 4 2 1 1 2852 2854 3963 4119
5944 4 2 1 1 2880 3849 3841 4265
5945 4 2 1 1 912 1387 4260 4486
5946 4 2 1 1 3919 4181 3623 4332
5947 4 2 1 1 286 3727 3068 3814
5948 4 2 1 1 387 3711 3829 3910
5949 4 2 1 1 2719 2228 3644 4494
5950 4 2 1 1 1395 3679 1331 4521
5951 4 2 1 1 2575 1887 3955 4134
5952 4 2 1 1 3238 3244 3243 4446
5953 4 2 1 1 591 3800 4149 4441
5954 4 2 1 1 827 828 3824 4107
5955 4 2 1 1 2797 2821 2801 4363
5956 4 2 1 1 404 405 3225 3766
5957 4 2 1 1 1753 1750 2191 4396
5958 4 2 1 1 2514 584 2118 3856
5959 4 2 1 1 1069 1617 1070 4249
5960 4 2 1 1 748 3737 751 4422
5961 4 2 1 1 3572 3671 3630 3720
5962 4 2 1 1 948 949 951 3967
5963 4 2 1 1 698 756 768 4196
5964 4 2 1 1 1928 1929 3902 4204
5965 4 2 1 1 3600 3912 3762 4485
5966 4 2 1 1 1082 1622 1628 3802
5967 4 2 1 1 1380 327 1557 4127
5968 4 2 1 1 2922 4115 3932 4400
5969 4 2 1 1 1078 1622 1621 3802
5970 4 2 1 1 2563 2428 2431 3978
5971 4 2 1 1 1560 1494 1461 3787
5972 4 2 1 1 3119 3987 316 4321
5973 4 2 1 1 1252 3872 4104 4106
5974 4 2 1 1 1406 3667 1474 3907
5975 4 2 1 1 666 687 700 4507
5976 4 2 1 1 3578 3917 4313 4362
5977 4 2 1 1 3788 4302 1162 4320
5978 4 2 1 1 3531 3452 4079 4418
5979 4 2 1 1 1968 1967 1965 4091
5980 4 2 1 1 2897 2894 2888 4248
5981 4 2 1 1 3591 4193 586 4403
5982 4 2 1 1 1431 922 930 4155
5983 4 2 1 1 3278 3266 3270 4125
5984 4 2 1 1 2504 2360 2365 4376
5985 4 2 1 1 348 3152 347 3964
5986 4 2 1 1 670 686 695 4003
5987 4 2 1 1 803 790 787 4250
5988 4 2 1 1 3453 3922 3856 4510
5989 4 2 1 1 3563 3454 4142 4468
5990 4 2 1 1 568 683 753 4152
5991 4 2 1 1 1461 1494 1459 3787
5992 4 2 1 1 2682 1784 2472 4364
5993 4 2 1 1 777 3551 3723 3833
5994 4 2 1 1 2027 4073 2415 4206
5995 4 2 1 1 1294 3577 3504 3647
5996 4 2 1 1 432 4305 3271 4345
5997 4 2 1 1 997 861 1644 4430
5998 4 2 1 1 3698 4421 2735 4443
5999 4 2 1 1 3951 4176 3449 4344
6000 4 2 1 1 2256 2615 3944 4326
6001 4 2 1 1 2976 186 2977 3631
6002 4 2 1 1 1436 1437 3907 4360
6003 4 2 1 1 3629 3535 3889 4111
6004 4 2 1 1 2043 2010 3781 3987
6005 4 2 1 1 1409 1434 1436 4360
6006 4 2 1 1 457 3318 4280 4288
6007 4 2 1 1 2928 4234 4005 4358
6008 4 2 1 1 3091 3092 3093 3808
6009 4 2 1 1 3336 3332 3328 4235
6010 4 2 1 1 1530 357 1532 1533
6011 4 2 1 1 1601 1471 1075 4017
6012 4 2 1 1 3136 333 3637 4036
6013 4 2 1 1 1893 3946 3974 4293
6014 4 2 1 1 1026 1221 1492 3673
6015 4 2 1 1 3245 3939 3828 4375
6016 4 2 1 1 709 4128 3622 4176
6017 4 2 1 1 1305 935 1404 3863
6018 4 2 1 1 2177 3710 4337 4338
6019 4 2 1 1 2723 2174 2170 4289
6020 4 2 1 1 3568 3567 3932 4151
6021 4 2 1 1 2773 1311 988 142
6022 4 2 1 1 2872 3865 2878 4408
6023 4 2 1 1 1432 1038 1045 4290
6024 4 2 1 1 478 3347 479 4471
6025 4 2 1 1 3102 217 3101 3980
6026 4 2 1 1 2839 2841 2840 4121
6027 4 2 1 1 1970 2612 2419 4099
6028 4 2 1 1 3280 432 3282 4305
6029 4 2 1 1 1803 1847 2339 3859
6030 4 2 1 1 3690 4292 783 4427
6031 4 2 1 1 3546 4204 2169 4289
6032 4 2 1 1 2399 2398 2721 3985
6033 4 2 1 1 3457 3480 3460 4208
6034 4 2 1 1 1381 1101 1162 3788
6035 4 2 1 1 3514 4130 3573 4216
6036 4 2 1 1 1293 4009 3504 4105
6037 4 2 1 1 2243 2355 2601 4210
6038 4 2 1 1 2355 3760 3661 4210
6039 4 2 1 1 1151 1128 1150 3835
6040 4 2 1 1 1311 2775 66 815
6041 4 2 1 1 736 760 762 3707
6042 4 2 1 1 1900 2197 2485 4508
6043 4 2 1 1 1243 1318 959 3688
6044 4 2 1 1 238 3001 237 3816
6045 4 2 1 1 2860 2890 3661 4492
6046 4 2 1 1 2868 2869 2893 4408
6047 4 2 1 1 2077 3905 2629 4497
6048 4 2 1 1 3189 3202 389 4503
6049 4 2 1 1 3553 3470 4095 4435
6050 4 2 1 1 825 822 1341 4371
6051 4 2 1 1 703 4174 659 4284
6052 4 2 1 1 2262 3760 2184 3774
6053 4 2 1 1 1690 4032 952 4078
6054 4 2 1 1 1134 1674 1673 4383
6055 4 2 1 1 3860 4208 3599 4484
6056 4 2 1 1 1226 3867 4129 4475
6057 4 2 1 1 480 3686 479 4327
6058 4 2 1 1 1766 1768 1767 4065
6059 4 2 1 1 2044 3781 3782 3987
6060 4 2 1 1 648 649 632 4306
6061 4 2 1 1 3452 4148 4094 4298
6062 4 2 1 1 3532 3913 3831 4336
6063 4 2 1 1 706 4130 3490 4138
6064 4 2 1 1 1756 1754 167 1755
6065 4 2 1 1 3490 4270 4269 4304
6066 4 2 1 1 3485 4116 705 4378
6067 4 2 1 1 3838 3875 3651 4322
6068 4 2 1 1 270 254 253 4044
6069 4 2 1 1 253 269 270 4044
6070 4 2 1 1 2891 4275 4276 4501
6071 4 2 1 1 940 948 141 3967
6072 4 2 1 1 2929 2919 2931 4005
6073 4 2 1 1 368 4368 3180 4421
6074 4 2 1 1 89 1908 1716 4084
6075 4 2 1 1 23 3160 3171 3896
6076 4 2 1 1 344 2188 2190 4407
6077 4 2 1 1 2946 3834 3932 4151
6078 4 2 1 1 1100 1052 1099 3992
6079 4 2 1 1 3699 3752 4233 4469
6080 4 2 1 1 1188 1647 4028 4041
6081 4 2 1 1 585 4093 3652 4432
6082 4 2 1 1 2962 3728 3677 4053
6083 4 2 1 1 666 568 738 4152
6084 4 2 1 1 2209 2333 2213 4184
6085 4 2 1 1 2757 128 2756 4195
6086 4 2 1 1 3928 4288 4072 4477
6087 4 2 1 1 952 3996 955 4078
6088 4 2 1 1 954 949 1210 3967
6089 4 2 1 1 2887 3592 4408 4420
6090 4 2 1 1 640 3652 651 3829
6091 4 2 1 1 2995 2994 2991 3797
6092 4 2 1 1 1995 1966 1967 4091
6093 4 2 1 1 44 805 43 4434
6094 4 2 1 1 657 661 665 4064
6095 4 2 1 1 316 326 3119 4321
6096 4 2 1 1 1456 1455 1454 3787
6097 4 2 1 1 2946 2948 3503 4115
6098 4 2 1 1 605 3581 608 3776
6099 4 2 1 1 587 1896 3882 4293
6100 4 2 1 1 366 367 3896 4368
6101 4 2 1 1 1270 140 989 4318
6102 4 2 1 1 705 4116 3485 4463
6103 4 2 1 1 2067 3624 3501 3965
6104 4 2 1 1 2716 3919 1870 4457
6105 4 2 1 1 1055 3734 1056 4040
6106 4 2 1 1 724 710 705 3485
6107 4 2 1 1 2390 2140 2099 4343
6108 4 2 1 1 3692 4213 4150 4255
6109 4 2 1 1 1017 995 1692 3983
6110 4 2 1 1 1255 1599 1254 3916
6111 4 2 1 1 3766 4062 3999 4423
6112 4 2 1 1 3684 3751 3590 4055
6113 4 2 1 1 2576 592 3920 4450
6114 4 2 1 1 203 3964 3151 3965
6115 4 2 1 1 2535 2677 2448 4279
6116 4 2 1 1 3467 4057 3993 4150
6117 4 2 1 1 3510 3460 3570 3731
6118 4 2 1 1 3568 3665 4006 4234
6119 4 2 1 1 3493 3950 3749 4001
6120 4 2 1 1 1396 3872 1419 4171
6121 4 2 1 1 267 3935 268 4043
6122 4 2 1 1 166 1922 2053 2909
6123 4 2 1 1 658 4116 3612 4378
6124 4 2 1 1 997 1003 999 4046
6125 4 2 1 1 594 4271 3690 4469
6126 4 2 1 1 3129 3879 337 4211
6127 4 2 1 1 999 1000 998 4430
6128 4 2 1 1 427 3277 3267 4308
6129 4 2 1 1 675 4086 3958 4431
6130 4 2 1 1 1231 4171 975 4504
6131 4 2 1 1 131 4120 130 4521
6132 4 2 1 1 3523 3566 4082 4207
6133 4 2 1 1 1871 2103 2140 4343
6134 4 2 1 1 1685 1012 1007 4452
6135 4 2 1 1 2074 2272 2384 4259
6136 4 2 1 1 1038 1432 981 3912
6137 4 2 1 1 316 3781 326 4321
6138 4 2 1 1 2156 2161 2157 3885
6139 4 2 1 1 2099 2591 2627 3942
6140 4 2 1 1 2576 3920 592 4277
6141 4 2 1 1 1930 1928 1929 3902
6142 4 2 1 1 1098 1633 1625 4479
6143 4 2 1 1 3341 3342 3804 4339
6144 4 2 1 1 2747 48 3633 4183
6145 4 2 1 1 2618 2499 2645 3784
6146 4 2 1 1 3535 3686 3488 4374
6147 4 2 1 1 3193 3198 384 3873
6148 4 2 1 1 470 3306 4187 4429
6149 4 2 1 1 577 742 786 775
6150 4 2 1 1 709 4176 712 4219
6151 4 2 1 1 327 1091 1394 1380
6152 4 2 1 1 251 252 3898 4043
6153 4 2 1 1 3454 3951 4142 4344
6154 4 2 1 1 645 3736 4093 4506
6155 4 2 1 1 1089 1070 1072 3857
6156 4 2 1 1 425 3940 3641 4035
6157 4 2 1 1 2467 2697 1785 3852
6158 4 2 1 1 2074 2650 2266 3851
6159 4 2 1 1 3761 4039 3719 4160
6160 4 2 1 1 1944 2909 2053 3884
6161 4 2 1 1 3063 3953 3070 4158
6162 4 2 1 1 660 632 649 4257
6163 4 2 1 1 679 677 678 3691
6164 4 2 1 1 1069 4249 1070 4415
6165 4 2 1 1 1041 3949 1497 4384
6166 4 2 1 1 3583 4098 3489 4458
6167 4 2 1 1 1418 1167 1605 4484
6168 4 2 1 1 3568 4006 4201 4358
6169 4 2 1 1 1914 2638 2195 4034
6170 4 2 1 1 3177 4368 361 4421
6171 4 2 1 1 1076 1495 1494 3787
6172 4 2 1 1 398 3234 3233 4168
6173 4 2 1 1 2952 2915 2913 4240
6174 4 2 1 1 3541 3545 3488 3889
6175 4 2 1 1 1042 4009 4290 4459
6176 4 2 1 1 3648 3841 3481 3865
6177 4 2 1 1 1637 1173 1317 4185
6178 4 2 1 1 2260 4020 3683 4021
6179 4 2 1 1 139 2833 2838 4373
6180 4 2 1 1 2499 2498 2500 3784
6181 4 2 1 1 820 818 817 4331
6182 4 2 1 1 2955 3929 2920 4005
6183 4 2 1 1 3520 3834 3927 4251
6184 4 2 1 1 3533 3460 3599 3840
6185 4 2 1 1 3579 4275 4492 4501
6186 4 2 1 1 2174 3902 3637 4289
6187 4 2 1 1 3491 3680 3975 4390
6188 4 2 1 1 1247 3744 968 4032
6189 4 2 1 1 1170 1482 1692 3983
6190 4 2 1 1 2231 2233 2230 4282
6191 4 2 1 1 3524 3823 3719 3888
6192 4 2 1 1 2225 3861 2403 4179
6193 4 2 1 1 3660 3872 1018 4171
6194 4 2 1 1 1766 1764 1777 4065
6195 4 2 1 1 2037 2671 1936 4206
6196 4 2 1 1 3198 3196 3185 3873
6197 4 2 1 1 706 695 686 4138
6198 4 2 1 1 275 4054 3751 4055
6199 4 2 1 1 2744 2745 2743 4162
6200 4 2 1 1 3211 3212 398 4168
6201 4 2 1 1 1502 1037 1224 4475
6202 4 2 1 1 1566 1525 1531 3883
6203 4 2 1 1 1143 1144 1671 4349
6204 4 2 1 1 581 4081 3581 4224
6205 4 2 1 1 84 4285 3855 4437
6206 4 2 1 1 1959 1957 1960 3930
6207 4 2 1 1 3456 4071 3948 4144
6208 4 2 1 1 786 797 3909 4122
6209 4 2 1 1 2417 2030 2031 4515
6210 4 2 1 1 3007 244 245 4049
6211 4 2 1 1 1643 863 1171 4027
6212 4 2 1 1 707 3489 4278 4391
6213 4 2 1 1 585 979 1573 4432
6214 4 2 1 1 637 601 663 3669
6215 4 2 1 1 3571 3874 3793 4124
6216 4 2 1 1 3573 3738 4216 4340
6217 4 2 1 1 2467 1786 2697 3852
6218 4 2 1 1 372 3982 3711 4047
6219 4 2 1 1 3156 3166 3165 3896
6220 4 2 1 1 2713 3767 3851 4259
6221 4 2 1 1 548 703 659 4284
6222 4 2 1 1 917 916 3975 4156
6223 4 2 1 1 2093 3682 2328 3813
6224 4 2 1 1 949 971 1210 3967
6225 4 2 1 1 3225 3766 405 4509
6226 4 2 1 1 654 641 634 4462
6227 4 2 1 1 2262 1826 1827 3774
6228 4 2 1 1 3675 4183 3511 4357
6229 4 2 1 1 4083 4365 3700 4440
6230 4 2 1 1 3550 4213 4192 4214
6231 4 2 1 1 141 4188 143 4373
6232 4 2 1 1 2881 2873 2880 3865
6233 4 2 1 1 638 660 649 3795
6234 4 2 1 1 3715 4356 3036 4464
6235 4 2 1 1 967 3819 1246 4032
6236 4 2 1 1 694 4152 4086 4431
6237 4 2 1 1 3604 4338 4337 4501
6238 4 2 1 1 1082 1621 1622 3802
6239 4 2 1 1 835 833 834 4425
6240 4 2 1 1 3631 3924 3501 3931
6241 4 2 1 1 2278 3897 2525 4259
6242 4 2 1 1 610 3636 3635 4081
6243 4 2 1 1 1836 3884 2133 4145
6244 4 2 1 1 3563 3872 3660 4171
6245 4 2 1 1 954 3967 1210 4320
6246 4 2 1 1 659 647 633 4093
6247 4 2 1 1 2495 2592 2032 4515
6248 4 2 1 1 3524 3694 3594 4085
6249 4 2 1 1 3127 324 225 4333
6250 4 2 1 1 1550 1535 1670 4473
6251 4 2 1 1 3509 3928 3717 4072
6252 4 2 1 1 405 406 3229 4062
6253 4 2 1 1 3579 4210 3661 4492
6254 4 2 1 1 635 599 3545 4229
6255 4 2 1 1 3685 4258 4154 4273
6256 4 2 1 1 3488 3544 3745 3906
6257 4 2 1 1 3806 4038 595 4427
6258 4 2 1 1 719 728 722 3494
6259 4 2 1 1 3492 4091 3608 4227
6260 4 2 1 1 3759 4300 3875 4322
6261 4 2 1 1 1042 1040 1043 4459
6262 4 2 1 1 2392 2631 2014 3986
6263 4 2 1 1 3482 3988 3976 4058
6264 4 2 1 1 943 1193 1393 3950
6265 4 2 1 1 1828 3768 3760 4110
6266 4 2 1 1 673 3525 674 3823
6267 4 2 1 1 3583 3655 3511 4098
6268 4 2 1 1 610 3636 4081 4287
6269 4 2 1 1 3485 3591 4124 4463
6270 4 2 1 1 3571 3509 3765 4123
6271 4 2 1 1 3473 4186 3920 4450
6272 4 2 1 1 362 363 3771 4368
6273 4 2 1 1 605 3544 608 3581
6274 4 2 1 1 2077 2629 2078 4497
6275 4 2 1 1 439 4136 3893 4340
6276 4 2 1 1 1753 1752 1750 4396
6277 4 2 1 1 748 760 751 3737
6278 4 2 1 1 3922 4140 3875 4510
6279 4 2 1 1 3011 3004 3013 4330
6280 4 2 1 1 4217 4294 3300 4413
6281 4 2 1 1 1564 961 1211 4493
6282 4 2 1 1 3645 4129 3867 4475
6283 4 2 1 1 1849 2402 2339 3859
6284 4 2 1 1 3863 3966 3491 4377
6285 4 2 1 1 3472 3590 4181 4332
6286 4 2 1 1 616 601 3668 3928
6287 4 2 1 1 3265 4242 3271 4305
6288 4 2 1 1 364 3179 3178 4368
6289 4 2 1 1 3016 3017 252 3898
6290 4 2 1 1 3715 3789 3574 3941
6291 4 2 1 1 2999 4153 209 4243
6292 4 2 1 1 600 3525 611 3526
6293 4 2 1 1 3974 4202 3858 4438
6294 4 2 1 1 3667 3734 3533 4415
6295 4 2 1 1 2463 588 2330 3464
6296 4 2 1 1 322 3740 321 3783
6297 4 2 1 1 2950 3619 3575 3764
6298 4 2 1 1 3674 4272 4094 4336
6299 4 2 1 1 2822 2803 2804 4132
6300 4 2 1 1 604 522 656 3775
6301 4 2 1 1 3532 3560 3898 4043
6302 4 2 1 1 613 3918 631 4033
6303 4 2 1 1 197 198 2991 3618
6304 4 2 1 1 3107 3869 315 4481
6305 4 2 1 1 3047 3042 3715 4088
6306 4 2 1 1 1233 3730 3966 4260
6307 4 2 1 1 1062 1063 1061 4415
6308 4 2 1 1 2943 3681 2942 4234
6309 4 2 1 1 1084 1634 1635 4479
6310 4 2 1 1 2217 2513 2564 3943
6311 4 2 1 1 1621 1625 1081 4479
6312 4 2 1 1 3660 3872 3468 4513
6313 4 2 1 1 462 3765 463 4328
6314 4 2 1 1 10 3804 4045 4126
6315 4 2 1 1 4087 4262 3586 4466
6316 4 2 1 1 3285 4217 3294 4511
6317 4 2 1 1 3489 4098 3583 4226
6318 4 2 1 1 2883 2881 2882 3849
6319 4 2 1 1 3640 4049 3677 4386
6320 4 2 1 1 651 3616 3711 3829
6321 4 2 1 1 2928 4005 2929 4358
6322 4 2 1 1 3661 3760 1827 3774
6323 4 2 1 1 3188 3191 3200 4194
6324 4 2 1 1 1416 4129 3643 4159
6325 4 2 1 1 423 3939 4203 4353
6326 4 2 1 1 921 4155 920 4156
6327 4 2 1 1 3194 390 3708 4263
6328 4 2 1 1 348 3142 349 3964
6329 4 2 1 1 3081 3925 294 4236
6330 4 2 1 1 2583 2111 2510 4369
6331 4 2 1 1 938 3670 1209 4193
6332 4 2 1 1 867 812 43 3874
6333 4 2 1 1 10 3804 3349 4045
6334 4 2 1 1 1967 4091 1968 4092
6335 4 2 1 1 710 705 3485 4463
6336 4 2 1 1 255 3678 256 4053
6337 4 2 1 1 364 3178 365 4368
6338 4 2 1 1 451 3302 3904 4511
6339 4 2 1 1 3019 3887 3728 3961
6340 4 2 1 1 2994 239 2993 3797
6341 4 2 1 1 3920 3989 3597 4181
6342 4 2 1 1 978 3872 1252 4106
6343 4 2 1 1 2521 3986 2523 4401
6344 4 2 1 1 3654 4147 593 4292
6345 4 2 1 1 1040 1044 1043 4347
6346 4 2 1 1 3682 3813 334 4008
6347 4 2 1 1 3568 3932 3834 4151
6348 4 2 1 1 1098 1634 1633 4479
6349 4 2 1 1 3503 3932 2946 4115
6350 4 2 1 1 2137 1720 2117 4230
6351 4 2 1 1 1389 1405 1259 4318
6352 4 2 1 1 3804 4111 3629 4126
6353 4 2 1 1 3566 3924 3931 4207
6354 4 2 1 1 4005 4006 3568 4358
6355 4 2 1 1 3545 3742 478 3843
6356 4 2 1 1 1760 1758 184 1759
6357 4 2 1 1 3623 4181 3920 4496
6358 4 2 1 1 2063 2064 2061 3767
6359 4 2 1 1 1395 1331 1364 4521
6360 4 2 1 1 3310 3735 4288 4488
6361 4 2 1 1 712 4022 717 4097
6362 4 2 1 1 668 689 675 3957
6363 4 2 1 1 2889 168 3609 3794
6364 4 2 1 1 2883 3648 3849 4276
6365 4 2 1 1 3514 4130 4022 4212
6366 4 2 1 1 3612 4378 3485 4453
6367 4 2 1 1 1174 1555 1176 4041
6368 4 2 1 1 3709 3747 3556 3808
6369 4 2 1 1 3749 3951 3587 4142
6370 4 2 1 1 3480 3599 3460 4208
6371 4 2 1 1 141 947 2774 4188
6372 4 2 1 1 3783 4018 3124 4321
6373 4 2 1 1 2121 4190 3971 4510
6374 4 2 1 1 3500 3532 3530 4044
6375 4 2 1 1 3171 3166 368 3896
6376 4 2 1 1 3570 3679 3476 3680
6377 4 2 1 1 3799 4232 3600 4485
6378 4 2 1 1 2349 2106 2689 4145
6379 4 2 1 1 3115 3944 224 3945
6380 4 2 1 1 2201 1843 1844 3764
6381 4 2 1 1 2900 2903 2902 3604
6382 4 2 1 1 673 3525 3823 4035
6383 4 2 1 1 3604 4051 3710 4337
6384 4 2 1 1 2398 2032 2721 3985
6385 4 2 1 1 2646 2697 1786 3852
6386 4 2 1 1 3989 4181 3948 4496
6387 4 2 1 1 2842 2844 2831 4388
6388 4 2 1 1 3475 3455 3994 4202
6389 4 2 1 1 3703 3999 4342 4353
6390 4 2 1 1 305 4020 2240 4481
6391 4 2 1 1 3465 3838 3576 4059
6392 4 2 1 1 1397 3738 34 3956
6393 4 2 1 1 622 3525 673 3641
6394 4 2 1 1 3603 3830 3699 4271
6395 4 2 1 1 3670 4124 3874 4403
6396 4 2 1 1 1866 1867 1869 4021
6397 4 2 1 1 104 2820 2810 4132
6398 4 2 1 1 3645 4001 3867 4117
6399 4 2 1 1 1553 1086 1085 4479
6400 4 2 1 1 3946 4050 3947 4293
6401 4 2 1 1 657 635 650 4070
6402 4 2 1 1 1113 1108 1613 4100
6403 4 2 1 1 3004 3007 245 4049
6404 4 2 1 1 3541 3545 3889 4016
6405 4 2 1 1 593 3786 4291 4292
6406 4 2 1 1 3143 3144 346 4200
6407 4 2 1 1 121 2736 122 4421
6408 4 2 1 1 727 721 707 3489
6409 4 2 1 1 2228 2240 2241 4020
6410 4 2 1 1 2228 2224 2236 4481
6411 4 2 1 1 2932 3650 2937 3884
6412 4 2 1 1 3574 3506 3580 3935
6413 4 2 1 1 2712 2620 2322 4259
6414 4 2 1 1 699 669 3868 4399
6415 4 2 1 1 1183 1185 1618 4454
6416 4 2 1 1 4087 3586 4462 4466
6417 4 2 1 1 3606 3938 4148 4438
6418 4 2 1 1 3508 3572 3630 4216
6419 4 2 1 1 1599 1041 1254 4384
6420 4 2 1 1 2899 2871 2883 4409
6421 4 2 1 1 2912 2913 4240 4400
6422 4 2 1 1 2998 3887 208 4323
6423 4 2 1 1 1900 1894 2512 4508
6424 4 2 1 1 1581 1580 1119 4393
6425 4 2 1 1 746 3763 744 4237
6426 4 2 1 1 4048 4089 3714 4112
6427 4 2 1 1 3326 470 3327 4264
6428 4 2 1 1 2407 1930 2574 3902
6429 4 2 1 1 23 2737 3896 4421
6430 4 2 1 1 3661 4210 3760 4492
6431 4 2 1 1 2575 3955 1936 4134
6432 4 2 1 1 2121 3971 2129 4510
6433 4 2 1 1 1929 2574 1930 3902
6434 4 2 1 1 3568 3929 3665 4234
6435 4 2 1 1 2837 4388 2844 4455
6436 4 2 1 1 3269 4125 3275 4308
6437 4 2 1 1 2019 3899 3705 4092
6438 4 2 1 1 3242 3254 3253 4446
6439 4 2 1 1 143 141 2774 4188
6440 4 2 1 1 3493 3459 3615 4117
6441 4 2 1 1 1806 3706 1924 3990
6442 4 2 1 1 2946 3932 3503 4151
6443 4 2 1 1 85 594 392 596
6444 4 2 1 1 392 47 594 85
6445 4 2 1 1 395 39 35 590
6446 4 2 1 1 3266 3269 3264 4125
6447 4 2 1 1 3535 3545 3488 3686
6448 4 2 1 1 2656 2373 2372 4172
6449 4 2 1 1 3070 273 3071 4054
6450 4 2 1 1 1182 1183 1638 4029
6451 4 2 1 1 3466 4140 3875 4365
6452 4 2 1 1 3195 3197 3194 3732
6453 4 2 1 1 133 2830 131 4120
6454 4 2 1 1 3603 4439 791 4487
6455 4 2 1 1 31 4031 2753 4268
6456 4 2 1 1 1293 1292 3504 4009
6457 4 2 1 1 3531 3831 3913 4336
6458 4 2 1 1 1616 986 3762 4484
6459 4 2 1 1 3515 3845 3824 4107
6460 4 2 1 1 878 1596 1239 4260
6461 4 2 1 1 2236 2224 2655 4481
6462 4 2 1 1 1627 1623 1626 3802
6463 4 2 1 1 3447 4254 3701 4256
6464 4 2 1 1 3560 3954 3561 4483
6465 4 2 1 1 3603 3886 4271 4487
6466 4 2 1 1 1010 1244 1014 4394
6467 4 2 1 1 2169 2132 2599 4289
6468 4 2 1 1 2514 3922 3856 4137
6469 4 2 1 1 2030 4018 2013 4515
6470 4 2 1 1 382 3962 381 4194
6471 4 2 1 1 3487 4154 4201 4251
6472 4 2 1 1 911 1386 1387 4486
6473 4 2 1 1 2967 3870 2968 4054
6474 4 2 1 1 749 763 752 4257
6475 4 2 1 1 2117 1721 4067 4230
6476 4 2 1 1 2849 129 2834 4119
6477 4 2 1 1 2248 305 2240 4481
6478 4 2 1 1 2694 4207 2081 4497
6479 4 2 1 1 3955 4137 1825 4206
6480 4 2 1 1 3544 3581 3776 4157
6481 4 2 1 1 3750 4507 4152 4512
6482 4 2 1 1 1348 1255 1282 4238
6483 4 2 1 1 1034 1035 1330 3998
6484 4 2 1 1 1294 913 3504 4105
6485 4 2 1 1 1187 1638 1543 4416
6486 4 2 1 1 1562 1244 1030 4394
6487 4 2 1 1 1237 936 937 4445
6488 4 2 1 1 137 135 4320 4380
6489 4 2 1 1 1410 1347 1220 4346
6490 4 2 1 1 3740 3783 3124 4321
6491 4 2 1 1 3954 4336 3674 4483
6492 4 2 1 1 611 3525 622 3733
6493 4 2 1 1 3595 3766 4147 4357
6494 4 2 1 1 716 713 715 4097
6495 4 2 1 1 2015 2016 2029 3683
6496 4 2 1 1 2630 2414 2475 4498
6497 4 2 1 1 3708 3194 4263 4503
6498 4 2 1 1 1250 3970 3752 4469
6499 4 2 1 1 1910 2130 1820 4370
6500 4 2 1 1 2406 3512 2403 3861
6501 4 2 1 1 1586 1536 1541 3878
6502 4 2 1 1 596 4437 2124 4438
6503 4 2 1 1 600 668 3525 3957
6504 4 2 1 1 143 2774 947 4188
6505 4 2 1 1 186 3631 3566 3924
6506 4 2 1 1 2982 2981 190 3789
6507 4 2 1 1 1281 1283 1299 4347
6508 4 2 1 1 587 2463 1896 4293
6509 4 2 1 1 3587 3951 3484 4283
6510 4 2 1 1 2153 2695 2152 4500
6511 4 2 1 1 615 689 529 3957
6512 4 2 1 1 2124 4436 1891 4437
6513 4 2 1 1 234 2997 233 3959
6514 4 2 1 1 2128 2407 2574 4381
6515 4 2 1 1 3019 3640 3961 4424
6516 4 2 1 1 4010 4155 921 4156
6517 4 2 1 1 2439 4179 2615 4326
6518 4 2 1 1 688 3583 671 4278
6519 4 2 1 1 3635 4269 4182 4449
6520 4 2 1 1 2747 3801 117 4031
6521 4 2 1 1 2629 2077 2587 3905
6522 4 2 1 1 439 455 4136 4340
6523 4 2 1 1 3572 3956 3738 4448
6524 4 2 1 1 3969 4283 3587 4284
6525 4 2 1 1 79 80 1709 4045
6526 4 2 1 1 2235 2239 2233 3991
6527 4 2 1 1 2221 3512 2223 4461
6528 4 2 1 1 2188 333 344 2562
6529 4 2 1 1 429 4242 3773 4345
6530 4 2 1 1 387 3711 371 3829
6531 4 2 1 1 1075 1471 1624 4017
6532 4 2 1 1 1474 3907 3827 4360
6533 4 2 1 1 4226 4278 3583 4458
6534 4 2 1 1 3150 3148 3796 3905
6535 4 2 1 1 3680 4155 3562 4156
6536 4 2 1 1 3045 270 3826 4356
6537 4 2 1 1 3212 397 398 4297
6538 4 2 1 1 3148 2552 2555 4173
6539 4 2 1 1 786 797 778 3909
6540 4 2 1 1 429 3773 430 4345
6541 4 2 1 1 3893 4136 3653 4340
6542 4 2 1 1 764 738 753 4152
6543 4 2 1 1 3517 3628 3708 3732
6544 4 2 1 1 3468 4104 3872 4106
6545 4 2 1 1 582 4081 3636 4287
6546 4 2 1 1 2063 2061 2632 3767
6547 4 2 1 1 932 1384 1388 4010
6548 4 2 1 1 3150 3624 3141 3964
6549 4 2 1 1 3601 3882 3822 4298
6550 4 2 1 1 44 43 3874 4434
6551 4 2 1 1 728 3494 719 4174
6552 4 2 1 1 3344 3335 3337 4235
6553 4 2 1 1 2698 2156 2157 3885
6554 4 2 1 1 3587 4106 3749 4142
6555 4 2 1 1 1050 3807 3679 3998
6556 4 2 1 1 828 3821 880 3824
6557 4 2 1 1 3612 3509 3765 4453
6558 4 2 1 1 4002 4003 3630 4467
6559 4 2 1 1 2255 2601 4230 4338
6560 4 2 1 1 2937 3631 185 4065
6561 4 2 1 1 3162 3163 3164 3984
6562 4 2 1 1 1447 329 1465 1451
6563 4 2 1 1 1169 1416 1163 4159
6564 4 2 1 1 3954 4272 3674 4336
6565 4 2 1 1 793 802 782 4024
6566 4 2 1 1 731 724 705 4378
6567 4 2 1 1 1461 1462 1463 3787
6568 4 2 1 1 1684 989 988 4307
6569 4 2 1 1 3658 3996 952 4078
6570 4 2 1 1 3539 4255 4150 4301
6571 4 2 1 1 3720 3893 3630 4216
6572 4 2 1 1 2027 2603 2025 4281
6573 4 2 1 1 3096 289 290 3722
6574 4 2 1 1 750 761 738 3750
6575 4 2 1 1 2994 240 239 3797
6576 4 2 1 1 2862 2860 3774 4492
6577 4 2 1 1 3539 3895 3836 4150
6578 4 2 1 1 936 1313 812 3874
6579 4 2 1 1 592 4277 3920 4450
6580 4 2 1 1 2232 2233 2234 4337
6581 4 2 1 1 451 452 3302 4511
6582 4 2 1 1 1392 3752 972 3877
6583 4 2 1 1 690 699 682 4399
6584 4 2 1 1 680 678 3552 3691
6585 4 2 1 1 2495 3985 2398 4515
6586 4 2 1 1 443 444 3719 4039
6587 4 2 1 1 2723 1930 2174 3902
6588 4 2 1 1 778 770 792 3988
6589 4 2 1 1 763 747 754 3792
6590 4 2 1 1 2891 4276 2900 4501
6591 4 2 1 1 2739 2738 2736 4421
6592 4 2 1 1 3790 3791 3550 4057
6593 4 2 1 1 443 4039 3719 4294
6594 4 2 1 1 3861 3944 2403 4179
6595 4 2 1 1 3035 3046 3038 4397
6596 4 2 1 1 2712 2074 2620 4259
6597 4 2 1 1 3551 777 3988 4058
6598 4 2 1 1 3526 3761 3719 4160
6599 4 2 1 1 625 606 614 3890
6600 4 2 1 1 1472 1446 1449 4261
6601 4 2 1 1 3142 348 3146 3964
6602 4 2 1 1 623 4269 619 4304
6603 4 2 1 1 3491 3975 3863 4390
6604 4 2 1 1 648 3891 650 4070
6605 4 2 1 1 988 4063 1311 4307
6606 4 2 1 1 3755 4348 4083 4440
6607 4 2 1 1 3571 3611 3777 4123
6608 4 2 1 1 2156 2153 2164 3885
6609 4 2 1 1 1839 2410 2134 4166
6610 4 2 1 1 1306 3577 1319 4367
6611 4 2 1 1 1231 4334 4171 4504
6612 4 2 1 1 1829 1939 1938 4110
6613 4 2 1 1 2902 2903 181 4051
6614 4 2 1 1 1911 1913 3785 4258
6615 4 2 1 1 3041 3040 268 4131
6616 4 2 1 1 1325 1290 1600 3997
6617 4 2 1 1 1616 984 986 4484
6618 4 2 1 1 203 3959 2997 3964
6619 4 2 1 1 2022 2020 2568 4218
6620 4 2 1 1 702 4458 727 4460
6621 4 2 1 1 707 4197 3489 4391
6622 4 2 1 1 2703 2417 2031 4515
6623 4 2 1 1 487 3804 3349 4126
6624 4 2 1 1 1129 1128 1131 4383
6625 4 2 1 1 1900 2691 1894 4508
6626 4 2 1 1 3806 4023 3534 4324
6627 4 2 1 1 3606 3974 4436 4438
6628 4 2 1 1 3640 4330 4049 4424
6629 4 2 1 1 910 913 1483 4105
6630 4 2 1 1 3904 4039 3594 4350
6631 4 2 1 1 373 4047 372 4060
6632 4 2 1 1 2060 3767 2461 4442
6633 4 2 1 1 138 3809 4109 4388
6634 4 2 1 1 2458 1880 1879 4426
6635 4 2 1 1 2407 3902 2574 4381
6636 4 2 1 1 198 2995 2991 3930
6637 4 2 1 1 3450 4362 4070 4419
6638 4 2 1 1 3804 3906 3341 4339
6639 4 2 1 1 1237 945 1262 4445
6640 4 2 1 1 3646 3732 4285 4286
6641 4 2 1 1 1126 1124 1123 3835
6642 4 2 1 1 2183 3906 3971 4025
6643 4 2 1 1 3578 4025 3906 4374
6644 4 2 1 1 422 421 3256 3939
6645 4 2 1 1 3341 3804 3745 3906
6646 4 2 1 1 433 3280 434 4305
6647 4 2 1 1 2202 2400 2401 4369
6648 4 2 1 1 3171 3169 3166 3896
6649 4 2 1 1 1227 1226 1224 3867
6650 4 2 1 1 3783 4515 4227 4516
6651 4 2 1 1 1318 3688 1243 3881
6652 4 2 1 1 843 1249 861 4068
6653 4 2 1 1 3620 4025 3906 4339
6654 4 2 1 1 2425 2222 2557 3978
6655 4 2 1 1 2603 3785 1913 4034
6656 4 2 1 1 2896 2897 172 3728
6657 4 2 1 1 3560 3961 3898 4225
6658 4 2 1 1 3624 3905 3501 4200
6659 4 2 1 1 2240 305 2252 4020
6660 4 2 1 1 616 3581 612 3625
6661 4 2 1 1 2909 2908 2910 3748
6662 4 2 1 1 2996 206 205 4133
6663 4 2 1 1 3671 3277 4242 4308
6664 4 2 1 1 454 3294 3811 4511
6665 4 2 1 1 4337 4338 3710 4501
6666 4 2 1 1 3568 4151 3834 4201
6667 4 2 1 1 3605 4348 3755 4400
6668 4 2 1 1 641 638 649 3795
6669 4 2 1 1 2976 2980 185 3631
6670 4 2 1 1 3154 364 3984 4368
6671 4 2 1 1 3495 3689 3555 4478
6672 4 2 1 1 1458 1459 1456 3787
6673 4 2 1 1 1845 2138 2344 4231
6674 4 2 1 1 1912 2638 1911 4258
6675 4 2 1 1 1939 4110 2253 4433
6676 4 2 1 1 2502 4091 3618 4092
6677 4 2 1 1 2037 1825 2036 4206
6678 4 2 1 1 2283 2322 2525 4169
6679 4 2 1 1 842 843 841 4068
6680 4 2 1 1 792 559 684 3976
6681 4 2 1 1 2900 4276 3604 4501
6682 4 2 1 1 3609 3794 2386 4223
6683 4 2 1 1 934 136 2767 879
6684 4 2 1 1 673 3823 674 4035
6685 4 2 1 1 2040 2598 3619 4369
6686 4 2 1 1 556 671 773 3584
6687 4 2 1 1 2698 2154 2156 3885
6688 4 2 1 1 3227 3952 3226 4355
6689 4 2 1 1 1261 4037 582 4232
6690 4 2 1 1 2014 2651 2391 4401
6691 4 2 1 1 541 636 662 4303
6692 4 2 1 1 3323 3310 3315 4288
6693 4 2 1 1 3679 3807 3680 3998
6694 4 2 1 1 2634 2661 1969 3780
6695 4 2 1 1 180 181 3664 4007
6696 4 2 1 1 1103 1476 1409 3827
6697 4 2 1 1 4313 3578 4362 4374
6698 4 2 1 1 2938 2908 2924 3748
6699 4 2 1 1 907 58 134 2765
6700 4 2 1 1 241 3026 242 4323
6701 4 2 1 1 3762 3912 3600 4290
6702 4 2 1 1 344 345 4008 4407
6703 4 2 1 1 2108 3631 3931 4405
6704 4 2 1 1 633 718 548 4284
6705 4 2 1 1 676 3958 675 4086
6706 4 2 1 1 1015 1014 1344 4518
6707 4 2 1 1 1196 1195 1197 3960
6708 4 2 1 1 1157 330 1672 1146
6709 4 2 1 1 781 3518 784 3690
6710 4 2 1 1 2465 1986 2160 4118
6711 4 2 1 1 1963 3930 4091 4118
6712 4 2 1 1 3729 3920 3597 4496
6713 4 2 1 1 681 3653 677 4316
6714 4 2 1 1 1095 3679 4040 4180
6715 4 2 1 1 3530 3505 3678 3778
6716 4 2 1 1 644 3736 645 4506
6717 4 2 1 1 1302 1554 932 4010
6718 4 2 1 1 3777 3313 4328 4488
6719 4 2 1 1 1620 1097 3787 4249
6720 4 2 1 1 3579 4492 3661 4501
6721 4 2 1 1 1773 1772 1774 4396
6722 4 2 1 1 3499 4034 3785 4151
6723 4 2 1 1 1488 1170 3983 4103
6724 4 2 1 1 3615 3996 3867 4117
6725 4 2 1 1 3190 4194 3962 4503
6726 4 2 1 1 2611 1897 3947 4293
6727 4 2 1 1 2927 2941 2955 4234
6728 4 2 1 1 3449 3848 4097 4219
6729 4 2 1 1 2458 4426 3880 4490
6730 4 2 1 1 1699 1703 1702 4447
6731 4 2 1 1 2064 2070 2461 4442
6732 4 2 1 1 480 4313 4165 4327
6733 4 2 1 1 254 3634 3778 4044
6734 4 2 1 1 2949 3575 2948 4115
6735 4 2 1 1 43 812 44 3874
6736 4 2 1 1 323 322 3127 3441
6737 4 2 1 1 1127 1663 1660 3835
6738 4 2 1 1 2067 2068 3624 3965
6739 4 2 1 1 568 666 683 4152
6740 4 2 1 1 1387 3730 4260 4486
6741 4 2 1 1 671 3584 3583 4199
6742 4 2 1 1 1541 1528 1542 3878
6743 4 2 1 1 916 3975 3680 4410
6744 4 2 1 1 749 747 763 3792
6745 4 2 1 1 136 2836 138 4109
6746 4 2 1 1 3154 3771 363 4368
6747 4 2 1 1 771 4439 3758 4487
6748 4 2 1 1 3137 3129 3128 3706
6749 4 2 1 1 3226 3952 3215 4509
6750 4 2 1 1 3668 3775 3541 4016
6751 4 2 1 1 3690 4271 3886 4487
6752 4 2 1 1 3550 3692 4192 4213
6753 4 2 1 1 3453 4140 3922 4510
6754 4 2 1 1 2007 2008 2015 3782
6755 4 2 1 1 910 1483 909 4105
6756 4 2 1 1 3606 4148 3938 4437
6757 4 2 1 1 642 3972 3853 4306
6758 4 2 1 1 446 4160 3761 4499
6759 4 2 1 1 609 3526 611 3636
6760 4 2 1 1 3107 3106 3112 3861
6761 4 2 1 1 2052 4170 3650 4405
6762 4 2 1 1 3465 3880 3759 4322
6763 4 2 1 1 2103 3729 2182 4038
6764 4 2 1 1 3760 4210 3537 4492
6765 4 2 1 1 1179 1189 3819 4041
6766 4 2 1 1 1644 4430 861 4518
6767 4 2 1 1 994 3872 3660 4513
6768 4 2 1 1 3671 4002 3630 4308
6769 4 2 1 1 266 4012 3754 4225
6770 4 2 1 1 3077 3870 216 4042
6771 4 2 1 1 3621 3743 3522 3939
6772 4 2 1 1 2930 2931 3834 4358
6773 4 2 1 1 1496 1466 1495 3787
6774 4 2 1 1 3513 4021 3644 4282
6775 4 2 1 1 1169 1365 1416 4159
6776 4 2 1 1 3035 3038 3037 4397
6777 4 2 1 1 663 637 3669 4378
6778 4 2 1 1 3187 3194 3202 4503
6779 4 2 1 1 479 3742 3736 4191
6780 4 2 1 1 595 596 3806 4427
6781 4 2 1 1 3490 4269 4182 4304
6782 4 2 1 1 787 790 801 4250
6783 4 2 1 1 3449 4097 4022 4219
6784 4 2 1 1 998 1001 1563 4430
6785 4 2 1 1 556 697 671 3584
6786 4 2 1 1 611 3636 3526 3911
6787 4 2 1 1 3841 3849 2880 3865
6788 4 2 1 1 3143 345 3149 4200
6789 4 2 1 1 3708 4019 390 4503
6790 4 2 1 1 2012 2479 2010 3987
6791 4 2 1 1 2576 3920 1866 4186
6792 4 2 1 1 3309 3777 468 4187
6793 4 2 1 1 2756 127 2759 4195
6794 4 2 1 1 2020 2019 2021 3899
6795 4 2 1 1 2545 2535 2448 4279
6796 4 2 1 1 651 3616 636 3711
6797 4 2 1 1 1208 3908 1349 4389
6798 4 2 1 1 165 98 2547 3774
6799 4 2 1 1 2259 2518 1932 4205
6800 4 2 1 1 1499 3667 1406 4249
6801 4 2 1 1 3460 3643 3599 4302
6802 4 2 1 1 639 640 3711 4139
6803 4 2 1 1 3102 296 297 3980
6804 4 2 1 1 755 736 762 4250
6805 4 2 1 1 557 773 671 3703
6806 4 2 1 1 1069 1406 1617 4249
6807 4 2 1 1 1333 1334 1287 4127
6808 4 2 1 1 3730 4221 3966 4260
6809 4 2 1 1 3635 3636 623 3911
6810 4 2 1 1 641 642 3853 4306
6811 4 2 1 1 2721 2032 2397 3985
6812 4 2 1 1 3150 3141 3624 3796
6813 4 2 1 1 311 312 3115 3441
6814 4 2 1 1 3545 3686 478 3742
6815 4 2 1 1 837 866 835 4482
6816 4 2 1 1 409 3810 3772 4096
6817 4 2 1 1 1914 4034 2194 4218
6818 4 2 1 1 1128 1151 1131 4383
6819 4 2 1 1 3479 4253 4095 4412
6820 4 2 1 1 3756 4055 3849 4265
6821 4 2 1 1 3464 3947 3561 4059
6822 4 2 1 1 88 1713 1823 4146
6823 4 2 1 1 2439 2615 2257 4326
6824 4 2 1 1 226 3109 3945 4007
6825 4 2 1 1 3258 4000 3260 4375
6826 4 2 1 1 2219 2220 2218 4461
6827 4 2 1 1 1586 1213 1536 3878
6828 4 2 1 1 1249 844 849 4068
6829 4 2 1 1 405 3766 4062 4509
6830 4 2 1 1 3705 3781 2001 4161
6831 4 2 1 1 2231 4282 2238 4457
6832 4 2 1 1 1553 1379 1337 4127
6833 4 2 1 1 182 3446 4067 4514
6834 4 2 1 1 1555 1174 1173 4185
6835 4 2 1 1 911 4105 3730 4486
6836 4 2 1 1 830 3845 827 4310
6837 4 2 1 1 1252 1024 1025 4104
6838 4 2 1 1 133 2850 2830 4380
6839 4 2 1 1 2089 2087 333 3813
6840 4 2 1 1 374 3830 3712 3886
6841 4 2 1 1 2284 2525 2322 4259
6842 4 2 1 1 3492 4161 4091 4227
6843 4 2 1 1 3032 3030 3036 4464
6844 4 2 1 1 1320 3577 1326 3997
6845 4 2 1 1 3480 3949 3762 4459
6846 4 2 1 1 590 1046 1349 3908
6847 4 2 1 1 3046 266 3044 4012
6848 4 2 1 1 4022 3662 4212 4465
6849 4 2 1 1 130 4119 3679 4120
6850 4 2 1 1 1660 1659 1127 3835
6851 4 2 1 1 3474 3590 3516 4055
6852 4 2 1 1 1207 4026 1203 4102
6853 4 2 1 1 442 425 426 4035
6854 4 2 1 1 425 442 441 4035
6855 4 2 1 1 1225 1328 1227 4129
6856 4 2 1 1 133 1350 135 3788
6857 4 2 1 1 879 136 3809 3863
6858 4 2 1 1 3599 3840 3460 4302
6859 4 2 1 1 3055 4042 3057 4317
6860 4 2 1 1 3341 3745 474 3906
6861 4 2 1 1 722 3494 728 4439
6862 4 2 1 1 2774 1559 67 143
6863 4 2 1 1 714 730 4283 4284
6864 4 2 1 1 142 144 2775 4063
6865 4 2 1 1 827 3845 1265 4107
6866 4 2 1 1 2154 2153 2156 3885
6867 4 2 1 1 2135 3631 2108 4405
6868 4 2 1 1 282 283 3065 3871
6869 4 2 1 1 2379 2641 2581 4172
6870 4 2 1 1 3485 4128 710 4463
6871 4 2 1 1 457 3318 3314 4280
6872 4 2 1 1 329 3521 3667 3812
6873 4 2 1 1 2860 2863 2890 4492
6874 4 2 1 1 3683 3894 2029 4186
6875 4 2 1 1 1781 1780 1775 3973
6876 4 2 1 1 2601 4210 3661 4338
6877 4 2 1 1 1826 1815 96 3774
6878 4 2 1 1 1111 1116 1112 4101
6879 4 2 1 1 3504 4010 1296 4105
6880 4 2 1 1 1343 845 4068 4198
6881 4 2 1 1 3535 3629 3620 3804
6882 4 2 1 1 939 1428 4445 4475
6883 4 2 1 1 2422 2715 2662 4099
6884 4 2 1 1 616 617 601 3928
6885 4 2 1 1 1794 3546 1800 3859
6886 4 2 1 1 3627 3829 4175 4361
6887 4 2 1 1 3491 4010 3730 4156
6888 4 2 1 1 1706 1709 1710 4372
6889 4 2 1 1 440 4136 3718 4467
6890 4 2 1 1 960 1216 1544 4493
6891 4 2 1 1 4148 4285 3938 4437
6892 4 2 1 1 167 1758 1756 1757
6893 4 2 1 1 2316 2337 2167 4364
6894 4 2 1 1 3485 3612 4116 4378
6895 4 2 1 1 795 3603 791 4487
6896 4 2 1 1 2655 2224 2406 3861
6897 4 2 1 1 3550 3993 3790 4057
6898 4 2 1 1 1846 2319 2492 4364
6899 4 2 1 1 905 908 906 4486
6900 4 2 1 1 3567 3955 4134 4206
6901 4 2 1 1 2579 3644 2241 4020
6902 4 2 1 1 3499 3785 4034 4258
6903 4 2 1 1 3006 3025 242 4323
6904 4 2 1 1 246 3027 247 4330
6905 4 2 1 1 1037 4108 3867 4475
6906 4 2 1 1 1054 1053 1055 4385
6907 4 2 1 1 3760 4110 3537 4433
6908 4 2 1 1 2931 2946 195 3927
6909 4 2 1 1 2191 2263 2264 3794
6910 4 2 1 1 1231 975 974 4504
6911 4 2 1 1 770 669 3976 4058
6912 4 2 1 1 657 650 661 4064
6913 4 2 1 1 699 680 3552 4245
6914 4 2 1 1 349 3152 348 3964
6915 4 2 1 1 458 3318 457 4288
6916 4 2 1 1 3561 3947 3464 3954
6917 4 2 1 1 3650 4166 2410 4405
6918 4 2 1 1 570 687 756 698
6919 4 2 1 1 831 1693 4102 4310
6920 4 2 1 1 1827 1826 1718 3774
6921 4 2 1 1 2591 2100 3942 4433
6922 4 2 1 1 541 774 636 4303
6923 4 2 1 1 88 1823 39 4146
6924 4 2 1 1 810 903 1312 4183
6925 4 2 1 1 401 402 3208 4268
6926 4 2 1 1 1587 1688 926 4367
6927 4 2 1 1 3523 3880 3682 4426
6928 4 2 1 1 2010 3781 3987 4018
6929 4 2 1 1 3836 3895 3539 4502
6930 4 2 1 1 55 816 131 2762
6931 4 2 1 1 1301 4010 3730 4105
6932 4 2 1 1 1209 3670 868 4403
6933 4 2 1 1 3867 4117 3564 4129
6934 4 2 1 1 1699 52 51 3956
6935 4 2 1 1 1573 3749 1641 4193
6936 4 2 1 1 2382 2373 2378 4172
6937 4 2 1 1 786 778 775 3909
6938 4 2 1 1 956 955 957 4078
6939 4 2 1 1 1311 819 823 4063
6940 4 2 1 1 3575 3503 4073 4281
6941 4 2 1 1 2568 2038 4218 4281
6942 4 2 1 1 1131 1151 1133 4383
6943 4 2 1 1 672 683 675 4431
6944 4 2 1 1 3571 4124 4123 4434
6945 4 2 1 1 3502 4050 3946 4228
6946 4 2 1 1 2731 2730 37 4141
6947 4 2 1 1 3620 4327 3866 4374
6948 4 2 1 1 1893 3974 1890 4293
6949 4 2 1 1 139 3967 141 4373
6950 4 2 1 1 3730 4105 3504 4505
6951 4 2 1 1 561 695 706 732
6952 4 2 1 1 2419 4099 2612 4516
6953 4 2 1 1 2060 2461 2107 4442
6954 4 2 1 1 1002 1021 1020 4103
6955 4 2 1 1 261 3051 209 4153
6956 4 2 1 1 3532 3778 3530 4044
6957 4 2 1 1 3920 4277 3597 4450
6958 4 2 1 1 2794 2824 2805 4363
6959 4 2 1 1 405 4062 3229 4509
6960 4 2 1 1 2371 3624 2381 4011
6961 4 2 1 1 1812 3609 1774 4396
6962 4 2 1 1 133 4120 131 4472
6963 4 2 1 1 405 3766 404 4147
6964 4 2 1 1 2743 2746 123 4162
6965 4 2 1 1 3507 3696 3790 4483
6966 4 2 1 1 1213 1586 961 4493
6967 4 2 1 1 2261 591 592 4450
6968 4 2 1 1 2646 1786 2337 4364
6969 4 2 1 1 3766 4183 48 4357
6970 4 2 1 1 2103 4076 2140 4343
6971 4 2 1 1 916 914 915 4410
6972 4 2 1 1 2134 2133 3884 4145
6973 4 2 1 1 2166 1786 2467 4215
6974 4 2 1 1 703 3969 4174 4284
6975 4 2 1 1 1252 4104 1253 4106
6976 4 2 1 1 1405 1305 1404 3809
6977 4 2 1 1 122 2733 121 4421
6978 4 2 1 1 3092 301 3709 3808
6979 4 2 1 1 3905 4200 3924 4497
6980 4 2 1 1 248 3015 247 4330
6981 4 2 1 1 269 3826 270 4044
6982 4 2 1 1 2126 2106 1935 4134
6983 4 2 1 1 602 527 670 3641
6984 4 2 1 1 2336 4227 2030 4516
6985 4 2 1 1 2922 3932 4240 4400
6986 4 2 1 1 3846 4084 38 4312
6987 4 2 1 1 446 19 15 4499
6988 4 2 1 1 3508 3773 3672 4242
6989 4 2 1 1 3469 4298 3601 4491
6990 4 2 1 1 2695 2686 2152 4500
6991 4 2 1 1 3305 3777 3312 4328
6992 4 2 1 1 2246 4051 2516 4337
6993 4 2 1 1 608 3581 616 3776
6994 4 2 1 1 2360 2504 2506 4376
6995 4 2 1 1 2243 2242 4210 4338
6996 4 2 1 1 1185 1211 1212 4029
6997 4 2 1 1 1017 1016 995 3983
6998 4 2 1 1 3571 3765 3611 4123
6999 4 2 1 1 2904 2871 2899 4409
7000 4 2 1 1 3611 3765 3509 4453
7001 4 2 1 1 2661 1964 1965 4118
7002 4 2 1 1 715 4097 717 4465
7003 4 2 1 1 788 3833 3723 4353
7004 4 2 1 1 1817 81 1715 4025
7005 4 2 1 1 3274 3720 3273 4474
7006 4 2 1 1 731 663 626 4378
7007 4 2 1 1 2682 2472 1846 4364
7008 4 2 1 1 3540 3728 3677 3887
7009 4 2 1 1 688 3583 4278 4458
7010 4 2 1 1 3663 3556 3747 3808
7011 4 2 1 1 3713 3924 3905 4200
7012 4 2 1 1 1232 1233 1414 3966
7013 4 2 1 1 140 2831 142 4388
7014 4 2 1 1 938 1209 941 4193
7015 4 2 1 1 2878 3865 2873 4409
7016 4 2 1 1 699 3868 680 4245
7017 4 2 1 1 2854 2841 3963 4121
7018 4 2 1 1 452 3286 3285 4217
7019 4 2 1 1 3760 3537 4210 4433
7020 4 2 1 1 3908 4460 3676 4465
7021 4 2 1 1 3006 3012 3025 4323
7022 4 2 1 1 3733 3911 3526 4160
7023 4 2 1 1 923 922 921 4155
7024 4 2 1 1 642 644 643 3972
7025 4 2 1 1 3240 411 3250 3772
7026 4 2 1 1 2075 2076 2573 3931
7027 4 2 1 1 2892 2904 2899 4275
7028 4 2 1 1 3597 3920 3729 4277
7029 4 2 1 1 2883 3849 3648 4409
7030 4 2 1 1 529 689 668 3957
7031 4 2 1 1 1103 1474 3667 3827
7032 4 2 1 1 3281 4075 437 4125
7033 4 2 1 1 3255 3243 3244 4446
7034 4 2 1 1 3553 3495 3632 4478
7035 4 2 1 1 3542 3824 3657 4371
7036 4 2 1 1 328 3533 3649 3857
7037 4 2 1 1 746 4237 748 4422
7038 4 2 1 1 2330 2329 2462 3947
7039 4 2 1 1 3541 3889 3745 4016
7040 4 2 1 1 940 63 139 2772
7041 4 2 1 1 1339 4103 1000 4430
7042 4 2 1 1 3119 3118 3987 4018
7043 4 2 1 1 1233 3966 878 4260
7044 4 2 1 1 3668 3541 3776 4016
7045 4 2 1 1 2319 2313 2492 4364
7046 4 2 1 1 2848 141 143 4373
7047 4 2 1 1 2009 2030 1998 4227
7048 4 2 1 1 1771 2673 1752 4396
7049 4 2 1 1 965 1493 3867 4108
7050 4 2 1 1 4037 4182 3514 4449
7051 4 2 1 1 616 612 617 3625
7052 4 2 1 1 819 823 4063 4371
7053 4 2 1 1 3539 4150 4112 4301
7054 4 2 1 1 269 3045 270 3826
7055 4 2 1 1 522 637 656 3775
7056 4 2 1 1 3066 3062 3065 3814
7057 4 2 1 1 1869 1867 2453 4021
7058 4 2 1 1 2933 3566 186 3631
7059 4 2 1 1 619 4269 4270 4304
7060 4 2 1 1 4086 3461 4325 4431
7061 4 2 1 1 3299 3289 3287 4039
7062 4 2 1 1 122 2736 2737 4421
7063 4 2 1 1 3595 4197 789 4391
7064 4 2 1 1 2939 2949 2948 4115
7065 4 2 1 1 3260 4000 416 4375
7066 4 2 1 1 783 781 3690 4427
7067 4 2 1 1 3000 222 221 3870
7068 4 2 1 1 1290 1321 1326 3997
7069 4 2 1 1 720 709 701 4182
7070 4 2 1 1 3677 4323 3012 4386
7071 4 2 1 1 582 581 4081 4287
7072 4 2 1 1 3046 3704 4012 4243
7073 4 2 1 1 1070 1064 1069 4415
7074 4 2 1 1 2046 1864 2576 3920
7075 4 2 1 1 135 2835 2850 4380
7076 4 2 1 1 1963 1960 2593 3930
7077 4 2 1 1 768 570 756 698
7078 4 2 1 1 3083 3082 3081 4387
7079 4 2 1 1 3470 4144 3977 4247
7080 4 2 1 1 1233 1387 1386 4260
7081 4 2 1 1 3753 4332 3919 4343
7082 4 2 1 1 3494 4303 3603 4439
7083 4 2 1 1 3625 3776 3581 4157
7084 4 2 1 1 1932 4204 1811 4395
7085 4 2 1 1 2564 2513 2256 3943
7086 4 2 1 1 846 845 1697 4198
7087 4 2 1 1 1416 3643 1163 4159
7088 4 2 1 1 2356 2358 2065 3805
7089 4 2 1 1 940 141 139 3967
7090 4 2 1 1 928 1546 1594 4366
7091 4 2 1 1 3040 3045 269 4131
7092 4 2 1 1 3584 3999 773 4391
7093 4 2 1 1 3606 4437 3938 4438
7094 4 2 1 1 2113 2709 1886 3931
7095 4 2 1 1 3697 4165 3917 4362
7096 4 2 1 1 748 751 750 4422
7097 4 2 1 1 1499 1062 1103 4415
7098 4 2 1 1 3696 3674 4336 4483
7099 4 2 1 1 2619 2668 1969 3780
7100 4 2 1 1 1081 1080 1621 4479
7101 4 2 1 1 3663 3925 4052 4236
7102 4 2 1 1 934 136 879 3863
7103 4 2 1 1 3232 401 400 4268
7104 4 2 1 1 3740 4018 3783 4321
7105 4 2 1 1 781 802 3518 4324
7106 4 2 1 1 1786 2166 2167 4215
7107 4 2 1 1 1964 1962 1963 4118
7108 4 2 1 1 4271 4469 3603 4487
7109 4 2 1 1 3026 4049 244 4323
7110 4 2 1 1 792 770 559 3976
7111 4 2 1 1 3499 4251 4154 4273
7112 4 2 1 1 951 949 953 3967
7113 4 2 1 1 1243 1564 1211 3688
7114 4 2 1 1 585 3652 4093 4506
7115 4 2 1 1 140 3809 3542 4318
7116 4 2 1 1 3712 3830 3603 3886
7117 4 2 1 1 2424 3706 1804 4289
7118 4 2 1 1 2726 2390 1870 4343
7119 4 2 1 1 2794 2805 2786 4363
7120 4 2 1 1 405 3229 3218 4509
7121 4 2 1 1 1580 1160 1120 4393
7122 4 2 1 1 3185 3196 385 3822
7123 4 2 1 1 2611 2669 1897 4293
7124 4 2 1 1 3654 4292 593 4427
7125 4 2 1 1 3734 4167 3533 4415
7126 4 2 1 1 423 3253 3254 4061
7127 4 2 1 1 3643 3659 3564 4319
7128 4 2 1 1 2629 3905 2587 4173
7129 4 2 1 1 4123 4124 3765 4191
7130 4 2 1 1 423 3939 4061 4203
7131 4 2 1 1 642 648 644 4306
7132 4 2 1 1 3133 3130 3132 3879
7133 4 2 1 1 2217 2564 2214 3943
7134 4 2 1 1 1353 1007 1355 4295
7135 4 2 1 1 2586 4207 2198 4490
7136 4 2 1 1 3759 3880 2658 4322
7137 4 2 1 1 984 1167 4484 4485
7138 4 2 1 1 2349 1837 2134 4145
7139 4 2 1 1 1818 2045 1817 4190
7140 4 2 1 1 3625 3776 3717 3928
7141 4 2 1 1 3489 4197 3595 4391
7142 4 2 1 1 375 376 3699 4271
7143 4 2 1 1 793 787 769 3844
7144 4 2 1 1 674 3653 677 3718
7145 4 2 1 1 3101 3925 296 3980
7146 4 2 1 1 1348 3547 3916 4238
7147 4 2 1 1 1815 1826 2262 3774
7148 4 2 1 1 3457 4221 3730 4505
7149 4 2 1 1 3292 3294 3285 4217
7150 4 2 1 1 2741 28 83 3855
7151 4 2 1 1 1138 1315 1156 3903
7152 4 2 1 1 2198 4207 2459 4490
7153 4 2 1 1 3347 3340 479 4471
7154 4 2 1 1 848 1371 1370 4198
7155 4 2 1 1 3615 3486 3688 4078
7156 4 2 1 1 2353 4051 2246 4337
7157 4 2 1 1 1627 1626 1625 3802
7158 4 2 1 1 3146 3142 3964 4200
7159 4 2 1 1 586 1573 1641 4193
7160 4 2 1 1 2052 2136 2548 4405
7161 4 2 1 1 1473 1470 1615 4261
7162 4 2 1 1 3758 4291 3786 4292
7163 4 2 1 1 3582 3864 4226 4355
7164 4 2 1 1 3487 4201 3834 4251
7165 4 2 1 1 1675 1407 1475 3907
7166 4 2 1 1 120 3186 3199 4286
7167 4 2 1 1 3310 3735 3315 4288
7168 4 2 1 1 1495 1466 1494 3787
7169 4 2 1 1 3744 3819 3486 4032
7170 4 2 1 1 3626 3698 3519 3771
7171 4 2 1 1 2180 3922 1825 3955
7172 4 2 1 1 3522 4398 3482 4470
7173 4 2 1 1 3848 4142 3951 4344
7174 4 2 1 1 1040 3949 1044 4347
7175 4 2 1 1 2730 2729 116 4141
7176 4 2 1 1 2446 2448 2677 4178
7177 4 2 1 1 2694 4207 3713 4426
7178 4 2 1 1 3474 4071 3516 4451
7179 4 2 1 1 3541 3544 605 3776
7180 4 2 1 1 3129 3133 337 3879
7181 4 2 1 1 3482 4058 3976 4399
7182 4 2 1 1 436 437 3263 4125
7183 4 2 1 1 4150 4255 4213 4301
7184 4 2 1 1 182 2334 2207 4184
7185 4 2 1 1 86 3743 4038 4146
7186 4 2 1 1 171 2897 2886 3862
7187 4 2 1 1 2108 2556 2136 4405
7188 4 2 1 1 610 609 3636 4287
7189 4 2 1 1 2080 2629 2587 4173
7190 4 2 1 1 3717 4072 3928 4288
7191 4 2 1 1 2127 2517 2096 4382
7192 4 2 1 1 374 3175 373 3830
7193 4 2 1 1 3571 3735 3717 4280
7194 4 2 1 1 3766 3511 4183 4357
7195 4 2 1 1 694 4086 675 4431
7196 4 2 1 1 827 3845 3824 4310
7197 4 2 1 1 662 636 652 3616
7198 4 2 1 1 3557 3558 3473 3684
7199 4 2 1 1 1366 1047 1500 4482
7200 4 2 1 1 1585 1212 1214 4454
7201 4 2 1 1 1168 3599 3916 4384
7202 4 2 1 1 2919 3932 4005 4240
7203 4 2 1 1 142 2775 815 4063
7204 4 2 1 1 604 3541 3668 3775
7205 4 2 1 1 3216 3952 3227 4354
7206 4 2 1 1 1434 1068 1639 4385
7207 4 2 1 1 647 643 645 3652
7208 4 2 1 1 435 436 3264 4125
7209 4 2 1 1 3466 3803 3506 4266
7210 4 2 1 1 3504 4105 4009 4505
7211 4 2 1 1 673 674 3718 4035
7212 4 2 1 1 3506 3803 3549 4266
7213 4 2 1 1 1706 1710 4025 4372
7214 4 2 1 1 3459 3660 3809 4377
7215 4 2 1 1 746 750 3934 4422
7216 4 2 1 1 1344 1562 1029 4394
7217 4 2 1 1 2036 4137 3785 4206
7218 4 2 1 1 2670 2436 2434 4326
7219 4 2 1 1 482 483 3348 3866
7220 4 2 1 1 356 357 3850 3883
7221 4 2 1 1 2043 2012 2010 3987
7222 4 2 1 1 4023 4148 3938 4438
7223 4 2 1 1 2994 2995 3780 3797
7224 4 2 1 1 1876 4300 3759 4322
7225 4 2 1 1 257 3050 209 4464
7226 4 2 1 1 718 633 4116 4284
7227 4 2 1 1 3452 4023 4094 4148
7228 4 2 1 1 591 589 4316 4340
7229 4 2 1 1 1042 4009 1046 4290
7230 4 2 1 1 226 3108 3109 4007
7231 4 2 1 1 1293 913 910 4105
7232 4 2 1 1 3525 3641 622 3733
7233 4 2 1 1 3057 4042 3056 4158
7234 4 2 1 1 679 667 681 4316
7235 4 2 1 1 964 1037 1410 4108
7236 4 2 1 1 457 4157 3717 4224
7237 4 2 1 1 1422 1421 1187 4028
7238 4 2 1 1 1768 2410 4166 4405
7239 4 2 1 1 2118 584 2130 4089
7240 4 2 1 1 521 626 663 601
7241 4 2 1 1 670 526 628 695
7242 4 2 1 1 1054 1377 1051 4040
7243 4 2 1 1 1530 1532 357 4473
7244 4 2 1 1 3081 295 3925 4387
7245 4 2 1 1 682 4152 666 4507
7246 4 2 1 1 742 761 751 3909
7247 4 2 1 1 3469 4315 4087 4462
7248 4 2 1 1 3765 4124 3612 4191
7249 4 2 1 1 911 1687 909 4486
7250 4 2 1 1 3628 3646 3517 3873
7251 4 2 1 1 357 1533 1572 1550
7252 4 2 1 1 3711 3982 3616 4047
7253 4 2 1 1 2223 3512 2224 4494
7254 4 2 1 1 3004 246 3013 4330
7255 4 2 1 1 98 97 165 2811
7256 4 2 1 1 2150 3642 2147 4500
7257 4 2 1 1 3617 4291 3970 4334
7258 4 2 1 1 478 3742 462 3843
7259 4 2 1 1 2741 2744 27 3873
7260 4 2 1 1 4149 4186 3894 4273
7261 4 2 1 1 1222 1538 1539 3883
7262 4 2 1 1 1562 1344 1014 4394
7263 4 2 1 1 2421 2418 2618 4476
7264 4 2 1 1 400 3209 3952 4268
7265 4 2 1 1 1658 1106 1107 4100
7266 4 2 1 1 3719 4039 3638 4294
7267 4 2 1 1 3790 3549 4057 4266
7268 4 2 1 1 880 3824 3821 4318
7269 4 2 1 1 1935 4134 3605 4170
7270 4 2 1 1 886 1369 898 4198
7271 4 2 1 1 476 3889 3775 4016
7272 4 2 1 1 3599 3762 4384 4484
7273 4 2 1 1 1179 1176 1189 4041
7274 4 2 1 1 3548 4150 3993 4213
7275 4 2 1 1 3595 3654 785 4292
7276 4 2 1 1 777 3654 780 3723
7277 4 2 1 1 3920 4181 3597 4496
7278 4 2 1 1 3288 3286 3291 4217
7279 4 2 1 1 1487 1044 1040 3949
7280 4 2 1 1 770 776 558 4058
7281 4 2 1 1 2463 3464 2330 3947
7282 4 2 1 1 691 3868 3703 4199
7283 4 2 1 1 3880 4426 3523 4490
7284 4 2 1 1 3743 3828 421 3939
7285 4 2 1 1 871 3752 47 4469
7286 4 2 1 1 400 3952 3210 4168
7287 4 2 1 1 1048 930 1375 4379
7288 4 2 1 1 2612 4099 3608 4516
7289 4 2 1 1 2585 1886 2586 4082
7290 4 2 1 1 463 3765 3742 4191
7291 4 2 1 1 2904 2899 4275 4409
7292 4 2 1 1 3574 3754 3935 4012
7293 4 2 1 1 788 776 3833 4353
7294 4 2 1 1 1253 4104 3950 4106
7295 4 2 1 1 2024 2023 2021 4281
7296 4 2 1 1 57 1094 2766 133
7297 4 2 1 1 2244 4210 2100 4433
7298 4 2 1 1 2888 2887 2886 3592
7299 4 2 1 1 1254 1168 1166 3916
7300 4 2 1 1 214 2964 213 3887
7301 4 2 1 1 3738 34 4216 4340
7302 4 2 1 1 2208 2333 2209 4184
7303 4 2 1 1 3464 4059 3561 4483
7304 4 2 1 1 1796 1800 1801 3859
7305 4 2 1 1 3063 3057 3056 4158
7306 4 2 1 1 3540 3677 3728 4053
7307 4 2 1 1 235 2984 236 3941
7308 4 2 1 1 2272 2074 2266 3851
7309 4 2 1 1 2599 1802 3859 4289
7310 4 2 1 1 3514 3573 4130 4212
7311 4 2 1 1 3140 4133 3820 4211
7312 4 2 1 1 407 4062 406 4353
7313 4 2 1 1 608 609 4287 4411
7314 4 2 1 1 600 615 529 3957
7315 4 2 1 1 1584 4359 1547 4360
7316 4 2 1 1 797 782 779 4324
7317 4 2 1 1 1702 33 77 3937
7318 4 2 1 1 3239 3249 3248 3810
7319 4 2 1 1 2838 2835 137 4319
7320 4 2 1 1 3809 3863 3607 4377
7321 4 2 1 1 3648 3849 3865 4409
7322 4 2 1 1 954 1210 1416 4320
7323 4 2 1 1 3938 4023 3518 4148
7324 4 2 1 1 3005 4049 3009 4323
7325 4 2 1 1 668 600 529 3957
7326 4 2 1 1 3198 3193 3196 3873
7327 4 2 1 1 928 1594 1595 4367
7328 4 2 1 1 669 559 770 3976
7329 4 2 1 1 1456 1466 1455 3787
7330 4 2 1 1 1316 901 4331 4371
7331 4 2 1 1 2052 1935 2349 4170
7332 4 2 1 1 3070 274 273 3751
7333 4 2 1 1 1094 1191 1645 4472
7334 4 2 1 1 3532 3696 4336 4483
7335 4 2 1 1 3712 3830 373 4047
7336 4 2 1 1 2834 2854 4119 4120
7337 4 2 1 1 1748 3794 2191 4396
7338 4 2 1 1 1800 3546 2599 3859
7339 4 2 1 1 585 4093 586 4506
7340 4 2 1 1 934 134 136 3863
7341 4 2 1 1 42 808 13 3933
7342 4 2 1 1 711 4219 713 4283
7343 4 2 1 1 1168 1256 1260 4384
7344 4 2 1 1 3014 3013 3015 4330
7345 4 2 1 1 3503 3559 4034 4218
7346 4 2 1 1 1779 1839 2165 4166
7347 4 2 1 1 366 3896 3156 3984
7348 4 2 1 1 4086 4325 3958 4431
7349 4 2 1 1 209 3050 261 4153
7350 4 2 1 1 3769 4007 3943 4392
7351 4 2 1 1 4213 4237 3763 4255
7352 4 2 1 1 39 3772 3240 3810
7353 4 2 1 1 583 3581 581 4287
7354 4 2 1 1 3181 3182 3187 4503
7355 4 2 1 1 443 3719 3940 4294
7356 4 2 1 1 2822 2810 2803 4132
7357 4 2 1 1 3678 3728 3505 4077
7358 4 2 1 1 601 3669 3668 3928
7359 4 2 1 1 1795 3820 1794 3859
7360 4 2 1 1 3572 3738 3956 4216
7361 4 2 1 1 780 785 3654 4292
7362 4 2 1 1 3023 3024 3012 3677
7363 4 2 1 1 4009 4347 3949 4459
7364 4 2 1 1 3170 376 3161 4443
7365 4 2 1 1 3499 4154 3785 4258
7366 4 2 1 1 798 3584 773 4391
7367 4 2 1 1 1124 1126 1659 3835
7368 4 2 1 1 3137 3706 3637 3879
7369 4 2 1 1 2980 3767 3687 3959
7370 4 2 1 1 2126 2034 2035 4114
7371 4 2 1 1 1706 1710 82 4025
7372 4 2 1 1 815 2775 68 144
7373 4 2 1 1 2893 2879 2907 4248
7374 4 2 1 1 1138 1136 1315 3903
7375 4 2 1 1 3258 4000 3828 4195
7376 4 2 1 1 4076 4309 3753 4343
7377 4 2 1 1 1194 831 4102 4425
7378 4 2 1 1 3658 3770 3744 4455
7379 4 2 1 1 2358 2063 3805 4376
7380 4 2 1 1 600 630 621 3957
7381 4 2 1 1 3586 3708 3628 4019
7382 4 2 1 1 2035 2105 2126 4114
7383 4 2 1 1 1271 3602 926 4366
7384 4 2 1 1 3512 3869 3861 4494
7385 4 2 1 1 3600 3762 4208 4484
7386 4 2 1 1 720 4182 701 4304
7387 4 2 1 1 3517 3732 3708 4285
7388 4 2 1 1 2010 3987 2011 4018
7389 4 2 1 1 2720 2503 2359 4376
7390 4 2 1 1 910 4105 909 4389
7391 4 2 1 1 3638 3719 3524 4039
7392 4 2 1 1 1595 1158 1611 3724
7393 4 2 1 1 3707 4177 3936 4418
7394 4 2 1 1 290 3096 3722 4052
7395 4 2 1 1 1822 1821 1714 4436
7396 4 2 1 1 1940 2526 2385 4223
7397 4 2 1 1 3546 3879 3706 4211
7398 4 2 1 1 1966 2619 2661 3780
7399 4 2 1 1 3189 3191 3190 4503
7400 4 2 1 1 2485 4030 1899 4508
7401 4 2 1 1 3273 3720 438 4474
7402 4 2 1 1 15 582 4037 4499
7403 4 2 1 1 3551 3979 3743 4038
7404 4 2 1 1 1493 3867 3615 3996
7405 4 2 1 1 2421 2645 2643 4476
7406 4 2 1 1 1216 1217 1604 3850
7407 4 2 1 1 2530 2529 2528 4113
7408 4 2 1 1 1128 1126 1150 3835
7409 4 2 1 1 1599 1327 1041 3949
7410 4 2 1 1 3783 3608 4333 4516
7411 4 2 1 1 1390 1206 1691 4074
7412 4 2 1 1 1014 1244 1562 4394
7413 4 2 1 1 669 684 559 3976
7414 4 2 1 1 695 706 686 561
7415 4 2 1 1 3525 3641 3733 3940
7416 4 2 1 1 1077 1074 1075 4017
7417 4 2 1 1 3478 4095 4253 4435
7418 4 2 1 1 2190 2549 2550 4173
7419 4 2 1 1 1289 1288 1600 3647
7420 4 2 1 1 2222 2428 2563 3978
7421 4 2 1 1 1003 997 1376 4046
7422 4 2 1 1 4001 4193 3670 4445
7423 4 2 1 1 425 441 3940 4035
7424 4 2 1 1 1318 1577 959 4078
7425 4 2 1 1 238 237 2989 3816
7426 4 2 1 1 817 4063 3744 4331
7427 4 2 1 1 1295 1483 913 4105
7428 4 2 1 1 2883 178 2898 4055
7429 4 2 1 1 1773 2614 1771 4396
7430 4 2 1 1 3508 3773 4242 4345
7431 4 2 1 1 2243 4210 2601 4338
7432 4 2 1 1 3459 3542 3486 3770
7433 4 2 1 1 618 629 615 4143
7434 4 2 1 1 2826 2824 93 4231
7435 4 2 1 1 2245 2234 2255 4338
7436 4 2 1 1 3658 4188 3967 4373
7437 4 2 1 1 1811 1791 1789 4204
7438 4 2 1 1 789 785 796 3595
7439 4 2 1 1 1172 4027 1606 4102
7440 4 2 1 1 2410 2409 2052 4405
7441 4 2 1 1 3532 3831 4272 4336
7442 4 2 1 1 729 4130 706 4138
7443 4 2 1 1 572 789 796 4197
7444 4 2 1 1 448 449 3303 3904
7445 4 2 1 1 2228 3869 3644 4494
7446 4 2 1 1 3272 3720 3270 4125
7447 4 2 1 1 1161 1106 3992 4100
7448 4 2 1 1 3114 3115 310 3944
7449 4 2 1 1 3758 3603 4469 4487
7450 4 2 1 1 3976 4058 669 4399
7451 4 2 1 1 716 727 4197 4244
7452 4 2 1 1 1872 4021 2453 4457
7453 4 2 1 1 2839 2835 2838 4121
7454 4 2 1 1 1822 1889 1890 4436
7455 4 2 1 1 2004 2044 3781 3782
7456 4 2 1 1 138 879 62 2769
7457 4 2 1 1 2062 3805 3767 4259
7458 4 2 1 1 3640 3540 3898 4386
7459 4 2 1 1 1304 935 1305 3863
7460 4 2 1 1 3447 3934 4256 4422
7461 4 2 1 1 1192 1193 1253 3950
7462 4 2 1 1 1788 1793 2412 3820
7463 4 2 1 1 1775 3609 1776 3973
7464 4 2 1 1 50 35 873 4183
7465 4 2 1 1 1649 975 4171 4504
7466 4 2 1 1 3772 3810 3621 4096
7467 4 2 1 1 1091 327 1394 1694
7468 4 2 1 1 2246 2455 2516 4051
7469 4 2 1 1 3636 3911 3635 4499
7470 4 2 1 1 373 3830 3982 4047
7471 4 2 1 1 1173 4027 884 4185
7472 4 2 1 1 2675 2150 2674 4500
7473 4 2 1 1 3509 4123 3571 4124
7474 4 2 1 1 2655 2250 2236 4481
7475 4 2 1 1 1099 1048 1375 4379
7476 4 2 1 1 796 785 771 4292
7477 4 2 1 1 2334 2425 2333 4184
7478 4 2 1 1 3076 4042 3075 4404
7479 4 2 1 1 3507 3466 3580 4266
7480 4 2 1 1 3572 4216 3508 4448
7481 4 2 1 1 3608 3783 3740 4227
7482 4 2 1 1 2174 1930 2407 3902
7483 4 2 1 1 372 3173 371 3982
7484 4 2 1 1 641 3853 649 4306
7485 4 2 1 1 38 1908 89 3846
7486 4 2 1 1 2723 3902 2174 4289
7487 4 2 1 1 2830 2847 131 4120
7488 4 2 1 1 2037 2415 2671 4206
7489 4 2 1 1 1175 1177 1413 4041
7490 4 2 1 1 2661 1965 1966 4091
7491 4 2 1 1 1126 1123 1150 3835
7492 4 2 1 1 1494 1466 1459 3787
7493 4 2 1 1 1970 3780 3608 4099
7494 4 2 1 1 1489 1488 1047 3746
7495 4 2 1 1 4030 4110 3543 4223
7496 4 2 1 1 473 457 14 4224
7497 4 2 1 1 3998 4119 129 4410
7498 4 2 1 1 1456 1459 1466 3787
7499 4 2 1 1 3496 4244 4098 4460
7500 4 2 1 1 1580 1579 1119 4393
7501 4 2 1 1 613 609 607 4411
7502 4 2 1 1 1190 1191 1093 4472
7503 4 2 1 1 3569 3679 3570 4120
7504 4 2 1 1 1020 1019 1002 4103
7505 4 2 1 1 2738 2737 2736 4421
7506 4 2 1 1 959 1564 3688 4493
7507 4 2 1 1 475 3776 3745 4016
7508 4 2 1 1 3610 3851 3805 3897
7509 4 2 1 1 3541 605 3668 3776
7510 4 2 1 1 673 3666 3641 4035
7511 4 2 1 1 3641 3940 3525 4035
7512 4 2 1 1 2704 2607 2610 4498
7513 4 2 1 1 2030 4227 4018 4515
7514 4 2 1 1 2183 18 583 3906
7515 4 2 1 1 3468 3498 4274 4513
7516 4 2 1 1 1535 1532 1549 4473
7517 4 2 1 1 1547 1435 1115 4360
7518 4 2 1 1 1088 1087 1635 4479
7519 4 2 1 1 3207 3962 3873 4162
7520 4 2 1 1 3492 4092 4091 4161
7521 4 2 1 1 2442 2445 2444 4179
7522 4 2 1 1 1070 1617 1071 4249
7523 4 2 1 1 1231 974 3970 4504
7524 4 2 1 1 1429 1318 3881 4078
7525 4 2 1 1 3893 4216 34 4340
7526 4 2 1 1 3032 3036 4356 4464
7527 4 2 1 1 687 4196 700 4507
7528 4 2 1 1 592 590 3691 4316
7529 4 2 1 1 3313 3312 3777 4328
7530 4 2 1 1 1388 4010 3562 4155
7531 4 2 1 1 2060 3631 2072 3687
7532 4 2 1 1 916 915 3975 4410
7533 4 2 1 1 2723 1928 1930 3902
7534 4 2 1 1 2844 4121 2839 4373
7535 4 2 1 1 873 810 50 4183
7536 4 2 1 1 1365 4129 1416 4159
7537 4 2 1 1 3574 3580 3506 3826
7538 4 2 1 1 1248 1021 3725 4104
7539 4 2 1 1 1049 3807 1048 4379
7540 4 2 1 1 376 47 3699 4469
7541 4 2 1 1 734 4278 798 4391
7542 4 2 1 1 1181 1638 1421 4028
7543 4 2 1 1 1614 1408 1472 4261
7544 4 2 1 1 3806 3534 4209 4324
7545 4 2 1 1 2889 2885 2884 3768
7546 4 2 1 1 3892 4175 3627 4432
7547 4 2 1 1 2582 2580 2550 4173
7548 4 2 1 1 1127 1659 1126 3835
7549 4 2 1 1 284 285 3814 3837
7550 4 2 1 1 912 3981 904 4486
7551 4 2 1 1 588 4165 3736 4191
7552 4 2 1 1 270 4088 271 4164
7553 4 2 1 1 528 673 622 3525
7554 4 2 1 1 3879 3902 3546 4289
7555 4 2 1 1 2161 2482 2162 4113
7556 4 2 1 1 2608 2610 3135 4498
7557 4 2 1 1 3938 4437 596 4438
7558 4 2 1 1 3453 3875 4140 4510
7559 4 2 1 1 2712 2322 2062 4259
7560 4 2 1 1 199 1951 1952 1953
7561 4 2 1 1 799 541 662 4303
7562 4 2 1 1 557 776 773 3703
7563 4 2 1 1 3564 3867 3996 4117
7564 4 2 1 1 2867 3876 4408 4409
7565 4 2 1 1 1331 3679 1364 4521
7566 4 2 1 1 640 641 3853 4462
7567 4 2 1 1 3493 3615 3498 3673
7568 4 2 1 1 3588 3730 4221 4505
7569 4 2 1 1 640 651 3711 3829
7570 4 2 1 1 438 4075 3720 4125
7571 4 2 1 1 2013 4018 3985 4515
7572 4 2 1 1 476 4016 475 4111
7573 4 2 1 1 2030 2592 2031 4515
7574 4 2 1 1 2440 4179 2439 4326
7575 4 2 1 1 630 609 613 4033
7576 4 2 1 1 1548 1111 1113 3825
7577 4 2 1 1 923 3602 3562 4367
7578 4 2 1 1 203 3153 3959 3965
7579 4 2 1 1 313 3110 312 3945
7580 4 2 1 1 2356 2290 2357 4376
7581 4 2 1 1 3473 4149 4186 4450
7582 4 2 1 1 1020 3983 4103 4104
7583 4 2 1 1 774 542 636 3656
7584 4 2 1 1 629 757 618 540
7585 4 2 1 1 3252 420 3225 3442
7586 4 2 1 1 2066 2707 2067 3965
7587 4 2 1 1 444 3733 3719 4160
7588 4 2 1 1 606 4066 605 4229
7589 4 2 1 1 3185 27 3198 3873
7590 4 2 1 1 3055 4042 279 4404
7591 4 2 1 1 1190 4472 1093 4521
7592 4 2 1 1 416 3236 417 4375
7593 4 2 1 1 2946 2939 2948 4115
7594 4 2 1 1 788 773 776 4353
7595 4 2 1 1 2488 4092 2019 4161
7596 4 2 1 1 2578 2223 3995 4461
7597 4 2 1 1 1398 860 1028 4239
7598 4 2 1 1 2959 205 206 4133
7599 4 2 1 1 3648 4275 3579 4276
7600 4 2 1 1 339 338 3138 4211
7601 4 2 1 1 2961 3728 2965 3887
7602 4 2 1 1 1307 4518 1249 4520
7603 4 2 1 1 3662 4009 4389 4505
7604 4 2 1 1 2907 3865 2872 4248
7605 4 2 1 1 2262 1827 3760 3774
7606 4 2 1 1 1429 1243 1182 3881
7607 4 2 1 1 1010 1013 896 4519
7608 4 2 1 1 2625 1812 1772 4396
7609 4 2 1 1 2052 2548 1885 4170
7610 4 2 1 1 2527 2662 2528 4113
7611 4 2 1 1 2842 3963 2841 4121
7612 4 2 1 1 1004 1003 1005 4295
7613 4 2 1 1 3041 3046 3035 4397
7614 4 2 1 1 3491 3562 4010 4156
7615 4 2 1 1 3713 4407 3905 4497
7616 4 2 1 1 3713 4008 345 4407
7617 4 2 1 1 2239 2235 2247 3991
7618 4 2 1 1 541 799 774 4303
7619 4 2 1 1 3491 3680 3562 4156
7620 4 2 1 1 1380 1394 327 4127
7621 4 2 1 1 3659 3967 3564 4319
7622 4 2 1 1 287 286 302 4478
7623 4 2 1 1 303 287 302 4478
7624 4 2 1 1 1668 1664 1129 4383
7625 4 2 1 1 3062 3065 3814 3871
7626 4 2 1 1 1503 1186 1426 4416
7627 4 2 1 1 3075 3871 281 4404
7628 4 2 1 1 383 3193 3873 4194
7629 4 2 1 1 1831 2652 1946 3858
7630 4 2 1 1 2651 3985 2013 4018
7631 4 2 1 1 3450 3839 4419 4523
7632 4 2 1 1 3603 795 3712 3886
7633 4 2 1 1 1247 1383 1683 4032
7634 4 2 1 1 1646 1110 1111 4456
7635 4 2 1 1 38 3846 4136 4340
7636 4 2 1 1 3587 4142 3951 4283
7637 4 2 1 1 1625 1633 1081 4479
7638 4 2 1 1 1943 4149 2196 4258
7639 4 2 1 1 3655 3691 3583 3741
7640 4 2 1 1 3474 4181 3590 4332
7641 4 2 1 1 3697 4419 3839 4523
7642 4 2 1 1 3687 3767 2060 4442
7643 4 2 1 1 29 464 586 25
7644 4 2 1 1 848 1369 846 4198
7645 4 2 1 1 3600 4208 3860 4484
7646 4 2 1 1 1890 4293 3974 4436
7647 4 2 1 1 1714 3855 2408 4436
7648 4 2 1 1 478 479 3686 4471
7649 4 2 1 1 3643 3731 3659 4319
7650 4 2 1 1 1768 2112 2135 4065
7651 4 2 1 1 712 709 720 4022
7652 4 2 1 1 963 4108 3850 4493
7653 4 2 1 1 311 3861 3944 3945
7654 4 2 1 1 2868 2867 2866 4408
7655 4 2 1 1 2252 2248 305 2240
7656 4 2 1 1 1231 974 1250 3970
7657 4 2 1 1 845 846 844 4198
7658 4 2 1 1 3513 4282 3991 4457
7659 4 2 1 1 3599 3762 3480 4384
7660 4 2 1 1 921 918 920 4155
7661 4 2 1 1 711 4283 730 4463
7662 4 2 1 1 4039 4160 3761 4350
7663 4 2 1 1 95 1826 96 4363
7664 4 2 1 1 3597 3989 3920 4450
7665 4 2 1 1 2038 2603 4034 4281
7666 4 2 1 1 2950 2948 2949 3575
7667 4 2 1 1 1021 1590 3725 4103
7668 4 2 1 1 3783 4227 3608 4516
7669 4 2 1 1 1882 2586 2198 4490
7670 4 2 1 1 1897 2462 2611 4050
7671 4 2 1 1 2355 2244 2596 4210
7672 4 2 1 1 1675 1475 1408 3907
7673 4 2 1 1 1084 1635 1085 4479
7674 4 2 1 1 718 703 548 4284
7675 4 2 1 1 795 3690 783 3886
7676 4 2 1 1 580 755 801 790
7677 4 2 1 1 1891 1890 1892 3974
7678 4 2 1 1 767 536 603 739
7679 4 2 1 1 2975 3943 3769 4007
7680 4 2 1 1 1563 1028 996 4430
7681 4 2 1 1 3745 475 4016 4111
7682 4 2 1 1 3196 3193 3192 3873
7683 4 2 1 1 1072 1071 1620 3857
7684 4 2 1 1 3562 3680 3476 3807
7685 4 2 1 1 1335 1288 1287 3779
7686 4 2 1 1 1443 329 3907 4359
7687 4 2 1 1 4177 4247 3531 4417
7688 4 2 1 1 2344 1718 1845 4231
7689 4 2 1 1 1003 4394 1029 4452
7690 4 2 1 1 3006 243 3005 4323
7691 4 2 1 1 1113 4100 1613 4379
7692 4 2 1 1 1276 3649 1077 4479
7693 4 2 1 1 702 667 564 4458
7694 4 2 1 1 3537 4030 4110 4420
7695 4 2 1 1 3322 3321 461 4489
7696 4 2 1 1 1433 1409 1476 3827
7697 4 2 1 1 3755 3929 3568 4240
7698 4 2 1 1 1283 1281 3779 4347
7699 4 2 1 1 1047 1488 995 3983
7700 4 2 1 1 2773 1311 66 988
7701 4 2 1 1 316 3782 2252 4020
7702 4 2 1 1 233 2979 234 3959
7703 4 2 1 1 3517 3855 3646 4285
7704 4 2 1 1 3735 3933 3777 4264
7705 4 2 1 1 426 440 4414 4467
7706 4 2 1 1 2397 2622 2623 3985
7707 4 2 1 1 620 4064 606 4229
7708 4 2 1 1 3168 3170 3172 4443
7709 4 2 1 1 1488 1215 1019 4351
7710 4 2 1 1 1801 1800 1802 3859
7711 4 2 1 1 2889 168 3794 4396
7712 4 2 1 1 605 607 608 4411
7713 4 2 1 1 825 3824 824 4371
7714 4 2 1 1 3267 3265 3261 4305
7715 4 2 1 1 3540 3677 3640 3887
7716 4 2 1 1 3709 3721 3093 3808
7717 4 2 1 1 1305 1404 3809 3863
7718 4 2 1 1 3680 3570 4119 4390
7719 4 2 1 1 3064 3727 287 4158
7720 4 2 1 1 462 461 3843 4489
7721 4 2 1 1 1368 3916 3840 4238
7722 4 2 1 1 709 711 4176 4219
7723 4 2 1 1 1327 3916 1348 3949
7724 4 2 1 1 1430 882 824 4307
7725 4 2 1 1 3166 3169 3165 3896
7726 4 2 1 1 1316 1341 821 4371
7727 4 2 1 1 403 402 3231 4268
7728 4 2 1 1 697 671 3584 4278
7729 4 2 1 1 3584 3703 3999 4342
7730 4 2 1 1 3087 3090 3094 3808
7731 4 2 1 1 1543 1618 1503 4416
7732 4 2 1 1 1010 896 1008 4519
7733 4 2 1 1 358 858 855 856
7734 4 2 1 1 1491 3857 1072 4017
7735 4 2 1 1 2765 132 134 3975
7736 4 2 1 1 1347 946 1393 3950
7737 4 2 1 1 2249 2539 2248 4481
7738 4 2 1 1 707 789 4197 4391
7739 4 2 1 1 1384 932 1554 4010
7740 4 2 1 1 616 3668 3776 3928
7741 4 2 1 1 3119 3124 4018 4321
7742 4 2 1 1 2070 3501 2071 4442
7743 4 2 1 1 3508 4002 3672 4003
7744 4 2 1 1 1390 1266 1267 4074
7745 4 2 1 1 2940 2939 2946 4115
7746 4 2 1 1 3480 4208 3457 4505
7747 4 2 1 1 2369 2371 2368 4011
7748 4 2 1 1 1796 1801 2109 3859
7749 4 2 1 1 737 752 763 4257
7750 4 2 1 1 788 3595 789 4391
7751 4 2 1 1 2485 1939 2254 4030
7752 4 2 1 1 2194 2016 2008 3894
7753 4 2 1 1 1897 3947 2462 4050
7754 4 2 1 1 3865 4408 3876 4409
7755 4 2 1 1 24 369 3892 4432
7756 4 2 1 1 1839 1768 2410 4166
7757 4 2 1 1 3561 3576 3507 4059
7758 4 2 1 1 598 3635 623 4304
7759 4 2 1 1 3611 4453 4072 4489
7760 4 2 1 1 1817 4025 1715 4190
7761 4 2 1 1 410 3248 409 4096
7762 4 2 1 1 1413 4026 1696 4041
7763 4 2 1 1 1788 1790 1793 3820
7764 4 2 1 1 3543 4110 4030 4420
7765 4 2 1 1 4003 4269 3490 4270
7766 4 2 1 1 2081 4207 3931 4497
7767 4 2 1 1 332 1130 331 3835
7768 4 2 1 1 767 536 627 603
7769 4 2 1 1 696 672 765 566
7770 4 2 1 1 908 4389 909 4486
7771 4 2 1 1 90 1819 19 4084
7772 4 2 1 1 4070 4362 3697 4419
7773 4 2 1 1 774 3712 3656 4047
7774 4 2 1 1 3690 783 4292 4487
7775 4 2 1 1 2258 1783 1781 4395
7776 4 2 1 1 2874 2904 2892 4275
7777 4 2 1 1 2380 2581 2641 4172
7778 4 2 1 1 2843 2852 3963 4390
7779 4 2 1 1 2665 2377 2666 4011
7780 4 2 1 1 139 141 2833 4373
7781 4 2 1 1 2109 1801 2402 3859
7782 4 2 1 1 1059 1060 1058 4167
7783 4 2 1 1 2675 2674 2149 4500
7784 4 2 1 1 3731 3963 3659 4121
7785 4 2 1 1 464 4123 4191 4403
7786 4 2 1 1 1825 3922 2514 4137
7787 4 2 1 1 2662 2527 2422 4113
7788 4 2 1 1 102 1717 103 4132
7789 4 2 1 1 1240 1219 1356 4296
7790 4 2 1 1 1027 1590 1339 3725
7791 4 2 1 1 141 3967 948 4188
7792 4 2 1 1 540 629 757 765
7793 4 2 1 1 1221 1248 1351 3673
7794 4 2 1 1 3751 4055 3589 4451
7795 4 2 1 1 3650 4170 3605 4348
7796 4 2 1 1 432 431 4305 4345
7797 4 2 1 1 3533 3840 3599 3916
7798 4 2 1 1 3476 3734 3569 4167
7799 4 2 1 1 3069 3064 287 4158
7800 4 2 1 1 602 670 526 628
7801 4 2 1 1 2727 2730 2731 4341
7802 4 2 1 1 702 715 717 4465
7803 4 2 1 1 3470 4314 4095 4412
7804 4 2 1 1 1020 1482 3983 4104
7805 4 2 1 1 3831 4094 4272 4336
7806 4 2 1 1 3508 4003 3672 4269
7807 4 2 1 1 1037 3867 1224 4475
7808 4 2 1 1 685 681 686 4138
7809 4 2 1 1 545 654 801 664
7810 4 2 1 1 975 1231 1033 4171
7811 4 2 1 1 2938 2924 2949 4115
7812 4 2 1 1 918 917 920 4156
7813 4 2 1 1 2853 2846 2836 4388
7814 4 2 1 1 3646 3732 3517 4285
7815 4 2 1 1 3694 3594 4085 4312
7816 4 2 1 1 833 830 832 4425
7817 4 2 1 1 2148 2674 2146 4500
7818 4 2 1 1 1112 1116 1117 4393
7819 4 2 1 1 3016 3009 3010 4386
7820 4 2 1 1 911 909 4105 4486
7821 4 2 1 1 3765 4123 3509 4124
7822 4 2 1 1 3313 3322 3312 4328
7823 4 2 1 1 1688 1587 925 4367
7824 4 2 1 1 1071 1072 1070 3857
7825 4 2 1 1 1488 4103 3983 4351
7826 4 2 1 1 2172 3637 2559 4381
7827 4 2 1 1 3457 3449 4208 4344
7828 4 2 1 1 433 3262 432 4305
7829 4 2 1 1 867 1209 868 4403
7830 4 2 1 1 2578 2229 3995 4494
7831 4 2 1 1 391 375 3886 4271
7832 4 2 1 1 3491 3570 3680 4390
7833 4 2 1 1 3137 3136 3637 3706
7834 4 2 1 1 2196 4149 3894 4258
7835 4 2 1 1 715 727 4244 4460
7836 4 2 1 1 819 4331 821 4371
7837 4 2 1 1 3500 3580 3695 4044
7838 4 2 1 1 2276 2284 2384 4259
7839 4 2 1 1 1042 1046 1045 4290
7840 4 2 1 1 2467 1888 2166 4215
7841 4 2 1 1 2011 4018 3987 4401
7842 4 2 1 1 3667 3827 3734 4415
7843 4 2 1 1 296 3086 3980 4387
7844 4 2 1 1 2865 4275 3876 4409
7845 4 2 1 1 278 4042 3055 4317
7846 4 2 1 1 3203 4299 387 4444
7847 4 2 1 1 355 4028 4026 4416
7848 4 2 1 1 3520 3722 3557 3927
7849 4 2 1 1 1496 3787 1097 4261
7850 4 2 1 1 3025 241 242 4323
7851 4 2 1 1 2651 2011 2391 4401
7852 4 2 1 1 2230 2220 2578 3995
7853 4 2 1 1 3292 3811 3294 4217
7854 4 2 1 1 1825 4137 2036 4206
7855 4 2 1 1 1137 1136 1138 3903
7856 4 2 1 1 764 753 745 3818
7857 4 2 1 1 572 796 725 4197
7858 4 2 1 1 1179 3881 1180 4041
7859 4 2 1 1 1491 1089 3857 4238
7860 4 2 1 1 3843 4378 3612 4453
7861 4 2 1 1 3566 3650 2933 4348
7862 4 2 1 1 3256 3253 422 4061
7863 4 2 1 1 3033 3045 3040 4356
7864 4 2 1 1 2526 3609 2385 4223
7865 4 2 1 1 3536 4136 3846 4441
7866 4 2 1 1 3466 4266 3507 4267
7867 4 2 1 1 4000 4096 3244 4446
7868 4 2 1 1 924 3602 931 3825
7869 4 2 1 1 3495 3528 3632 3798
7870 4 2 1 1 3560 3532 3954 4483
7871 4 2 1 1 79 1709 1708 4045
7872 4 2 1 1 3615 3867 1493 4108
7873 4 2 1 1 745 741 757 4143
7874 4 2 1 1 103 2822 102 4132
7875 4 2 1 1 3496 4097 4460 4465
7876 4 2 1 1 3032 3036 3042 4356
7877 4 2 1 1 2329 2328 2093 3682
7878 4 2 1 1 741 765 672 566
7879 4 2 1 1 2391 2519 2392 4401
7880 4 2 1 1 705 653 550 4378
7881 4 2 1 1 2941 3929 2955 4234
7882 4 2 1 1 756 761 742 4196
7883 4 2 1 1 2708 3965 2063 4376
7884 4 2 1 1 1889 2408 1896 4436
7885 4 2 1 1 694 676 675 4086
7886 4 2 1 1 557 691 776 3703
7887 4 2 1 1 1966 3608 3780 4091
7888 4 2 1 1 3514 4182 4037 4232
7889 4 2 1 1 3618 3619 198 3930
7890 4 2 1 1 1164 4159 1163 4302
7891 4 2 1 1 731 705 550 4378
7892 4 2 1 1 595 86 3979 4038
7893 4 2 1 1 1399 987 4384 4459
7894 4 2 1 1 3967 4319 139 4320
7895 4 2 1 1 668 528 600 3525
7896 4 2 1 1 1822 4436 2124 4437
7897 4 2 1 1 3740 3783 3608 4333
7898 4 2 1 1 3697 4362 3839 4419
7899 4 2 1 1 2089 3813 3637 4381
7900 4 2 1 1 3561 4043 3754 4225
7901 4 2 1 1 2481 184 1762 1760
7902 4 2 1 1 3626 3771 3699 3830
7903 4 2 1 1 393 395 3223 3655
7904 4 2 1 1 3620 3629 3535 3866
7905 4 2 1 1 3327 3325 9 4264
7906 4 2 1 1 1767 1768 1839 4166
7907 4 2 1 1 2024 4073 2026 4281
7908 4 2 1 1 1611 1315 928 4366
7909 4 2 1 1 1399 1487 1040 3949
7910 4 2 1 1 344 4008 2085 4407
7911 4 2 1 1 120 4162 2742 4286
7912 4 2 1 1 823 824 4307 4371
7913 4 2 1 1 83 2408 1714 3855
7914 4 2 1 1 3740 4227 4018 4321
7915 4 2 1 1 2100 2627 2591 3942
7916 4 2 1 1 2024 2021 3899 4281
7917 4 2 1 1 337 3879 336 4211
7918 4 2 1 1 1108 1111 1110 4456
7919 4 2 1 1 897 1589 1415 4520
7920 4 2 1 1 2217 2563 2433 4326
7921 4 2 1 1 3511 3655 3583 4226
7922 4 2 1 1 3586 3628 3517 4491
7923 4 2 1 1 3348 3866 483 4235
7924 4 2 1 1 801 787 654 545
7925 4 2 1 1 1172 1171 1174 4027
7926 4 2 1 1 2458 1879 3880 4426
7927 4 2 1 1 1286 1280 1346 3779
7928 4 2 1 1 919 3863 1304 4156
7929 4 2 1 1 415 4000 3238 4446
7930 4 2 1 1 3076 279 4042 4404
7931 4 2 1 1 3188 3184 3191 4194
7932 4 2 1 1 673 670 3641 3666
7933 4 2 1 1 3254 3255 4203 4446
7934 4 2 1 1 1926 3637 3706 4289
7935 4 2 1 1 3588 4260 3730 4486
7936 4 2 1 1 2848 2844 4373 4455
7937 4 2 1 1 759 742 751 3909
7938 4 2 1 1 2485 1899 2691 4508
7939 4 2 1 1 407 4062 3999 4355
7940 4 2 1 1 3580 4044 3549 4164
7941 4 2 1 1 1312 48 4183 4357
7942 4 2 1 1 408 3228 3227 4354
7943 4 2 1 1 457 4280 3717 4288
7944 4 2 1 1 885 3702 836 4425
7945 4 2 1 1 2134 3884 2133 4166
7946 4 2 1 1 598 612 610 4081
7947 4 2 1 1 766 755 801 580
7948 4 2 1 1 3541 3775 3545 4016
7949 4 2 1 1 1013 1014 1015 4518
7950 4 2 1 1 3137 3135 3136 3706
7951 4 2 1 1 2329 3682 2093 4050
7952 4 2 1 1 3695 3898 252 4043
7953 4 2 1 1 3589 3814 3727 4265
7954 4 2 1 1 3459 3454 3660 4377
7955 4 2 1 1 2608 2609 2704 4498
7956 4 2 1 1 2744 27 3873 4162
7957 4 2 1 1 2556 3931 3566 4405
7958 4 2 1 1 4005 4234 4006 4358
7959 4 2 1 1 14 3874 4224 4280
7960 4 2 1 1 382 3184 3183 4194
7961 4 2 1 1 1803 2339 1801 3859
7962 4 2 1 1 3592 3648 3481 3865
7963 4 2 1 1 1887 4134 1935 4170
7964 4 2 1 1 209 4153 3051 4243
7965 4 2 1 1 2831 4388 2837 4455
7966 4 2 1 1 3281 3280 11 4075
7967 4 2 1 1 1413 1188 4026 4041
7968 4 2 1 1 1059 1058 3734 4167
7969 4 2 1 1 1550 1598 1572 4473
7970 4 2 1 1 3491 3863 3607 4390
7971 4 2 1 1 1027 1006 1352 4295
7972 4 2 1 1 3112 3861 311 3945
7973 4 2 1 1 1128 1663 1127 3835
7974 4 2 1 1 582 3636 584 4287
7975 4 2 1 1 642 640 641 3853
7976 4 2 1 1 88 87 1713 4146
7977 4 2 1 1 3745 4016 3889 4111
7978 4 2 1 1 2243 2601 2255 4338
7979 4 2 1 1 3090 3808 3087 4387
7980 4 2 1 1 3241 4061 3256 4375
7981 4 2 1 1 877 137 135 4320
7982 4 2 1 1 692 671 3583 4199
7983 4 2 1 1 1933 2494 2574 4205
7984 4 2 1 1 1229 1589 897 4519
7985 4 2 1 1 1599 3916 1327 3949
7986 4 2 1 1 3492 4092 4004 4517
7987 4 2 1 1 293 3925 3103 4236
7988 4 2 1 1 591 3846 4340 4441
7989 4 2 1 1 820 817 3744 4331
7990 4 2 1 1 2647 2606 2607 4498
7991 4 2 1 1 2193 2568 2038 4218
7992 4 2 1 1 722 791 575 4303
7993 4 2 1 1 1418 1605 3860 4484
7994 4 2 1 1 2940 2947 2952 3932
7995 4 2 1 1 3557 3684 3473 4273
7996 4 2 1 1 288 3063 3069 4158
7997 4 2 1 1 3449 3951 3848 4219
7998 4 2 1 1 572 707 789 4197
7999 4 2 1 1 1229 897 1412 4519
8000 4 2 1 1 3008 3006 3005 4323
8001 4 2 1 1 2864 2863 2862 4492
8002 4 2 1 1 784 3712 4087 4466
8003 4 2 1 1 661 650 632 3891
8004 4 2 1 1 831 829 1693 4310
8005 4 2 1 1 1909 1912 1911 4258
8006 4 2 1 1 591 4149 3846 4441
8007 4 2 1 1 3452 4094 4023 4417
8008 4 2 1 1 603 606 620 4064
8009 4 2 1 1 1690 966 3819 4078
8010 4 2 1 1 878 4260 3966 4334
8011 4 2 1 1 558 669 770 4058
8012 4 2 1 1 2315 2313 2319 4364
8013 4 2 1 1 1191 1190 1681 4180
8014 4 2 1 1 2392 2014 2391 4401
8015 4 2 1 1 1488 1489 1215 4351
8016 4 2 1 1 3455 3858 4202 4438
8017 4 2 1 1 3623 4309 4076 4343
8018 4 2 1 1 192 3585 2928 4358
8019 4 2 1 1 942 1686 4001 4475
8020 4 2 1 1 3621 3522 3743 3828
8021 4 2 1 1 3627 4175 3892 4361
8022 4 2 1 1 1257 1282 1255 4238
8023 4 2 1 1 47 376 3699 4443
8024 4 2 1 1 3490 4003 3508 4269
8025 4 2 1 1 892 894 897 4519
8026 4 2 1 1 358 1204 1199 4074
8027 4 2 1 1 1420 1021 1002 4103
8028 4 2 1 1 305 2248 2539 4481
8029 4 2 1 1 3053 3871 3061 4404
8030 4 2 1 1 2027 2036 2603 4206
8031 4 2 1 1 1062 1061 1059 4167
8032 4 2 1 1 403 3801 3219 4268
8033 4 2 1 1 1437 4359 3907 4360
8034 4 2 1 1 3193 3183 3192 4194
8035 4 2 1 1 470 4187 469 4264
8036 4 2 1 1 3559 3894 3503 4034
8037 4 2 1 1 2592 3985 2032 4515
8038 4 2 1 1 1393 1411 943 4001
8039 4 2 1 1 3573 3490 4130 4138
8040 4 2 1 1 643 644 645 4506
8041 4 2 1 1 1430 824 3824 4307
8042 4 2 1 1 3730 3588 4221 4260
8043 4 2 1 1 1309 1206 1267 4074
8044 4 2 1 1 1489 1047 1366 4482
8045 4 2 1 1 440 3718 4136 4414
8046 4 2 1 1 2727 2731 4084 4341
8047 4 2 1 1 1112 1118 1114 4101
8048 4 2 1 1 3966 4171 1642 4334
8049 4 2 1 1 785 3595 788 3654
8050 4 2 1 1 2435 2670 2434 4326
8051 4 2 1 1 634 4462 4139 4466
8052 4 2 1 1 980 1253 1573 4106
8053 4 2 1 1 1893 1890 2669 4293
8054 4 2 1 1 2103 4038 595 4076
8055 4 2 1 1 3805 2062 4169 4259
8056 4 2 1 1 2029 1869 4021 4186
8057 4 2 1 1 2902 182 4067 4514
8058 4 2 1 1 1140 1139 1138 3903
8059 4 2 1 1 2943 2927 2925 4234
8060 4 2 1 1 3604 4276 3579 4501
8061 4 2 1 1 581 1262 1612 4163
8062 4 2 1 1 3657 4185 3819 4331
8063 4 2 1 1 3966 4171 4334 4468
8064 4 2 1 1 316 3987 3781 4321
8065 4 2 1 1 2713 2632 2061 3767
8066 4 2 1 1 443 3719 3733 3940
8067 4 2 1 1 3263 3272 3270 4125
8068 4 2 1 1 670 527 673 3641
8069 4 2 1 1 2173 1927 2172 4036
8070 4 2 1 1 3473 4186 4149 4273
8071 4 2 1 1 3554 3948 3900 4144
8072 4 2 1 1 3507 3580 3790 4266
8073 4 2 1 1 3469 3586 3517 4491
8074 4 2 1 1 1138 1680 1137 3903
8075 4 2 1 1 884 4185 4027 4310
8076 4 2 1 1 1819 19 4084 4370
8077 4 2 1 1 3280 4075 435 4305
8078 4 2 1 1 1762 3921 2054 4065
8079 4 2 1 1 3011 4330 3014 4424
8080 4 2 1 1 3694 4312 4136 4413
8081 4 2 1 1 3250 3240 3772 3810
8082 4 2 1 1 2594 2160 2145 4335
8083 4 2 1 1 3486 3744 3657 3819
8084 4 2 1 1 3139 338 337 4211
8085 4 2 1 1 1963 1962 1960 3930
8086 4 2 1 1 3692 4254 3447 4255
8087 4 2 1 1 893 894 892 4519
8088 4 2 1 1 370 386 3829 4175
8089 4 2 1 1 3752 3877 1392 4432
8090 4 2 1 1 1642 1232 3966 4334
8091 4 2 1 1 1393 3950 1411 4001
8092 4 2 1 1 360 1385 1008 4519
8093 4 2 1 1 1640 917 919 4156
8094 4 2 1 1 2511 3713 2083 4008
8095 4 2 1 1 1497 987 1256 4384
8096 4 2 1 1 1112 1117 1118 4393
8097 4 2 1 1 640 4139 634 4462
8098 4 2 1 1 1270 3809 138 4318
8099 4 2 1 1 3877 4106 3563 4504
8100 4 2 1 1 1716 1819 4084 4370
8101 4 2 1 1 1683 967 1247 4032
8102 4 2 1 1 1604 1217 1218 3850
8103 4 2 1 1 1022 1024 1482 4104
8104 4 2 1 1 93 1720 2137 4231
8105 4 2 1 1 3196 3822 3185 3873
8106 4 2 1 1 608 610 612 4081
8107 4 2 1 1 3658 3744 3486 4032
8108 4 2 1 1 2396 2397 2032 3985
8109 4 2 1 1 1585 1185 1212 4454
8110 4 2 1 1 3109 3110 313 3945
8111 4 2 1 1 1179 3819 1429 3881
8112 4 2 1 1 2591 2098 2100 4433
8113 4 2 1 1 637 521 663 601
8114 4 2 1 1 4018 4227 3783 4515
8115 4 2 1 1 1171 1172 1643 4027
8116 4 2 1 1 3485 4116 3591 4463
8117 4 2 1 1 57 1094 133 2764
8118 4 2 1 1 3898 4049 3640 4386
8119 4 2 1 1 3047 3036 3048 3715
8120 4 2 1 1 958 3996 3615 4078
8121 4 2 1 1 3336 3345 3337 4235
8122 4 2 1 1 3276 3275 425 4308
8123 4 2 1 1 1367 4238 1368 4415
8124 4 2 1 1 2894 2879 2893 4248
8125 4 2 1 1 3259 3810 4000 4195
8126 4 2 1 1 3861 3869 3107 4481
8127 4 2 1 1 3245 3828 3246 4375
8128 4 2 1 1 3480 4009 3949 4459
8129 4 2 1 1 1403 4026 1188 4028
8130 4 2 1 1 3796 3905 3148 4173
8131 4 2 1 1 685 673 3718 4035
8132 4 2 1 1 244 4049 3005 4323
8133 4 2 1 1 1065 1067 1101 4302
8134 4 2 1 1 2708 2094 2361 4376
8135 4 2 1 1 1996 2488 2490 4161
8136 4 2 1 1 2878 4408 3865 4409
8137 4 2 1 1 310 311 3861 3944
8138 4 2 1 1 596 85 2124 4437
8139 4 2 1 1 2212 4184 2213 4392
8140 4 2 1 1 3520 3538 3557 4015
8141 4 2 1 1 3531 4177 4417 4418
8142 4 2 1 1 39 2755 88 4146
8143 4 2 1 1 571 734 798 4391
8144 4 2 1 1 622 600 528 3525
8145 4 2 1 1 2228 2241 3644 4020
8146 4 2 1 1 427 3267 3276 4308
8147 4 2 1 1 3922 3955 3471 4137
8148 4 2 1 1 3335 4126 3331 4235
8149 4 2 1 1 3648 3849 3841 3865
8150 4 2 1 1 1924 3990 3706 4036
8151 4 2 1 1 810 49 50 4183
8152 4 2 1 1 731 550 663 4378
8153 4 2 1 1 1717 2101 103 4132
8154 4 2 1 1 3250 3248 3249 3810
8155 4 2 1 1 2185 2526 1940 4223
8156 4 2 1 1 1412 1013 1229 4519
8157 4 2 1 1 4165 4362 3686 4374
8158 4 2 1 1 2191 2625 1753 4396
8159 4 2 1 1 2945 3681 2944 3789
8160 4 2 1 1 2676 2628 1959 4335
8161 4 2 1 1 2677 2655 2450 4178
8162 4 2 1 1 2038 2025 2603 4281
8163 4 2 1 1 2563 2217 2557 3978
8164 4 2 1 1 878 3966 1232 4334
8165 4 2 1 1 1190 4180 1191 4472
8166 4 2 1 1 3590 3516 4055 4451
8167 4 2 1 1 1975 1973 1974 4514
8168 4 2 1 1 2023 3899 2021 4281
8169 4 2 1 1 1697 848 846 4198
8170 4 2 1 1 1576 1398 1028 4351
8171 4 2 1 1 1072 1602 1074 4017
8172 4 2 1 1 2586 4082 4207 4490
8173 4 2 1 1 3819 4185 4032 4331
8174 4 2 1 1 3604 3579 4338 4501
8175 4 2 1 1 315 3107 3105 3869
8176 4 2 1 1 3589 4055 3756 4265
8177 4 2 1 1 887 849 886 4520
8178 4 2 1 1 4022 4212 4130 4465
8179 4 2 1 1 3563 3970 4334 4468
8180 4 2 1 1 621 613 631 4033
8181 4 2 1 1 722 733 719 4303
8182 4 2 1 1 1169 1418 1605 4159
8183 4 2 1 1 250 251 3022 4424
8184 4 2 1 1 631 613 597 3918
8185 4 2 1 1 365 366 3984 4368
8186 4 2 1 1 2943 2942 2927 4234
8187 4 2 1 1 3790 3791 3696 4523
8188 4 2 1 1 3456 4076 3623 4309
8189 4 2 1 1 931 3602 1271 3825
8190 4 2 1 1 3599 4159 3860 4484
8191 4 2 1 1 687 684 700 4196
8192 4 2 1 1 424 3255 410 4096
8193 4 2 1 1 2092 2090 2091 4228
8194 4 2 1 1 881 3821 828 4107
8195 4 2 1 1 3564 3967 3658 3996
8196 4 2 1 1 1367 1070 1089 4238
8197 4 2 1 1 3269 3275 3276 4308
8198 4 2 1 1 3491 3607 3570 4390
8199 4 2 1 1 298 3079 3091 3980
8200 4 2 1 1 408 424 4199 4342
8201 4 2 1 1 3335 3331 3337 4235
8202 4 2 1 1 937 938 939 4445
8203 4 2 1 1 2037 1936 3955 4206
8204 4 2 1 1 2949 2939 2938 4115
8205 4 2 1 1 691 3703 671 4199
8206 4 2 1 1 1063 1064 1368 4415
8207 4 2 1 1 1055 3734 4040 4385
8208 4 2 1 1 217 3925 3101 3980
8209 4 2 1 1 2665 2367 2366 4011
8210 4 2 1 1 3924 4200 3501 4497
8211 4 2 1 1 1741 101 166 3884
8212 4 2 1 1 1393 1193 1192 3950
8213 4 2 1 1 2260 2579 2241 4020
8214 4 2 1 1 3558 3590 3555 3989
8215 4 2 1 1 2075 2113 2107 4442
8216 4 2 1 1 3480 3533 3460 3599
8217 4 2 1 1 3212 4297 4168 4354
8218 4 2 1 1 1227 965 1493 3867
8219 4 2 1 1 2417 4515 2703 4516
8220 4 2 1 1 1825 3955 3922 4137
8221 4 2 1 1 3119 4018 3987 4321
8222 4 2 1 1 2720 2365 2503 4376
8223 4 2 1 1 1334 1333 1337 4127
8224 4 2 1 1 3807 1049 4040 4379
8225 4 2 1 1 3019 3015 210 3887
8226 4 2 1 1 636 651 652 3616
8227 4 2 1 1 633 647 645 4093
8228 4 2 1 1 585 3652 587 4175
8229 4 2 1 1 3305 3312 3317 4328
8230 4 2 1 1 2836 136 2845 4109
8231 4 2 1 1 673 527 622 3641
8232 4 2 1 1 875 3842 1343 4074
8233 4 2 1 1 1606 4026 1207 4102
8234 4 2 1 1 3144 3132 207 3145
8235 4 2 1 1 1486 1485 1114 4456
8236 4 2 1 1 3659 4373 4388 4455
8237 4 2 1 1 2140 2103 2706 4076
8238 4 2 1 1 229 2973 226 4007
8239 4 2 1 1 3476 3533 3667 3734
8240 4 2 1 1 2374 2373 2656 4172
8241 4 2 1 1 2366 2068 2707 4522
8242 4 2 1 1 2439 2434 2436 4326
8243 4 2 1 1 2231 2238 2389 4457
8244 4 2 1 1 3983 4107 3746 4513
8245 4 2 1 1 2352 2455 2246 4051
8246 4 2 1 1 1190 1364 1490 4180
8247 4 2 1 1 562 693 729 4138
8248 4 2 1 1 1180 1429 1182 3881
8249 4 2 1 1 3466 3507 3838 4267
8250 4 2 1 1 3506 3549 3580 4266
8251 4 2 1 1 3855 4436 1821 4437
8252 4 2 1 1 800 768 576 775
8253 4 2 1 1 478 477 3345 4471
8254 4 2 1 1 791 3603 4303 4439
8255 4 2 1 1 3586 4060 4139 4466
8256 4 2 1 1 3483 3564 4117 4129
8257 4 2 1 1 534 701 598 4304
8258 4 2 1 1 1353 1358 1354 4296
8259 4 2 1 1 2450 4178 2225 4179
8260 4 2 1 1 3510 3659 3607 3770
8261 4 2 1 1 1322 1325 1391 3997
8262 4 2 1 1 2912 2913 2914 4240
8263 4 2 1 1 2018 2395 2519 4401
8264 4 2 1 1 3476 3533 3734 4167
8265 4 2 1 1 3884 4132 3748 4145
8266 4 2 1 1 666 682 694 4152
8267 4 2 1 1 2842 2843 3963 4388
8268 4 2 1 1 1882 1884 2585 4082
8269 4 2 1 1 1476 1059 4167 4415
8270 4 2 1 1 588 3736 4165 4506
8271 4 2 1 1 1596 3970 4291 4334
8272 4 2 1 1 3728 3887 3640 3961
8273 4 2 1 1 370 3169 369 4361
8274 4 2 1 1 3623 3456 4181 4496
8275 4 2 1 1 1097 1615 1470 4261
8276 4 2 1 1 671 688 692 3583
8277 4 2 1 1 3176 3159 3165 4361
8278 4 2 1 1 815 68 817 144
8279 4 2 1 1 1491 3649 1278 4238
8280 4 2 1 1 1928 3902 2723 4289
8281 4 2 1 1 3246 3828 418 4375
8282 4 2 1 1 2490 2002 1999 4161
8283 4 2 1 1 47 871 46 3752
8284 4 2 1 1 212 3145 347 3964
8285 4 2 1 1 1473 1481 1470 4261
8286 4 2 1 1 2143 2594 2145 4335
8287 4 2 1 1 1802 1803 1801 3859
8288 4 2 1 1 2252 2248 2473 305
8289 4 2 1 1 2739 2736 121 4421
8290 4 2 1 1 605 606 607 4066
8291 4 2 1 1 2250 4279 2536 4481
8292 4 2 1 1 3164 3163 3157 3984
8293 4 2 1 1 3665 4365 3681 4440
8294 4 2 1 1 1311 823 1684 4307
8295 4 2 1 1 2056 2112 1777 4065
8296 4 2 1 1 438 3720 4075 4474
8297 4 2 1 1 1997 2418 2419 4516
8298 4 2 1 1 1272 881 828 4107
8299 4 2 1 1 3563 4334 4171 4468
8300 4 2 1 1 791 3603 774 4303
8301 4 2 1 1 1288 3647 1285 3779
8302 4 2 1 1 1939 2253 2254 4433
8303 4 2 1 1 3653 3718 4136 4467
8304 4 2 1 1 3480 3504 4009 4505
8305 4 2 1 1 963 1217 3850 4346
8306 4 2 1 1 2871 2881 2883 4409
8307 4 2 1 1 835 1619 4107 4482
8308 4 2 1 1 1293 4009 4105 4389
8309 4 2 1 1 3550 3791 3790 4523
8310 4 2 1 1 4178 4279 2250 4481
8311 4 2 1 1 692 3583 3741 4199
8312 4 2 1 1 627 525 665 657
8313 4 2 1 1 546 652 719 662
8314 4 2 1 1 3305 3317 3777 4328
8315 4 2 1 1 2402 1801 2339 3859
8316 4 2 1 1 3085 3083 3080 4236
8317 4 2 1 1 2111 2401 2028 4369
8318 4 2 1 1 2221 3943 3512 4461
8319 4 2 1 1 1368 1367 1257 4238
8320 4 2 1 1 592 591 589 4316
8321 4 2 1 1 592 589 590 4316
8322 4 2 1 1 3199 3197 3195 4286
8323 4 2 1 1 4165 4313 3917 4362
8324 4 2 1 1 3460 3533 3476 3840
8325 4 2 1 1 330 1610 1154 1609
8326 4 2 1 1 637 656 3775 3843
8327 4 2 1 1 1044 1487 1299 3949
8328 4 2 1 1 816 1364 1190 4521
8329 4 2 1 1 2852 2849 4119 4390
8330 4 2 1 1 3225 3230 404 3766
8331 4 2 1 1 1100 1105 1104 3992
8332 4 2 1 1 3516 4071 3689 4451
8333 4 2 1 1 963 1682 1217 4346
8334 4 2 1 1 399 398 3233 4168
8335 4 2 1 1 1313 3874 3793 4224
8336 4 2 1 1 3340 480 479 4327
8337 4 2 1 1 3640 3677 3540 4386
8338 4 2 1 1 2475 2414 2474 4498
8339 4 2 1 1 2010 2011 2009 4018
8340 4 2 1 1 1374 1548 1113 3825
8341 4 2 1 1 2765 134 907 3975
8342 4 2 1 1 3556 3721 3926 3927
8343 4 2 1 1 374 390 3886 4262
8344 4 2 1 1 3508 3773 4345 4448
8345 4 2 1 1 3694 3536 3823 4414
8346 4 2 1 1 198 2991 3618 3930
8347 4 2 1 1 908 1687 906 4486
8348 4 2 1 1 2969 221 222 3870
8349 4 2 1 1 2661 1966 3780 4091
8350 4 2 1 1 3524 3594 4039 4350
8351 4 2 1 1 3343 3346 3334 4111
8352 4 2 1 1 3643 4319 3564 4320
8353 4 2 1 1 3905 3924 3713 4497
8354 4 2 1 1 3041 3935 3046 4397
8355 4 2 1 1 2177 4067 3710 4230
8356 4 2 1 1 2916 4005 3929 4240
8357 4 2 1 1 1100 1104 1052 3992
8358 4 2 1 1 258 3050 257 4464
8359 4 2 1 1 243 242 3026 4323
8360 4 2 1 1 1164 1418 1169 4159
8361 4 2 1 1 596 3938 85 4437
8362 4 2 1 1 1969 2661 2619 3780
8363 4 2 1 1 2026 2028 2034 4073
8364 4 2 1 1 2349 2689 1837 4145
8365 4 2 1 1 373 4047 4060 4262
8366 4 2 1 1 3568 4005 3929 4234
8367 4 2 1 1 2694 2459 2081 4207
8368 4 2 1 1 2765 907 132 3975
8369 4 2 1 1 3341 3906 473 4339
8370 4 2 1 1 2064 3767 3965 4442
8371 4 2 1 1 1680 1138 1139 3903
8372 4 2 1 1 2482 2161 2668 4113
8373 4 2 1 1 2957 2956 2958 4252
8374 4 2 1 1 960 1544 1564 4493
8375 4 2 1 1 1644 1307 1230 4518
8376 4 2 1 1 1533 357 1570 69
8377 4 2 1 1 2665 2666 2367 4011
8378 4 2 1 1 1210 3967 971 4320
8379 4 2 1 1 1176 1175 1174 4041
8380 4 2 1 1 3500 3530 3634 4044
8381 4 2 1 1 2821 2815 96 4363
8382 4 2 1 1 1052 1053 1051 4040
8383 4 2 1 1 987 1039 985 4459
8384 4 2 1 1 3038 4243 3037 4397
8385 4 2 1 1 1215 1001 1019 4351
8386 4 2 1 1 2632 3767 2062 3805
8387 4 2 1 1 733 546 719 662
8388 4 2 1 1 3459 3821 3660 4513
8389 4 2 1 1 2433 2563 2431 4326
8390 4 2 1 1 143 947 1559 4188
8391 4 2 1 1 2518 2526 1933 4205
8392 4 2 1 1 2331 1879 1880 4426
8393 4 2 1 1 2259 1932 2258 4395
8394 4 2 1 1 3592 4077 3862 4248
8395 4 2 1 1 3547 3647 3577 3649
8396 4 2 1 1 733 722 575 4303
8397 4 2 1 1 346 187 3523 3924
8398 4 2 1 1 2137 2138 1845 4231
8399 4 2 1 1 770 3988 777 4058
8400 4 2 1 1 1198 3960 1199 4074
8401 4 2 1 1 1163 4159 3643 4302
8402 4 2 1 1 2703 2031 2501 4515
8403 4 2 1 1 3501 2070 3965 4442
8404 4 2 1 1 1150 1123 1228 4393
8405 4 2 1 1 329 3812 3667 3907
8406 4 2 1 1 3038 3044 3039 4243
8407 4 2 1 1 2218 3664 4392 4461
8408 4 2 1 1 3630 3893 440 4467
8409 4 2 1 1 2549 2629 2080 4173
8410 4 2 1 1 1290 1326 1289 3647
8411 4 2 1 1 610 608 609 4287
8412 4 2 1 1 3711 4060 3656 4139
8413 4 2 1 1 1864 1866 2576 3920
8414 4 2 1 1 3621 3639 3522 3828
8415 4 2 1 1 1166 3916 1368 4238
8416 4 2 1 1 3647 3724 330 3997
8417 4 2 1 1 3949 4009 3480 4347
8418 4 2 1 1 4037 4345 3773 4448
8419 4 2 1 1 2906 2871 2870 4409
8420 4 2 1 1 1790 3820 1789 4204
8421 4 2 1 1 1095 4040 3734 4180
8422 4 2 1 1 133 1350 3788 4472
8423 4 2 1 1 1537 1538 1531 3883
8424 4 2 1 1 1225 1416 1365 4129
8425 4 2 1 1 3092 3088 3100 3808
8426 4 2 1 1 1877 3917 2045 4322
8427 4 2 1 1 3772 4096 3621 4398
8428 4 2 1 1 167 1778 2347 184
8429 4 2 1 1 3212 3217 3221 4354
8430 4 2 1 1 3573 4216 3893 4340
8431 4 2 1 1 3604 3991 3579 4276
8432 4 2 1 1 28 3822 385 4495
8433 4 2 1 1 747 748 746 4237
8434 4 2 1 1 1614 1615 1092 4249
8435 4 2 1 1 1121 1122 1581 4393
8436 4 2 1 1 427 3276 425 4002
8437 4 2 1 1 664 766 551 740
8438 4 2 1 1 2359 2504 2720 4376
8439 4 2 1 1 557 671 691 3703
8440 4 2 1 1 1620 3787 1495 4017
8441 4 2 1 1 777 3833 776 4058
8442 4 2 1 1 960 3615 962 4108
8443 4 2 1 1 769 634 543 4466
8444 4 2 1 1 1790 3546 3820 4204
8445 4 2 1 1 1108 1110 1654 4456
8446 4 2 1 1 3529 3657 3486 3845
8447 4 2 1 1 28 3855 3822 3882
8448 4 2 1 1 528 668 673 3525
8449 4 2 1 1 1112 1646 1111 4101
8450 4 2 1 1 4060 4262 3712 4466
8451 4 2 1 1 3567 4115 4114 4400
8452 4 2 1 1 600 622 611 3525
8453 4 2 1 1 3564 3996 3867 4129
8454 4 2 1 1 3529 4027 4041 4185
8455 4 2 1 1 267 3935 4043 4225
8456 4 2 1 1 3922 4300 2129 4510
8457 4 2 1 1 2430 2432 2431 4326
8458 4 2 1 1 3749 4001 1641 4193
8459 4 2 1 1 137 4319 2835 4380
8460 4 2 1 1 48 3230 117 3801
8461 4 2 1 1 3235 3245 3246 4375
8462 4 2 1 1 844 846 849 4198
8463 4 2 1 1 715 712 717 4097
8464 4 2 1 1 3522 3639 3621 3810
8465 4 2 1 1 657 627 525 620
8466 4 2 1 1 3255 424 3254 4203
8467 4 2 1 1 2831 140 2846 4388
8468 4 2 1 1 783 780 781 4427
8469 4 2 1 1 800 560 698 792
8470 4 2 1 1 689 696 629 530
8471 4 2 1 1 3937 3956 1703 4474
8472 4 2 1 1 883 1316 4310 4371
8473 4 2 1 1 3850 4274 356 4493
8474 4 2 1 1 774 3603 795 3712
8475 4 2 1 1 2254 1899 2485 4030
8476 4 2 1 1 2576 2261 592 4450
8477 4 2 1 1 3322 4328 3321 4489
8478 4 2 1 1 522 601 637 3669
8479 4 2 1 1 1637 1268 1173 4185
8480 4 2 1 1 2525 2280 2283 4169
8481 4 2 1 1 792 560 698 684
8482 4 2 1 1 615 689 629 530
8483 4 2 1 1 251 4043 3898 4225
8484 4 2 1 1 3597 4181 3989 4496
8485 4 2 1 1 24 585 4175 4432
8486 4 2 1 1 3504 3480 4009 4347
8487 4 2 1 1 3168 3771 3170 4443
8488 4 2 1 1 3542 3770 3607 4388
8489 4 2 1 1 1319 3577 1320 3724
8490 4 2 1 1 3480 3533 3599 3916
8491 4 2 1 1 2234 2243 2255 4338
8492 4 2 1 1 3613 3939 3833 4203
8493 4 2 1 1 1849 1847 1848 3859
8494 4 2 1 1 372 4047 3711 4060
8495 4 2 1 1 3690 3886 795 4487
8496 4 2 1 1 623 3636 611 3911
8497 4 2 1 1 4165 3686 4327 4374
8498 4 2 1 1 3583 3864 3584 4226
8499 4 2 1 1 1033 977 975 4171
8500 4 2 1 1 879 1404 935 3863
8501 4 2 1 1 2488 2489 2019 4092
8502 4 2 1 1 2937 3884 3650 4166
8503 4 2 1 1 1858 1857 1859 4215
8504 4 2 1 1 639 636 3656 3711
8505 4 2 1 1 864 1308 1378 4102
8506 4 2 1 1 2689 1833 1837 4145
8507 4 2 1 1 1346 1345 1086 4127
8508 4 2 1 1 3568 4006 4005 4234
8509 4 2 1 1 2389 1867 1870 4457
8510 4 2 1 1 2833 4121 2838 4373
8511 4 2 1 1 675 676 674 3958
8512 4 2 1 1 781 782 802 4324
8513 4 2 1 1 2135 2409 1768 4405
8514 4 2 1 1 650 648 632 3891
8515 4 2 1 1 1288 1289 1285 3647
8516 4 2 1 1 2459 4207 2694 4426
8517 4 2 1 1 717 4022 4130 4465
8518 4 2 1 1 1147 1145 1148 4349
8519 4 2 1 1 2885 4069 2886 4420
8520 4 2 1 1 2520 3987 2473 4401
8521 4 2 1 1 2076 2573 3931 4497
8522 4 2 1 1 1434 1435 1436 4360
8523 4 2 1 1 2904 2867 2871 4409
8524 4 2 1 1 3875 4300 3651 4322
8525 4 2 1 1 3621 3828 3743 3939
8526 4 2 1 1 232 225 3125 3445
8527 4 2 1 1 3083 4236 4052 4387
8528 4 2 1 1 679 681 677 4316
8529 4 2 1 1 3535 3804 3620 3906
8530 4 2 1 1 2245 4337 2234 4338
8531 4 2 1 1 3586 4139 3910 4491
8532 4 2 1 1 3666 4002 3641 4035
8533 4 2 1 1 2214 2213 3978 4392
8534 4 2 1 1 550 653 663 4378
8535 4 2 1 1 1398 839 838 4239
8536 4 2 1 1 3492 3781 3705 4161
8537 4 2 1 1 2353 2246 2245 4337
8538 4 2 1 1 1642 4171 1033 4334
8539 4 2 1 1 531 731 626 724
8540 4 2 1 1 1909 1943 1912 4258
8541 4 2 1 1 3867 4001 3645 4475
8542 4 2 1 1 617 531 626 724
8543 4 2 1 1 2030 2336 1998 4227
8544 4 2 1 1 603 620 627 4064
8545 4 2 1 1 3041 267 3046 3935
8546 4 2 1 1 2536 2543 2537 4279
8547 4 2 1 1 24 3892 3160 3896
8548 4 2 1 1 835 4107 4425 4482
8549 4 2 1 1 2075 2076 3931 4442
8550 4 2 1 1 1598 1550 1275 4473
8551 4 2 1 1 1248 1023 1021 4104
8552 4 2 1 1 3680 4390 4119 4410
8553 4 2 1 1 3604 3991 3513 4282
8554 4 2 1 1 3012 3677 3024 4323
8555 4 2 1 1 673 3641 3525 4035
8556 4 2 1 1 1185 4029 1212 4454
8557 4 2 1 1 571 707 734 4391
8558 4 2 1 1 3745 3906 3544 4157
8559 4 2 1 1 3597 3989 3948 4496
8560 4 2 1 1 3031 3028 261 4397
8561 4 2 1 1 2009 4018 2030 4227
8562 4 2 1 1 3899 4004 3705 4092
8563 4 2 1 1 1551 1534 1540 4473
8564 4 2 1 1 2884 2885 2875 4420
8565 4 2 1 1 1271 3825 3602 4393
8566 4 2 1 1 914 2763 56 132
8567 4 2 1 1 3696 3791 3462 4523
8568 4 2 1 1 4194 4299 3203 4444
8569 4 2 1 1 3468 3983 3872 4104
8570 4 2 1 1 1548 3825 931 4393
8571 4 2 1 1 2576 592 2046 4277
8572 4 2 1 1 1133 1134 1673 4383
8573 4 2 1 1 369 3169 3160 3892
8574 4 2 1 1 912 4260 3981 4486
8575 4 2 1 1 3103 3925 3816 4236
8576 4 2 1 1 1128 1127 1126 3835
8577 4 2 1 1 564 667 702 563
8578 4 2 1 1 349 3141 350 3964
8579 4 2 1 1 2603 2036 1913 3785
8580 4 2 1 1 3483 3564 3510 4117
8581 4 2 1 1 3595 4226 3489 4391
8582 4 2 1 1 1549 1670 1535 4473
8583 4 2 1 1 3480 3762 3599 4208
8584 4 2 1 1 755 740 766 4250
8585 4 2 1 1 968 4032 3744 4188
8586 4 2 1 1 802 784 3518 4087
8587 4 2 1 1 3738 4037 3514 4448
8588 4 2 1 1 997 4430 1644 4518
8589 4 2 1 1 1029 1562 1030 4452
8590 4 2 1 1 1654 1263 1107 4456
8591 4 2 1 1 60 879 934 2767
8592 4 2 1 1 1328 3867 1227 4129
8593 4 2 1 1 3611 3735 3571 3777
8594 4 2 1 1 1025 1192 1253 3950
8595 4 2 1 1 840 1343 3702 4074
8596 4 2 1 1 833 3845 830 4425
8597 4 2 1 1 274 3953 288 4056
8598 4 2 1 1 3282 432 431 4305
8599 4 2 1 1 711 713 714 4283
8600 4 2 1 1 1805 3706 1806 3990
8601 4 2 1 1 4001 4445 3645 4475
8602 4 2 1 1 3212 3221 4297 4354
8603 4 2 1 1 3308 469 3307 4187
8604 4 2 1 1 3658 4188 4373 4455
8605 4 2 1 1 3149 3147 3143 4200
8606 4 2 1 1 203 347 3139 3152
8607 4 2 1 1 2455 2352 2454 4051
8608 4 2 1 1 784 3712 3886 4262
8609 4 2 1 1 740 551 664 638
8610 4 2 1 1 2693 2680 2369 4011
8611 4 2 1 1 1421 1638 1187 4028
8612 4 2 1 1 2167 2166 1861 4215
8613 4 2 1 1 19 90 4084 4341
8614 4 2 1 1 1057 3827 3734 4385
8615 4 2 1 1 860 4068 861 4430
8616 4 2 1 1 1165 3840 3599 4302
8617 4 2 1 1 586 588 3736 4191
8618 4 2 1 1 3967 4188 141 4373
8619 4 2 1 1 1193 3749 1253 3950
8620 4 2 1 1 2218 2215 2216 4392
8621 4 2 1 1 321 3784 3783 4516
8622 4 2 1 1 3828 4000 3258 4375
8623 4 2 1 1 409 4096 3772 4245
8624 4 2 1 1 2458 1880 4426 4490
8625 4 2 1 1 1481 1473 1449 4261
8626 4 2 1 1 943 1411 942 4001
8627 4 2 1 1 1383 1559 950 4188
8628 4 2 1 1 4022 4097 3662 4465
8629 4 2 1 1 4182 4269 3635 4304
8630 4 2 1 1 2964 214 2963 3887
8631 4 2 1 1 3556 3926 3722 3927
8632 4 2 1 1 2984 2983 236 3941
8633 4 2 1 1 789 707 571 4391
8634 4 2 1 1 3265 3277 3271 4242
8635 4 2 1 1 1613 1108 1106 4100
8636 4 2 1 1 3655 3693 393 4354
8637 4 2 1 1 3483 3643 4129 4159
8638 4 2 1 1 293 294 3925 4236
8639 4 2 1 1 4207 4426 2459 4490
8640 4 2 1 1 2330 1879 2329 3880
8641 4 2 1 1 344 2190 4173 4407
8642 4 2 1 1 3708 4263 3732 4503
8643 4 2 1 1 3730 4010 3504 4105
8644 4 2 1 1 253 3021 3016 4386
8645 4 2 1 1 3244 4000 3810 4096
8646 4 2 1 1 807 808 3933 4434
8647 4 2 1 1 3068 3814 3727 4158
8648 4 2 1 1 640 643 651 3652
8649 4 2 1 1 1079 3649 1491 4017
8650 4 2 1 1 3546 4133 3820 4204
8651 4 2 1 1 690 3976 669 4399
8652 4 2 1 1 637 3775 3669 3843
8653 4 2 1 1 3607 4109 3963 4390
8654 4 2 1 1 2921 2954 2929 4005
8655 4 2 1 1 336 337 3133 3879
8656 4 2 1 1 143 3744 144 4455
8657 4 2 1 1 3034 3031 3033 4356
8658 4 2 1 1 2926 2918 2921 4005
8659 4 2 1 1 1351 1248 1590 3725
8660 4 2 1 1 3196 386 385 4444
8661 4 2 1 1 1686 941 942 4001
8662 4 2 1 1 3473 3590 3558 3989
8663 4 2 1 1 2913 2915 2914 4240
8664 4 2 1 1 2900 2901 2891 4501
8665 4 2 1 1 1138 1156 1140 3903
8666 4 2 1 1 3237 416 4000 4446
8667 4 2 1 1 3504 3647 3547 4347
8668 4 2 1 1 568 569 666 738
8669 4 2 1 1 1293 4105 910 4389
8670 4 2 1 1 2959 206 2958 4133
8671 4 2 1 1 3285 453 452 4511
8672 4 2 1 1 2839 2840 2835 4121
8673 4 2 1 1 1072 1073 1602 4017
8674 4 2 1 1 1688 1594 926 4367
8675 4 2 1 1 2840 4121 2830 4380
8676 4 2 1 1 3257 3639 86 4195
8677 4 2 1 1 3476 3569 3840 4167
8678 4 2 1 1 888 887 886 4520
8679 4 2 1 1 3749 3950 3468 4106
8680 4 2 1 1 844 843 842 4068
8681 4 2 1 1 1931 2647 3990 4498
8682 4 2 1 1 3226 3214 3229 4509
8683 4 2 1 1 3138 338 3139 4211
8684 4 2 1 1 3579 4276 4275 4501
8685 4 2 1 1 3559 3899 3705 4218
8686 4 2 1 1 674 668 675 3958
8687 4 2 1 1 827 3824 3845 4107
8688 4 2 1 1 914 916 1034 4410
8689 4 2 1 1 2962 173 2961 3728
8690 4 2 1 1 1810 1848 1847 3859
8691 4 2 1 1 1027 1004 1006 4295
8692 4 2 1 1 2219 2221 2223 4461
8693 4 2 1 1 3708 3732 3628 4019
8694 4 2 1 1 1253 1193 1573 3749
8695 4 2 1 1 224 231 3113 3445
8696 4 2 1 1 3193 3192 3873 4194
8697 4 2 1 1 3237 4000 415 4446
8698 4 2 1 1 756 742 768 4196
8699 4 2 1 1 623 602 619 4270
8700 4 2 1 1 2114 2051 1949 4514
8701 4 2 1 1 1569 1240 1357 4296
8702 4 2 1 1 3603 3886 3830 4271
8703 4 2 1 1 2113 2573 2709 3931
8704 4 2 1 1 3919 4332 3623 4343
8705 4 2 1 1 714 713 726 4135
8706 4 2 1 1 1393 943 3950 4001
8707 4 2 1 1 3522 3772 3621 4398
8708 4 2 1 1 2889 3543 3768 3794
8709 4 2 1 1 915 919 917 3975
8710 4 2 1 1 1177 1179 1180 4041
8711 4 2 1 1 12 4141 3904 4511
8712 4 2 1 1 2655 2677 2250 4178
8713 4 2 1 1 892 889 891 4520
8714 4 2 1 1 238 2989 2988 3816
8715 4 2 1 1 821 818 901 4331
8716 4 2 1 1 37 3301 38 4312
8717 4 2 1 1 1290 1289 1600 3647
8718 4 2 1 1 1351 1590 1352 3725
8719 4 2 1 1 1900 2485 2691 4508
8720 4 2 1 1 1190 4180 4472 4521
8721 4 2 1 1 3840 4238 3533 4415
8722 4 2 1 1 1406 3907 1092 4249
8723 4 2 1 1 1788 3820 1785 4395
8724 4 2 1 1 1547 4359 1435 4360
8725 4 2 1 1 3522 3621 3613 4398
8726 4 2 1 1 3560 4043 3561 4225
8727 4 2 1 1 3242 3236 3237 4446
8728 4 2 1 1 2557 2222 2563 3978
8729 4 2 1 1 2575 2037 1936 3955
8730 4 2 1 1 3013 246 247 4330
8731 4 2 1 1 791 4303 722 4439
8732 4 2 1 1 1644 1230 1376 4518
8733 4 2 1 1 3612 3742 658 3843
8734 4 2 1 1 3493 3850 3673 4346
8735 4 2 1 1 610 623 598 3635
8736 4 2 1 1 2149 2674 2148 4500
8737 4 2 1 1 1260 4384 986 4484
8738 4 2 1 1 1690 952 956 4078
8739 4 2 1 1 288 274 3063 3953
8740 4 2 1 1 914 132 907 4410
8741 4 2 1 1 1532 1534 1549 4473
8742 4 2 1 1 1183 1618 4416 4454
8743 4 2 1 1 3036 3030 3049 4464
8744 4 2 1 1 2860 2862 2863 4492
8745 4 2 1 1 1070 4238 1367 4415
8746 4 2 1 1 2021 3899 2019 4092
8747 4 2 1 1 3310 3311 4187 4488
8748 4 2 1 1 821 4331 901 4371
8749 4 2 1 1 692 3583 688 4458
8750 4 2 1 1 326 3782 316 4020
8751 4 2 1 1 3328 483 482 3866
8752 4 2 1 1 4182 4269 3490 4449
8753 4 2 1 1 264 3051 263 4243
8754 4 2 1 1 3758 4439 3603 4487
8755 4 2 1 1 2900 2902 2901 4501
8756 4 2 1 1 3532 3778 3695 3898
8757 4 2 1 1 1253 3749 1573 4106
8758 4 2 1 1 768 742 576 775
8759 4 2 1 1 1599 1254 3916 4384
8760 4 2 1 1 783 3690 784 3886
8761 4 2 1 1 1243 3688 1211 4029
8762 4 2 1 1 780 783 785 4292
8763 4 2 1 1 3335 3337 3311 3438
8764 4 2 1 1 639 542 794 3656
8765 4 2 1 1 3868 4096 3613 4203
8766 4 2 1 1 2677 2450 2446 4178
8767 4 2 1 1 2065 2288 2356 4169
8768 4 2 1 1 619 535 723 4270
8769 4 2 1 1 1383 950 4032 4188
8770 4 2 1 1 2582 2080 2587 4173
8771 4 2 1 1 423 4342 407 4353
8772 4 2 1 1 3596 3879 3637 3902
8773 4 2 1 1 3574 3826 3716 4088
8774 4 2 1 1 694 682 676 4086
8775 4 2 1 1 3617 4221 3966 4468
8776 4 2 1 1 1120 1118 1579 4393
8777 4 2 1 1 3766 3999 3595 4423
8778 4 2 1 1 2440 2443 2404 4179
8779 4 2 1 1 3575 3899 3503 4281
8780 4 2 1 1 3556 3722 3663 4052
8781 4 2 1 1 595 3654 593 4427
8782 4 2 1 1 3337 3313 3311 3438
8783 4 2 1 1 641 649 642 4306
8784 4 2 1 1 3710 4338 4230 4501
8785 4 2 1 1 947 65 141 2774
8786 4 2 1 1 996 861 997 4430
8787 4 2 1 1 1768 1766 2112 4065
8788 4 2 1 1 2089 2091 3813 4381
8789 4 2 1 1 1308 1207 1202 4102
8790 4 2 1 1 3053 281 3871 4404
8791 4 2 1 1 2995 3797 3930 4118
8792 4 2 1 1 2438 2432 2430 4326
8793 4 2 1 1 143 4188 3744 4455
8794 4 2 1 1 1227 3867 1493 3996
8795 4 2 1 1 979 1558 980 4106
8796 4 2 1 1 2866 2887 2869 4408
8797 4 2 1 1 4052 4236 3925 4387
8798 4 2 1 1 2660 1970 2419 4099
8799 4 2 1 1 3599 3840 1165 3916
8800 4 2 1 1 785 789 788 3595
8801 4 2 1 1 3265 3262 3261 4305
8802 4 2 1 1 3460 3570 3476 3680
8803 4 2 1 1 3617 4334 3970 4468
8804 4 2 1 1 1317 4185 3657 4331
8805 4 2 1 1 3515 3529 3486 3845
8806 4 2 1 1 1149 1158 1159 4349
8807 4 2 1 1 1888 1858 1859 4215
8808 4 2 1 1 2954 2921 2918 4005
8809 4 2 1 1 729 717 706 4130
8810 4 2 1 1 464 4123 463 4191
8811 4 2 1 1 2833 2839 4121 4373
8812 4 2 1 1 131 2762 816 4521
8813 4 2 1 1 3547 3649 1279 3779
8814 4 2 1 1 2995 3780 3797 4118
8815 4 2 1 1 3054 3057 3059 4317
8816 4 2 1 1 55 53 816 2762
8817 4 2 1 1 596 594 3690 4427
8818 4 2 1 1 12 3904 3302 4511
8819 4 2 1 1 2446 2450 2405 4179
8820 4 2 1 1 3583 3584 3864 4199
8821 4 2 1 1 1882 4082 2586 4490
8822 4 2 1 1 3343 476 475 4111
8823 4 2 1 1 3515 3821 3459 4513
8824 4 2 1 1 623 3635 610 3636
8825 4 2 1 1 995 1170 1692 3983
8826 4 2 1 1 1471 3787 1467 4017
8827 4 2 1 1 3679 4119 3570 4120
8828 4 2 1 1 2522 2395 2520 4401
8829 4 2 1 1 734 707 4278 4391
8830 4 2 1 1 927 1319 1595 4367
8831 4 2 1 1 886 846 1369 4198
8832 4 2 1 1 3507 3754 3561 4043
8833 4 2 1 1 2473 3987 316 4401
8834 4 2 1 1 1295 1300 1483 4105
8835 4 2 1 1 82 2183 1715 4025
8836 4 2 1 1 1599 3949 1041 4384
8837 4 2 1 1 884 3657 4185 4310
8838 4 2 1 1 635 3545 655 4070
8839 4 2 1 1 268 4131 269 4428
8840 4 2 1 1 1497 3949 1399 4384
8841 4 2 1 1 1006 1353 1352 4295
8842 4 2 1 1 1239 1596 593 4291
8843 4 2 1 1 3549 3500 3634 4044
8844 4 2 1 1 2440 2442 2443 4179
8845 4 2 1 1 2217 2433 2513 4326
8846 4 2 1 1 3588 4105 3730 4505
8847 4 2 1 1 1250 871 47 4469
8848 4 2 1 1 764 746 750 3934
8849 4 2 1 1 3159 3896 3165 4361
8850 4 2 1 1 3285 3286 3288 4217
8851 4 2 1 1 1782 1781 3852 3973
8852 4 2 1 1 321 3740 322 4333
8853 4 2 1 1 866 1500 1272 4107
8854 4 2 1 1 3009 4049 3010 4386
8855 4 2 1 1 3234 4031 4168 4297
8856 4 2 1 1 771 791 4439 4487
8857 4 2 1 1 1822 1821 4436 4437
8858 4 2 1 1 1182 1184 1183 4029
8859 4 2 1 1 46 47 3752 4443
8860 4 2 1 1 1112 1114 1646 4101
8861 4 2 1 1 1356 1221 1351 4296
8862 4 2 1 1 3576 3838 3507 4059
8863 4 2 1 1 3502 4382 4228 4508
8864 4 2 1 1 3679 3680 3570 4119
8865 4 2 1 1 1499 4249 1069 4415
8866 4 2 1 1 1587 3602 924 4367
8867 4 2 1 1 819 821 822 4371
8868 4 2 1 1 2725 2162 2482 4113
8869 4 2 1 1 1887 1936 1935 4134
8870 4 2 1 1 3537 3876 3592 4420
8871 4 2 1 1 971 137 877 4320
8872 4 2 1 1 298 297 3079 3980
8873 4 2 1 1 3604 3664 4051 4337
8874 4 2 1 1 304 3747 303 4052
8875 4 2 1 1 2990 2989 219 3816
8876 4 2 1 1 2064 2461 3767 4442
8877 4 2 1 1 3208 3214 3209 4509
8878 4 2 1 1 2572 2193 2194 4218
8879 4 2 1 1 441 3940 3888 4294
8880 4 2 1 1 66 68 815 2775
8881 4 2 1 1 52 3956 1699 4447
8882 4 2 1 1 234 2979 2978 3959
8883 4 2 1 1 815 1311 142 4063
8884 4 2 1 1 646 658 3742 3843
8885 4 2 1 1 956 957 1577 4078
8886 4 2 1 1 3269 3268 4125 4308
8887 4 2 1 1 2419 2418 2420 4099
8888 4 2 1 1 699 680 678 3552
8889 4 2 1 1 475 459 3776 4477
8890 4 2 1 1 726 704 728 4439
8891 4 2 1 1 364 365 3984 4368
8892 4 2 1 1 53 54 814 2761
8893 4 2 1 1 3311 3321 3313 4488
8894 4 2 1 1 700 690 682 4507
8895 4 2 1 1 1003 1376 1344 4046
8896 4 2 1 1 2924 3764 2949 4115
8897 4 2 1 1 380 3190 3962 4503
8898 4 2 1 1 3597 4277 3729 4470
8899 4 2 1 1 2727 2731 89 4084
8900 4 2 1 1 1274 1218 1597 4352
8901 4 2 1 1 2708 2358 2094 4376
8902 4 2 1 1 3639 3743 3522 3828
8903 4 2 1 1 2063 2064 3767 3965
8904 4 2 1 1 1028 4239 860 4430
8905 4 2 1 1 3826 4088 3715 4356
8906 4 2 1 1 3087 3094 3088 3808
8907 4 2 1 1 1634 1084 1633 4479
8908 4 2 1 1 717 4022 720 4130
8909 4 2 1 1 2230 3995 2229 4282
8910 4 2 1 1 2916 2920 3929 4005
8911 4 2 1 1 779 777 778 3988
8912 4 2 1 1 1140 1156 1143 4349
8913 4 2 1 1 3848 4221 3617 4468
8914 4 2 1 1 1669 1132 1673 4383
8915 4 2 1 1 3917 4190 3578 4313
8916 4 2 1 1 3855 3606 4436 4437
8917 4 2 1 1 1058 4167 1060 4180
8918 4 2 1 1 2342 2341 2604 3847
8919 4 2 1 1 3894 4034 2195 4258
8920 4 2 1 1 639 634 4139 4466
8921 4 2 1 1 361 4421 4368 4443
8922 4 2 1 1 1094 133 2764 4472
8923 4 2 1 1 3310 3320 3311 4488
8924 4 2 1 1 3966 4221 3617 4260
8925 4 2 1 1 639 636 542 3656
8926 4 2 1 1 955 1332 957 3996
8927 4 2 1 1 3520 3927 3557 4251
8928 4 2 1 1 714 703 730 4284
8929 4 2 1 1 1648 818 820 4331
8930 4 2 1 1 3508 3672 3773 4269
8931 4 2 1 1 2867 4408 2868 4409
8932 4 2 1 1 2685 2675 2149 4500
8933 4 2 1 1 1939 1829 2590 4110
8934 4 2 1 1 791 799 575 4303
8935 4 2 1 1 582 584 583 4287
8936 4 2 1 1 582 583 581 4287
8937 4 2 1 1 453 454 3304 4511
8938 4 2 1 1 1374 931 1548 3825
8939 4 2 1 1 303 302 3798 4478
8940 4 2 1 1 3311 3313 4187 4488
8941 4 2 1 1 3502 4228 3946 4508
8942 4 2 1 1 633 549 718 4116
8943 4 2 1 1 3567 4073 4114 4115
8944 4 2 1 1 840 3702 1343 4068
8945 4 2 1 1 3529 3657 4027 4185
8946 4 2 1 1 3603 795 3886 4487
8947 4 2 1 1 3966 4260 3617 4334
8948 4 2 1 1 3622 4163 3799 4176
8949 4 2 1 1 3570 3731 3569 4120
8950 4 2 1 1 4223 4382 3502 4508
8951 4 2 1 1 1063 4167 1061 4415
8952 4 2 1 1 3522 3621 3772 3810
8953 4 2 1 1 2774 1559 947 67
8954 4 2 1 1 1784 2646 2472 4364
8955 4 2 1 1 3326 4264 472 4429
8956 4 2 1 1 1394 1694 327 4127
8957 4 2 1 1 1364 816 1395 4521
8958 4 2 1 1 1853 2416 3820 4215
8959 4 2 1 1 1418 3860 4159 4484
8960 4 2 1 1 3182 3732 3194 4503
8961 4 2 1 1 1291 1043 1044 4347
8962 4 2 1 1 2965 210 2964 3887
8963 4 2 1 1 747 746 744 4237
8964 4 2 1 1 713 712 4097 4219
8965 4 2 1 1 3887 208 4323 4330
8966 4 2 1 1 2886 3862 3592 4420
8967 4 2 1 1 2211 2340 2451 3847
8968 4 2 1 1 771 4292 785 4487
8969 4 2 1 1 962 964 963 4108
8970 4 2 1 1 3659 3770 3658 4455
8971 4 2 1 1 1929 1811 1932 4205
8972 4 2 1 1 794 639 3656 4466
8973 4 2 1 1 1182 1638 4028 4029
8974 4 2 1 1 680 3868 691 4199
8975 4 2 1 1 1041 1487 1399 3949
8976 4 2 1 1 1373 1613 1161 4379
8977 4 2 1 1 622 527 602 3641
8978 4 2 1 1 149 2829 2782 4363
8979 4 2 1 1 142 4063 3770 4455
8980 4 2 1 1 407 3227 3226 4355
8981 4 2 1 1 184 1769 1758 1760
8982 4 2 1 1 2654 2017 2252 4020
8983 4 2 1 1 1195 3960 1194 4102
8984 4 2 1 1 2933 3650 2932 4348
8985 4 2 1 1 2225 2655 2406 3861
8986 4 2 1 1 2877 3841 2880 3865
8987 4 2 1 1 244 260 245 3026
8988 4 2 1 1 941 1641 4001 4193
8989 4 2 1 1 3631 4065 3650 4405
8990 4 2 1 1 789 571 798 4391
8991 4 2 1 1 85 3938 4285 4437
8992 4 2 1 1 3765 3777 3611 4123
8993 4 2 1 1 1882 2198 1878 4490
8994 4 2 1 1 840 4068 842 4239
8995 4 2 1 1 3648 3865 3592 3876
8996 4 2 1 1 3148 3150 3149 3905
8997 4 2 1 1 2747 49 48 4183
8998 4 2 1 1 685 3666 673 4035
8999 4 2 1 1 1476 4167 3827 4415
9000 4 2 1 1 2360 2357 2290 4376
9001 4 2 1 1 1074 1602 1075 4017
9002 4 2 1 1 584 3636 582 4499
9003 4 2 1 1 2600 1883 2129 4300
9004 4 2 1 1 715 4460 4097 4465
9005 4 2 1 1 836 4425 3702 4482
9006 4 2 1 1 533 534 701 598
9007 4 2 1 1 674 673 668 3525
9008 4 2 1 1 3946 3947 3463 4293
9009 4 2 1 1 2121 583 2129 3971
9010 4 2 1 1 358 3960 1592 4026
9011 4 2 1 1 1239 3981 912 4260
9012 4 2 1 1 428 3672 3733 3911
9013 4 2 1 1 2862 2860 2861 3774
9014 4 2 1 1 1333 1286 1346 4127
9015 4 2 1 1 1026 3950 3673 4346
9016 4 2 1 1 3575 3619 3618 4369
9017 4 2 1 1 45 1392 24 4432
9018 4 2 1 1 332 4101 3812 4359
9019 4 2 1 1 3506 3754 3580 3935
9020 4 2 1 1 3888 4413 3694 4414
9021 4 2 1 1 2762 130 1395 4521
9022 4 2 1 1 3493 4001 3867 4108
9023 4 2 1 1 3873 3962 383 4194
9024 4 2 1 1 652 647 659 4174
9025 4 2 1 1 1488 1170 995 3983
9026 4 2 1 1 3555 3689 3553 4071
9027 4 2 1 1 2198 2458 1878 4490
9028 4 2 1 1 1224 3867 1226 4475
9029 4 2 1 1 3615 3673 3493 3850
9030 4 2 1 1 2761 1382 814 129
9031 4 2 1 1 1047 3746 1488 3983
9032 4 2 1 1 1062 4167 1059 4415
9033 4 2 1 1 3829 3910 3711 4139
9034 4 2 1 1 420 404 3225 3442
9035 4 2 1 1 81 1706 82 4025
9036 4 2 1 1 555 767 665 661
9037 4 2 1 1 698 684 687 4196
9038 4 2 1 1 2256 3943 2513 4326
9039 4 2 1 1 662 733 799 4303
9040 4 2 1 1 3219 3801 3225 4509
9041 4 2 1 1 1023 3673 1026 4104
9042 4 2 1 1 2489 1968 2509 4092
9043 4 2 1 1 1187 1543 1424 4416
9044 4 2 1 1 2571 2151 2569 4500
9045 4 2 1 1 2126 1935 1936 4134
9046 4 2 1 1 721 688 565 4278
9047 4 2 1 1 2226 2455 3847 4051
9048 4 2 1 1 653 705 4116 4378
9049 4 2 1 1 3582 3766 3633 3801
9050 4 2 1 1 1238 903 904 3981
9051 4 2 1 1 3556 3721 3663 3926
9052 4 2 1 1 3532 4272 3954 4336
9053 4 2 1 1 3704 3574 3789 3941
9054 4 2 1 1 429 445 446 4499
9055 4 2 1 1 2762 1395 130 53
9056 4 2 1 1 1395 2761 130 53
9057 4 2 1 1 3514 4216 3738 4449
9058 4 2 1 1 2279 2280 2278 3897
9059 4 2 1 1 1243 959 1564 3688
9060 4 2 1 1 3493 3498 3468 3673
9061 4 2 1 1 1929 4204 1811 4205
9062 4 2 1 1 417 3235 418 4375
9063 4 2 1 1 272 3047 3048 4088
9064 4 2 1 1 986 4384 3762 4484
9065 4 2 1 1 39 2046 592 4277
9066 4 2 1 1 1507 1506 1505 4454
9067 4 2 1 1 2417 2703 2418 4516
9068 4 2 1 1 3742 3765 462 3843
9069 4 2 1 1 1194 865 832 4425
9070 4 2 1 1 1238 1312 903 3981
9071 4 2 1 1 825 883 829 4310
9072 4 2 1 1 622 3641 602 3733
9073 4 2 1 1 3659 4373 4121 4388
9074 4 2 1 1 706 723 732 4270
9075 4 2 1 1 1254 1166 1255 3916
9076 4 2 1 1 683 4152 694 4431
9077 4 2 1 1 2495 2032 3985 4515
9078 4 2 1 1 3585 3709 3520 4358
9079 4 2 1 1 639 634 640 4139
9080 4 2 1 1 394 3864 408 4199
9081 4 2 1 1 2093 3682 3813 4050
9082 4 2 1 1 1352 1353 1354 4296
9083 4 2 1 1 2404 2561 2225 4179
9084 4 2 1 1 978 1252 1558 4106
9085 4 2 1 1 3943 3944 3512 4007
9086 4 2 1 1 3261 3268 3267 4305
9087 4 2 1 1 3049 3030 258 4464
9088 4 2 1 1 692 3741 680 4199
9089 4 2 1 1 3074 3062 3066 3814
9090 4 2 1 1 3168 361 3771 4443
9091 4 2 1 1 1873 2183 2121 4190
9092 4 2 1 1 4165 4327 4313 4374
9093 4 2 1 1 2210 2334 2333 4184
9094 4 2 1 1 3646 4162 3732 4286
9095 4 2 1 1 3658 3967 3659 4373
9096 4 2 1 1 4165 4313 4362 4374
9097 4 2 1 1 37 2730 115 4141
9098 4 2 1 1 839 4239 1576 4482
9099 4 2 1 1 1231 1250 1596 3970
9100 4 2 1 1 1418 3860 1605 4159
9101 4 2 1 1 2843 4109 2845 4390
9102 4 2 1 1 3656 4139 4060 4466
9103 4 2 1 1 2329 2093 2462 4050
9104 4 2 1 1 470 4264 471 4429
9105 4 2 1 1 646 3742 3545 3843
9106 4 2 1 1 1715 4025 2183 4190
9107 4 2 1 1 3720 4125 3671 4308
9108 4 2 1 1 3865 4077 3592 4248
9109 4 2 1 1 2661 1965 4091 4118
9110 4 2 1 1 3037 3038 3039 4243
9111 4 2 1 1 4150 4213 3548 4301
9112 4 2 1 1 927 1306 1319 4367
9113 4 2 1 1 843 844 1249 4068
9114 4 2 1 1 3596 3637 334 3813
9115 4 2 1 1 1486 1114 1118 4101
9116 4 2 1 1 861 4068 1249 4518
9117 4 2 1 1 3650 3884 3605 4145
9118 4 2 1 1 2559 3637 2174 4381
9119 4 2 1 1 1184 1211 1185 4029
9120 4 2 1 1 1214 1212 1542 3878
9121 4 2 1 1 2751 3633 4031 4329
9122 4 2 1 1 1186 1504 1426 4416
9123 4 2 1 1 648 650 655 4070
9124 4 2 1 1 3268 4305 4125 4308
9125 4 2 1 1 3492 3797 3608 4091
9126 4 2 1 1 3705 3899 3559 4004
9127 4 2 1 1 3600 3762 4484 4485
9128 4 2 1 1 1220 1347 1492 4346
9129 4 2 1 1 585 587 3652 4506
9130 4 2 1 1 1094 3788 1350 4472
9131 4 2 1 1 3086 3078 3084 4387
9132 4 2 1 1 1927 3706 3637 4036
9133 4 2 1 1 3680 4119 3998 4410
9134 4 2 1 1 2679 2376 2657 3796
9135 4 2 1 1 640 634 641 4462
9136 4 2 1 1 767 555 758 661
9137 4 2 1 1 2959 4133 2958 4252
9138 4 2 1 1 3898 4049 3017 4424
9139 4 2 1 1 3284 3904 3293 4039
9140 4 2 1 1 1555 1268 1189 4185
9141 4 2 1 1 2971 2973 2974 4007
9142 4 2 1 1 3592 3876 3865 4408
9143 4 2 1 1 765 757 741 4143
9144 4 2 1 1 3499 4034 3894 4258
9145 4 2 1 1 2256 3944 3943 4326
9146 4 2 1 1 919 3975 3863 4156
9147 4 2 1 1 166 101 100 2808
9148 4 2 1 1 4124 4191 4123 4403
9149 4 2 1 1 28 3882 3822 4495
9150 4 2 1 1 863 883 884 4310
9151 4 2 1 1 1579 1118 1117 4393
9152 4 2 1 1 2074 3851 2272 4259
9153 4 2 1 1 686 670 685 3666
9154 4 2 1 1 2836 4109 2843 4388
9155 4 2 1 1 187 188 171 3465
9156 4 2 1 1 2182 1713 87 4146
9157 4 2 1 1 2424 1814 2170 4289
9158 4 2 1 1 1703 3956 3937 4447
9159 4 2 1 1 1237 1262 4163 4445
9160 4 2 1 1 733 575 799 4303
9161 4 2 1 1 1576 1215 1489 4351
9162 4 2 1 1 3282 431 4075 4305
9163 4 2 1 1 3999 4226 3595 4391
9164 4 2 1 1 782 803 793 4024
9165 4 2 1 1 1063 3840 1065 4167
9166 4 2 1 1 1104 1053 1052 4385
9167 4 2 1 1 782 781 779 4324
9168 4 2 1 1 3631 3650 3566 4405
9169 4 2 1 1 1810 3859 1807 3990
9170 4 2 1 1 3793 4163 1313 4224
9171 4 2 1 1 1347 3950 1026 4346
9172 4 2 1 1 746 748 750 4422
9173 4 2 1 1 410 3244 3248 4096
9174 4 2 1 1 4006 4234 2925 4358
9175 4 2 1 1 634 769 543 544
9176 4 2 1 1 2842 2831 2853 4388
9177 4 2 1 1 1620 1071 1097 4249
9178 4 2 1 1 2202 3764 2400 4369
9179 4 2 1 1 406 407 3226 4062
9180 4 2 1 1 1267 1206 1390 4074
9181 4 2 1 1 1492 4296 1219 4346
9182 4 2 1 1 3819 4032 3744 4331
9183 4 2 1 1 3898 4043 3560 4225
9184 4 2 1 1 1473 1615 1614 4261
9185 4 2 1 1 807 26 806 4434
9186 4 2 1 1 4120 4472 3569 4521
9187 4 2 1 1 148 2829 149 4363
9188 4 2 1 1 3643 4302 3788 4320
9189 4 2 1 1 2536 4279 2249 4481
9190 4 2 1 1 1376 1015 1344 4518
9191 4 2 1 1 3088 3808 3091 3980
9192 4 2 1 1 1880 2198 2459 4490
9193 4 2 1 1 588 586 3736 4506
9194 4 2 1 1 594 4291 3970 4469
9195 4 2 1 1 424 3868 410 4199
9196 4 2 1 1 1561 1159 1321 3997
9197 4 2 1 1 621 630 613 4033
9198 4 2 1 1 1092 1617 1406 4249
9199 4 2 1 1 3512 2223 4461 4494
9200 4 2 1 1 788 789 773 4391
9201 4 2 1 1 3830 3982 3626 3984
9202 4 2 1 1 3703 4203 3833 4353
9203 4 2 1 1 605 608 616 3776
9204 4 2 1 1 3582 3999 4062 4355
9205 4 2 1 1 104 2810 103 4132
9206 4 2 1 1 979 4106 3877 4504
9207 4 2 1 1 909 1483 1300 4105
9208 4 2 1 1 619 4270 723 4304
9209 4 2 1 1 1364 4180 1190 4521
9210 4 2 1 1 3535 3686 3629 3889
9211 4 2 1 1 639 640 651 3711
9212 4 2 1 1 971 949 940 3967
9213 4 2 1 1 1060 1061 1314 4167
9214 4 2 1 1 807 805 808 4434
9215 4 2 1 1 3867 4108 4001 4475
9216 4 2 1 1 3486 3615 3688 4274
9217 4 2 1 1 454 3295 37 3811
9218 4 2 1 1 2117 4067 2176 4230
9219 4 2 1 1 762 740 755 4250
9220 4 2 1 1 2764 1093 55 57
9221 4 2 1 1 405 4062 3766 4423
9222 4 2 1 1 3546 4133 3879 4211
9223 4 2 1 1 1642 1273 1033 4171
9224 4 2 1 1 143 4373 4188 4455
9225 4 2 1 1 54 56 1382 2763
9226 4 2 1 1 2920 2926 2921 4005
9227 4 2 1 1 3531 4247 3831 4417
9228 4 2 1 1 637 658 3843 4378
9229 4 2 1 1 3304 3302 452 4511
9230 4 2 1 1 2549 2629 4173 4407
9231 4 2 1 1 3673 357 4296 4352
9232 4 2 1 1 3606 4436 4437 4438
9233 4 2 1 1 31 4168 4031 4268
9234 4 2 1 1 1931 3990 4036 4498
9235 4 2 1 1 1290 1325 1322 3997
9236 4 2 1 1 3516 3849 4055 4265
9237 4 2 1 1 3139 201 3138 4211
9238 4 2 1 1 2787 148 2786 4363
9239 4 2 1 1 3615 3867 3493 4117
9240 4 2 1 1 2872 4248 3865 4408
9241 4 2 1 1 3966 4334 3617 4468
9242 4 2 1 1 82 1715 81 4025
9243 4 2 1 1 2029 2016 2196 3894
9244 4 2 1 1 1776 3973 3609 4205
9245 4 2 1 1 335 3596 3502 4069
9246 4 2 1 1 3613 4096 3868 4398
9247 4 2 1 1 1409 3827 1433 4360
9248 4 2 1 1 3748 4132 1717 4145
9249 4 2 1 1 2511 2694 3713 4426
9250 4 2 1 1 671 3703 3584 4199
9251 4 2 1 1 1566 1531 1540 3883
9252 4 2 1 1 3337 3332 3336 4235
9253 4 2 1 1 3591 3612 4124 4191
9254 4 2 1 1 1668 1129 1131 4383
9255 4 2 1 1 1208 590 1349 3908
9256 4 2 1 1 1093 816 1190 4521
9257 4 2 1 1 635 655 650 4070
9258 4 2 1 1 65 67 2774 947
9259 4 2 1 1 863 884 4027 4310
9260 4 2 1 1 1706 4025 81 4372
9261 4 2 1 1 4037 3514 4448 4449
9262 4 2 1 1 3718 4414 440 4467
9263 4 2 1 1 1682 1410 1220 4346
9264 4 2 1 1 729 706 562 4138
9265 4 2 1 1 3727 4406 286 4478
9266 4 2 1 1 1420 1002 1000 4103
9267 4 2 1 1 329 4249 3787 4261
9268 4 2 1 1 428 3733 444 3911
9269 4 2 1 1 1212 1211 1586 3878
9270 4 2 1 1 860 1398 841 4239
9271 4 2 1 1 1885 1887 1935 4170
9272 4 2 1 1 3497 3596 3901 3902
9273 4 2 1 1 405 4147 3979 4423
9274 4 2 1 1 3555 3590 3558 4056
9275 4 2 1 1 1669 1668 1132 4383
9276 4 2 1 1 3621 4061 3939 4203
9277 4 2 1 1 1343 3842 4068 4074
9278 4 2 1 1 3679 4120 3569 4521
9279 4 2 1 1 277 3077 4042 4317
9280 4 2 1 1 3604 3995 3664 4337
9281 4 2 1 1 462 3843 3765 4489
9282 4 2 1 1 2886 4069 3502 4420
9283 4 2 1 1 1214 3878 1509 4454
9284 4 2 1 1 293 3080 294 4236
9285 4 2 1 1 3546 3497 4133 4204
9286 4 2 1 1 2599 2132 1814 4289
9287 4 2 1 1 1681 1190 1490 4180
9288 4 2 1 1 188 3576 3681 4012
9289 4 2 1 1 4105 4389 4009 4505
9290 4 2 1 1 1646 1114 1485 4456
9291 4 2 1 1 2172 2559 2560 4381
9292 4 2 1 1 3530 3778 3634 4044
9293 4 2 1 1 774 791 795 3603
9294 4 2 1 1 3082 3089 3095 4387
9295 4 2 1 1 34 3893 439 4474
9296 4 2 1 1 1811 4204 1932 4205
9297 4 2 1 1 879 3809 1404 3863
9298 4 2 1 1 2489 2488 1968 4092
9299 4 2 1 1 1224 965 1227 3867
9300 4 2 1 1 781 802 784 3518
9301 4 2 1 1 706 686 562 4138
9302 4 2 1 1 3790 3507 4266 4267
9303 4 2 1 1 695 732 628 4270
9304 4 2 1 1 47 3752 3699 4469
9305 4 2 1 1 1966 1965 1967 4091
9306 4 2 1 1 3865 3876 3648 4409
9307 4 2 1 1 355 3529 4026 4028
9308 4 2 1 1 3492 3740 3608 3797
9309 4 2 1 1 3513 3991 3604 4276
9310 4 2 1 1 2133 3884 2165 4166
9311 4 2 1 1 2762 1395 816 4521
9312 4 2 1 1 1539 1213 961 4493
9313 4 2 1 1 630 600 611 3526
9314 4 2 1 1 1263 1485 1484 4456
9315 4 2 1 1 3056 3052 3058 4404
9316 4 2 1 1 2391 2011 2479 4401
9317 4 2 1 1 3928 3776 4288 4477
9318 4 2 1 1 537 603 536 739
9319 4 2 1 1 672 741 566 567
9320 4 2 1 1 778 777 770 3988
9321 4 2 1 1 2971 2975 181 4007
9322 4 2 1 1 3599 3643 4159 4302
9323 4 2 1 1 1427 143 67 1559
9324 4 2 1 1 3982 3984 3173 4361
9325 4 2 1 1 456 4136 4413 4414
9326 4 2 1 1 3331 4126 484 4235
9327 4 2 1 1 3146 3964 3145 4200
9328 4 2 1 1 812 1313 44 3874
9329 4 2 1 1 3621 4096 3613 4398
9330 4 2 1 1 459 3323 458 4288
9331 4 2 1 1 4120 4380 3569 4472
9332 4 2 1 1 218 2969 2970 3870
9333 4 2 1 1 360 890 359 3817
9334 4 2 1 1 706 562 686 561
9335 4 2 1 1 2549 4173 2190 4407
9336 4 2 1 1 2086 2328 2331 4008
9337 4 2 1 1 3483 4129 3860 4159
9338 4 2 1 1 87 2754 86 4146
9339 4 2 1 1 1807 1803 3706 3859
9340 4 2 1 1 358 859 1234 4074
9341 4 2 1 1 2980 3610 3687 3767
9342 4 2 1 1 3107 3106 3861 4481
9343 4 2 1 1 3460 3569 3476 3570
9344 4 2 1 1 2899 2898 4275 4276
9345 4 2 1 1 3088 3094 3100 3808
9346 4 2 1 1 892 897 1415 4520
9347 4 2 1 1 616 3668 605 3776
9348 4 2 1 1 1649 976 975 4504
9349 4 2 1 1 89 1716 90 4084
9350 4 2 1 1 2360 2506 2357 4376
9351 4 2 1 1 782 797 772 4122
9352 4 2 1 1 3037 4243 262 4397
9353 4 2 1 1 2934 4348 2935 4440
9354 4 2 1 1 2899 2883 2898 4276
9355 4 2 1 1 572 725 707 4197
9356 4 2 1 1 2934 4083 2933 4348
9357 4 2 1 1 135 133 3788 4380
9358 4 2 1 1 837 838 839 4482
9359 4 2 1 1 2751 2748 50 4329
9360 4 2 1 1 771 574 704 4439
9361 4 2 1 1 3225 3801 3766 4509
9362 4 2 1 1 3320 3323 459 4072
9363 4 2 1 1 139 971 63 940
9364 4 2 1 1 1550 1670 1275 4473
9365 4 2 1 1 3656 4060 3712 4466
9366 4 2 1 1 3517 3646 3628 3732
9367 4 2 1 1 1269 4484 1167 4485
9368 4 2 1 1 979 1392 3877 4432
9369 4 2 1 1 463 4123 3765 4191
9370 4 2 1 1 1765 4065 1767 4166
9371 4 2 1 1 3629 3686 3535 3866
9372 4 2 1 1 3620 3906 3804 4339
9373 4 2 1 1 2969 222 2968 3870
9374 4 2 1 1 3230 3766 3225 3801
9375 4 2 1 1 3615 4108 960 4493
9376 4 2 1 1 3688 3819 3486 3881
9377 4 2 1 1 2045 4190 3917 4313
9378 4 2 1 1 3505 3678 3540 3728
9379 4 2 1 1 3861 3869 3512 3945
9380 4 2 1 1 706 717 720 4130
9381 4 2 1 1 3211 398 399 4168
9382 4 2 1 1 785 4292 783 4487
9383 4 2 1 1 1601 1602 1073 4017
9384 4 2 1 1 2761 1382 129 54
9385 4 2 1 1 253 254 3778 4044
9386 4 2 1 1 3647 3649 3547 3779
9387 4 2 1 1 3571 3777 3735 3933
9388 4 2 1 1 3514 3738 4448 4449
9389 4 2 1 1 3582 3864 3655 4226
9390 4 2 1 1 3060 280 281 4404
9391 4 2 1 1 788 777 3723 3833
9392 4 2 1 1 2374 2656 2642 4172
9393 4 2 1 1 2458 2198 1880 4490
9394 4 2 1 1 3582 4226 3999 4355
9395 4 2 1 1 3014 4330 3015 4424
9396 4 2 1 1 260 3029 4356 4464
9397 4 2 1 1 1831 2706 2652 3858
9398 4 2 1 1 3499 3503 3894 4034
9399 4 2 1 1 1289 1291 1285 4347
9400 4 2 1 1 771 795 791 4487
9401 4 2 1 1 3671 4125 4075 4305
9402 4 2 1 1 2321 2322 2283 4169
9403 4 2 1 1 2036 3785 2603 4206
9404 4 2 1 1 1369 1370 898 4198
9405 4 2 1 1 3669 4378 3843 4453
9406 4 2 1 1 3294 4217 3811 4511
9407 4 2 1 1 3588 4389 4105 4505
9408 4 2 1 1 608 607 609 4411
9409 4 2 1 1 3501 3931 3924 4497
9410 4 2 1 1 3096 3926 4052 4236
9411 4 2 1 1 2600 1881 1876 4300
9412 4 2 1 1 3574 3715 3826 4088
9413 4 2 1 1 3219 3225 3218 4509
9414 4 2 1 1 2751 50 4183 4329
9415 4 2 1 1 1473 1614 1472 4261
9416 4 2 1 1 2380 2642 2375 4172
9417 4 2 1 1 3238 3243 3237 4446
9418 4 2 1 1 1642 878 1232 4334
9419 4 2 1 1 2063 3767 2632 3805
9420 4 2 1 1 24 585 28 4175
9421 4 2 1 1 585 587 28 4175
9422 4 2 1 1 3535 3745 3804 3906
9423 4 2 1 1 1936 2671 2126 4134
9424 4 2 1 1 4087 4315 3844 4462
9425 4 2 1 1 1431 3807 970 4155
9426 4 2 1 1 2499 3784 2618 4515
9427 4 2 1 1 1500 4107 866 4482
9428 4 2 1 1 1970 2619 3780 4099
9429 4 2 1 1 840 841 838 4239
9430 4 2 1 1 720 701 723 4304
9431 4 2 1 1 1231 3970 4334 4504
9432 4 2 1 1 2141 2611 2462 4050
9433 4 2 1 1 3511 3582 3655 4226
9434 4 2 1 1 3667 3827 1474 3907
9435 4 2 1 1 1086 1345 1083 4479
9436 4 2 1 1 3486 3819 3688 4078
9437 4 2 1 1 2380 2641 2642 4172
9438 4 2 1 1 3904 4141 3811 4511
9439 4 2 1 1 2605 38 591 3846
9440 4 2 1 1 3680 3807 3562 4155
9441 4 2 1 1 3266 3263 3270 4125
9442 4 2 1 1 2189 4036 2475 4498
9443 4 2 1 1 1089 1278 1282 4238
9444 4 2 1 1 1104 3992 1584 4360
9445 4 2 1 1 1381 1350 1094 3788
9446 4 2 1 1 1709 80 17 4045
9447 4 2 1 1 688 4278 721 4458
9448 4 2 1 1 426 442 4035 4414
9449 4 2 1 1 2435 2434 2515 4326
9450 4 2 1 1 2578 3995 2223 4494
9451 4 2 1 1 653 4116 658 4378
9452 4 2 1 1 3304 12 3302 4511
9453 4 2 1 1 675 683 694 4431
9454 4 2 1 1 893 890 895 4519
9455 4 2 1 1 3177 21 3179 4368
9456 4 2 1 1 1551 1274 1597 4473
9457 4 2 1 1 3639 3743 86 4146
9458 4 2 1 1 1831 2706 3858 4076
9459 4 2 1 1 3011 3014 3022 4424
9460 4 2 1 1 3006 242 243 4323
9461 4 2 1 1 3511 3633 3582 3766
9462 4 2 1 1 2458 1879 2658 3880
9463 4 2 1 1 1434 1639 1115 4360
9464 4 2 1 1 2672 341 1795 1797
9465 4 2 1 1 1051 1053 1054 4040
9466 4 2 1 1 1771 1752 1753 4396
9467 4 2 1 1 52 15 869 4448
9468 4 2 1 1 541 774 542 636
9469 4 2 1 1 527 602 670 526
9470 4 2 1 1 773 557 671 556
9471 4 2 1 1 1231 3970 1596 4334
9472 4 2 1 1 3043 3044 4012 4243
9473 4 2 1 1 442 3888 441 4035
9474 4 2 1 1 2651 3985 4018 4401
9475 4 2 1 1 2571 2153 2151 4500
9476 4 2 1 1 1415 1589 899 4520
9477 4 2 1 1 2081 2459 2709 4207
9478 4 2 1 1 3495 3555 3815 4478
9479 4 2 1 1 3822 3882 3601 4495
9480 4 2 1 1 814 1034 1330 3998
9481 4 2 1 1 257 3049 258 4464
9482 4 2 1 1 788 780 3654 3723
9483 4 2 1 1 1702 3937 1701 4447
9484 4 2 1 1 3646 3822 3517 3873
9485 4 2 1 1 94 1718 95 4363
9486 4 2 1 1 3048 3715 3036 4464
9487 4 2 1 1 4226 4278 3489 4391
9488 4 2 1 1 718 549 633 548
9489 4 2 1 1 971 61 137 2770
9490 4 2 1 1 2214 2212 2213 4392
9491 4 2 1 1 2603 1913 2038 4034
9492 4 2 1 1 52 4447 15 4448
9493 4 2 1 1 3284 3293 3287 4039
9494 4 2 1 1 1194 1378 1202 4102
9495 4 2 1 1 3704 3935 3046 4012
9496 4 2 1 1 3292 3288 3300 4217
9497 4 2 1 1 2751 4183 3633 4329
9498 4 2 1 1 2495 2501 2031 4515
9499 4 2 1 1 693 686 681 4138
9500 4 2 1 1 3608 3797 3740 4333
9501 4 2 1 1 917 3975 919 4156
9502 4 2 1 1 594 3970 1250 4469
9503 4 2 1 1 1075 1602 1601 4017
9504 4 2 1 1 2103 595 2706 4076
9505 4 2 1 1 1714 1889 1822 4436
9506 4 2 1 1 299 217 3102 3980
9507 4 2 1 1 1877 2330 588 3917
9508 4 2 1 1 1204 358 1234 4074
9509 4 2 1 1 1789 3820 1788 4395
9510 4 2 1 1 2483 2527 2528 4113
9511 4 2 1 1 3540 3640 3728 3887
9512 4 2 1 1 3523 4207 4082 4490
9513 4 2 1 1 2166 1888 1859 4215
9514 4 2 1 1 4025 4372 3620 4374
9515 4 2 1 1 562 686 693 4138
9516 4 2 1 1 908 910 909 4389
9517 4 2 1 1 2517 4228 2096 4382
9518 4 2 1 1 3468 3950 3673 4104
9519 4 2 1 1 1703 1699 51 3956
9520 4 2 1 1 1108 4100 1111 4456
9521 4 2 1 1 3822 4491 4444 4495
9522 4 2 1 1 3512 4007 3995 4461
9523 4 2 1 1 2946 3834 2931 3932
9524 4 2 1 1 3680 3975 4390 4410
9525 4 2 1 1 2137 2456 2138 4230
9526 4 2 1 1 600 621 615 3957
9527 4 2 1 1 3159 3984 3896 4361
9528 4 2 1 1 2987 3816 3721 3926
9529 4 2 1 1 423 3703 4342 4353
9530 4 2 1 1 3931 4442 2076 4497
9531 4 2 1 1 787 544 654 545
9532 4 2 1 1 3597 4470 3729 4496
9533 4 2 1 1 1239 912 1387 4260
9534 4 2 1 1 104 103 2101 4132
9535 4 2 1 1 1488 3746 1489 4351
9536 4 2 1 1 2619 4099 2660 4113
9537 4 2 1 1 3569 3570 3460 3731
9538 4 2 1 1 1352 1590 1027 3725
9539 4 2 1 1 885 840 3702 4074
9540 4 2 1 1 1613 4100 1161 4379
9541 4 2 1 1 3824 3845 3657 4310
9542 4 2 1 1 3463 3974 3946 4293
9543 4 2 1 1 3686 479 4327 4471
9544 4 2 1 1 3112 3861 3106 4178
9545 4 2 1 1 646 3545 656 3843
9546 4 2 1 1 2686 2685 2152 4500
9547 4 2 1 1 2620 2074 2384 4259
9548 4 2 1 1 1039 1042 1045 4459
9549 4 2 1 1 3659 3963 3770 4388
9550 4 2 1 1 3460 3476 3569 3840
9551 4 2 1 1 1132 1668 1131 4383
9552 4 2 1 1 3963 4121 2842 4388
9553 4 2 1 1 136 3809 3863 4109
9554 4 2 1 1 2080 2550 2549 4173
9555 4 2 1 1 1914 3894 2194 4034
9556 4 2 1 1 1509 1510 1508 4454
9557 4 2 1 1 1132 1133 1673 4383
9558 4 2 1 1 1105 3992 1106 4100
9559 4 2 1 1 2251 2535 2545 4279
9560 4 2 1 1 2072 2112 3687 4065
9561 4 2 1 1 2142 1972 2143 4335
9562 4 2 1 1 3298 3291 3289 4294
9563 4 2 1 1 659 703 547 4174
9564 4 2 1 1 3910 4060 3711 4139
9565 4 2 1 1 1238 912 1239 3981
9566 4 2 1 1 1281 1299 3949 4347
9567 4 2 1 1 403 117 3220 3801
9568 4 2 1 1 1585 1214 1507 4454
9569 4 2 1 1 849 846 886 4198
9570 4 2 1 1 1374 1373 930 4379
9571 4 2 1 1 3508 3490 4269 4449
9572 4 2 1 1 2980 3687 3631 3959
9573 4 2 1 1 2081 2709 3931 4207
9574 4 2 1 1 3760 3768 2184 3774
9575 4 2 1 1 138 4109 2846 4388
9576 4 2 1 1 3051 4153 262 4243
9577 4 2 1 1 1093 2764 55 131
9578 4 2 1 1 830 831 3845 4310
9579 4 2 1 1 1012 1685 1498 4452
9580 4 2 1 1 3564 3643 3510 3659
9581 4 2 1 1 38 591 3846 4340
9582 4 2 1 1 680 691 671 4199
9583 4 2 1 1 4105 4389 3588 4486
9584 4 2 1 1 3572 3738 4216 4448
9585 4 2 1 1 1289 1326 1292 3647
9586 4 2 1 1 3626 3519 3699 3771
9587 4 2 1 1 3504 3577 3547 3647
9588 4 2 1 1 3202 4019 389 4503
9589 4 2 1 1 316 3987 3986 4401
9590 4 2 1 1 3515 3824 3821 4107
9591 4 2 1 1 1914 2038 1913 4034
9592 4 2 1 1 395 3213 3223 4329
9593 4 2 1 1 2526 2185 2494 3901
9594 4 2 1 1 3449 4176 3951 4219
9595 4 2 1 1 3898 3961 3640 4424
9596 4 2 1 1 3244 3810 3248 4096
9597 4 2 1 1 3474 3516 3590 4451
9598 4 2 1 1 2829 148 2787 4363
9599 4 2 1 1 3034 3040 3041 4397
9600 4 2 1 1 260 3031 4153 4356
9601 4 2 1 1 2004 2007 2044 3782
9602 4 2 1 1 14 44 3874 4280
9603 4 2 1 1 1279 3649 3547 4238
9604 4 2 1 1 918 1431 970 4155
9605 4 2 1 1 789 572 571 707
9606 4 2 1 1 3562 4155 4010 4156
9607 4 2 1 1 2195 2194 1914 3894
9608 4 2 1 1 2183 3971 2121 4190
9609 4 2 1 1 1021 4103 3725 4104
9610 4 2 1 1 3464 3507 4059 4483
9611 4 2 1 1 2033 1973 1975 4514
9612 4 2 1 1 942 4001 1411 4475
9613 4 2 1 1 2456 2117 2176 4230
9614 4 2 1 1 327 1694 1087 4479
9615 4 2 1 1 3483 3643 3564 4129
9616 4 2 1 1 1651 358 1650 1592
9617 4 2 1 1 321 3783 4333 4516
9618 4 2 1 1 2100 2098 2254 4433
9619 4 2 1 1 604 3541 605 3668
9620 4 2 1 1 2259 3973 1932 4395
9621 4 2 1 1 81 4025 4313 4372
9622 4 2 1 1 3655 393 3864 4354
9623 4 2 1 1 2151 2148 2569 4500
9624 4 2 1 1 2356 2357 2358 4376
9625 4 2 1 1 669 690 684 3976
9626 4 2 1 1 3344 3889 4235 4471
9627 4 2 1 1 2152 2151 2153 4500
9628 4 2 1 1 4230 4338 3661 4501
9629 4 2 1 1 132 4119 2849 4390
9630 4 2 1 1 3631 3687 2060 4442
9631 4 2 1 1 3631 3959 3767 4442
9632 4 2 1 1 1431 3807 4155 4379
9633 4 2 1 1 279 280 3052 4404
9634 4 2 1 1 2763 132 914 4410
9635 4 2 1 1 680 669 691 3868
9636 4 2 1 1 3348 10 481 4045
9637 4 2 1 1 3004 4049 245 4330
9638 4 2 1 1 1219 1218 1217 4346
9639 4 2 1 1 574 771 704 573
9640 4 2 1 1 1062 1061 4167 4415
9641 4 2 1 1 2229 4282 3995 4494
9642 4 2 1 1 3224 3222 3223 4297
9643 4 2 1 1 1818 1715 1873 4190
9644 4 2 1 1 3274 3273 3279 4474
9645 4 2 1 1 3805 4169 3897 4259
9646 4 2 1 1 3241 3253 3256 4061
9647 4 2 1 1 2960 3852 4133 4252
9648 4 2 1 1 2928 2925 4234 4358
9649 4 2 1 1 3503 3899 3559 4218
9650 4 2 1 1 1276 4127 3649 4479
9651 4 2 1 1 2036 1911 1913 3785
9652 4 2 1 1 783 781 784 3690
9653 4 2 1 1 3013 247 3015 4330
9654 4 2 1 1 408 3864 394 4354
9655 4 2 1 1 866 4107 1619 4482
9656 4 2 1 1 2597 1785 3820 3852
9657 4 2 1 1 1889 1714 2408 4436
9658 4 2 1 1 2373 2374 2378 4172
9659 4 2 1 1 3516 3589 4055 4451
9660 4 2 1 1 2371 3796 3624 4011
9661 4 2 1 1 2022 2193 2572 4218
9662 4 2 1 1 3323 4072 3320 4488
9663 4 2 1 1 165 99 98 2819
9664 4 2 1 1 3045 3826 4131 4356
9665 4 2 1 1 2928 2925 4005 4234
9666 4 2 1 1 1318 959 3688 4078
9667 4 2 1 1 964 1410 1682 4108
9668 4 2 1 1 179 178 195 3472
9669 4 2 1 1 3045 3826 269 4131
9670 4 2 1 1 2565 3780 2668 4113
9671 4 2 1 1 639 651 636 3711
9672 4 2 1 1 798 734 697 4278
9673 4 2 1 1 2608 1934 2609 3990
9674 4 2 1 1 4021 4282 3513 4457
9675 4 2 1 1 3300 442 3888 4294
9676 4 2 1 1 1885 1935 2052 4170
9677 4 2 1 1 685 3718 3666 4035
9678 4 2 1 1 1284 1280 1286 3779
9679 4 2 1 1 4063 4307 3542 4371
9680 4 2 1 1 2628 1972 2142 4335
9681 4 2 1 1 3508 4448 4216 4449
9682 4 2 1 1 708 709 710 4128
9683 4 2 1 1 708 710 724 4128
9684 4 2 1 1 21 4368 3177 4421
9685 4 2 1 1 1869 1872 2260 4021
9686 4 2 1 1 662 733 5 799
9687 4 2 1 1 663 1 731 626
9688 4 2 1 1 698 768 8 800
9689 4 2 1 1 697 798 7 734
9690 4 2 1 1 695 3 628 732
9691 4 2 1 1 664 801 6 766
9692 4 2 1 1 4 696 629 765
9693 4 2 1 1 1510 1509 3878 4454
9694 4 2 1 1 3762 4384 987 4459
9695 4 2 1 1 3180 4368 21 4421
9696 4 2 1 1 3781 4161 3492 4227
9697 4 2 1 1 2459 2586 2709 4207
9698 4 2 1 1 65 940 141 2772
9699 4 2 1 1 456 4413 442 4414
9700 4 2 1 1 3666 3718 685 4467
9701 4 2 1 1 1023 1026 1025 4104
9702 4 2 1 1 713 712 715 4097
9703 4 2 1 1 2044 316 2473 3987
9704 4 2 1 1 2504 2365 2720 4376
9705 4 2 1 1 2786 2805 2787 4363
9706 4 2 1 1 2511 2459 2694 4426
9707 4 2 1 1 1488 3983 3746 4351
9708 4 2 1 1 1818 1817 1715 4190
9709 4 2 1 1 1839 1779 1767 4166
9710 4 2 1 1 330 1661 1147 4349
9711 4 2 1 1 665 767 2 627
9712 4 2 1 1 3548 4112 4150 4301
9713 4 2 1 1 2948 2950 2951 3575
9714 4 2 1 1 2544 2538 2543 4279
9715 4 2 1 1 2971 2972 2973 4007
9716 4 2 1 1 984 1269 1167 4485
9717 4 2 1 1 3959 3964 3501 4200
9718 4 2 1 1 611 609 630 3526
9719 4 2 1 1 1846 2472 2319 4364
9720 4 2 1 1 3216 3211 4168 4354
9721 4 2 1 1 3556 3663 3747 4052
9722 4 2 1 1 3686 3866 3629 4471
9723 4 2 1 1 1212 1541 1542 3878
9724 4 2 1 1 2975 3769 3664 4007
9725 4 2 1 1 1812 3794 3609 4396
9726 4 2 1 1 2453 1872 1869 4021
9727 4 2 1 1 186 2976 185 3631
9728 4 2 1 1 471 3326 472 4429
9729 4 2 1 1 963 964 1682 4108
9730 4 2 1 1 716 715 727 4244
9731 4 2 1 1 637 522 521 601
9732 4 2 1 1 3609 3901 2526 4205
9733 4 2 1 1 2114 1949 2033 4514
9734 4 2 1 1 3232 400 4168 4268
9735 4 2 1 1 1536 3878 1213 3883
9736 4 2 1 1 1701 78 16 3937
9737 4 2 1 1 220 3048 257 4464
9738 4 2 1 1 673 685 670 3666
9739 4 2 1 1 2937 3650 4065 4166
9740 4 2 1 1 2895 2879 2894 4248
9741 4 2 1 1 3510 3564 3483 3643
9742 4 2 1 1 3584 3864 4199 4342
9743 4 2 1 1 3618 3797 197 4517
9744 4 2 1 1 192 2925 2928 3585
9745 4 2 1 1 3888 3940 3719 4294
9746 4 2 1 1 3149 3905 344 4173
9747 4 2 1 1 2414 2606 2474 4498
9748 4 2 1 1 825 4310 3824 4371
9749 4 2 1 1 680 679 678 3691
9750 4 2 1 1 1555 1189 4041 4185
9751 4 2 1 1 2135 2108 2136 4405
9752 4 2 1 1 2924 3764 3748 4132
9753 4 2 1 1 439 3893 34 4340
9754 4 2 1 1 1546 1151 1264 4366
9755 4 2 1 1 1226 1428 944 4475
9756 4 2 1 1 2246 2516 2232 4337
9757 4 2 1 1 1700 1701 16 4447
9758 4 2 1 1 3658 3744 4188 4455
9759 4 2 1 1 15 19 582 4499
9760 4 2 1 1 582 19 584 4499
9761 4 2 1 1 736 772 579 578
9762 4 2 1 1 3306 3316 3315 4429
9763 4 2 1 1 3680 3975 916 4156
9764 4 2 1 1 709 712 711 4219
9765 4 2 1 1 2805 2824 2826 4363
9766 4 2 1 1 2846 4109 2836 4388
9767 4 2 1 1 26 807 41 3933
9768 4 2 1 1 3188 3203 3192 4194
9769 4 2 1 1 939 1428 945 4445
9770 4 2 1 1 2654 2252 3782 4020
9771 4 2 1 1 2083 2082 2079 4407
9772 4 2 1 1 549 653 705 4116
9773 4 2 1 1 3142 3141 349 3964
9774 4 2 1 1 3169 3160 3892 3896
9775 4 2 1 1 700 682 666 4507
9776 4 2 1 1 61 877 137 2768
9777 4 2 1 1 1498 1363 1012 4452
9778 4 2 1 1 1565 1102 1067 4302
9779 4 2 1 1 683 753 567 568
9780 4 2 1 1 3765 4453 3611 4489
9781 4 2 1 1 436 3263 3264 4125
9782 4 2 1 1 617 532 531 724
9783 4 2 1 1 1019 1001 1002 4103
9784 4 2 1 1 639 3711 3656 4139
9785 4 2 1 1 2089 2088 2087 3813
9786 4 2 1 1 2822 103 2810 4132
9787 4 2 1 1 942 944 1686 4475
9788 4 2 1 1 2075 2573 2113 3931
9789 4 2 1 1 3197 391 3194 4263
9790 4 2 1 1 3507 4043 3561 4483
9791 4 2 1 1 2368 2366 2367 4011
9792 4 2 1 1 2056 2057 2058 3687
9793 4 2 1 1 3516 4055 3589 4265
9794 4 2 1 1 3819 4041 1189 4185
9795 4 2 1 1 3819 3881 1179 4041
9796 4 2 1 1 277 4042 278 4317
9797 4 2 1 1 2651 4018 2011 4401
9798 4 2 1 1 1345 1080 1083 4479
9799 4 2 1 1 228 2988 2987 3926
9800 4 2 1 1 941 1209 1641 4193
9801 4 2 1 1 3827 4167 3734 4415
9802 4 2 1 1 2797 2815 2821 4363
9803 4 2 1 1 1928 4204 3902 4289
9804 4 2 1 1 774 794 542 3656
9805 4 2 1 1 2889 3543 2885 3768
9806 4 2 1 1 791 574 771 4439
9807 4 2 1 1 3476 3840 3533 4167
9808 4 2 1 1 712 720 717 4022
9809 4 2 1 1 3293 3904 448 4350
9810 4 2 1 1 877 59 135 2768
9811 4 2 1 1 2088 2090 2328 3813
9812 4 2 1 1 2089 2091 2090 3813
9813 4 2 1 1 1042 1043 4009 4459
9814 4 2 1 1 434 3268 3261 4305
9815 4 2 1 1 1354 1358 1567 4296
9816 4 2 1 1 3254 3243 3255 4446
9817 4 2 1 1 1001 1000 1002 4103
9818 4 2 1 1 610 609 611 3636
9819 4 2 1 1 2397 2623 2721 3985
9820 4 2 1 1 814 129 1382 3998
9821 4 2 1 1 86 4038 2182 4146
9822 4 2 1 1 321 3783 3740 4333
9823 4 2 1 1 4116 4284 3591 4463
9824 4 2 1 1 3586 4060 3910 4139
9825 4 2 1 1 707 716 727 4197
9826 4 2 1 1 3589 3727 3516 4265
9827 4 2 1 1 1690 3819 4032 4078
9828 4 2 1 1 141 2848 2833 4373
9829 4 2 1 1 3032 3029 3030 4464
9830 4 2 1 1 3950 4001 3493 4108
9831 4 2 1 1 723 535 732 4270
9832 4 2 1 1 4022 4097 712 4219
9833 4 2 1 1 329 3907 3667 4261
9834 4 2 1 1 616 608 612 3581
9835 4 2 1 1 3476 3667 3521 3827
9836 4 2 1 1 57 1093 1094 2764
9837 4 2 1 1 689 615 529 530
9838 4 2 1 1 560 792 559 684
9839 4 2 1 1 277 278 3054 4317
9840 4 2 1 1 3235 3241 3245 4375
9841 4 2 1 1 28 2408 83 3855
9842 4 2 1 1 1561 1159 3997 4349
9843 4 2 1 1 2413 2189 2474 4036
9844 4 2 1 1 3740 3492 4227 4321
9845 4 2 1 1 3315 3316 3318 4429
9846 4 2 1 1 2480 2128 1942 4382
9847 4 2 1 1 639 543 634 4466
9848 4 2 1 1 2605 1908 38 3846
9849 4 2 1 1 39 3772 2755 4146
9850 4 2 1 1 1222 1274 1540 3883
9851 4 2 1 1 3315 3318 4288 4429
9852 4 2 1 1 1500 866 1366 4482
9853 4 2 1 1 1708 4045 1709 4372
9854 4 2 1 1 2075 2070 2071 4442
9855 4 2 1 1 2564 3943 2216 4392
9856 4 2 1 1 1087 327 1091 1694
9857 4 2 1 1 2708 2361 2066 3965
9858 4 2 1 1 477 476 3344 3889
9859 4 2 1 1 65 947 141 940
9860 4 2 1 1 1775 1773 1774 3968
9861 4 2 1 1 3096 289 3722 3926
9862 4 2 1 1 3768 3794 3543 4110
9863 4 2 1 1 699 690 669 4399
9864 4 2 1 1 3098 3099 292 4236
9865 4 2 1 1 3035 3037 3028 4397
9866 4 2 1 1 742 577 576 775
9867 4 2 1 1 2066 2361 2707 3965
9868 4 2 1 1 2869 2868 2866 4408
9869 4 2 1 1 1771 1772 1773 4396
9870 4 2 1 1 2715 2420 2532 4476
9871 4 2 1 1 1319 3724 1595 4367
9872 4 2 1 1 2091 2560 2097 4381
9873 4 2 1 1 685 673 674 3718
9874 4 2 1 1 11 3282 16 4075
9875 4 2 1 1 3482 3522 3613 4398
9876 4 2 1 1 3522 3772 3639 3810
9877 4 2 1 1 784 4087 769 4466
9878 4 2 1 1 3704 3715 3574 3941
9879 4 2 1 1 3981 4260 3588 4486
9880 4 2 1 1 2373 3796 2372 4172
9881 4 2 1 1 2727 4084 90 4341
9882 4 2 1 1 3608 3797 3780 4091
9883 4 2 1 1 3296 3811 3292 4413
9884 4 2 1 1 3910 388 4060 4299
9885 4 2 1 1 774 794 3656 3712
9886 4 2 1 1 923 3562 3602 4155
9887 4 2 1 1 1027 3725 1339 4295
9888 4 2 1 1 55 816 1093 131
9889 4 2 1 1 349 350 339 3151
9890 4 2 1 1 699 669 680 3868
9891 4 2 1 1 1412 896 1013 4519
9892 4 2 1 1 3821 3824 828 4107
9893 4 2 1 1 3570 3607 3963 4390
9894 4 2 1 1 1684 882 989 4307
9895 4 2 1 1 679 3691 680 3741
9896 4 2 1 1 3308 3307 3311 4187
9897 4 2 1 1 1931 4036 2413 4498
9898 4 2 1 1 1596 3970 594 4291
9899 4 2 1 1 1243 1182 3881 4029
9900 4 2 1 1 702 721 727 4458
9901 4 2 1 1 3184 3188 3183 4194
9902 4 2 1 1 3331 484 3332 4235
9903 4 2 1 1 3495 3538 3798 3815
9904 4 2 1 1 848 1370 1369 4198
9905 4 2 1 1 538 735 539 597
9906 4 2 1 1 1624 3802 1078 4017
9907 4 2 1 1 1249 4068 849 4520
9908 4 2 1 1 711 730 710 4463
9909 4 2 1 1 3583 3864 3741 4199
9910 4 2 1 1 357 1550 1572 4473
9911 4 2 1 1 3776 3928 3668 4477
9912 4 2 1 1 3820 4133 3546 4211
9913 4 2 1 1 4216 4448 3738 4449
9914 4 2 1 1 299 298 3091 3980
9915 4 2 1 1 1123 1122 1121 4393
9916 4 2 1 1 3686 3629 3889 4471
9917 4 2 1 1 442 456 3300 4413
9918 4 2 1 1 2030 2009 2013 4018
9919 4 2 1 1 267 3041 268 3935
9920 4 2 1 1 919 935 1304 3863
9921 4 2 1 1 406 4062 405 4423
9922 4 2 1 1 3525 3940 3823 4035
9923 4 2 1 1 1354 1351 1352 4296
9924 4 2 1 1 1327 1299 1487 3949
9925 4 2 1 1 2494 2128 2574 3901
9926 4 2 1 1 3095 3090 3084 4387
9927 4 2 1 1 1341 822 821 4371
9928 4 2 1 1 547 719 652 4174
9929 4 2 1 1 1861 2166 1859 4215
9930 4 2 1 1 1070 4249 3857 4415
9931 4 2 1 1 1897 2463 2462 3947
9932 4 2 1 1 3765 3611 4328 4489
9933 4 2 1 1 2870 2871 2867 4409
9934 4 2 1 1 1353 1006 1007 4295
9935 4 2 1 1 2172 2560 3637 4381
9936 4 2 1 1 601 604 616 3668
9937 4 2 1 1 4213 4255 3763 4301
9938 4 2 1 1 1426 1424 1503 4416
9939 4 2 1 1 3917 4165 588 4313
9940 4 2 1 1 529 600 668 528
9941 4 2 1 1 559 669 770 558
9942 4 2 1 1 3894 4034 3559 4218
9943 4 2 1 1 3770 4063 3744 4455
9944 4 2 1 1 3868 4096 410 4245
9945 4 2 1 1 1351 3673 1248 3725
9946 4 2 1 1 2135 1768 4065 4405
9947 4 2 1 1 3671 3572 3937 4075
9948 4 2 1 1 1942 4223 2197 4382
9949 4 2 1 1 2960 4133 2959 4252
9950 4 2 1 1 553 632 737 554
9951 4 2 1 1 2227 2237 2229 4494
9952 4 2 1 1 831 830 3845 4425
9953 4 2 1 1 2693 2367 2666 4011
9954 4 2 1 1 1274 1604 1218 3850
9955 4 2 1 1 3017 251 252 3898
9956 4 2 1 1 1286 3779 1346 4127
9957 4 2 1 1 1106 1108 1107 4100
9958 4 2 1 1 429 3271 4242 4345
9959 4 2 1 1 3491 3607 3863 4377
9960 4 2 1 1 692 3691 679 3741
9961 4 2 1 1 823 824 882 4307
9962 4 2 1 1 819 1311 815 4063
9963 4 2 1 1 2058 2059 2060 3687
9964 4 2 1 1 1996 2490 1999 4161
9965 4 2 1 1 2992 197 3797 4517
9966 4 2 1 1 1310 3960 1196 4074
9967 4 2 1 1 144 2851 2837 4455
9968 4 2 1 1 1449 1473 1472 4261
9969 4 2 1 1 1145 1144 1143 4349
9970 4 2 1 1 2761 1382 54 814
9971 4 2 1 1 3121 227 324 3740
9972 4 2 1 1 429 3911 445 4499
9973 4 2 1 1 2506 2504 2359 4376
9974 4 2 1 1 3197 3194 3732 4286
9975 4 2 1 1 3316 3319 3318 4429
9976 4 2 1 1 2253 2244 2100 4433
9977 4 2 1 1 581 1313 1237 4163
9978 4 2 1 1 1615 1097 1071 4249
9979 4 2 1 1 3197 3732 3195 4286
9980 4 2 1 1 791 722 574 4439
9981 4 2 1 1 1337 1636 1553 4127
9982 4 2 1 1 598 623 619 4304
9983 4 2 1 1 1005 1006 1004 4295
9984 4 2 1 1 1378 1308 1202 4102
9985 4 2 1 1 3216 3227 3228 4354
9986 4 2 1 1 184 2481 1769 1760
9987 4 2 1 1 2337 1792 2646 4364
9988 4 2 1 1 279 295 296 3101
9989 4 2 1 1 702 564 721 4458
9990 4 2 1 1 599 605 3541 4229
9991 4 2 1 1 2962 3677 215 4053
9992 4 2 1 1 3820 4133 3852 4395
9993 4 2 1 1 1086 1083 1085 4479
9994 4 2 1 1 1287 1288 1284 3779
9995 4 2 1 1 46 2735 47 4443
9996 4 2 1 1 3121 3740 3123 4321
9997 4 2 1 1 3566 3924 3631 3931
9998 4 2 1 1 588 2045 1877 3917
9999 4 2 1 1 3089 304 3095 4052
10000 4 2 1 1 569 687 756 570
10001 4 2 1 1 810 1312 49 4183
10002 4 2 1 1 2407 2559 2174 4381
10003 4 2 1 1 2076 2077 2078 4497
10004 4 2 1 1 3720 3937 3572 4075
10005 4 2 1 1 2630 2477 2414 4498
10006 4 2 1 1 1399 4384 3949 4459
10007 4 2 1 1 3580 4044 3826 4428
10008 4 2 1 1 1689 3960 1195 4102
10009 4 2 1 1 1586 1541 1212 3878
10010 4 2 1 1 3943 4392 4007 4461
10011 4 2 1 1 667 692 688 4458
10012 4 2 1 1 3464 3561 3954 4483
10013 4 2 1 1 2408 28 587 3882
10014 4 2 1 1 1699 1702 1701 4447
10015 4 2 1 1 705 550 653 549
10016 4 2 1 1 3058 3060 3061 4404
10017 4 2 1 1 397 396 3234 4297
10018 4 2 1 1 3067 3870 3814 3871
10019 4 2 1 1 1070 3857 1089 4238
10020 4 2 1 1 3569 4380 3788 4472
10021 4 2 1 1 3019 249 3020 3961
10022 4 2 1 1 982 983 984 4485
10023 4 2 1 1 1041 1497 1254 4384
10024 4 2 1 1 3532 3898 3695 4043
10025 4 2 1 1 2527 1971 2422 4113
10026 4 2 1 1 3899 4218 3503 4281
10027 4 2 1 1 3630 4125 3720 4308
10028 4 2 1 1 241 3024 215 4323
10029 4 2 1 1 1158 1149 1156 4349
10030 4 2 1 1 1425 1426 1504 4416
10031 4 2 1 1 95 96 2815 4363
10032 4 2 1 1 1107 1658 4100 4359
10033 4 2 1 1 1940 1938 1941 4223
10034 4 2 1 1 3067 3066 3065 3814
10035 4 2 1 1 2202 2583 2040 4369
10036 4 2 1 1 132 4119 4390 4410
10037 4 2 1 1 784 794 3712 4466
10038 4 2 1 1 3191 4299 4194 4503
10039 4 2 1 1 3030 3029 259 4464
10040 4 2 1 1 2442 2444 2443 4179
10041 4 2 1 1 427 3276 4002 4308
10042 4 2 1 1 2038 4034 4218 4281
10043 4 2 1 1 1825 2129 2514 3922
10044 4 2 1 1 1194 3960 1195 4425
10045 4 2 1 1 1174 4027 1173 4185
10046 4 2 1 1 542 639 794 543
10047 4 2 1 1 673 528 622 527
10048 4 2 1 1 776 558 691 557
10049 4 2 1 1 91 106 200 2827
10050 4 2 1 1 321 322 3127 4333
10051 4 2 1 1 435 4075 4125 4305
10052 4 2 1 1 323 3127 312 3441
10053 4 2 1 1 685 674 677 3718
10054 4 2 1 1 1348 3916 3547 3949
10055 4 2 1 1 3276 425 4002 4308
10056 4 2 1 1 1489 3746 1047 4482
10057 4 2 1 1 2128 2574 3901 4381
10058 4 2 1 1 1098 1088 1634 4479
10059 4 2 1 1 788 777 780 3723
10060 4 2 1 1 1253 3950 3749 4106
10061 4 2 1 1 715 702 727 4460
10062 4 2 1 1 3580 3826 4044 4164
10063 4 2 1 1 3296 3295 3811 4312
10064 4 2 1 1 2940 2946 3932 4115
10065 4 2 1 1 2638 1914 1913 4034
10066 4 2 1 1 694 683 666 4152
10067 4 2 1 1 3713 4207 3523 4426
10068 4 2 1 1 611 622 602 3733
10069 4 2 1 1 2038 2023 2025 4281
10070 4 2 1 1 3266 3264 3263 4125
10071 4 2 1 1 979 1392 972 3877
10072 4 2 1 1 1054 1055 4040 4385
10073 4 2 1 1 2258 1932 2469 4395
10074 4 2 1 1 723 619 534 535
10075 4 2 1 1 596 595 594 4427
10076 4 2 1 1 595 593 594 4427
10077 4 2 1 1 1350 135 59 2766
10078 4 2 1 1 442 3300 3888 4413
10079 4 2 1 1 3727 3814 285 3837
10080 4 2 1 1 1085 1083 1084 4479
10081 4 2 1 1 2726 1871 2390 4343
10082 4 2 1 1 2017 2240 2252 4020
10083 4 2 1 1 1499 1103 3667 4415
10084 4 2 1 1 3833 3939 3723 4353
10085 4 2 1 1 2211 3847 2451 4184
10086 4 2 1 1 918 920 4155 4156
10087 4 2 1 1 2251 2544 2543 4279
10088 4 2 1 1 834 865 1657 4425
10089 4 2 1 1 3509 3928 4072 4453
10090 4 2 1 1 1706 1708 1709 4372
10091 4 2 1 1 1103 3827 3667 4415
10092 4 2 1 1 2694 2081 2078 4497
10093 4 2 1 1 688 564 667 4458
10094 4 2 1 1 914 2763 1382 56
10095 4 2 1 1 3102 297 298 3980
10096 4 2 1 1 2322 3897 2525 4169
10097 4 2 1 1 1391 1323 1322 3997
10098 4 2 1 1 250 3020 249 3961
10099 4 2 1 1 639 794 543 4466
10100 4 2 1 1 1172 1643 4027 4102
10101 4 2 1 1 1079 1077 3649 4017
10102 4 2 1 1 916 4155 3680 4156
10103 4 2 1 1 2322 2620 2284 4259
10104 4 2 1 1 1489 1576 4351 4482
10105 4 2 1 1 429 430 3271 4345
10106 4 2 1 1 620 606 599 4229
10107 4 2 1 1 470 4187 4264 4429
10108 4 2 1 1 394 3217 3228 4354
10109 4 2 1 1 3963 4119 2854 4120
10110 4 2 1 1 2932 2937 2909 3884
10111 4 2 1 1 1132 1131 1133 4383
10112 4 2 1 1 240 3797 3780 4333
10113 4 2 1 1 1787 2469 1789 4395
10114 4 2 1 1 1311 4063 823 4307
10115 4 2 1 1 1777 2112 1766 4065
10116 4 2 1 1 3659 4388 3770 4455
10117 4 2 1 1 3288 3292 3285 4217
10118 4 2 1 1 261 262 246 3051
10119 4 2 1 1 3725 1339 4295 4430
10120 4 2 1 1 3254 4061 3253 4446
10121 4 2 1 1 680 3868 3741 4245
10122 4 2 1 1 409 410 4096 4245
10123 4 2 1 1 3507 3580 3754 4043
10124 4 2 1 1 2651 2009 2011 4018
10125 4 2 1 1 1335 3779 1287 4127
10126 4 2 1 1 2140 2390 1871 4343
10127 4 2 1 1 633 653 549 4116
10128 4 2 1 1 1614 1092 3907 4249
10129 4 2 1 1 997 999 998 4430
10130 4 2 1 1 355 3881 3529 4028
10131 4 2 1 1 3050 4153 209 4464
10132 4 2 1 1 3141 3624 350 3964
10133 4 2 1 1 1241 1240 1569 4352
10134 4 2 1 1 755 580 579 790
10135 4 2 1 1 1148 1323 1340 3997
10136 4 2 1 1 292 293 3103 4236
10137 4 2 1 1 2891 2901 2890 4501
10138 4 2 1 1 2586 1882 2585 4082
10139 4 2 1 1 1310 865 3960 4425
10140 4 2 1 1 947 948 950 4188
10141 4 2 1 1 1696 4027 1174 4041
10142 4 2 1 1 3498 3673 3593 3725
10143 4 2 1 1 537 538 614 743
10144 4 2 1 1 3703 3868 424 4199
10145 4 2 1 1 997 1376 4046 4518
10146 4 2 1 1 2845 4109 136 4390
10147 4 2 1 1 1754 167 1770 1756
10148 4 2 1 1 950 1559 947 4188
10149 4 2 1 1 842 4068 841 4239
10150 4 2 1 1 547 652 719 546
10151 4 2 1 1 2346 2226 2604 3847
10152 4 2 1 1 2615 4179 3944 4326
10153 4 2 1 1 3625 4157 3581 4224
10154 4 2 1 1 2465 2595 1962 4335
10155 4 2 1 1 1033 4171 1231 4334
10156 4 2 1 1 3630 3720 3671 4308
10157 4 2 1 1 1531 1538 1540 3883
10158 4 2 1 1 3196 385 3822 4444
10159 4 2 1 1 2323 1852 2614 3968
10160 4 2 1 1 3703 4199 424 4342
10161 4 2 1 1 892 1415 889 4520
10162 4 2 1 1 2409 2136 2052 4405
10163 4 2 1 1 3870 4042 3077 4317
10164 4 2 1 1 2202 2201 3764 4369
10165 4 2 1 1 718 4116 705 4463
10166 4 2 1 1 3476 3734 3667 3827
10167 4 2 1 1 132 2849 2832 4390
10168 4 2 1 1 203 3959 3964 3965
10169 4 2 1 1 1859 1857 1860 4215
10170 4 2 1 1 3255 3244 4096 4446
10171 4 2 1 1 1648 901 818 4331
10172 4 2 1 1 1158 3724 1159 4349
10173 4 2 1 1 723 534 619 4304
10174 4 2 1 1 1572 1598 1571 4352
10175 4 2 1 1 3748 3884 2909 4132
10176 4 2 1 1 3816 3925 217 3980
10177 4 2 1 1 1174 1555 4041 4185
10178 4 2 1 1 251 267 4043 4225
10179 4 2 1 1 1274 4352 1597 4473
10180 4 2 1 1 1107 1501 4359 4456
10181 4 2 1 1 692 680 671 4199
10182 4 2 1 1 2967 2968 223 4054
10183 4 2 1 1 3562 3577 3504 4010
10184 4 2 1 1 2090 3813 2091 4228
10185 4 2 1 1 3864 4342 4226 4355
10186 4 2 1 1 276 3073 3072 4317
10187 4 2 1 1 1270 1404 3809 4318
10188 4 2 1 1 2450 2225 2561 4179
10189 4 2 1 1 3476 3679 3569 3734
10190 4 2 1 1 3075 4042 3871 4404
10191 4 2 1 1 468 4187 3777 4264
10192 4 2 1 1 2472 2646 1792 4364
10193 4 2 1 1 2214 2564 2216 4392
10194 4 2 1 1 1239 1233 878 4260
10195 4 2 1 1 3693 4031 4168 4268
10196 4 2 1 1 14 809 44 4280
10197 4 2 1 1 2361 2359 2503 4376
10198 4 2 1 1 3590 4055 3751 4451
10199 4 2 1 1 882 1258 989 4318
10200 4 2 1 1 1453 3787 1455 4261
10201 4 2 1 1 2526 2185 3901 4223
10202 4 2 1 1 604 656 522 523
10203 4 2 1 1 488 3342 17 3804
10204 4 2 1 1 3348 4126 3866 4235
10205 4 2 1 1 1690 956 966 4078
10206 4 2 1 1 433 434 3261 4305
10207 4 2 1 1 2223 2224 2227 4494
10208 4 2 1 1 2762 1395 53 816
10209 4 2 1 1 3476 3521 3734 3827
10210 4 2 1 1 703 728 719 4174
10211 4 2 1 1 3296 456 455 4312
10212 4 2 1 1 582 1261 15 4037
10213 4 2 1 1 1155 1674 1676 4383
10214 4 2 1 1 1412 897 894 4519
10215 4 2 1 1 3659 3658 4373 4455
10216 4 2 1 1 2725 2482 2483 4113
10217 4 2 1 1 86 595 2182 4038
10218 4 2 1 1 3732 3628 4019 4503
10219 4 2 1 1 3594 3811 3638 3904
10220 4 2 1 1 1491 3649 3857 4017
10221 4 2 1 1 1038 1039 1045 4290
10222 4 2 1 1 28 2408 3855 3882
10223 4 2 1 1 2568 2193 2022 4218
10224 4 2 1 1 260 4153 3050 4464
10225 4 2 1 1 81 4025 1817 4313
10226 4 2 1 1 1346 1086 1636 4127
10227 4 2 1 1 86 3639 3257 3743
10228 4 2 1 1 819 4063 4331 4371
10229 4 2 1 1 1333 1346 1636 4127
10230 4 2 1 1 795 783 784 3886
10231 4 2 1 1 99 166 100 2812
10232 4 2 1 1 3344 477 3889 4471
10233 4 2 1 1 1693 863 4027 4310
10234 4 2 1 1 3637 3902 2174 4381
10235 4 2 1 1 1101 1102 1162 4302
10236 4 2 1 1 757 539 618 540
10237 4 2 1 1 774 784 794 3712
10238 4 2 1 1 575 574 791 722
10239 4 2 1 1 90 2727 89 4084
10240 4 2 1 1 1831 2140 2706 4076
10241 4 2 1 1 2582 2550 2080 4173
10242 4 2 1 1 2921 2929 2928 4005
10243 4 2 1 1 2012 2479 3987 4401
10244 4 2 1 1 2974 2975 2971 4007
10245 4 2 1 1 2523 3986 2392 4401
10246 4 2 1 1 3043 3044 265 4012
10247 4 2 1 1 1929 2574 3902 4205
10248 4 2 1 1 3542 3607 3809 4388
10249 4 2 1 1 721 565 688 564
10250 4 2 1 1 3132 3144 207 3131
10251 4 2 1 1 3135 333 4036 4498
10252 4 2 1 1 1975 1974 1976 4514
10253 4 2 1 1 1163 1164 1169 4159
10254 4 2 1 1 3296 3301 3295 4312
10255 4 2 1 1 1661 330 1662 4349
10256 4 2 1 1 2651 2013 2009 4018
10257 4 2 1 1 771 785 783 4487
10258 4 2 1 1 371 3176 370 4361
10259 4 2 1 1 3932 4115 3567 4400
10260 4 2 1 1 1021 1023 1022 4104
10261 4 2 1 1 1636 1086 1553 4127
10262 4 2 1 1 274 3751 3070 3953
10263 4 2 1 1 3670 1209 4193 4403
10264 4 2 1 1 3529 3819 3657 4185
10265 4 2 1 1 3781 4004 326 4321
10266 4 2 1 1 1119 1121 1581 4393
10267 4 2 1 1 3609 3901 3497 4252
10268 4 2 1 1 3231 3232 31 4268
10269 4 2 1 1 230 231 3943 3944
10270 4 2 1 1 3661 4210 3579 4338
10271 4 2 1 1 2096 2091 2127 4228
10272 4 2 1 1 402 401 3231 4268
10273 4 2 1 1 271 3047 272 4088
10274 4 2 1 1 2873 2877 2880 3865
10275 4 2 1 1 40 3251 412 3810
10276 4 2 1 1 1259 1270 989 4318
10277 4 2 1 1 2259 1781 1775 3973
10278 4 2 1 1 3797 3780 4091 4118
10279 4 2 1 1 476 3889 4016 4111
10280 4 2 1 1 2036 1825 2118 4137
10281 4 2 1 1 3015 3019 3020 4424
10282 4 2 1 1 483 3866 3328 4235
10283 4 2 1 1 879 138 62 1270
10284 4 2 1 1 3067 3814 3065 3871
10285 4 2 1 1 688 721 564 4458
10286 4 2 1 1 1306 927 925 4367
10287 4 2 1 1 3286 4217 452 4511
10288 4 2 1 1 3043 3039 3044 4243
10289 4 2 1 1 1070 1071 3857 4249
10290 4 2 1 1 1614 3907 1408 4261
10291 4 2 1 1 3628 3910 4444 4491
10292 4 2 1 1 639 4139 3656 4466
10293 4 2 1 1 942 1502 944 4475
10294 4 2 1 1 547 703 719 4174
10295 4 2 1 1 1584 3992 4359 4360
10296 4 2 1 1 2355 2243 2244 4210
10297 4 2 1 1 3944 3945 3512 4007
10298 4 2 1 1 3321 4328 4488 4489
10299 4 2 1 1 3628 3517 3822 3873
10300 4 2 1 1 607 606 625 4066
10301 4 2 1 1 1505 1585 1507 4454
10302 4 2 1 1 1329 1328 1365 4129
10303 4 2 1 1 3611 3777 4328 4488
10304 4 2 1 1 3622 4176 3799 4232
10305 4 2 1 1 1168 3916 1254 4384
10306 4 2 1 1 2232 2234 2245 4337
10307 4 2 1 1 2170 2132 2723 4289
10308 4 2 1 1 3515 3529 3845 3960
10309 4 2 1 1 2574 3902 3901 4381
10310 4 2 1 1 3637 3902 3879 4289
10311 4 2 1 1 2086 2085 2088 4008
10312 4 2 1 1 788 776 777 3833
10313 4 2 1 1 2848 143 2837 4455
10314 4 2 1 1 3995 4461 2223 4494
10315 4 2 1 1 865 1195 3960 4425
10316 4 2 1 1 3268 3267 4305 4308
10317 4 2 1 1 423 4061 3254 4203
10318 4 2 1 1 599 606 605 4229
10319 4 2 1 1 588 587 586 4506
10320 4 2 1 1 585 586 587 4506
10321 4 2 1 1 3325 3327 9 3348
10322 4 2 1 1 637 646 656 3843
10323 4 2 1 1 3907 4249 3667 4261
10324 4 2 1 1 265 3044 266 4012
10325 4 2 1 1 3207 384 27 4162
10326 4 2 1 1 2079 2629 2549 4407
10327 4 2 1 1 1549 1534 1551 4473
10328 4 2 1 1 1188 4028 4026 4041
10329 4 2 1 1 1268 1555 1173 4185
10330 4 2 1 1 828 1265 1272 4107
10331 4 2 1 1 329 3667 3857 4249
10332 4 2 1 1 2515 2432 2438 4326
10333 4 2 1 1 857 3842 854 4074
10334 4 2 1 1 2729 4141 2730 4341
10335 4 2 1 1 3620 4372 4327 4374
10336 4 2 1 1 3771 3830 3626 3984
10337 4 2 1 1 836 3702 840 4239
10338 4 2 1 1 1804 3706 1803 3859
10339 4 2 1 1 137 4320 4319 4380
10340 4 2 1 1 212 3959 3145 3964
10341 4 2 1 1 2932 2933 2937 3650
10342 4 2 1 1 3208 3209 4268 4509
10343 4 2 1 1 3144 3924 346 4200
10344 4 2 1 1 4054 4158 3726 4317
10345 4 2 1 1 2252 316 305 2473
10346 4 2 1 1 1141 1679 1157 3903
10347 4 2 1 1 327 1091 1557 72
10348 4 2 1 1 3634 3549 4044 4164
10349 4 2 1 1 3589 4054 3756 4055
10350 4 2 1 1 392 85 4285 4286
10351 4 2 1 1 3682 4008 3523 4426
10352 4 2 1 1 3497 3546 3879 3902
10353 4 2 1 1 3875 3651 4300 4510
10354 4 2 1 1 56 907 914 132
10355 4 2 1 1 2160 4118 1986 4500
10356 4 2 1 1 1704 77 33 3937
10357 4 2 1 1 1219 4346 4296 4352
10358 4 2 1 1 1549 1275 1670 4473
10359 4 2 1 1 2251 2545 2544 4279
10360 4 2 1 1 2236 2240 2228 4481
10361 4 2 1 1 1571 1570 1572 4352
10362 4 2 1 1 1093 1094 2764 4472
10363 4 2 1 1 3182 3962 3732 4503
10364 4 2 1 1 1025 1026 3950 4104
10365 4 2 1 1 1111 3825 1548 4101
10366 4 2 1 1 3875 4300 3922 4510
10367 4 2 1 1 14 3314 13 4280
10368 4 2 1 1 2959 2958 2956 4252
10369 4 2 1 1 2237 2238 2231 4282
10370 4 2 1 1 3047 3715 3048 4088
10371 4 2 1 1 1161 3992 1099 4379
10372 4 2 1 1 653 633 658 4116
10373 4 2 1 1 3185 3822 28 3873
10374 4 2 1 1 3529 4041 3819 4185
10375 4 2 1 1 3546 3902 3497 4204
10376 4 2 1 1 1412 894 896 4519
10377 4 2 1 1 4280 4288 3318 4429
10378 4 2 1 1 356 4274 3878 4493
10379 4 2 1 1 887 899 849 4520
10380 4 2 1 1 2076 2081 2573 4497
10381 4 2 1 1 1375 1161 1099 4379
10382 4 2 1 1 1427 2776 67 143
10383 4 2 1 1 3568 3929 4005 4240
10384 4 2 1 1 24 3185 23 3160
10385 4 2 1 1 120 3186 47 3161
10386 4 2 1 1 18 13 3314 3333
10387 4 2 1 1 3666 4003 4002 4467
10388 4 2 1 1 547 659 548 703
10389 4 2 1 1 445 444 4039 4160
10390 4 2 1 1 120 377 3204 4162
10391 4 2 1 1 25 4403 43 4434
10392 4 2 1 1 1052 1053 4040 4385
10393 4 2 1 1 623 611 3733 3911
10394 4 2 1 1 2029 3894 2196 4186
10395 4 2 1 1 1875 1876 2659 4322
10396 4 2 1 1 961 1564 1544 4493
10397 4 2 1 1 3556 3721 3709 3808
10398 4 2 1 1 2729 2728 20 4341
10399 4 2 1 1 525 657 620 524
10400 4 2 1 1 1544 1216 1539 4493
10401 4 2 1 1 721 565 734 4278
10402 4 2 1 1 3673 3950 1026 4104
10403 4 2 1 1 409 3772 4189 4245
10404 4 2 1 1 945 937 939 4445
10405 4 2 1 1 3546 3497 3879 4133
10406 4 2 1 1 407 406 422 4353
10407 4 2 1 1 422 423 407 4353
10408 4 2 1 1 3285 452 4217 4511
10409 4 2 1 1 1093 131 816 4521
10410 4 2 1 1 1395 2761 53 814
10411 4 2 1 1 1316 4331 3657 4371
10412 4 2 1 1 3734 4167 1058 4180
10413 4 2 1 1 3564 3659 3658 3967
10414 4 2 1 1 3537 4110 4030 4433
10415 4 2 1 1 296 3980 3925 4387
10416 4 2 1 1 2361 2503 2362 4522
10417 4 2 1 1 646 655 635 3545
10418 4 2 1 1 3633 3655 3511 3693
10419 4 2 1 1 2346 2212 2215 4392
10420 4 2 1 1 3317 463 4123 4328
10421 4 2 1 1 3081 3082 3078 4387
10422 4 2 1 1 3640 4049 3898 4424
10423 4 2 1 1 47 594 1250 4469
10424 4 2 1 1 1767 4065 1768 4166
10425 4 2 1 1 2128 3901 1942 4382
10426 4 2 1 1 2886 3592 2887 4420
10427 4 2 1 1 2226 3847 3664 4051
10428 4 2 1 1 2025 2024 2026 4281
10429 4 2 1 1 1997 2417 2418 4516
10430 4 2 1 1 2093 2092 4050 4228
10431 4 2 1 1 1111 1113 3825 4100
10432 4 2 1 1 1639 1104 4360 4385
10433 4 2 1 1 1005 4295 1003 4452
10434 4 2 1 1 697 565 688 4278
10435 4 2 1 1 3098 291 3097 3926
10436 4 2 1 1 785 788 780 3654
10437 4 2 1 1 3671 3720 3572 4075
10438 4 2 1 1 268 4043 3935 4428
10439 4 2 1 1 2986 194 2987 3721
10440 4 2 1 1 638 740 551 552
10441 4 2 1 1 3315 4288 3735 4429
10442 4 2 1 1 3611 3735 4187 4488
10443 4 2 1 1 1962 1964 2465 4118
10444 4 2 1 1 2660 2419 2422 4099
10445 4 2 1 1 555 554 758 661
10446 4 2 1 1 1489 1366 839 4482
10447 4 2 1 1 646 637 658 3843
10448 4 2 1 1 2535 2536 2250 4279
10449 4 2 1 1 2229 2237 4282 4494
10450 4 2 1 1 389 372 3174 3201
10451 4 2 1 1 1604 1222 1216 3850
10452 4 2 1 1 3276 443 425 3298
10453 4 2 1 1 2860 3661 3774 4492
10454 4 2 1 1 623 611 602 3733
10455 4 2 1 1 786 772 797 4122
10456 4 2 1 1 3244 410 3255 4096
10457 4 2 1 1 3937 4075 3720 4474
10458 4 2 1 1 3953 4054 3070 4158
10459 4 2 1 1 283 218 3067 3871
10460 4 2 1 1 3178 21 3180 4368
10461 4 2 1 1 253 3778 3695 4044
10462 4 2 1 1 604 605 616 3668
10463 4 2 1 1 3669 3775 4477 4480
10464 4 2 1 1 94 1845 1718 4231
10465 4 2 1 1 4018 4227 3781 4321
10466 4 2 1 1 433 3261 3262 4305
10467 4 2 1 1 1359 1362 1653 4452
10468 4 2 1 1 4283 4284 730 4463
10469 4 2 1 1 1408 3907 1477 4261
10470 4 2 1 1 1529 3883 1566 4473
10471 4 2 1 1 3628 4444 3822 4491
10472 4 2 1 1 847 850 3842 4198
10473 4 2 1 1 2018 2012 2520 4401
10474 4 2 1 1 2086 2088 2328 4008
10475 4 2 1 1 3493 3673 3468 3950
10476 4 2 1 1 3335 3311 3321 3438
10477 4 2 1 1 2259 3973 2518 4205
10478 4 2 1 1 3268 3269 3267 4308
10479 4 2 1 1 2889 3609 3543 3794
10480 4 2 1 1 1671 1662 330 4349
10481 4 2 1 1 68 67 1427 2776
10482 4 2 1 1 3657 3529 4027 4310
10483 4 2 1 1 3589 3751 4054 4055
10484 4 2 1 1 1503 1424 1543 4416
10485 4 2 1 1 645 644 646 3736
10486 4 2 1 1 553 552 752 660
10487 4 2 1 1 1222 1604 1274 3850
10488 4 2 1 1 2672 341 1798 1795
10489 4 2 1 1 2194 4034 3894 4218
10490 4 2 1 1 2576 1866 2261 4186
10491 4 2 1 1 1030 1032 1031 4452
10492 4 2 1 1 3967 4319 3659 4373
10493 4 2 1 1 1101 1162 3788 4302
10494 4 2 1 1 1896 1897 2669 4293
10495 4 2 1 1 3491 3975 3680 4156
10496 4 2 1 1 1273 1396 1033 4171
10497 4 2 1 1 3742 3765 3612 4191
10498 4 2 1 1 988 66 2773 64
10499 4 2 1 1 94 2826 93 4231
10500 4 2 1 1 3987 4018 3781 4321
10501 4 2 1 1 1167 986 984 4484
10502 4 2 1 1 2854 3963 4120 4121
10503 4 2 1 1 3677 3887 215 4323
10504 4 2 1 1 2592 2495 2031 4515
10505 4 2 1 1 2850 133 135 4380
10506 4 2 1 1 611 3526 3733 3911
10507 4 2 1 1 3326 3327 9 4264
10508 4 2 1 1 637 3843 3669 4378
10509 4 2 1 1 3781 3782 326 4004
10510 4 2 1 1 3145 3144 3143 4200
10511 4 2 1 1 3501 4442 3931 4497
10512 4 2 1 1 1397 34 51 3956
10513 4 2 1 1 651 643 647 3652
10514 4 2 1 1 3710 4230 2876 4501
10515 4 2 1 1 725 716 707 4197
10516 4 2 1 1 2160 2595 2465 4335
10517 4 2 1 1 3679 4180 1364 4521
10518 4 2 1 1 611 623 610 3636
10519 4 2 1 1 2085 4008 2083 4407
10520 4 2 1 1 3569 4472 4180 4521
10521 4 2 1 1 2248 2240 2236 4481
10522 4 2 1 1 1533 357 1532 4473
10523 4 2 1 1 3629 4235 3889 4471
10524 4 2 1 1 3255 4096 424 4203
10525 4 2 1 1 1820 1716 1908 4370
10526 4 2 1 1 3615 3850 3493 4346
10527 4 2 1 1 1596 1250 594 3970
10528 4 2 1 1 408 4342 3864 4355
10529 4 2 1 1 423 3254 424 4203
10530 4 2 1 1 3556 3747 3722 4052
10531 4 2 1 1 277 276 3077 4317
10532 4 2 1 1 3876 4408 3592 4420
10533 4 2 1 1 1284 1286 1287 3779
10534 4 2 1 1 3625 3793 3717 4224
10535 4 2 1 1 2366 4011 2068 4522
10536 4 2 1 1 3242 3253 4061 4446
10537 4 2 1 1 1042 4290 1045 4459
10538 4 2 1 1 330 1155 1141 3903
10539 4 2 1 1 2137 2117 2456 4230
10540 4 2 1 1 646 635 656 3545
10541 4 2 1 1 3585 3798 3709 4406
10542 4 2 1 1 2668 1971 2482 4113
10543 4 2 1 1 942 941 943 4001
10544 4 2 1 1 2831 2846 2853 4388
10545 4 2 1 1 3611 4187 3777 4488
10546 4 2 1 1 1620 3857 1071 4249
10547 4 2 1 1 1812 2264 3794 4396
10548 4 2 1 1 219 299 3093 3980
10549 4 2 1 1 2369 2368 2693 4011
10550 4 2 1 1 3811 3904 3594 4141
10551 4 2 1 1 1642 1033 1231 4334
10552 4 2 1 1 432 3271 431 4345
10553 4 2 1 1 3219 3208 4268 4509
10554 4 2 1 1 2056 1777 2055 3921
10555 4 2 1 1 3017 251 3898 4424
10556 4 2 1 1 465 3325 466 4264
10557 4 2 1 1 133 4380 4120 4472
10558 4 2 1 1 1083 1080 1081 4479
10559 4 2 1 1 3235 3236 3241 4375
10560 4 2 1 1 1781 2259 2258 3973
10561 4 2 1 1 3591 4191 4124 4403
10562 4 2 1 1 3857 4238 1070 4415
10563 4 2 1 1 3657 4310 1316 4371
10564 4 2 1 1 2059 2060 3687 3767
10565 4 2 1 1 3510 3659 3643 3731
10566 4 2 1 1 373 3712 4047 4262
10567 4 2 1 1 1875 1877 2045 4322
10568 4 2 1 1 2135 4065 3631 4405
10569 4 2 1 1 39 40 2755 3810
10570 4 2 1 1 711 712 713 4219
10571 4 2 1 1 226 3002 229 3944
10572 4 2 1 1 3888 3300 4294 4413
10573 4 2 1 1 2594 2143 1972 4335
10574 4 2 1 1 534 598 619 4304
10575 4 2 1 1 388 3910 387 4299
10576 4 2 1 1 1693 829 863 4310
10577 4 2 1 1 912 906 1387 4486
10578 4 2 1 1 3777 4123 3765 4328
10579 4 2 1 1 716 726 713 4135
10580 4 2 1 1 3133 3132 336 3879
10581 4 2 1 1 2990 193 2986 3721
10582 4 2 1 1 459 460 3320 4072
10583 4 2 1 1 1619 866 1272 4107
10584 4 2 1 1 445 3911 444 4160
10585 4 2 1 1 2618 4515 3784 4516
10586 4 2 1 1 3480 3762 3949 4384
10587 4 2 1 1 2609 3990 1925 4498
10588 4 2 1 1 2685 2151 2152 4500
10589 4 2 1 1 4072 460 4488 4489
10590 4 2 1 1 1337 1333 1636 4127
10591 4 2 1 1 401 3232 3231 4268
10592 4 2 1 1 3653 4340 4136 4441
10593 4 2 1 1 1221 3673 1351 4296
10594 4 2 1 1 3497 3901 3609 4205
10595 4 2 1 1 189 2981 2985 3789
10596 4 2 1 1 3659 4121 3963 4388
10597 4 2 1 1 770 777 776 4058
10598 4 2 1 1 877 1350 1162 4320
10599 4 2 1 1 1598 1275 1597 4473
10600 4 2 1 1 2121 2183 583 3971
10601 4 2 1 1 139 2838 137 4319
10602 4 2 1 1 2662 4099 2423 4113
10603 4 2 1 1 710 718 705 4463
10604 4 2 1 1 61 971 137 877
10605 4 2 1 1 3242 3253 3241 4061
10606 4 2 1 1 1176 1177 1175 4041
10607 4 2 1 1 3533 4167 3840 4415
10608 4 2 1 1 303 3798 3747 3815
10609 4 2 1 1 408 407 4342 4355
10610 4 2 1 1 390 389 4019 4262
10611 4 2 1 1 823 4307 4063 4371
10612 4 2 1 1 3824 4307 3542 4318
10613 4 2 1 1 3894 4149 2196 4186
10614 4 2 1 1 215 2998 208 4323
10615 4 2 1 1 971 139 63 2770
10616 4 2 1 1 2715 2419 2420 4099
10617 4 2 1 1 3336 3328 3340 4471
10618 4 2 1 1 2657 2376 2375 3796
10619 4 2 1 1 3929 4005 2955 4234
10620 4 2 1 1 973 976 979 4504
10621 4 2 1 1 795 783 3690 4487
10622 4 2 1 1 3096 3085 3926 4236
10623 4 2 1 1 1210 1162 1416 4320
10624 4 2 1 1 1487 1041 1327 3949
10625 4 2 1 1 3070 3751 273 4054
10626 4 2 1 1 3123 3740 3124 4321
10627 4 2 1 1 63 940 65 2772
10628 4 2 1 1 3694 4136 3536 4414
10629 4 2 1 1 3673 3850 357 4352
10630 4 2 1 1 3256 422 3939 4061
10631 4 2 1 1 3572 3956 3937 4474
10632 4 2 1 1 466 3777 3317 4123
10633 4 2 1 1 2599 3859 3546 4289
10634 4 2 1 1 1760 184 1762 4065
10635 4 2 1 1 3572 3671 3937 4345
10636 4 2 1 1 2054 2055 1777 3921
10637 4 2 1 1 338 3139 3152 3138
10638 4 2 1 1 1596 594 593 4291
10639 4 2 1 1 1564 1211 3688 4493
10640 4 2 1 1 914 907 3975 4410
10641 4 2 1 1 933 920 1640 4156
10642 4 2 1 1 1068 1055 1053 4385
10643 4 2 1 1 3689 4071 3555 4451
10644 4 2 1 1 3584 4278 4226 4391
10645 4 2 1 1 2643 2640 2421 4476
10646 4 2 1 1 628 535 619 4270
10647 4 2 1 1 1 731 550 663
10648 4 2 1 1 732 3 628 535
10649 4 2 1 1 733 575 5 799
10650 4 2 1 1 765 4 696 566
10651 4 2 1 1 734 7 697 565
10652 4 2 1 1 536 2 767 627
10653 4 2 1 1 3656 3712 794 4466
10654 4 2 1 1 1176 1179 1177 4041
10655 4 2 1 1 2065 2286 2288 4169
10656 4 2 1 1 3904 3594 4141 4350
10657 4 2 1 1 1261 869 15 4037
10658 4 2 1 1 2088 3813 2328 4008
10659 4 2 1 1 2093 2092 2141 4050
10660 4 2 1 1 29 4313 480 4327
10661 4 2 1 1 774 795 784 3712
10662 4 2 1 1 3905 4173 2629 4407
10663 4 2 1 1 766 801 6 580
10664 4 2 1 1 540 4 629 765
10665 4 2 1 1 768 8 570 698
10666 4 2 1 1 2528 2529 2483 4113
10667 4 2 1 1 3154 3984 3771 4368
10668 4 2 1 1 259 3050 258 4464
10669 4 2 1 1 1606 4027 4026 4102
10670 4 2 1 1 3693 3801 4031 4268
10671 4 2 1 1 2447 4178 3106 4279
10672 4 2 1 1 86 2182 87 4146
10673 4 2 1 1 2693 2368 2367 4011
10674 4 2 1 1 1699 3956 1703 4447
10675 4 2 1 1 1794 3820 3546 3859
10676 4 2 1 1 3532 4336 3954 4483
10677 4 2 1 1 1710 82 4025 4339
10678 4 2 1 1 2597 2467 3852 4215
10679 4 2 1 1 3096 3926 3722 4052
10680 4 2 1 1 3727 3814 3726 4158
10681 4 2 1 1 2282 2283 2280 4169
10682 4 2 1 1 3254 4203 4061 4446
10683 4 2 1 1 3106 4178 3861 4481
10684 4 2 1 1 2218 4392 2216 4461
10685 4 2 1 1 998 1563 996 4430
10686 4 2 1 1 934 907 134 3975
10687 4 2 1 1 2408 587 1896 3882
10688 4 2 1 1 2189 2474 4036 4498
10689 4 2 1 1 2214 3943 2564 4392
10690 4 2 1 1 48 117 2747 3801
10691 4 2 1 1 1097 4249 1615 4261
10692 4 2 1 1 3632 3798 3528 4406
10693 4 2 1 1 3661 4338 3579 4501
10694 4 2 1 1 329 3667 4249 4261
10695 4 2 1 1 2578 2223 2229 4494
10696 4 2 1 1 16 1704 11 4075
10697 4 2 1 1 875 1372 3842 4074
10698 4 2 1 1 19 3761 446 4350
10699 4 2 1 1 3226 407 422 3253
10700 4 2 1 1 1716 1820 1819 4370
10701 4 2 1 1 216 3870 3871 4042
10702 4 2 1 1 3808 3980 3087 4387
10703 4 2 1 1 2860 2890 2876 3661
10704 4 2 1 1 3135 3637 3136 3706
10705 4 2 1 1 3756 3870 2967 4054
10706 4 2 1 1 525 665 2 627
10707 4 2 1 1 2 555 767 665
10708 4 2 1 1 3058 3064 4158 4404
10709 4 2 1 1 390 4019 3708 4262
10710 4 2 1 1 140 1270 64 2771
10711 4 2 1 1 3769 3664 4007 4392
10712 4 2 1 1 3136 3637 3135 4036
10713 4 2 1 1 3693 4031 3633 4297
10714 4 2 1 1 1115 1435 1434 4360
10715 4 2 1 1 3637 3706 3135 4036
10716 4 2 1 1 2848 4373 143 4455
10717 4 2 1 1 2802 2797 2782 4363
10718 4 2 1 1 1540 1538 1222 3883
10719 4 2 1 1 578 759 786 577
10720 4 2 1 1 2407 2174 3902 4381
10721 4 2 1 1 139 4319 3967 4373
10722 4 2 1 1 605 604 599 3541
10723 4 2 1 1 1915 167 1758 1756
10724 4 2 1 1 1086 4127 1345 4479
10725 4 2 1 1 3801 4062 3766 4509
10726 4 2 1 1 1009 1685 1005 4452
10727 4 2 1 1 784 769 794 4466
10728 4 2 1 1 64 988 140 2773
10729 4 2 1 1 4096 4245 3868 4398
10730 4 2 1 1 784 3712 795 3886
10731 4 2 1 1 591 2605 3846 4149
10732 4 2 1 1 1355 4295 1007 4452
10733 4 2 1 1 476 4016 3775 4477
10734 4 2 1 1 44 1313 14 3874
10735 4 2 1 1 35 4183 50 4329
10736 4 2 1 1 2535 2251 2536 4279
10737 4 2 1 1 2012 2018 2479 4401
10738 4 2 1 1 3179 21 3178 4368
10739 4 2 1 1 1720 4230 2137 4231
10740 4 2 1 1 4096 4203 3255 4446
10741 4 2 1 1 2056 3687 2112 4065
10742 4 2 1 1 2536 2251 2543 4279
10743 4 2 1 1 1580 1120 1579 4393
10744 4 2 1 1 1104 1052 3992 4385
10745 4 2 1 1 3568 4005 3932 4240
10746 4 2 1 1 3523 4426 4207 4490
10747 4 2 1 1 395 3655 35 4329
10748 4 2 1 1 2096 2141 2092 4228
10749 4 2 1 1 1096 3802 1624 4017
10750 4 2 1 1 3593 3702 3515 3746
10751 4 2 1 1 3687 3767 3631 3959
10752 4 2 1 1 1611 3903 1315 4366
10753 4 2 1 1 1005 1007 1006 4295
10754 4 2 1 1 599 523 524 635
10755 4 2 1 1 2607 2606 2414 4498
10756 4 2 1 1 1941 2197 1942 4223
10757 4 2 1 1 1461 1459 1460 3787
10758 4 2 1 1 2924 3748 2908 4132
10759 4 2 1 1 3833 4203 3939 4353
10760 4 2 1 1 3805 3851 3767 4259
10761 4 2 1 1 2727 2729 2730 4341
10762 4 2 1 1 3556 3663 3722 3926
10763 4 2 1 1 58 2767 934 134
10764 4 2 1 1 3881 4028 355 4029
10765 4 2 1 1 3562 3807 3602 4155
10766 4 2 1 1 446 430 429 4499
10767 4 2 1 1 2149 2148 2151 4500
10768 4 2 1 1 1192 1025 1026 3950
10769 4 2 1 1 23 3171 368 3896
10770 4 2 1 1 2625 1772 1753 4396
10771 4 2 1 1 1755 1754 167 4396
10772 4 2 1 1 974 975 973 4504
10773 4 2 1 1 459 475 460 4477
10774 4 2 1 1 460 475 476 4477
10775 4 2 1 1 2399 2721 2623 3985
10776 4 2 1 1 386 3829 4175 4495
10777 4 2 1 1 3586 3708 4019 4262
10778 4 2 1 1 3173 388 387 3200
10779 4 2 1 1 907 58 934 134
10780 4 2 1 1 185 3631 2980 3687
10781 4 2 1 1 2661 4091 3780 4118
10782 4 2 1 1 2514 2118 1825 4137
10783 4 2 1 1 2149 2151 2685 4500
10784 4 2 1 1 2407 2128 2097 4381
10785 4 2 1 1 387 386 3203 4444
10786 4 2 1 1 132 3975 907 4410
10787 4 2 1 1 1196 3960 1198 4074
10788 4 2 1 1 274 3751 3953 4056
10789 4 2 1 1 180 2971 181 4007
10790 4 2 1 1 3500 3695 3532 4044
10791 4 2 1 1 1149 1159 1561 4349
10792 4 2 1 1 2440 308 2436 2441
10793 4 2 1 1 24 23 2734 3896
10794 4 2 1 1 3754 4043 3935 4225
10795 4 2 1 1 2909 3884 2937 4166
10796 4 2 1 1 2900 4246 3604 4276
10797 4 2 1 1 3983 4103 3746 4351
10798 4 2 1 1 3770 3963 3607 4388
10799 4 2 1 1 119 3258 419 4195
10800 4 2 1 1 1230 1015 1376 4518
10801 4 2 1 1 2423 4099 2715 4476
10802 4 2 1 1 1533 1532 1535 4473
10803 4 2 1 1 2093 4050 3813 4228
10804 4 2 1 1 549 705 718 4116
10805 4 2 1 1 2418 4099 2419 4516
10806 4 2 1 1 3128 3137 3706 3990
10807 4 2 1 1 3574 3935 3826 4131
10808 4 2 1 1 831 4102 3845 4310
10809 4 2 1 1 3291 3297 4217 4294
10810 4 2 1 1 1167 1418 1260 4484
10811 4 2 1 1 3811 4217 3292 4413
10812 4 2 1 1 1589 1229 1307 4518
10813 4 2 1 1 2328 3813 3682 4008
10814 4 2 1 1 882 989 4307 4318
10815 4 2 1 1 2075 3931 2113 4442
10816 4 2 1 1 2127 2096 4228 4382
10817 4 2 1 1 1320 3724 3577 3997
10818 4 2 1 1 1854 341 1855 1853
10819 4 2 1 1 358 1201 1651 1650
10820 4 2 1 1 1880 2459 4426 4490
10821 4 2 1 1 3845 4102 831 4425
10822 4 2 1 1 48 3766 3633 4183
10823 4 2 1 1 228 3816 2988 3926
10824 4 2 1 1 3547 3779 1281 4347
10825 4 2 1 1 1599 3916 3949 4384
10826 4 2 1 1 1277 3779 3649 4127
10827 4 2 1 1 3607 3770 3659 3963
10828 4 2 1 1 2316 2470 2337 4364
10829 4 2 1 1 3242 4375 3236 4446
10830 4 2 1 1 2525 3897 2280 4169
10831 4 2 1 1 3985 4018 3783 4515
10832 4 2 1 1 2832 2845 134 4390
10833 4 2 1 1 2731 38 4084 4312
10834 4 2 1 1 3072 3071 275 4054
10835 4 2 1 1 3824 3542 4307 4371
10836 4 2 1 1 2404 2443 2561 4179
10837 4 2 1 1 3828 4000 3639 4195
10838 4 2 1 1 1715 2183 1873 4190
10839 4 2 1 1 3223 3222 3221 4297
10840 4 2 1 1 1010 1011 4394 4519
10841 4 2 1 1 3863 3975 3491 4156
10842 4 2 1 1 3535 3866 3686 4374
10843 4 2 1 1 1044 3949 1299 4347
10844 4 2 1 1 1710 4339 4025 4372
10845 4 2 1 1 3816 3925 3663 4236
10846 4 2 1 1 1088 1635 1634 4479
10847 4 2 1 1 133 2830 4120 4380
10848 4 2 1 1 3197 4263 3194 4286
10849 4 2 1 1 3574 3704 3935 4131
10850 4 2 1 1 3878 4274 3688 4493
10851 4 2 1 1 3034 3031 4356 4397
10852 4 2 1 1 1053 1104 1639 4385
10853 4 2 1 1 341 1798 1795 1853
10854 4 2 1 1 1768 4166 4065 4405
10855 4 2 1 1 2934 2923 2935 4348
10856 4 2 1 1 3664 3769 2975 3847
10857 4 2 1 1 407 3999 4062 4353
10858 4 2 1 1 358 858 1651 1205
10859 4 2 1 1 3686 4327 3866 4471
10860 4 2 1 1 2374 2642 2641 4172
10861 4 2 1 1 2782 2829 2802 4363
10862 4 2 1 1 732 535 628 4270
10863 4 2 1 1 2186 167 1770 1754
10864 4 2 1 1 3021 270 253 3045
10865 4 2 1 1 659 547 652 4174
10866 4 2 1 1 2340 2211 2341 3847
10867 4 2 1 1 3896 3984 366 4368
10868 4 2 1 1 2084 2549 2190 4407
10869 4 2 1 1 3824 4307 824 4371
10870 4 2 1 1 1392 585 24 4432
10871 4 2 1 1 1009 1005 1029 4452
10872 4 2 1 1 3717 4157 3625 4224
10873 4 2 1 1 889 887 888 4520
10874 4 2 1 1 3271 3277 428 4242
10875 4 2 1 1 2195 2016 2194 3894
10876 4 2 1 1 193 194 2986 3721
10877 4 2 1 1 2091 4228 3813 4381
10878 4 2 1 1 3148 3905 3149 4173
10879 4 2 1 1 2045 588 29 4313
10880 4 2 1 1 62 1270 138 2771
10881 4 2 1 1 36 2753 31 4031
10882 4 2 1 1 3766 3801 3582 4062
10883 4 2 1 1 2616 2418 2421 4476
10884 4 2 1 1 1222 3883 1539 4493
10885 4 2 1 1 2661 2634 1964 4118
10886 4 2 1 1 3468 3673 3498 4104
10887 4 2 1 1 39 4146 1823 4277
10888 4 2 1 1 1571 1241 1569 4352
10889 4 2 1 1 2741 27 28 3873
10890 4 2 1 1 3124 322 321 3783
10891 4 2 1 1 1363 1031 1032 4452
10892 4 2 1 1 133 3788 4380 4472
10893 4 2 1 1 701 534 723 4304
10894 4 2 1 1 3585 3632 3528 4406
10895 4 2 1 1 3840 4167 1063 4415
10896 4 2 1 1 101 166 2809 2808
10897 4 2 1 1 445 4039 3293 4350
10898 4 2 1 1 802 769 784 4087
10899 4 2 1 1 1060 1059 1061 4167
10900 4 2 1 1 887 1415 899 4520
10901 4 2 1 1 3014 3015 3020 4424
10902 4 2 1 1 3694 4413 4136 4414
10903 4 2 1 1 232 224 225 3445
10904 4 2 1 1 1241 1218 1240 4352
10905 4 2 1 1 2462 2463 2330 3947
10906 4 2 1 1 471 4264 3326 4429
10907 4 2 1 1 1700 16 4345 4447
10908 4 2 1 1 2114 2115 2051 4514
10909 4 2 1 1 1571 1569 1570 4352
10910 4 2 1 1 3719 3823 3525 3940
10911 4 2 1 1 3621 4061 4203 4446
10912 4 2 1 1 3533 3916 3547 4238
10913 4 2 1 1 288 3953 3815 4056
10914 4 2 1 1 3766 3595 4147 4423
10915 4 2 1 1 1248 3725 3673 4104
10916 4 2 1 1 3823 3888 3694 4414
10917 4 2 1 1 1274 1540 3883 4473
10918 4 2 1 1 3226 4062 3952 4509
10919 4 2 1 1 2474 2413 4036 4498
10920 4 2 1 1 2187 2189 2173 4036
10921 4 2 1 1 2526 3901 3609 4223
10922 4 2 1 1 3952 4062 3226 4355
10923 4 2 1 1 3558 3590 3473 3684
10924 4 2 1 1 58 60 934 2767
10925 4 2 1 1 2127 2480 2517 4382
10926 4 2 1 1 54 2763 1382 129
10927 4 2 1 1 2236 2250 2536 4481
10928 4 2 1 1 1162 1350 1381 3788
10929 4 2 1 1 3589 3726 3756 4054
10930 4 2 1 1 845 844 4068 4198
10931 4 2 1 1 3852 4133 3973 4395
10932 4 2 1 1 3029 3033 3031 4356
10933 4 2 1 1 2044 2007 2654 3782
10934 4 2 1 1 2966 2967 177 3756
10935 4 2 1 1 3319 4280 3318 4429
10936 4 2 1 1 581 1313 4163 4224
10937 4 2 1 1 1209 25 586 4403
10938 4 2 1 1 1248 3673 1023 4104
10939 4 2 1 1 368 3896 4368 4421
10940 4 2 1 1 357 1572 1570 4352
10941 4 2 1 1 3039 263 3037 4243
10942 4 2 1 1 3973 4133 3497 4395
10943 4 2 1 1 3497 3609 3973 4205
10944 4 2 1 1 3628 3822 3517 4491
10945 4 2 1 1 270 3826 4088 4164
10946 4 2 1 1 3183 3188 3192 4194
10947 4 2 1 1 718 4284 4116 4463
10948 4 2 1 1 3963 4119 3570 4390
10949 4 2 1 1 3646 3962 3732 4162
10950 4 2 1 1 166 3884 101 4132
10951 4 2 1 1 461 460 4480 4489
10952 4 2 1 1 3319 3314 3318 4280
10953 4 2 1 1 2314 2312 2313 4364
10954 4 2 1 1 18 3906 2183 4339
10955 4 2 1 1 1013 1015 1229 4518
10956 4 2 1 1 2379 2378 2641 4172
10957 4 2 1 1 2876 3661 2890 4501
10958 4 2 1 1 1677 1680 1141 3903
10959 4 2 1 1 2384 2284 2620 4259
10960 4 2 1 1 3577 3724 1319 4367
10961 4 2 1 1 290 3722 3684 4015
10962 4 2 1 1 3864 3584 4226 4342
10963 4 2 1 1 3840 3916 3533 4238
10964 4 2 1 1 3585 3528 3798 4406
10965 4 2 1 1 2527 2483 2482 4113
10966 4 2 1 1 1039 987 1399 4459
10967 4 2 1 1 3814 3870 3726 3871
10968 4 2 1 1 1594 927 1595 4367
10969 4 2 1 1 836 3702 4239 4482
10970 4 2 1 1 3507 3695 4043 4483
10971 4 2 1 1 1792 2337 2470 4364
10972 4 2 1 1 885 4074 3702 4425
10973 4 2 1 1 1237 1262 581 4163
10974 4 2 1 1 3026 260 261 3050
10975 4 2 1 1 3780 3797 3608 4333
10976 4 2 1 1 922 918 921 4155
10977 4 2 1 1 269 3826 4044 4428
10978 4 2 1 1 3747 3798 3538 4015
10979 4 2 1 1 626 663 1 521
10980 4 2 1 1 541 662 5 799
10981 4 2 1 1 556 798 7 697
10982 4 2 1 1 628 526 3 695
10983 4 2 1 1 768 576 8 800
10984 4 2 1 1 697 688 671 4278
10985 4 2 1 1 2877 2872 2907 3865
10986 4 2 1 1 3070 289 274 3096
10987 4 2 1 1 3293 445 444 4039
10988 4 2 1 1 649 648 642 4306
10989 4 2 1 1 3031 261 4153 4397
10990 4 2 1 1 132 2832 134 4390
10991 4 2 1 1 3034 3028 3031 4397
10992 4 2 1 1 1820 2130 1819 4370
10993 4 2 1 1 3615 4274 3850 4493
10994 4 2 1 1 707 721 734 4278
10995 4 2 1 1 2837 143 144 4455
10996 4 2 1 1 3316 3306 471 4429
10997 4 2 1 1 1001 1000 4103 4430
10998 4 2 1 1 3041 268 3935 4131
10999 4 2 1 1 1962 3930 1963 4118
11000 4 2 1 1 1521 1523 356 3883
11001 4 2 1 1 368 3180 23 4421
11002 4 2 1 1 1587 926 3602 4367
11003 4 2 1 1 2068 3965 2707 4522
11004 4 2 1 1 1859 1860 1861 4215
11005 4 2 1 1 475 3776 4016 4477
11006 4 2 1 1 1084 1083 1633 4479
11007 4 2 1 1 2230 2229 2231 4282
11008 4 2 1 1 2600 1876 1883 4300
11009 4 2 1 1 3992 4100 1105 4359
11010 4 2 1 1 334 3813 333 4008
11011 4 2 1 1 6 664 766 551
11012 4 2 1 1 2664 2665 2363 4522
11013 4 2 1 1 3570 3607 3510 3963
11014 4 2 1 1 3501 3959 3767 3965
11015 4 2 1 1 1215 1563 1001 4351
11016 4 2 1 1 442 4413 3888 4414
11017 4 2 1 1 2946 2931 2947 3932
11018 4 2 1 1 2511 2083 2086 4008
11019 4 2 1 1 118 3161 47 4443
11020 4 2 1 1 464 25 4123 4403
11021 4 2 1 1 3952 4168 400 4268
11022 4 2 1 1 854 3842 1372 4074
11023 4 2 1 1 3661 2876 4230 4501
11024 4 2 1 1 361 4368 3771 4443
11025 4 2 1 1 3720 4075 3671 4125
11026 4 2 1 1 209 2999 220 4464
11027 4 2 1 1 3730 4105 3588 4486
11028 4 2 1 1 906 911 1387 4486
11029 4 2 1 1 912 1238 904 3981
11030 4 2 1 1 3083 4052 3089 4387
11031 4 2 1 1 980 1558 1252 4106
11032 4 2 1 1 286 4406 302 4478
11033 4 2 1 1 12 37 2732 4141
11034 4 2 1 1 956 1577 1318 4078
11035 4 2 1 1 979 585 1392 4432
11036 4 2 1 1 934 915 907 3975
11037 4 2 1 1 1312 48 49 4183
11038 4 2 1 1 1459 1458 1460 3787
11039 4 2 1 1 2610 2607 2414 4498
11040 4 2 1 1 949 948 940 3967
11041 4 2 1 1 718 730 703 4284
11042 4 2 1 1 202 2959 3852 4133
11043 4 2 1 1 117 125 2752 4031
11044 4 2 1 1 807 3933 26 4434
11045 4 2 1 1 1387 1233 1239 4260
11046 4 2 1 1 3626 3519 3698 3892
11047 4 2 1 1 3580 3826 3935 4428
11048 4 2 1 1 2950 198 2951 3619
11049 4 2 1 1 1097 3787 4249 4261
11050 4 2 1 1 3337 3308 3331 3311
11051 4 2 1 1 1434 1639 4360 4385
11052 4 2 1 1 1682 4108 1410 4346
11053 4 2 1 1 453 3304 452 4511
11054 4 2 1 1 3227 4354 3952 4355
11055 4 2 1 1 977 1033 1396 4171
11056 4 2 1 1 704 722 728 4439
11057 4 2 1 1 57 59 2766 1350
11058 4 2 1 1 33 11 1704 4075
11059 4 2 1 1 25 1209 867 4403
11060 4 2 1 1 118 3177 361 4421
11061 4 2 1 1 3702 3746 3593 4239
11062 4 2 1 1 2825 200 106 2827
11063 4 2 1 1 139 2838 4319 4373
11064 4 2 1 1 132 4390 3975 4410
11065 4 2 1 1 2975 3664 181 4007
11066 4 2 1 1 3726 3814 3756 3870
11067 4 2 1 1 1623 1629 1626 3802
11068 4 2 1 1 658 637 653 4378
11069 4 2 1 1 1313 14 3874 4224
11070 4 2 1 1 1817 2045 29 4313
11071 4 2 1 1 3657 3845 3529 4310
11072 4 2 1 1 2970 2966 176 3756
11073 4 2 1 1 2472 2326 2319 4364
11074 4 2 1 1 934 879 935 3863
11075 4 2 1 1 928 4366 1594 4367
11076 4 2 1 1 1619 1272 1265 4107
11077 4 2 1 1 1471 1076 3787 4017
11078 4 2 1 1 3242 3226 3254 3215
11079 4 2 1 1 1168 1254 1256 4384
11080 4 2 1 1 3772 4245 4096 4398
11081 4 2 1 1 3259 3234 31 3233
11082 4 2 1 1 3632 3495 3798 4478
11083 4 2 1 1 2346 2604 2341 3847
11084 4 2 1 1 3102 298 299 3980
11085 4 2 1 1 3873 3962 3646 4162
11086 4 2 1 1 697 734 565 4278
11087 4 2 1 1 3216 3217 3211 4354
11088 4 2 1 1 2328 3682 2331 4008
11089 4 2 1 1 1064 1063 1062 4415
11090 4 2 1 1 3197 392 391 4263
11091 4 2 1 1 2422 2419 2715 4099
11092 4 2 1 1 2838 4121 2835 4319
11093 4 2 1 1 3866 4045 3804 4126
11094 4 2 1 1 560 698 8 800
11095 4 2 1 1 545 801 6 664
11096 4 2 1 1 629 696 4 530
11097 4 2 1 1 3512 3943 4007 4461
11098 4 2 1 1 3121 3123 3117 4321
11099 4 2 1 1 3721 3816 3663 3926
11100 4 2 1 1 834 833 832 4425
11101 4 2 1 1 2444 2405 2443 4179
11102 4 2 1 1 1579 1117 1119 4393
11103 4 2 1 1 3726 3727 3589 3814
11104 4 2 1 1 3688 3878 1211 4029
11105 4 2 1 1 1687 911 906 4486
11106 4 2 1 1 1253 980 1252 4106
11107 4 2 1 1 458 3315 3318 4288
11108 4 2 1 1 3235 417 3236 4375
11109 4 2 1 1 3096 3085 3097 3926
11110 4 2 1 1 1237 937 945 4445
11111 4 2 1 1 3639 4000 3810 4195
11112 4 2 1 1 30 4045 1708 4372
11113 4 2 1 1 1052 4040 3992 4385
11114 4 2 1 1 1769 2702 184 1758
11115 4 2 1 1 3801 3582 4062 4509
11116 4 2 1 1 1290 1326 3647 3997
11117 4 2 1 1 2357 2506 2359 4376
11118 4 2 1 1 4025 4190 1817 4313
11119 4 2 1 1 3056 4158 4042 4404
11120 4 2 1 1 3123 3124 3119 4321
11121 4 2 1 1 130 2762 131 4521
11122 4 2 1 1 3608 3740 3492 4227
11123 4 2 1 1 3095 287 288 3069
11124 4 2 1 1 1 531 731 626
11125 4 2 1 1 3 695 561 732
11126 4 2 1 1 734 798 7 571
11127 4 2 1 1 624 532 708 533
11128 4 2 1 1 1594 4366 926 4367
11129 4 2 1 1 733 5 546 662
11130 4 2 1 1 1925 3990 2647 4498
11131 4 2 1 1 1026 1347 1192 3950
11132 4 2 1 1 131 1093 2764 4472
11133 4 2 1 1 1034 814 1382 3998
11134 4 2 1 1 3507 3695 3580 4043
11135 4 2 1 1 2129 1825 2180 3922
11136 4 2 1 1 1039 1045 4290 4459
11137 4 2 1 1 1274 3850 1218 4352
11138 4 2 1 1 3501 3965 3767 4442
11139 4 2 1 1 2137 1845 93 4231
11140 4 2 1 1 274 3684 3751 4056
11141 4 2 1 1 1986 1964 2634 4118
11142 4 2 1 1 1213 3878 1586 4493
11143 4 2 1 1 3631 3687 185 4065
11144 4 2 1 1 429 3271 428 4242
11145 4 2 1 1 3504 3547 3480 4347
11146 4 2 1 1 3024 3677 215 4323
11147 4 2 1 1 57 1094 1350 2766
11148 4 2 1 1 2536 2249 2236 4481
11149 4 2 1 1 2877 2873 2872 3865
11150 4 2 1 1 2420 2418 2616 4476
11151 4 2 1 1 332 331 3602 3835
11152 4 2 1 1 447 3904 3303 4141
11153 4 2 1 1 2150 109 2147 3642
11154 4 2 1 1 131 2764 133 4472
11155 4 2 1 1 2103 2182 595 4038
11156 4 2 1 1 1640 920 917 4156
11157 4 2 1 1 2217 2513 3943 4326
11158 4 2 1 1 692 679 680 3741
11159 4 2 1 1 1497 1256 1254 4384
11160 4 2 1 1 416 400 3210 3443
11161 4 2 1 1 1361 1362 1359 4452
11162 4 2 1 1 3118 3783 3985 4018
11163 4 2 1 1 2094 2358 2357 4376
11164 4 2 1 1 2710 2436 308 2441
11165 4 2 1 1 771 783 795 4487
11166 4 2 1 1 405 3766 4147 4423
11167 4 2 1 1 407 3999 4353 4355
11168 4 2 1 1 3230 48 3766 3801
11169 4 2 1 1 1929 3902 4204 4205
11170 4 2 1 1 2718 2342 2455 4514
11171 4 2 1 1 255 3778 3678 4053
11172 4 2 1 1 1576 4239 1398 4351
11173 4 2 1 1 2065 2321 2286 4169
11174 4 2 1 1 2137 4230 2138 4231
11175 4 2 1 1 3719 4039 444 4160
11176 4 2 1 1 106 200 2825 2814
11177 4 2 1 1 2319 2326 2315 4364
11178 4 2 1 1 3760 3774 3661 4492
11179 4 2 1 1 2876 4230 4067 4231
11180 4 2 1 1 1156 1149 1143 4349
11181 4 2 1 1 3127 225 3126 4333
11182 4 2 1 1 2091 2096 2092 4228
11183 4 2 1 1 838 841 1398 4239
11184 4 2 1 1 2212 3847 2211 4184
11185 4 2 1 1 2527 2482 1971 4113
11186 4 2 1 1 1009 1029 1030 4452
11187 4 2 1 1 3019 3961 3020 4424
11188 4 2 1 1 25 867 43 4403
11189 4 2 1 1 955 3996 957 4078
11190 4 2 1 1 3664 3847 2226 4392
11191 4 2 1 1 3680 3998 3807 4155
11192 4 2 1 1 1814 2132 2170 4289
11193 4 2 1 1 13 3933 808 4280
11194 4 2 1 1 3569 3734 3679 4180
11195 4 2 1 1 359 358 3702 3842
11196 4 2 1 1 2617 2640 2643 4476
11197 4 2 1 1 3070 4054 3059 4317
11198 4 2 1 1 1495 3787 1076 4017
11199 4 2 1 1 963 3850 4108 4346
11200 4 2 1 1 1318 3688 3881 4078
11201 4 2 1 1 3767 3805 2063 4376
11202 4 2 1 1 1958 199 1952 1953
11203 4 2 1 1 3715 4131 3826 4356
11204 4 2 1 1 704 574 722 4439
11205 4 2 1 1 3212 3222 397 4297
11206 4 2 1 1 1866 1869 2261 4186
11207 4 2 1 1 2159 2150 2675 4500
11208 4 2 1 1 2595 2160 2594 4335
11209 4 2 1 1 359 3593 360 3817
11210 4 2 1 1 461 4480 3843 4489
11211 4 2 1 1 1001 4351 1563 4430
11212 4 2 1 1 3242 4061 3241 4375
11213 4 2 1 1 116 2729 20 4141
11214 4 2 1 1 1069 1064 1499 4415
11215 4 2 1 1 3312 3324 3317 4328
11216 4 2 1 1 2765 56 132 907
11217 4 2 1 1 2044 2252 2473 316
11218 4 2 1 1 2012 3987 2520 4401
11219 4 2 1 1 3216 4168 3952 4354
11220 4 2 1 1 1651 358 1592 4026
11221 4 2 1 1 3727 3953 287 4158
11222 4 2 1 1 2555 4172 3148 4173
11223 4 2 1 1 3196 3822 3873 4444
11224 4 2 1 1 3910 4060 4019 4299
11225 4 2 1 1 1527 1583 356 3883
11226 4 2 1 1 1371 3842 1370 4198
11227 4 2 1 1 406 4353 4062 4423
11228 4 2 1 1 3332 3337 3331 4235
11229 4 2 1 1 3694 3811 4312 4413
11230 4 2 1 1 177 176 2966 3756
11231 4 2 1 1 860 841 4068 4239
11232 4 2 1 1 4125 4305 3671 4308
11233 4 2 1 1 3719 3888 3823 3940
11234 4 2 1 1 861 4430 4068 4518
11235 4 2 1 1 3717 4280 3735 4288
11236 4 2 1 1 1943 2605 2196 4149
11237 4 2 1 1 2072 3687 3631 4065
11238 4 2 1 1 3194 4263 3732 4286
11239 4 2 1 1 1962 2595 2676 4335
11240 4 2 1 1 1289 1285 3647 4347
11241 4 2 1 1 2093 2141 2462 4050
11242 4 2 1 1 3637 3813 3596 4381
11243 4 2 1 1 914 907 915 3975
11244 4 2 1 1 3529 358 3960 4274
11245 4 2 1 1 3705 3782 3781 4004
11246 4 2 1 1 3607 3659 3510 3963
11247 4 2 1 1 2045 1817 4190 4313
11248 4 2 1 1 2574 1929 1933 4205
11249 4 2 1 1 3169 3892 369 4361
11250 4 2 1 1 1431 918 922 4155
11251 4 2 1 1 199 1951 1953 3619
11252 4 2 1 1 3628 3873 3822 4444
11253 4 2 1 1 3148 3149 344 4173
11254 4 2 1 1 3695 3532 4043 4483
11255 4 2 1 1 2328 2329 2331 3682
11256 4 2 1 1 2405 2450 2561 4179
11257 4 2 1 1 3040 4131 3041 4397
11258 4 2 1 1 16 431 430 4345
11259 4 2 1 1 2465 1964 1986 4118
11260 4 2 1 1 1861 2308 2167 4215
11261 4 2 1 1 3200 4194 3191 4299
11262 4 2 1 1 459 4072 3323 4288
11263 4 2 1 1 3572 3937 3720 4474
11264 4 2 1 1 2852 4119 3963 4390
11265 4 2 1 1 3222 3212 3221 4297
11266 4 2 1 1 1822 2124 1821 4437
11267 4 2 1 1 2216 4392 3943 4461
11268 4 2 1 1 2923 2933 2932 4348
11269 4 2 1 1 3910 4019 3628 4299
11270 4 2 1 1 1293 1046 4009 4389
11271 4 2 1 1 3558 3684 3557 4015
11272 4 2 1 1 3521 3476 3734 4040
11273 4 2 1 1 331 330 3724 3903
11274 4 2 1 1 2243 2242 2244 4210
11275 4 2 1 1 1328 1225 1365 4129
11276 4 2 1 1 2750 126 36 4031
11277 4 2 1 1 3212 398 4168 4297
11278 4 2 1 1 1343 4068 3702 4074
11279 4 2 1 1 834 832 865 4425
11280 4 2 1 1 85 1821 2124 4437
11281 4 2 1 1 3731 3569 4120 4380
11282 4 2 1 1 1620 3787 4017 4249
11283 4 2 1 1 956 1318 966 4078
11284 4 2 1 1 984 983 1269 4485
11285 4 2 1 1 4000 3621 4096 4446
11286 4 2 1 1 3925 3980 3808 4387
11287 4 2 1 1 341 1798 1853 1854
11288 4 2 1 1 220 3941 3715 4464
11289 4 2 1 1 2392 3986 2014 4401
11290 4 2 1 1 1539 3883 1213 4493
11291 4 2 1 1 3669 3775 3668 4477
11292 4 2 1 1 1914 2195 3894 4034
11293 4 2 1 1 581 14 1313 4224
11294 4 2 1 1 2007 2015 2654 3782
11295 4 2 1 1 1753 1772 1771 4396
11296 4 2 1 1 1544 1539 961 4493
11297 4 2 1 1 4228 4381 2091 4382
11298 4 2 1 1 4099 4333 3608 4516
11299 4 2 1 1 1633 1083 1081 4479
11300 4 2 1 1 847 3842 1545 4198
11301 4 2 1 1 3521 3807 3476 4040
11302 4 2 1 1 3673 3950 3493 4346
11303 4 2 1 1 3629 3866 4235 4471
11304 4 2 1 1 135 3788 4320 4380
11305 4 2 1 1 355 3881 4029 4274
11306 4 2 1 1 2925 2920 2921 4005
11307 4 2 1 1 3638 3904 3811 4511
11308 4 2 1 1 3198 27 384 3873
11309 4 2 1 1 17 1705 10 4045
11310 4 2 1 1 1704 16 78 3937
11311 4 2 1 1 119 3257 86 4195
11312 4 2 1 1 645 3736 646 3742
11313 4 2 1 1 355 3529 358 4026
11314 4 2 1 1 15 4345 4037 4448
11315 4 2 1 1 3772 4146 39 4277
11316 4 2 1 1 338 349 339 3151
11317 4 2 1 1 3151 339 338 3138
11318 4 2 1 1 287 3090 302 3064
11319 4 2 1 1 2361 2069 2707 4522
11320 4 2 1 1 1491 3857 3649 4238
11321 4 2 1 1 1460 1462 1461 3787
11322 4 2 1 1 1027 1352 3725 4295
11323 4 2 1 1 3495 3815 3798 4478
11324 4 2 1 1 2261 2196 591 4149
11325 4 2 1 1 3167 391 374 3194
11326 4 2 1 1 3293 444 3299 4039
11327 4 2 1 1 3027 245 246 3051
11328 4 2 1 1 809 13 808 4280
11329 4 2 1 1 1293 910 1046 4389
11330 4 2 1 1 3582 3511 3655 3693
11331 4 2 1 1 3512 4461 3995 4494
11332 4 2 1 1 3628 3732 3646 3962
11333 4 2 1 1 3510 3659 3731 3963
11334 4 2 1 1 2413 1927 2173 4036
11335 4 2 1 1 327 328 3649 3802
11336 4 2 1 1 1406 3667 3907 4249
11337 4 2 1 1 3181 3189 3190 4503
11338 4 2 1 1 3821 3824 3542 4318
11339 4 2 1 1 287 3727 286 4478
11340 4 2 1 1 2221 2219 2216 4461
11341 4 2 1 1 1399 3949 1040 4459
11342 4 2 1 1 41 804 26 3933
11343 4 2 1 1 279 296 280 3101
11344 4 2 1 1 280 279 3101 3076
11345 4 2 1 1 1011 1385 4394 4519
11346 4 2 1 1 1067 1102 1101 4302
11347 4 2 1 1 4026 4027 1696 4041
11348 4 2 1 1 997 998 996 4430
11349 4 2 1 1 1151 3835 1150 4366
11350 4 2 1 1 1054 4040 1053 4385
11351 4 2 1 1 1001 4103 1019 4351
11352 4 2 1 1 2453 2389 2238 4457
11353 4 2 1 1 2057 2059 2058 3687
11354 4 2 1 1 3112 3861 4178 4179
11355 4 2 1 1 2127 4228 2091 4382
11356 4 2 1 1 3323 4288 4072 4488
11357 4 2 1 1 1270 140 64 988
11358 4 2 1 1 3732 4019 3708 4503
11359 4 2 1 1 1693 4027 4102 4310
11360 4 2 1 1 3569 4180 3679 4521
11361 4 2 1 1 3765 4123 463 4328
11362 4 2 1 1 3663 3816 3808 3980
11363 4 2 1 1 1141 1680 1679 3903
11364 4 2 1 1 2018 2519 2391 4401
11365 4 2 1 1 1228 1123 1121 4393
11366 4 2 1 1 2446 2405 2445 4179
11367 4 2 1 1 294 277 3101 278
11368 4 2 1 1 3995 4007 3664 4461
11369 4 2 1 1 3850 356 3883 4493
11370 4 2 1 1 2968 3870 223 4054
11371 4 2 1 1 2513 2433 2257 4326
11372 4 2 1 1 3032 3042 3033 4356
11373 4 2 1 1 2214 3978 3943 4392
11374 4 2 1 1 1167 1260 986 4484
11375 4 2 1 1 1357 1240 1356 4296
11376 4 2 1 1 26 804 9 4264
11377 4 2 1 1 3734 4040 3679 4180
11378 4 2 1 1 1484 4359 1501 4456
11379 4 2 1 1 2443 2405 2561 4179
11380 4 2 1 1 2427 2428 2222 3978
11381 4 2 1 1 3767 2063 3965 4376
11382 4 2 1 1 465 9 3325 4264
11383 4 2 1 1 2934 2936 2945 4440
11384 4 2 1 1 2211 2212 2346 3847
11385 4 2 1 1 3810 4000 3621 4096
11386 4 2 1 1 3693 4168 3952 4268
11387 4 2 1 1 446 445 3293 4350
11388 4 2 1 1 2921 2928 2925 4005
11389 4 2 1 1 2261 2196 4149 4186
11390 4 2 1 1 1787 1783 2258 4395
11391 4 2 1 1 3296 456 4312 4413
11392 4 2 1 1 3559 3782 3705 4004
11393 4 2 1 1 3669 4477 3928 4480
11394 4 2 1 1 120 2742 85 4286
11395 4 2 1 1 1150 3835 1123 4393
11396 4 2 1 1 2763 129 132 4410
11397 4 2 1 1 312 3127 3115 3441
11398 4 2 1 1 3584 4226 3999 4391
11399 4 2 1 1 769 543 794 4466
11400 4 2 1 1 3816 3926 228 4236
11401 4 2 1 1 3777 3933 3571 4123
11402 4 2 1 1 3628 4194 3873 4444
11403 4 2 1 1 3589 3756 3726 3814
11404 4 2 1 1 1093 4472 131 4521
11405 4 2 1 1 4100 4101 1111 4456
11406 4 2 1 1 1072 3857 1620 4017
11407 4 2 1 1 1009 1498 1685 4452
11408 4 2 1 1 2729 20 4141 4341
11409 4 2 1 1 1042 1043 1046 4009
11410 4 2 1 1 3732 3962 3628 4503
11411 4 2 1 1 1259 1258 1389 4318
11412 4 2 1 1 1110 1263 1654 4456
11413 4 2 1 1 2185 1942 3901 4223
11414 4 2 1 1 1224 944 1502 4475
11415 4 2 1 1 3572 4447 3956 4448
11416 4 2 1 1 3161 3172 3170 4443
11417 4 2 1 1 3586 3910 3628 4491
11418 4 2 1 1 3511 3655 3633 4329
11419 4 2 1 1 91 183 92 2827
11420 4 2 1 1 997 4046 999 4430
11421 4 2 1 1 3827 3907 3812 4360
11422 4 2 1 1 473 3318 458 3341
11423 4 2 1 1 3169 386 369 3196
11424 4 2 1 1 3529 3960 358 4026
11425 4 2 1 1 3628 3910 3586 4019
11426 4 2 1 1 3609 168 3968 4396
11427 4 2 1 1 211 2984 235 3941
11428 4 2 1 1 287 303 3815 4478
11429 4 2 1 1 3059 3070 3071 4054
11430 4 2 1 1 3119 3118 316 3987
11431 4 2 1 1 2861 2889 2884 3768
11432 4 2 1 1 12 2732 20 4141
11433 4 2 1 1 213 2964 210 3887
11434 4 2 1 1 254 3018 3021 4386
11435 4 2 1 1 1546 928 1315 4366
11436 4 2 1 1 1031 1009 1030 4452
11437 4 2 1 1 3234 412 413 3259
11438 4 2 1 1 1209 586 1641 4193
11439 4 2 1 1 374 3886 3712 4262
11440 4 2 1 1 1046 1043 1293 4009
11441 4 2 1 1 1515 1514 1513 356
11442 4 2 1 1 1183 1184 1185 4029
11443 4 2 1 1 2361 2094 2359 4376
11444 4 2 1 1 202 205 2959 4133
11445 4 2 1 1 356 1583 1521 3883
11446 4 2 1 1 332 3825 3812 4101
11447 4 2 1 1 1621 1078 3802 4479
11448 4 2 1 1 823 882 1684 4307
11449 4 2 1 1 2037 2036 2027 4206
11450 4 2 1 1 2084 2085 2083 4407
11451 4 2 1 1 711 714 730 4283
11452 4 2 1 1 1191 1094 1093 4472
11453 4 2 1 1 3530 3678 3634 3778
11454 4 2 1 1 1932 2518 1933 4205
11455 4 2 1 1 2127 2097 2128 4382
11456 4 2 1 1 1546 1315 1151 4366
11457 4 2 1 1 894 893 895 4519
11458 4 2 1 1 2012 2043 2044 3987
11459 4 2 1 1 3937 4345 16 4447
11460 4 2 1 1 2565 2161 3885 4113
11461 4 2 1 1 3781 4227 3492 4321
11462 4 2 1 1 386 385 4444 4495
11463 4 2 1 1 3819 3881 3688 4078
11464 4 2 1 1 3592 3865 4248 4408
11465 4 2 1 1 2363 2665 2366 4522
11466 4 2 1 1 237 219 2989 3816
11467 4 2 1 1 30 79 1708 4045
11468 4 2 1 1 3203 370 387 3176
11469 4 2 1 1 2412 3820 2416 4215
11470 4 2 1 1 1498 1009 1031 4452
11471 4 2 1 1 1180 3881 4028 4041
11472 4 2 1 1 3593 3725 360 4046
11473 4 2 1 1 3328 482 3340 3866
11474 4 2 1 1 3577 3647 1326 3997
11475 4 2 1 1 798 773 789 4391
11476 4 2 1 1 3693 3864 3582 4354
11477 4 2 1 1 2229 2237 2231 4282
11478 4 2 1 1 2597 3820 2412 4215
11479 4 2 1 1 2259 1932 3973 4205
11480 4 2 1 1 1701 3937 16 4447
11481 4 2 1 1 480 3317 465 3340
11482 4 2 1 1 3902 4204 3546 4289
11483 4 2 1 1 2669 1890 1896 4293
11484 4 2 1 1 3866 4327 3686 4374
11485 4 2 1 1 3134 3143 3149 3147
11486 4 2 1 1 475 3346 3343 4111
11487 4 2 1 1 310 3944 3861 4179
11488 4 2 1 1 1161 1375 1373 4379
11489 4 2 1 1 3293 3299 3287 4039
11490 4 2 1 1 3320 4072 460 4488
11491 4 2 1 1 426 3278 3300 456
11492 4 2 1 1 250 3020 3961 4424
11493 4 2 1 1 3575 3764 3619 4369
11494 4 2 1 1 3503 4218 4034 4281
11495 4 2 1 1 409 395 3250 3223
11496 4 2 1 1 2661 3780 2634 4118
11497 4 2 1 1 3612 3765 3742 3843
11498 4 2 1 1 1615 4249 1614 4261
11499 4 2 1 1 3695 3778 3532 4044
11500 4 2 1 1 2897 171 3728 3862
11501 4 2 1 1 2807 92 183 2827
11502 4 2 1 1 2279 2278 2277 3897
11503 4 2 1 1 3772 4189 4245 4398
11504 4 2 1 1 1932 4205 4204 4395
11505 4 2 1 1 260 261 245 3026
11506 4 2 1 1 2033 1975 2507 4514
11507 4 2 1 1 3291 3298 3297 4294
11508 4 2 1 1 31 3234 36 4031
11509 4 2 1 1 2427 2222 2426 3978
11510 4 2 1 1 2934 2933 2923 4348
11511 4 2 1 1 1352 4295 1353 4296
11512 4 2 1 1 930 1373 1375 4379
11513 4 2 1 1 270 4044 3826 4164
11514 4 2 1 1 3300 3292 4217 4413
11515 4 2 1 1 2202 2401 2111 4369
11516 4 2 1 1 887 889 1415 4520
11517 4 2 1 1 2677 4178 2448 4279
11518 4 2 1 1 3164 3191 3201 3173
11519 4 2 1 1 1376 1344 4046 4518
11520 4 2 1 1 431 3271 430 4345
11521 4 2 1 1 3722 3926 3663 4052
11522 4 2 1 1 1281 3949 3547 4347
11523 4 2 1 1 475 4016 476 4477
11524 4 2 1 1 3199 3186 3197 4286
11525 4 2 1 1 3071 289 3097 275
11526 4 2 1 1 3101 296 280 3102
11527 4 2 1 1 280 3101 3102 3076
11528 4 2 1 1 2027 2415 2037 4206
11529 4 2 1 1 2254 2253 2100 4433
11530 4 2 1 1 1024 1022 1023 4104
11531 4 2 1 1 3480 3949 3916 4384
11532 4 2 1 1 416 4375 4000 4446
11533 4 2 1 1 3937 3572 4345 4447
11534 4 2 1 1 1187 4028 1638 4416
11535 4 2 1 1 2086 4008 2331 4426
11536 4 2 1 1 3621 4203 4096 4446
11537 4 2 1 1 1285 1283 3779 4347
11538 4 2 1 1 1353 4295 1358 4296
11539 4 2 1 1 3572 4345 4447 4448
11540 4 2 1 1 204 2979 233 3959
11541 4 2 1 1 3510 3731 3570 3963
11542 4 2 1 1 2159 2685 2686 4500
11543 4 2 1 1 2431 2432 2433 4326
11544 4 2 1 1 3607 4109 3809 4388
11545 4 2 1 1 2088 2089 2090 3813
11546 4 2 1 1 2434 2439 2257 4326
11547 4 2 1 1 2818 2805 2826 4363
11548 4 2 1 1 793 769 802 4087
11549 4 2 1 1 1282 1367 1089 4238
11550 4 2 1 1 2860 3661 2876 4231
11551 4 2 1 1 2226 3847 2346 4392
11552 4 2 1 1 3727 3726 3953 4158
11553 4 2 1 1 3941 4153 2999 4243
11554 4 2 1 1 1224 1226 944 4475
11555 4 2 1 1 1504 1186 1505 4454
11556 4 2 1 1 3026 261 208 3050
11557 4 2 1 1 208 245 3027 3051
11558 4 2 1 1 3693 3801 3633 4031
11559 4 2 1 1 2045 3917 588 4313
11560 4 2 1 1 3009 3008 4323 4386
11561 4 2 1 1 2374 2641 2378 4172
11562 4 2 1 1 730 4284 718 4463
11563 4 2 1 1 2017 2241 2240 4020
11564 4 2 1 1 2025 2023 2024 4281
11565 4 2 1 1 3747 3815 3798 4015
11566 4 2 1 1 3621 3939 3613 4203
11567 4 2 1 1 3480 3547 3533 3916
11568 4 2 1 1 3498 4103 3983 4104
11569 4 2 1 1 3643 3731 4319 4320
11570 4 2 1 1 3872 3983 3468 4513
11571 4 2 1 1 3136 3135 333 4036
11572 4 2 1 1 2802 2829 2787 4363
11573 4 2 1 1 3986 4018 3985 4401
11574 4 2 1 1 258 3030 259 4464
11575 4 2 1 1 1972 2628 2676 4335
11576 4 2 1 1 2583 2202 2111 4369
11577 4 2 1 1 2934 4083 4348 4440
11578 4 2 1 1 2219 2218 2216 4461
11579 4 2 1 1 224 3002 226 3944
11580 4 2 1 1 963 4108 1682 4346
11581 4 2 1 1 2300 2487 2468 3968
11582 4 2 1 1 3663 3808 3925 3980
11583 4 2 1 1 443 3276 425 427
11584 4 2 1 1 425 3298 443 441
11585 4 2 1 1 372 389 388 3201
11586 4 2 1 1 372 373 389 3174
11587 4 2 1 1 454 3811 37 4511
11588 4 2 1 1 1551 1597 1275 4473
11589 4 2 1 1 2389 2453 1867 4457
11590 4 2 1 1 407 4353 4342 4355
11591 4 2 1 1 3626 3892 3698 3896
11592 4 2 1 1 458 3323 3315 4288
11593 4 2 1 1 1335 3997 3779 4127
11594 4 2 1 1 2819 98 165 2811
11595 4 2 1 1 17 3349 488 3804
11596 4 2 1 1 3186 392 3197 4286
11597 4 2 1 1 3196 3873 3192 4444
11598 4 2 1 1 253 3898 3778 4386
11599 4 2 1 1 219 3093 3816 3980
11600 4 2 1 1 3669 3668 3928 4477
11601 4 2 1 1 1148 1145 1561 4349
11602 4 2 1 1 1187 1667 4028 4416
11603 4 2 1 1 2668 3780 2619 4113
11604 4 2 1 1 2707 2069 2366 4522
11605 4 2 1 1 3663 3925 3808 4387
11606 4 2 1 1 2141 4050 2092 4228
11607 4 2 1 1 3582 3693 3655 3864
11608 4 2 1 1 3571 3933 3735 4280
11609 4 2 1 1 1077 3649 4017 4479
11610 4 2 1 1 3226 3229 406 4062
11611 4 2 1 1 3055 279 295 3052
11612 4 2 1 1 1004 4046 1003 4295
11613 4 2 1 1 3107 3111 3123 3117
11614 4 2 1 1 3584 4199 3703 4342
11615 4 2 1 1 15 4037 869 4448
11616 4 2 1 1 730 718 710 4463
11617 4 2 1 1 444 3911 3733 4160
11618 4 2 1 1 1571 1598 1241 4352
11619 4 2 1 1 84 1821 85 4437
11620 4 2 1 1 1128 3835 1151 4383
11621 4 2 1 1 2225 4178 3861 4179
11622 4 2 1 1 2448 2446 2447 4178
11623 4 2 1 1 914 1034 1382 4410
11624 4 2 1 1 2015 3782 3683 4020
11625 4 2 1 1 407 3226 4062 4355
11626 4 2 1 1 2843 4109 3963 4388
11627 4 2 1 1 3963 4109 2843 4390
11628 4 2 1 1 2763 1382 129 4410
11629 4 2 1 1 3085 3099 3098 4236
11630 4 2 1 1 1011 1385 1244 4394
11631 4 2 1 1 3621 3639 3828 4000
11632 4 2 1 1 3248 394 393 3221
11633 4 2 1 1 3741 3868 680 4199
11634 4 2 1 1 4226 4342 3999 4355
11635 4 2 1 1 3973 4133 3852 4252
11636 4 2 1 1 3486 3529 3515 4274
11637 4 2 1 1 3735 4288 4280 4429
11638 4 2 1 1 1212 3878 1214 4454
11639 4 2 1 1 658 645 646 3742
11640 4 2 1 1 3731 3788 3569 4380
11641 4 2 1 1 3933 4264 3735 4429
11642 4 2 1 1 1646 1111 4101 4456
11643 4 2 1 1 3045 4131 3040 4356
11644 4 2 1 1 1156 3724 1611 4349
11645 4 2 1 1 40 32 2760 4195
11646 4 2 1 1 32 119 2760 4195
11647 4 2 1 1 60 879 136 2769
11648 4 2 1 1 272 271 3023 3047
11649 4 2 1 1 2892 2898 2891 4276
11650 4 2 1 1 1433 4360 3827 4385
11651 4 2 1 1 1708 1707 4327 4372
11652 4 2 1 1 1218 3850 1217 4346
11653 4 2 1 1 860 4239 4068 4430
11654 4 2 1 1 602 628 619 4270
11655 4 2 1 1 2642 2656 2375 4172
11656 4 2 1 1 27 2740 22 4162
11657 4 2 1 1 22 2740 120 4162
11658 4 2 1 1 3655 3864 3583 4226
11659 4 2 1 1 1709 4045 17 4339
11660 4 2 1 1 268 3935 4131 4428
11661 4 2 1 1 3756 3814 3589 4265
11662 4 2 1 1 3607 3863 3809 4109
11663 4 2 1 1 426 4414 4035 4467
11664 4 2 1 1 3693 3952 3801 4268
11665 4 2 1 1 268 267 3017 3041
11666 4 2 1 1 391 3167 374 375
11667 4 2 1 1 391 390 374 3194
11668 4 2 1 1 2682 3852 1784 4364
11669 4 2 1 1 3080 293 277 3073
11670 4 2 1 1 3673 3725 1351 4296
11671 4 2 1 1 167 1915 1770 1756
11672 4 2 1 1 896 895 1008 4519
11673 4 2 1 1 914 1382 2763 4410
11674 4 2 1 1 1092 1615 1617 4249
11675 4 2 1 1 30 10 1705 4045
11676 4 2 1 1 387 4299 3910 4444
11677 4 2 1 1 3041 4131 3935 4397
11678 4 2 1 1 2078 2081 2076 4497
11679 4 2 1 1 3222 396 397 4297
11680 4 2 1 1 1310 3960 4074 4425
11681 4 2 1 1 2086 2511 4008 4426
11682 4 2 1 1 1789 4204 3820 4395
11683 4 2 1 1 1382 3998 129 4410
11684 4 2 1 1 33 1704 3937 4075
11685 4 2 1 1 2515 2434 2432 4326
11686 4 2 1 1 2742 84 85 4285
11687 4 2 1 1 1110 1485 1263 4456
11688 4 2 1 1 934 134 3863 3975
11689 4 2 1 1 3200 3191 3201 4299
11690 4 2 1 1 3049 242 258 3030
11691 4 2 1 1 356 1515 1574 3878
11692 4 2 1 1 1339 3725 4103 4430
11693 4 2 1 1 3609 3968 168 4252
11694 4 2 1 1 3950 4108 3493 4346
11695 4 2 1 1 2511 3713 4008 4426
11696 4 2 1 1 3069 3063 3056 4158
11697 4 2 1 1 1157 1672 330 3903
11698 4 2 1 1 3150 3148 3141 3796
11699 4 2 1 1 132 134 3975 4390
11700 4 2 1 1 16 3937 1704 4075
11701 4 2 1 1 1792 2326 2472 4364
11702 4 2 1 1 232 240 2995 3780
11703 4 2 1 1 2420 4099 2418 4476
11704 4 2 1 1 33 3279 3273 4474
11705 4 2 1 1 3888 3940 441 4035
11706 4 2 1 1 3165 3896 3169 4361
11707 4 2 1 1 1013 1014 4518 4519
11708 4 2 1 1 3296 3292 456 4413
11709 4 2 1 1 3767 3959 3501 4442
11710 4 2 1 1 3044 265 250 3020
11711 4 2 1 1 220 3715 3048 4464
11712 4 2 1 1 93 1845 94 4231
11713 4 2 1 1 971 877 1210 4320
11714 4 2 1 1 1646 1485 1110 4456
11715 4 2 1 1 3621 3613 4096 4203
11716 4 2 1 1 1240 4296 1569 4352
11717 4 2 1 1 1611 3724 1158 4349
11718 4 2 1 1 3598 3852 2960 4252
11719 4 2 1 1 1978 2558 2705 4514
11720 4 2 1 1 3055 294 278 3054
11721 4 2 1 1 1548 4101 3825 4393
11722 4 2 1 1 2245 2246 2232 4337
11723 4 2 1 1 3529 3486 3819 3881
11724 4 2 1 1 877 59 2768 61
11725 4 2 1 1 3333 17 3342 4339
11726 4 2 1 1 2046 39 1823 4277
11727 4 2 1 1 796 573 572 725
11728 4 2 1 1 12 3304 37 4141
11729 4 2 1 1 3243 3242 3237 4446
11730 4 2 1 1 1611 3724 1156 3903
11731 4 2 1 1 3767 3805 3610 3851
11732 4 2 1 1 3139 336 207 4211
11733 4 2 1 1 3702 3960 358 4274
11734 4 2 1 1 355 3529 3881 4274
11735 4 2 1 1 2802 2815 2797 4363
11736 4 2 1 1 1290 3647 1600 3997
11737 4 2 1 1 2971 180 2972 4007
11738 4 2 1 1 1230 1307 1229 4518
11739 4 2 1 1 2097 4381 2128 4382
11740 4 2 1 1 447 448 3904 4350
11741 4 2 1 1 2751 4031 2750 4329
11742 4 2 1 1 2054 2120 2095 3921
11743 4 2 1 1 263 3039 264 4243
11744 4 2 1 1 1116 1228 1117 4393
11745 4 2 1 1 3165 3169 370 4361
11746 4 2 1 1 2902 4051 181 4514
11747 4 2 1 1 2934 2935 2936 4440
11748 4 2 1 1 172 2965 2961 3728
11749 4 2 1 1 2969 218 221 3870
11750 4 2 1 1 165 97 98 3774
11751 4 2 1 1 311 323 312 3441
11752 4 2 1 1 3080 293 3099 4236
11753 4 2 1 1 3098 228 3926 4236
11754 4 2 1 1 3335 3321 3344 3438
11755 4 2 1 1 1944 1741 166 2909
11756 4 2 1 1 335 345 334 3130
11757 4 2 1 1 302 4406 3798 4478
11758 4 2 1 1 438 11 33 4075
11759 4 2 1 1 863 829 883 4310
11760 4 2 1 1 3267 3269 3276 4308
11761 4 2 1 1 3992 4040 3521 4385
11762 4 2 1 1 3574 3826 3715 4131
11763 4 2 1 1 118 47 2735 4443
11764 4 2 1 1 2044 2473 2520 3987
11765 4 2 1 1 119 2759 127 4195
11766 4 2 1 1 3828 3621 4000 4375
11767 4 2 1 1 837 1366 866 4482
11768 4 2 1 1 3143 3147 3146 4200
11769 4 2 1 1 3949 4384 3762 4459
11770 4 2 1 1 3801 3952 3582 4509
11771 4 2 1 1 274 290 288 3063
11772 4 2 1 1 3937 3956 3572 4447
11773 4 2 1 1 2876 2901 3710 4501
11774 4 2 1 1 97 96 3774 4363
11775 4 2 1 1 3079 281 3060 297
11776 4 2 1 1 3633 3766 48 3801
11777 4 2 1 1 1933 1929 1932 4205
11778 4 2 1 1 264 3039 211 4243
11779 4 2 1 1 1185 1585 1618 4454
11780 4 2 1 1 261 246 245 3051
11781 4 2 1 1 2925 2955 2920 4005
11782 4 2 1 1 3711 4047 3656 4060
11783 4 2 1 1 1356 1351 1354 4296
11784 4 2 1 1 3179 380 364 3178
11785 4 2 1 1 1877 1879 2330 3880
11786 4 2 1 1 1511 1512 1510 3878
11787 4 2 1 1 120 123 2746 4162
11788 4 2 1 1 3621 3810 3639 4000
11789 4 2 1 1 2300 2486 2487 3968
11790 4 2 1 1 1551 1275 1549 4473
11791 4 2 1 1 442 425 3275 426
11792 4 2 1 1 371 372 388 3173
11793 4 2 1 1 387 371 388 3173
11794 4 2 1 1 262 4243 4153 4397
11795 4 2 1 1 304 287 3095 303
11796 4 2 1 1 287 304 3095 288
11797 4 2 1 1 344 4173 3905 4407
11798 4 2 1 1 3343 476 460 475
11799 4 2 1 1 56 58 907 2765
11800 4 2 1 1 447 448 3303 3904
11801 4 2 1 1 1781 3852 3973 4395
11802 4 2 1 1 4121 4319 2838 4373
11803 4 2 1 1 120 47 118 3161
11804 4 2 1 1 28 27 23 3185
11805 4 2 1 1 17 13 18 3333
11806 4 2 1 1 1499 3667 4249 4415
11807 4 2 1 1 3072 3073 3059 4317
11808 4 2 1 1 3118 3986 316 3987
11809 4 2 1 1 376 392 375 3170
11810 4 2 1 1 289 274 3096 290
11811 4 2 1 1 289 3070 274 273
11812 4 2 1 1 478 3322 461 462
11813 4 2 1 1 260 4356 4153 4464
11814 4 2 1 1 407 423 422 3253
11815 4 2 1 1 407 422 406 3226
11816 4 2 1 1 2314 2313 2315 4364
11817 4 2 1 1 3314 3319 13 4280
11818 4 2 1 1 227 226 3120 3121
11819 4 2 1 1 975 976 973 4504
11820 4 2 1 1 1357 1354 1567 4296
11821 4 2 1 1 2286 2321 2283 4169
11822 4 2 1 1 3075 280 3102 3076
11823 4 2 1 1 2163 2700 2701 4113
11824 4 2 1 1 2086 2331 2511 4426
11825 4 2 1 1 224 313 3127 3115
11826 4 2 1 1 2015 2029 2260 3683
11827 4 2 1 1 3589 3516 3727 4451
11828 4 2 1 1 3210 3216 3215 3242
11829 4 2 1 1 1229 1015 1230 4518
11830 4 2 1 1 314 326 3105 315
11831 4 2 1 1 3059 3080 3083 3054
11832 4 2 1 1 355 358 3529 4274
11833 4 2 1 1 2664 2363 2663 4522
11834 4 2 1 1 285 301 284 3066
11835 4 2 1 1 2898 2892 2899 4275
11836 4 2 1 1 293 3080 3099 3073
11837 4 2 1 1 1350 3788 1162 4320
11838 4 2 1 1 3341 474 458 473
11839 4 2 1 1 3318 473 458 457
11840 4 2 1 1 385 369 386 3196
11841 4 2 1 1 370 386 369 3169
11842 4 2 1 1 563 693 729 562
11843 4 2 1 1 254 270 253 3021
11844 4 2 1 1 270 269 253 3045
11845 4 2 1 1 3661 4230 2876 4231
11846 4 2 1 1 3021 3009 3016 4386
11847 4 2 1 1 1258 1259 989 4318
11848 4 2 1 1 3702 358 3960 4074
11849 4 2 1 1 3812 3907 329 4359
11850 4 2 1 1 2477 2610 2414 4498
11851 4 2 1 1 1243 3881 3688 4029
11852 4 2 1 1 2876 2890 2901 4501
11853 4 2 1 1 1576 1028 1215 4351
11854 4 2 1 1 3952 4268 3209 4509
11855 4 2 1 1 3901 3902 2574 4205
11856 4 2 1 1 1257 1367 1282 4238
11857 4 2 1 1 3710 4067 2876 4230
11858 4 2 1 1 1978 1976 2558 4514
11859 4 2 1 1 3090 287 302 303
11860 4 2 1 1 302 287 3064 286
11861 4 2 1 1 3316 471 472 4429
11862 4 2 1 1 1343 4068 3842 4198
11863 4 2 1 1 3025 3006 242 3049
11864 4 2 1 1 914 3975 915 4410
11865 4 2 1 1 1322 1321 1290 3997
11866 4 2 1 1 2430 2431 3978 4326
11867 4 2 1 1 1498 1031 1363 4452
11868 4 2 1 1 1142 3903 1140 4349
11869 4 2 1 1 304 3815 3747 4015
11870 4 2 1 1 3322 462 3324 4328
11871 4 2 1 1 2227 2229 2223 4494
11872 4 2 1 1 3178 380 381 3205
11873 4 2 1 1 1209 586 4193 4403
11874 4 2 1 1 1274 3850 4352 4473
11875 4 2 1 1 43 805 806 4434
11876 4 2 1 1 277 3080 3073 3054
11877 4 2 1 1 2164 3885 2153 4500
11878 4 2 1 1 2083 2085 2086 4008
11879 4 2 1 1 3094 3074 286 3068
11880 4 2 1 1 3631 3767 3687 4442
11881 4 2 1 1 791 774 799 4303
11882 4 2 1 1 279 3101 278 295
11883 4 2 1 1 2136 2409 2135 4405
11884 4 2 1 1 1218 1241 1597 4352
11885 4 2 1 1 3873 4194 3192 4444
11886 4 2 1 1 447 3904 4141 4350
11887 4 2 1 1 3501 3624 3964 3965
11888 4 2 1 1 1688 925 927 4367
11889 4 2 1 1 359 3702 3593 4068
11890 4 2 1 1 2308 1861 1860 4215
11891 4 2 1 1 2185 1940 1942 4223
11892 4 2 1 1 184 2481 2493 1769
11893 4 2 1 1 319 2530 2529 2531
11894 4 2 1 1 3317 4123 3777 4328
11895 4 2 1 1 409 395 411 3250
11896 4 2 1 1 395 409 393 3223
11897 4 2 1 1 1148 1322 1323 3997
11898 4 2 1 1 1515 356 1513 3878
11899 4 2 1 1 117 3801 403 4268
11900 4 2 1 1 2524 110 3118 3986
11901 4 2 1 1 3566 3931 3631 4405
11902 4 2 1 1 844 849 4068 4198
11903 4 2 1 1 3887 4323 4049 4330
11904 4 2 1 1 61 63 2770 971
11905 4 2 1 1 3813 4228 3596 4381
11906 4 2 1 1 310 311 322 3124
11907 4 2 1 1 89 2731 38 4084
11908 4 2 1 1 3546 3859 3820 4211
11909 4 2 1 1 2216 2215 2214 4392
11910 4 2 1 1 117 3231 31 4268
11911 4 2 1 1 3049 3006 242 3030
11912 4 2 1 1 314 3644 3869 4246
11913 4 2 1 1 223 4054 3870 4317
11914 4 2 1 1 2993 239 227 3797
11915 4 2 1 1 349 338 3152 3151
11916 4 2 1 1 3151 338 3152 3138
11917 4 2 1 1 95 2815 2823 4363
11918 4 2 1 1 446 447 20 4350
11919 4 2 1 1 3628 3646 3873 3962
11920 4 2 1 1 265 250 266 3044
11921 4 2 1 1 265 249 250 3020
11922 4 2 1 1 269 268 253 3040
11923 4 2 1 1 3850 4108 3615 4493
11924 4 2 1 1 1053 1639 1068 4385
11925 4 2 1 1 3655 3864 3693 4354
11926 4 2 1 1 3299 428 3293 3277
11927 4 2 1 1 3582 3952 4354 4355
11928 4 2 1 1 1709 17 1710 4339
11929 4 2 1 1 935 919 934 3863
11930 4 2 1 1 4319 4320 3731 4380
11931 4 2 1 1 15 4447 4345 4448
11932 4 2 1 1 3258 3232 31 3231
11933 4 2 1 1 2145 4335 2160 4500
11934 4 2 1 1 208 2998 210 3887
11935 4 2 1 1 1161 4100 3992 4379
11936 4 2 1 1 2520 2012 2044 3987
11937 4 2 1 1 1010 4394 1014 4519
11938 4 2 1 1 1249 4518 4068 4520
11939 4 2 1 1 1702 33 3937 4474
11940 4 2 1 1 17 3333 18 4339
11941 4 2 1 1 261 208 3051 245
11942 4 2 1 1 261 208 245 3026
11943 4 2 1 1 2070 2075 2461 4442
11944 4 2 1 1 2956 2960 2959 4252
11945 4 2 1 1 2391 2479 2018 4401
11946 4 2 1 1 3135 3150 3141 3137
11947 4 2 1 1 440 439 3274 456
11948 4 2 1 1 2258 1781 3973 4395
11949 4 2 1 1 3034 4131 3040 4397
11950 4 2 1 1 134 3863 3975 4390
11951 4 2 1 1 3032 3009 3018 3008
11952 4 2 1 1 1034 3998 1382 4410
11953 4 2 1 1 3322 3324 3312 4328
11954 4 2 1 1 2315 2326 2327 4364
11955 4 2 1 1 3069 3058 3064 4158
11956 4 2 1 1 2359 2094 2357 4376
11957 4 2 1 1 26 3933 804 4264
11958 4 2 1 1 3555 3590 4056 4451
11959 4 2 1 1 2885 3543 4069 4420
11960 4 2 1 1 2322 3897 4169 4259
11961 4 2 1 1 2787 2805 2818 4363
11962 4 2 1 1 3529 3486 3881 4274
11963 4 2 1 1 207 3144 3145 212
11964 4 2 1 1 3099 3085 3080 4236
11965 4 2 1 1 2830 4121 4120 4380
11966 4 2 1 1 84 85 4285 4437
11967 4 2 1 1 17 3804 3342 4339
11968 4 2 1 1 204 3767 3610 3959
11969 4 2 1 1 395 3223 3655 4329
11970 4 2 1 1 313 323 3127 312
11971 4 2 1 1 3070 3953 3751 4054
11972 4 2 1 1 2261 2029 2196 4186
11973 4 2 1 1 1508 1510 355 4454
11974 4 2 1 1 2341 2211 2346 3847
11975 4 2 1 1 3060 3052 280 4404
11976 4 2 1 1 1958 1952 199 1973
11977 4 2 1 1 1211 3878 3688 4493
11978 4 2 1 1 3726 3871 4042 4404
11979 4 2 1 1 128 2757 40 4195
11980 4 2 1 1 3254 3227 3215 3226
11981 4 2 1 1 2876 3710 2902 4067
11982 4 2 1 1 3663 4052 3926 4236
11983 4 2 1 1 3953 3726 4054 4158
11984 4 2 1 1 2640 2616 2421 4476
11985 4 2 1 1 30 1708 1707 4327
11986 4 2 1 1 190 2981 189 3789
11987 4 2 1 1 2826 94 2818 4363
11988 4 2 1 1 838 4239 839 4482
11989 4 2 1 1 3589 3751 3726 4054
11990 4 2 1 1 3206 363 3204 3179
11991 4 2 1 1 3335 3337 3331 3311
11992 4 2 1 1 261 209 208 3050
11993 4 2 1 1 208 261 3051 209
11994 4 2 1 1 3515 3746 4107 4513
11995 4 2 1 1 3254 3215 3216 3242
11996 4 2 1 1 3216 3243 3254 3242
11997 4 2 1 1 1003 4046 1344 4394
11998 4 2 1 1 1775 1774 3609 3968
11999 4 2 1 1 3254 3242 3243 4446
12000 4 2 1 1 2524 2521 2678 3986
12001 4 2 1 1 3308 3337 3313 3311
12002 4 2 1 1 2217 3978 2563 4326
12003 4 2 1 1 135 1350 59 877
12004 4 2 1 1 3578 4190 4025 4313
12005 4 2 1 1 278 277 3101 3076
12006 4 2 1 1 118 2733 21 4421
12007 4 2 1 1 21 2733 23 4421
12008 4 2 1 1 3226 3229 4062 4509
12009 4 2 1 1 2753 125 117 4031
12010 4 2 1 1 1563 1215 1028 4351
12011 4 2 1 1 215 2963 214 3887
12012 4 2 1 1 360 3817 3593 4046
12013 4 2 1 1 1286 1287 3779 4127
12014 4 2 1 1 3054 3073 277 4317
12015 4 2 1 1 3045 3033 3042 4356
12016 4 2 1 1 2835 4319 4121 4380
12017 4 2 1 1 1108 1107 4100 4456
12018 4 2 1 1 1088 327 1091 1087
12019 4 2 1 1 236 2983 220 3941
12020 4 2 1 1 3824 4310 3657 4371
12021 4 2 1 1 877 1162 1210 4320
12022 4 2 1 1 2875 2886 2887 4420
12023 4 2 1 1 3321 3343 3335 3344
12024 4 2 1 1 223 3072 4054 4317
12025 4 2 1 1 3826 269 4131 4428
12026 4 2 1 1 256 271 3023 272
12027 4 2 1 1 271 256 3023 255
12028 4 2 1 1 2744 124 27 4162
12029 4 2 1 1 3157 3184 3191 3159
12030 4 2 1 1 3227 407 408 4355
12031 4 2 1 1 228 217 3001 3816
12032 4 2 1 1 1149 1145 1143 4349
12033 4 2 1 1 1111 4100 3825 4101
12034 4 2 1 1 1594 1688 927 4367
12035 4 2 1 1 3076 3103 3077 277
12036 4 2 1 1 3071 289 275 273
12037 4 2 1 1 275 289 3097 291
12038 4 2 1 1 20 3303 12 4141
12039 4 2 1 1 2860 3774 3661 4231
12040 4 2 1 1 2753 36 126 4031
12041 4 2 1 1 2095 2120 2178 3921
12042 4 2 1 1 25 4123 4403 4434
12043 4 2 1 1 3574 3715 3704 4131
12044 4 2 1 1 1023 1025 1024 4104
12045 4 2 1 1 481 482 3348 3866
12046 4 2 1 1 3223 4297 3655 4329
12047 4 2 1 1 1192 1347 1393 3950
12048 4 2 1 1 1506 1508 355 4454
12049 4 2 1 1 2114 2033 2507 4514
12050 4 2 1 1 3589 3727 3726 3953
12051 4 2 1 1 3726 4042 3870 4317
12052 4 2 1 1 3876 4275 3648 4409
12053 4 2 1 1 3731 4121 3659 4319
12054 4 2 1 1 370 387 386 3203
12055 4 2 1 1 370 371 387 3176
12056 4 2 1 1 384 3873 27 4162
12057 4 2 1 1 2930 2931 195 3927
12058 4 2 1 1 856 853 855 3842
12059 4 2 1 1 2068 4011 3624 4522
12060 4 2 1 1 1351 3725 1352 4296
12061 4 2 1 1 228 238 2988 3816
12062 4 2 1 1 64 62 2771 1270
12063 4 2 1 1 3992 3827 4360 4385
12064 4 2 1 1 2807 183 92 2817
12065 4 2 1 1 181 3664 2975 3847
12066 4 2 1 1 421 406 422 3256
12067 4 2 1 1 1112 4101 1116 4393
12068 4 2 1 1 3269 3298 3276 3275
12069 4 2 1 1 3300 442 426 456
12070 4 2 1 1 3278 426 440 456
12071 4 2 1 1 3173 3191 3201 3200
12072 4 2 1 1 3164 3201 3174 3173
12073 4 2 1 1 1231 878 1642 4334
12074 4 2 1 1 2236 2249 2248 4481
12075 4 2 1 1 1877 2658 1879 3880
12076 4 2 1 1 3296 4312 3811 4413
12077 4 2 1 1 430 16 446 431
12078 4 2 1 1 3540 3678 3505 3778
12079 4 2 1 1 3626 3984 3982 4361
12080 4 2 1 1 481 3340 480 465
12081 4 2 1 1 2326 1792 2470 4364
12082 4 2 1 1 1219 1220 1492 4346
12083 4 2 1 1 3258 419 418 3231
12084 4 2 1 1 478 463 3324 462
12085 4 2 1 1 2555 3148 2553 2552
12086 4 2 1 1 806 26 4123 4434
12087 4 2 1 1 3345 3322 3313 3321
12088 4 2 1 1 1349 1046 910 4389
12089 4 2 1 1 2054 3921 1777 4065
12090 4 2 1 1 1211 3878 1212 4029
12091 4 2 1 1 3348 481 3866 4045
12092 4 2 1 1 389 4060 4019 4262
12093 4 2 1 1 3300 456 3292 4413
12094 4 2 1 1 332 1120 1160 4393
12095 4 2 1 1 3106 4279 4178 4481
12096 4 2 1 1 394 424 408 3228
12097 4 2 1 1 1813 2468 2487 3968
12098 4 2 1 1 3497 3902 3901 4205
12099 4 2 1 1 13 3342 3319 3333
12100 4 2 1 1 1062 1499 1064 4415
12101 4 2 1 1 3226 3242 3254 3253
12102 4 2 1 1 3725 4295 4046 4430
12103 4 2 1 1 1807 3859 3706 3990
12104 4 2 1 1 4072 4453 3928 4489
12105 4 2 1 1 3624 3965 2068 4522
12106 4 2 1 1 591 2196 2605 4149
12107 4 2 1 1 1830 2486 2323 3968
12108 4 2 1 1 3248 3217 394 3221
12109 4 2 1 1 465 466 3317 4123
12110 4 2 1 1 62 60 2769 879
12111 4 2 1 1 4007 4392 3664 4461
12112 4 2 1 1 663 653 637 4378
12113 4 2 1 1 1398 4239 1028 4351
12114 4 2 1 1 351 3151 350 3964
12115 4 2 1 1 926 4366 3602 4367
12116 4 2 1 1 429 444 3293 445
12117 4 2 1 1 3128 3135 3137 3990
12118 4 2 1 1 3702 4425 3515 4482
12119 4 2 1 1 3820 3852 1785 4395
12120 4 2 1 1 3165 370 3176 4361
12121 4 2 1 1 2534 2532 2420 4476
12122 4 2 1 1 3765 3843 4453 4489
12123 4 2 1 1 3130 3143 345 3149
12124 4 2 1 1 2995 3642 3780 4118
12125 4 2 1 1 3227 408 4354 4355
12126 4 2 1 1 442 3888 4035 4414
12127 4 2 1 1 3611 4488 4328 4489
12128 4 2 1 1 2555 2581 2553 4172
12129 4 2 1 1 206 207 2958 4133
12130 4 2 1 1 361 3172 118 4443
12131 4 2 1 1 3726 3870 3756 4054
12132 4 2 1 1 3189 3181 3187 4503
12133 4 2 1 1 3731 4120 3963 4121
12134 4 2 1 1 3649 3857 3533 4238
12135 4 2 1 1 99 165 2812 2819
12136 4 2 1 1 199 1958 2125 1953
12137 4 2 1 1 2449 2447 3106 4279
12138 4 2 1 1 894 895 896 4519
12139 4 2 1 1 3498 3593 3515 3746
12140 4 2 1 1 2259 2258 3973 4395
12141 4 2 1 1 429 3293 446 445
12142 4 2 1 1 3656 4047 3712 4060
12143 4 2 1 1 3596 3902 3637 4381
12144 4 2 1 1 118 2739 121 4421
12145 4 2 1 1 16 3937 431 4345
12146 4 2 1 1 3101 278 295 294
12147 4 2 1 1 2808 100 166 2812
12148 4 2 1 1 3663 4052 3925 4387
12149 4 2 1 1 323 3104 311 312
12150 4 2 1 1 2892 4275 2898 4276
12151 4 2 1 1 897 4519 1589 4520
12152 4 2 1 1 234 2978 212 3959
12153 4 2 1 1 3615 4108 3850 4346
12154 4 2 1 1 3620 3804 3629 3866
12155 4 2 1 1 1486 1114 4101 4456
12156 4 2 1 1 3311 3320 3321 4488
12157 4 2 1 1 2212 2214 2215 4392
12158 4 2 1 1 444 429 3293 428
12159 4 2 1 1 1457 1454 1452 3787
12160 4 2 1 1 4072 4480 460 4489
12161 4 2 1 1 1039 1399 1040 4459
12162 4 2 1 1 910 908 1349 4389
12163 4 2 1 1 3330 3308 3311 3331
12164 4 2 1 1 253 3778 254 4386
12165 4 2 1 1 3087 3060 3058 3086
12166 4 2 1 1 3107 326 3117 3119
12167 4 2 1 1 250 3022 3020 4424
12168 4 2 1 1 1985 1981 1984 4514
12169 4 2 1 1 3308 3330 3311 3307
12170 4 2 1 1 2700 3885 2161 4113
12171 4 2 1 1 1182 4028 3881 4029
12172 4 2 1 1 1702 1703 33 4474
12173 4 2 1 1 3297 3298 441 4294
12174 4 2 1 1 3663 3925 3816 3980
12175 4 2 1 1 211 2999 209 4243
12176 4 2 1 1 443 428 444 3299
12177 4 2 1 1 459 460 4072 4477
12178 4 2 1 1 3096 274 3070 3063
12179 4 2 1 1 1646 4101 1114 4456
12180 4 2 1 1 218 3870 3067 3871
12181 4 2 1 1 480 3340 481 4327
12182 4 2 1 1 3293 4039 3904 4350
12183 4 2 1 1 3059 3073 3054 4317
12184 4 2 1 1 330 3997 3724 4349
12185 4 2 1 1 2155 2159 2686 4500
12186 4 2 1 1 1830 2323 2614 3968
12187 4 2 1 1 3187 3202 3189 4503
12188 4 2 1 1 1194 4102 3960 4425
12189 4 2 1 1 327 3649 4127 4479
12190 4 2 1 1 3712 4060 4047 4262
12191 4 2 1 1 3706 3990 3135 4036
12192 4 2 1 1 3224 396 3222 4297
12193 4 2 1 1 3063 3096 290 3089
12194 4 2 1 1 2524 2523 2521 3986
12195 4 2 1 1 2751 2750 2748 4329
12196 4 2 1 1 86 3257 420 3743
12197 4 2 1 1 37 115 2732 4141
12198 4 2 1 1 1614 4249 3907 4261
12199 4 2 1 1 22 3207 27 4162
12200 4 2 1 1 120 3204 22 4162
12201 4 2 1 1 31 2753 117 4268
12202 4 2 1 1 3330 3335 3311 3334
12203 4 2 1 1 1220 1217 1682 4346
12204 4 2 1 1 10 3349 17 4045
12205 4 2 1 1 3497 3973 3609 4252
12206 4 2 1 1 3107 305 3106 4481
12207 4 2 1 1 2875 2885 2886 4420
12208 4 2 1 1 300 3585 192 3709
12209 4 2 1 1 3034 3041 3035 4397
12210 4 2 1 1 1707 1706 81 4372
12211 4 2 1 1 204 2997 203 3959
12212 4 2 1 1 3196 3192 386 4444
12213 4 2 1 1 2446 4178 2450 4179
12214 4 2 1 1 328 3857 3649 4017
12215 4 2 1 1 3110 3109 313 3122
12216 4 2 1 1 3702 3593 4068 4239
12217 4 2 1 1 3029 243 3030 259
12218 4 2 1 1 2549 2084 2079 4407
12219 4 2 1 1 3493 3867 3615 4108
12220 4 2 1 1 1516 1517 356 1515
12221 4 2 1 1 3273 438 33 4474
12222 4 2 1 1 3621 4061 4000 4375
12223 4 2 1 1 2356 2358 3805 4376
12224 4 2 1 1 415 3237 399 3443
12225 4 2 1 1 3317 480 465 464
12226 4 2 1 1 1932 3973 4205 4395
12227 4 2 1 1 3203 3192 4194 4444
12228 4 2 1 1 837 839 1366 4482
12229 4 2 1 1 3571 4123 3933 4434
12230 4 2 1 1 410 4199 3868 4245
12231 4 2 1 1 4168 4297 3693 4354
12232 4 2 1 1 3035 3028 3034 4397
12233 4 2 1 1 3569 4167 3734 4180
12234 4 2 1 1 919 934 3863 3975
12235 4 2 1 1 3688 3881 3486 4274
12236 4 2 1 1 326 3105 3107 3117
12237 4 2 1 1 3933 3735 4280 4429
12238 4 2 1 1 3601 4491 3822 4495
12239 4 2 1 1 3242 3210 3237 3236
12240 4 2 1 1 1241 1598 1597 4352
12241 4 2 1 1 3620 4339 4045 4372
12242 4 2 1 1 2331 4008 3682 4426
12243 4 2 1 1 1121 1119 1117 4393
12244 4 2 1 1 1561 1321 1148 3997
12245 4 2 1 1 2595 2594 1972 4335
12246 4 2 1 1 180 4007 3604 4246
12247 4 2 1 1 3486 3657 3529 3819
12248 4 2 1 1 216 223 3000 3870
12249 4 2 1 1 445 3911 4160 4499
12250 4 2 1 1 1700 52 1699 4447
12251 4 2 1 1 3076 3103 277 3101
12252 4 2 1 1 3735 3777 3611 4187
12253 4 2 1 1 3498 3746 3515 4513
12254 4 2 1 1 278 279 295 3055
12255 4 2 1 1 3047 271 3023 3042
12256 4 2 1 1 218 216 3000 3870
12257 4 2 1 1 3219 4268 3801 4509
12258 4 2 1 1 40 3259 32 4195
12259 4 2 1 1 32 3258 119 4195
12260 4 2 1 1 326 325 3117 4004
12261 4 2 1 1 3827 3992 3521 4385
12262 4 2 1 1 288 3953 3063 4158
12263 4 2 1 1 447 446 3293 4350
12264 4 2 1 1 3589 3726 3751 3953
12265 4 2 1 1 3629 3866 3804 4126
12266 4 2 1 1 3218 3208 3219 4509
12267 4 2 1 1 2821 2801 165 2811
12268 4 2 1 1 3308 469 3330 3307
12269 4 2 1 1 480 481 30 4327
12270 4 2 1 1 3146 3145 3143 4200
12271 4 2 1 1 2494 3901 2574 4205
12272 4 2 1 1 856 855 358 3842
12273 4 2 1 1 3089 4052 3095 4387
12274 4 2 1 1 1617 1615 1071 4249
12275 4 2 1 1 3169 3896 3892 4361
12276 4 2 1 1 2469 1787 2258 4395
12277 4 2 1 1 3516 3727 3689 3837
12278 4 2 1 1 2968 222 223 3870
12279 4 2 1 1 202 201 2996 4133
12280 4 2 1 1 3979 4147 3723 4423
12281 4 2 1 1 3907 4359 3812 4360
12282 4 2 1 1 38 34 589 4340
12283 4 2 1 1 38 589 591 4340
12284 4 2 1 1 3118 3985 3986 4018
12285 4 2 1 1 1492 3673 4296 4346
12286 4 2 1 1 201 207 2996 4133
12287 4 2 1 1 3127 3126 321 4333
12288 4 2 1 1 3638 3811 4217 4511
12289 4 2 1 1 2493 2702 184 1769
12290 4 2 1 1 2823 2818 94 4363
12291 4 2 1 1 3604 4246 3513 4276
12292 4 2 1 1 3716 4088 3826 4164
12293 4 2 1 1 3582 4062 3952 4355
12294 4 2 1 1 3501 3964 3959 3965
12295 4 2 1 1 189 2953 190 3789
12296 4 2 1 1 3515 4107 3821 4513
12297 4 2 1 1 3210 3236 416 3237
12298 4 2 1 1 3825 4100 1113 4379
12299 4 2 1 1 3200 3201 388 4299
12300 4 2 1 1 95 2823 94 4363
12301 4 2 1 1 178 2883 2882 4055
12302 4 2 1 1 3901 4223 1942 4382
12303 4 2 1 1 1285 3779 3647 4347
12304 4 2 1 1 2159 2675 2685 4500
12305 4 2 1 1 900 853 856 3842
12306 4 2 1 1 3231 117 403 4268
12307 4 2 1 1 275 3097 3071 3098
12308 4 2 1 1 4072 3928 4480 4489
12309 4 2 1 1 3615 3688 4274 4493
12310 4 2 1 1 2065 2356 3805 4169
12311 4 2 1 1 408 4199 3864 4342
12312 4 2 1 1 2995 3930 3642 4118
12313 4 2 1 1 3074 3094 286 3100
12314 4 2 1 1 3029 3032 3033 4356
12315 4 2 1 1 2563 3978 2431 4326
12316 4 2 1 1 3633 3693 3582 3801
12317 4 2 1 1 3578 4313 4025 4374
12318 4 2 1 1 122 2737 23 4421
12319 4 2 1 1 294 277 293 3101
12320 4 2 1 1 1174 4041 4027 4185
12321 4 2 1 1 1044 1299 1283 4347
12322 4 2 1 1 2891 2898 2900 4276
12323 4 2 1 1 3596 4381 4228 4382
12324 4 2 1 1 39 2755 3772 3810
12325 4 2 1 1 3626 3896 3984 4361
12326 4 2 1 1 1940 1941 1942 4223
12327 4 2 1 1 199 1952 1948 4514
12328 4 2 1 1 2554 3148 2552 2553
12329 4 2 1 1 3227 3254 407 3226
12330 4 2 1 1 3933 4123 26 4434
12331 4 2 1 1 3628 4299 4019 4503
12332 4 2 1 1 1566 3883 1540 4473
12333 4 2 1 1 228 292 3103 4236
12334 4 2 1 1 3110 3111 3109 3122
12335 4 2 1 1 479 463 464 3317
12336 4 2 1 1 203 2997 212 3964
12337 4 2 1 1 849 4198 886 4520
12338 4 2 1 1 3304 454 37 4511
12339 4 2 1 1 3321 3345 477 3344
12340 4 2 1 1 3161 118 3172 4443
12341 4 2 1 1 806 805 807 4434
12342 4 2 1 1 1960 3930 1962 4335
12343 4 2 1 1 358 1199 3960 4074
12344 4 2 1 1 2241 2017 2260 4020
12345 4 2 1 1 3620 4025 4339 4372
12346 4 2 1 1 3094 286 3064 3068
12347 4 2 1 1 225 224 324 3127
12348 4 2 1 1 470 3330 3306 486
12349 4 2 1 1 3515 4425 4107 4482
12350 4 2 1 1 3586 4019 3910 4060
12351 4 2 1 1 3788 3731 4320 4380
12352 4 2 1 1 1107 4359 4100 4456
12353 4 2 1 1 361 118 4421 4443
12354 4 2 1 1 4239 4351 1576 4482
12355 4 2 1 1 464 3317 463 4123
12356 4 2 1 1 3543 3794 3609 4223
12357 4 2 1 1 3112 3107 3111 3123
12358 4 2 1 1 452 3263 3286 436
12359 4 2 1 1 3804 3866 3620 4045
12360 4 2 1 1 4027 4185 3657 4310
12361 4 2 1 1 3095 3084 3082 4387
12362 4 2 1 1 3304 37 4141 4511
12363 4 2 1 1 3059 3085 3096 3083
12364 4 2 1 1 3811 4141 37 4511
12365 4 2 1 1 2695 2155 2686 4500
12366 4 2 1 1 3589 3727 3953 4451
12367 4 2 1 1 3746 3983 3498 4103
12368 4 2 1 1 2434 2433 2432 4326
12369 4 2 1 1 3345 4235 3336 4471
12370 4 2 1 1 3638 4217 3904 4511
12371 4 2 1 1 3778 3898 3540 4386
12372 4 2 1 1 4153 4356 3031 4397
12373 4 2 1 1 1705 17 80 4045
12374 4 2 1 1 919 915 934 3975
12375 4 2 1 1 3285 3263 3294 3444
12376 4 2 1 1 4204 4205 3497 4395
12377 4 2 1 1 1042 1039 1040 4459
12378 4 2 1 1 241 215 208 4323
12379 4 2 1 1 1231 1596 878 4334
12380 4 2 1 1 2128 4381 3901 4382
12381 4 2 1 1 431 16 3282 4075
12382 4 2 1 1 2934 187 2933 4083
12383 4 2 1 1 292 3099 293 4236
12384 4 2 1 1 3744 4032 3658 4188
12385 4 2 1 1 3705 3781 3492 4004
12386 4 2 1 1 1975 1976 1977 4514
12387 4 2 1 1 3099 3080 3085 3073
12388 4 2 1 1 3521 3667 3812 3827
12389 4 2 1 1 3512 3944 3861 3945
12390 4 2 1 1 3107 3123 3119 3117
12391 4 2 1 1 209 3051 211 4243
12392 4 2 1 1 267 3017 3041 3046
12393 4 2 1 1 3594 4341 4141 4350
12394 4 2 1 1 1620 4017 3857 4249
12395 4 2 1 1 3952 4062 3582 4509
12396 4 2 1 1 1621 3802 1625 4479
12397 4 2 1 1 428 3299 3293 444
12398 4 2 1 1 3226 3254 407 3253
12399 4 2 1 1 3992 4360 1104 4385
12400 4 2 1 1 357 1533 1550 4473
12401 4 2 1 1 363 3206 3204 379
12402 4 2 1 1 3706 3859 3546 4211
12403 4 2 1 1 3822 4444 385 4495
12404 4 2 1 1 840 3702 4068 4239
12405 4 2 1 1 3787 3802 1467 4017
12406 4 2 1 1 228 3103 217 3816
12407 4 2 1 1 3540 3728 3678 4053
12408 4 2 1 1 1222 3850 1274 3883
12409 4 2 1 1 3582 3801 3693 3952
12410 4 2 1 1 3073 3080 3059 3054
12411 4 2 1 1 3310 3311 3320 3334
12412 4 2 1 1 3677 3778 3540 4386
12413 4 2 1 1 1186 1618 1585 4454
12414 4 2 1 1 3723 3979 3654 4147
12415 4 2 1 1 329 332 3812 4359
12416 4 2 1 1 3620 4045 3866 4327
12417 4 2 1 1 1014 4394 1344 4518
12418 4 2 1 1 3845 3960 3529 4102
12419 4 2 1 1 2595 1972 2676 4335
12420 4 2 1 1 1984 1981 2705 4514
12421 4 2 1 1 3126 225 3125 4333
12422 4 2 1 1 446 430 431 3271
12423 4 2 1 1 3547 3649 3533 4238
12424 4 2 1 1 2662 2422 4099 4113
12425 4 2 1 1 1140 3903 1156 4349
12426 4 2 1 1 3024 3047 272 3023
12427 4 2 1 1 1563 4351 1028 4430
12428 4 2 1 1 3347 3336 3340 4471
12429 4 2 1 1 2753 4031 117 4268
12430 4 2 1 1 21 3177 118 4421
12431 4 2 1 1 3169 3192 386 3196
12432 4 2 1 1 23 3180 21 4421
12433 4 2 1 1 3009 3018 3008 4386
12434 4 2 1 1 3497 4133 3973 4252
12435 4 2 1 1 1217 1220 1219 4346
12436 4 2 1 1 331 3835 1130 4383
12437 4 2 1 1 295 294 278 3055
12438 4 2 1 1 3058 3052 3060 4404
12439 4 2 1 1 2163 2699 2700 3885
12440 4 2 1 1 416 3210 3237 3443
12441 4 2 1 1 4368 4421 3771 4443
12442 4 2 1 1 2902 2876 2901 3710
12443 4 2 1 1 3077 276 223 4317
12444 4 2 1 1 224 3113 231 3944
12445 4 2 1 1 472 3319 3316 4429
12446 4 2 1 1 180 3604 2900 4246
12447 4 2 1 1 3943 3978 3769 4392
12448 4 2 1 1 2708 2361 3965 4376
12449 4 2 1 1 3194 3175 374 3167
12450 4 2 1 1 392 4263 3197 4286
12451 4 2 1 1 1029 4394 1562 4452
12452 4 2 1 1 460 3343 3320 3321
12453 4 2 1 1 2534 2616 2640 4476
12454 4 2 1 1 288 3095 3069 3063
12455 4 2 1 1 2608 3990 2609 4498
12456 4 2 1 1 3056 3058 3069 4158
12457 4 2 1 1 2727 90 2728 4341
12458 4 2 1 1 3516 3727 3837 4265
12459 4 2 1 1 3234 396 36 4297
12460 4 2 1 1 3308 3332 3337 3331
12461 4 2 1 1 2075 2107 2461 4442
12462 4 2 1 1 3107 3111 3117 3105
12463 4 2 1 1 195 194 2930 3927
12464 4 2 1 1 3203 3165 370 3176
12465 4 2 1 1 3815 4056 3953 4478
12466 4 2 1 1 2018 2520 2395 4401
12467 4 2 1 1 3553 3632 3837 4406
12468 4 2 1 1 2946 2948 196 3503
12469 4 2 1 1 458 3346 3338 3323
12470 4 2 1 1 1112 1118 4101 4393
12471 4 2 1 1 262 246 3013 3028
12472 4 2 1 1 3010 3031 3007 3033
12473 4 2 1 1 3037 3015 3014 3013
12474 4 2 1 1 368 23 3896 4421
12475 4 2 1 1 3502 4069 3543 4420
12476 4 2 1 1 2334 113 182 2207
12477 4 2 1 1 3082 3084 3078 4387
12478 4 2 1 1 17 4045 3804 4339
12479 4 2 1 1 294 3055 3081 3054
12480 4 2 1 1 3006 3036 3032 3030
12481 4 2 1 1 2480 2127 2128 4382
12482 4 2 1 1 2418 4476 4099 4516
12483 4 2 1 1 2802 2787 2818 4363
12484 4 2 1 1 3056 3058 4158 4404
12485 4 2 1 1 34 439 3279 4474
12486 4 2 1 1 26 465 464 4123
12487 4 2 1 1 2326 2470 2327 4364
12488 4 2 1 1 3175 3202 389 3162
12489 4 2 1 1 472 3326 13 4264
12490 4 2 1 1 3570 3963 3731 4120
12491 4 2 1 1 3127 313 312 3115
12492 4 2 1 1 3320 460 3321 4488
12493 4 2 1 1 482 481 3340 3866
12494 4 2 1 1 3586 4019 4060 4262
12495 4 2 1 1 3693 4168 4031 4297
12496 4 2 1 1 3103 277 3101 293
12497 4 2 1 1 203 3153 204 3959
12498 4 2 1 1 1201 358 1651 1205
12499 4 2 1 1 391 3194 3167 3197
12500 4 2 1 1 2029 2261 1869 4186
12501 4 2 1 1 1562 4394 1030 4452
12502 4 2 1 1 280 297 281 3102
12503 4 2 1 1 1786 3852 2467 4215
12504 4 2 1 1 3286 435 3290 451
12505 4 2 1 1 2885 170 2886 4069
12506 4 2 1 1 2698 2699 2158 3885
12507 4 2 1 1 383 366 3207 367
12508 4 2 1 1 3286 436 3263 3264
12509 4 2 1 1 2949 2924 2950 3764
12510 4 2 1 1 2362 2069 2361 4522
12511 4 2 1 1 3864 4354 408 4355
12512 4 2 1 1 2534 2640 2617 4476
12513 4 2 1 1 3039 3043 211 4243
12514 4 2 1 1 3188 3191 3184 3159
12515 4 2 1 1 485 486 470 3350
12516 4 2 1 1 20 4341 2728 4350
12517 4 2 1 1 327 1087 1088 4479
12518 4 2 1 1 227 324 3740 4333
12519 4 2 1 1 3203 386 3192 4444
12520 4 2 1 1 1553 4127 1086 4479
12521 4 2 1 1 3034 4356 4131 4397
12522 4 2 1 1 3740 3797 227 4333
12523 4 2 1 1 1213 3883 3878 4493
12524 4 2 1 1 3069 3063 3082 3056
12525 4 2 1 1 3611 4072 4488 4489
12526 4 2 1 1 398 415 399 3233
12527 4 2 1 1 415 398 414 3233
12528 4 2 1 1 286 3100 3094 302
12529 4 2 1 1 3267 3299 443 3289
12530 4 2 1 1 380 363 3206 3179
12531 4 2 1 1 235 2999 211 3941
12532 4 2 1 1 3293 429 446 3271
12533 4 2 1 1 210 2998 213 3887
12534 4 2 1 1 3009 4323 4049 4386
12535 4 2 1 1 1229 4518 1589 4519
12536 4 2 1 1 3598 3973 3852 4252
12537 4 2 1 1 3269 3266 3288 3275
12538 4 2 1 1 297 3086 3060 3079
12539 4 2 1 1 3189 389 3202 3162
12540 4 2 1 1 2948 196 3503 3575
12541 4 2 1 1 2634 4118 3885 4500
12542 4 2 1 1 3130 3149 3136 3134
12543 4 2 1 1 321 309 3118 320
12544 4 2 1 1 418 402 403 3246
12545 4 2 1 1 360 4394 1385 4519
12546 4 2 1 1 3079 3060 3087 3086
12547 4 2 1 1 3073 276 277 4317
12548 4 2 1 1 458 3323 3338 3315
12549 4 2 1 1 421 3256 3245 3218
12550 4 2 1 1 3090 3069 287 3095
12551 4 2 1 1 1561 1145 1149 4349
12552 4 2 1 1 3137 3141 3135 3128
12553 4 2 1 1 262 246 247 3013
12554 4 2 1 1 3935 4131 3704 4397
12555 4 2 1 1 3104 323 311 3116
12556 4 2 1 1 3090 3094 302 3064
12557 4 2 1 1 2698 2158 2696 3885
12558 4 2 1 1 3589 3953 3751 4451
12559 4 2 1 1 467 483 484 3325
12560 4 2 1 1 3088 3053 3087 3079
12561 4 2 1 1 3234 36 4031 4297
12562 4 2 1 1 172 2961 173 3728
12563 4 2 1 1 3135 3706 3137 3990
12564 4 2 1 1 3271 429 428 3293
12565 4 2 1 1 3096 3057 3059 3083
12566 4 2 1 1 327 3802 3649 4479
12567 4 2 1 1 3498 3983 3746 4513
12568 4 2 1 1 2430 2428 2429 3978
12569 4 2 1 1 224 226 313 3945
12570 4 2 1 1 243 260 3029 244
12571 4 2 1 1 460 4072 4477 4480
12572 4 2 1 1 3085 3059 3080 3083
12573 4 2 1 1 3529 3881 3819 4041
12574 4 2 1 1 3552 4245 4189 4398
12575 4 2 1 1 464 465 3317 4123
12576 4 2 1 1 3241 3235 3214 3236
12577 4 2 1 1 216 3077 223 3870
12578 4 2 1 1 2288 2286 2287 4169
12579 4 2 1 1 3498 3983 3468 4104
12580 4 2 1 1 3117 3119 326 4321
12581 4 2 1 1 447 3293 448 4350
12582 4 2 1 1 3055 3081 3082 3052
12583 4 2 1 1 2957 169 2956 4252
12584 4 2 1 1 3706 3859 3128 3990
12585 4 2 1 1 3026 208 241 3050
12586 4 2 1 1 240 3780 232 4333
12587 4 2 1 1 1141 1157 330 3903
12588 4 2 1 1 2327 2314 2315 4364
12589 4 2 1 1 1186 1585 1505 4454
12590 4 2 1 1 2608 3135 3990 4498
12591 4 2 1 1 3052 3082 3084 3078
12592 4 2 1 1 3052 3081 295 3055
12593 4 2 1 1 3201 372 3174 3173
12594 4 2 1 1 3201 388 3173 3200
12595 4 2 1 1 117 4031 3801 4268
12596 4 2 1 1 3298 425 3276 3275
12597 4 2 1 1 1518 1519 356 1517
12598 4 2 1 1 1699 1701 1700 4447
12599 4 2 1 1 3034 3010 3040 3033
12600 4 2 1 1 3317 480 479 3340
12601 4 2 1 1 3123 3111 3109 3117
12602 4 2 1 1 3049 3025 3006 3036
12603 4 2 1 1 324 224 313 3127
12604 4 2 1 1 202 3140 201 4133
12605 4 2 1 1 3328 3866 3340 4471
12606 4 2 1 1 2524 2577 2523 3986
12607 4 2 1 1 327 3649 3779 4127
12608 4 2 1 1 237 3001 219 3816
12609 4 2 1 1 3857 4249 3667 4415
12610 4 2 1 1 356 1522 1523 1521
12611 4 2 1 1 217 299 3102 3075
12612 4 2 1 1 3301 3296 455 4312
12613 4 2 1 1 469 484 3327 468
12614 4 2 1 1 1706 1707 1708 4372
12615 4 2 1 1 4141 4341 20 4350
12616 4 2 1 1 166 101 2809 4132
12617 4 2 1 1 2948 197 196 3575
12618 4 2 1 1 3023 4053 3677 4386
12619 4 2 1 1 3069 3090 287 3064
12620 4 2 1 1 275 3097 3098 291
12621 4 2 1 1 3023 256 3024 4053
12622 4 2 1 1 209 220 257 4464
12623 4 2 1 1 3034 3035 3004 3028
12624 4 2 1 1 3101 279 278 3076
12625 4 2 1 1 1183 4029 1185 4454
12626 4 2 1 1 2658 3880 1877 4322
12627 4 2 1 1 3866 4045 481 4327
12628 4 2 1 1 3009 3032 3018 3033
12629 4 2 1 1 3143 3134 3149 3130
12630 4 2 1 1 331 3724 3602 4366
12631 4 2 1 1 2282 2286 2283 4169
12632 4 2 1 1 3006 3049 3036 3030
12633 4 2 1 1 457 3314 14 4280
12634 4 2 1 1 1505 1506 1504 4454
12635 4 2 1 1 3113 3125 225 3445
12636 4 2 1 1 3052 296 3060 280
12637 4 2 1 1 3157 3184 381 3190
12638 4 2 1 1 2153 3885 2154 4500
12639 4 2 1 1 260 243 3029 259
12640 4 2 1 1 2160 2465 4118 4335
12641 4 2 1 1 362 378 363 3204
12642 4 2 1 1 3349 3804 17 4045
12643 4 2 1 1 324 313 3121 3122
12644 4 2 1 1 1274 3883 3850 4473
12645 4 2 1 1 3032 4356 3029 4464
12646 4 2 1 1 3081 3082 3052 3078
12647 4 2 1 1 3765 3843 3612 4453
12648 4 2 1 1 3104 311 3112 3116
12649 4 2 1 1 3590 3684 3558 4056
12650 4 2 1 1 3081 3080 294 3054
12651 4 2 1 1 1533 1535 1550 4473
12652 4 2 1 1 3702 3842 358 4074
12653 4 2 1 1 3596 3901 3902 4381
12654 4 2 1 1 3215 3254 3216 3227
12655 4 2 1 1 178 2882 177 4055
12656 4 2 1 1 3216 3228 3217 4354
12657 4 2 1 1 2742 4285 85 4286
12658 4 2 1 1 485 3330 470 486
12659 4 2 1 1 469 3330 470 485
12660 4 2 1 1 1007 4295 1005 4452
12661 4 2 1 1 3052 295 296 279
12662 4 2 1 1 3814 3837 3727 4265
12663 4 2 1 1 20 2732 116 4141
12664 4 2 1 1 170 3502 2886 4069
12665 4 2 1 1 226 3109 313 3945
12666 4 2 1 1 1489 4351 3746 4482
12667 4 2 1 1 3689 3727 3516 4451
12668 4 2 1 1 3812 3827 3667 3907
12669 4 2 1 1 1741 166 2909 3884
12670 4 2 1 1 2413 2173 2189 4036
12671 4 2 1 1 1780 1773 1775 3968
12672 4 2 1 1 3726 4042 4158 4404
12673 4 2 1 1 256 272 3023 3024
12674 4 2 1 1 3081 3052 295 3078
12675 4 2 1 1 3185 369 3169 3160
12676 4 2 1 1 3318 3314 3333 473
12677 4 2 1 1 3655 3693 3633 4329
12678 4 2 1 1 119 127 2760 4195
12679 4 2 1 1 3698 3626 3896 4368
12680 4 2 1 1 3590 3751 3684 4056
12681 4 2 1 1 2257 2433 2434 4326
12682 4 2 1 1 3704 4131 3715 4153
12683 4 2 1 1 15 1700 16 4345
12684 4 2 1 1 211 3051 264 4243
12685 4 2 1 1 3582 4354 3864 4355
12686 4 2 1 1 2097 2559 2407 4381
12687 4 2 1 1 3015 263 247 3037
12688 4 2 1 1 1510 3878 355 4454
12689 4 2 1 1 2715 4099 2420 4476
12690 4 2 1 1 3677 3540 3778 4053
12691 4 2 1 1 13 4280 3319 4429
12692 4 2 1 1 40 2760 128 4195
12693 4 2 1 1 3096 290 274 3063
12694 4 2 1 1 3310 3320 3323 3334
12695 4 2 1 1 366 383 3207 382
12696 4 2 1 1 2960 2956 168 4252
12697 4 2 1 1 3798 3815 303 4478
12698 4 2 1 1 3060 3079 3087 3053
12699 4 2 1 1 1976 1978 1977 4514
12700 4 2 1 1 3338 474 458 3341
12701 4 2 1 1 123 120 2740 4162
12702 4 2 1 1 1003 4046 4394 4452
12703 4 2 1 1 1507 1508 1506 4454
12704 4 2 1 1 3780 3885 2634 4118
12705 4 2 1 1 13 3933 4280 4429
12706 4 2 1 1 1212 4029 3878 4454
12707 4 2 1 1 1028 4351 4239 4430
12708 4 2 1 1 281 3079 3060 3053
12709 4 2 1 1 182 2427 113 2334
12710 4 2 1 1 1773 1774 3968 4396
12711 4 2 1 1 3159 3184 3188 3183
12712 4 2 1 1 4068 4198 849 4520
12713 4 2 1 1 2465 1962 4118 4335
12714 4 2 1 1 173 2905 172 3728
12715 4 2 1 1 3610 3767 204 3805
12716 4 2 1 1 3014 3044 3039 3038
12717 4 2 1 1 196 3503 3575 3899
12718 4 2 1 1 3029 3005 3007 3009
12719 4 2 1 1 3992 4100 3521 4379
12720 4 2 1 1 4453 4480 3928 4489
12721 4 2 1 1 3044 3043 265 3020
12722 4 2 1 1 3804 4045 3620 4339
12723 4 2 1 1 1356 1354 1357 4296
12724 4 2 1 1 1520 356 1519 1521
12725 4 2 1 1 311 310 3112 3124
12726 4 2 1 1 47 3161 376 4443
12727 4 2 1 1 3746 4239 3702 4482
12728 4 2 1 1 3845 4107 3515 4425
12729 4 2 1 1 3218 3214 3208 4509
12730 4 2 1 1 2560 2559 2097 4381
12731 4 2 1 1 341 1854 1855 1856
12732 4 2 1 1 482 483 3325 3348
12733 4 2 1 1 323 312 3110 3104
12734 4 2 1 1 1321 1322 1148 3997
12735 4 2 1 1 997 4046 4430 4518
12736 4 2 1 1 1044 1285 1291 4347
12737 4 2 1 1 3256 3214 3226 3241
12738 4 2 1 1 4065 4166 3650 4405
12739 4 2 1 1 2056 1777 3921 4065
12740 4 2 1 1 2940 2946 2947 3932
12741 4 2 1 1 2602 2718 2115 4514
12742 4 2 1 1 3698 3771 3626 4368
12743 4 2 1 1 3497 4204 3902 4205
12744 4 2 1 1 30 1708 4327 4372
12745 4 2 1 1 2740 27 124 4162
12746 4 2 1 1 2481 1762 184 3921
12747 4 2 1 1 3340 3866 481 4327
12748 4 2 1 1 3314 13 3319 3333
12749 4 2 1 1 379 363 378 3204
12750 4 2 1 1 3143 3146 3147 3134
12751 4 2 1 1 214 2998 215 3887
12752 4 2 1 1 1784 3852 2646 4364
12753 4 2 1 1 2823 2815 2802 4363
12754 4 2 1 1 353 2365 2360 4376
12755 4 2 1 1 2300 2468 3598 3968
12756 4 2 1 1 220 2999 236 3941
12757 4 2 1 1 3521 3812 3992 4360
12758 4 2 1 1 3521 3992 3827 4360
12759 4 2 1 1 3580 4043 3695 4428
12760 4 2 1 1 3688 4029 3881 4274
12761 4 2 1 1 1370 890 898 4198
12762 4 2 1 1 3237 3211 3243 3238
12763 4 2 1 1 36 35 2748 4329
12764 4 2 1 1 3031 260 244 3029
12765 4 2 1 1 3039 264 211 3015
12766 4 2 1 1 3769 3847 3664 4392
12767 4 2 1 1 3825 4101 332 4393
12768 4 2 1 1 3774 4231 2860 4363
12769 4 2 1 1 2095 2055 2054 3921
12770 4 2 1 1 3105 326 3107 315
12771 4 2 1 1 1012 1362 1361 4452
12772 4 2 1 1 2534 2420 2616 4476
12773 4 2 1 1 13 3326 9 4264
12774 4 2 1 1 36 3213 35 4329
12775 4 2 1 1 196 3503 3899 4004
12776 4 2 1 1 241 258 242 3026
12777 4 2 1 1 428 3271 3293 3277
12778 4 2 1 1 3058 3087 3090 3061
12779 4 2 1 1 3000 221 218 3870
12780 4 2 1 1 3726 4158 3871 4404
12781 4 2 1 1 2445 2405 2444 4179
12782 4 2 1 1 3780 4099 2619 4113
12783 4 2 1 1 3269 3290 3289 3291
12784 4 2 1 1 3335 3331 3330 3311
12785 4 2 1 1 2448 4178 2447 4279
12786 4 2 1 1 2511 1880 2459 4426
12787 4 2 1 1 3164 3189 3191 3190
12788 4 2 1 1 3057 3059 3083 3054
12789 4 2 1 1 1852 167 2324 2186
12790 4 2 1 1 1915 1917 167 1770
12791 4 2 1 1 3117 326 4004 4321
12792 4 2 1 1 3123 3119 3117 4321
12793 4 2 1 1 2614 1773 1830 3968
12794 4 2 1 1 355 4029 4028 4416
12795 4 2 1 1 3028 3013 3035 3004
12796 4 2 1 1 3960 4102 3845 4425
12797 4 2 1 1 1283 1285 1044 4347
12798 4 2 1 1 3082 3058 3069 3056
12799 4 2 1 1 3263 436 453 437
12800 4 2 1 1 3693 3582 3952 4354
12801 4 2 1 1 3058 3069 3090 3084
12802 4 2 1 1 3177 3204 363 3179
12803 4 2 1 1 3521 3827 3812 4360
12804 4 2 1 1 3555 4056 3689 4451
12805 4 2 1 1 13 9 804 4264
12806 4 2 1 1 3751 3953 3726 4054
12807 4 2 1 1 1705 79 30 4045
12808 4 2 1 1 3715 4153 4131 4356
12809 4 2 1 1 1975 1977 2507 4514
12810 4 2 1 1 3185 385 28 3822
12811 4 2 1 1 411 3240 39 3772
12812 4 2 1 1 3081 3055 3057 3054
12813 4 2 1 1 215 3887 2998 4323
12814 4 2 1 1 331 3602 3835 4366
12815 4 2 1 1 3837 4406 3727 4478
12816 4 2 1 1 241 209 3050 208
12817 4 2 1 1 2423 4113 4099 4476
12818 4 2 1 1 3228 3243 3254 3216
12819 4 2 1 1 3223 3250 409 3248
12820 4 2 1 1 3695 4044 3580 4428
12821 4 2 1 1 3666 4035 3718 4467
12822 4 2 1 1 3196 369 3169 3185
12823 4 2 1 1 3333 3341 3318 473
12824 4 2 1 1 341 1853 1795 3820
12825 4 2 1 1 34 3279 33 4474
12826 4 2 1 1 3242 4061 4375 4446
12827 4 2 1 1 2925 2955 4005 4234
12828 4 2 1 1 224 231 3002 3944
12829 4 2 1 1 1117 1228 1121 4393
12830 4 2 1 1 3063 3070 3096 3057
12831 4 2 1 1 3109 3121 3123 3117
12832 4 2 1 1 3230 48 404 3766
12833 4 2 1 1 233 2997 204 3959
12834 4 2 1 1 3032 3036 3006 3008
12835 4 2 1 1 3058 3082 3069 3084
12836 4 2 1 1 484 468 467 3325
12837 4 2 1 1 2882 2880 175 4265
12838 4 2 1 1 3224 36 396 4297
12839 4 2 1 1 2486 1830 2487 3968
12840 4 2 1 1 3001 238 228 3816
12841 4 2 1 1 478 3345 3347 4471
12842 4 2 1 1 1985 2340 1981 4514
12843 4 2 1 1 1153 1135 331 4383
12844 4 2 1 1 3892 3896 3626 4361
12845 4 2 1 1 298 297 281 3079
12846 4 2 1 1 3346 458 3338 474
12847 4 2 1 1 2727 2728 2729 4341
12848 4 2 1 1 167 1770 2324 2186
12849 4 2 1 1 3013 3028 3035 3037
12850 4 2 1 1 2217 3943 3978 4326
12851 4 2 1 1 3036 3018 3023 3012
12852 4 2 1 1 3086 3052 296 3060
12853 4 2 1 1 81 4313 29 4372
12854 4 2 1 1 892 4519 897 4520
12855 4 2 1 1 3577 3724 3647 3997
12856 4 2 1 1 449 433 3280 434
12857 4 2 1 1 308 2440 2436 4326
12858 4 2 1 1 419 418 403 3246
12859 4 2 1 1 2069 2363 2366 4522
12860 4 2 1 1 380 363 379 3206
12861 4 2 1 1 26 3933 465 4123
12862 4 2 1 1 249 265 3019 3020
12863 4 2 1 1 243 260 244 3026
12864 4 2 1 1 1598 4352 1572 4473
12865 4 2 1 1 3014 3037 3013 3035
12866 4 2 1 1 2178 2179 2095 3921
12867 4 2 1 1 412 396 397 3222
12868 4 2 1 1 3087 3058 3090 3084
12869 4 2 1 1 3009 3016 3010 3033
12870 4 2 1 1 3269 3288 3286 3291
12871 4 2 1 1 3018 3045 270 3021
12872 4 2 1 1 191 3789 3716 4088
12873 4 2 1 1 241 258 3026 3050
12874 4 2 1 1 3201 3189 3191 3164
12875 4 2 1 1 20 2728 19 4350
12876 4 2 1 1 3298 3269 3289 3291
12877 4 2 1 1 2659 2658 1877 4322
12878 4 2 1 1 121 2733 118 4421
12879 4 2 1 1 1813 1780 2714 3968
12880 4 2 1 1 3023 3024 3677 4053
12881 4 2 1 1 3847 4184 2212 4392
12882 4 2 1 1 3643 3788 3731 4320
12883 4 2 1 1 309 2445 2442 4179
12884 4 2 1 1 2361 2707 3965 4522
12885 4 2 1 1 3798 4406 3632 4478
12886 4 2 1 1 3191 3184 3157 3190
12887 4 2 1 1 3175 389 373 3162
12888 4 2 1 1 3775 4016 3668 4477
12889 4 2 1 1 3640 3887 3677 4049
12890 4 2 1 1 3043 3019 265 3020
12891 4 2 1 1 3094 286 302 3064
12892 4 2 1 1 3286 3269 3290 3264
12893 4 2 1 1 3878 3883 356 4493
12894 4 2 1 1 1663 3835 1128 4383
12895 4 2 1 1 3062 3088 3066 3065
12896 4 2 1 1 3655 4297 3693 4329
12897 4 2 1 1 3647 3779 1288 3997
12898 4 2 1 1 1148 1561 3997 4349
12899 4 2 1 1 1456 1454 1457 3787
12900 4 2 1 1 311 322 323 3441
12901 4 2 1 1 2553 2581 2380 4172
12902 4 2 1 1 3058 3052 3086 3060
12903 4 2 1 1 472 13 3319 4429
12904 4 2 1 1 280 296 297 3102
12905 4 2 1 1 3498 3468 3983 4513
12906 4 2 1 1 3054 277 294 278
12907 4 2 1 1 3538 3815 3558 4015
12908 4 2 1 1 3866 4126 3629 4235
12909 4 2 1 1 259 242 243 3030
12910 4 2 1 1 241 257 3048 3049
12911 4 2 1 1 341 1850 2110 1799
12912 4 2 1 1 3031 3034 3004 3028
12913 4 2 1 1 3173 3191 3159 3164
12914 4 2 1 1 3052 3086 296 3078
12915 4 2 1 1 230 3002 231 3944
12916 4 2 1 1 3546 3859 3706 4289
12917 4 2 1 1 3073 292 276 3072
12918 4 2 1 1 3783 3784 4515 4516
12919 4 2 1 1 1504 4416 1186 4454
12920 4 2 1 1 2471 2316 2308 4364
12921 4 2 1 1 228 3103 3816 4236
12922 4 2 1 1 3669 3843 3775 4480
12923 4 2 1 1 451 435 450 3302
12924 4 2 1 1 247 3013 3015 3037
12925 4 2 1 1 3010 3034 3031 3033
12926 4 2 1 1 23 2733 122 4421
12927 4 2 1 1 3014 3039 3037 3038
12928 4 2 1 1 3294 3263 3272 3444
12929 4 2 1 1 3337 3313 3345 3336
12930 4 2 1 1 3191 3164 3157 3159
12931 4 2 1 1 351 350 3624 3964
12932 4 2 1 1 3624 3796 3141 4011
12933 4 2 1 1 1468 328 1464 1629
12934 4 2 1 1 2646 3852 1786 4364
12935 4 2 1 1 2079 2084 2083 4407
12936 4 2 1 1 283 217 216 3075
12937 4 2 1 1 3735 4264 4187 4429
12938 4 2 1 1 3687 3767 3610 3851
12939 4 2 1 1 260 243 259 3026
12940 4 2 1 1 3060 3087 3058 3061
12941 4 2 1 1 203 212 347 3964
12942 4 2 1 1 3090 287 303 3095
12943 4 2 1 1 4045 4327 3620 4372
12944 4 2 1 1 3725 4046 3593 4430
12945 4 2 1 1 3647 3779 3547 4347
12946 4 2 1 1 3207 366 382 3178
12947 4 2 1 1 3052 3084 3086 3078
12948 4 2 1 1 430 446 429 3271
12949 4 2 1 1 4062 4353 3999 4423
12950 4 2 1 1 3083 3080 3081 3054
12951 4 2 1 1 3615 3493 4108 4346
12952 4 2 1 1 3999 4226 3584 4342
12953 4 2 1 1 2346 3847 2212 4392
12954 4 2 1 1 3626 3984 3896 4368
12955 4 2 1 1 224 3944 226 3945
12956 4 2 1 1 34 33 1703 4474
12957 4 2 1 1 3229 3214 3218 4509
12958 4 2 1 1 192 3709 3585 4358
12959 4 2 1 1 262 247 263 3037
12960 4 2 1 1 3263 452 3286 3285
12961 4 2 1 1 4103 4351 1001 4430
12962 4 2 1 1 470 487 471 3326
12963 4 2 1 1 1916 2702 184 2493
12964 4 2 1 1 327 4127 1694 4479
12965 4 2 1 1 243 3029 3030 3005
12966 4 2 1 1 1423 1424 1425 4416
12967 4 2 1 1 3029 3007 3031 3033
12968 4 2 1 1 3143 3146 3134 3133
12969 4 2 1 1 3887 4049 3640 4330
12970 4 2 1 1 3702 4068 3842 4074
12971 4 2 1 1 243 3006 3005 3030
12972 4 2 1 1 2565 3885 3780 4113
12973 4 2 1 1 3329 3306 3330 486
12974 4 2 1 1 43 806 25 4434
12975 4 2 1 1 94 4231 1718 4363
12976 4 2 1 1 359 3702 358 4274
12977 4 2 1 1 436 452 3263 453
12978 4 2 1 1 3668 4016 3776 4477
12979 4 2 1 1 3609 3901 3543 4223
12980 4 2 1 1 3590 3751 4056 4451
12981 4 2 1 1 418 402 3246 3235
12982 4 2 1 1 3294 437 3263 453
12983 4 2 1 1 1754 2186 167 4396
12984 4 2 1 1 322 311 3116 3124
12985 4 2 1 1 3057 3055 3081 3082
12986 4 2 1 1 857 358 3842 4074
12987 4 2 1 1 3515 4107 3746 4482
12988 4 2 1 1 470 3330 3307 3306
12989 4 2 1 1 3029 3009 3032 3005
12990 4 2 1 1 3091 3053 3088 3079
12991 4 2 1 1 30 1707 29 4327
12992 4 2 1 1 322 311 323 3116
12993 4 2 1 1 3015 3039 3014 3020
12994 4 2 1 1 3826 4131 3935 4428
12995 4 2 1 1 30 4327 4045 4372
12996 4 2 1 1 3684 3722 3557 4015
12997 4 2 1 1 1797 341 1795 3859
12998 4 2 1 1 483 484 3332 467
12999 4 2 1 1 3626 3771 3984 4368
13000 4 2 1 1 3174 373 389 3162
13001 4 2 1 1 3008 3032 3036 3018
13002 4 2 1 1 223 222 3000 3870
13003 4 2 1 1 3633 4297 4031 4329
13004 4 2 1 1 3018 3009 3021 4386
13005 4 2 1 1 2882 175 176 4265
13006 4 2 1 1 3308 484 3332 3331
13007 4 2 1 1 356 355 3878 4274
13008 4 2 1 1 443 3276 427 3267
13009 4 2 1 1 188 3681 3789 4012
13010 4 2 1 1 3237 3210 399 3443
13011 4 2 1 1 2597 3852 3820 4215
13012 4 2 1 1 3280 3303 433 449
13013 4 2 1 1 3098 3071 275 3072
13014 4 2 1 1 33 3301 37 3295
13015 4 2 1 1 3257 117 3247 119
13016 4 2 1 1 1826 3774 96 4363
13017 4 2 1 1 3034 3017 3040 3010
13018 4 2 1 1 13 4264 3933 4429
13019 4 2 1 1 3784 3985 3783 4515
13020 4 2 1 1 2471 2314 2327 4364
13021 4 2 1 1 331 1130 1153 4383
13022 4 2 1 1 3254 423 407 3253
13023 4 2 1 1 3122 3111 3109 3123
13024 4 2 1 1 3735 3777 4187 4264
13025 4 2 1 1 2705 1981 1978 4514
13026 4 2 1 1 3071 3096 289 3070
13027 4 2 1 1 3771 4368 3698 4421
13028 4 2 1 1 3798 3815 3538 4015
13029 4 2 1 1 3041 3017 3035 3046
13030 4 2 1 1 3084 3087 3058 3086
13031 4 2 1 1 1458 1456 1457 3787
13032 4 2 1 1 3715 3941 3704 4153
13033 4 2 1 1 3082 3063 3057 3056
13034 4 2 1 1 272 191 3716 4088
13035 4 2 1 1 3022 3014 3020 4424
13036 4 2 1 1 3098 292 228 4236
13037 4 2 1 1 3779 3997 327 4127
13038 4 2 1 1 2342 3847 2455 4514
13039 4 2 1 1 3170 376 392 3161
13040 4 2 1 1 2644 2498 2497 3784
13041 4 2 1 1 3555 3558 3815 4056
13042 4 2 1 1 4068 4430 4046 4518
13043 4 2 1 1 13 809 14 4280
13044 4 2 1 1 2069 2362 2663 4522
13045 4 2 1 1 196 4004 3899 4517
13046 4 2 1 1 369 3160 24 3892
13047 4 2 1 1 435 3286 3290 3264
13048 4 2 1 1 2069 2663 2363 4522
13049 4 2 1 1 268 3017 3040 3041
13050 4 2 1 1 3117 3109 3108 3105
13051 4 2 1 1 205 202 2996 4133
13052 4 2 1 1 337 338 349 3129
13053 4 2 1 1 393 3248 3223 409
13054 4 2 1 1 3345 3336 3347 4471
13055 4 2 1 1 3047 3024 272 3048
13056 4 2 1 1 3009 3021 3016 3033
13057 4 2 1 1 212 2997 234 3959
13058 4 2 1 1 2370 2377 2364 4011
13059 4 2 1 1 2824 4231 2826 4363
13060 4 2 1 1 3092 3088 3091 3065
13061 4 2 1 1 4000 4061 3621 4446
13062 4 2 1 1 3816 3663 3926 4236
13063 4 2 1 1 4295 4296 360 4452
13064 4 2 1 1 166 2909 3884 4132
13065 4 2 1 1 367 366 3207 3180
13066 4 2 1 1 30 481 4045 4327
13067 4 2 1 1 3102 281 280 3075
13068 4 2 1 1 385 369 3196 3185
13069 4 2 1 1 473 3318 3314 457
13070 4 2 1 1 3080 3059 3085 3073
13071 4 2 1 1 2802 2818 2823 4363
13072 4 2 1 1 3055 295 294 3081
13073 4 2 1 1 3248 393 3223 3221
13074 4 2 1 1 2997 3959 212 3964
13075 4 2 1 1 1183 4416 4029 4454
13076 4 2 1 1 337 347 3133 348
13077 4 2 1 1 3004 3013 246 3028
13078 4 2 1 1 1013 4518 1229 4519
13079 4 2 1 1 3825 3521 4100 4379
13080 4 2 1 1 1344 4394 4046 4518
13081 4 2 1 1 3628 3962 3873 4194
13082 4 2 1 1 3104 3122 323 3116
13083 4 2 1 1 3007 3031 3010 3004
13084 4 2 1 1 166 2809 2808 2795
13085 4 2 1 1 4342 4353 3999 4355
13086 4 2 1 1 224 3115 3126 3114
13087 4 2 1 1 3245 3208 3214 3235
13088 4 2 1 1 1460 1458 1457 3787
13089 4 2 1 1 255 256 3023 4053
13090 4 2 1 1 3088 3053 3062 3087
13091 4 2 1 1 2287 2286 2282 4169
13092 4 2 1 1 363 380 364 3179
13093 4 2 1 1 3035 3017 3034 3011
13094 4 2 1 1 479 464 480 3317
13095 4 2 1 1 281 297 280 3060
13096 4 2 1 1 223 276 3072 4317
13097 4 2 1 1 3071 3085 3096 3059
13098 4 2 1 1 165 2798 2819 2811
13099 4 2 1 1 3812 4359 3992 4360
13100 4 2 1 1 29 1707 81 4372
13101 4 2 1 1 1700 15 52 4447
13102 4 2 1 1 3210 3237 399 3211
13103 4 2 1 1 199 1958 1973 1974
13104 4 2 1 1 3825 4100 3812 4101
13105 4 2 1 1 169 168 2956 4252
13106 4 2 1 1 3570 4119 3963 4120
13107 4 2 1 1 3204 363 362 3177
13108 4 2 1 1 417 400 3232 401
13109 4 2 1 1 3028 3013 262 3037
13110 4 2 1 1 3034 3010 3011 3017
13111 4 2 1 1 3071 3096 3097 289
13112 4 2 1 1 3046 266 250 3044
13113 4 2 1 1 1813 2714 3598 3968
13114 4 2 1 1 3114 307 3113 3944
13115 4 2 1 1 2361 4376 2503 4522
13116 4 2 1 1 3061 3087 3062 3053
13117 4 2 1 1 3201 388 372 3173
13118 4 2 1 1 81 1817 29 4313
13119 4 2 1 1 3533 4238 3857 4415
13120 4 2 1 1 1003 4295 4046 4452
13121 4 2 1 1 3033 3009 3021 3018
13122 4 2 1 1 3077 223 3870 4317
13123 4 2 1 1 402 417 3231 401
13124 4 2 1 1 1222 3850 3883 4493
13125 4 2 1 1 2449 2538 2544 4279
13126 4 2 1 1 1775 3968 3609 3973
13127 4 2 1 1 3178 3205 382 3207
13128 4 2 1 1 3079 282 298 3091
13129 4 2 1 1 316 3118 110 3986
13130 4 2 1 1 357 1572 4352 4473
13131 4 2 1 1 354 3959 3153 3965
13132 4 2 1 1 323 313 3127 324
13133 4 2 1 1 3241 3242 3226 3253
13134 4 2 1 1 1813 2487 1780 3968
13135 4 2 1 1 323 312 313 3110
13136 4 2 1 1 225 227 3003 4333
13137 4 2 1 1 3492 4004 3781 4321
13138 4 2 1 1 1853 341 1855 4215
13139 4 2 1 1 402 418 417 3235
13140 4 2 1 1 3240 411 395 3250
13141 4 2 1 1 3151 201 3140 3138
13142 4 2 1 1 3038 3035 3014 3046
13143 4 2 1 1 3953 4056 3751 4451
13144 4 2 1 1 2207 113 182 4184
13145 4 2 1 1 1703 51 34 3956
13146 4 2 1 1 3030 3032 3005 3029
13147 4 2 1 1 279 280 296 3052
13148 4 2 1 1 3057 3096 3059 3070
13149 4 2 1 1 3006 3032 3005 3030
13150 4 2 1 1 436 452 3281 435
13151 4 2 1 1 381 3178 3205 382
13152 4 2 1 1 2795 166 2809 2804
13153 4 2 1 1 1813 3598 2468 3968
13154 4 2 1 1 3843 4480 4453 4489
13155 4 2 1 1 3104 3123 3122 3116
13156 4 2 1 1 242 258 241 3049
13157 4 2 1 1 3073 276 293 277
13158 4 2 1 1 348 337 349 3129
13159 4 2 1 1 3063 3095 3082 3089
13160 4 2 1 1 3604 4007 3995 4246
13161 4 2 1 1 2925 2927 2955 4234
13162 4 2 1 1 314 3869 3108 4246
13163 4 2 1 1 3226 422 3256 3253
13164 4 2 1 1 3148 3135 3150 3141
13165 4 2 1 1 3036 3012 3006 3008
13166 4 2 1 1 447 4141 20 4350
13167 4 2 1 1 417 402 3231 418
13168 4 2 1 1 3301 33 37 38
13169 4 2 1 1 119 117 86 3257
13170 4 2 1 1 1598 1597 4352 4473
13171 4 2 1 1 167 1916 2688 1915
13172 4 2 1 1 360 4046 3725 4295
13173 4 2 1 1 1152 1656 1659 3835
13174 4 2 1 1 3019 3039 211 3015
13175 4 2 1 1 17 18 1710 4339
13176 4 2 1 1 3817 4068 4046 4518
13177 4 2 1 1 3195 3167 3197 3168
13178 4 2 1 1 3677 4049 3887 4323
13179 4 2 1 1 3102 3101 217 3076
13180 4 2 1 1 3111 3109 3117 3105
13181 4 2 1 1 3009 3010 3007 3033
13182 4 2 1 1 3498 3725 3593 4103
13183 4 2 1 1 3121 313 3109 3122
13184 4 2 1 1 3108 3869 4007 4246
13185 4 2 1 1 3034 3035 3011 3004
13186 4 2 1 1 167 2688 1917 1915
13187 4 2 1 1 2331 1880 2511 4426
13188 4 2 1 1 3698 4368 3896 4421
13189 4 2 1 1 247 262 3013 3037
13190 4 2 1 1 19 2728 90 4341
13191 4 2 1 1 34 1703 3956 4474
13192 4 2 1 1 3812 3825 3521 4100
13193 4 2 1 1 38 2731 37 4312
13194 4 2 1 1 3308 468 484 469
13195 4 2 1 1 3325 483 484 3348
13196 4 2 1 1 1770 1917 167 2324
13197 4 2 1 1 3134 3142 3137 3129
13198 4 2 1 1 18 473 3906 4339
13199 4 2 1 1 3689 3837 3727 4478
13200 4 2 1 1 3125 3113 225 3126
13201 4 2 1 1 3901 4381 3596 4382
13202 4 2 1 1 401 417 400 3209
13203 4 2 1 1 4035 4414 3718 4467
13204 4 2 1 1 199 1958 2042 2125
13205 4 2 1 1 224 3127 3126 3115
13206 4 2 1 1 200 2825 2806 2827
13207 4 2 1 1 3039 3014 3037 3015
13208 4 2 1 1 3164 3190 3157 3163
13209 4 2 1 1 1510 1512 355 3878
13210 4 2 1 1 3269 3290 3264 3268
13211 4 2 1 1 3045 3018 270 3042
13212 4 2 1 1 3342 3319 3333 3318
13213 4 2 1 1 3011 3010 3034 3004
13214 4 2 1 1 248 264 263 3015
13215 4 2 1 1 3095 3063 3082 3069
13216 4 2 1 1 3746 3593 4239 4351
13217 4 2 1 1 3008 3036 3012 3018
13218 4 2 1 1 248 263 247 3015
13219 4 2 1 1 3823 3940 3888 4035
13220 4 2 1 1 3103 216 3076 3077
13221 4 2 1 1 3133 337 348 3129
13222 4 2 1 1 2370 2666 2377 4011
13223 4 2 1 1 3109 3121 3122 3123
13224 4 2 1 1 4131 4153 3704 4397
13225 4 2 1 1 3960 4026 3529 4102
13226 4 2 1 1 3702 4074 3960 4425
13227 4 2 1 1 92 2817 183 4231
13228 4 2 1 1 1611 3724 3903 4366
13229 4 2 1 1 3158 3162 3154 3187
13230 4 2 1 1 3207 366 3178 3180
13231 4 2 1 1 3025 242 241 3049
13232 4 2 1 1 292 3073 293 3099
13233 4 2 1 1 3040 3010 3016 3033
13234 4 2 1 1 18 3333 473 4339
13235 4 2 1 1 2196 2016 2195 3894
13236 4 2 1 1 3152 3139 201 3138
13237 4 2 1 1 3216 3254 3228 3227
13238 4 2 1 1 3052 3058 3082 3056
13239 4 2 1 1 3014 3037 3035 3038
13240 4 2 1 1 3008 3005 3032 3009
13241 4 2 1 1 2801 2798 165 2811
13242 4 2 1 1 3659 4319 4121 4373
13243 4 2 1 1 453 3285 3263 3294
13244 4 2 1 1 3219 3235 402 3208
13245 4 2 1 1 207 206 2996 4133
13246 4 2 1 1 3206 3204 21 3179
13247 4 2 1 1 2056 2055 2057 3921
13248 4 2 1 1 3091 3079 282 3053
13249 4 2 1 1 3271 448 3262 432
13250 4 2 1 1 1156 3903 3724 4349
13251 4 2 1 1 2825 200 2793 2814
13252 4 2 1 1 3320 3343 3346 3334
13253 4 2 1 1 4121 4319 3731 4380
13254 4 2 1 1 3061 3060 3087 3053
13255 4 2 1 1 1513 1514 1512 3878
13256 4 2 1 1 2160 4335 4118 4500
13257 4 2 1 1 3973 3497 4205 4395
13258 4 2 1 1 2718 2602 2342 4514
13259 4 2 1 1 325 3120 3117 4517
13260 4 2 1 1 3084 3058 3082 3052
13261 4 2 1 1 2748 2750 36 4329
13262 4 2 1 1 1512 1514 355 3878
13263 4 2 1 1 3085 3098 3097 3926
13264 4 2 1 1 2115 2114 2602 4514
13265 4 2 1 1 3195 3155 3167 3168
13266 4 2 1 1 472 4264 13 4429
13267 4 2 1 1 1962 3930 4118 4335
13268 4 2 1 1 1877 1875 2659 4322
13269 4 2 1 1 1352 3725 4295 4296
13270 4 2 1 1 3241 3214 3235 3245
13271 4 2 1 1 3330 469 470 3307
13272 4 2 1 1 3133 3145 3143 3146
13273 4 2 1 1 321 310 322 3124
13274 4 2 1 1 3151 3964 351 3965
13275 4 2 1 1 3604 4246 3995 4282
13276 4 2 1 1 3771 4421 3698 4443
13277 4 2 1 1 3102 281 298 297
13278 4 2 1 1 25 806 26 4123
13279 4 2 1 1 3122 3104 323 3110
13280 4 2 1 1 3256 3241 3226 3253
13281 4 2 1 1 402 403 3246 3219
13282 4 2 1 1 254 270 3021 3018
13283 4 2 1 1 3217 3211 3243 3216
13284 4 2 1 1 382 366 383 3183
13285 4 2 1 1 3812 3521 3992 4100
13286 4 2 1 1 3079 282 281 298
13287 4 2 1 1 3823 4035 3888 4414
13288 4 2 1 1 3140 203 3151 3153
13289 4 2 1 1 3075 217 3076 3102
13290 4 2 1 1 3677 4053 3778 4386
13291 4 2 1 1 1660 1152 1659 3835
13292 4 2 1 1 3113 3114 224 3126
13293 4 2 1 1 3817 4519 890 4520
13294 4 2 1 1 3012 3006 3025 3036
13295 4 2 1 1 3144 3130 335 3131
13296 4 2 1 1 450 3283 449 434
13297 4 2 1 1 359 3817 890 4520
13298 4 2 1 1 3213 36 3224 4329
13299 4 2 1 1 3154 379 363 3182
13300 4 2 1 1 1589 4519 4518 4520
13301 4 2 1 1 3287 3289 3261 3283
13302 4 2 1 1 448 431 432 3271
13303 4 2 1 1 3256 406 3226 3229
13304 4 2 1 1 3045 3033 3021 3018
13305 4 2 1 1 2992 3797 2993 4517
13306 4 2 1 1 200 2924 2908 4132
13307 4 2 1 1 29 4313 4327 4372
13308 4 2 1 1 3726 3871 3870 4042
13309 4 2 1 1 113 2203 2491 4184
13310 4 2 1 1 3005 244 243 3029
13311 4 2 1 1 192 2928 2930 4358
13312 4 2 1 1 2750 4031 36 4329
13313 4 2 1 1 413 414 3234 3259
13314 4 2 1 1 3033 3032 3018 3042
13315 4 2 1 1 3869 3512 4007 4246
13316 4 2 1 1 3122 3110 3111 3104
13317 4 2 1 1 431 3937 16 4075
13318 4 2 1 1 3228 3254 3255 424
13319 4 2 1 1 2960 168 3968 4252
13320 4 2 1 1 3151 3152 201 3138
13321 4 2 1 1 3134 3146 3142 3129
13322 4 2 1 1 1780 1830 1773 3968
13323 4 2 1 1 227 225 324 4333
13324 4 2 1 1 3013 3014 3035 3011
13325 4 2 1 1 3131 3596 335 4069
13326 4 2 1 1 470 486 3306 487
13327 4 2 1 1 3140 341 3138 4211
13328 4 2 1 1 465 3933 26 4264
13329 4 2 1 1 3052 3082 3055 3056
13330 4 2 1 1 3812 4100 3992 4359
13331 4 2 1 1 412 396 3222 3224
13332 4 2 1 1 211 3941 2999 4243
13333 4 2 1 1 3608 4099 3780 4333
13334 4 2 1 1 242 259 258 3030
13335 4 2 1 1 2696 2158 2155 3885
13336 4 2 1 1 2813 2793 200 2814
13337 4 2 1 1 277 3080 294 293
13338 4 2 1 1 3835 4366 1151 4383
13339 4 2 1 1 209 241 3050 257
13340 4 2 1 1 3070 289 3071 273
13341 4 2 1 1 3011 3035 3013 3004
13342 4 2 1 1 3547 3916 3480 3949
13343 4 2 1 1 3642 4118 3930 4335
13344 4 2 1 1 2123 199 2042 2125
13345 4 2 1 1 217 3103 3076 3101
13346 4 2 1 1 3155 378 363 362
13347 4 2 1 1 2435 2438 307 4326
13348 4 2 1 1 3139 337 338 3152
13349 4 2 1 1 190 2943 191 3789
13350 4 2 1 1 295 3052 296 3078
13351 4 2 1 1 347 337 3133 336
13352 4 2 1 1 296 280 297 3060
13353 4 2 1 1 192 2930 193 4358
13354 4 2 1 1 3072 3059 3071 4054
13355 4 2 1 1 3198 384 368 3166
13356 4 2 1 1 1468 1629 1631 3802
13357 4 2 1 1 244 3005 3007 3029
13358 4 2 1 1 3802 4017 3649 4479
13359 4 2 1 1 3142 348 349 3129
13360 4 2 1 1 2665 4011 2366 4522
13361 4 2 1 1 1830 1780 2487 3968
13362 4 2 1 1 3609 3968 1774 4396
13363 4 2 1 1 435 3264 3290 3268
13364 4 2 1 1 3480 3547 3949 4347
13365 4 2 1 1 225 224 3113 3445
13366 4 2 1 1 3019 3039 3015 3020
13367 4 2 1 1 3053 3065 3088 3062
13368 4 2 1 1 447 3303 20 4141
13369 4 2 1 1 3069 3095 3090 3084
13370 4 2 1 1 359 890 4198 4520
13371 4 2 1 1 3040 253 269 3045
13372 4 2 1 1 1515 1514 356 1516
13373 4 2 1 1 479 3317 3340 3347
13374 4 2 1 1 3085 3098 3926 4236
13375 4 2 1 1 348 3142 3146 3129
13376 4 2 1 1 435 450 3290 451
13377 4 2 1 1 3120 227 3121 4517
13378 4 2 1 1 4049 4323 3677 4386
13379 4 2 1 1 3941 4153 3715 4464
13380 4 2 1 1 3529 4027 4026 4041
13381 4 2 1 1 192 193 3721 4358
13382 4 2 1 1 3014 3038 3046 3044
13383 4 2 1 1 3306 487 3339 471
13384 4 2 1 1 415 399 3233 3260
13385 4 2 1 1 3258 418 417 3231
13386 4 2 1 1 3669 3928 4453 4480
13387 4 2 1 1 1700 4345 15 4447
13388 4 2 1 1 3285 3263 452 453
13389 4 2 1 1 3249 3222 3223 3224
13390 4 2 1 1 3868 4199 3741 4245
13391 4 2 1 1 2524 2394 2577 3986
13392 4 2 1 1 3320 3346 3323 3334
13393 4 2 1 1 3102 299 298 3075
13394 4 2 1 1 2114 2507 1983 4514
13395 4 2 1 1 3725 3593 4103 4430
13396 4 2 1 1 452 435 3286 451
13397 4 2 1 1 3300 3288 3275 3297
13398 4 2 1 1 3032 3006 3005 3008
13399 4 2 1 1 2341 1982 2340 4514
13400 4 2 1 1 299 282 298 3075
13401 4 2 1 1 282 3079 281 3053
13402 4 2 1 1 3243 3228 3254 3255
13403 4 2 1 1 2540 305 114 2539
13404 4 2 1 1 363 378 3182 379
13405 4 2 1 1 3090 3069 3058 3064
13406 4 2 1 1 453 436 3281 437
13407 4 2 1 1 3066 3100 301 3092
13408 4 2 1 1 3602 4366 3724 4367
13409 4 2 1 1 3198 3166 3169 3193
13410 4 2 1 1 3275 442 3300 3297
13411 4 2 1 1 1425 1424 1426 4416
13412 4 2 1 1 1977 1978 1979 4514
13413 4 2 1 1 3031 3034 3010 3004
13414 4 2 1 1 3513 4246 3604 4282
13415 4 2 1 1 3306 470 487 471
13416 4 2 1 1 2812 166 2808 2799
13417 4 2 1 1 3515 3746 3702 4482
13418 4 2 1 1 415 414 398 3238
13419 4 2 1 1 3726 3870 4054 4317
13420 4 2 1 1 3080 277 294 3054
13421 4 2 1 1 3214 3256 3226 3229
13422 4 2 1 1 259 242 3026 243
13423 4 2 1 1 3067 3091 283 3065
13424 4 2 1 1 360 4295 3725 4296
13425 4 2 1 1 3006 243 242 3030
13426 4 2 1 1 1978 1981 1979 4514
13427 4 2 1 1 387 3173 3200 3203
13428 4 2 1 1 3131 3879 3596 4069
13429 4 2 1 1 3252 3246 3219 3245
13430 4 2 1 1 2794 2817 183 2816
13431 4 2 1 1 3129 3142 3137 3128
13432 4 2 1 1 3186 85 392 4286
13433 4 2 1 1 3095 3069 3082 3084
13434 4 2 1 1 3339 3306 3315 3329
13435 4 2 1 1 3963 4109 3607 4388
13436 4 2 1 1 3193 383 384 3166
13437 4 2 1 1 3036 3047 3023 3042
13438 4 2 1 1 3319 3342 3316 3318
13439 4 2 1 1 3166 3198 3169 3171
13440 4 2 1 1 174 2895 173 3728
13441 4 2 1 1 2441 309 2437 2442
13442 4 2 1 1 2889 167 168 4396
13443 4 2 1 1 4068 4239 3593 4430
13444 4 2 1 1 1762 184 3921 4065
13445 4 2 1 1 320 4333 4099 4516
13446 4 2 1 1 2800 2812 165 2819
13447 4 2 1 1 2885 2889 169 4069
13448 4 2 1 1 3952 4168 3693 4354
13449 4 2 1 1 3182 3154 3181 3187
13450 4 2 1 1 4153 4243 3704 4397
13451 4 2 1 1 184 2178 1916 2493
13452 4 2 1 1 199 1958 1974 2042
13453 4 2 1 1 3154 380 3163 364
13454 4 2 1 1 3158 3182 3194 3187
13455 4 2 1 1 3010 3017 3040 3016
13456 4 2 1 1 3134 3130 3143 3133
13457 4 2 1 1 3104 3112 3123 3116
13458 4 2 1 1 2992 2993 227 4517
13459 4 2 1 1 36 4297 3224 4329
13460 4 2 1 1 435 452 3286 436
13461 4 2 1 1 3724 3903 330 4349
13462 4 2 1 1 3190 3164 3157 3191
13463 4 2 1 1 3062 3087 3094 3088
13464 4 2 1 1 478 3324 3322 462
13465 4 2 1 1 3286 3269 3291 3290
13466 4 2 1 1 259 260 3026 3050
13467 4 2 1 1 3154 3182 3158 3187
13468 4 2 1 1 3127 224 3126 225
13469 4 2 1 1 192 3721 3709 4358
13470 4 2 1 1 4026 4027 3529 4102
13471 4 2 1 1 1513 356 1514 3878
13472 4 2 1 1 3879 4069 3131 4252
13473 4 2 1 1 3182 3155 3154 3158
13474 4 2 1 1 3596 4228 3502 4382
13475 4 2 1 1 1780 3968 1775 3973
13476 4 2 1 1 3693 4297 3633 4329
13477 4 2 1 1 3669 4453 3843 4480
13478 4 2 1 1 4000 4375 4061 4446
13479 4 2 1 1 299 217 283 3075
13480 4 2 1 1 3087 3062 3094 3061
13481 4 2 1 1 2777 2792 200 2796
13482 4 2 1 1 3091 283 299 3093
13483 4 2 1 1 10 30 481 4045
13484 4 2 1 1 3203 3173 3159 3176
13485 4 2 1 1 309 3114 310 3944
13486 4 2 1 1 3086 296 297 3060
13487 4 2 1 1 170 335 3502 4069
13488 4 2 1 1 341 3820 1795 3859
13489 4 2 1 1 3145 336 347 3133
13490 4 2 1 1 3323 3310 3334 3315
13491 4 2 1 1 3072 3059 4054 4317
13492 4 2 1 1 3150 3134 3147 3142
13493 4 2 1 1 3061 3090 3058 3064
13494 4 2 1 1 184 2937 185 4065
13495 4 2 1 1 3053 3091 3088 3065
13496 4 2 1 1 3272 438 437 3294
13497 4 2 1 1 354 3767 3959 3965
13498 4 2 1 1 430 15 16 4345
13499 4 2 1 1 2507 1977 1983 4514
13500 4 2 1 1 3057 3055 3082 3056
13501 4 2 1 1 313 3122 323 3110
13502 4 2 1 1 436 453 3281 452
13503 4 2 1 1 3746 4103 3498 4351
13504 4 2 1 1 3300 3278 426 3275
13505 4 2 1 1 2370 2680 2693 4011
13506 4 2 1 1 3090 3087 3094 3061
13507 4 2 1 1 36 39 35 3213
13508 4 2 1 1 28 23 24 3185
13509 4 2 1 1 18 13 14 3314
13510 4 2 1 1 85 120 3186 47
13511 4 2 1 1 258 241 257 3050
13512 4 2 1 1 359 3593 3817 4068
13513 4 2 1 1 3151 352 3153 3965
13514 4 2 1 1 183 2860 2876 4231
13515 4 2 1 1 2791 2804 166 2779
13516 4 2 1 1 1557 72 1556 4127
13517 4 2 1 1 2725 2484 2701 4113
13518 4 2 1 1 3245 3214 3256 3241
13519 4 2 1 1 3015 3039 263 3037
13520 4 2 1 1 3801 4268 3952 4509
13521 4 2 1 1 2551 107 2562 4173
13522 4 2 1 1 2057 2055 2717 3921
13523 4 2 1 1 387 3173 3203 3176
13524 4 2 1 1 201 3151 3140 203
13525 4 2 1 1 217 3075 3076 216
13526 4 2 1 1 2530 319 2529 4113
13527 4 2 1 1 3084 3052 3086 3058
13528 4 2 1 1 3007 3029 3009 3033
13529 4 2 1 1 2826 4231 94 4363
13530 4 2 1 1 466 3340 3328 482
13531 4 2 1 1 2429 2428 2427 3978
13532 4 2 1 1 406 3256 3226 422
13533 4 2 1 1 437 3294 3263 3272
13534 4 2 1 1 3235 3219 402 3246
13535 4 2 1 1 2555 2553 3148 4172
13536 4 2 1 1 9 465 26 4264
13537 4 2 1 1 3018 3036 3023 3042
13538 4 2 1 1 3130 3144 3132 3131
13539 4 2 1 1 3286 435 436 3264
13540 4 2 1 1 3167 3194 3175 3158
13541 4 2 1 1 3995 4007 3512 4246
13542 4 2 1 1 3031 244 3007 3029
13543 4 2 1 1 2817 2807 183 2816
13544 4 2 1 1 1718 4231 3774 4363
13545 4 2 1 1 3533 3857 3667 4415
13546 4 2 1 1 3081 3057 3083 3054
13547 4 2 1 1 2179 2345 2095 3921
13548 4 2 1 1 319 2533 2531 2529
13549 4 2 1 1 3642 3885 3780 4118
13550 4 2 1 1 3704 4153 3941 4243
13551 4 2 1 1 183 2860 4231 4363
13552 4 2 1 1 308 2670 2435 4326
13553 4 2 1 1 2806 2807 183 2827
13554 4 2 1 1 2617 2643 2644 4476
13555 4 2 1 1 3306 3339 3315 3316
13556 4 2 1 1 3059 3096 3071 3070
13557 4 2 1 1 2114 1983 2602 4514
13558 4 2 1 1 3017 3034 3040 3041
13559 4 2 1 1 3995 4282 4246 4494
13560 4 2 1 1 2804 2795 166 2779
13561 4 2 1 1 3091 3067 3092 3065
13562 4 2 1 1 2796 2792 200 2813
13563 4 2 1 1 1773 3968 2614 4396
13564 4 2 1 1 2342 1982 2341 4514
13565 4 2 1 1 362 3204 377 378
13566 4 2 1 1 3116 311 3112 3124
13567 4 2 1 1 3051 246 247 262
13568 4 2 1 1 3044 3014 3039 3020
13569 4 2 1 1 4394 4518 1014 4519
13570 4 2 1 1 3497 4069 3879 4252
13571 4 2 1 1 299 219 217 3980
13572 4 2 1 1 3702 359 3842 4068
13573 4 2 1 1 3018 3045 3033 3042
13574 4 2 1 1 3513 3644 4246 4282
13575 4 2 1 1 413 397 412 3234
13576 4 2 1 1 3243 3228 3217 3216
13577 4 2 1 1 3083 3057 3081 3082
13578 4 2 1 1 3139 347 348 3152
13579 4 2 1 1 3004 245 3031 3028
13580 4 2 1 1 2056 3921 3687 4065
13581 4 2 1 1 2163 318 3885 4113
13582 4 2 1 1 2268 2345 2179 3921
13583 4 2 1 1 4131 4356 4153 4397
13584 4 2 1 1 4153 4356 3715 4464
13585 4 2 1 1 2728 4341 19 4350
13586 4 2 1 1 3092 3066 3088 3065
13587 4 2 1 1 281 3102 298 3075
13588 4 2 1 1 3154 379 380 363
13589 4 2 1 1 113 317 318 306
13590 4 2 1 1 307 113 318 306
13591 4 2 1 1 3147 3146 3142 3134
13592 4 2 1 1 4031 4297 36 4329
13593 4 2 1 1 3293 3271 3265 3277
13594 4 2 1 1 3596 3879 3497 4069
13595 4 2 1 1 2440 308 4179 4326
13596 4 2 1 1 298 282 281 3075
13597 4 2 1 1 413 3249 3212 3239
13598 4 2 1 1 1362 73 1653 360
13599 4 2 1 1 3177 21 3204 3179
13600 4 2 1 1 13 17 3342 3333
13601 4 2 1 1 27 23 3185 3198
13602 4 2 1 1 2825 2793 200 2806
13603 4 2 1 1 349 338 337 3152
13604 4 2 1 1 3150 3134 3142 3137
13605 4 2 1 1 3593 3498 4103 4351
13606 4 2 1 1 113 2206 2203 4184
13607 4 2 1 1 3869 3512 4246 4494
13608 4 2 1 1 3219 3235 3208 3245
13609 4 2 1 1 118 120 3161 3172
13610 4 2 1 1 2960 3968 3598 4252
13611 4 2 1 1 3319 3314 3333 3318
13612 4 2 1 1 2795 2808 166 2799
13613 4 2 1 1 3085 3071 3096 3097
13614 4 2 1 1 2449 2545 2448 4279
13615 4 2 1 1 3127 322 3115 3441
13616 4 2 1 1 3039 3019 211 3043
13617 4 2 1 1 3769 4184 3847 4392
13618 4 2 1 1 3140 3820 341 4211
13619 4 2 1 1 355 1514 356 3878
13620 4 2 1 1 1982 1981 2340 4514
13621 4 2 1 1 4239 4351 3593 4430
13622 4 2 1 1 244 245 260 3031
13623 4 2 1 1 224 225 3113 3126
13624 4 2 1 1 306 182 2427 113
13625 4 2 1 1 3170 3197 3167 3168
13626 4 2 1 1 351 3964 3624 3965
13627 4 2 1 1 1710 18 82 4339
13628 4 2 1 1 298 282 299 3091
13629 4 2 1 1 1155 1135 1674 4383
13630 4 2 1 1 245 261 3031 3028
13631 4 2 1 1 2266 2057 2073 3921
13632 4 2 1 1 3817 4068 4518 4520
13633 4 2 1 1 3847 4051 2455 4514
13634 4 2 1 1 246 262 261 3028
13635 4 2 1 1 3134 3149 3150 3147
13636 4 2 1 1 3009 3029 3032 3033
13637 4 2 1 1 328 3649 3802 4017
13638 4 2 1 1 2885 3543 2889 4069
13639 4 2 1 1 3593 3746 3498 4351
13640 4 2 1 1 2266 3851 2057 3921
13641 4 2 1 1 3152 201 203 3151
13642 4 2 1 1 216 3103 3076 217
13643 4 2 1 1 395 35 3213 4329
13644 4 2 1 1 806 4123 25 4434
13645 4 2 1 1 3135 4036 3990 4498
13646 4 2 1 1 3017 3035 3034 3041
13647 4 2 1 1 3181 379 3154 3182
13648 4 2 1 1 486 3329 3306 487
13649 4 2 1 1 3995 4246 3512 4494
13650 4 2 1 1 2562 333 111 2478
13651 4 2 1 1 3194 3167 3197 3195
13652 4 2 1 1 397 396 412 3234
13653 4 2 1 1 1325 76 1391 3997
13654 4 2 1 1 1985 4184 3847 4514
13655 4 2 1 1 1677 1141 1155 3903
13656 4 2 1 1 380 3154 3163 3181
13657 4 2 1 1 2794 183 2786 2781
13658 4 2 1 1 3155 3154 363 3182
13659 4 2 1 1 2798 2800 165 2819
13660 4 2 1 1 2748 35 50 4329
13661 4 2 1 1 1338 72 1335 4127
13662 4 2 1 1 349 337 348 3152
13663 4 2 1 1 3031 3007 245 3004
13664 4 2 1 1 4246 4282 3644 4494
13665 4 2 1 1 3249 3224 412 3222
13666 4 2 1 1 165 2780 2801 2789
13667 4 2 1 1 2370 2693 2666 4011
13668 4 2 1 1 347 348 3146 3133
13669 4 2 1 1 2163 3885 2700 4113
13670 4 2 1 1 19 446 20 4350
13671 4 2 1 1 2361 3965 4376 4522
13672 4 2 1 1 364 380 363 3154
13673 4 2 1 1 2449 2448 2447 4279
13674 4 2 1 1 3249 3212 3239 3248
13675 4 2 1 1 442 3275 3300 426
13676 4 2 1 1 3224 3249 412 3251
13677 4 2 1 1 188 3681 2945 3789
13678 4 2 1 1 3928 4477 4072 4480
13679 4 2 1 1 2554 107 2551 4173
13680 4 2 1 1 2056 2057 3687 3921
13681 4 2 1 1 1917 2570 167 2324
13682 4 2 1 1 384 3198 3193 3166
13683 4 2 1 1 3169 3185 3198 3196
13684 4 2 1 1 3341 3342 3333 3318
13685 4 2 1 1 362 361 377 3177
13686 4 2 1 1 1651 74 358 4026
13687 4 2 1 1 3053 282 3091 3065
13688 4 2 1 1 3173 387 371 3176
13689 4 2 1 1 188 2945 189 3789
13690 4 2 1 1 3339 3316 3306 471
13691 4 2 1 1 1629 1630 1631 3802
13692 4 2 1 1 4029 4416 355 4454
13693 4 2 1 1 3146 3134 3133 3129
13694 4 2 1 1 242 259 3026 258
13695 4 2 1 1 167 2688 2570 1917
13696 4 2 1 1 3073 292 293 276
13697 4 2 1 1 257 241 258 3049
13698 4 2 1 1 2950 199 198 3619
13699 4 2 1 1 3181 3163 380 3190
13700 4 2 1 1 487 3306 3339 3329
13701 4 2 1 1 472 3342 3316 3319
13702 4 2 1 1 3171 3198 368 3166
13703 4 2 1 1 2158 2699 2163 3885
13704 4 2 1 1 2861 2860 165 3774
13705 4 2 1 1 21 3205 3178 3207
13706 4 2 1 1 165 2780 2798 2801
13707 4 2 1 1 231 224 232 3445
13708 4 2 1 1 368 367 3207 3180
13709 4 2 1 1 232 3125 225 4333
13710 4 2 1 1 2717 2055 2095 3921
13711 4 2 1 1 3123 3122 3111 3104
13712 4 2 1 1 3150 3142 3141 3137
13713 4 2 1 1 3122 313 323 324
13714 4 2 1 1 446 15 16 430
13715 4 2 1 1 446 16 19 20
13716 4 2 1 1 1952 199 1973 4514
13717 4 2 1 1 183 2794 2816 2781
13718 4 2 1 1 1983 1977 1979 4514
13719 4 2 1 1 3039 3043 3044 3020
13720 4 2 1 1 3301 455 38 4312
13721 4 2 1 1 3593 4046 3817 4068
13722 4 2 1 1 1468 328 1629 3802
13723 4 2 1 1 149 165 150 2855
13724 4 2 1 1 347 3146 3145 3133
13725 4 2 1 1 1974 1980 199 2042
13726 4 2 1 1 262 263 247 3051
13727 4 2 1 1 4120 4121 3731 4380
13728 4 2 1 1 1556 72 1338 4127
13729 4 2 1 1 3182 378 3155 3195
13730 4 2 1 1 1557 327 72 4127
13731 4 2 1 1 114 305 2540 3106
13732 4 2 1 1 2343 184 2178 1916
13733 4 2 1 1 3296 3272 3273 3274
13734 4 2 1 1 2792 200 158 2777
13735 4 2 1 1 3026 258 259 3050
13736 4 2 1 1 97 3774 165 4363
13737 4 2 1 1 2897 171 172 3728
13738 4 2 1 1 3334 3338 3315 3329
13739 4 2 1 1 3817 4046 360 4394
13740 4 2 1 1 3235 3219 3246 3245
13741 4 2 1 1 3593 4351 4103 4430
13742 4 2 1 1 157 166 156 2791
13743 4 2 1 1 29 480 30 4327
13744 4 2 1 1 4099 4113 3780 4333
13745 4 2 1 1 2267 2073 2268 3921
13746 4 2 1 1 2785 2807 183 2806
13747 4 2 1 1 3204 362 377 3177
13748 4 2 1 1 3207 3178 21 3180
13749 4 2 1 1 3303 448 433 449
13750 4 2 1 1 3133 348 3146 3129
13751 4 2 1 1 2812 166 2799 2800
13752 4 2 1 1 157 158 200 2777
13753 4 2 1 1 2342 2602 1982 4514
13754 4 2 1 1 149 148 183 2855
13755 4 2 1 1 26 464 25 4123
13756 4 2 1 1 1985 3847 2340 4514
13757 4 2 1 1 378 3155 363 3182
13758 4 2 1 1 1981 1982 1979 4514
13759 4 2 1 1 3842 4068 359 4198
13760 4 2 1 1 309 3944 310 4179
13761 4 2 1 1 322 311 3115 3441
13762 4 2 1 1 3003 240 232 4333
13763 4 2 1 1 2299 2323 167 2324
13764 4 2 1 1 184 2493 2481 3921
13765 4 2 1 1 3071 3085 3059 3072
13766 4 2 1 1 3944 4179 308 4326
13767 4 2 1 1 2791 166 156 2779
13768 4 2 1 1 1517 1516 356 1518
13769 4 2 1 1 3204 21 22 3206
13770 4 2 1 1 246 3051 247 3027
13771 4 2 1 1 3018 3032 3036 3042
13772 4 2 1 1 166 2809 2804 4132
13773 4 2 1 1 3061 3068 3094 3064
13774 4 2 1 1 3039 263 264 3015
13775 4 2 1 1 2343 1918 184 1916
13776 4 2 1 1 2725 2483 2484 4113
13777 4 2 1 1 3043 3039 3019 3020
13778 4 2 1 1 2042 2122 199 2123
13779 4 2 1 1 3593 4046 4068 4430
13780 4 2 1 1 403 402 418 3231
13781 4 2 1 1 2644 2500 2498 3784
13782 4 2 1 1 3262 3284 3265 3261
13783 4 2 1 1 1918 167 2688 2570
13784 4 2 1 1 2073 2057 2717 3921
13785 4 2 1 1 3208 3245 3214 3218
13786 4 2 1 1 3678 3778 3540 4053
13787 4 2 1 1 1853 3820 341 4215
13788 4 2 1 1 3202 3189 3162 3187
13789 4 2 1 1 3068 3094 3062 3061
13790 4 2 1 1 3062 3088 3094 3074
13791 4 2 1 1 204 3153 354 3959
13792 4 2 1 1 355 3878 4029 4454
13793 4 2 1 1 1325 1335 76 3997
13794 4 2 1 1 3126 321 3114 3115
13795 4 2 1 1 1980 199 1976 1974
13796 4 2 1 1 2449 2544 2545 4279
13797 4 2 1 1 3261 3284 3287 3283
13798 4 2 1 1 3543 4069 3609 4252
13799 4 2 1 1 175 3756 176 4265
13800 4 2 1 1 2207 2206 113 4184
13801 4 2 1 1 3062 3066 3088 3074
13802 4 2 1 1 3265 3284 3293 3287
13803 4 2 1 1 3092 3067 3066 3065
13804 4 2 1 1 3968 3973 3598 4252
13805 4 2 1 1 3145 3132 336 3133
13806 4 2 1 1 3111 3112 3123 3104
13807 4 2 1 1 2816 2807 183 2785
13808 4 2 1 1 1629 1623 1630 3802
13809 4 2 1 1 3176 3203 3165 3159
13810 4 2 1 1 231 306 3943 3944
13811 4 2 1 1 29 4327 1707 4372
13812 4 2 1 1 350 340 351 3141
13813 4 2 1 1 167 2323 2299 2298
13814 4 2 1 1 3346 3323 3334 3338
13815 4 2 1 1 2483 2529 2484 4113
13816 4 2 1 1 3120 3121 3117 4517
13817 4 2 1 1 2788 2795 166 2799
13818 4 2 1 1 2570 2299 167 2324
13819 4 2 1 1 3287 3265 3284 3261
13820 4 2 1 1 220 191 3048 4088
13821 4 2 1 1 2792 2778 200 2813
13822 4 2 1 1 2345 2717 2095 3921
13823 4 2 1 1 4026 4028 70 4416
13824 4 2 1 1 2778 2793 200 2813
13825 4 2 1 1 321 3126 3127 3115
13826 4 2 1 1 3740 3797 3492 4517
13827 4 2 1 1 3256 3229 3214 3218
13828 4 2 1 1 2539 305 114 2473
13829 4 2 1 1 2801 2821 165 4363
13830 4 2 1 1 110 316 3986 4401
13831 4 2 1 1 3198 3193 3169 3196
13832 4 2 1 1 109 2335 2388 3642
13833 4 2 1 1 3497 3901 3596 4069
13834 4 2 1 1 379 3154 380 3181
13835 4 2 1 1 147 148 183 2786
13836 4 2 1 1 325 3117 4004 4517
13837 4 2 1 1 2777 200 2791 4132
13838 4 2 1 1 2471 2470 2316 4364
13839 4 2 1 1 3059 3085 3073 3072
13840 4 2 1 1 3004 246 245 3028
13841 4 2 1 1 3094 3090 3061 3064
13842 4 2 1 1 263 264 248 3051
13843 4 2 1 1 3051 247 248 263
13844 4 2 1 1 3543 4069 3502 4223
13845 4 2 1 1 10 13 3349 9
13846 4 2 1 1 3338 3323 3334 3315
13847 4 2 1 1 21 22 3206 3205
13848 4 2 1 1 3192 3169 3193 3196
13849 4 2 1 1 2784 200 2793 2806
13850 4 2 1 1 2855 165 150 2857
13851 4 2 1 1 2701 2484 2163 4113
13852 4 2 1 1 3296 3273 3279 3274
13853 4 2 1 1 354 204 3767 3805
13854 4 2 1 1 1609 76 330 1324
13855 4 2 1 1 3214 3245 3256 3218
13856 4 2 1 1 2779 2795 166 2788
13857 4 2 1 1 117 31 3231 3258
13858 4 2 1 1 2558 199 1976 1980
13859 4 2 1 1 2780 165 151 2789
13860 4 2 1 1 2800 165 2790 2798
13861 4 2 1 1 3852 4215 1786 4364
13862 4 2 1 1 282 299 283 3075
13863 4 2 1 1 2828 183 2816 2781
13864 4 2 1 1 165 150 151 2789
13865 4 2 1 1 1983 1982 2602 4514
13866 4 2 1 1 466 483 467 3325
13867 4 2 1 1 2122 199 1980 2042
13868 4 2 1 1 167 2301 2300 2297
13869 4 2 1 1 231 3943 306 3978
13870 4 2 1 1 419 403 418 3231
13871 4 2 1 1 3740 4321 3121 4517
13872 4 2 1 1 2345 2268 2073 3921
13873 4 2 1 1 174 3678 3728 4053
13874 4 2 1 1 204 354 3767 3959
13875 4 2 1 1 247 3051 248 3027
13876 4 2 1 1 3205 21 22 3207
13877 4 2 1 1 184 185 3687 4065
13878 4 2 1 1 2786 183 147 2781
13879 4 2 1 1 3116 3112 3123 3124
13880 4 2 1 1 261 245 246 3028
13881 4 2 1 1 157 156 166 2856
13882 4 2 1 1 1135 1673 1674 4383
13883 4 2 1 1 182 2902 181 4514
13884 4 2 1 1 148 183 2855 2858
13885 4 2 1 1 3492 4321 3740 4517
13886 4 2 1 1 232 225 3003 4333
13887 4 2 1 1 3121 4321 3117 4517
13888 4 2 1 1 351 3965 3624 4522
13889 4 2 1 1 183 2816 2785 2828
13890 4 2 1 1 3129 349 3128 338
13891 4 2 1 1 21 3204 120 3177
13892 4 2 1 1 3207 21 23 3180
13893 4 2 1 1 3558 4015 3815 4056
13894 4 2 1 1 3901 4069 3497 4252
13895 4 2 1 1 324 313 226 3121
13896 4 2 1 1 2301 167 2304 2297
13897 4 2 1 1 1979 1982 1983 4514
13898 4 2 1 1 3746 4351 4239 4482
13899 4 2 1 1 211 3019 3015 210
13900 4 2 1 1 166 157 2856 2859
13901 4 2 1 1 2799 166 2783 2800
13902 4 2 1 1 3339 3315 3338 3329
13903 4 2 1 1 3142 3141 3137 3128
13904 4 2 1 1 11 12 20 3282
13905 4 2 1 1 111 344 333 2562
13906 4 2 1 1 2777 2796 200 4132
13907 4 2 1 1 3091 3067 283 3093
13908 4 2 1 1 3885 4118 3642 4500
13909 4 2 1 1 165 2780 2790 2798
13910 4 2 1 1 3644 3869 4246 4494
13911 4 2 1 1 348 337 347 3139
13912 4 2 1 1 283 3091 282 3065
13913 4 2 1 1 3328 466 482 483
13914 4 2 1 1 1519 1518 356 1520
13915 4 2 1 1 3138 340 339 4211
13916 4 2 1 1 167 3968 168 4396
13917 4 2 1 1 174 256 3678 4053
13918 4 2 1 1 167 2300 2298 2297
13919 4 2 1 1 3558 3684 4015 4056
13920 4 2 1 1 2325 2508 167 2304
13921 4 2 1 1 4046 4394 3817 4518
13922 4 2 1 1 3036 3023 3024 3012
13923 4 2 1 1 110 2473 316 4401
13924 4 2 1 1 2342 2341 3847 4514
13925 4 2 1 1 245 261 260 3031
13926 4 2 1 1 2388 2147 109 3642
13927 4 2 1 1 195 3721 194 3927
13928 4 2 1 1 3139 201 203 3152
13929 4 2 1 1 3223 3248 3249 3250
13930 4 2 1 1 1362 1012 1363 4452
13931 4 2 1 1 3170 3197 3168 3172
13932 4 2 1 1 167 1918 2452 2570
13933 4 2 1 1 3543 3901 3609 4069
13934 4 2 1 1 2778 200 2793 2784
13935 4 2 1 1 3543 3901 4069 4223
13936 4 2 1 1 2791 166 2804 4132
13937 4 2 1 1 3817 4394 360 4519
13938 4 2 1 1 227 3740 3121 4517
13939 4 2 1 1 2857 2855 165 2858
13940 4 2 1 1 2452 2299 167 2570
13941 4 2 1 1 3091 3067 3093 3092
13942 4 2 1 1 396 412 36 3224
13943 4 2 1 1 245 244 3007 3031
13944 4 2 1 1 3091 283 282 299
13945 4 2 1 1 199 198 3619 3930
13946 4 2 1 1 2993 3797 227 4517
13947 4 2 1 1 167 1918 2320 2452
13948 4 2 1 1 276 228 3072 292
13949 4 2 1 1 184 1918 2343 2320
13950 4 2 1 1 3724 331 3903 4366
13951 4 2 1 1 2289 353 2360 4376
13952 4 2 1 1 157 200 158 2859
13953 4 2 1 1 1664 1130 1663 4383
13954 4 2 1 1 2982 3789 191 4088
13955 4 2 1 1 3024 3012 3025 3036
13956 4 2 1 1 2684 2122 199 1980
13957 4 2 1 1 21 3207 23 22
13958 4 2 1 1 3204 21 120 22
13959 4 2 1 1 91 200 183 2827
13960 4 2 1 1 199 2558 2684 1980
13961 4 2 1 1 167 2325 2304 2297
13962 4 2 1 1 178 177 3756 4055
13963 4 2 1 1 151 150 165 2857
13964 4 2 1 1 227 3797 3740 4517
13965 4 2 1 1 2692 184 2343 2320
13966 4 2 1 1 32 40 31 3259
13967 4 2 1 1 12 33 3304 11
13968 4 2 1 1 117 32 31 3258
13969 4 2 1 1 2779 166 155 2788
13970 4 2 1 1 2471 2327 2470 4364
13971 4 2 1 1 2778 200 159 2792
13972 4 2 1 1 200 158 159 2792
13973 4 2 1 1 231 3113 306 3944
13974 4 2 1 1 3094 3068 3062 3074
13975 4 2 1 1 3071 3097 3085 3098
13976 4 2 1 1 3609 3973 3968 4252
13977 4 2 1 1 155 156 166 2779
13978 4 2 1 1 349 3129 3128 3142
13979 4 2 1 1 1324 1323 76 3997
13980 4 2 1 1 3117 4321 4004 4517
13981 4 2 1 1 341 2110 1797 1799
13982 4 2 1 1 2566 199 1992 2387
13983 4 2 1 1 215 3024 174 4053
13984 4 2 1 1 2364 2664 2663 4522
13985 4 2 1 1 167 2298 2296 2297
13986 4 2 1 1 1324 76 330 3997
13987 4 2 1 1 2788 166 2783 2799
13988 4 2 1 1 2298 2299 167 2296
13989 4 2 1 1 1992 2104 199 2566
13990 4 2 1 1 3109 226 313 3121
13991 4 2 1 1 2790 2783 165 2800
13992 4 2 1 1 2705 1990 182 2558
13993 4 2 1 1 328 3802 3787 4017
13994 4 2 1 1 184 2291 2302 2292
13995 4 2 1 1 3609 4069 3901 4252
13996 4 2 1 1 3148 107 2554 4173
13997 4 2 1 1 165 3774 2860 4363
13998 4 2 1 1 1984 182 1987 1985
13999 4 2 1 1 433 448 432 3262
14000 4 2 1 1 226 2972 179 4007
14001 4 2 1 1 356 1522 1521 1520
14002 4 2 1 1 207 336 347 3145
14003 4 2 1 1 2296 2299 167 2452
14004 4 2 1 1 167 2325 2297 2295
14005 4 2 1 1 1990 199 2558 2684
14006 4 2 1 1 2325 167 2302 2295
14007 4 2 1 1 1391 76 1323 3997
14008 4 2 1 1 341 2672 1799 1797
14009 4 2 1 1 1854 341 1799 1856
14010 4 2 1 1 3217 3248 3212 3221
14011 4 2 1 1 354 112 108 353
14012 4 2 1 1 317 113 318 109
14013 4 2 1 1 2692 2293 184 2320
14014 4 2 1 1 184 2291 2292 2271
14015 4 2 1 1 1423 1425 70 4416
14016 4 2 1 1 3245 3208 3219 3218
14017 4 2 1 1 146 183 2828 2781
14018 4 2 1 1 2292 2302 167 2295
14019 4 2 1 1 2684 199 2122 1993
14020 4 2 1 1 2289 2360 2290 4376
14021 4 2 1 1 216 3103 223 3077
14022 4 2 1 1 2297 2296 167 2295
14023 4 2 1 1 180 2900 179 4246
14024 4 2 1 1 2104 199 1989 1992
14025 4 2 1 1 1130 1660 1663 3835
14026 4 2 1 1 2684 1990 199 1991
14027 4 2 1 1 2294 167 2320 2452
14028 4 2 1 1 2294 2296 167 2452
14029 4 2 1 1 466 3340 465 3317
14030 4 2 1 1 2345 2073 2717 3921
14031 4 2 1 1 3835 331 4366 4383
14032 4 2 1 1 199 2684 1991 1993
14033 4 2 1 1 3185 24 369 3160
14034 4 2 1 1 392 47 3186 3161
14035 4 2 1 1 3333 3314 18 473
14036 4 2 1 1 3213 39 395 3240
14037 4 2 1 1 187 212 2977 3959
14038 4 2 1 1 1593 74 1651 4026
14039 4 2 1 1 152 165 2780 2790
14040 4 2 1 1 2271 2292 184 2293
14041 4 2 1 1 3103 277 276 3077
14042 4 2 1 1 203 347 212 3139
14043 4 2 1 1 336 347 337 3139
14044 4 2 1 1 2341 2340 3847 4514
14045 4 2 1 1 1987 1989 182 1984
14046 4 2 1 1 1991 1989 199 1992
14047 4 2 1 1 182 1990 2705 1984
14048 4 2 1 1 1992 199 1991 1993
14049 4 2 1 1 2295 167 2292 2294
14050 4 2 1 1 183 146 147 2781
14051 4 2 1 1 2859 162 166 164
14052 4 2 1 1 1135 1669 1673 4383
14053 4 2 1 1 2295 2296 167 2294
14054 4 2 1 1 1990 182 1989 1984
14055 4 2 1 1 183 148 147 2858
14056 4 2 1 1 156 155 166 2856
14057 4 2 1 1 3100 3066 3088 3092
14058 4 2 1 1 448 432 3303 433
14059 4 2 1 1 306 3113 307 3944
14060 4 2 1 1 1985 182 1987 4184
14061 4 2 1 1 308 2435 2670 2437
14062 4 2 1 1 151 152 165 2780
14063 4 2 1 1 320 321 3126 4333
14064 4 2 1 1 299 218 3093 283
14065 4 2 1 1 2520 2473 110 4401
14066 4 2 1 1 182 2491 1987 4184
14067 4 2 1 1 3126 3125 318 4333
14068 4 2 1 1 2057 3851 3687 3921
14069 4 2 1 1 3100 3094 3088 3074
14070 4 2 1 1 3066 3100 3088 3074
14071 4 2 1 1 3336 3340 3317 3347
14072 4 2 1 1 162 2859 166 2856
14073 4 2 1 1 154 166 2783 2788
14074 4 2 1 1 2785 145 183 2828
14075 4 2 1 1 3319 3342 13 472
14076 4 2 1 1 3198 368 23 3171
14077 4 2 1 1 377 120 3172 3199
14078 4 2 1 1 2122 199 2123 4335
14079 4 2 1 1 183 145 2785 2784
14080 4 2 1 1 14 473 3314 457
14081 4 2 1 1 47 392 376 3161
14082 4 2 1 1 3240 39 395 411
14083 4 2 1 1 2783 165 153 2790
14084 4 2 1 1 308 2437 2670 2710
14085 4 2 1 1 2858 165 161 163
14086 4 2 1 1 2437 308 2441 2710
14087 4 2 1 1 2672 341 1799 1798
14088 4 2 1 1 349 339 3128 338
14089 4 2 1 1 191 2982 190 3789
14090 4 2 1 1 2778 160 200 2784
14091 4 2 1 1 199 1974 1973 4514
14092 4 2 1 1 3023 3036 3024 3047
14093 4 2 1 1 3139 348 337 3152
14094 4 2 1 1 4118 4335 3642 4500
14095 4 2 1 1 277 276 293 3103
14096 4 2 1 1 3492 4004 4321 4517
14097 4 2 1 1 165 2858 161 2857
14098 4 2 1 1 308 3114 309 3944
14099 4 2 1 1 195 291 3926 3927
14100 4 2 1 1 175 3814 3756 4265
14101 4 2 1 1 159 158 200 2859
14102 4 2 1 1 151 165 152 2857
14103 4 2 1 1 165 166 99 2812
14104 4 2 1 1 216 3103 217 223
14105 4 2 1 1 4518 4519 3817 4520
14106 4 2 1 1 3106 114 2542 2540
14107 4 2 1 1 166 154 155 2788
14108 4 2 1 1 40 412 3234 3259
14109 4 2 1 1 3817 4518 4394 4519
14110 4 2 1 1 333 344 111 3135
14111 4 2 1 1 308 3944 309 4179
14112 4 2 1 1 159 160 200 2778
14113 4 2 1 1 3903 4366 331 4383
14114 4 2 1 1 354 3153 353 3965
14115 4 2 1 1 275 178 4054 4055
14116 4 2 1 1 2885 169 170 4069
14117 4 2 1 1 145 146 183 2828
14118 4 2 1 1 412 36 3234 396
14119 4 2 1 1 26 25 464 29
14120 4 2 1 1 15 446 16 19
14121 4 2 1 1 336 207 3132 3145
14122 4 2 1 1 3148 111 344 3135
14123 4 2 1 1 1798 341 1799 1854
14124 4 2 1 1 2532 2533 2531 4476
14125 4 2 1 1 184 3687 3921 4065
14126 4 2 1 1 2300 2301 167 3598
14127 4 2 1 1 1593 1607 74 4026
14128 4 2 1 1 329 75 332 4359
14129 4 2 1 1 165 152 153 2790
14130 4 2 1 1 173 2962 174 3728
14131 4 2 1 1 145 200 160 2784
14132 4 2 1 1 174 3728 2962 4053
14133 4 2 1 1 147 146 183 2858
14134 4 2 1 1 181 2975 182 3847
14135 4 2 1 1 2524 2678 110 3986
14136 4 2 1 1 185 2980 184 3687
14137 4 2 1 1 2178 2493 184 3921
14138 4 2 1 1 154 166 153 2783
14139 4 2 1 1 1358 1360 73 4296
14140 4 2 1 1 3140 204 203 3153
14141 4 2 1 1 23 368 3207 3180
14142 4 2 1 1 3085 3071 3098 3072
14143 4 2 1 1 120 3177 3204 377
14144 4 2 1 1 2995 198 199 3930
14145 4 2 1 1 195 3926 3721 3927
14146 4 2 1 1 167 2301 2304 3598
14147 4 2 1 1 1664 1668 1153 4383
14148 4 2 1 1 3027 210 208 3051
14149 4 2 1 1 2522 2520 110 4401
14150 4 2 1 1 200 2908 166 4132
14151 4 2 1 1 2794 2786 183 4363
14152 4 2 1 1 2859 160 200 159
14153 4 2 1 1 317 3780 232 3885
14154 4 2 1 1 309 2441 2437 308
14155 4 2 1 1 2995 199 3642 3930
14156 4 2 1 1 2289 2290 4169 4376
14157 4 2 1 1 232 3780 317 4333
14158 4 2 1 1 307 3114 308 3944
14159 4 2 1 1 419 117 403 3231
14160 4 2 1 1 2503 2505 2362 4522
14161 4 2 1 1 2304 2508 167 3598
14162 4 2 1 1 3756 4054 178 4055
14163 4 2 1 1 188 3789 2985 4243
14164 4 2 1 1 466 482 483 3325
14165 4 2 1 1 202 203 201 3140
14166 4 2 1 1 203 207 201 3139
14167 4 2 1 1 187 3924 3144 3959
14168 4 2 1 1 209 208 210 3051
14169 4 2 1 1 352 3151 351 3965
14170 4 2 1 1 3098 228 292 3072
14171 4 2 1 1 3024 241 215 3048
14172 4 2 1 1 318 4113 4099 4333
14173 4 2 1 1 2957 170 169 4252
14174 4 2 1 1 2990 219 192 3816
14175 4 2 1 1 210 2965 171 3887
14176 4 2 1 1 343 342 3140 3820
14177 4 2 1 1 225 226 324 224
14178 4 2 1 1 3093 3721 192 3816
14179 4 2 1 1 3093 300 192 3709
14180 4 2 1 1 33 454 3304 438
14181 4 2 1 1 1669 1153 1668 4383
14182 4 2 1 1 175 218 2970 3870
14183 4 2 1 1 2980 3610 184 3687
14184 4 2 1 1 2122 1993 199 4335
14185 4 2 1 1 1567 1358 73 4296
14186 4 2 1 1 218 283 3067 3093
14187 4 2 1 1 3047 3024 3048 3036
14188 4 2 1 1 2990 192 3721 3816
14189 4 2 1 1 1441 71 1443 4359
14190 4 2 1 1 319 4099 4113 4476
14191 4 2 1 1 2965 3728 171 3887
14192 4 2 1 1 166 155 162 2856
14193 4 2 1 1 248 210 3027 3051
14194 4 2 1 1 211 3043 188 4243
14195 4 2 1 1 224 226 324 313
14196 4 2 1 1 352 2365 353 4376
14197 4 2 1 1 161 152 165 2857
14198 4 2 1 1 2435 307 308 4326
14199 4 2 1 1 183 165 2860 4363
14200 4 2 1 1 3093 3709 192 3721
14201 4 2 1 1 3114 321 310 3115
14202 4 2 1 1 69 1569 1357 4296
14203 4 2 1 1 194 195 2987 3721
14204 4 2 1 1 1578 74 1401 4026
14205 4 2 1 1 3247 117 419 119
14206 4 2 1 1 33 37 454 3295
14207 4 2 1 1 2289 2290 2288 4169
14208 4 2 1 1 175 2970 3756 3870
14209 4 2 1 1 354 3965 353 4376
14210 4 2 1 1 155 162 154 166
14211 4 2 1 1 215 209 241 208
14212 4 2 1 1 322 321 3127 3115
14213 4 2 1 1 1401 74 1607 4026
14214 4 2 1 1 3138 341 340 4211
14215 4 2 1 1 177 2967 178 3756
14216 4 2 1 1 183 148 149 4363
14217 4 2 1 1 171 3728 3019 3887
14218 4 2 1 1 183 2786 148 4363
14219 4 2 1 1 342 341 3140 3820
14220 4 2 1 1 3141 3142 349 3128
14221 4 2 1 1 218 217 216 283
14222 4 2 1 1 1570 1569 69 4352
14223 4 2 1 1 112 354 167 343
14224 4 2 1 1 1130 3835 1663 4383
14225 4 2 1 1 228 276 3072 223
14226 4 2 1 1 2987 3721 195 3926
14227 4 2 1 1 162 154 166 153
14228 4 2 1 1 320 319 2533 4476
14229 4 2 1 1 187 3144 212 3959
14230 4 2 1 1 165 152 161 153
14231 4 2 1 1 276 292 293 3103
14232 4 2 1 1 319 2531 2533 4476
14233 4 2 1 1 184 3687 3610 3851
14234 4 2 1 1 1660 1130 1152 3835
14235 4 2 1 1 322 311 310 3115
14236 4 2 1 1 163 183 146 2858
14237 4 2 1 1 219 3093 192 3816
14238 4 2 1 1 178 3756 2967 4054
14239 4 2 1 1 13 10 3349 17
14240 4 2 1 1 2960 168 167 3968
14241 4 2 1 1 69 1357 1567 4296
14242 4 2 1 1 175 3067 218 3870
14243 4 2 1 1 2505 2663 2362 4522
14244 4 2 1 1 307 3944 308 4326
14245 4 2 1 1 179 2972 180 4007
14246 4 2 1 1 353 3153 352 3965
14247 4 2 1 1 352 4376 3965 4522
14248 4 2 1 1 3642 3930 199 4335
14249 4 2 1 1 2859 160 164 200
14250 4 2 1 1 1569 4296 69 4352
14251 4 2 1 1 3125 232 317 4333
14252 4 2 1 1 160 200 145 164
14253 4 2 1 1 183 146 145 163
14254 4 2 1 1 1976 1974 199 4514
14255 4 2 1 1 3067 175 284 3814
14256 4 2 1 1 226 227 324 3121
14257 4 2 1 1 218 299 217 283
14258 4 2 1 1 220 2982 191 4088
14259 4 2 1 1 218 299 3093 219
14260 4 2 1 1 2533 2534 2617 4476
14261 4 2 1 1 195 3098 228 3926
14262 4 2 1 1 11 16 3282 20
14263 4 2 1 1 2532 2534 2533 4476
14264 4 2 1 1 3108 196 226 3120
14265 4 2 1 1 207 3144 187 3131
14266 4 2 1 1 342 341 3820 4215
14267 4 2 1 1 223 3072 178 4054
14268 4 2 1 1 2554 3148 2553 107
14269 4 2 1 1 21 118 3177 120
14270 4 2 1 1 22 27 3207 23
14271 4 2 1 1 33 37 12 3304
14272 4 2 1 1 32 117 119 3258
14273 4 2 1 1 226 179 3108 4007
14274 4 2 1 1 891 889 890 4520
14275 4 2 1 1 171 3019 210 3887
14276 4 2 1 1 2992 196 197 4517
14277 4 2 1 1 2960 167 3598 3968
14278 4 2 1 1 111 107 344 2562
14279 4 2 1 1 1439 71 1441 4359
14280 4 2 1 1 161 162 166 153
14281 4 2 1 1 226 227 3120 196
14282 4 2 1 1 3144 207 187 212
14283 4 2 1 1 272 3048 191 4088
14284 4 2 1 1 2990 192 193 3721
14285 4 2 1 1 1976 199 2558 4514
14286 4 2 1 1 188 3043 265 4012
14287 4 2 1 1 228 2987 195 3926
14288 4 2 1 1 3125 317 318 4333
14289 4 2 1 1 2806 183 200 2827
14290 4 2 1 1 2970 176 175 3756
14291 4 2 1 1 178 2967 223 4054
14292 4 2 1 1 889 888 890 4520
14293 4 2 1 1 351 352 3965 4522
14294 4 2 1 1 218 192 219 3093
14295 4 2 1 1 347 336 207 3139
14296 4 2 1 1 207 347 212 3145
14297 4 2 1 1 3126 319 320 4333
14298 4 2 1 1 189 2985 188 3789
14299 4 2 1 1 70 1665 1666 4028
14300 4 2 1 1 108 167 112 354
14301 4 2 1 1 199 113 317 109
14302 4 2 1 1 3125 307 3113 3126
14303 4 2 1 1 341 3151 3140 3138
14304 4 2 1 1 174 2962 215 4053
14305 4 2 1 1 307 3114 3113 3126
14306 4 2 1 1 3140 3151 352 3153
14307 4 2 1 1 204 167 184 354
14308 4 2 1 1 182 4184 1985 4514
14309 4 2 1 1 2505 2364 2663 4522
14310 4 2 1 1 319 4099 320 4333
14311 4 2 1 1 165 166 2812 2800
14312 4 2 1 1 171 2965 172 3728
14313 4 2 1 1 164 183 145 163
14314 4 2 1 1 188 2985 211 4243
14315 4 2 1 1 3120 196 227 4517
14316 4 2 1 1 1985 1984 182 4514
14317 4 2 1 1 3131 335 170 4069
14318 4 2 1 1 167 2300 3598 3968
14319 4 2 1 1 182 2705 2558 4514
14320 4 2 1 1 227 196 2992 4517
14321 4 2 1 1 111 3148 344 107
14322 4 2 1 1 353 3965 352 4376
14323 4 2 1 1 174 3024 256 4053
14324 4 2 1 1 473 14 3314 18
14325 4 2 1 1 39 3213 395 35
14326 4 2 1 1 85 392 47 3186
14327 4 2 1 1 1984 2705 182 4514
14328 4 2 1 1 71 1439 1478 4359
14329 4 2 1 1 320 4099 319 4476
14330 4 2 1 1 2791 200 166 4132
14331 4 2 1 1 2508 167 112 2325
14332 4 2 1 1 184 108 2291 2383
14333 4 2 1 1 2281 2280 2279 3897
14334 4 2 1 1 183 165 149 2855
14335 4 2 1 1 109 199 2566 2387
14336 4 2 1 1 3019 211 3043 188
14337 4 2 1 1 3098 195 291 3926
14338 4 2 1 1 1664 1153 1130 4383
14339 4 2 1 1 108 184 2291 2302
14340 4 2 1 1 2302 112 167 2325
14341 4 2 1 1 1669 1135 1153 4383
14342 4 2 1 1 329 71 75 4359
14343 4 2 1 1 318 4099 319 4333
14344 4 2 1 1 3072 275 178 4054
14345 4 2 1 1 179 4007 180 4246
14346 4 2 1 1 321 322 310 3115
14347 4 2 1 1 223 217 228 3103
14348 4 2 1 1 3126 318 319 4333
14349 4 2 1 1 346 3144 187 3924
14350 4 2 1 1 325 4004 196 4517
14351 4 2 1 1 113 2491 182 4184
14352 4 2 1 1 3019 211 188 210
14353 4 2 1 1 2281 2280 3897 4169
14354 4 2 1 1 36 412 3234 40
14355 4 2 1 1 454 33 3304 37
14356 4 2 1 1 314 3108 179 4246
14357 4 2 1 1 3108 4007 179 4246
14358 4 2 1 1 200 166 164 2859
14359 4 2 1 1 184 3687 3851 3921
14360 4 2 1 1 2288 2287 2289 4169
14361 4 2 1 1 340 339 350 3151
14362 4 2 1 1 108 167 354 184
14363 4 2 1 1 319 4099 318 4113
14364 4 2 1 1 1486 75 1485 4456
14365 4 2 1 1 210 211 209 3051
14366 4 2 1 1 163 165 183 2858
14367 4 2 1 1 3140 204 202 203
14368 4 2 1 1 207 203 212 3139
14369 4 2 1 1 225 226 227 324
14370 4 2 1 1 215 3048 174 3024
14371 4 2 1 1 3103 276 223 3077
14372 4 2 1 1 340 339 3151 3138
14373 4 2 1 1 2855 183 165 2858
14374 4 2 1 1 157 166 200 2859
14375 4 2 1 1 178 228 3072 223
14376 4 2 1 1 182 3847 4184 4514
14377 4 2 1 1 174 220 3048 215
14378 4 2 1 1 325 196 3120 4517
14379 4 2 1 1 217 219 299 218
14380 4 2 1 1 3131 4069 170 4252
14381 4 2 1 1 2281 2287 2282 4169
14382 4 2 1 1 321 309 3126 3114
14383 4 2 1 1 71 1478 1479 4359
14384 4 2 1 1 2281 2282 2280 4169
14385 4 2 1 1 166 165 2783 2800
14386 4 2 1 1 149 165 183 4363
14387 4 2 1 1 1918 184 167 2320
14388 4 2 1 1 1484 75 1479 4359
14389 4 2 1 1 292 276 228 3103
14390 4 2 1 1 2289 2287 2281 4169
14391 4 2 1 1 145 183 200 2784
14392 4 2 1 1 1990 199 182 2558
14393 4 2 1 1 69 1567 73 4296
14394 4 2 1 1 170 4069 169 4252
14395 4 2 1 1 2302 167 184 2292
14396 4 2 1 1 166 165 153 2783
14397 4 2 1 1 204 3140 354 3153
14398 4 2 1 1 1484 75 4359 4456
14399 4 2 1 1 3024 272 174 256
14400 4 2 1 1 195 291 275 3098
14401 4 2 1 1 207 212 347 3139
14402 4 2 1 1 272 3024 174 3048
14403 4 2 1 1 74 1578 70 4026
14404 4 2 1 1 113 199 2566 109
14405 4 2 1 1 108 167 2302 112
14406 4 2 1 1 321 309 3114 310
14407 4 2 1 1 166 165 161 153
14408 4 2 1 1 182 2558 199 4514
14409 4 2 1 1 164 183 200 145
14410 4 2 1 1 3125 318 307 3126
14411 4 2 1 1 341 3151 352 3140
14412 4 2 1 1 1484 1485 75 4456
14413 4 2 1 1 207 187 170 3131
14414 4 2 1 1 196 3108 226 179
14415 4 2 1 1 3019 265 188 3043
14416 4 2 1 1 340 3151 341 3138
14417 4 2 1 1 307 308 3114 3126
14418 4 2 1 1 167 108 2302 184
14419 4 2 1 1 223 228 276 3103
14420 4 2 1 1 335 3144 187 346
14421 4 2 1 1 3144 335 187 3131
14422 4 2 1 1 309 321 3126 320
14423 4 2 1 1 171 210 3019 188
14424 4 2 1 1 350 351 340 3151
14425 4 2 1 1 352 353 3140 3153
14426 4 2 1 1 220 174 3048 191
14427 4 2 1 1 3113 306 307 3125
14428 4 2 1 1 3140 353 354 3153
14429 4 2 1 1 3114 308 309 3126
14430 4 2 1 1 71 1479 75 4359
14431 4 2 1 1 174 272 3048 191
14432 4 2 1 1 317 306 3125 318
14433 4 2 1 1 306 318 307 3125
14434 4 2 1 1 196 179 314 3108
14435 4 2 1 1 187 335 170 3131
14436 4 2 1 1 487 3349 3326 3350
14437 4 2 1 1 166 1922 1921 2637
14438 4 2 1 1 1736 166 1737 1735
14439 4 2 1 1 3332 3336 3328 3440
14440 4 2 1 1 2861 1738 1739 1740
14441 4 2 1 1 108 353 2281 354
14442 4 2 1 1 2175 1906 2861 1904
14443 4 2 1 1 2909 184 166 1907
14444 4 2 1 1 1739 1906 2861 2175
14445 4 2 1 1 415 416 3237 3443
14446 4 2 1 1 3335 3344 3337 3438
14447 4 2 1 1 3233 414 415 3260
14448 4 2 1 1 3258 3232 417 3260
14449 4 2 1 1 3326 3327 470 3350
14450 4 2 1 1 165 1738 1711 1736
14451 4 2 1 1 165 1739 2584 1906
14452 4 2 1 1 166 2053 1944 2909
14453 4 2 1 1 1921 166 2637 2584
14454 4 2 1 1 2053 166 1737 2637
14455 4 2 1 1 1907 2909 2199 1922
14456 4 2 1 1 356 1568 69 70
14457 4 2 1 1 2303 352 107 108
14458 4 2 1 1 334 333 3136 3439
14459 4 2 1 1 1944 1735 166 2613
14460 4 2 1 1 359 1568 74 73
14461 4 2 1 1 890 360 359 73
14462 4 2 1 1 353 2365 2289 2360
14463 4 2 1 1 2281 352 107 2289
14464 4 2 1 1 1514 355 70 1512
14465 4 2 1 1 1922 166 1921 1907
14466 4 2 1 1 890 359 74 73
14467 4 2 1 1 2347 184 2909 1907
14468 4 2 1 1 344 345 3149 3439
14469 4 2 1 1 1739 165 2584 1736
14470 4 2 1 1 2909 2347 1907 2199
14471 4 2 1 1 2613 1741 166 1944
14472 4 2 1 1 166 1944 1737 1735
14473 4 2 1 1 1944 166 1737 2053
14474 4 2 1 1 166 1922 2637 2053
14475 4 2 1 1 3327 484 3350 3348
14476 4 2 1 1 400 399 3210 3443
14477 4 2 1 1 3232 3233 399 3260
14478 4 2 1 1 167 1907 2347 1905
14479 4 2 1 1 308 113 114 2567
14480 4 2 1 1 890 358 856 1651
14481 4 2 1 1 355 1425 1510 1508
14482 4 2 1 1 890 358 1651 74
14483 4 2 1 1 342 2471 112 341
14484 4 2 1 1 1778 167 2347 2265
14485 4 2 1 1 2347 167 1905 2265
14486 4 2 1 1 1130 332 331 75
14487 4 2 1 1 360 890 1362 73
14488 4 2 1 1 3135 2608 1809 1810
14489 4 2 1 1 890 360 1362 1385
14490 4 2 1 1 3135 2608 1810 1848
14491 4 2 1 1 360 895 1008 1385
14492 4 2 1 1 2365 353 2289 352
14493 4 2 1 1 3233 3259 414 3260
14494 4 2 1 1 183 2139 199 200
14495 4 2 1 1 328 71 72 1480
14496 4 2 1 1 309 2442 2445 2437
14497 4 2 1 1 332 1152 1120 75
14498 4 2 1 1 114 2437 309 2542
14499 4 2 1 1 1610 330 1147 1608
14500 4 2 1 1 1141 330 1157 1609
14501 4 2 1 1 2533 320 110 319
14502 4 2 1 1 1945 200 2466 1719
14503 4 2 1 1 2437 2445 309 2447
14504 4 2 1 1 3292 3285 3294 3444
14505 4 2 1 1 3311 3313 3321 3438
14506 4 2 1 1 3304 11 33 438
14507 4 2 1 1 3304 3281 11 438
14508 4 2 1 1 3263 3270 3272 3444
14509 4 2 1 1 3230 3225 404 3442
14510 4 2 1 1 2449 309 2447 2437
14511 4 2 1 1 356 1522 70 69
14512 4 2 1 1 3118 2644 2524 2623
14513 4 2 1 1 112 111 341 1799
14514 4 2 1 1 1155 330 1141 1609
14515 4 2 1 1 330 1157 1609 1146
14516 4 2 1 1 1155 76 330 1609
14517 4 2 1 1 2289 352 107 2505
14518 4 2 1 1 2158 317 109 2155
14519 4 2 1 1 331 1480 76 75
14520 4 2 1 1 319 2533 2529 2484
14521 4 2 1 1 331 76 1130 75
14522 4 2 1 1 319 110 109 2567
14523 4 2 1 1 3118 2524 2622 2623
14524 4 2 1 1 3106 2449 2667 309
14525 4 2 1 1 351 2553 3148 107
14526 4 2 1 1 319 2533 109 110
14527 4 2 1 1 2542 2437 309 2667
14528 4 2 1 1 200 1945 1841 1719
14529 4 2 1 1 2139 182 183 199
14530 4 2 1 1 200 2139 1901 1945
14531 4 2 1 1 1841 200 1719 1840
14532 4 2 1 1 1901 200 1945 1841
14533 4 2 1 1 183 2139 1725 1727
14534 4 2 1 1 3281 452 3304 3302
14535 4 2 1 1 3280 3303 3282 432
14536 4 2 1 1 3280 3303 449 3302
14537 4 2 1 1 435 3281 3280 3302
14538 4 2 1 1 1130 332 75 1152
14539 4 2 1 1 2533 319 109 2484
14540 4 2 1 1 1152 332 1120 1125
14541 4 2 1 1 1850 3135 2608 111
14542 4 2 1 1 2289 352 2505 2365
14543 4 2 1 1 108 352 107 2281
14544 4 2 1 1 341 1850 1799 111
14545 4 2 1 1 3135 1850 2608 1848
14546 4 2 1 1 3135 1850 340 111
14547 4 2 1 1 858 358 1651 856
14548 4 2 1 1 2584 166 2637 1737
14549 4 2 1 1 3118 2644 110 2524
14550 4 2 1 1 341 2303 111 112
14551 4 2 1 1 1425 355 1512 70
14552 4 2 1 1 890 358 74 359
14553 4 2 1 1 1739 165 1736 1738
14554 4 2 1 1 2547 1711 165 1738
14555 4 2 1 1 3118 2399 2644 2623
14556 4 2 1 1 3257 420 3252 3442
14557 4 2 1 1 895 360 890 1385
14558 4 2 1 1 308 2437 114 113
14559 4 2 1 1 2437 114 309 308
14560 4 2 1 1 341 1850 111 340
14561 4 2 1 1 2542 309 114 3106
14562 4 2 1 1 2449 309 2437 2667
14563 4 2 1 1 71 328 72 1629
14564 4 2 1 1 3309 3305 3312 3440
14565 4 2 1 1 341 112 1799 2471
14566 4 2 1 1 108 352 2281 353
14567 4 2 1 1 2281 352 2289 353
14568 4 2 1 1 2542 309 3106 2667
14569 4 2 1 1 187 2934 188 3465
14570 4 2 1 1 291 195 275 3472
14571 4 2 1 1 188 3465 2934 3576
14572 4 2 1 1 2305 2304 2301 3598
14573 4 2 1 1 2318 2508 2305 3598
14574 4 2 1 1 2300 2468 2301 3598
14575 4 2 1 1 2304 2305 2508 3598
14576 4 2 1 1 1956 1957 1955 3619
14577 4 2 1 1 1956 1954 2039 3619
14578 4 2 1 1 1956 1955 1954 3619
14579 4 2 1 1 1951 2192 1954 3619
14580 4 2 1 1 1951 1954 1953 3619
14581 4 2 1 1 2192 2039 1954 3619
14582 4 2 1 1 1954 1955 1953 3619
14583 4 2 1 1 2192 1951 1950 3619
14584 4 2 1 1 2181 2192 1950 3619
14585 4 2 1 1 2155 109 2159 3642
14586 4 2 1 1 334 345 335 3682
14587 4 2 1 1 326 314 325 3683
14588 4 2 1 1 3499 3559 3503 3683
14589 4 2 1 1 275 273 289 3684
14590 4 2 1 1 291 275 289 3684
14591 4 2 1 1 291 3472 275 3684
14592 4 2 1 1 291 3499 3472 3684
14593 4 2 1 1 2411 1902 2192 3764
14594 4 2 1 1 2411 2633 1902 3764
14595 4 2 1 1 1842 1840 2460 3764
14596 4 2 1 1 2460 1835 2119 3764
14597 4 2 1 1 2131 2184 1742 3768
14598 4 2 1 1 1738 1742 1740 3768
14599 4 2 1 1 2131 1742 2547 3768
14600 4 2 1 1 97 2131 98 3774
14601 4 2 1 1 2547 98 2131 3774
14602 4 2 1 1 1748 1749 1744 3794
14603 4 2 1 1 1744 1749 2636 3794
14604 4 2 1 1 3502 3596 335 3813
14605 4 2 1 1 2270 2285 2274 3851
14606 4 2 1 1 2267 2269 2270 3851
14607 4 2 1 1 2270 2681 2285 3851
14608 4 2 1 1 2681 2270 2269 3851
14609 4 2 1 1 3502 3682 3465 3862
14610 4 2 1 1 3465 3682 3561 3862
14611 4 2 1 1 3561 3576 3465 3862
14612 4 2 1 1 2886 3502 171 3862
14613 4 2 1 1 2200 2053 1922 3884
14614 4 2 1 1 1832 1741 1836 3884
14615 4 2 1 1 1741 1832 101 3884
14616 4 2 1 1 1443 1442 1441 3907
14617 4 2 1 1 291 3499 3684 3927
14618 4 2 1 1 3557 3684 3499 3927
14619 4 2 1 1 3561 3862 3682 3947
14620 4 2 1 1 1200 1251 1591 3960
14621 4 2 1 1 1591 1592 1200 3960
14622 4 2 1 1 2524 3118 2622 3986
14623 4 2 1 1 3523 345 3713 4008
14624 4 2 1 1 314 3644 3683 4020
14625 4 2 1 1 3472 3683 3513 4021
14626 4 2 1 1 1401 1607 1223 4026
14627 4 2 1 1 1223 1607 1235 4026
14628 4 2 1 1 1235 1203 1223 4026
14629 4 2 1 1 1593 1235 1607 4026
14630 4 2 1 1 1235 1251 1203 4026
14631 4 2 1 1 1593 1591 1235 4026
14632 4 2 1 1 1235 1591 1251 4026
14633 4 2 1 1 1591 1593 1592 4026
14634 4 2 1 1 3682 3862 3502 4050
14635 4 2 1 1 3682 3947 3862 4050
14636 4 2 1 1 2050 1868 2589 4051
14637 4 2 1 1 2350 2050 2351 4051
14638 4 2 1 1 2050 2049 1868 4051
14639 4 2 1 1 2049 2050 2350 4051
14640 4 2 1 1 215 3677 3024 4053
14641 4 2 1 1 178 275 3472 4055
14642 4 2 1 1 3472 275 3684 4055
14643 4 2 1 1 3465 3576 3561 4059
14644 4 2 1 1 3682 3880 3465 4059
14645 4 2 1 1 1762 2054 1764 4065
14646 4 2 1 1 1762 1764 1763 4065
14647 4 2 1 1 1761 1762 1763 4065
14648 4 2 1 1 1816 1761 1763 4065
14649 4 2 1 1 1760 1762 1761 4065
14650 4 2 1 1 2332 1761 1816 4065
14651 4 2 1 1 1728 2348 1726 4067
14652 4 2 1 1 1727 1726 1725 4067
14653 4 2 1 1 1727 1728 1726 4067
14654 4 2 1 1 1732 2348 1728 4067
14655 4 2 1 1 2350 2348 2049 4067
14656 4 2 1 1 1727 3446 1728 4067
14657 4 2 1 1 1730 1732 1728 4067
14658 4 2 1 1 1732 2049 2348 4067
14659 4 2 1 1 1730 1728 3446 4067
14660 4 2 1 1 1730 1733 1732 4067
14661 4 2 1 1 2049 1732 1868 4067
14662 4 2 1 1 2049 1868 4051 4067
14663 4 2 1 1 2934 3576 3465 4083
14664 4 2 1 1 220 3048 3715 4088
14665 4 2 1 1 174 3678 256 4095
14666 4 2 1 1 174 256 272 4095
14667 4 2 1 1 2460 105 1835 4132
14668 4 2 1 1 1840 105 2460 4132
14669 4 2 1 1 1763 1765 2464 4166
14670 4 2 1 1 2199 2464 2200 4166
14671 4 2 1 1 2199 1816 2464 4166
14672 4 2 1 1 2464 1816 1763 4166
14673 4 2 1 1 1816 4065 1763 4166
14674 4 2 1 1 1816 2199 2332 4166
14675 4 2 1 1 2332 4065 1816 4166
14676 4 2 1 1 2555 2580 2581 4172
14677 4 2 1 1 2555 2552 2580 4173
14678 4 2 1 1 2554 2551 2552 4173
14679 4 2 1 1 2551 2562 2190 4173
14680 4 2 1 1 2207 2204 2206 4184
14681 4 2 1 1 1988 2204 2205 4184
14682 4 2 1 1 2203 2206 2204 4184
14683 4 2 1 1 2451 1988 2205 4184
14684 4 2 1 1 2204 1988 2203 4184
14685 4 2 1 1 1985 1988 2451 4184
14686 4 2 1 1 1988 1987 2203 4184
14687 4 2 1 1 1985 1987 1988 4184
14688 4 2 1 1 1987 2491 2203 4184
14689 4 2 1 1 3499 3683 3472 4186
14690 4 2 1 1 3549 3716 3634 4220
14691 4 2 1 1 3549 3803 3716 4220
14692 4 2 1 1 3803 4006 3716 4220
14693 4 2 1 1 272 300 4095 4220
14694 4 2 1 1 265 266 250 4225
14695 4 2 1 1 250 249 265 4225
14696 4 2 1 1 265 3576 4012 4225
14697 4 2 1 1 265 4012 266 4225
14698 4 2 1 1 250 3961 249 4225
14699 4 2 1 1 3561 3862 3560 4225
14700 4 2 1 1 3862 3961 3560 4225
14701 4 2 1 1 249 3961 3862 4225
14702 4 2 1 1 1712 1720 92 4231
14703 4 2 1 1 2925 4006 3716 4234
14704 4 2 1 1 2275 2273 2274 4259
14705 4 2 1 1 1698 1446 1444 4261
14706 4 2 1 1 1442 1444 1445 4261
14707 4 2 1 1 3472 4055 3849 4276
14708 4 2 1 1 2537 2539 2249 4279
14709 4 2 1 1 2711 2335 1994 4335
14710 4 2 1 1 2387 1994 2335 4335
14711 4 2 1 1 2673 1852 2186 4396
14712 4 2 1 1 1751 1749 1750 4396
14713 4 2 1 1 1903 1749 1751 4396
14714 4 2 1 1 1755 1751 1754 4396
14715 4 2 1 1 1903 1751 1755 4396
14716 4 2 1 1 2265 1903 1755 4396
14717 4 2 1 1 2265 167 1905 4396
14718 4 2 1 1 2265 1905 1903 4396
14719 4 2 1 1 1904 1903 1905 4396
14720 4 2 1 1 1904 1749 1903 4396
14721 4 2 1 1 301 300 3709 4406
14722 4 2 1 1 1355 1361 1359 4452
14723 4 2 1 1 2648 2649 2147 4500
14724 4 2 1 1 1947 1949 1733 4514
14725 4 2 1 1 1733 1730 1947 4514
14726 4 2 1 1 1733 4067 1730 4514
14727 4 2 1 1 1948 2116 1947 4514
14728 4 2 1 1 2116 1948 1952 4514
14729 4 2 1 1 1730 1731 1947 4514
14730 4 2 1 1 1730 4067 3446 4514
14731 4 2 1 1 1731 1948 1947 4514
14732 4 2 1 1 1729 1731 1730 4514
14733 4 2 1 1 1729 1730 3446 4514
14734 4 2 1 1 4471 477 3686 478
14735 4 2 1 1 4471 3686 477 3889
14736 4 2 1 1 3545 3686 477 478
14737 4 2 1 1 3545 477 3686 3889
14738 4 2 1 1 3768 2547 1738 1742
14739 4 2 1 1 4301 4325 4502 3539
14740 4 2 1 1 4502 4325 4301 3448
14741 4 2 1 1 4502 4112 4301 3539
14742 4 2 1 1 4301 4112 4502 3448
14743 4 2 1 1 385 4175 24 28
14744 4 2 1 1 24 4175 385 369
14745 4 2 1 1 24 3185 385 28
14746 4 2 1 1 385 3185 24 369
14747 4 2 1 1 2335 2144 4335 2711
14748 4 2 1 1 2335 4335 2144 3642
14749 4 2 1 1 3747 290 4015 3722
14750 4 2 1 1 3747 4015 290 304
14751 4 2 1 1 289 3684 3927 291
14752 4 2 1 1 2958 2957 4133 207
14753 4 2 1 1 2958 4133 2957 4252
14754 4 2 1 1 3131 4133 170 207
14755 4 2 1 1 3131 170 4133 4252
14756 4 2 1 1 4133 2957 170 207
14757 4 2 1 1 4133 170 2957 4252
14758 4 2 1 1 1736 166 2584 1737
14759 4 2 1 1 1736 2584 166 165
14760 4 2 1 1 3482 3551 4470 3832
14761 4 2 1 1 3743 4470 3551 3832
14762 4 2 1 1 3792 4523 4192 3550
14763 4 2 1 1 4192 4523 3792 3462
14764 4 2 1 1 3979 420 405 421
14765 4 2 1 1 3979 405 420 404
14766 4 2 1 1 3225 420 405 404
14767 4 2 1 1 3743 3482 4470 3522
14768 4 2 1 1 3743 4470 3482 3551
14769 4 2 1 1 3837 175 174 2877
14770 4 2 1 1 3678 174 3837 4095
14771 4 2 1 1 4314 3678 3837 4095
14772 4 2 1 1 2274 2270 4259 2273
14773 4 2 1 1 2274 4259 2270 3851
14774 4 2 1 1 2272 4259 2270 2273
14775 4 2 1 1 2272 2270 4259 3851
14776 4 2 1 1 4433 3757 3592 3942
14777 4 2 1 1 4433 3592 3757 4030
14778 4 2 1 1 4020 314 326 3683
14779 4 2 1 1 4020 326 314 315
14780 4 2 1 1 3855 2741 2745 83
14781 4 2 1 1 3855 2745 2741 3646
14782 4 2 1 1 1846 1782 3598 2338
14783 4 2 1 1 3805 204 4169 354
14784 4 2 1 1 2139 1734 182 199
14785 4 2 1 1 3946 1898 4508 1894
14786 4 2 1 1 3946 4508 1898 3757
14787 4 2 1 1 4059 3682 3561 3465
14788 4 2 1 1 4059 3561 3682 3947
14789 4 2 1 1 4201 3568 3665 4006
14790 4 2 1 1 3665 3568 4201 3471
14791 4 2 1 1 3665 4140 4201 4006
14792 4 2 1 1 4201 4140 3665 3471
14793 4 2 1 1 3787 328 1467 3802
14794 4 2 1 1 1468 328 1467 1464
14795 4 2 1 1 1468 1467 328 3802
14796 4 2 1 1 4297 3655 393 3223
14797 4 2 1 1 393 3655 4297 3693
14798 4 2 1 1 393 3221 4297 3223
14799 4 2 1 1 1689 1251 4026 1203
14800 4 2 1 1 4026 1251 1689 3960
14801 4 2 1 1 4026 4102 1689 1203
14802 4 2 1 1 1689 4102 4026 3960
14803 4 2 1 1 3348 3350 9 10
14804 4 2 1 1 3348 9 3350 3327
14805 4 2 1 1 1736 1711 166 1735
14806 4 2 1 1 1736 166 1711 165
14807 4 2 1 1 99 166 1711 1735
14808 4 2 1 1 99 1711 166 165
14809 4 2 1 1 3835 332 1655 4393
14810 4 2 1 1 1582 1160 332 1125
14811 4 2 1 1 332 1160 1582 4393
14812 4 2 1 1 1655 1582 332 1125
14813 4 2 1 1 332 1582 1655 4393
14814 4 2 1 1 2199 2909 3884 1922
14815 4 2 1 1 3884 2909 2199 4166
14816 4 2 1 1 3884 2200 2199 1922
14817 4 2 1 1 2199 2200 3884 4166
14818 4 2 1 1 4519 360 890 895
14819 4 2 1 1 4519 890 360 3817
14820 4 2 1 1 4128 598 4081 624
14821 4 2 1 1 4128 4081 598 3622
14822 4 2 1 1 2492 1846 3598 2317
14823 4 2 1 1 3598 1846 2492 4364
14824 4 2 1 1 3598 2311 2492 2317
14825 4 2 1 1 2492 2311 3598 4364
14826 4 2 1 1 1096 1467 4017 1471
14827 4 2 1 1 4017 1467 1096 3802
14828 4 2 1 1 1855 1857 341 1856
14829 4 2 1 1 1855 341 1857 4215
14830 4 2 1 1 4431 741 4143 672
14831 4 2 1 1 4431 4143 741 3818
14832 4 2 1 1 4192 3462 3936 3791
14833 4 2 1 1 4192 3936 3462 3792
14834 4 2 1 1 356 1530 1526 1522
14835 4 2 1 1 69 1533 356 1522
14836 4 2 1 1 69 356 1533 357
14837 4 2 1 1 1533 1530 356 1522
14838 4 2 1 1 1533 356 1530 357
14839 4 2 1 1 4482 1047 993 3746
14840 4 2 1 1 4482 993 1047 1500
14841 4 2 1 1 3794 4396 2861 2889
14842 4 2 1 1 3768 3794 2861 2889
14843 4 2 1 1 4258 1908 1909 1943
14844 4 2 1 1 4258 1909 1908 3854
14845 4 2 1 1 4258 1910 3785 1911
14846 4 2 1 1 4258 3785 1910 3854
14847 4 2 1 1 3883 1536 356 1527
14848 4 2 1 1 3883 356 1536 3878
14849 4 2 1 1 1574 356 1536 1527
14850 4 2 1 1 1574 1536 356 3878
14851 4 2 1 1 3577 328 3724 331
14852 4 2 1 1 3844 4079 4418 3795
14853 4 2 1 1 4418 4079 3844 3452
14854 4 2 1 1 3927 195 196 2946
14855 4 2 1 1 3927 196 195 3499
14856 4 2 1 1 3503 3927 196 2946
14857 4 2 1 1 3503 196 3927 3499
14858 4 2 1 1 3834 3927 3503 2946
14859 4 2 1 1 3834 3503 3927 3499
14860 4 2 1 1 3842 1370 358 856
14861 4 2 1 1 890 358 1370 856
14862 4 2 1 1 2650 4259 2059 3851
14863 4 2 1 1 2650 2059 4259 2712
14864 4 2 1 1 2713 2059 4259 3851
14865 4 2 1 1 2713 4259 2059 2712
14866 4 2 1 1 3577 3533 3504 3547
14867 4 2 1 1 3577 3504 3533 3562
14868 4 2 1 1 3480 3504 3533 3547
14869 4 2 1 1 3480 3533 3504 3562
14870 4 2 1 1 859 857 358 858
14871 4 2 1 1 859 358 857 4074
14872 4 2 1 1 4476 2423 319 2531
14873 4 2 1 1 4476 319 2423 4113
14874 4 2 1 1 2530 319 2423 2531
14875 4 2 1 1 2530 2423 319 4113
14876 4 2 1 1 464 4191 588 586
14877 4 2 1 1 588 4191 464 480
14878 4 2 1 1 588 29 464 586
14879 4 2 1 1 464 29 588 480
14880 4 2 1 1 1545 1371 3842 969
14881 4 2 1 1 3842 1371 1545 4198
14882 4 2 1 1 1447 1448 329 1451
14883 4 2 1 1 329 1448 1447 4261
14884 4 2 1 1 1450 1452 329 1451
14885 4 2 1 1 1448 1450 329 1451
14886 4 2 1 1 329 1450 1448 4261
14887 4 2 1 1 4253 3447 3791 3692
14888 4 2 1 1 4253 3791 3447 3701
14889 4 2 1 1 3898 253 3695 252
14890 4 2 1 1 3898 3695 253 3778
14891 4 2 1 1 4241 4247 3554 4177
14892 4 2 1 1 3554 4247 4241 4144
14893 4 2 1 1 3626 4361 3627 3892
14894 4 2 1 1 3627 4361 3626 3982
14895 4 2 1 1 97 2821 165 2811
14896 4 2 1 1 97 165 2821 4363
14897 4 2 1 1 1671 1142 330 1672
14898 4 2 1 1 1671 330 1142 4349
14899 4 2 1 1 3903 330 1142 1672
14900 4 2 1 1 3903 1142 330 4349
14901 4 2 1 1 3579 2242 3942 3991
14902 4 2 1 1 3579 3942 2242 4210
14903 4 2 1 1 3649 3533 3577 3547
14904 4 2 1 1 3649 3577 3533 328
14905 4 2 1 1 4230 1721 1712 1720
14906 4 2 1 1 4092 2510 2502 2509
14907 4 2 1 1 4092 2502 2510 3618
14908 4 2 1 1 1123 1655 3835 1124
14909 4 2 1 1 1123 3835 1655 4393
14910 4 2 1 1 3906 583 473 18
14911 4 2 1 1 3906 473 583 4157
14912 4 2 1 1 2670 2436 308 2710
14913 4 2 1 1 2670 308 2436 4326
14914 4 2 1 1 4499 3714 3526 3761
14915 4 2 1 1 4499 3526 3714 3636
14916 4 2 1 1 4492 2884 3760 2862
14917 4 2 1 1 4492 3760 2884 3768
14918 4 2 1 1 3135 1848 340 1850
14919 4 2 1 1 4122 4250 736 772
14920 4 2 1 1 736 4250 4122 3707
14921 4 2 1 1 4505 4097 3496 3662
14922 4 2 1 1 4505 3496 4097 4221
14923 4 2 1 1 1810 3859 340 1848
14924 4 2 1 1 340 3135 1810 1848
14925 4 2 1 1 4369 2035 4073 4114
14926 4 2 1 1 4369 4073 2035 2401
14927 4 2 1 1 4288 4157 457 458
14928 4 2 1 1 4288 457 4157 3717
14929 4 2 1 1 167 3598 202 2960
14930 4 2 1 1 4006 3528 4220 3467
14931 4 2 1 1 4006 4220 3528 3585
14932 4 2 1 1 3580 4164 3506 3826
14933 4 2 1 1 3580 3506 4164 3549
14934 4 2 1 1 3716 3506 4164 3826
14935 4 2 1 1 3716 4164 3506 3549
14936 4 2 1 1 3908 4505 3496 3662
14937 4 2 1 1 3496 4505 3908 3588
14938 4 2 1 1 3615 1577 4493 960
14939 4 2 1 1 959 4493 1577 960
14940 4 2 1 1 1758 1759 167 184
14941 4 2 1 1 1758 167 1759 1757
14942 4 2 1 1 1778 167 1759 184
14943 4 2 1 1 1778 1759 167 1757
14944 4 2 1 1 3568 3955 4151 3471
14945 4 2 1 1 4151 3955 3568 3567
14946 4 2 1 1 1444 1698 329 1465
14947 4 2 1 1 1444 329 1698 4261
14948 4 2 1 1 1447 329 1698 1465
14949 4 2 1 1 1447 1698 329 4261
14950 4 2 1 1 4197 704 796 725
14951 4 2 1 1 4197 796 704 3758
14952 4 2 1 1 4216 4474 34 3956
14953 4 2 1 1 34 4474 4216 3893
14954 4 2 1 1 427 4242 3672 428
14955 4 2 1 1 3672 4242 427 4002
14956 4 2 1 1 3784 2644 3118 2399
14957 4 2 1 1 3894 3782 2016 2008
14958 4 2 1 1 3894 2016 3782 3683
14959 4 2 1 1 2015 2016 3782 2008
14960 4 2 1 1 2015 3782 2016 3683
14961 4 2 1 1 2312 2311 3598 2310
14962 4 2 1 1 3598 2311 2312 4364
14963 4 2 1 1 4312 38 4136 455
14964 4 2 1 1 4312 4136 38 3846
14965 4 2 1 1 4146 1824 1862 1713
14966 4 2 1 1 4146 1862 1824 3729
14967 4 2 1 1 184 2279 2281 108
14968 4 2 1 1 3851 184 3897 3610
14969 4 2 1 1 4336 4417 3452 3531
14970 4 2 1 1 3452 4417 4336 4094
14971 4 2 1 1 4523 4214 3450 3550
14972 4 2 1 1 4523 3450 4214 4419
14973 4 2 1 1 4280 3793 3571 3874
14974 4 2 1 1 4280 3571 3793 3717
14975 4 2 1 1 991 4513 993 994
14976 4 2 1 1 993 4513 991 3821
14977 4 2 1 1 3985 2393 2396 2621
14978 4 2 1 1 3985 2396 2393 3986
14979 4 2 1 1 2622 2624 3985 2621
14980 4 2 1 1 2622 3985 2624 3986
14981 4 2 1 1 2624 2393 3985 2621
14982 4 2 1 1 2624 3985 2393 3986
14983 4 2 1 1 3991 3648 3942 3579
14984 4 2 1 1 3991 3942 3648 3753
14985 4 2 1 1 4311 3507 3917 3839
14986 4 2 1 1 4311 3917 3507 3838
14987 4 2 1 1 645 4191 3742 658
14988 4 2 1 1 3742 4191 645 3736
14989 4 2 1 1 4110 1937 1747 3794
14990 4 2 1 1 4110 1747 1937 1829
14991 4 2 1 1 3974 1898 3946 1892
14992 4 2 1 1 3974 3946 1898 3757
14993 4 2 1 1 328 71 1457 1629
14994 4 2 1 1 4191 645 4093 633
14995 4 2 1 1 4191 4093 645 3736
14996 4 2 1 1 3773 429 3911 4242
14997 4 2 1 1 3773 3911 429 4499
14998 4 2 1 1 952 3658 4188 951
14999 4 2 1 1 952 4188 3658 4032
15000 4 2 1 1 4254 4435 3701 3900
15001 4 2 1 1 3701 4435 4254 4253
15002 4 2 1 1 2636 2175 2861 1904
15003 4 2 1 1 4181 4186 3590 3472
15004 4 2 1 1 4181 3590 4186 3473
15005 4 2 1 1 3684 3590 4186 3472
15006 4 2 1 1 3684 4186 3590 3473
15007 4 2 1 1 265 3019 171 249
15008 4 2 1 1 171 3019 265 188
15009 4 2 1 1 3642 232 199 2995
15010 4 2 1 1 4190 4322 1874 1875
15011 4 2 1 1 1874 4322 4190 3651
15012 4 2 1 1 4128 701 709 3622
15013 4 2 1 1 4128 709 701 708
15014 4 2 1 1 4283 3848 3951 4219
15015 4 2 1 1 4283 3951 3848 4142
15016 4 2 1 1 4135 4439 704 726
15017 4 2 1 1 704 4439 4135 3758
15018 4 2 1 1 2372 2656 3796 2657
15019 4 2 1 1 2372 3796 2656 4172
15020 4 2 1 1 2375 3796 2656 2657
15021 4 2 1 1 2375 2656 3796 4172
15022 4 2 1 1 4282 2579 4494 2237
15023 4 2 1 1 4282 4494 2579 3644
15024 4 2 1 1 2719 4494 2579 2237
15025 4 2 1 1 2719 2579 4494 3644
15026 4 2 1 1 255 3018 270 254
15027 4 2 1 1 2274 2275 184 108
15028 4 2 1 1 2277 2279 184 108
15029 4 2 1 1 2277 184 2279 3897
15030 4 2 1 1 2275 2277 184 108
15031 4 2 1 1 3321 460 477 461
15032 4 2 1 1 1050 4040 1331 3679
15033 4 2 1 1 1050 1331 4040 1377
15034 4 2 1 1 1695 1331 4040 3679
15035 4 2 1 1 1695 4040 1331 1377
15036 4 2 1 1 4036 2560 2172 2173
15037 4 2 1 1 4036 2172 2560 3637
15038 4 2 1 1 4145 1935 4170 2349
15039 4 2 1 1 4145 4170 1935 3605
15040 4 2 1 1 4267 4523 3507 3839
15041 4 2 1 1 3507 4523 4267 3790
15042 4 2 1 1 4414 4035 674 3823
15043 4 2 1 1 4414 674 4035 3718
15044 4 2 1 1 4308 4002 3275 425
15045 4 2 1 1 4308 3275 4002 3630
15046 4 2 1 1 426 3275 4002 425
15047 4 2 1 1 426 4002 3275 3630
15048 4 2 1 1 4329 3675 3511 3655
15049 4 2 1 1 4329 3511 3675 4183
15050 4 2 1 1 3743 4470 4146 3522
15051 4 2 1 1 4146 4470 3743 4038
15052 4 2 1 1 268 4043 3695 252
15053 4 2 1 1 3695 4043 268 4428
15054 4 2 1 1 3695 253 268 252
15055 4 2 1 1 4044 269 3695 253
15056 4 2 1 1 4044 3695 269 4428
15057 4 2 1 1 268 3695 269 253
15058 4 2 1 1 268 269 3695 4428
15059 4 2 1 1 4490 2658 3759 3880
15060 4 2 1 1 4490 3759 2658 1878
15061 4 2 1 1 4143 735 618 757
15062 4 2 1 1 4143 618 735 3918
15063 4 2 1 1 475 3776 458 474
15064 4 2 1 1 458 3776 475 459
15065 4 2 1 1 458 3346 475 474
15066 4 2 1 1 4229 4090 3544 3488
15067 4 2 1 1 4229 3544 4090 4066
15068 4 2 1 1 4302 1417 1165 1565
15069 4 2 1 1 4302 1165 1417 3599
15070 4 2 1 1 3961 251 4225 250
15071 4 2 1 1 3961 4225 251 3898
15072 4 2 1 1 4457 2235 2247 2389
15073 4 2 1 1 4457 2247 2235 3991
15074 4 2 1 1 3850 3498 3615 3673
15075 4 2 1 1 3850 3615 3498 4274
15076 4 2 1 1 3705 2022 3899 2005
15077 4 2 1 1 3705 3899 2022 4218
15078 4 2 1 1 2020 3899 2022 2005
15079 4 2 1 1 2020 2022 3899 4218
15080 4 2 1 1 4419 3792 4523 3462
15081 4 2 1 1 4419 4523 3792 4214
15082 4 2 1 1 3978 2427 307 306
15083 4 2 1 1 3978 307 2427 2429
15084 4 2 1 1 113 307 2427 306
15085 4 2 1 1 113 2427 307 2429
15086 4 2 1 1 3943 2975 230 2974
15087 4 2 1 1 290 288 4056 274
15088 4 2 1 1 4056 3684 290 274
15089 4 2 1 1 290 3684 4056 4015
15090 4 2 1 1 2427 182 4184 2334
15091 4 2 1 1 248 3015 3887 210
15092 4 2 1 1 248 3887 3015 4330
15093 4 2 1 1 208 3027 3887 210
15094 4 2 1 1 208 3887 3027 4330
15095 4 2 1 1 3027 248 3887 210
15096 4 2 1 1 3027 3887 248 4330
15097 4 2 1 1 4506 3882 3464 587
15098 4 2 1 1 4506 3464 3882 3972
15099 4 2 1 1 4273 3538 3558 3557
15100 4 2 1 1 4273 3558 3538 4222
15101 4 2 1 1 4422 749 760 3936
15102 4 2 1 1 4422 760 749 748
15103 4 2 1 1 779 4427 781 780
15104 4 2 1 1 781 4427 779 4324
15105 4 2 1 1 326 4020 305 315
15106 4 2 1 1 305 4020 326 316
15107 4 2 1 1 305 3107 326 315
15108 4 2 1 1 4129 1332 3564 3996
15109 4 2 1 1 4129 3564 1332 1225
15110 4 2 1 1 953 3564 1332 3996
15111 4 2 1 1 953 1332 3564 1225
15112 4 2 1 1 4385 1057 1433 1055
15113 4 2 1 1 4385 1433 1057 3827
15114 4 2 1 1 857 855 358 858
15115 4 2 1 1 857 358 855 3842
15116 4 2 1 1 3310 4429 4187 3306
15117 4 2 1 1 4187 4429 3310 3735
15118 4 2 1 1 4111 3335 3334 3343
15119 4 2 1 1 4111 3334 3335 4126
15120 4 2 1 1 144 1427 68 817
15121 4 2 1 1 68 1427 144 2776
15122 4 2 1 1 1437 3907 1439 1440
15123 4 2 1 1 1437 1439 3907 4359
15124 4 2 1 1 1441 1439 3907 1440
15125 4 2 1 1 1441 3907 1439 4359
15126 4 2 1 1 360 1363 1362 1385
15127 4 2 1 1 360 1362 1363 4452
15128 4 2 1 1 1244 1032 4394 1385
15129 4 2 1 1 4394 1032 360 1385
15130 4 2 1 1 4394 360 1032 4452
15131 4 2 1 1 1032 1363 360 1385
15132 4 2 1 1 1032 360 1363 4452
15133 4 2 1 1 4302 1164 1417 1565
15134 4 2 1 1 4302 1417 1164 4159
15135 4 2 1 1 2041 4092 2021 2509
15136 4 2 1 1 2021 4092 2041 3899
15137 4 2 1 1 315 4481 4020 305
15138 4 2 1 1 4160 446 4350 445
15139 4 2 1 1 4160 4350 446 3761
15140 4 2 1 1 4515 2497 2398 2496
15141 4 2 1 1 3774 2547 3768 2131
15142 4 2 1 1 4108 1411 3950 4001
15143 4 2 1 1 4108 3950 1411 946
15144 4 2 1 1 4277 39 4189 592
15145 4 2 1 1 4317 3070 4158 3057
15146 4 2 1 1 4317 4158 3070 4054
15147 4 2 1 1 4111 4235 4126 3335
15148 4 2 1 1 4126 4235 4111 3629
15149 4 2 1 1 4014 4262 390 3708
15150 4 2 1 1 390 4262 4014 3886
15151 4 2 1 1 4014 391 390 3886
15152 4 2 1 1 4342 407 424 423
15153 4 2 1 1 4342 424 407 408
15154 4 2 1 1 3254 424 407 423
15155 4 2 1 1 4331 1247 3744 820
15156 4 2 1 1 4331 3744 1247 4032
15157 4 2 1 1 1292 1043 4009 1293
15158 4 2 1 1 1292 4009 1043 4347
15159 4 2 1 1 1744 3794 1745 1748
15160 4 2 1 1 1745 3794 1744 3768
15161 4 2 1 1 4370 1909 1910 3854
15162 4 2 1 1 4370 1910 1909 1820
15163 4 2 1 1 4093 4116 4191 633
15164 4 2 1 1 4191 4116 4093 3591
15165 4 2 1 1 532 4128 617 624
15166 4 2 1 1 617 4128 532 724
15167 4 2 1 1 4235 4111 3889 3344
15168 4 2 1 1 4235 3889 4111 3629
15169 4 2 1 1 4299 389 4060 4019
15170 4 2 1 1 4299 4060 389 388
15171 4 2 1 1 4295 999 4430 1339
15172 4 2 1 1 4295 4430 999 4046
15173 4 2 1 1 3979 593 86 595
15174 4 2 1 1 4402 3694 3846 3536
15175 4 2 1 1 4402 3846 3694 4085
15176 4 2 1 1 2521 3986 2522 2678
15177 4 2 1 1 2521 2522 3986 4401
15178 4 2 1 1 110 2522 3986 2678
15179 4 2 1 1 110 3986 2522 4401
15180 4 2 1 1 4258 1913 4034 2638
15181 4 2 1 1 4258 4034 1913 3785
15182 4 2 1 1 344 3439 334 345
15183 4 2 1 1 334 3439 344 333
15184 4 2 1 1 334 4008 344 345
15185 4 2 1 1 344 4008 334 333
15186 4 2 1 1 1835 3748 2101 2102
15187 4 2 1 1 1835 2101 3748 4132
15188 4 2 1 1 4396 1748 1749 1750
15189 4 2 1 1 4396 1749 1748 3794
15190 4 2 1 1 2041 4281 4073 2024
15191 4 2 1 1 4073 4281 2041 3575
15192 4 2 1 1 4073 2028 2041 2024
15193 4 2 1 1 2041 2028 4073 3575
15194 4 2 1 1 4195 3247 419 119
15195 4 2 1 1 4195 419 3247 3828
15196 4 2 1 1 2861 2175 1740 1739
15197 4 2 1 1 2510 3930 2502 2593
15198 4 2 1 1 2502 3930 2510 3618
15199 4 2 1 1 344 2087 4008 333
15200 4 2 1 1 4008 2087 344 2085
15201 4 2 1 1 1279 3779 1277 1280
15202 4 2 1 1 1277 3779 1279 3649
15203 4 2 1 1 3503 325 4004 196
15204 4 2 1 1 4259 2713 2062 2712
15205 4 2 1 1 4259 2062 2713 3767
15206 4 2 1 1 4343 2247 2099 2390
15207 4 2 1 1 4343 2099 2247 3753
15208 4 2 1 1 1148 1147 3997 1340
15209 4 2 1 1 1148 3997 1147 4349
15210 4 2 1 1 330 1147 3997 4349
15211 4 2 1 1 4499 15 3773 4037
15212 4 2 1 1 4499 3773 15 430
15213 4 2 1 1 4345 3773 15 4037
15214 4 2 1 1 4345 15 3773 430
15215 4 2 1 1 343 342 4364 2471
15216 4 2 1 1 2308 4364 342 2471
15217 4 2 1 1 2308 342 4364 4215
15218 4 2 1 1 3003 240 3797 239
15219 4 2 1 1 3797 240 3003 4333
15220 4 2 1 1 3797 227 3003 239
15221 4 2 1 1 3003 227 3797 4333
15222 4 2 1 1 4200 3624 3150 3964
15223 4 2 1 1 4200 3150 3624 3905
15224 4 2 1 1 4158 3068 4404 3064
15225 4 2 1 1 4158 4404 3068 3871
15226 4 2 1 1 3061 4404 3068 3064
15227 4 2 1 1 3061 3068 4404 3871
15228 4 2 1 1 4343 4332 4309 3753
15229 4 2 1 1 4343 4309 4332 3623
15230 4 2 1 1 4021 2029 2260 1869
15231 4 2 1 1 4021 2260 2029 3683
15232 4 2 1 1 778 4209 3909 797
15233 4 2 1 1 3909 4209 778 3988
15234 4 2 1 1 4067 2351 4051 2350
15235 4 2 1 1 4067 4051 2351 3710
15236 4 2 1 1 3857 329 3533 3667
15237 4 2 1 1 3857 3533 329 328
15238 4 2 1 1 3602 3533 329 3667
15239 4 2 1 1 3602 329 3533 328
15240 4 2 1 1 406 4353 3723 422
15241 4 2 1 1 3723 4353 406 4423
15242 4 2 1 1 3723 421 406 422
15243 4 2 1 1 4435 4412 3701 3470
15244 4 2 1 1 4435 3701 4412 4253
15245 4 2 1 1 4425 885 1310 1657
15246 4 2 1 1 4425 1310 885 4074
15247 4 2 1 1 4178 2655 4481 2250
15248 4 2 1 1 4178 4481 2655 3861
15249 4 2 1 1 4461 2516 2220 2218
15250 4 2 1 1 4461 2220 2516 3995
15251 4 2 1 1 199 4514 1734 182
15252 4 2 1 1 1734 1727 3446 1729
15253 4 2 1 1 4514 3446 1734 182
15254 4 2 1 1 1734 3446 4514 1729
15255 4 2 1 1 4161 1967 1995 1996
15256 4 2 1 1 4161 1995 1967 4091
15257 4 2 1 1 3959 3610 2980 3767
15258 4 2 1 1 3996 1227 4129 1332
15259 4 2 1 1 3996 4129 1227 3867
15260 4 2 1 1 4409 2873 2881 3865
15261 4 2 1 1 4409 2881 2873 2906
15262 4 2 1 1 4492 2874 2865 2863
15263 4 2 1 1 4492 2865 2874 4275
15264 4 2 1 1 4227 1999 1996 1998
15265 4 2 1 1 4227 1996 1999 4161
15266 4 2 1 1 392 594 3690 596
15267 4 2 1 1 3690 594 392 4271
15268 4 2 1 1 3690 4014 392 596
15269 4 2 1 1 582 3622 4037 4081
15270 4 2 1 1 4037 3622 582 4232
15271 4 2 1 1 4350 4084 19 3761
15272 4 2 1 1 4350 19 4084 4341
15273 4 2 1 1 792 3988 3909 778
15274 4 2 1 1 3909 3988 792 3976
15275 4 2 1 1 4387 4236 3081 3083
15276 4 2 1 1 4387 3081 4236 3925
15277 4 2 1 1 3882 4175 28 587
15278 4 2 1 1 3882 28 4175 4495
15279 4 2 1 1 4302 1066 1065 1067
15280 4 2 1 1 4302 1065 1066 3840
15281 4 2 1 1 386 369 4175 370
15282 4 2 1 1 4485 3514 3600 3912
15283 4 2 1 1 4485 3600 3514 4232
15284 4 2 1 1 803 4122 782 772
15285 4 2 1 1 782 4122 803 4024
15286 4 2 1 1 4333 323 322 3127
15287 4 2 1 1 4333 322 323 3740
15288 4 2 1 1 431 4075 4345 3937
15289 4 2 1 1 431 4345 4075 4305
15290 4 2 1 1 3671 4345 4075 3937
15291 4 2 1 1 3671 4075 4345 4305
15292 4 2 1 1 4126 3349 10 3804
15293 4 2 1 1 4126 10 3349 3350
15294 4 2 1 1 2382 4173 2378 2587
15295 4 2 1 1 2378 4173 2382 4172
15296 4 2 1 1 4219 4135 4097 713
15297 4 2 1 1 4219 4097 4135 3848
15298 4 2 1 1 4177 4256 3447 3701
15299 4 2 1 1 3447 4256 4177 3737
15300 4 2 1 1 3447 3936 4177 3701
15301 4 2 1 1 4177 3936 3447 3737
15302 4 2 1 1 1359 1360 4452 1653
15303 4 2 1 1 4225 267 250 251
15304 4 2 1 1 4225 250 267 266
15305 4 2 1 1 3046 267 250 266
15306 4 2 1 1 4327 4471 3340 3866
15307 4 2 1 1 3340 4471 4327 479
15308 4 2 1 1 4469 376 594 4271
15309 4 2 1 1 4469 594 376 47
15310 4 2 1 1 3590 4071 4451 3555
15311 4 2 1 1 4451 4071 3590 3474
15312 4 2 1 1 45 3892 4432 24
15313 4 2 1 1 4432 3892 45 3752
15314 4 2 1 1 3494 3699 3830 3519
15315 4 2 1 1 3830 3699 3494 3603
15316 4 2 1 1 4358 2931 4005 2929
15317 4 2 1 1 4358 4005 2931 3834
15318 4 2 1 1 593 4357 3766 48
15319 4 2 1 1 3766 4357 593 4147
15320 4 2 1 1 3766 404 593 48
15321 4 2 1 1 593 404 3766 4147
15322 4 2 1 1 4375 3256 3939 4061
15323 4 2 1 1 4375 3939 3256 3245
15324 4 2 1 1 3947 587 4293 2463
15325 4 2 1 1 3947 4293 587 3882
15326 4 2 1 1 4231 1712 183 92
15327 4 2 1 1 4331 1637 902 1648
15328 4 2 1 1 4331 902 1637 4185
15329 4 2 1 1 1271 3835 3602 4366
15330 4 2 1 1 3602 3835 1271 4393
15331 4 2 1 1 4231 183 4067 2876
15332 4 2 1 1 1443 329 71 1465
15333 4 2 1 1 1443 71 329 4359
15334 4 2 1 1 4092 4517 3797 3618
15335 4 2 1 1 3797 4517 4092 3492
15336 4 2 1 1 3797 4091 4092 3618
15337 4 2 1 1 4092 4091 3797 3492
15338 4 2 1 1 4228 2090 2093 2092
15339 4 2 1 1 4228 2093 2090 3813
15340 4 2 1 1 3684 3722 3927 3557
15341 4 2 1 1 3927 3722 3684 289
15342 4 2 1 1 2252 3782 2044 2654
15343 4 2 1 1 2044 3782 2252 316
15344 4 2 1 1 3526 4499 3911 3636
15345 4 2 1 1 3911 4499 3526 4160
15346 4 2 1 1 2382 4173 3624 4172
15347 4 2 1 1 2382 3624 4173 3905
15348 4 2 1 1 3796 3624 4173 4172
15349 4 2 1 1 3796 4173 3624 3905
15350 4 2 1 1 3718 681 677 685
15351 4 2 1 1 3718 677 681 3653
15352 4 2 1 1 4169 2322 2062 2321
15353 4 2 1 1 4169 2062 2322 4259
15354 4 2 1 1 413 4000 3239 414
15355 4 2 1 1 3239 4000 413 3810
15356 4 2 1 1 2542 2687 3106 2540
15357 4 2 1 1 3106 2687 2537 2540
15358 4 2 1 1 2539 3106 2537 2540
15359 4 2 1 1 2539 2537 3106 4279
15360 4 2 1 1 305 3106 2539 2540
15361 4 2 1 1 3095 4387 303 3090
15362 4 2 1 1 3095 303 4387 4052
15363 4 2 1 1 3747 303 4387 3090
15364 4 2 1 1 3747 4387 303 4052
15365 4 2 1 1 3880 2329 2331 1879
15366 4 2 1 1 3880 2331 2329 3682
15367 4 2 1 1 4517 3899 4092 4004
15368 4 2 1 1 4517 4092 3899 3618
15369 4 2 1 1 4367 923 924 925
15370 4 2 1 1 4367 924 923 3602
15371 4 2 1 1 1030 1032 4394 1244
15372 4 2 1 1 4394 1032 1030 4452
15373 4 2 1 1 4228 4050 2512 2141
15374 4 2 1 1 4228 2512 4050 3946
15375 4 2 1 1 1895 2512 4050 2141
15376 4 2 1 1 1895 4050 2512 3946
15377 4 2 1 1 4287 4089 3636 584
15378 4 2 1 1 4287 3636 4089 3714
15379 4 2 1 1 3636 4089 4499 584
15380 4 2 1 1 3636 4499 4089 3714
15381 4 2 1 1 4499 4089 3761 584
15382 4 2 1 1 4499 3761 4089 3714
15383 4 2 1 1 3349 3350 9 3326
15384 4 2 1 1 9 3350 3349 10
15385 4 2 1 1 249 3862 3728 171
15386 4 2 1 1 3728 3862 249 3961
15387 4 2 1 1 3728 3019 249 171
15388 4 2 1 1 249 3019 3728 3961
15389 4 2 1 1 4497 2082 4407 2078
15390 4 2 1 1 4497 4407 2082 3713
15391 4 2 1 1 3886 3518 3690 784
15392 4 2 1 1 3886 3690 3518 4014
15393 4 2 1 1 4424 4330 3017 3011
15394 4 2 1 1 4424 3017 4330 4049
15395 4 2 1 1 3010 3017 4330 3011
15396 4 2 1 1 3010 4330 3017 4049
15397 4 2 1 1 4261 1442 329 3907
15398 4 2 1 1 4261 329 1442 1444
15399 4 2 1 1 1443 329 1442 3907
15400 4 2 1 1 1443 1442 329 1444
15401 4 2 1 1 3830 3984 3175 3162
15402 4 2 1 1 3830 3175 3984 3771
15403 4 2 1 1 3158 3175 3984 3162
15404 4 2 1 1 3158 3984 3175 3771
15405 4 2 1 1 4015 3520 3722 3557
15406 4 2 1 1 4015 3722 3520 3747
15407 4 2 1 1 4337 2220 2230 3995
15408 4 2 1 1 4337 2230 2220 2232
15409 4 2 1 1 4356 270 4088 3042
15410 4 2 1 1 4356 4088 270 3826
15411 4 2 1 1 1199 358 1652 1201
15412 4 2 1 1 1199 1652 358 3960
15413 4 2 1 1 1650 1652 358 1201
15414 4 2 1 1 3939 3723 3551 3833
15415 4 2 1 1 3939 3551 3723 3979
15416 4 2 1 1 2888 4408 2893 2869
15417 4 2 1 1 2893 4408 2888 4248
15418 4 2 1 1 3779 1279 1281 1280
15419 4 2 1 1 3779 1281 1279 3547
15420 4 2 1 1 3962 3182 378 379
15421 4 2 1 1 3962 378 3182 3732
15422 4 2 1 1 86 3979 3743 420
15423 4 2 1 1 86 3743 3979 4038
15424 4 2 1 1 3575 3764 4114 4115
15425 4 2 1 1 3575 4114 3764 4369
15426 4 2 1 1 4442 2108 2113 2107
15427 4 2 1 1 4442 2113 2108 3931
15428 4 2 1 1 4331 1317 1637 901
15429 4 2 1 1 4331 1637 1317 4185
15430 4 2 1 1 4436 1896 3882 2408
15431 4 2 1 1 4436 3882 1896 4293
15432 4 2 1 1 4262 389 374 390
15433 4 2 1 1 4262 374 389 373
15434 4 2 1 1 3175 389 374 373
15435 4 2 1 1 4008 2087 3813 333
15436 4 2 1 1 4008 3813 2087 2088
15437 4 2 1 1 4347 1292 1289 1291
15438 4 2 1 1 4347 1289 1292 3647
15439 4 2 1 1 4362 4311 4090 3578
15440 4 2 1 1 4362 4090 4311 3839
15441 4 2 1 1 4243 3789 3704 4012
15442 4 2 1 1 4243 3704 3789 3941
15443 4 2 1 1 4216 3720 4474 3572
15444 4 2 1 1 4216 4474 3720 3893
15445 4 2 1 1 3545 656 523 635
15446 4 2 1 1 523 656 3545 3541
15447 4 2 1 1 523 599 3545 635
15448 4 2 1 1 3545 599 523 3541
15449 4 2 1 1 3584 556 798 773
15450 4 2 1 1 3584 798 556 697
15451 4 2 1 1 4045 3348 4126 3866
15452 4 2 1 1 4045 4126 3348 10
15453 4 2 1 1 2323 1852 167 2324
15454 4 2 1 1 2323 167 1852 3968
15455 4 2 1 1 3794 4223 4110 1938
15456 4 2 1 1 4110 4223 3794 3543
15457 4 2 1 1 4067 2177 2351 2048
15458 4 2 1 1 4067 2351 2177 3710
15459 4 2 1 1 3904 4294 4217 3638
15460 4 2 1 1 4217 4294 3904 3290
15461 4 2 1 1 3705 4218 2006 3559
15462 4 2 1 1 2006 4218 3705 2022
15463 4 2 1 1 968 4188 143 1559
15464 4 2 1 1 143 4188 968 3744
15465 4 2 1 1 143 1427 968 1559
15466 4 2 1 1 968 1427 143 3744
15467 4 2 1 1 2121 4300 2129 1883
15468 4 2 1 1 2129 4300 2121 4510
15469 4 2 1 1 4408 2864 2865 2866
15470 4 2 1 1 4408 2865 2864 3876
15471 4 2 1 1 2425 4184 2426 3978
15472 4 2 1 1 2425 2426 4184 2334
15473 4 2 1 1 2427 2426 4184 3978
15474 4 2 1 1 2427 4184 2426 2334
15475 4 2 1 1 4105 1294 1296 3504
15476 4 2 1 1 4105 1296 1294 1295
15477 4 2 1 1 4407 2629 2078 2079
15478 4 2 1 1 4167 1476 3734 1059
15479 4 2 1 1 4167 3734 1476 3827
15480 4 2 1 1 1057 3734 1476 1059
15481 4 2 1 1 1057 1476 3734 3827
15482 4 2 1 1 1152 1656 332 1125
15483 4 2 1 1 1152 332 1656 3835
15484 4 2 1 1 1655 332 1656 1125
15485 4 2 1 1 1655 1656 332 3835
15486 4 2 1 1 3798 3709 3520 3585
15487 4 2 1 1 3798 3520 3709 3747
15488 4 2 1 1 4302 1314 1065 3840
15489 4 2 1 1 4302 1065 1314 1101
15490 4 2 1 1 1462 1464 328 1629
15491 4 2 1 1 1457 1460 328 1629
15492 4 2 1 1 1457 328 1460 3787
15493 4 2 1 1 1460 1462 328 1629
15494 4 2 1 1 1460 328 1462 3787
15495 4 2 1 1 1277 4127 1276 1346
15496 4 2 1 1 1276 4127 1277 3649
15497 4 2 1 1 4078 958 957 1577
15498 4 2 1 1 4078 957 958 3996
15499 4 2 1 1 4406 301 286 302
15500 4 2 1 1 3100 286 301 302
15501 4 2 1 1 346 4200 345 3143
15502 4 2 1 1 345 4200 346 3924
15503 4 2 1 1 3833 3868 4203 3703
15504 4 2 1 1 4203 3868 3833 3613
15505 4 2 1 1 4103 1590 1339 1420
15506 4 2 1 1 4103 1339 1590 3725
15507 4 2 1 1 4200 3142 3150 3147
15508 4 2 1 1 4200 3150 3142 3964
15509 4 2 1 1 4318 3660 3542 3821
15510 4 2 1 1 4318 3542 3660 3809
15511 4 2 1 1 4092 1967 4161 2488
15512 4 2 1 1 4092 4161 1967 4091
15513 4 2 1 1 4104 1020 1021 4103
15514 4 2 1 1 4104 1021 1020 1022
15515 4 2 1 1 4281 2568 3899 4218
15516 4 2 1 1 4281 3899 2568 2023
15517 4 2 1 1 2020 3899 2568 4218
15518 4 2 1 1 2020 2568 3899 2023
15519 4 2 1 1 4508 4223 3543 3502
15520 4 2 1 1 3543 4223 4508 4030
15521 4 2 1 1 3543 4420 4508 3502
15522 4 2 1 1 4508 4420 3543 4030
15523 4 2 1 1 3732 377 4286 4162
15524 4 2 1 1 120 377 4286 3199
15525 4 2 1 1 120 4286 377 4162
15526 4 2 1 1 34 1432 3738 1397
15527 4 2 1 1 3118 3784 3124 321
15528 4 2 1 1 3783 3124 3784 321
15529 4 2 1 1 2934 188 4440 2945
15530 4 2 1 1 2934 4440 188 3576
15531 4 2 1 1 3681 4440 188 2945
15532 4 2 1 1 3681 188 4440 3576
15533 4 2 1 1 3904 4294 4039 3289
15534 4 2 1 1 4039 4294 3904 3638
15535 4 2 1 1 4318 1430 882 1258
15536 4 2 1 1 4318 882 1430 4307
15537 4 2 1 1 4338 3604 3991 3579
15538 4 2 1 1 4338 3991 3604 4337
15539 4 2 1 1 4111 3535 3804 3629
15540 4 2 1 1 4111 3804 3535 3745
15541 4 2 1 1 4411 605 4066 3544
15542 4 2 1 1 4411 4066 605 607
15543 4 2 1 1 4423 788 4353 3999
15544 4 2 1 1 4423 4353 788 3723
15545 4 2 1 1 4442 2072 2108 2107
15546 4 2 1 1 4442 2108 2072 3631
15547 4 2 1 1 3615 4078 4493 1577
15548 4 2 1 1 3615 4493 4078 3688
15549 4 2 1 1 959 4493 4078 1577
15550 4 2 1 1 959 4078 4493 3688
15551 4 2 1 1 3778 255 3634 254
15552 4 2 1 1 3778 3634 255 3678
15553 4 2 1 1 4021 4457 1866 1867
15554 4 2 1 1 4021 1866 4457 3919
15555 4 2 1 1 2716 1866 4457 1867
15556 4 2 1 1 2716 4457 1866 3919
15557 4 2 1 1 4313 480 588 29
15558 4 2 1 1 4313 588 480 4165
15559 4 2 1 1 3135 3141 340 3128
15560 4 2 1 1 4300 2180 2129 2600
15561 4 2 1 1 4300 2129 2180 3922
15562 4 2 1 1 4425 1619 3845 4107
15563 4 2 1 1 4425 3845 1619 833
15564 4 2 1 1 1265 3845 1619 4107
15565 4 2 1 1 1265 1619 3845 833
15566 4 2 1 1 1846 2682 3598 1782
15567 4 2 1 1 1846 3598 2682 4364
15568 4 2 1 1 3852 3598 2682 1782
15569 4 2 1 1 3852 2682 3598 4364
15570 4 2 1 1 4263 390 4014 391
15571 4 2 1 1 4263 4014 390 3708
15572 4 2 1 1 4234 2941 2942 2927
15573 4 2 1 1 4234 2942 2941 3929
15574 4 2 1 1 3930 2502 4091 3618
15575 4 2 1 1 3930 4091 2502 1963
15576 4 2 1 1 4520 1307 1589 899
15577 4 2 1 1 4520 1589 1307 4518
15578 4 2 1 1 4242 4305 4345 3271
15579 4 2 1 1 4345 4305 4242 3671
15580 4 2 1 1 4165 4191 479 3736
15581 4 2 1 1 479 4191 4165 480
15582 4 2 1 1 2196 4258 2195 1943
15583 4 2 1 1 2195 4258 2196 3894
15584 4 2 1 1 4421 2735 118 2739
15585 4 2 1 1 4421 118 2735 4443
15586 4 2 1 1 3655 3741 3864 393
15587 4 2 1 1 3864 3741 3655 3583
15588 4 2 1 1 1348 3949 1281 1327
15589 4 2 1 1 1281 3949 1348 3547
15590 4 2 1 1 1785 4395 2697 1783
15591 4 2 1 1 1785 2697 4395 3852
15592 4 2 1 1 2683 2697 4395 1783
15593 4 2 1 1 2683 4395 2697 3852
15594 4 2 1 1 3667 3476 3602 3533
15595 4 2 1 1 3667 3602 3476 3521
15596 4 2 1 1 4455 3770 2831 4388
15597 4 2 1 1 142 2831 3770 4388
15598 4 2 1 1 4369 2598 1961 2583
15599 4 2 1 1 4369 1961 2598 3619
15600 4 2 1 1 4261 1442 1477 1445
15601 4 2 1 1 4261 1477 1442 3907
15602 4 2 1 1 4387 3747 3663 4052
15603 4 2 1 1 4387 3663 3747 3808
15604 4 2 1 1 3610 184 204 2980
15605 4 2 1 1 4504 972 979 973
15606 4 2 1 1 4504 979 972 3877
15607 4 2 1 1 3978 2217 2214 3943
15608 4 2 1 1 3978 2214 2217 2557
15609 4 2 1 1 4452 1355 1360 1359
15610 4 2 1 1 4264 469 468 4187
15611 4 2 1 1 4264 468 469 3327
15612 4 2 1 1 4335 2335 199 3642
15613 4 2 1 1 4335 199 2335 2387
15614 4 2 1 1 109 199 2335 3642
15615 4 2 1 1 109 2335 199 2387
15616 4 2 1 1 2221 3943 2216 2256
15617 4 2 1 1 2216 3943 2221 4461
15618 4 2 1 1 4225 3935 266 267
15619 4 2 1 1 4225 266 3935 3754
15620 4 2 1 1 4012 3935 266 3754
15621 4 2 1 1 1852 2614 4396 2673
15622 4 2 1 1 1852 4396 2614 3968
15623 4 2 1 1 4455 142 2831 3770
15624 4 2 1 1 4455 2831 142 2851
15625 4 2 1 1 4497 2629 4407 3905
15626 4 2 1 1 4497 4407 2629 2078
15627 4 2 1 1 2900 179 4276 2898
15628 4 2 1 1 2900 4276 179 4246
15629 4 2 1 1 3513 4276 179 2898
15630 4 2 1 1 3513 179 4276 4246
15631 4 2 1 1 4331 815 819 818
15632 4 2 1 1 4331 819 815 4063
15633 4 2 1 1 4477 460 3775 476
15634 4 2 1 1 4477 3775 460 4480
15635 4 2 1 1 477 3775 460 476
15636 4 2 1 1 593 3979 3654 595
15637 4 2 1 1 3654 3979 593 4147
15638 4 2 1 1 3631 2933 3650 2937
15639 4 2 1 1 3631 3650 2933 3566
15640 4 2 1 1 4002 4035 4467 425
15641 4 2 1 1 4467 4035 4002 3666
15642 4 2 1 1 4173 2580 2379 2582
15643 4 2 1 1 2379 2580 4173 4172
15644 4 2 1 1 2379 2378 4173 2582
15645 4 2 1 1 4173 2378 2379 4172
15646 4 2 1 1 4034 4151 4281 3785
15647 4 2 1 1 4281 4151 4034 3503
15648 4 2 1 1 4124 4434 4403 4123
15649 4 2 1 1 4403 4434 4124 3874
15650 4 2 1 1 3884 2910 3748 2909
15651 4 2 1 1 3884 3748 2910 3605
15652 4 2 1 1 4078 1429 3819 3881
15653 4 2 1 1 4078 3819 1429 966
15654 4 2 1 1 3117 3109 3120 3108
15655 4 2 1 1 3117 3120 3109 3121
15656 4 2 1 1 226 3120 3109 3108
15657 4 2 1 1 226 3109 3120 3121
15658 4 2 1 1 4120 2834 130 4119
15659 4 2 1 1 4120 130 2834 2847
15660 4 2 1 1 2101 3748 1717 1834
15661 4 2 1 1 2101 1717 3748 4132
15662 4 2 1 1 4433 1939 4030 2254
15663 4 2 1 1 4433 4030 1939 4110
15664 4 2 1 1 191 2925 4234 2943
15665 4 2 1 1 4234 2925 191 3716
15666 4 2 1 1 4234 3789 191 2943
15667 4 2 1 1 191 3789 4234 3716
15668 4 2 1 1 4334 4504 3563 4171
15669 4 2 1 1 3563 4504 4334 3970
15670 4 2 1 1 3619 4369 2039 2040
15671 4 2 1 1 3619 2039 4369 3764
15672 4 2 1 1 2201 2039 4369 2040
15673 4 2 1 1 2201 4369 2039 3764
15674 4 2 1 1 4501 2902 3604 2900
15675 4 2 1 1 4501 3604 2902 3710
15676 4 2 1 1 4106 976 979 1558
15677 4 2 1 1 4106 979 976 4504
15678 4 2 1 1 3879 4289 3706 3637
15679 4 2 1 1 3706 4289 3879 3546
15680 4 2 1 1 4443 3519 3771 3699
15681 4 2 1 1 4443 3771 3519 3698
15682 4 2 1 1 3148 351 3135 3141
15683 4 2 1 1 340 3135 351 3141
15684 4 2 1 1 4387 295 296 3078
15685 4 2 1 1 4387 296 295 3925
15686 4 2 1 1 4423 788 4147 3723
15687 4 2 1 1 4423 4147 788 3595
15688 4 2 1 1 3654 4147 788 3723
15689 4 2 1 1 3654 788 4147 3595
15690 4 2 1 1 3978 4184 4392 2213
15691 4 2 1 1 4392 4184 3978 3769
15692 4 2 1 1 4386 3898 3017 3016
15693 4 2 1 1 3017 3898 4386 4049
15694 4 2 1 1 3017 3010 4386 3016
15695 4 2 1 1 4386 3010 3017 4049
15696 4 2 1 1 2065 4169 2632 2321
15697 4 2 1 1 2065 2632 4169 3805
15698 4 2 1 1 2062 2632 4169 2321
15699 4 2 1 1 2062 4169 2632 3805
15700 4 2 1 1 3815 287 3953 288
15701 4 2 1 1 3815 3953 287 4478
15702 4 2 1 1 4375 3939 3621 4061
15703 4 2 1 1 4375 3621 3939 3828
15704 4 2 1 1 3768 2885 4420 3543
15705 4 2 1 1 3768 4420 2885 2884
15706 4 2 1 1 4056 4451 4478 3689
15707 4 2 1 1 4056 4478 4451 3953
15708 4 2 1 1 3727 4478 4451 3689
15709 4 2 1 1 3727 4451 4478 3953
15710 4 2 1 1 4461 2578 2220 3995
15711 4 2 1 1 4461 2220 2578 2219
15712 4 2 1 1 1896 4436 1890 1889
15713 4 2 1 1 1890 4436 1896 4293
15714 4 2 1 1 4178 2225 2655 2450
15715 4 2 1 1 4178 2655 2225 3861
15716 4 2 1 1 34 589 3738 1432
15717 4 2 1 1 34 3738 589 4340
15718 4 2 1 1 4212 3738 589 1432
15719 4 2 1 1 4212 589 3738 4340
15720 4 2 1 1 4330 245 3026 4049
15721 4 2 1 1 3026 245 4330 208
15722 4 2 1 1 3026 4323 4330 4049
15723 4 2 1 1 4330 4323 3026 208
15724 4 2 1 1 4028 1180 1182 3881
15725 4 2 1 1 4028 1182 1180 1181
15726 4 2 1 1 2664 2665 4011 2377
15727 4 2 1 1 4011 2665 2664 4522
15728 4 2 1 1 4011 2364 2664 2377
15729 4 2 1 1 2664 2364 4011 4522
15730 4 2 1 1 3602 3476 3807 3562
15731 4 2 1 1 3602 3807 3476 3521
15732 4 2 1 1 3802 1626 328 1629
15733 4 2 1 1 1626 1088 328 1629
15734 4 2 1 1 1088 328 1091 327
15735 4 2 1 1 1088 1091 328 1629
15736 4 2 1 1 1091 328 72 327
15737 4 2 1 1 1091 72 328 1629
15738 4 2 1 1 4457 2231 2235 2389
15739 4 2 1 1 4457 2235 2231 4282
15740 4 2 1 1 3443 416 399 415
15741 4 2 1 1 3443 399 416 400
15742 4 2 1 1 3260 399 416 415
15743 4 2 1 1 2144 3642 2648 2388
15744 4 2 1 1 2147 2648 3642 2388
15745 4 2 1 1 2147 3642 2648 4500
15746 4 2 1 1 4238 1166 1255 1257
15747 4 2 1 1 4238 1255 1166 3916
15748 4 2 1 1 4155 3998 916 3680
15749 4 2 1 1 4155 916 3998 970
15750 4 2 1 1 2085 4407 2087 344
15751 4 2 1 1 2085 2087 4407 2084
15752 4 2 1 1 2188 2087 4407 344
15753 4 2 1 1 2188 4407 2087 2084
15754 4 2 1 1 4102 1643 1693 864
15755 4 2 1 1 4102 1693 1643 4027
15756 4 2 1 1 3012 4386 3008 3018
15757 4 2 1 1 3008 4386 3012 4323
15758 4 2 1 1 4509 3215 3209 3952
15759 4 2 1 1 4509 3209 3215 3214
15760 4 2 1 1 4312 37 4141 2731
15761 4 2 1 1 4312 4141 37 3811
15762 4 2 1 1 2889 4252 3609 168
15763 4 2 1 1 3609 4252 2889 3543
15764 4 2 1 1 2381 4011 2068 2368
15765 4 2 1 1 2068 4011 2381 3624
15766 4 2 1 1 4395 1811 1789 4204
15767 4 2 1 1 4395 1789 1811 2469
15768 4 2 1 1 1288 3997 1335 1325
15769 4 2 1 1 1335 3997 1288 3779
15770 4 2 1 1 2014 4401 2396 2651
15771 4 2 1 1 2014 2396 4401 3986
15772 4 2 1 1 3985 2396 4401 2651
15773 4 2 1 1 3985 4401 2396 3986
15774 4 2 1 1 4263 3732 4285 3708
15775 4 2 1 1 4263 4285 3732 4286
15776 4 2 1 1 2344 1718 3661 1827
15777 4 2 1 1 2344 3661 1718 4231
15778 4 2 1 1 3774 3661 1718 1827
15779 4 2 1 1 3774 1718 3661 4231
15780 4 2 1 1 4446 416 3236 3237
15781 4 2 1 1 4446 3236 416 4375
15782 4 2 1 1 4503 3201 389 3189
15783 4 2 1 1 4371 883 825 4310
15784 4 2 1 1 4371 825 883 1341
15785 4 2 1 1 106 2814 4132 200
15786 4 2 1 1 4132 2814 106 105
15787 4 2 1 1 4132 1840 106 200
15788 4 2 1 1 106 1840 4132 105
15789 4 2 1 1 4111 3344 476 3889
15790 4 2 1 1 4111 476 3344 3343
15791 4 2 1 1 4125 3281 435 436
15792 4 2 1 1 4125 435 3281 4075
15793 4 2 1 1 4051 4067 2902 3710
15794 4 2 1 1 4051 2902 4067 4514
15795 4 2 1 1 136 4390 3863 134
15796 4 2 1 1 3863 4390 136 4109
15797 4 2 1 1 4503 380 379 3962
15798 4 2 1 1 4503 379 380 3181
15799 4 2 1 1 3837 4071 3689 3516
15800 4 2 1 1 3689 4071 3837 3553
15801 4 2 1 1 4339 82 2183 18
15802 4 2 1 1 4339 2183 82 4025
15803 4 2 1 1 1150 4366 1271 1264
15804 4 2 1 1 1271 4366 1150 3835
15805 4 2 1 1 4368 368 367 3896
15806 4 2 1 1 4368 367 368 3180
15807 4 2 1 1 4361 3173 371 3176
15808 4 2 1 1 4361 371 3173 3982
15809 4 2 1 1 3486 4032 4078 3658
15810 4 2 1 1 4078 4032 3486 3819
15811 4 2 1 1 4459 1043 4347 1040
15812 4 2 1 1 4459 4347 1043 4009
15813 4 2 1 1 1950 199 3619 1951
15814 4 2 1 1 4454 1504 355 1506
15815 4 2 1 1 4454 355 1504 4416
15816 4 2 1 1 1425 355 1504 1506
15817 4 2 1 1 1425 1504 355 4416
15818 4 2 1 1 226 4007 3944 229
15819 4 2 1 1 3944 4007 226 3945
15820 4 2 1 1 2308 2167 4364 2316
15821 4 2 1 1 2308 4364 2167 4215
15822 4 2 1 1 70 355 4416 1425
15823 4 2 1 1 70 4416 355 4026
15824 4 2 1 1 3980 3088 3087 3079
15825 4 2 1 1 3980 3087 3088 3808
15826 4 2 1 1 310 3112 3861 311
15827 4 2 1 1 310 3861 3112 4179
15828 4 2 1 1 4121 2830 2854 2840
15829 4 2 1 1 4121 2854 2830 4120
15830 4 2 1 1 4312 3295 37 3301
15831 4 2 1 1 4312 37 3295 3811
15832 4 2 1 1 4339 1709 4372 1710
15833 4 2 1 1 4339 4372 1709 4045
15834 4 2 1 1 4380 2840 2835 2850
15835 4 2 1 1 4380 2835 2840 4121
15836 4 2 1 1 3442 3230 420 404
15837 4 2 1 1 3442 420 3230 3257
15838 4 2 1 1 48 420 3230 404
15839 4 2 1 1 4500 2634 1986 2571
15840 4 2 1 1 4500 1986 2634 4118
15841 4 2 1 1 4288 3611 4488 3735
15842 4 2 1 1 4288 4488 3611 4072
15843 4 2 1 1 2667 2541 3106 2542
15844 4 2 1 1 2687 3106 2541 2542
15845 4 2 1 1 4299 389 4503 3201
15846 4 2 1 1 4299 4503 389 4019
15847 4 2 1 1 328 1452 3787 1457
15848 4 2 1 1 328 3787 1452 329
15849 4 2 1 1 71 1465 328 1457
15850 4 2 1 1 71 328 1465 329
15851 4 2 1 1 1451 1452 328 1457
15852 4 2 1 1 1451 328 1452 329
15853 4 2 1 1 1465 1451 328 1457
15854 4 2 1 1 1465 328 1451 329
15855 4 2 1 1 3859 1804 4289 1802
15856 4 2 1 1 3859 4289 1804 3706
15857 4 2 1 1 309 4179 2447 2445
15858 4 2 1 1 4168 3232 31 3233
15859 4 2 1 1 4168 31 3232 4268
15860 4 2 1 1 270 4044 3634 254
15861 4 2 1 1 3634 4044 270 4164
15862 4 2 1 1 3634 255 270 254
15863 4 2 1 1 3212 4354 3211 3217
15864 4 2 1 1 3211 4354 3212 4168
15865 4 2 1 1 4500 2164 2634 2571
15866 4 2 1 1 4500 2634 2164 3885
15867 4 2 1 1 3960 3515 4274 3702
15868 4 2 1 1 3960 4274 3515 3529
15869 4 2 1 1 4156 918 916 4155
15870 4 2 1 1 4156 916 918 917
15871 4 2 1 1 4296 1492 1221 3673
15872 4 2 1 1 4296 1221 1492 1356
15873 4 2 1 1 3498 3725 4104 3673
15874 4 2 1 1 3498 4104 3725 4103
15875 4 2 1 1 4040 4379 3521 3807
15876 4 2 1 1 3521 4379 4040 3992
15877 4 2 1 1 385 4175 386 369
15878 4 2 1 1 385 386 4175 4495
15879 4 2 1 1 3997 327 3647 3779
15880 4 2 1 1 3997 3647 327 330
15881 4 2 1 1 3649 3647 327 3779
15882 4 2 1 1 3649 327 3647 330
15883 4 2 1 1 4017 1078 4479 3802
15884 4 2 1 1 4017 4479 1078 1077
15885 4 2 1 1 3581 581 4157 583
15886 4 2 1 1 3581 4157 581 4224
15887 4 2 1 1 4157 581 473 583
15888 4 2 1 1 4157 473 581 4224
15889 4 2 1 1 473 581 18 583
15890 4 2 1 1 75 332 1486 1120
15891 4 2 1 1 4385 1434 1433 4360
15892 4 2 1 1 4385 1433 1434 1068
15893 4 2 1 1 3774 165 3768 2547
15894 4 2 1 1 3774 3768 165 2861
15895 4 2 1 1 1738 3768 165 2547
15896 4 2 1 1 1738 165 3768 2861
15897 4 2 1 1 2332 4065 1759 1761
15898 4 2 1 1 1760 1759 4065 1761
15899 4 2 1 1 1760 4065 1759 184
15900 4 2 1 1 4302 3569 1645 3840
15901 4 2 1 1 4302 1645 3569 3788
15902 4 2 1 1 4297 398 3234 397
15903 4 2 1 1 4297 3234 398 4168
15904 4 2 1 1 4396 1852 167 3968
15905 4 2 1 1 4396 167 1852 2186
15906 4 2 1 1 4218 1914 2038 2193
15907 4 2 1 1 4218 2038 1914 4034
15908 4 2 1 1 2692 2588 184 2293
15909 4 2 1 1 2271 184 2588 2293
15910 4 2 1 1 4029 1638 4416 1183
15911 4 2 1 1 4029 4416 1638 4028
15912 4 2 1 1 211 3941 2985 2984
15913 4 2 1 1 211 2985 3941 4243
15914 4 2 1 1 4020 2654 2015 3782
15915 4 2 1 1 4020 2015 2654 2017
15916 4 2 1 1 3935 3580 4043 3754
15917 4 2 1 1 3935 4043 3580 4428
15918 4 2 1 1 4386 255 3778 254
15919 4 2 1 1 4386 3778 255 4053
15920 4 2 1 1 3816 2986 2990 2989
15921 4 2 1 1 3816 2990 2986 3721
15922 4 2 1 1 4489 3322 462 461
15923 4 2 1 1 4489 462 3322 4328
15924 4 2 1 1 1098 3802 1625 1626
15925 4 2 1 1 1098 1625 3802 4479
15926 4 2 1 1 1600 3997 1288 1325
15927 4 2 1 1 1288 3997 1600 3647
15928 4 2 1 1 4261 1496 1455 1470
15929 4 2 1 1 4261 1455 1496 3787
15930 4 2 1 1 3296 3273 3301 3279
15931 4 2 1 1 3296 3301 3273 3295
15932 4 2 1 1 33 3301 3273 3279
15933 4 2 1 1 33 3273 3301 3295
15934 4 2 1 1 117 3257 3220 3230
15935 4 2 1 1 117 3220 3257 3247
15936 4 2 1 1 4294 442 441 3297
15937 4 2 1 1 4294 441 442 3888
15938 4 2 1 1 3343 3344 460 476
15939 4 2 1 1 3343 460 3344 3321
15940 4 2 1 1 477 460 3344 476
15941 4 2 1 1 477 3344 460 3321
15942 4 2 1 1 3227 3228 424 3254
15943 4 2 1 1 424 3228 3227 408
15944 4 2 1 1 424 407 3227 3254
15945 4 2 1 1 3227 407 424 408
15946 4 2 1 1 39 3240 36 40
15947 4 2 1 1 39 36 3240 3213
15948 4 2 1 1 3224 3240 36 3213
15949 4 2 1 1 3337 3438 3321 3313
15950 4 2 1 1 3321 3438 3337 3344
15951 4 2 1 1 3321 3345 3337 3313
15952 4 2 1 1 3337 3345 3321 3344
15953 4 2 1 1 2565 3780 2164 1969
15954 4 2 1 1 2565 2164 3780 3885
15955 4 2 1 1 2634 2164 3780 1969
15956 4 2 1 1 2634 3780 2164 3885
15957 4 2 1 1 3816 2986 2987 3721
15958 4 2 1 1 3816 2987 2986 2988
15959 4 2 1 1 4132 200 3764 1840
15960 4 2 1 1 4132 3764 200 2924
15961 4 2 1 1 1841 3764 200 1840
15962 4 2 1 1 3978 2430 307 2429
15963 4 2 1 1 3978 307 2430 4326
15964 4 2 1 1 2438 307 2430 2429
15965 4 2 1 1 2438 2430 307 4326
15966 4 2 1 1 4379 1113 1374 1373
15967 4 2 1 1 4379 1374 1113 3825
15968 4 2 1 1 309 310 3118 3106
15969 4 2 1 1 309 3118 310 321
15970 4 2 1 1 3124 310 3118 321
15971 4 2 1 1 4382 2097 2091 2127
15972 4 2 1 1 4382 2091 2097 4381
15973 4 2 1 1 4516 321 320 4333
15974 4 2 1 1 4224 4280 457 14
15975 4 2 1 1 457 4280 4224 3717
15976 4 2 1 1 4406 4478 3553 3632
15977 4 2 1 1 4040 3476 3679 3807
15978 4 2 1 1 4040 3679 3476 3734
15979 4 2 1 1 4320 1350 135 877
15980 4 2 1 1 4320 135 1350 3788
15981 4 2 1 1 4318 1404 1405 1259
15982 4 2 1 1 4318 1405 1404 3809
15983 4 2 1 1 380 3206 3178 3179
15984 4 2 1 1 380 3178 3206 3205
15985 4 2 1 1 21 3178 3206 3179
15986 4 2 1 1 21 3206 3178 3205
15987 4 2 1 1 3320 460 475 3343
15988 4 2 1 1 475 460 3320 459
15989 4 2 1 1 475 3346 3320 3343
15990 4 2 1 1 478 3345 461 3322
15991 4 2 1 1 478 461 3345 477
15992 4 2 1 1 3321 461 3345 3322
15993 4 2 1 1 3321 3345 461 477
15994 4 2 1 1 33 4075 4474 438
15995 4 2 1 1 4474 4075 33 3937
15996 4 2 1 1 1953 3619 2125 199
15997 4 2 1 1 1953 2125 3619 1955
15998 4 2 1 1 3297 442 425 3275
15999 4 2 1 1 425 442 3297 441
16000 4 2 1 1 425 3298 3297 3275
16001 4 2 1 1 3297 3298 425 441
16002 4 2 1 1 175 2877 4265 2880
16003 4 2 1 1 175 4265 2877 3837
16004 4 2 1 1 2877 174 4077 2895
16005 4 2 1 1 3728 4077 174 2895
16006 4 2 1 1 3728 174 4077 3678
16007 4 2 1 1 326 305 3119 3107
16008 4 2 1 1 326 3119 305 316
16009 4 2 1 1 4020 2015 2260 3683
16010 4 2 1 1 4020 2260 2015 2017
16011 4 2 1 1 2960 3852 202 2959
16012 4 2 1 1 202 3852 2960 3598
16013 4 2 1 1 3211 3237 3216 3210
16014 4 2 1 1 3211 3216 3237 3243
16015 4 2 1 1 3242 3216 3237 3210
16016 4 2 1 1 3242 3237 3216 3243
16017 4 2 1 1 4279 2677 2250 2535
16018 4 2 1 1 4279 2250 2677 4178
16019 4 2 1 1 4198 850 1343 845
16020 4 2 1 1 4198 1343 850 3842
16021 4 2 1 1 3163 380 365 364
16022 4 2 1 1 3178 380 365 381
16023 4 2 1 1 3178 365 380 364
16024 4 2 1 1 4374 4372 4313 4025
16025 4 2 1 1 4374 4313 4372 4327
16026 4 2 1 1 3117 326 314 325
16027 4 2 1 1 314 326 3117 3105
16028 4 2 1 1 3117 3108 314 3105
16029 4 2 1 1 2622 3985 3118 2623
16030 4 2 1 1 2622 3118 3985 3986
16031 4 2 1 1 1526 1523 356 1522
16032 4 2 1 1 1526 356 1523 3883
16033 4 2 1 1 4397 261 262 3028
16034 4 2 1 1 4397 262 261 4153
16035 4 2 1 1 3089 3095 288 3063
16036 4 2 1 1 288 3095 3089 304
16037 4 2 1 1 288 290 3089 3063
16038 4 2 1 1 3089 290 288 304
16039 4 2 1 1 3767 2059 3851 3687
16040 4 2 1 1 3767 3851 2059 2713
16041 4 2 1 1 310 3118 3112 3124
16042 4 2 1 1 310 3112 3118 3106
16043 4 2 1 1 4489 3321 460 4488
16044 4 2 1 1 4489 460 3321 461
16045 4 2 1 1 4396 2264 2191 2625
16046 4 2 1 1 4396 2191 2264 3794
16047 4 2 1 1 345 3143 335 346
16048 4 2 1 1 345 335 3143 3130
16049 4 2 1 1 3144 335 3143 346
16050 4 2 1 1 3144 3143 335 3130
16051 4 2 1 1 3774 2862 2884 2861
16052 4 2 1 1 2884 2862 3774 3760
16053 4 2 1 1 2884 3768 3774 2861
16054 4 2 1 1 3774 3768 2884 3760
16055 4 2 1 1 4133 4204 4395 3820
16056 4 2 1 1 4395 4204 4133 3497
16057 4 2 1 1 3311 3321 3343 3335
16058 4 2 1 1 3343 3321 3311 3320
16059 4 2 1 1 3343 3334 3311 3335
16060 4 2 1 1 3311 3334 3343 3320
16061 4 2 1 1 3330 485 3308 3331
16062 4 2 1 1 3330 3308 485 469
16063 4 2 1 1 484 3308 485 3331
16064 4 2 1 1 484 485 3308 469
16065 4 2 1 1 3930 4091 3797 3618
16066 4 2 1 1 3930 3797 4091 4118
16067 4 2 1 1 3201 4503 3191 3189
16068 4 2 1 1 3191 4503 3201 4299
16069 4 2 1 1 400 3210 3236 416
16070 4 2 1 1 3236 3210 400 3209
16071 4 2 1 1 3236 417 400 416
16072 4 2 1 1 400 417 3236 3209
16073 4 2 1 1 167 2312 2309 112
16074 4 2 1 1 167 2309 2312 3598
16075 4 2 1 1 2318 167 2309 112
16076 4 2 1 1 2318 2309 167 3598
16077 4 2 1 1 2508 167 2318 112
16078 4 2 1 1 2508 2318 167 3598
16079 4 2 1 1 2966 3870 2970 2969
16080 4 2 1 1 2970 3870 2966 3756
16081 4 2 1 1 3016 3017 268 252
16082 4 2 1 1 268 3017 3016 3040
16083 4 2 1 1 268 253 3016 252
16084 4 2 1 1 3016 253 268 3040
16085 4 2 1 1 340 339 3141 350
16086 4 2 1 1 340 3141 339 3128
16087 4 2 1 1 349 3141 339 350
16088 4 2 1 1 349 339 3141 3128
16089 4 2 1 1 4297 4354 393 3693
16090 4 2 1 1 393 4354 4297 3221
16091 4 2 1 1 4346 1218 4352 1219
16092 4 2 1 1 4346 4352 1218 3850
16093 4 2 1 1 4205 2494 2526 1933
16094 4 2 1 1 4205 2526 2494 3901
16095 4 2 1 1 3851 2059 2057 3687
16096 4 2 1 1 3851 2057 2059 2650
16097 4 2 1 1 2660 4113 2422 1971
16098 4 2 1 1 2422 4113 2660 4099
16099 4 2 1 1 4503 4194 3628 4299
16100 4 2 1 1 4503 3628 4194 3962
16101 4 2 1 1 3870 2966 2967 2968
16102 4 2 1 1 3870 2967 2966 3756
16103 4 2 1 1 3067 284 3092 3066
16104 4 2 1 1 301 284 3092 300
16105 4 2 1 1 301 3092 284 3066
16106 4 2 1 1 456 3296 439 3274
16107 4 2 1 1 456 439 3296 455
16108 4 2 1 1 3279 439 3296 3274
16109 4 2 1 1 3197 392 375 391
16110 4 2 1 1 375 392 3197 3170
16111 4 2 1 1 375 3167 3197 391
16112 4 2 1 1 3197 3167 375 3170
16113 4 2 1 1 3325 3327 484 468
16114 4 2 1 1 484 3327 3325 3348
16115 4 2 1 1 4294 4413 3638 3888
16116 4 2 1 1 3638 4413 4294 4217
16117 4 2 1 1 4296 360 3673 3725
16118 4 2 1 1 4296 3673 360 357
16119 4 2 1 1 3593 3673 360 3725
16120 4 2 1 1 3593 360 3673 357
16121 4 2 1 1 3017 3022 267 251
16122 4 2 1 1 3017 267 3022 3046
16123 4 2 1 1 250 267 3022 251
16124 4 2 1 1 250 3022 267 3046
16125 4 2 1 1 3202 3194 374 390
16126 4 2 1 1 374 3194 3202 3175
16127 4 2 1 1 374 389 3202 390
16128 4 2 1 1 3202 389 374 3175
16129 4 2 1 1 4493 1586 1211 3878
16130 4 2 1 1 4493 1211 1586 961
16131 4 2 1 1 4482 838 836 837
16132 4 2 1 1 4482 836 838 4239
16133 4 2 1 1 394 424 3255 410
16134 4 2 1 1 3255 424 394 3228
16135 4 2 1 1 3229 3218 421 405
16136 4 2 1 1 421 3218 3229 3256
16137 4 2 1 1 421 406 3229 405
16138 4 2 1 1 3229 406 421 3256
16139 4 2 1 1 3323 3320 475 3346
16140 4 2 1 1 475 3320 3323 459
16141 4 2 1 1 475 458 3323 3346
16142 4 2 1 1 3323 458 475 459
16143 4 2 1 1 1916 2702 167 184
16144 4 2 1 1 1916 167 2702 1915
16145 4 2 1 1 1758 167 2702 184
16146 4 2 1 1 1758 2702 167 1915
16147 4 2 1 1 3317 3347 463 3324
16148 4 2 1 1 3317 463 3347 479
16149 4 2 1 1 478 463 3347 3324
16150 4 2 1 1 478 3347 463 479
16151 4 2 1 1 3291 3288 3275 3269
16152 4 2 1 1 3275 3288 3291 3297
16153 4 2 1 1 3275 3298 3291 3269
16154 4 2 1 1 3291 3298 3275 3297
16155 4 2 1 1 2447 4179 3106 4178
16156 4 2 1 1 3112 3106 4179 4178
16157 4 2 1 1 3112 4179 3106 310
16158 4 2 1 1 3871 218 216 283
16159 4 2 1 1 3871 216 218 3870
16160 4 2 1 1 3277 3267 443 427
16161 4 2 1 1 443 3267 3277 3299
16162 4 2 1 1 443 428 3277 427
16163 4 2 1 1 3277 428 443 3299
16164 4 2 1 1 4352 3673 4346 4296
16165 4 2 1 1 4352 4346 3673 3850
16166 4 2 1 1 3248 3244 394 3217
16167 4 2 1 1 3248 394 3244 410
16168 4 2 1 1 3255 3244 394 410
16169 4 2 1 1 4393 3602 332 3825
16170 4 2 1 1 4393 332 3602 3835
16171 4 2 1 1 4398 4189 4277 3772
16172 4 2 1 1 4398 4277 4189 3552
16173 4 2 1 1 4471 3328 4235 3336
16174 4 2 1 1 4471 4235 3328 3866
16175 4 2 1 1 3023 3042 255 3018
16176 4 2 1 1 3023 255 3042 271
16177 4 2 1 1 270 255 3042 3018
16178 4 2 1 1 270 3042 255 271
16179 4 2 1 1 4383 1315 3903 4366
16180 4 2 1 1 4383 3903 1315 1136
16181 4 2 1 1 2343 2179 184 2692
16182 4 2 1 1 2588 184 2179 2692
16183 4 2 1 1 2546 2541 3106 2667
16184 4 2 1 1 2449 2538 3106 2667
16185 4 2 1 1 2449 3106 2538 4279
16186 4 2 1 1 2538 2546 3106 2667
16187 4 2 1 1 2538 3106 2546 4279
16188 4 2 1 1 3066 3074 301 3100
16189 4 2 1 1 3066 301 3074 285
16190 4 2 1 1 286 301 3074 3100
16191 4 2 1 1 286 3074 301 285
16192 4 2 1 1 3986 4018 3987 3118
16193 4 2 1 1 3986 3987 4018 4401
16194 4 2 1 1 4310 3529 4102 3845
16195 4 2 1 1 4310 4102 3529 4027
16196 4 2 1 1 2178 2179 184 2343
16197 4 2 1 1 2178 184 2179 3921
16198 4 2 1 1 446 447 16 20
16199 4 2 1 1 446 16 447 431
16200 4 2 1 1 16 447 3282 20
16201 4 2 1 1 16 3282 447 431
16202 4 2 1 1 3282 447 3303 20
16203 4 2 1 1 365 380 3190 381
16204 4 2 1 1 3190 380 365 3163
16205 4 2 1 1 3190 3157 365 381
16206 4 2 1 1 365 3157 3190 3163
16207 4 2 1 1 448 3293 431 3271
16208 4 2 1 1 448 431 3293 447
16209 4 2 1 1 446 431 3293 3271
16210 4 2 1 1 446 3293 431 447
16211 4 2 1 1 412 3251 36 3224
16212 4 2 1 1 412 36 3251 40
16213 4 2 1 1 3240 36 3251 3224
16214 4 2 1 1 3240 3251 36 40
16215 4 2 1 1 3810 40 3259 412
16216 4 2 1 1 3810 3259 40 4195
16217 4 2 1 1 2618 4476 2645 2421
16218 4 2 1 1 2645 4476 2618 3784
16219 4 2 1 1 3236 3242 3214 3241
16220 4 2 1 1 3226 3242 3214 3215
16221 4 2 1 1 3226 3214 3242 3241
16222 4 2 1 1 4299 4444 3628 3910
16223 4 2 1 1 3628 4444 4299 4194
16224 4 2 1 1 248 3015 211 264
16225 4 2 1 1 211 3015 248 210
16226 4 2 1 1 211 3051 248 264
16227 4 2 1 1 248 3051 211 210
16228 4 2 1 1 3235 417 3209 3236
16229 4 2 1 1 3235 3214 3209 3208
16230 4 2 1 1 3209 3214 3235 3236
16231 4 2 1 1 3336 3313 3332 3337
16232 4 2 1 1 3308 3313 3332 3309
16233 4 2 1 1 3308 3332 3313 3337
16234 4 2 1 1 3169 3171 3185 3160
16235 4 2 1 1 3169 3185 3171 3198
16236 4 2 1 1 23 3185 3171 3160
16237 4 2 1 1 23 3171 3185 3198
16238 4 2 1 1 3014 3011 3046 3035
16239 4 2 1 1 3014 3046 3011 3022
16240 4 2 1 1 3017 3046 3011 3035
16241 4 2 1 1 3017 3011 3046 3022
16242 4 2 1 1 14 473 581 18
16243 4 2 1 1 14 581 473 4224
16244 4 2 1 1 4386 3023 255 3018
16245 4 2 1 1 4386 255 3023 4053
16246 4 2 1 1 4493 1222 1216 1539
16247 4 2 1 1 4493 1216 1222 3850
16248 4 2 1 1 4383 1315 1151 1133
16249 4 2 1 1 4383 1151 1315 4366
16250 4 2 1 1 470 469 3350 3327
16251 4 2 1 1 470 3350 469 485
16252 4 2 1 1 484 3350 469 3327
16253 4 2 1 1 484 469 3350 485
16254 4 2 1 1 3083 3096 3063 3089
16255 4 2 1 1 3063 3096 3083 3057
16256 4 2 1 1 3063 3082 3083 3089
16257 4 2 1 1 3083 3082 3063 3057
16258 4 2 1 1 3286 3288 3263 3285
16259 4 2 1 1 3270 3288 3263 3266
16260 4 2 1 1 4464 2999 3941 4153
16261 4 2 1 1 4464 3941 2999 220
16262 4 2 1 1 351 3141 3624 350
16263 4 2 1 1 3214 3209 3242 3236
16264 4 2 1 1 3214 3242 3209 3215
16265 4 2 1 1 3210 3242 3209 3236
16266 4 2 1 1 3210 3209 3242 3215
16267 4 2 1 1 1694 4479 1090 1085
16268 4 2 1 1 1694 1090 4479 4127
16269 4 2 1 1 1553 1090 4479 1085
16270 4 2 1 1 1553 4479 1090 4127
16271 4 2 1 1 366 3183 3157 3156
16272 4 2 1 1 3159 3183 3157 3184
16273 4 2 1 1 3159 3157 3183 3156
16274 4 2 1 1 3040 4356 3034 3033
16275 4 2 1 1 3034 4356 3040 4131
16276 4 2 1 1 241 3025 3048 3024
16277 4 2 1 1 241 3048 3025 3049
16278 4 2 1 1 3036 3048 3025 3024
16279 4 2 1 1 3036 3025 3048 3049
16280 4 2 1 1 3085 3099 3072 3098
16281 4 2 1 1 3085 3072 3099 3073
16282 4 2 1 1 292 3072 3099 3098
16283 4 2 1 1 292 3099 3072 3073
16284 4 2 1 1 4158 288 287 3069
16285 4 2 1 1 4158 287 288 3953
16286 4 2 1 1 3219 3252 3218 3225
16287 4 2 1 1 3219 3218 3252 3245
16288 4 2 1 1 421 3252 3218 3245
16289 4 2 1 1 4335 1960 1959 2676
16290 4 2 1 1 4335 1959 1960 3930
16291 4 2 1 1 3165 3169 386 370
16292 4 2 1 1 386 3169 3165 3192
16293 4 2 1 1 386 3203 3165 370
16294 4 2 1 1 3165 3203 386 3192
16295 4 2 1 1 3315 458 3341 3338
16296 4 2 1 1 3341 458 3315 3318
16297 4 2 1 1 3341 3339 3315 3338
16298 4 2 1 1 4478 3555 4056 3689
16299 4 2 1 1 4478 4056 3555 3815
16300 4 2 1 1 3330 3334 3306 3329
16301 4 2 1 1 3315 3334 3306 3310
16302 4 2 1 1 3315 3306 3334 3329
16303 4 2 1 1 4029 4274 3878 355
16304 4 2 1 1 3878 4274 4029 3688
16305 4 2 1 1 3274 456 3270 440
16306 4 2 1 1 3278 3270 456 440
16307 4 2 1 1 3263 3288 3264 3266
16308 4 2 1 1 3263 3264 3288 3286
16309 4 2 1 1 3269 3264 3288 3266
16310 4 2 1 1 3269 3288 3264 3286
16311 4 2 1 1 3837 175 3814 284
16312 4 2 1 1 3837 3814 175 4265
16313 4 2 1 1 3181 3189 3163 3190
16314 4 2 1 1 3164 3189 3163 3162
16315 4 2 1 1 3164 3163 3189 3190
16316 4 2 1 1 3269 3268 3289 3290
16317 4 2 1 1 3269 3289 3268 3267
16318 4 2 1 1 3261 3268 3289 3267
16319 4 2 1 1 3201 389 3162 3174
16320 4 2 1 1 3162 389 3201 3189
16321 4 2 1 1 3162 3164 3201 3174
16322 4 2 1 1 3201 3164 3162 3189
16323 4 2 1 1 3269 3298 3267 3276
16324 4 2 1 1 3269 3267 3298 3289
16325 4 2 1 1 443 3267 3298 3276
16326 4 2 1 1 443 3298 3267 3289
16327 4 2 1 1 2980 204 3959 2979
16328 4 2 1 1 2980 3959 204 3610
16329 4 2 1 1 456 3300 3270 3278
16330 4 2 1 1 456 3270 3300 3292
16331 4 2 1 1 3288 3300 3270 3292
16332 4 2 1 1 401 3209 3235 417
16333 4 2 1 1 3235 3209 401 3208
16334 4 2 1 1 3235 402 401 417
16335 4 2 1 1 401 402 3235 3208
16336 4 2 1 1 398 415 3211 399
16337 4 2 1 1 398 3211 415 3238
16338 4 2 1 1 3237 3211 415 399
16339 4 2 1 1 3237 415 3211 3238
16340 4 2 1 1 3304 453 438 454
16341 4 2 1 1 3294 438 453 454
16342 4 2 1 1 3294 453 438 437
16343 4 2 1 1 3188 3191 3173 3200
16344 4 2 1 1 3173 3191 3188 3159
16345 4 2 1 1 3173 3203 3188 3200
16346 4 2 1 1 3188 3203 3173 3159
16347 4 2 1 1 28 3873 3646 2741
16348 4 2 1 1 3646 3873 28 3822
16349 4 2 1 1 3646 3855 28 2741
16350 4 2 1 1 28 3855 3646 3822
16351 4 2 1 1 367 3166 384 383
16352 4 2 1 1 384 3166 367 368
16353 4 2 1 1 384 3207 367 383
16354 4 2 1 1 367 3207 384 368
16355 4 2 1 1 207 4211 201 3139
16356 4 2 1 1 201 4211 207 4133
16357 4 2 1 1 110 3118 2533 2644
16358 4 2 1 1 110 2533 3118 320
16359 4 2 1 1 3784 4476 3118 2644
16360 4 2 1 1 3896 24 3698 2734
16361 4 2 1 1 3896 3698 24 3892
16362 4 2 1 1 45 3698 24 2734
16363 4 2 1 1 45 24 3698 3892
16364 4 2 1 1 3172 3197 3161 3170
16365 4 2 1 1 392 3197 3161 3186
16366 4 2 1 1 392 3161 3197 3170
16367 4 2 1 1 33 3279 38 3301
16368 4 2 1 1 33 38 3279 34
16369 4 2 1 1 3230 420 86 3257
16370 4 2 1 1 86 420 3230 48
16371 4 2 1 1 86 117 3230 3257
16372 4 2 1 1 3230 117 86 48
16373 4 2 1 1 4211 207 3879 336
16374 4 2 1 1 4211 3879 207 4133
16375 4 2 1 1 3132 3879 207 336
16376 4 2 1 1 3132 207 3879 4133
16377 4 2 1 1 309 320 110 3118
16378 4 2 1 1 4274 358 356 355
16379 4 2 1 1 4274 356 358 359
16380 4 2 1 1 2267 3851 2268 2269
16381 4 2 1 1 2267 2268 3851 3921
16382 4 2 1 1 3212 397 3249 413
16383 4 2 1 1 3212 3249 397 3222
16384 4 2 1 1 412 3249 397 413
16385 4 2 1 1 412 397 3249 3222
16386 4 2 1 1 3233 3234 414 3259
16387 4 2 1 1 3233 414 3234 398
16388 4 2 1 1 3308 468 3332 484
16389 4 2 1 1 3308 3332 468 3309
16390 4 2 1 1 467 3332 468 484
16391 4 2 1 1 467 468 3332 3309
16392 4 2 1 1 382 3183 3157 366
16393 4 2 1 1 3157 3183 382 3184
16394 4 2 1 1 382 381 3157 3184
16395 4 2 1 1 405 3218 3252 3225
16396 4 2 1 1 3252 3218 405 421
16397 4 2 1 1 3252 420 405 3225
16398 4 2 1 1 405 420 3252 421
16399 4 2 1 1 4363 1826 1718 95
16400 4 2 1 1 4363 1718 1826 3774
16401 4 2 1 1 3187 3162 3175 3158
16402 4 2 1 1 3175 3162 3187 3202
16403 4 2 1 1 3175 3194 3187 3158
16404 4 2 1 1 3187 3194 3175 3202
16405 4 2 1 1 184 3851 2268 3921
16406 4 2 1 1 184 2588 2268 2271
16407 4 2 1 1 470 3350 487 3326
16408 4 2 1 1 487 3350 470 486
16409 4 2 1 1 3197 3161 3199 3172
16410 4 2 1 1 3197 3199 3161 3186
16411 4 2 1 1 120 3199 3161 3172
16412 4 2 1 1 120 3161 3199 3186
16413 4 2 1 1 3224 3223 3240 3213
16414 4 2 1 1 395 3223 3240 3250
16415 4 2 1 1 395 3240 3223 3213
16416 4 2 1 1 3313 3312 3332 3309
16417 4 2 1 1 3313 3332 3312 3336
16418 4 2 1 1 3440 3332 3312 3309
16419 4 2 1 1 3440 3312 3332 3336
16420 4 2 1 1 3445 3113 306 231
16421 4 2 1 1 3445 306 3113 3125
16422 4 2 1 1 3224 4329 3223 3213
16423 4 2 1 1 3223 4329 3224 4297
16424 4 2 1 1 4169 4376 2356 3805
16425 4 2 1 1 2356 4376 4169 2290
16426 4 2 1 1 250 3046 3020 3022
16427 4 2 1 1 250 3020 3046 3044
16428 4 2 1 1 3014 3020 3046 3022
16429 4 2 1 1 3014 3046 3020 3044
16430 4 2 1 1 331 75 328 1480
16431 4 2 1 1 331 328 75 332
16432 4 2 1 1 329 75 328 332
16433 4 2 1 1 4364 2167 1786 2337
16434 4 2 1 1 4364 1786 2167 4215
16435 4 2 1 1 3342 472 3339 488
16436 4 2 1 1 3342 3339 472 3316
16437 4 2 1 1 471 472 3339 3316
16438 4 2 1 1 434 435 3302 450
16439 4 2 1 1 3302 435 434 3280
16440 4 2 1 1 3302 449 434 450
16441 4 2 1 1 434 449 3302 3280
16442 4 2 1 1 3284 3265 3271 3262
16443 4 2 1 1 3271 3265 3284 3293
16444 4 2 1 1 3271 448 3284 3262
16445 4 2 1 1 3284 448 3271 3293
16446 4 2 1 1 340 111 351 3135
16447 4 2 1 1 3148 351 111 3135
16448 4 2 1 1 3275 3266 3300 3278
16449 4 2 1 1 3275 3300 3266 3288
16450 4 2 1 1 3270 3300 3266 3278
16451 4 2 1 1 3270 3266 3300 3288
16452 4 2 1 1 2679 3796 2680 2376
16453 4 2 1 1 4520 359 4068 4198
16454 4 2 1 1 4520 4068 359 3817
16455 4 2 1 1 2383 2285 184 108
16456 4 2 1 1 2274 184 2285 108
16457 4 2 1 1 2274 2285 184 3851
16458 4 2 1 1 3339 487 472 471
16459 4 2 1 1 3339 472 487 488
16460 4 2 1 1 253 3021 3040 3016
16461 4 2 1 1 253 3040 3021 3045
16462 4 2 1 1 3033 3040 3021 3016
16463 4 2 1 1 3033 3021 3040 3045
16464 4 2 1 1 377 362 3168 361
16465 4 2 1 1 3168 3172 377 361
16466 4 2 1 1 3144 3145 3130 3132
16467 4 2 1 1 3144 3130 3145 3143
16468 4 2 1 1 3133 3130 3145 3132
16469 4 2 1 1 3133 3145 3130 3143
16470 4 2 1 1 4425 3515 3960 3702
16471 4 2 1 1 4425 3960 3515 3845
16472 4 2 1 1 117 403 3247 419
16473 4 2 1 1 117 3247 403 3220
16474 4 2 1 1 3246 3247 403 419
16475 4 2 1 1 4478 3837 3553 3689
16476 4 2 1 1 4478 3553 3837 4406
16477 4 2 1 1 435 3302 452 3281
16478 4 2 1 1 452 3302 435 451
16479 4 2 1 1 3149 344 3135 3148
16480 4 2 1 1 3135 3150 3149 3148
16481 4 2 1 1 3332 467 3328 483
16482 4 2 1 1 466 3328 467 483
16483 4 2 1 1 466 467 3328 3305
16484 4 2 1 1 4132 2909 2908 166
16485 4 2 1 1 4132 2908 2909 3748
16486 4 2 1 1 3322 478 3347 3324
16487 4 2 1 1 3347 478 3322 3345
16488 4 2 1 1 3283 434 3268 3261
16489 4 2 1 1 3268 3289 3283 3261
16490 4 2 1 1 3283 3289 3268 3290
16491 4 2 1 1 4385 3734 3521 3827
16492 4 2 1 1 4385 3521 3734 4040
16493 4 2 1 1 3163 3154 3189 3181
16494 4 2 1 1 3163 3189 3154 3162
16495 4 2 1 1 3187 3189 3154 3181
16496 4 2 1 1 3187 3154 3189 3162
16497 4 2 1 1 4376 3767 354 3965
16498 4 2 1 1 4376 354 3767 3805
16499 4 2 1 1 308 2440 309 2441
16500 4 2 1 1 308 309 2440 4179
16501 4 2 1 1 2442 309 2440 2441
16502 4 2 1 1 2442 2440 309 4179
16503 4 2 1 1 3195 3182 3167 3155
16504 4 2 1 1 3195 3167 3182 3194
16505 4 2 1 1 3158 3167 3182 3155
16506 4 2 1 1 3158 3182 3167 3194
16507 4 2 1 1 3212 398 3238 3211
16508 4 2 1 1 3232 3231 417 401
16509 4 2 1 1 417 3231 3232 3258
16510 4 2 1 1 3440 3305 3336 3328
16511 4 2 1 1 3440 3336 3305 3312
16512 4 2 1 1 3317 3305 3336 3312
16513 4 2 1 1 3203 3159 3192 3165
16514 4 2 1 1 3203 3192 3159 3188
16515 4 2 1 1 3183 3159 3192 3188
16516 4 2 1 1 3347 3322 3336 3345
16517 4 2 1 1 3313 3322 3336 3312
16518 4 2 1 1 3313 3336 3322 3345
16519 4 2 1 1 2801 2789 4363 165
16520 4 2 1 1 2801 4363 2789 2797
16521 4 2 1 1 2782 2789 4363 2797
16522 4 2 1 1 3251 3249 3223 3224
16523 4 2 1 1 3223 3249 3251 3250
16524 4 2 1 1 3223 3240 3251 3224
16525 4 2 1 1 3251 3240 3223 3250
16526 4 2 1 1 434 449 3261 3283
16527 4 2 1 1 434 3261 449 433
16528 4 2 1 1 3284 3261 449 3283
16529 4 2 1 1 438 3294 3295 454
16530 4 2 1 1 3295 33 438 454
16531 4 2 1 1 438 33 3295 3273
16532 4 2 1 1 4383 3903 330 331
16533 4 2 1 1 330 3903 4383 1155
16534 4 2 1 1 3238 414 3212 3239
16535 4 2 1 1 3238 3212 414 398
16536 4 2 1 1 413 3212 414 3239
16537 4 2 1 1 890 4198 888 898
16538 4 2 1 1 890 888 4198 4520
16539 4 2 1 1 886 888 4198 898
16540 4 2 1 1 886 4198 888 4520
16541 4 2 1 1 403 3219 3247 3246
16542 4 2 1 1 403 3247 3219 3220
16543 4 2 1 1 3252 3247 3219 3246
16544 4 2 1 1 3272 3296 3295 3294
16545 4 2 1 1 3295 3296 3272 3273
16546 4 2 1 1 3295 438 3272 3294
16547 4 2 1 1 3272 438 3295 3273
16548 4 2 1 1 333 3135 3149 344
16549 4 2 1 1 3149 3135 333 3136
16550 4 2 1 1 3149 3439 333 344
16551 4 2 1 1 333 3439 3149 3136
16552 4 2 1 1 3336 3305 3340 3328
16553 4 2 1 1 3336 3340 3305 3317
16554 4 2 1 1 466 3340 3305 3328
16555 4 2 1 1 466 3305 3340 3317
16556 4 2 1 1 3287 3261 3267 3265
16557 4 2 1 1 3267 3261 3287 3289
16558 4 2 1 1 3287 3299 3267 3289
16559 4 2 1 1 4101 4359 4100 3812
16560 4 2 1 1 4101 4100 4359 4456
16561 4 2 1 1 2179 2268 184 2588
16562 4 2 1 1 2179 184 2268 3921
16563 4 2 1 1 435 450 3268 3290
16564 4 2 1 1 435 3268 450 434
16565 4 2 1 1 3283 3268 450 3290
16566 4 2 1 1 3283 450 3268 434
16567 4 2 1 1 3120 196 314 3108
16568 4 2 1 1 314 196 3120 325
16569 4 2 1 1 314 3117 3120 3108
16570 4 2 1 1 3120 3117 314 325
16571 4 2 1 1 377 378 3168 362
16572 4 2 1 1 377 3168 378 3195
16573 4 2 1 1 3155 3168 378 362
16574 4 2 1 1 3155 378 3168 3195
16575 4 2 1 1 157 2791 200 166
16576 4 2 1 1 157 200 2791 2777
16577 4 2 1 1 2281 4169 353 2289
16578 4 2 1 1 353 4169 2281 354
16579 4 2 1 1 3212 397 414 398
16580 4 2 1 1 3212 414 397 413
16581 4 2 1 1 3234 414 397 398
16582 4 2 1 1 3234 397 414 413
16583 4 2 1 1 3973 2714 1780 3968
16584 4 2 1 1 3973 1780 2714 1781
16585 4 2 1 1 3315 3316 3341 3318
16586 4 2 1 1 3315 3341 3316 3339
16587 4 2 1 1 3342 3341 3316 3318
16588 4 2 1 1 3342 3316 3341 3339
16589 4 2 1 1 4476 3118 2533 320
16590 4 2 1 1 3159 3156 3192 3165
16591 4 2 1 1 3159 3192 3156 3183
16592 4 2 1 1 891 892 4519 893
16593 4 2 1 1 4519 892 891 4520
16594 4 2 1 1 4519 890 891 893
16595 4 2 1 1 891 890 4519 4520
16596 4 2 1 1 3169 3166 3192 3193
16597 4 2 1 1 3169 3192 3166 3165
16598 4 2 1 1 3156 3166 3192 3165
16599 4 2 1 1 4069 2889 4252 3543
16600 4 2 1 1 4069 4252 2889 169
16601 4 2 1 1 3192 3183 3166 3156
16602 4 2 1 1 3192 3166 3183 3193
16603 4 2 1 1 383 3183 3166 3193
16604 4 2 1 1 4473 3850 357 3883
16605 4 2 1 1 4473 357 3850 4352
16606 4 2 1 1 3140 343 353 342
16607 4 2 1 1 3140 353 343 354
16608 4 2 1 1 112 353 343 342
16609 4 2 1 1 112 343 353 354
16610 4 2 1 1 150 149 4363 165
16611 4 2 1 1 4363 149 150 2782
16612 4 2 1 1 4363 2789 150 165
16613 4 2 1 1 150 2789 4363 2782
16614 4 2 1 1 3166 3183 367 3156
16615 4 2 1 1 3166 367 3183 383
16616 4 2 1 1 366 367 3183 3156
16617 4 2 1 1 366 3183 367 383
16618 4 2 1 1 377 3199 3168 3195
16619 4 2 1 1 377 3168 3199 3172
16620 4 2 1 1 3197 3168 3199 3195
16621 4 2 1 1 3197 3199 3168 3172
16622 4 2 1 1 3444 3292 3263 3270
16623 4 2 1 1 3444 3263 3292 3285
16624 4 2 1 1 3288 3263 3292 3270
16625 4 2 1 1 3288 3292 3263 3285
16626 4 2 1 1 3212 3222 3248 3249
16627 4 2 1 1 3212 3248 3222 3221
16628 4 2 1 1 3223 3248 3222 3249
16629 4 2 1 1 3223 3222 3248 3221
16630 4 2 1 1 4179 2447 2446 4178
16631 4 2 1 1 4179 2446 2447 2445
16632 4 2 1 1 26 464 480 29
16633 4 2 1 1 480 464 26 465
16634 4 2 1 1 480 30 26 29
16635 4 2 1 1 449 3261 3262 433
16636 4 2 1 1 3262 3261 449 3284
16637 4 2 1 1 3262 448 449 433
16638 4 2 1 1 449 448 3262 3284
16639 4 2 1 1 3317 3336 3324 3312
16640 4 2 1 1 3317 3324 3336 3347
16641 4 2 1 1 3322 3324 3336 3312
16642 4 2 1 1 3322 3336 3324 3347
16643 4 2 1 1 1918 1916 167 184
16644 4 2 1 1 1918 167 1916 2688
16645 4 2 1 1 3325 482 465 466
16646 4 2 1 1 3340 465 482 466
16647 4 2 1 1 3340 482 465 481
16648 4 2 1 1 3217 3243 3238 3244
16649 4 2 1 1 3238 3243 3217 3211
16650 4 2 1 1 3217 3212 3238 3211
16651 4 2 1 1 356 359 73 1568
16652 4 2 1 1 73 359 356 360
16653 4 2 1 1 73 69 356 1568
16654 4 2 1 1 456 3296 3270 3292
16655 4 2 1 1 456 3270 3296 3274
16656 4 2 1 1 3272 3296 3270 3274
16657 4 2 1 1 73 360 4452 1653
16658 4 2 1 1 4452 360 73 4296
16659 4 2 1 1 4452 1360 73 1653
16660 4 2 1 1 73 1360 4452 4296
16661 4 2 1 1 4223 4069 4382 3901
16662 4 2 1 1 4223 4382 4069 3502
16663 4 2 1 1 3596 4382 4069 3901
16664 4 2 1 1 3596 4069 4382 3502
16665 4 2 1 1 232 3642 3780 2995
16666 4 2 1 1 232 3780 3642 3885
16667 4 2 1 1 3899 4517 3575 196
16668 4 2 1 1 3899 3575 4517 3618
16669 4 2 1 1 197 3575 4517 196
16670 4 2 1 1 197 4517 3575 3618
16671 4 2 1 1 3228 3243 3244 3255
16672 4 2 1 1 3244 3243 3228 3217
16673 4 2 1 1 3244 394 3228 3255
16674 4 2 1 1 3228 394 3244 3217
16675 4 2 1 1 4173 107 344 3148
16676 4 2 1 1 4173 344 107 2562
16677 4 2 1 1 3326 472 487 471
16678 4 2 1 1 3293 3277 3287 3299
16679 4 2 1 1 3293 3287 3277 3265
16680 4 2 1 1 3267 3287 3277 3299
16681 4 2 1 1 3267 3277 3287 3265
16682 4 2 1 1 3442 3225 3257 3230
16683 4 2 1 1 3442 3257 3225 3252
16684 4 2 1 1 3220 3257 3225 3230
16685 4 2 1 1 3234 31 40 3259
16686 4 2 1 1 3234 40 31 36
16687 4 2 1 1 453 3281 438 437
16688 4 2 1 1 453 438 3281 3304
16689 4 2 1 1 359 74 356 358
16690 4 2 1 1 359 356 74 1568
16691 4 2 1 1 70 74 356 1568
16692 4 2 1 1 3232 3260 31 3233
16693 4 2 1 1 3259 3260 31 32
16694 4 2 1 1 3259 31 3260 3233
16695 4 2 1 1 3973 1782 3598 3852
16696 4 2 1 1 318 3885 3780 317
16697 4 2 1 1 3780 3885 318 4113
16698 4 2 1 1 3780 4333 318 317
16699 4 2 1 1 318 4333 3780 4113
16700 4 2 1 1 111 107 351 3148
16701 4 2 1 1 71 75 328 329
16702 4 2 1 1 71 328 75 1480
16703 4 2 1 1 3238 3217 3239 3212
16704 4 2 1 1 3238 3239 3217 3244
16705 4 2 1 1 3248 3239 3217 3212
16706 4 2 1 1 3248 3217 3239 3244
16707 4 2 1 1 3921 2266 2267 2073
16708 4 2 1 1 3921 2267 2266 3851
16709 4 2 1 1 333 4498 2478 4036
16710 4 2 1 1 2110 3859 341 1797
16711 4 2 1 1 199 2104 2491 2566
16712 4 2 1 1 199 113 2491 182
16713 4 2 1 1 2491 113 199 2566
16714 4 2 1 1 209 257 215 241
16715 4 2 1 1 209 215 257 220
16716 4 2 1 1 3048 215 257 241
16717 4 2 1 1 3048 257 215 220
16718 4 2 1 1 4169 4376 353 2289
16719 4 2 1 1 3198 384 23 368
16720 4 2 1 1 3198 23 384 27
16721 4 2 1 1 3207 23 384 368
16722 4 2 1 1 3207 384 23 27
16723 4 2 1 1 488 3342 13 17
16724 4 2 1 1 13 3342 488 472
16725 4 2 1 1 13 3349 488 17
16726 4 2 1 1 3348 9 481 10
16727 4 2 1 1 30 481 9 10
16728 4 2 1 1 3177 361 120 118
16729 4 2 1 1 3177 120 361 377
16730 4 2 1 1 3172 120 361 118
16731 4 2 1 1 3172 361 120 377
16732 4 2 1 1 2491 1987 199 182
16733 4 2 1 1 2491 199 1987 2104
16734 4 2 1 1 1989 199 1987 182
16735 4 2 1 1 1989 1987 199 2104
16736 4 2 1 1 1992 2387 4335 1994
16737 4 2 1 1 4335 2387 1992 199
16738 4 2 1 1 4335 1993 1992 1994
16739 4 2 1 1 1992 1993 4335 199
16740 4 2 1 1 3258 31 3260 32
16741 4 2 1 1 3258 3260 31 3232
16742 4 2 1 1 4452 4046 360 4295
16743 4 2 1 1 4452 360 4046 4394
16744 4 2 1 1 186 3924 2933 187
16745 4 2 1 1 2933 3924 186 3566
16746 4 2 1 1 3924 4083 2933 187
16747 4 2 1 1 2933 4083 3924 3566
16748 4 2 1 1 3924 3523 4083 187
16749 4 2 1 1 4083 3523 3924 3566
16750 4 2 1 1 109 113 319 2567
16751 4 2 1 1 109 319 113 318
16752 4 2 1 1 308 319 113 2567
16753 4 2 1 1 108 112 352 353
16754 4 2 1 1 108 352 112 2303
16755 4 2 1 1 341 112 352 2303
16756 4 2 1 1 357 69 4352 1570
16757 4 2 1 1 357 4352 69 4296
16758 4 2 1 1 2292 2293 167 184
16759 4 2 1 1 2292 167 2293 2294
16760 4 2 1 1 2320 167 2293 184
16761 4 2 1 1 2320 2293 167 2294
16762 4 2 1 1 309 3106 110 114
16763 4 2 1 1 309 110 3106 3118
16764 4 2 1 1 1989 1990 199 182
16765 4 2 1 1 1989 199 1990 1991
16766 4 2 1 1 2473 305 110 316
16767 4 2 1 1 2473 110 305 114
16768 4 2 1 1 3106 305 110 114
16769 4 2 1 1 2503 2505 352 2365
16770 4 2 1 1 352 2505 2503 4522
16771 4 2 1 1 352 4376 2503 2365
16772 4 2 1 1 2503 4376 352 4522
16773 4 2 1 1 3140 202 354 343
16774 4 2 1 1 3140 354 202 204
16775 4 2 1 1 167 354 202 343
16776 4 2 1 1 167 202 354 204
16777 4 2 1 1 306 113 199 182
16778 4 2 1 1 199 113 306 317
16779 4 2 1 1 199 231 306 182
16780 4 2 1 1 4416 1667 1666 1423
16781 4 2 1 1 1666 1667 4416 4028
16782 4 2 1 1 1666 70 4416 1423
16783 4 2 1 1 4416 70 1666 4028
16784 4 2 1 1 184 2271 2269 2291
16785 4 2 1 1 2269 2383 184 2291
16786 4 2 1 1 4211 341 3859 3820
16787 4 2 1 1 4211 3859 341 340
16788 4 2 1 1 4026 355 74 358
16789 4 2 1 1 4026 74 355 70
16790 4 2 1 1 356 74 355 358
16791 4 2 1 1 356 355 74 70
16792 4 2 1 1 439 4340 38 455
16793 4 2 1 1 38 4340 439 34
16794 4 2 1 1 439 3279 38 34
16795 4 2 1 1 3258 419 117 119
16796 4 2 1 1 117 419 3258 3231
16797 4 2 1 1 3847 181 4514 182
16798 4 2 1 1 4243 188 4012 3043
16799 4 2 1 1 4243 4012 188 3789
16800 4 2 1 1 357 4296 73 360
16801 4 2 1 1 73 4296 357 69
16802 4 2 1 1 73 356 357 360
16803 4 2 1 1 357 356 73 69
16804 4 2 1 1 3870 175 3814 3756
16805 4 2 1 1 3870 3814 175 3067
16806 4 2 1 1 3978 307 3943 306
16807 4 2 1 1 3978 3943 307 4326
16808 4 2 1 1 3944 3943 307 306
16809 4 2 1 1 3944 307 3943 4326
16810 4 2 1 1 4376 354 4169 353
16811 4 2 1 1 4376 4169 354 3805
16812 4 2 1 1 1335 3997 72 76
16813 4 2 1 1 1335 72 3997 4127
16814 4 2 1 1 3098 275 178 3072
16815 4 2 1 1 178 275 3098 195
16816 4 2 1 1 178 228 3098 3072
16817 4 2 1 1 3098 228 178 195
16818 4 2 1 1 183 2806 2784 2785
16819 4 2 1 1 2784 2806 183 200
16820 4 2 1 1 114 308 110 309
16821 4 2 1 1 114 110 308 2567
16822 4 2 1 1 319 308 110 2567
16823 4 2 1 1 107 352 111 351
16824 4 2 1 1 107 111 352 2303
16825 4 2 1 1 341 352 111 2303
16826 4 2 1 1 26 480 481 30
16827 4 2 1 1 481 480 26 465
16828 4 2 1 1 481 9 26 30
16829 4 2 1 1 26 9 481 465
16830 4 2 1 1 1520 70 356 1522
16831 4 2 1 1 1518 70 356 1520
16832 4 2 1 1 331 76 1153 1130
16833 4 2 1 1 356 1516 70 1518
16834 4 2 1 1 1856 2471 341 1799
16835 4 2 1 1 2484 319 4113 2529
16836 4 2 1 1 2471 112 343 342
16837 4 2 1 1 2308 2471 341 1856
16838 4 2 1 1 2308 341 2471 342
16839 4 2 1 1 1857 1860 341 1856
16840 4 2 1 1 1860 2308 341 1856
16841 4 2 1 1 167 3598 343 202
16842 4 2 1 1 352 2364 4522 351
16843 4 2 1 1 352 4522 2364 2505
16844 4 2 1 1 107 2553 352 351
16845 4 2 1 1 107 352 2553 2505
16846 4 2 1 1 2553 2364 352 351
16847 4 2 1 1 2553 352 2364 2505
16848 4 2 1 1 109 2163 319 318
16849 4 2 1 1 109 319 2163 2484
16850 4 2 1 1 4113 319 2163 318
16851 4 2 1 1 4113 2163 319 2484
16852 4 2 1 1 3148 3141 2553 351
16853 4 2 1 1 2364 4011 3141 2370
16854 4 2 1 1 2553 2364 3141 2370
16855 4 2 1 1 3141 2364 2553 351
16856 4 2 1 1 109 317 2163 318
16857 4 2 1 1 109 2163 317 2158
16858 4 2 1 1 3885 2163 317 318
16859 4 2 1 1 3885 317 2163 2158
16860 4 2 1 1 1324 1608 3997 330
16861 4 2 1 1 1324 3997 1608 1340
16862 4 2 1 1 1147 3997 1608 330
16863 4 2 1 1 1147 1608 3997 1340
16864 4 2 1 1 309 2447 3106 2449
16865 4 2 1 1 113 307 2437 2429
16866 4 2 1 1 113 2437 307 308
16867 4 2 1 1 2438 2437 307 2429
16868 4 2 1 1 1731 2181 4514 1729
16869 4 2 1 1 1734 4514 2181 1729
16870 4 2 1 1 1734 2181 4514 199
16871 4 2 1 1 399 3232 416 400
16872 4 2 1 1 399 416 3232 3260
16873 4 2 1 1 417 416 3232 400
16874 4 2 1 1 417 3232 416 3260
16875 4 2 1 1 1135 331 76 1153
16876 4 2 1 1 2924 199 2181 1734
16877 4 2 1 1 2181 199 3619 1950
16878 4 2 1 1 1722 183 1945 1725
16879 4 2 1 1 2139 183 1945 200
16880 4 2 1 1 2139 1945 183 1725
16881 4 2 1 1 12 3303 3280 3302
16882 4 2 1 1 3304 3281 12 11
16883 4 2 1 1 3304 12 3281 3302
16884 4 2 1 1 3281 3280 12 11
16885 4 2 1 1 3281 12 3280 3302
16886 4 2 1 1 183 4067 1725 1722
16887 4 2 1 1 2861 4396 167 2889
16888 4 2 1 1 2376 2553 3141 2370
16889 4 2 1 1 4383 1155 331 330
16890 4 2 1 1 4383 331 1155 1135
16891 4 2 1 1 76 331 1155 330
16892 4 2 1 1 76 1155 331 1135
16893 4 2 1 1 196 314 3683 325
16894 4 2 1 1 3503 196 3683 325
16895 4 2 1 1 3503 3683 196 3499
16896 4 2 1 1 187 346 3465 335
16897 4 2 1 1 187 3465 346 3523
16898 4 2 1 1 187 3465 4083 2934
16899 4 2 1 1 187 4083 3465 3523
16900 4 2 1 1 345 335 3465 346
16901 4 2 1 1 3465 335 345 3682
16902 4 2 1 1 3465 3523 345 346
16903 4 2 1 1 345 3523 3465 3682
16904 4 2 1 1 3465 3502 335 3682
16905 4 2 1 1 345 3523 3924 346
16906 4 2 1 1 345 3924 3523 3713
16907 4 2 1 1 256 3634 4095 3678
16908 4 2 1 1 2411 2633 2924 1734
16909 4 2 1 1 2924 2633 2411 3764
16910 4 2 1 1 2924 2181 2411 1734
16911 4 2 1 1 1744 1740 2861 2175
16912 4 2 1 1 2861 1740 1744 3768
16913 4 2 1 1 2861 2636 1744 2175
16914 4 2 1 1 4396 1749 2861 1904
16915 4 2 1 1 4396 2861 1749 3794
16916 4 2 1 1 2636 2861 1749 1904
16917 4 2 1 1 2636 1749 2861 3794
16918 4 2 1 1 2269 2681 184 2383
16919 4 2 1 1 2269 184 2681 3851
16920 4 2 1 1 2285 184 2681 2383
16921 4 2 1 1 2285 2681 184 3851
16922 4 2 1 1 3897 2281 184 2279
16923 4 2 1 1 3897 184 2281 3610
16924 4 2 1 1 195 291 3499 3472
16925 4 2 1 1 3499 291 195 3927
16926 4 2 1 1 289 3927 3926 291
16927 4 2 1 1 3926 3927 289 3722
16928 4 2 1 1 2626 1955 3619 2125
16929 4 2 1 1 199 3619 4335 3930
16930 4 2 1 1 3954 3561 3463 3560
16931 4 2 1 1 3954 3463 3561 3947
16932 4 2 1 1 3862 3463 3561 3560
16933 4 2 1 1 3862 3561 3463 3947
16934 4 2 1 1 3959 187 3631 2977
16935 4 2 1 1 3959 3631 187 3924
16936 4 2 1 1 186 3631 187 2977
16937 4 2 1 1 186 187 3631 3924
16938 4 2 1 1 1200 1652 358 1650
16939 4 2 1 1 358 1652 1200 3960
16940 4 2 1 1 358 1592 1200 1650
16941 4 2 1 1 1200 1592 358 3960
16942 4 2 1 1 4004 326 3683 3782
16943 4 2 1 1 4004 3683 326 325
16944 4 2 1 1 3683 4004 3503 325
16945 4 2 1 1 3503 4004 3683 3559
16946 4 2 1 1 4481 4020 3869 315
16947 4 2 1 1 314 3869 4020 315
16948 4 2 1 1 314 4020 3869 3644
16949 4 2 1 1 1868 1733 4067 1732
16950 4 2 1 1 1868 4067 1733 4051
16951 4 2 1 1 275 3684 3751 273
16952 4 2 1 1 275 3751 3684 4055
16953 4 2 1 1 4095 272 3634 256
16954 4 2 1 1 4406 3632 300 3585
16955 4 2 1 1 272 271 3634 256
16956 4 2 1 1 255 3634 271 256
16957 4 2 1 1 4189 395 39 411
16958 4 2 1 1 191 192 3716 2925
16959 4 2 1 1 4006 3716 3585 2925
16960 4 2 1 1 4006 3585 3716 4220
16961 4 2 1 1 3716 192 3585 2925
16962 4 2 1 1 3585 3716 300 192
16963 4 2 1 1 3585 300 3716 4220
16964 4 2 1 1 4220 272 3634 4095
16965 4 2 1 1 4220 3634 272 3716
16966 4 2 1 1 4220 300 3632 3585
16967 4 2 1 1 4220 3632 300 4095
16968 4 2 1 1 4225 3862 3576 3561
16969 4 2 1 1 4225 265 3862 249
16970 4 2 1 1 4225 3862 265 3576
16971 4 2 1 1 171 3862 265 249
16972 4 2 1 1 2546 2687 3106 2541
16973 4 2 1 1 2123 2626 199 2125
16974 4 2 1 1 2123 199 2626 4335
16975 4 2 1 1 3619 199 2626 2125
16976 4 2 1 1 3619 2626 199 4335
16977 4 2 1 1 4364 2471 3598 343
16978 4 2 1 1 4364 3598 2471 2314
16979 4 2 1 1 3598 2471 167 343
16980 4 2 1 1 3598 167 2471 2314
16981 4 2 1 1 167 2471 112 343
16982 4 2 1 1 167 112 2471 2314
16983 4 2 1 1 285 301 3837 284
16984 4 2 1 1 2145 4335 3642 2144
16985 4 2 1 1 3642 4335 2145 4500
16986 4 2 1 1 3642 2648 2145 2144
16987 4 2 1 1 2145 2648 3642 4500
16988 4 2 1 1 2589 2051 4051 1868
16989 4 2 1 1 1733 4051 2051 1868
16990 4 2 1 1 1733 2051 4051 4514
16991 4 2 1 1 3885 317 3642 232
16992 4 2 1 1 3885 3642 317 2155
16993 4 2 1 1 199 3642 317 232
16994 4 2 1 1 3825 3602 3812 3521
16995 4 2 1 1 3825 3812 3602 332
16996 4 2 1 1 329 3812 3602 3521
16997 4 2 1 1 329 3602 3812 332
16998 4 2 1 1 1948 1950 4514 1731
16999 4 2 1 1 1948 4514 1950 199
17000 4 2 1 1 2181 4514 1950 1731
17001 4 2 1 1 2181 1950 4514 199
17002 4 2 1 1 3859 341 1851 2110
17003 4 2 1 1 3859 1851 341 340
17004 4 2 1 1 1850 1851 341 2110
17005 4 2 1 1 1850 341 1851 340
17006 4 2 1 1 4515 3784 2398 2497
17007 4 2 1 1 4515 2398 3784 3985
17008 4 2 1 1 2399 2398 3784 2497
17009 4 2 1 1 2399 3784 2398 3985
17010 4 2 1 1 4067 1727 183 1725
17011 4 2 1 1 1453 3787 329 1452
17012 4 2 1 1 329 3787 1453 4261
17013 4 2 1 1 329 1450 1453 1452
17014 4 2 1 1 1453 1450 329 4261
17015 4 2 1 1 200 1901 3764 1841
17016 4 2 1 1 13 3326 488 3349
17017 4 2 1 1 13 488 3326 472
17018 4 2 1 1 487 488 3326 3349
17019 4 2 1 1 487 3326 488 472
17020 4 2 1 1 1355 1358 4452 1360
17021 4 2 1 1 1355 4452 1358 4295
17022 4 2 1 1 4296 4452 1358 1360
17023 4 2 1 1 4296 1358 4452 4295
17024 4 2 1 1 1462 1463 328 1464
17025 4 2 1 1 1462 328 1463 3787
17026 4 2 1 1 1467 328 1463 1464
17027 4 2 1 1 1467 1463 328 3787
17028 4 2 1 1 3794 1744 2861 2636
17029 4 2 1 1 3794 2861 1744 3768
17030 4 2 1 1 2758 2757 3639 2755
17031 4 2 1 1 2758 3639 2757 4195
17032 4 2 1 1 3810 3639 2757 2755
17033 4 2 1 1 3810 2757 3639 4195
17034 4 2 1 1 3978 306 4184 2427
17035 4 2 1 1 3978 4184 306 231
17036 4 2 1 1 182 4184 306 2427
17037 4 2 1 1 182 306 4184 231
17038 4 2 1 1 1959 1957 3619 1955
17039 4 2 1 1 3619 1957 1959 3930
17040 4 2 1 1 3619 2626 1959 1955
17041 4 2 1 1 3796 2375 3141 2376
17042 4 2 1 1 2553 3141 2375 2376
17043 4 2 1 1 317 109 3642 199
17044 4 2 1 1 3642 109 317 2155
17045 4 2 1 1 3940 4002 3733 427
17046 4 2 1 1 3733 4002 3940 3641
17047 4 2 1 1 3515 4274 3593 3498
17048 4 2 1 1 356 4274 3593 359
17049 4 2 1 1 356 3593 4274 3498
17050 4 2 1 1 667 3691 4316 679
17051 4 2 1 1 4316 3691 667 3676
17052 4 2 1 1 179 314 3683 196
17053 4 2 1 1 3683 3499 195 196
17054 4 2 1 1 195 3499 3683 3472
17055 4 2 1 1 179 3683 195 196
17056 4 2 1 1 195 3683 179 3472
17057 4 2 1 1 4383 1137 1136 1676
17058 4 2 1 1 4383 1136 1137 3903
17059 4 2 1 1 1155 1677 4383 1676
17060 4 2 1 1 1155 4383 1677 3903
17061 4 2 1 1 1677 1137 4383 1676
17062 4 2 1 1 1677 4383 1137 3903
17063 4 2 1 1 4189 409 3741 393
17064 4 2 1 1 4189 3741 409 4245
17065 4 2 1 1 3979 405 3723 421
17066 4 2 1 1 3979 3723 405 4423
17067 4 2 1 1 406 3723 405 421
17068 4 2 1 1 406 405 3723 4423
17069 4 2 1 1 2644 2500 4476 2643
17070 4 2 1 1 2644 4476 2500 3784
17071 4 2 1 1 2645 4476 2500 2643
17072 4 2 1 1 2645 2500 4476 3784
17073 4 2 1 1 2499 4515 2498 3784
17074 4 2 1 1 2499 2498 4515 2496
17075 4 2 1 1 2497 2498 4515 3784
17076 4 2 1 1 2497 4515 2498 2496
17077 4 2 1 1 2454 2115 4051 2589
17078 4 2 1 1 2051 4051 2115 2589
17079 4 2 1 1 2051 2115 4051 4514
17080 4 2 1 1 3459 3615 3468 3493
17081 4 2 1 1 3459 3468 3615 4274
17082 4 2 1 1 3498 3468 3615 3493
17083 4 2 1 1 3498 3615 3468 4274
17084 4 2 1 1 4335 1959 3619 2626
17085 4 2 1 1 4335 3619 1959 3930
17086 4 2 1 1 3141 2380 2553 2375
17087 4 2 1 1 3141 3796 2380 2375
17088 4 2 1 1 3796 4172 2380 2375
17089 4 2 1 1 3691 592 395 590
17090 4 2 1 1 3691 395 592 4189
17091 4 2 1 1 39 395 592 590
17092 4 2 1 1 39 592 395 4189
17093 4 2 1 1 217 3816 219 3001
17094 4 2 1 1 217 219 3816 3980
17095 4 2 1 1 410 4199 3741 394
17096 4 2 1 1 3741 4199 410 4245
17097 4 2 1 1 410 409 3741 4245
17098 4 2 1 1 3502 171 335 170
17099 4 2 1 1 3502 335 171 3465
17100 4 2 1 1 187 335 171 170
17101 4 2 1 1 187 171 335 3465
17102 4 2 1 1 2300 2486 167 2298
17103 4 2 1 1 2300 167 2486 3968
17104 4 2 1 1 2323 167 2486 2298
17105 4 2 1 1 2323 2486 167 3968
17106 4 2 1 1 2618 4516 4476 2418
17107 4 2 1 1 4476 4516 2618 3784
17108 4 2 1 1 804 13 3933 42
17109 4 2 1 1 804 3933 13 4264
17110 4 2 1 1 3724 4367 1611 1595
17111 4 2 1 1 3724 1611 4367 4366
17112 4 2 1 1 928 1611 4367 1595
17113 4 2 1 1 928 4367 1611 4366
17114 4 2 1 1 3306 3307 3334 3330
17115 4 2 1 1 3306 3334 3307 3310
17116 4 2 1 1 3311 3334 3307 3330
17117 4 2 1 1 3311 3307 3334 3310
17118 4 2 1 1 3933 4123 4264 465
17119 4 2 1 1 3933 4264 4123 3777
17120 4 2 1 1 466 4264 4123 465
17121 4 2 1 1 466 4123 4264 3777
17122 4 2 1 1 4028 3529 4041 3881
17123 4 2 1 1 4028 4041 3529 4026
17124 4 2 1 1 3440 3309 3328 3332
17125 4 2 1 1 3440 3328 3309 3305
17126 4 2 1 1 467 3328 3309 3332
17127 4 2 1 1 467 3309 3328 3305
17128 4 2 1 1 4416 1186 1618 1503
17129 4 2 1 1 4416 1618 1186 4454
17130 4 2 1 1 2714 3598 3973 1782
17131 4 2 1 1 2714 3973 3598 3968
17132 4 2 1 1 3119 3118 305 316
17133 4 2 1 1 110 305 3118 316
17134 4 2 1 1 110 3118 305 3106
17135 4 2 1 1 305 3107 3118 3119
17136 4 2 1 1 305 3118 3107 3106
17137 4 2 1 1 3112 3107 3118 3106
17138 4 2 1 1 3294 3444 3270 3292
17139 4 2 1 1 3270 3444 3294 3272
17140 4 2 1 1 3270 3296 3294 3292
17141 4 2 1 1 3294 3296 3270 3272
17142 4 2 1 1 3997 72 327 4127
17143 4 2 1 1 4516 320 4476 4099
17144 4 2 1 1 4249 329 328 3857
17145 4 2 1 1 328 329 4249 3787
17146 4 2 1 1 328 4017 4249 3857
17147 4 2 1 1 4249 4017 328 3787
17148 4 2 1 1 2796 4132 2813 200
17149 4 2 1 1 2796 2813 4132 2820
17150 4 2 1 1 2814 2813 4132 200
17151 4 2 1 1 2814 4132 2813 2820
17152 4 2 1 1 3301 38 439 3279
17153 4 2 1 1 439 38 3301 455
17154 4 2 1 1 439 3296 3301 3279
17155 4 2 1 1 3301 3296 439 455
17156 4 2 1 1 3847 4051 181 3664
17157 4 2 1 1 3847 181 4051 4514
17158 4 2 1 1 4172 2553 3796 2380
17159 4 2 1 1 4172 3796 2553 3148
17160 4 2 1 1 3141 3796 2553 2380
17161 4 2 1 1 3141 2553 3796 3148
17162 4 2 1 1 3225 3257 3247 3252
17163 4 2 1 1 3247 3257 3225 3220
17164 4 2 1 1 3247 3219 3225 3252
17165 4 2 1 1 3225 3219 3247 3220
17166 4 2 1 1 3852 202 3820 343
17167 4 2 1 1 3852 3820 202 4133
17168 4 2 1 1 3140 3820 202 343
17169 4 2 1 1 3140 202 3820 4133
17170 4 2 1 1 9 3325 481 465
17171 4 2 1 1 9 481 3325 3348
17172 4 2 1 1 482 481 3325 465
17173 4 2 1 1 482 3325 481 3348
17174 4 2 1 1 333 2478 3135 111
17175 4 2 1 1 333 3135 2478 4498
17176 4 2 1 1 2478 2475 3135 111
17177 4 2 1 1 2478 3135 2475 4498
17178 4 2 1 1 2476 2477 3135 111
17179 4 2 1 1 2476 3135 2477 4498
17180 4 2 1 1 2475 2476 3135 111
17181 4 2 1 1 2475 3135 2476 4498
17182 4 2 1 1 232 3445 306 231
17183 4 2 1 1 306 199 232 231
17184 4 2 1 1 232 199 306 317
17185 4 2 1 1 218 3067 192 3093
17186 4 2 1 1 218 192 3067 175
17187 4 2 1 1 284 3067 192 175
17188 4 2 1 1 167 165 1906 2861
17189 4 2 1 1 1906 1904 4396 2861
17190 4 2 1 1 4396 1904 1906 1905
17191 4 2 1 1 167 1906 4396 2861
17192 4 2 1 1 4396 1906 167 1905
17193 4 2 1 1 167 1906 1907 1905
17194 4 2 1 1 1514 70 356 1516
17195 4 2 1 1 1514 356 70 355
17196 4 2 1 1 166 167 1921 1907
17197 4 2 1 1 1906 1921 167 1907
17198 4 2 1 1 1906 2584 167 1921
17199 4 2 1 1 1906 167 2584 165
17200 4 2 1 1 166 167 2584 1921
17201 4 2 1 1 166 2584 167 165
17202 4 2 1 1 199 200 1734 2924
17203 4 2 1 1 199 1734 200 2139
17204 4 2 1 1 1734 200 2633 2924
17205 4 2 1 1 1734 2633 200 2139
17206 4 2 1 1 2633 1901 200 2139
17207 4 2 1 1 4067 183 182 2876
17208 4 2 1 1 3513 179 3683 3472
17209 4 2 1 1 2192 2411 2924 2181
17210 4 2 1 1 2192 2924 2411 3764
17211 4 2 1 1 2950 2924 3619 3764
17212 4 2 1 1 3619 2192 2924 2181
17213 4 2 1 1 3619 2924 2192 3764
17214 4 2 1 1 4088 271 3716 272
17215 4 2 1 1 4088 3716 271 4164
17216 4 2 1 1 3634 3716 271 272
17217 4 2 1 1 3634 271 3716 4164
17218 4 2 1 1 3716 300 272 4220
17219 4 2 1 1 2546 2537 3106 2687
17220 4 2 1 1 3106 2537 2546 4279
17221 4 2 1 1 3562 328 3533 3577
17222 4 2 1 1 3562 3533 328 3602
17223 4 2 1 1 4367 3724 3562 3577
17224 4 2 1 1 4367 3562 3724 3602
17225 4 2 1 1 331 328 3562 3577
17226 4 2 1 1 331 3562 328 3602
17227 4 2 1 1 3724 331 3562 3577
17228 4 2 1 1 3724 3562 331 3602
17229 4 2 1 1 1403 1578 4028 1665
17230 4 2 1 1 1403 4028 1578 4026
17231 4 2 1 1 70 4028 1578 1665
17232 4 2 1 1 70 1578 4028 4026
17233 4 2 1 1 4077 174 4314 3678
17234 4 2 1 1 4077 4314 174 2877
17235 4 2 1 1 3837 4314 174 3678
17236 4 2 1 1 3837 174 4314 2877
17237 4 2 1 1 3610 3805 4169 3897
17238 4 2 1 1 4169 3805 3610 204
17239 4 2 1 1 4169 2281 3610 3897
17240 4 2 1 1 2139 1734 3446 182
17241 4 2 1 1 3446 1734 2139 1727
17242 4 2 1 1 2139 3446 4067 182
17243 4 2 1 1 4067 3446 2139 1727
17244 4 2 1 1 2139 4067 183 182
17245 4 2 1 1 183 4067 2139 1727
17246 4 2 1 1 191 272 4095 174
17247 4 2 1 1 4095 192 191 174
17248 4 2 1 1 4246 179 3683 3513
17249 4 2 1 1 3683 179 4246 314
17250 4 2 1 1 3683 3644 4246 3513
17251 4 2 1 1 4246 3644 3683 314
17252 4 2 1 1 3920 3729 1864 3623
17253 4 2 1 1 3920 1864 3729 1824
17254 4 2 1 1 1863 1864 3729 3623
17255 4 2 1 1 1863 3729 1864 1824
17256 4 2 1 1 4473 1530 356 357
17257 4 2 1 1 356 3883 4473 357
17258 4 2 1 1 2466 1945 183 200
17259 4 2 1 1 183 1945 2466 1722
17260 4 2 1 1 2466 1712 183 1722
17261 4 2 1 1 3724 328 330 331
17262 4 2 1 1 328 3649 330 327
17263 4 2 1 1 328 330 3647 3724
17264 4 2 1 1 3647 330 328 3649
17265 4 2 1 1 3647 3577 328 3724
17266 4 2 1 1 328 3577 3647 3649
17267 4 2 1 1 3842 4198 890 1370
17268 4 2 1 1 890 4198 3842 359
17269 4 2 1 1 890 358 3842 1370
17270 4 2 1 1 3842 358 890 359
17271 4 2 1 1 183 91 2466 200
17272 4 2 1 1 183 2466 91 1712
17273 4 2 1 1 4259 2275 184 2274
17274 4 2 1 1 184 3851 4259 2274
17275 4 2 1 1 4259 3851 184 3897
17276 4 2 1 1 404 3979 48 420
17277 4 2 1 1 404 48 3979 593
17278 4 2 1 1 86 48 3979 420
17279 4 2 1 1 86 3979 48 593
17280 4 2 1 1 2895 2879 4077 2877
17281 4 2 1 1 4077 2879 2895 4248
17282 4 2 1 1 2907 3865 4077 2877
17283 4 2 1 1 4077 3865 2907 4248
17284 4 2 1 1 2879 2907 4077 2877
17285 4 2 1 1 4077 2907 2879 4248
17286 4 2 1 1 3859 340 3990 1810
17287 4 2 1 1 3859 3990 340 3128
17288 4 2 1 1 3135 3990 340 1810
17289 4 2 1 1 3135 340 3990 3128
17290 4 2 1 1 271 270 3634 255
17291 4 2 1 1 271 3634 270 4164
17292 4 2 1 1 2276 2277 4259 2275
17293 4 2 1 1 2276 4259 2277 3897
17294 4 2 1 1 184 4259 2277 2275
17295 4 2 1 1 184 2277 4259 3897
17296 4 2 1 1 461 3843 3775 477
17297 4 2 1 1 3775 3843 461 4480
17298 4 2 1 1 3775 460 461 477
17299 4 2 1 1 461 460 3775 4480
17300 4 2 1 1 356 1530 3883 1526
17301 4 2 1 1 356 3883 1530 4473
17302 4 2 1 1 1529 3883 1530 1526
17303 4 2 1 1 1529 1530 3883 4473
17304 4 2 1 1 39 4189 3772 4277
17305 4 2 1 1 39 3772 4189 411
17306 4 2 1 1 410 3741 393 394
17307 4 2 1 1 393 3741 410 409
17308 4 2 1 1 393 3248 410 394
17309 4 2 1 1 410 3248 393 409
17310 4 2 1 1 3820 342 3852 343
17311 4 2 1 1 3820 3852 342 4215
17312 4 2 1 1 4364 3852 342 343
17313 4 2 1 1 4364 342 3852 4215
17314 4 2 1 1 3690 3886 391 4014
17315 4 2 1 1 391 3886 3690 4271
17316 4 2 1 1 391 392 3690 4014
17317 4 2 1 1 3690 392 391 4271
17318 4 2 1 1 183 1722 4231 4067
17319 4 2 1 1 4231 1722 183 1712
17320 4 2 1 1 1722 4230 4231 4067
17321 4 2 1 1 4231 4230 1722 1712
17322 4 2 1 1 1722 1721 4230 4067
17323 4 2 1 1 4230 1721 1722 1712
17324 4 2 1 1 3106 2539 4481 305
17325 4 2 1 1 3106 4481 2539 4279
17326 4 2 1 1 3325 468 3777 4264
17327 4 2 1 1 3777 468 3325 467
17328 4 2 1 1 3777 466 3325 4264
17329 4 2 1 1 3325 466 3777 467
17330 4 2 1 1 4274 3702 3593 359
17331 4 2 1 1 4274 3593 3702 3515
17332 4 2 1 1 3017 268 251 267
17333 4 2 1 1 3017 251 268 252
17334 4 2 1 1 4043 251 268 267
17335 4 2 1 1 4043 268 251 252
17336 4 2 1 1 301 286 3837 4406
17337 4 2 1 1 301 3837 286 285
17338 4 2 1 1 3727 3837 286 4406
17339 4 2 1 1 3727 286 3837 285
17340 4 2 1 1 377 4286 3195 3732
17341 4 2 1 1 377 3195 4286 3199
17342 4 2 1 1 3118 3784 3783 3124
17343 4 2 1 1 3783 3784 3118 3985
17344 4 2 1 1 307 2435 2437 2438
17345 4 2 1 1 307 2437 2435 308
17346 4 2 1 1 3610 184 354 204
17347 4 2 1 1 354 184 3610 2281
17348 4 2 1 1 354 4169 3610 204
17349 4 2 1 1 3610 4169 354 2281
17350 4 2 1 1 3935 266 3046 4012
17351 4 2 1 1 3935 3046 266 267
17352 4 2 1 1 4065 4166 184 2937
17353 4 2 1 1 2909 184 4166 2937
17354 4 2 1 1 2347 184 4166 2909
17355 4 2 1 1 4166 2199 2347 2909
17356 4 2 1 1 2347 2199 4166 2332
17357 4 2 1 1 448 447 3282 431
17358 4 2 1 1 3282 447 448 3303
17359 4 2 1 1 3282 432 448 431
17360 4 2 1 1 448 432 3282 3303
17361 4 2 1 1 4479 1088 3802 1098
17362 4 2 1 1 4479 3802 1088 327
17363 4 2 1 1 328 1088 3802 327
17364 4 2 1 1 1088 1626 3802 1098
17365 4 2 1 1 3802 1626 1088 328
17366 4 2 1 1 75 332 4101 1486
17367 4 2 1 1 4101 332 75 4359
17368 4 2 1 1 4101 4456 75 1486
17369 4 2 1 1 75 4456 4101 4359
17370 4 2 1 1 4393 332 1118 4101
17371 4 2 1 1 4393 1118 332 1120
17372 4 2 1 1 1486 1118 332 4101
17373 4 2 1 1 1486 332 1118 1120
17374 4 2 1 1 4065 1759 1778 2332
17375 4 2 1 1 4065 1778 1759 184
17376 4 2 1 1 2347 4065 1778 2332
17377 4 2 1 1 2347 1778 4065 184
17378 4 2 1 1 4166 4065 2347 2332
17379 4 2 1 1 4166 2347 4065 184
17380 4 2 1 1 2696 2154 4500 2695
17381 4 2 1 1 4500 2154 2696 3885
17382 4 2 1 1 4500 2155 2696 2695
17383 4 2 1 1 2696 2155 4500 3885
17384 4 2 1 1 231 3943 2975 230
17385 4 2 1 1 3815 288 4015 304
17386 4 2 1 1 3815 4015 288 4056
17387 4 2 1 1 290 4015 288 304
17388 4 2 1 1 290 288 4015 4056
17389 4 2 1 1 3124 3123 3107 3112
17390 4 2 1 1 3107 3123 3124 3119
17391 4 2 1 1 3107 3118 3124 3112
17392 4 2 1 1 3124 3118 3107 3119
17393 4 2 1 1 4516 321 4476 320
17394 4 2 1 1 4516 4476 321 3784
17395 4 2 1 1 3118 4476 321 320
17396 4 2 1 1 3118 321 4476 3784
17397 4 2 1 1 3130 334 3149 345
17398 4 2 1 1 3130 3149 334 3136
17399 4 2 1 1 3439 3149 334 345
17400 4 2 1 1 3439 334 3149 3136
17401 4 2 1 1 2718 2115 4051 2454
17402 4 2 1 1 4051 2115 2718 4514
17403 4 2 1 1 4051 2455 2718 2454
17404 4 2 1 1 2718 2455 4051 4514
17405 4 2 1 1 192 3067 300 3093
17406 4 2 1 1 192 300 3067 284
17407 4 2 1 1 3092 300 3067 3093
17408 4 2 1 1 3092 3067 300 284
17409 4 2 1 1 2533 2644 4476 2617
17410 4 2 1 1 4476 2644 2533 3118
17411 4 2 1 1 2268 2269 184 2271
17412 4 2 1 1 184 2269 2268 3851
17413 4 2 1 1 1480 328 76 72
17414 4 2 1 1 1480 76 328 331
17415 4 2 1 1 330 328 76 331
17416 4 2 1 1 3125 232 306 317
17417 4 2 1 1 3125 306 232 3445
17418 4 2 1 1 3178 381 366 382
17419 4 2 1 1 3178 366 381 365
17420 4 2 1 1 3157 366 381 382
17421 4 2 1 1 3157 381 366 365
17422 4 2 1 1 2824 2794 4231 4363
17423 4 2 1 1 2824 4231 2794 2817
17424 4 2 1 1 183 4231 2794 4363
17425 4 2 1 1 183 2794 4231 2817
17426 4 2 1 1 2371 3796 2369 2679
17427 4 2 1 1 2371 2369 3796 4011
17428 4 2 1 1 2680 2369 3796 2679
17429 4 2 1 1 2680 3796 2369 4011
17430 4 2 1 1 3149 3135 3137 3150
17431 4 2 1 1 3137 3135 3149 3136
17432 4 2 1 1 3137 3134 3149 3150
17433 4 2 1 1 3149 3134 3137 3136
17434 4 2 1 1 338 3706 3859 3128
17435 4 2 1 1 3859 3706 338 4211
17436 4 2 1 1 338 3129 3706 3128
17437 4 2 1 1 3706 3129 338 4211
17438 4 2 1 1 340 339 3859 3128
17439 4 2 1 1 3859 339 340 4211
17440 4 2 1 1 339 338 3859 3128
17441 4 2 1 1 3859 338 339 4211
17442 4 2 1 1 1851 1850 3859 1849
17443 4 2 1 1 1851 3859 1850 340
17444 4 2 1 1 1848 3859 1850 1849
17445 4 2 1 1 1848 1850 3859 340
17446 4 2 1 1 3126 307 319 318
17447 4 2 1 1 3126 319 307 308
17448 4 2 1 1 113 319 307 318
17449 4 2 1 1 113 307 319 308
17450 4 2 1 1 342 3140 352 353
17451 4 2 1 1 352 3140 342 341
17452 4 2 1 1 352 112 342 353
17453 4 2 1 1 342 112 352 341
17454 4 2 1 1 3282 3280 12 3303
17455 4 2 1 1 12 3280 3282 11
17456 4 2 1 1 76 328 327 72
17457 4 2 1 1 327 328 76 330
17458 4 2 1 1 327 3997 76 72
17459 4 2 1 1 76 3997 327 330
17460 4 2 1 1 320 3126 308 319
17461 4 2 1 1 308 3126 320 309
17462 4 2 1 1 308 110 320 319
17463 4 2 1 1 320 110 308 309
17464 4 2 1 1 340 3151 352 341
17465 4 2 1 1 352 3151 340 351
17466 4 2 1 1 352 111 340 341
17467 4 2 1 1 340 111 352 351
17468 4 2 1 1 4095 284 300 192
17469 4 2 1 1 174 175 4095 192
17470 4 2 1 1 174 4095 175 3837
17471 4 2 1 1 175 284 4095 192
17472 4 2 1 1 175 4095 284 3837
17473 4 2 1 1 1860 341 4215 1857
17474 4 2 1 1 2308 341 4215 1860
17475 4 2 1 1 2308 4215 341 342
17476 4 2 1 1 3598 343 3852 4364
17477 4 2 1 1 3598 3852 343 202
17478 4 2 1 1 3141 2364 4522 4011
17479 4 2 1 1 4522 2364 3141 351
17480 4 2 1 1 4522 3624 3141 4011
17481 4 2 1 1 3141 3624 4522 351
17482 4 2 1 1 3106 309 4179 2447
17483 4 2 1 1 4179 309 3106 310
17484 4 2 1 1 3943 231 3769 3978
17485 4 2 1 1 3943 3769 231 2975
17486 4 2 1 1 4184 3769 231 3978
17487 4 2 1 1 182 3847 3769 4184
17488 4 2 1 1 3769 3847 182 2975
17489 4 2 1 1 3769 231 182 4184
17490 4 2 1 1 182 231 3769 2975
17491 4 2 1 1 2924 199 3619 2181
17492 4 2 1 1 2924 3619 199 2950
17493 4 2 1 1 3141 2376 2680 3796
17494 4 2 1 1 2680 2376 3141 2370
17495 4 2 1 1 2680 4011 3141 3796
17496 4 2 1 1 3141 4011 2680 2370
17497 4 2 1 1 3862 265 3465 171
17498 4 2 1 1 3862 3465 265 3576
17499 4 2 1 1 188 3465 265 171
17500 4 2 1 1 188 265 3465 3576
17501 4 2 1 1 3764 2633 200 2924
17502 4 2 1 1 3764 200 2633 1901
17503 4 2 1 1 4020 3869 2228 4481
17504 4 2 1 1 4020 2228 3869 3644
17505 4 2 1 1 192 4095 272 300
17506 4 2 1 1 272 4095 192 191
17507 4 2 1 1 272 3716 192 300
17508 4 2 1 1 192 3716 272 191
17509 4 2 1 1 301 284 4095 3837
17510 4 2 1 1 4095 284 301 300
17511 4 2 1 1 4095 3632 4406 3837
17512 4 2 1 1 4406 3632 4095 300
17513 4 2 1 1 301 4095 4406 3837
17514 4 2 1 1 4406 4095 301 300
17515 4 2 2 2 160 3362 3437 2784
17516 4 2 2 2 494 505 2796 3389
17517 4 2 2 2 519 156 3355 3433
17518 4 2 2 2 156 3355 3433 2791
17519 4 2 2 2 2783 3356 3368 3430
17520 4 2 2 2 3434 2792 2777 2796
17521 4 2 2 2 2783 2788 3356 3430
17522 4 2 2 2 3362 160 3437 507
17523 4 2 2 2 3357 2786 3423 2781
17524 4 2 2 2 2828 2816 3357 2781
17525 4 2 2 2 2794 2786 3357 2781
17526 4 2 2 2 2785 3406 3422 2828
17527 4 2 2 2 508 2785 3422 145
17528 4 2 2 2 2788 3356 3431 3365
17529 4 2 2 2 2786 3372 3357 3360
17530 4 2 2 2 3407 3392 3359 2829
17531 4 2 2 2 2816 2794 3357 2781
17532 4 2 2 2 3390 3406 2785 2828
17533 4 2 2 2 2829 3425 3407 2787
17534 4 2 2 2 494 2796 2810 2820
17535 4 2 2 2 3372 2786 3357 2794
17536 4 2 2 2 2788 3356 3365 3374
17537 4 2 2 2 3356 2799 2783 3368
17538 4 2 2 2 2785 508 3363 3437
17539 4 2 2 2 2800 2790 3368 3358
17540 4 2 2 2 2780 2790 2798 3358
17541 4 2 2 2 3362 3354 3370 2784
17542 4 2 2 2 2790 3368 2783 2800
17543 4 2 2 2 3375 3359 2782 3367
17544 4 2 2 2 3360 3361 3424 2786
17545 4 2 2 2 2785 508 3437 145
17546 4 2 2 2 3363 3437 3362 2784
17547 4 2 2 2 3360 3372 3379 2786
17548 4 2 2 2 3362 160 507 3436
17549 4 2 2 2 2794 3357 3372 2816
17550 4 2 2 2 3377 3367 2789 3366
17551 4 2 2 2 3377 2789 2780 3366
17552 4 2 2 2 2829 3407 3392 2787
17553 4 2 2 2 2783 2788 2799 3356
17554 4 2 2 2 2778 3370 3354 2784
17555 4 2 2 2 2779 3431 3365 2788
17556 4 2 2 2 2802 2782 3359 2829
17557 4 2 2 2 2788 2799 3356 3374
17558 4 2 2 2 3362 3370 3381 2784
17559 4 2 2 2 2780 2798 3377 3366
17560 4 2 2 2 2789 2797 3367 3377
17561 4 2 2 2 3357 3390 3372 2816
17562 4 2 2 2 2787 3424 3361 2786
17563 4 2 2 2 2785 2816 3390 2828
17564 4 2 2 2 3361 3360 3379 2786
17565 4 2 2 2 3437 3363 2785 2784
17566 4 2 2 2 3363 3362 3381 2784
17567 4 2 2 2 3358 3368 2800 3396
17568 4 2 2 2 3365 2795 2788 3374
17569 4 2 2 2 3379 2787 2786 2805
17570 4 2 2 2 3392 2802 3359 2829
17571 4 2 2 2 3390 3406 3363 2785
17572 4 2 2 2 2779 3365 3355 3408
17573 4 2 2 2 3355 3433 2791 3364
17574 4 2 2 2 2800 3369 3358 3396
17575 4 2 2 2 3359 2782 2802 3375
17576 4 2 2 2 3356 3394 2799 3368
17577 4 2 2 2 3389 505 2796 3399
17578 4 2 2 2 2787 3361 3379 2786
17579 4 2 2 2 2791 2779 3355 3408
17580 4 2 2 2 2780 2801 2789 3377
17581 4 2 2 2 2779 3365 3408 3376
17582 4 2 2 2 3361 3392 3407 2787
17583 4 2 2 2 2797 3375 3367 3377
17584 4 2 2 2 2778 2793 3370 2784
17585 4 2 2 2 3369 3377 2798 3366
17586 4 2 2 2 2793 3381 3370 2784
17587 4 2 2 2 3368 3394 2800 3396
17588 4 2 2 2 2788 2779 2795 3365
17589 4 2 2 2 2794 3400 3372 2805
17590 4 2 2 2 2780 2798 2801 3377
17591 4 2 2 2 3371 3399 2796 2813
17592 4 2 2 2 2797 2789 2801 3377
17593 4 2 2 2 3373 3355 2791 3364
17594 4 2 2 2 2791 3355 3373 3408
17595 4 2 2 2 3365 2779 2795 3376
17596 4 2 2 2 2799 2788 2795 3374
17597 4 2 2 2 2784 2793 3381 2806
17598 4 2 2 2 2799 3394 3356 3374
17599 4 2 2 2 2802 3359 3375 3392
17600 4 2 2 2 2829 3392 2802 2787
17601 4 2 2 2 3400 3379 3372 2805
17602 4 2 2 2 3396 2800 3369 2819
17603 4 2 2 2 2791 3364 2777 2803
17604 4 2 2 2 2826 3412 3405 2818
17605 4 2 2 2 2796 3378 494 2810
17606 4 2 2 2 489 490 3382 3351
17607 4 2 2 2 504 3412 503 3380
17608 4 2 2 2 2800 2798 3369 2819
17609 4 2 2 2 2794 3372 2817 2816
17610 4 2 2 2 100 99 2812 3421
17611 4 2 2 2 501 500 3383 3418
17612 4 2 2 2 502 501 3386 3416
17613 4 2 2 2 97 96 2821 3416
17614 4 2 2 2 503 502 3393 3414
17615 4 2 2 2 3420 500 3385 499
17616 4 2 2 2 2825 3401 3409 2814
17617 4 2 2 2 499 498 3384 3421
17618 4 2 2 2 101 100 2808 3419
17619 4 2 2 2 3364 2791 3373 2803
17620 4 2 2 2 492 490 3353 3391
17621 4 2 2 2 2818 2802 3392 2787
17622 4 2 2 2 3376 2795 3365 3374
17623 4 2 2 2 491 489 3404 3352
17624 4 2 2 2 492 504 3405 3410
17625 4 2 2 2 2797 2802 2782 3375
17626 4 2 2 2 3421 3384 2812 3395
17627 4 2 2 2 3420 98 99 2819
17628 4 2 2 2 493 491 3387 3409
17629 4 2 2 2 3371 2793 2813 2814
17630 4 2 2 2 497 496 3402 3417
17631 4 2 2 2 498 497 3395 3419
17632 4 2 2 2 3385 3420 499 2819
17633 4 2 2 2 494 2796 2820 3389
17634 4 2 2 2 3381 3370 3401 2793
17635 4 2 2 2 2787 3379 2818 2805
17636 4 2 2 2 2800 3394 2812 3396
17637 4 2 2 2 2815 96 95 3414
17638 4 2 2 2 97 98 3418 2811
17639 4 2 2 2 3383 3418 500 2811
17640 4 2 2 2 3372 3390 3391 2816
17641 4 2 2 2 3415 495 496 3388
17642 4 2 2 2 2796 3399 2792 2813
17643 4 2 2 2 3396 2812 2800 2819
17644 4 2 2 2 3380 3392 3361 2787
17645 4 2 2 2 2785 3363 3382 2806
17646 4 2 2 2 2799 3394 3374 3395
17647 4 2 2 2 3370 3371 3387 2793
17648 4 2 2 2 3381 2793 2825 2806
17649 4 2 2 2 2799 2795 2808 3374
17650 4 2 2 2 3421 2812 100 3395
17651 4 2 2 2 2805 2794 3400 2824
17652 4 2 2 2 2809 102 101 3417
17653 4 2 2 2 2823 95 94 3412
17654 4 2 2 2 3394 2812 2799 2800
17655 4 2 2 2 3400 2817 3353 2824
17656 4 2 2 2 3400 3353 492 2824
17657 4 2 2 2 3380 3405 3412 2818
17658 4 2 2 2 3413 103 104 2810
17659 4 2 2 2 2792 3399 2778 2813
17660 4 2 2 2 103 102 2822 3415
17661 4 2 2 2 3377 2801 3386 3383
17662 4 2 2 2 2816 3390 2807 2785
17663 4 2 2 2 92 2807 3351 2827
17664 4 2 2 2 3398 2795 3376 3374
17665 4 2 2 2 3405 3379 3400 2805
17666 4 2 2 2 3400 3410 2826 2824
17667 4 2 2 2 499 3420 99 2819
17668 4 2 2 2 3381 3382 3363 2806
17669 4 2 2 2 3412 94 2823 2818
17670 4 2 2 2 3372 2817 3400 2794
17671 4 2 2 2 3410 3400 492 2824
17672 4 2 2 2 3351 91 92 2827
17673 4 2 2 2 2821 3416 3386 501
17674 4 2 2 2 3351 2807 2817 3391
17675 4 2 2 2 3394 2799 2812 3395
17676 4 2 2 2 491 3352 3401 2825
17677 4 2 2 2 3398 101 2808 3419
17678 4 2 2 2 3386 2797 2801 3377
17679 4 2 2 2 3416 96 2821 3386
17680 4 2 2 2 3391 3351 2807 3382
17681 4 2 2 2 2788 2783 154 3430
17682 4 2 2 2 3410 3405 3400 2826
17683 4 2 2 2 148 3424 2787 2786
17684 4 2 2 2 3404 3401 3352 2825
17685 4 2 2 2 94 3412 3405 2826
17686 4 2 2 2 3387 3409 3401 2814
17687 4 2 2 2 3384 3421 498 3395
17688 4 2 2 2 500 3418 98 2811
17689 4 2 2 2 2793 3401 3381 2825
17690 4 2 2 2 3379 3405 2818 2805
17691 4 2 2 2 3398 2808 2795 3374
17692 4 2 2 2 2796 3389 3371 2813
17693 4 2 2 2 490 3351 2817 3391
17694 4 2 2 2 3385 3396 3369 2819
17695 4 2 2 2 3387 3401 3370 2793
17696 4 2 2 2 3385 3383 500 2811
17697 4 2 2 2 3420 3385 98 2819
17698 4 2 2 2 505 2792 3435 158
17699 4 2 2 2 498 3421 100 3395
17700 4 2 2 2 3385 98 2819 2811
17701 4 2 2 2 501 3383 2821 2811
17702 4 2 2 2 2797 3386 3375 3377
17703 4 2 2 2 3384 2812 99 3421
17704 4 2 2 2 499 3384 3385 2819
17705 4 2 2 2 3437 2785 145 2784
17706 4 2 2 2 501 3418 3383 2811
17707 4 2 2 2 3386 2815 2797 3375
17708 4 2 2 2 2801 2821 3383 2811
17709 4 2 2 2 3356 518 3431 3365
17710 4 2 2 2 2785 3422 145 2828
17711 4 2 2 2 508 3363 3437 3362
17712 4 2 2 2 3360 3361 511 3424
17713 4 2 2 2 2793 3371 3387 2814
17714 4 2 2 2 99 2812 3384 2819
17715 4 2 2 2 2819 2798 3383 2811
17716 4 2 2 2 2779 3431 2788 155
17717 4 2 2 2 2805 3400 2826 2824
17718 4 2 2 2 3416 2821 97 501
17719 4 2 2 2 3395 3398 2808 3419
17720 4 2 2 2 3374 2808 2799 3395
17721 4 2 2 2 3371 3399 3389 2796
17722 4 2 2 2 517 3368 3356 3430
17723 4 2 2 2 3409 105 106 2814
17724 4 2 2 2 3375 3393 2802 3392
17725 4 2 2 2 2801 2821 3386 3383
17726 4 2 2 2 3352 106 91 2827
17727 4 2 2 2 3411 104 105 2820
17728 4 2 2 2 3410 93 94 2826
17729 4 2 2 2 2817 3400 3353 3391
17730 4 2 2 2 3436 507 3362 3354
17731 4 2 2 2 2798 2801 3383 2811
17732 4 2 2 2 3385 3384 3396 2819
17733 4 2 2 2 2817 93 92 3353
17734 4 2 2 2 3384 2812 3396 2819
17735 4 2 2 2 3395 2808 100 3419
17736 4 2 2 2 2826 3405 3400 2805
17737 4 2 2 2 2815 3393 502 3414
17738 4 2 2 2 3397 3373 2822 2803
17739 4 2 2 2 3401 3404 3381 2825
17740 4 2 2 2 3383 2821 3386 501
17741 4 2 2 2 158 3434 2792 2777
17742 4 2 2 2 3392 3380 2818 2787
17743 4 2 2 2 2786 147 3423 2781
17744 4 2 2 2 3384 2812 3394 3396
17745 4 2 2 2 493 3389 3411 2820
17746 4 2 2 2 500 3385 98 3420
17747 4 2 2 2 500 98 3385 2811
17748 4 2 2 2 2817 92 3351 490
17749 4 2 2 2 2812 2808 100 3395
17750 4 2 2 2 99 3384 3421 499
17751 4 2 2 2 94 3412 2826 2818
17752 4 2 2 2 3391 490 3351 3382
17753 4 2 2 2 497 3398 2809 3417
17754 4 2 2 2 3386 3416 96 502
17755 4 2 2 2 3413 3403 103 2810
17756 4 2 2 2 99 3384 499 2819
17757 4 2 2 2 2804 2779 3408 3376
17758 4 2 2 2 3409 3387 493 2814
17759 4 2 2 2 102 2809 3402 3417
17760 4 2 2 2 501 97 3418 2811
17761 4 2 2 2 501 2821 97 2811
17762 4 2 2 2 3415 102 2822 3388
17763 4 2 2 2 2815 2821 96 3386
17764 4 2 2 2 2819 3383 3385 2811
17765 4 2 2 2 3419 3398 101 497
17766 4 2 2 2 2818 3405 2826 2805
17767 4 2 2 2 3412 504 3405 3380
17768 4 2 2 2 490 2817 3353 3391
17769 4 2 2 2 3402 2809 3398 3417
17770 4 2 2 2 2808 2812 2799 3395
17771 4 2 2 2 2829 148 3425 2787
17772 4 2 2 2 2804 102 2809 3402
17773 4 2 2 2 504 94 3412 3405
17774 4 2 2 2 2817 3400 2794 2824
17775 4 2 2 2 3391 3353 492 3400
17776 4 2 2 2 3373 2804 2791 3408
17777 4 2 2 2 2822 495 3415 3397
17778 4 2 2 2 2825 3409 106 2814
17779 4 2 2 2 2779 2804 2795 3376
17780 4 2 2 2 2821 2797 2801 3386
17781 4 2 2 2 3376 2809 2795 3398
17782 4 2 2 2 2808 2809 101 3398
17783 4 2 2 2 2810 3378 494 3403
17784 4 2 2 2 3402 2804 102 3388
17785 4 2 2 2 3380 2802 3392 2818
17786 4 2 2 2 3352 491 106 2825
17787 4 2 2 2 2817 92 2807 3351
17788 4 2 2 2 3373 2791 2804 2803
17789 4 2 2 2 3384 3394 2812 3395
17790 4 2 2 2 2779 2791 2804 3408
17791 4 2 2 2 2785 3382 2807 2806
17792 4 2 2 2 3388 2822 3415 3397
17793 4 2 2 2 2822 495 3397 3403
17794 4 2 2 2 106 3352 2825 2827
17795 4 2 2 2 3395 100 498 3419
17796 4 2 2 2 3372 3391 2817 2816
17797 4 2 2 2 3388 3415 495 3397
17798 4 2 2 2 3389 493 2814 2820
17799 4 2 2 2 493 3411 105 2820
17800 4 2 2 2 3412 2823 503 3380
17801 4 2 2 2 3387 3409 491 3401
17802 4 2 2 2 3419 3395 3398 497
17803 4 2 2 2 2792 505 3435 3399
17804 4 2 2 2 96 2815 502 3414
17805 4 2 2 2 2815 3393 3386 502
17806 4 2 2 2 2817 490 3353 92
17807 4 2 2 2 3405 3400 492 3410
17808 4 2 2 2 3386 96 2815 502
17809 4 2 2 2 3386 3393 2815 3375
17810 4 2 2 2 3389 493 3387 2814
17811 4 2 2 2 2804 2822 102 3388
17812 4 2 2 2 2809 2808 2795 3398
17813 4 2 2 2 3398 497 3402 3417
17814 4 2 2 2 2804 2822 3373 2803
17815 4 2 2 2 2797 2821 2815 3386
17816 4 2 2 2 3401 3352 491 3404
17817 4 2 2 2 3403 3397 2822 2810
17818 4 2 2 2 2803 2822 3397 2810
17819 4 2 2 2 2813 2796 3389 2820
17820 4 2 2 2 3374 3398 2808 3395
17821 4 2 2 2 495 494 3403 3413
17822 4 2 2 2 3353 93 492 2824
17823 4 2 2 2 2814 2813 3389 2820
17824 4 2 2 2 3392 2823 2802 3380
17825 4 2 2 2 3393 2823 2802 3392
17826 4 2 2 2 3403 2822 103 2810
17827 4 2 2 2 3400 3391 2817 3372
17828 4 2 2 2 2806 3381 3382 2827
17829 4 2 2 2 497 2809 101 3417
17830 4 2 2 2 3410 94 3405 2826
17831 4 2 2 2 3380 3412 2823 2818
17832 4 2 2 2 3379 3405 3380 2818
17833 4 2 2 2 3388 3373 2822 3397
17834 4 2 2 2 2814 493 105 2820
17835 4 2 2 2 3415 496 102 3388
17836 4 2 2 2 492 93 3410 2824
17837 4 2 2 2 2817 93 3353 2824
17838 4 2 2 2 3373 3378 3364 2803
17839 4 2 2 2 503 3393 2823 3414
17840 4 2 2 2 3352 3404 2825 2827
17841 4 2 2 2 3351 3382 489 2827
17842 4 2 2 2 103 495 3403 3413
17843 4 2 2 2 3398 2809 101 497
17844 4 2 2 2 3433 3355 520 3364
17845 4 2 2 2 495 103 2822 3415
17846 4 2 2 2 3417 3402 102 496
17847 4 2 2 2 3408 3373 2804 3388
17848 4 2 2 2 495 2822 103 3403
17849 4 2 2 2 2809 2795 2804 3376
17850 4 2 2 2 2823 3393 503 3380
17851 4 2 2 2 3382 3351 2807 2827
17852 4 2 2 2 3397 3378 3373 2803
17853 4 2 2 2 3376 2804 2809 3402
17854 4 2 2 2 496 3402 102 3388
17855 4 2 2 2 493 105 3409 2814
17856 4 2 2 2 3389 3411 494 493
17857 4 2 2 2 3381 3404 3382 2827
17858 4 2 2 2 3393 2815 2823 3414
17859 4 2 2 2 2826 3410 93 2824
17860 4 2 2 2 3402 3376 2804 3388
17861 4 2 2 2 3398 3376 2809 3402
17862 4 2 2 2 3397 3378 2803 2810
17863 4 2 2 2 2822 2804 3373 3388
17864 4 2 2 2 505 2792 158 3434
17865 4 2 2 2 3376 3408 2804 3388
17866 4 2 2 2 2796 2803 3378 2810
17867 4 2 2 2 3393 2823 3392 3380
17868 4 2 2 2 3405 504 94 3410
17869 4 2 2 2 3404 489 3382 2827
17870 4 2 2 2 3403 3413 494 2810
17871 4 2 2 2 95 2823 503 3412
17872 4 2 2 2 2807 3391 3382 3390
17873 4 2 2 2 2823 95 503 3414
17874 4 2 2 2 3380 2823 2802 2818
17875 4 2 2 2 95 2823 2815 3414
17876 4 2 2 2 3411 494 104 2820
17877 4 2 2 2 3352 489 3404 2827
17878 4 2 2 2 494 3411 3389 2820
17879 4 2 2 2 2806 3382 2807 2827
17880 4 2 2 2 2815 2823 2802 3393
17881 4 2 2 2 2810 104 494 2820
17882 4 2 2 2 505 3378 2796 3364
17883 4 2 2 2 489 91 3351 2827
17884 4 2 2 2 3437 507 508 3362
17885 4 2 2 2 3424 511 3360 510
17886 4 2 2 2 3378 3397 3403 2810
17887 4 2 2 2 3424 148 147 2786
17888 4 2 2 2 494 3413 104 2810
17889 4 2 2 2 3437 145 160 2784
17890 4 2 2 2 489 3352 91 2827
17891 4 2 2 2 3359 3426 513 512
17892 4 2 2 2 3425 149 148 2829
17893 4 2 2 2 3425 512 3407 511
17894 4 2 2 2 3422 146 145 2828
17895 4 2 2 2 3422 509 3406 508
17896 4 2 2 2 3436 506 507 3354
17897 4 2 2 2 510 3357 3423 509
17898 4 2 2 2 147 146 3423 2781
17899 4 2 2 2 517 3356 518 3431
17900 4 2 2 2 519 3433 3355 520
17901 4 2 2 2 3430 517 3368 516
17902 4 2 2 2 2783 153 154 3430
17903 4 2 2 2 150 151 2789 3427
17904 4 2 2 2 2782 149 150 3426
17905 4 2 2 2 156 157 2791 3433
17906 4 2 2 2 2790 152 153 3429
17907 4 2 2 2 155 156 2779 3432
17908 4 2 2 2 159 158 3435 2792
17909 4 2 2 2 2780 151 152 3428
17910 4 2 2 2 154 155 2788 3431
17911 4 2 2 2 3434 158 157 2777
17912 4 2 2 2 3436 160 159 2778
17913 4 2 2 2 506 3399 3435 505
17914 4 2 2 2 505 494 2796 3378
17915 4 2 2 2 3424 2786 510 3360
17916 4 2 2 2 3424 510 2786 147
17917 4 2 2 2 3423 2786 510 147
17918 4 2 2 2 3430 2783 516 3368
17919 4 2 2 2 3430 516 2783 153
17920 4 2 2 2 3429 515 2790 152
17921 4 2 2 2 3428 514 2780 151
17922 4 2 2 2 2782 3359 149 3426
17923 4 2 2 2 2782 149 3359 2829
17924 4 2 2 2 3427 513 2789 150
17925 4 2 2 2 508 2785 3406 3422
17926 4 2 2 2 508 3406 2785 3363
17927 4 2 2 2 3359 512 149 3426
17928 4 2 2 2 3355 156 2779 2791
17929 4 2 2 2 3425 511 2787 148
17930 4 2 2 2 3424 511 2787 3361
17931 4 2 2 2 3424 2787 511 148
17932 4 2 2 2 160 2784 3436 3362
17933 4 2 2 2 160 3436 2784 2778
17934 4 2 2 2 3354 3436 2784 3362
17935 4 2 2 2 3354 2784 3436 2778
17936 4 2 2 2 156 519 2779 3432
17937 4 2 2 2 156 2779 519 3355
17938 4 2 2 2 3365 519 2779 3355
17939 4 2 2 2 3430 517 2788 3356
17940 4 2 2 2 3430 2788 517 154
17941 4 2 2 2 3431 2788 517 3356
17942 4 2 2 2 3431 517 2788 154
17943 4 2 2 2 3390 2828 3357 3406
17944 4 2 2 2 3357 2828 3390 2816
17945 4 2 2 2 3431 518 2779 3365
17946 4 2 2 2 3431 2779 518 155
17947 4 2 2 2 3432 518 2779 155
17948 4 2 2 2 2798 3358 2800 3369
17949 4 2 2 2 2800 3358 2798 2790
17950 4 2 2 2 2797 3367 2782 2789
17951 4 2 2 2 2782 3367 2797 3375
17952 4 2 2 2 3372 2805 2786 2794
17953 4 2 2 2 2786 2805 3372 3379
17954 4 2 2 2 2778 2813 3371 2793
17955 4 2 2 2 3371 3370 2778 2793
17956 4 2 2 2 2778 3370 3371 3354
17957 4 2 2 2 3368 2799 2800 3394
17958 4 2 2 2 3368 2800 2799 2783
17959 4 2 2 2 3366 2798 3358 2780
17960 4 2 2 2 3366 3358 2798 3369
17961 4 2 2 2 2798 3377 3383 2801
17962 4 2 2 2 3383 3377 2798 3369
17963 4 2 2 2 2806 3363 2784 2785
17964 4 2 2 2 2806 2784 3363 3381
17965 4 2 2 2 2796 3364 2803 2777
17966 4 2 2 2 2796 2803 3364 3378
17967 4 2 2 2 3369 2819 3383 3385
17968 4 2 2 2 3383 2819 3369 2798
17969 4 2 2 2 3375 2815 2802 3393
17970 4 2 2 2 3375 2802 2815 2797
17971 4 2 2 2 2814 3371 3389 2813
17972 4 2 2 2 2814 3389 3371 3387
17973 4 2 2 2 3380 2787 3379 2818
17974 4 2 2 2 3379 2787 3380 3361
17975 4 2 2 2 3382 2785 3390 3363
17976 4 2 2 2 3390 2785 3382 2807
17977 4 2 2 2 3381 2827 2825 3404
17978 4 2 2 2 2825 2827 3381 2806
17979 4 2 2 2 2825 491 3409 3401
17980 4 2 2 2 2825 3409 491 106
17981 4 2 2 2 2816 3391 2807 3390
17982 4 2 2 2 2816 2807 3391 2817
17983 4 2 2 2 2814 3401 2793 2825
17984 4 2 2 2 2814 2793 3401 3387
17985 4 2 2 2 2796 505 2792 3399
17986 4 2 2 2 2796 2792 505 3434
17987 4 2 2 2 3359 2829 512 3407
17988 4 2 2 2 3359 512 2829 149
17989 4 2 2 2 3425 512 2829 3407
17990 4 2 2 2 3425 2829 512 149
17991 4 2 2 2 3357 2828 509 3406
17992 4 2 2 2 3422 509 2828 3406
17993 4 2 2 2 3422 2828 509 146
17994 4 2 2 2 3434 520 2777 157
17995 4 2 2 2 2786 510 3357 3423
17996 4 2 2 2 2786 3357 510 3360
17997 4 2 2 2 509 3423 2828 3357
17998 4 2 2 2 509 2828 3423 146
17999 4 2 2 2 2781 2828 3423 3357
18000 4 2 2 2 2781 3423 2828 146
18001 4 2 2 2 2783 2790 516 3368
18002 4 2 2 2 3358 516 2790 3368
18003 4 2 2 2 516 153 2790 2783
18004 4 2 2 2 2790 153 516 3429
18005 4 2 2 2 515 2790 516 3429
18006 4 2 2 2 515 516 2790 3358
18007 4 2 2 2 2790 2780 515 3358
18008 4 2 2 2 3366 515 2780 3358
18009 4 2 2 2 515 152 2780 2790
18010 4 2 2 2 2780 152 515 3428
18011 4 2 2 2 514 2780 515 3428
18012 4 2 2 2 514 515 2780 3366
18013 4 2 2 2 2780 2789 514 3366
18014 4 2 2 2 3367 514 2789 3366
18015 4 2 2 2 514 151 2789 2780
18016 4 2 2 2 2789 151 514 3427
18017 4 2 2 2 513 2789 514 3427
18018 4 2 2 2 513 514 2789 3367
18019 4 2 2 2 2789 2782 513 3367
18020 4 2 2 2 3359 2782 513 3426
18021 4 2 2 2 3359 513 2782 3367
18022 4 2 2 2 513 150 2782 2789
18023 4 2 2 2 2782 150 513 3426
18024 4 2 2 2 511 2787 3407 3425
18025 4 2 2 2 511 3407 2787 3361
18026 4 2 2 2 159 2792 3399 2778
18027 4 2 2 2 3399 2792 159 3435
18028 4 2 2 2 159 506 3399 3435
18029 4 2 2 2 3354 3436 3399 2778
18030 4 2 2 2 3354 3399 3436 506
18031 4 2 2 2 159 3399 3436 2778
18032 4 2 2 2 159 3436 3399 506
18033 4 2 2 2 518 2779 519 3432
18034 4 2 2 2 518 519 2779 3365
18035 4 2 2 2 3371 2778 3399 2813
18036 4 2 2 2 3399 2778 3371 3354
18037 4 2 2 2 505 520 2796 3434
18038 4 2 2 2 505 2796 520 3364
18039 4 2 2 2 2777 2796 520 3434
18040 4 2 2 2 2777 520 2796 3364
18041 4 2 2 2 157 2791 3364 2777
18042 4 2 2 2 3364 2791 157 3433
18043 4 2 2 2 3364 520 157 2777
18044 4 2 2 2 157 520 3364 3433
$EndElements
