$MeshFormat
2.2 0 8
$EndMeshFormat
$PhysicalNames
2
3 1 "fill_OPEM_RESERVED_1"
3 2 "air_OPEM_RESERVED_2"
$EndPhysicalNames
$Nodes
1460
1 -4.5e-05 -4.5e-05 -7.50000000000001e-05
2 -1.270549420881447e-20 -4.5e-05 -7.50000000000001e-05
3 5.929230630780089e-21 -4.5e-05 -2.50000000000001e-05
4 -4.5e-05 -4.5e-05 -2.50000000000001e-05
5 4.5e-05 -4.5e-05 -7.50000000000001e-05
6 4.5e-05 -4.5e-05 -2.50000000000001e-05
7 4.5e-05 4.5e-05 -7.50000000000001e-05
8 4.5e-05 4.5e-05 -2.50000000000001e-05
9 -4.5e-05 4.5e-05 -7.50000000000001e-05
10 -4.5e-05 4.5e-05 -2.50000000000001e-05
11 -2.25e-05 -4.5e-05 -5.00000000000001e-05
12 2.25e-05 -4.5e-05 -5.00000000000001e-05
13 4.5e-05 0 -5.00000000000001e-05
14 0 4.5e-05 -5.00000000000001e-05
15 -4.5e-05 0 -5.00000000000001e-05
16 9.14812989465675e-22 9.183673469387748e-07 -7.50000000000001e-05
17 2.989179390904778e-21 9.183673469387748e-07 -2.50000000000001e-05
18 -0.015 -0.015 -0.01505
19 -0.015 -0.015 0.01495
20 0.015 -0.015 -0.01505
21 0.015 -0.015 0.01495
22 -0.015 0.015 -0.01505
23 -0.015 0.015 0.01495
24 0.015 0.015 -0.01505
25 0.015 0.015 0.01495
26 -7.499999999999999e-05 -6.499999999999999e-05 -0.000125
27 -7.499999999999999e-05 -4.499999999999999e-05 -0.000125
28 -7.499999999999999e-05 -6.499999999999999e-05 2.499999999999998e-05
29 -7.499999999999999e-05 -4.499999999999999e-05 2.499999999999996e-05
30 7.499999999999999e-05 -6.499999999999999e-05 -0.000125
31 7.499999999999999e-05 -4.499999999999999e-05 -0.000125
32 7.499999999999999e-05 -6.499999999999999e-05 2.499999999999998e-05
33 7.499999999999999e-05 -4.499999999999999e-05 2.499999999999996e-05
34 -4.5e-05 -4.5e-05 -0.0001
35 -4.5e-05 -4.5e-05 -8.000000000000001e-05
36 -1.35525271560688e-20 -4.5e-05 -8.00000000000003e-05
37 4.5e-05 -4.5e-05 -8.000000000000001e-05
38 4.5e-05 -4.5e-05 -0.0001
39 -4.5e-05 -4.5e-05 -2e-05
40 6.7762635780344e-21 -4.5e-05 -2e-05
41 -4.5e-05 -4.5e-05 0
42 4.5e-05 -4.5e-05 0
43 4.5e-05 -4.5e-05 -2e-05
44 -4.5e-05 4.5e-05 -0.0001
45 -4.5e-05 4.5e-05 -8.000000000000001e-05
46 4.5e-05 4.5e-05 -8.000000000000001e-05
47 4.5e-05 4.5e-05 -0.0001
48 2.30698818144121e-05 1.91776055092667e-05 -0.0001000000000000003
49 -5.073352647575324e-06 2.956790646821889e-05 -0.0001000000000000003
50 -2.814323446198744e-05 1.039030095895219e-05 -0.0001000000000000003
51 -2.306988181441214e-05 -1.91776055092667e-05 -0.0001000000000000003
52 5.073352647575273e-06 -2.956790646821889e-05 -0.0001000000000000003
53 2.81432344619874e-05 -1.039030095895221e-05 -0.0001000000000000003
54 4.5e-05 4.5e-05 -2e-05
55 -4.5e-05 4.5e-05 -2e-05
56 -4.5e-05 4.5e-05 0
57 4.5e-05 4.5e-05 0
58 2.30698818144121e-05 1.91776055092667e-05 0
59 -5.073352647575314e-06 2.956790646821887e-05 0
60 -2.814323446198741e-05 1.039030095895218e-05 0
61 -2.30698818144121e-05 -1.91776055092667e-05 0
62 5.073352647575301e-06 -2.956790646821887e-05 0
63 2.814323446198741e-05 -1.039030095895219e-05 0
64 2.30698818144119e-05 1.91776055092665e-05 -0.000549999999999998
65 -5.07335264757541e-06 2.95679064682187e-05 -0.000549999999999998
66 -2.81432344619875e-05 1.03903009589521e-05 -0.000549999999999998
67 -2.30698818144122e-05 -1.91776055092667e-05 -0.000549999999999998
68 5.07335264757505e-06 -2.95679064682189e-05 -0.000549999999999998
69 2.81432344619871e-05 -1.03903009589523e-05 -0.000549999999999998
70 -5.07335264757509e-06 2.9567906468219e-05 0.000449999999999999
71 2.30698818144123e-05 1.91776055092668e-05 0.000449999999999999
72 -2.81432344619872e-05 1.03903009589523e-05 0.000449999999999999
73 -2.30698818144119e-05 -1.91776055092665e-05 0.000449999999999999
74 5.07335264757546e-06 -2.95679064682187e-05 0.000449999999999999
75 2.81432344619876e-05 -1.03903009589521e-05 0.000449999999999999
76 2.30698818144119e-05 1.91776055092665e-05 -0.00105
77 -5.07335264757541e-06 2.95679064682187e-05 -0.00105
78 -2.81432344619875e-05 1.03903009589521e-05 -0.00105
79 -2.30698818144122e-05 -1.91776055092667e-05 -0.00105
80 5.07335264757505e-06 -2.95679064682189e-05 -0.00105
81 2.81432344619871e-05 -1.03903009589523e-05 -0.00105
82 -5.07335264757509e-06 2.9567906468219e-05 0.000949999999999999
83 2.30698818144123e-05 1.91776055092668e-05 0.000949999999999999
84 -2.81432344619872e-05 1.03903009589523e-05 0.000949999999999999
85 -2.30698818144119e-05 -1.91776055092665e-05 0.000949999999999999
86 5.07335264757546e-06 -2.95679064682187e-05 0.000949999999999999
87 2.81432344619876e-05 -1.03903009589521e-05 0.000949999999999999
88 2.30698818144119e-05 1.91776055092665e-05 -0.00155
89 -5.07335264757541e-06 2.95679064682187e-05 -0.00155
90 -2.81432344619875e-05 1.03903009589521e-05 -0.00155
91 -2.30698818144122e-05 -1.91776055092667e-05 -0.00155
92 5.07335264757505e-06 -2.95679064682189e-05 -0.00155
93 2.81432344619871e-05 -1.03903009589523e-05 -0.00155
94 -5.07335264757509e-06 2.9567906468219e-05 0.00145
95 2.30698818144123e-05 1.91776055092668e-05 0.00145
96 -2.81432344619872e-05 1.03903009589523e-05 0.00145
97 -2.30698818144119e-05 -1.91776055092665e-05 0.00145
98 5.07335264757546e-06 -2.95679064682187e-05 0.00145
99 2.81432344619876e-05 -1.03903009589521e-05 0.00145
100 2.30698818144119e-05 1.91776055092665e-05 -0.00205
101 -5.07335264757541e-06 2.95679064682187e-05 -0.00205
102 -2.81432344619875e-05 1.03903009589521e-05 -0.00205
103 -2.30698818144122e-05 -1.91776055092667e-05 -0.00205
104 5.07335264757505e-06 -2.95679064682189e-05 -0.00205
105 2.81432344619871e-05 -1.03903009589523e-05 -0.00205
106 -5.07335264757505e-06 2.9567906468219e-05 0.00195
107 2.30698818144123e-05 1.91776055092667e-05 0.00195
108 -2.81432344619872e-05 1.03903009589524e-05 0.00195
109 -2.3069881814412e-05 -1.91776055092665e-05 0.00195
110 5.07335264757532e-06 -2.95679064682188e-05 0.00195
111 2.81432344619875e-05 -1.03903009589522e-05 0.00195
112 2.30698818144119e-05 1.91776055092665e-05 -0.00255
113 -5.07335264757541e-06 2.95679064682187e-05 -0.00255
114 -2.81432344619875e-05 1.03903009589521e-05 -0.00255
115 -2.30698818144122e-05 -1.91776055092667e-05 -0.00255
116 5.07335264757505e-06 -2.95679064682189e-05 -0.00255
117 2.81432344619871e-05 -1.03903009589523e-05 -0.00255
118 -5.07335264757505e-06 2.9567906468219e-05 0.00245
119 2.30698818144123e-05 1.91776055092667e-05 0.00245
120 -2.81432344619872e-05 1.03903009589524e-05 0.00245
121 -2.3069881814412e-05 -1.91776055092665e-05 0.00245
122 5.07335264757532e-06 -2.95679064682188e-05 0.00245
123 2.81432344619875e-05 -1.03903009589522e-05 0.00245
124 2.3069881814412e-05 1.91776055092666e-05 -0.00305
125 -5.07335264757539e-06 2.95679064682188e-05 -0.00305
126 -2.81432344619875e-05 1.03903009589521e-05 -0.00305
127 -2.30698818144122e-05 -1.91776055092667e-05 -0.00305
128 5.07335264757514e-06 -2.95679064682189e-05 -0.00305
129 2.81432344619873e-05 -1.03903009589523e-05 -0.00305
130 -5.07335264757505e-06 2.9567906468219e-05 0.00295
131 2.30698818144123e-05 1.91776055092667e-05 0.00295
132 -2.81432344619872e-05 1.03903009589524e-05 0.00295
133 -2.3069881814412e-05 -1.91776055092665e-05 0.00295
134 5.07335264757532e-06 -2.95679064682188e-05 0.00295
135 2.81432344619875e-05 -1.03903009589522e-05 0.00295
136 2.3069881814412e-05 1.91776055092666e-05 -0.00355
137 -5.07335264757539e-06 2.95679064682188e-05 -0.00355
138 -2.81432344619875e-05 1.03903009589521e-05 -0.00355
139 -2.30698818144122e-05 -1.91776055092667e-05 -0.00355
140 5.07335264757514e-06 -2.95679064682189e-05 -0.00355
141 2.81432344619873e-05 -1.03903009589523e-05 -0.00355
142 -5.07335264757515e-06 2.95679064682189e-05 0.00345
143 2.30698818144122e-05 1.91776055092667e-05 0.00345
144 -2.81432344619873e-05 1.03903009589523e-05 0.00345
145 -2.3069881814412e-05 -1.91776055092665e-05 0.00345
146 5.07335264757533e-06 -2.95679064682188e-05 0.00345
147 2.81432344619874e-05 -1.03903009589522e-05 0.00345
148 2.3069881814412e-05 1.91776055092666e-05 -0.00405
149 -5.07335264757539e-06 2.95679064682188e-05 -0.00405
150 -2.81432344619875e-05 1.03903009589521e-05 -0.00405
151 -2.30698818144122e-05 -1.91776055092667e-05 -0.00405
152 5.07335264757514e-06 -2.95679064682189e-05 -0.00405
153 2.81432344619873e-05 -1.03903009589523e-05 -0.00405
154 -5.07335264757515e-06 2.95679064682189e-05 0.00395
155 2.30698818144122e-05 1.91776055092667e-05 0.00395
156 -2.81432344619873e-05 1.03903009589523e-05 0.00395
157 -2.3069881814412e-05 -1.91776055092665e-05 0.00395
158 5.07335264757533e-06 -2.95679064682188e-05 0.00395
159 2.81432344619874e-05 -1.03903009589522e-05 0.00395
160 2.30698818144121e-05 1.91776055092666e-05 -0.00455
161 -5.07335264757529e-06 2.95679064682189e-05 -0.00455
162 -2.81432344619875e-05 1.03903009589522e-05 -0.00455
163 -2.30698818144122e-05 -1.91776055092667e-05 -0.00455
164 5.07335264757514e-06 -2.95679064682189e-05 -0.00455
165 2.81432344619873e-05 -1.03903009589523e-05 -0.00455
166 -5.07335264757515e-06 2.95679064682189e-05 0.00445
167 2.30698818144122e-05 1.91776055092667e-05 0.00445
168 -2.81432344619873e-05 1.03903009589523e-05 0.00445
169 -2.3069881814412e-05 -1.91776055092665e-05 0.00445
170 5.07335264757533e-06 -2.95679064682188e-05 0.00445
171 2.81432344619874e-05 -1.03903009589522e-05 0.00445
172 2.30698818144121e-05 1.91776055092666e-05 -0.00505
173 -5.07335264757529e-06 2.95679064682189e-05 -0.00505
174 -2.81432344619875e-05 1.03903009589522e-05 -0.00505
175 -2.30698818144122e-05 -1.91776055092667e-05 -0.00505
176 5.07335264757514e-06 -2.95679064682189e-05 -0.00505
177 2.81432344619873e-05 -1.03903009589523e-05 -0.00505
178 -5.0733526475752e-06 2.95679064682189e-05 0.00495
179 2.30698818144122e-05 1.91776055092667e-05 0.00495
180 -2.81432344619874e-05 1.03903009589523e-05 0.00495
181 -2.30698818144121e-05 -1.91776055092666e-05 0.00495
182 5.07335264757528e-06 -2.95679064682189e-05 0.00495
183 2.81432344619874e-05 -1.03903009589522e-05 0.00495
184 2.30698818144121e-05 1.91776055092666e-05 -0.00555
185 -5.07335264757529e-06 2.95679064682189e-05 -0.00555
186 -2.81432344619875e-05 1.03903009589522e-05 -0.00555
187 -2.30698818144122e-05 -1.91776055092667e-05 -0.00555
188 5.07335264757514e-06 -2.95679064682189e-05 -0.00555
189 2.81432344619873e-05 -1.03903009589523e-05 -0.00555
190 -5.0733526475752e-06 2.95679064682189e-05 0.00545
191 2.30698818144122e-05 1.91776055092667e-05 0.00545
192 -2.81432344619874e-05 1.03903009589523e-05 0.00545
193 -2.30698818144121e-05 -1.91776055092666e-05 0.00545
194 5.07335264757528e-06 -2.95679064682189e-05 0.00545
195 2.81432344619874e-05 -1.03903009589522e-05 0.00545
196 2.30698818144121e-05 1.91776055092666e-05 -0.00605
197 -5.07335264757524e-06 2.95679064682188e-05 -0.00605
198 -2.81432344619874e-05 1.03903009589522e-05 -0.00605
199 -2.30698818144121e-05 -1.91776055092666e-05 -0.00605
200 5.07335264757519e-06 -2.95679064682188e-05 -0.00605
201 2.81432344619873e-05 -1.03903009589523e-05 -0.00605
202 -5.0733526475752e-06 2.95679064682189e-05 0.00595
203 2.30698818144122e-05 1.91776055092667e-05 0.00595
204 -2.81432344619874e-05 1.03903009589523e-05 0.00595
205 -2.30698818144121e-05 -1.91776055092666e-05 0.00595
206 5.07335264757528e-06 -2.95679064682189e-05 0.00595
207 2.81432344619874e-05 -1.03903009589522e-05 0.00595
208 2.30698818144121e-05 1.91776055092666e-05 -0.00655
209 -5.07335264757524e-06 2.95679064682188e-05 -0.00655
210 -2.81432344619874e-05 1.03903009589522e-05 -0.00655
211 -2.30698818144121e-05 -1.91776055092666e-05 -0.00655
212 5.07335264757519e-06 -2.95679064682188e-05 -0.00655
213 2.81432344619873e-05 -1.03903009589523e-05 -0.00655
214 -5.0733526475752e-06 2.95679064682189e-05 0.00645
215 2.30698818144122e-05 1.91776055092667e-05 0.00645
216 -2.81432344619874e-05 1.03903009589523e-05 0.00645
217 -2.30698818144121e-05 -1.91776055092666e-05 0.00645
218 5.07335264757528e-06 -2.95679064682189e-05 0.00645
219 2.81432344619874e-05 -1.03903009589522e-05 0.00645
220 2.30698818144121e-05 1.91776055092666e-05 -0.00705
221 -5.07335264757524e-06 2.95679064682188e-05 -0.00705
222 -2.81432344619874e-05 1.03903009589522e-05 -0.00705
223 -2.30698818144121e-05 -1.91776055092666e-05 -0.00705
224 5.07335264757519e-06 -2.95679064682188e-05 -0.00705
225 2.81432344619873e-05 -1.03903009589523e-05 -0.00705
226 -5.0733526475752e-06 2.95679064682189e-05 0.00695
227 2.30698818144122e-05 1.91776055092667e-05 0.00695
228 -2.81432344619874e-05 1.03903009589523e-05 0.00695
229 -2.30698818144121e-05 -1.91776055092666e-05 0.00695
230 5.07335264757528e-06 -2.95679064682189e-05 0.00695
231 2.81432344619874e-05 -1.03903009589522e-05 0.00695
232 2.30698818144121e-05 1.91776055092667e-05 -0.00755
233 -5.073352647575324e-06 2.956790646821889e-05 -0.00755
234 -2.814323446198744e-05 1.039030095895219e-05 -0.00755
235 -2.306988181441214e-05 -1.91776055092667e-05 -0.00755
236 5.073352647575273e-06 -2.956790646821889e-05 -0.00755
237 2.81432344619874e-05 -1.039030095895221e-05 -0.00755
238 -5.07335264757529e-06 2.956790646821888e-05 0.007450000000000001
239 2.306988181441214e-05 1.91776055092667e-05 0.007450000000000001
240 -2.814323446198741e-05 1.039030095895222e-05 0.007450000000000001
241 -2.30698818144121e-05 -1.917760550926666e-05 0.007450000000000001
242 5.07335264757528e-06 -2.956790646821888e-05 0.007450000000000001
243 2.814323446198741e-05 -1.039030095895219e-05 0.007450000000000001
244 -1.69111754919177e-05 9.85596882273963e-05 -0.00755
245 -9.38107815399581e-05 3.46343365298407e-05 -0.00755
246 7.68996060480405e-05 6.39253516975556e-05 -0.00755
247 -7.68996060480405e-05 -6.39253516975557e-05 -0.00755
248 9.38107815399581e-05 -3.46343365298407e-05 -0.00755
249 1.69111754919177e-05 -9.85596882273963e-05 -0.00755
250 -1.69111754919177e-05 9.85596882273963e-05 -0.00765
251 -9.38107815399581e-05 3.46343365298407e-05 -0.00765
252 7.68996060480405e-05 6.39253516975556e-05 -0.00765
253 -7.68996060480405e-05 -6.39253516975557e-05 -0.00765
254 9.38107815399581e-05 -3.46343365298407e-05 -0.00765
255 1.69111754919177e-05 -9.85596882273963e-05 -0.00765
256 2.30698818144121e-05 1.91776055092666e-05 -0.00765
257 -5.07335264757528e-06 2.95679064682188e-05 -0.00765
258 -2.81432344619874e-05 1.03903009589522e-05 -0.00765
259 -2.30698818144121e-05 -1.91776055092666e-05 -0.00765
260 5.07335264757515e-06 -2.95679064682188e-05 -0.00765
261 2.81432344619873e-05 -1.03903009589523e-05 -0.00765
262 -1.69111754919177e-05 9.85596882273963e-05 -0.00705
263 -9.38107815399581e-05 3.46343365298407e-05 -0.00705
264 7.68996060480405e-05 6.39253516975556e-05 -0.00705
265 -7.68996060480404e-05 -6.39253516975556e-05 -0.00705
266 9.38107815399581e-05 -3.46343365298407e-05 -0.00705
267 1.69111754919177e-05 -9.85596882273963e-05 -0.00705
268 -1.69111754919176e-05 9.85596882273963e-05 -0.00605
269 -9.381078153995801e-05 3.46343365298407e-05 -0.00605
270 7.689960604804061e-05 6.39253516975556e-05 -0.00605
271 -7.68996060480404e-05 -6.39253516975556e-05 -0.00605
272 9.38107815399582e-05 -3.46343365298407e-05 -0.00605
273 1.69111754919177e-05 -9.85596882273963e-05 -0.00605
274 -1.69111754919177e-05 9.85596882273963e-05 -0.00655
275 -9.38107815399581e-05 3.46343365298407e-05 -0.00655
276 7.68996060480405e-05 6.39253516975556e-05 -0.00655
277 -7.68996060480404e-05 -6.39253516975556e-05 -0.00655
278 9.38107815399581e-05 -3.46343365298407e-05 -0.00655
279 1.69111754919177e-05 -9.85596882273963e-05 -0.00655
280 -1.69111754919178e-05 9.85596882273963e-05 -0.00555
281 -9.38107815399582e-05 3.46343365298407e-05 -0.00555
282 7.68996060480404e-05 6.39253516975556e-05 -0.00555
283 -7.68996060480405e-05 -6.39253516975556e-05 -0.00555
284 9.381078153995801e-05 -3.46343365298407e-05 -0.00555
285 1.69111754919176e-05 -9.85596882273963e-05 -0.00555
286 -1.69111754919177e-05 9.85596882273963e-05 -0.00505
287 -9.38107815399581e-05 3.46343365298407e-05 -0.00505
288 7.68996060480405e-05 6.39253516975556e-05 -0.00505
289 -7.68996060480405e-05 -6.39253516975556e-05 -0.00505
290 9.38107815399581e-05 -3.46343365298407e-05 -0.00505
291 1.69111754919176e-05 -9.85596882273963e-05 -0.00505
292 -1.69111754919177e-05 9.85596882273963e-05 -0.00455
293 -9.38107815399581e-05 3.46343365298407e-05 -0.00455
294 7.68996060480405e-05 6.39253516975556e-05 -0.00455
295 -7.68996060480405e-05 -6.39253516975556e-05 -0.00455
296 9.38107815399581e-05 -3.46343365298407e-05 -0.00455
297 1.69111754919176e-05 -9.85596882273963e-05 -0.00455
298 -1.69111754919177e-05 9.85596882273963e-05 -0.00405
299 -9.38107815399581e-05 3.46343365298407e-05 -0.00405
300 7.68996060480405e-05 6.39253516975556e-05 -0.00405
301 -7.68996060480404e-05 -6.39253516975556e-05 -0.00405
302 9.38107815399581e-05 -3.46343365298407e-05 -0.00405
303 1.69111754919177e-05 -9.85596882273963e-05 -0.00405
304 -1.69111754919177e-05 9.85596882273962e-05 -0.00355
305 -9.38107815399581e-05 3.46343365298406e-05 -0.00355
306 7.68996060480405e-05 6.39253516975555e-05 -0.00355
307 -7.68996060480405e-05 -6.39253516975557e-05 -0.00355
308 9.38107815399581e-05 -3.46343365298408e-05 -0.00355
309 1.69111754919176e-05 -9.855968822739639e-05 -0.00355
310 -1.69111754919177e-05 9.85596882273962e-05 -0.00305
311 -9.38107815399581e-05 3.46343365298406e-05 -0.00305
312 7.68996060480405e-05 6.39253516975555e-05 -0.00305
313 -7.68996060480404e-05 -6.39253516975557e-05 -0.00305
314 9.38107815399581e-05 -3.46343365298408e-05 -0.00305
315 1.69111754919177e-05 -9.855968822739639e-05 -0.00305
316 -1.69111754919177e-05 9.85596882273963e-05 -0.00255
317 -9.38107815399581e-05 3.46343365298407e-05 -0.00255
318 7.68996060480405e-05 6.39253516975556e-05 -0.00255
319 -7.68996060480404e-05 -6.39253516975556e-05 -0.00255
320 9.38107815399581e-05 -3.46343365298407e-05 -0.00255
321 1.69111754919177e-05 -9.85596882273963e-05 -0.00255
322 -1.69111754919177e-05 9.85596882273962e-05 -0.00205
323 -9.38107815399581e-05 3.46343365298406e-05 -0.00205
324 7.68996060480405e-05 6.39253516975555e-05 -0.00205
325 -7.68996060480405e-05 -6.39253516975557e-05 -0.00205
326 9.38107815399581e-05 -3.46343365298408e-05 -0.00205
327 1.69111754919176e-05 -9.855968822739639e-05 -0.00205
328 -1.69111754919177e-05 9.85596882273962e-05 -0.00155
329 -9.38107815399581e-05 3.46343365298406e-05 -0.00155
330 7.68996060480405e-05 6.39253516975555e-05 -0.00155
331 -7.68996060480404e-05 -6.39253516975557e-05 -0.00155
332 9.38107815399581e-05 -3.46343365298408e-05 -0.00155
333 1.69111754919177e-05 -9.855968822739639e-05 -0.00155
334 -1.69111754919177e-05 9.85596882273962e-05 -0.00105
335 -9.38107815399581e-05 3.46343365298406e-05 -0.00105
336 7.68996060480405e-05 6.39253516975555e-05 -0.00105
337 -7.68996060480405e-05 -6.39253516975557e-05 -0.00105
338 9.38107815399581e-05 -3.46343365298408e-05 -0.00105
339 1.69111754919176e-05 -9.855968822739639e-05 -0.00105
340 -1.69111754919177e-05 9.85596882273962e-05 -0.00055
341 -9.38107815399581e-05 3.46343365298406e-05 -0.00055
342 7.68996060480405e-05 6.39253516975555e-05 -0.00055
343 -7.68996060480404e-05 -6.39253516975557e-05 -0.00055
344 9.38107815399581e-05 -3.46343365298408e-05 -0.00055
345 1.69111754919177e-05 -9.855968822739639e-05 -0.00055
346 -1.69111754919174e-05 9.855968822739639e-05 0.000449999999999999
347 -9.38107815399578e-05 3.46343365298408e-05 0.000449999999999999
348 7.68996060480408e-05 6.39253516975557e-05 0.000449999999999999
349 -7.68996060480402e-05 -6.39253516975555e-05 0.000449999999999999
350 9.38107815399584e-05 -3.46343365298406e-05 0.000449999999999999
351 1.69111754919179e-05 -9.85596882273962e-05 0.000449999999999999
352 -1.69111754919174e-05 9.855968822739639e-05 0.000949999999999999
353 -9.38107815399578e-05 3.46343365298408e-05 0.000949999999999999
354 7.68996060480408e-05 6.39253516975557e-05 0.000949999999999999
355 -7.689960604804011e-05 -6.39253516975555e-05 0.000949999999999999
356 9.38107815399584e-05 -3.46343365298406e-05 0.000949999999999999
357 1.6911175491918e-05 -9.85596882273962e-05 0.000949999999999999
358 -1.69111754919174e-05 9.855968822739639e-05 0.00145
359 -9.38107815399578e-05 3.46343365298408e-05 0.00145
360 7.68996060480408e-05 6.39253516975557e-05 0.00145
361 -7.68996060480402e-05 -6.39253516975555e-05 0.00145
362 9.38107815399584e-05 -3.46343365298406e-05 0.00145
363 1.69111754919179e-05 -9.85596882273962e-05 0.00145
364 -1.69111754919174e-05 9.855968822739639e-05 0.00195
365 -9.38107815399578e-05 3.46343365298408e-05 0.00195
366 7.68996060480408e-05 6.39253516975557e-05 0.00195
367 -7.689960604804011e-05 -6.39253516975555e-05 0.00195
368 9.38107815399584e-05 -3.46343365298406e-05 0.00195
369 1.6911175491918e-05 -9.85596882273962e-05 0.00195
370 -1.69111754919174e-05 9.85596882273965e-05 0.00245
371 -9.38107815399578e-05 3.46343365298409e-05 0.00245
372 7.68996060480408e-05 6.39253516975558e-05 0.00245
373 -7.68996060480402e-05 -6.392535169755541e-05 0.00245
374 9.38107815399584e-05 -3.46343365298405e-05 0.00245
375 1.69111754919179e-05 -9.85596882273961e-05 0.00245
376 -1.69111754919174e-05 9.85596882273965e-05 0.00295
377 -9.38107815399578e-05 3.46343365298409e-05 0.00295
378 7.68996060480408e-05 6.39253516975558e-05 0.00295
379 -7.689960604804011e-05 -6.392535169755541e-05 0.00295
380 9.38107815399584e-05 -3.46343365298405e-05 0.00295
381 1.6911175491918e-05 -9.85596882273961e-05 0.00295
382 -1.69111754919174e-05 9.85596882273965e-05 0.00345
383 -9.38107815399578e-05 3.46343365298409e-05 0.00345
384 7.68996060480408e-05 6.39253516975558e-05 0.00345
385 -7.68996060480402e-05 -6.392535169755541e-05 0.00345
386 9.38107815399584e-05 -3.46343365298405e-05 0.00345
387 1.69111754919179e-05 -9.85596882273961e-05 0.00345
388 -1.69111754919174e-05 9.85596882273965e-05 0.00395
389 -9.38107815399578e-05 3.46343365298409e-05 0.00395
390 7.68996060480408e-05 6.39253516975558e-05 0.00395
391 -7.689960604804011e-05 -6.392535169755541e-05 0.00395
392 9.38107815399584e-05 -3.46343365298405e-05 0.00395
393 1.6911175491918e-05 -9.85596882273961e-05 0.00395
394 -1.69111754919175e-05 9.855968822739639e-05 0.00445
395 -9.38107815399579e-05 3.46343365298408e-05 0.00445
396 7.68996060480407e-05 6.39253516975557e-05 0.00445
397 -7.689960604804029e-05 -6.39253516975555e-05 0.00445
398 9.38107815399583e-05 -3.46343365298406e-05 0.00445
399 1.69111754919178e-05 -9.85596882273962e-05 0.00445
400 -1.69111754919175e-05 9.855968822739639e-05 0.00495
401 -9.38107815399579e-05 3.46343365298408e-05 0.00495
402 7.68996060480407e-05 6.39253516975557e-05 0.00495
403 -7.68996060480402e-05 -6.39253516975555e-05 0.00495
404 9.38107815399583e-05 -3.46343365298406e-05 0.00495
405 1.69111754919179e-05 -9.85596882273962e-05 0.00495
406 -1.69111754919175e-05 9.855968822739639e-05 0.00545
407 -9.38107815399579e-05 3.46343365298408e-05 0.00545
408 7.68996060480407e-05 6.39253516975557e-05 0.00545
409 -7.689960604804029e-05 -6.39253516975555e-05 0.00545
410 9.38107815399583e-05 -3.46343365298406e-05 0.00545
411 1.69111754919178e-05 -9.85596882273962e-05 0.00545
412 -1.69111754919175e-05 9.855968822739639e-05 0.00595
413 -9.38107815399579e-05 3.46343365298408e-05 0.00595
414 7.68996060480407e-05 6.39253516975557e-05 0.00595
415 -7.68996060480402e-05 -6.39253516975555e-05 0.00595
416 9.38107815399583e-05 -3.46343365298406e-05 0.00595
417 1.69111754919179e-05 -9.85596882273962e-05 0.00595
418 -1.69111754919175e-05 9.85596882273965e-05 0.00645
419 -9.38107815399579e-05 3.46343365298409e-05 0.00645
420 7.68996060480407e-05 6.39253516975558e-05 0.00645
421 -7.689960604804029e-05 -6.392535169755541e-05 0.00645
422 9.38107815399583e-05 -3.46343365298405e-05 0.00645
423 1.69111754919178e-05 -9.85596882273961e-05 0.00645
424 -1.69111754919175e-05 9.85596882273965e-05 0.00695
425 -9.38107815399579e-05 3.46343365298409e-05 0.00695
426 7.68996060480407e-05 6.39253516975558e-05 0.00695
427 -7.68996060480402e-05 -6.392535169755541e-05 0.00695
428 9.38107815399583e-05 -3.46343365298405e-05 0.00695
429 1.69111754919179e-05 -9.85596882273961e-05 0.00695
430 -1.69111754919175e-05 9.855968822739649e-05 0.007450000000000001
431 -9.38107815399579e-05 3.46343365298409e-05 0.007450000000000001
432 7.68996060480407e-05 6.39253516975558e-05 0.007450000000000001
433 -7.689960604804029e-05 -6.392535169755541e-05 0.007450000000000001
434 9.38107815399583e-05 -3.46343365298405e-05 0.007450000000000001
435 1.69111754919178e-05 -9.85596882273961e-05 0.007450000000000001
436 -0.015 -0.015 -0.005049999999999985
437 -0.015 -0.015 0.004950000000000036
438 0.015 -0.015 -0.005049999999999985
439 0.015 -0.015 0.004950000000000036
440 -0.004999999999999985 -0.015 -0.01505
441 0.005000000000000036 -0.015 -0.01505
442 -0.004999999999999985 -0.015 0.01495
443 0.005000000000000036 -0.015 0.01495
444 -0.015 0.015 -0.005049999999999985
445 -0.015 0.015 0.004950000000000036
446 -0.015 0.004999999999999985 -0.01505
447 -0.015 -0.005000000000000036 -0.01505
448 -0.015 0.004999999999999985 0.01495
449 -0.015 -0.005000000000000036 0.01495
450 0.015 0.015 -0.005049999999999985
451 0.015 0.015 0.004950000000000036
452 0.015 -0.004999999999999985 -0.01505
453 0.015 0.005000000000000036 -0.01505
454 0.015 -0.004999999999999985 0.01495
455 0.015 0.005000000000000036 0.01495
456 0.004999999999999985 0.015 -0.01505
457 -0.005000000000000036 0.015 -0.01505
458 0.004999999999999985 0.015 0.01495
459 -0.005000000000000036 0.015 0.01495
460 0.006066049950684046 -0.015 -4.999999999997715e-05
461 -0.006080299014171731 -0.015 -4.999999999997888e-05
462 -2.374843914602562e-06 -0.015 -0.007626802451483136
463 -2.374843914604297e-06 -0.015 0.00752680245148315
464 -0.007730407354449419 -0.015 0.007680407354449427
465 -0.007730407354449422 -0.015 -0.007780407354449421
466 0.007730407354449444 -0.015 0.007680407354449444
467 0.007730407354449454 -0.015 -0.00778040735444944
468 -0.015 -0.006066049950684046 -4.999999999997715e-05
469 -0.015 0.006080299014171731 -4.999999999997888e-05
470 -0.015 2.374843914602562e-06 -0.007626802451483136
471 -0.015 2.374843914604297e-06 0.00752680245148315
472 -0.015 0.007730407354449419 0.007680407354449427
473 -0.015 0.007730407354449422 -0.007780407354449421
474 -0.015 -0.007730407354449444 0.007680407354449444
475 -0.015 -0.007730407354449454 -0.00778040735444944
476 0.015 2.42861286636753e-17 0.006016049950684046
477 0.015 2.081668171172169e-17 -0.00613029901417173
478 0.015 -0.007576802451483138 -5.237484391460226e-05
479 0.015 0.00757680245148315 -5.237484391460226e-05
480 0.015 -0.007730407354449422 -0.007780407354449422
481 0.015 0.007730407354449426 -0.007780407354449418
482 0.015 0.007730407354449447 0.007680407354449447
483 0.015 -0.007730407354449441 0.007680407354449454
484 -0.006144248811104493 -1.941774663273569e-17 -0.01505
485 0.006151518741455358 1.901640158851314e-17 -0.01505
486 1.211655058463314e-06 0.007576802451483143 -0.01505
487 1.211655058492659e-06 -0.007576802451483144 -0.01505
488 -0.007730407354449412 -0.007730407354449425 -0.01505
489 0.007730407354449417 0.007730407354449427 -0.01505
490 -0.00773040735444945 0.007730407354449438 -0.01505
491 0.007730407354449453 -0.00773040735444944 -0.01505
492 0.006144248811104495 1.85142448223311e-17 0.01495
493 -0.006151518741455356 -1.991990339891773e-17 0.01495
494 -1.21165505846241e-06 -0.007576802451483145 0.01495
495 -1.211655058491756e-06 0.007576802451483142 0.01495
496 -0.007730407354449415 -0.007730407354449429 0.01495
497 0.007730407354449413 0.007730407354449424 0.01495
498 0.007730407354449451 -0.007730407354449439 0.01495
499 -0.007730407354449451 0.007730407354449438 0.01495
500 -0.006066049950684046 0.015 -4.999999999997715e-05
501 0.006080299014171731 0.015 -4.999999999997888e-05
502 2.374843914602562e-06 0.015 -0.007626802451483136
503 2.374843914604297e-06 0.015 0.00752680245148315
504 0.007730407354449419 0.015 0.007680407354449427
505 0.007730407354449422 0.015 -0.007780407354449421
506 -0.007730407354449444 0.015 0.007680407354449444
507 -0.007730407354449454 0.015 -0.00778040735444944
508 0 -6.499999999999999e-05 -5.000000000000001e-05
509 9.14812989465675e-22 9.183673469387748e-07 -8.000000000000001e-05
510 2.989179390904778e-21 9.183673469387748e-07 -2e-05
511 -2.248971474036655e-20 -4.770626319464161e-21 -0.007550000000000002
512 8.616464714094046e-22 4.765755144745791e-21 0.00745
513 -4.936775032586832e-05 -1.100720496293512e-05 -0.00755
514 -1.799652916683685e-05 -4.874551197748557e-05 -0.00755
515 1.515135604037018e-05 4.8257328391357e-05 -0.00755
516 5.405828940286619e-05 9.275488136443062e-06 -0.00755
517 -3.084560950417388e-05 4.036502708227824e-05 -0.00755
518 3.037141398309607e-05 -4.044639101329967e-05 -0.00755
519 4.229478332642223e-05 3.515894343365558e-05 -0.00755
520 5.506548311675963e-05 -2.032982181937983e-05 -0.00755
521 -5.479109591117346e-05 2.02118318700414e-05 -0.00755
522 -4.93677503258683e-05 -1.100720496293506e-05 -0.00765
523 1.515135604037022e-05 4.825732839135692e-05 -0.00765
524 -1.799652916683689e-05 -4.874551197748534e-05 -0.00765
525 -3.084560950417385e-05 4.036502708227822e-05 -0.00765
526 5.405828940286616e-05 9.275488136442978e-06 -0.00765
527 3.037141398309601e-05 -4.044639101329966e-05 -0.00765
528 4.613976362882431e-05 3.835521101853328e-05 -0.00765
529 -5.479109591117341e-05 2.021183187004145e-05 -0.00765
530 5.159592984697689e-05 -1.904888509141242e-05 -0.00765
531 -3.938243659947752e-20 -1.737869703391129e-20 -0.007650000000000003
532 -4.936775032586827e-05 -1.100720496293504e-05 -0.00705
533 1.515135604037023e-05 4.825732839135692e-05 -0.00705
534 -1.799652916683687e-05 -4.874551197748537e-05 -0.00705
535 5.405828940286616e-05 9.275488136442978e-06 -0.00705
536 -3.084560950417384e-05 4.036502708227822e-05 -0.00705
537 3.037141398309601e-05 -4.044639101329967e-05 -0.00705
538 -5.47910959111734e-05 2.021183187004147e-05 -0.00705
539 4.61397636288243e-05 3.835521101853324e-05 -0.00705
540 5.159592984697689e-05 -1.904888509141242e-05 -0.00705
541 -4.936775032586827e-05 -1.100720496293503e-05 -0.006050000000000002
542 1.515135604037026e-05 4.825732839135692e-05 -0.006050000000000002
543 -1.799652916683686e-05 -4.874551197748537e-05 -0.006050000000000002
544 -3.08456095041738e-05 4.036502708227822e-05 -0.006050000000000002
545 5.405828940286619e-05 9.275488136442976e-06 -0.006050000000000002
546 3.037141398309602e-05 -4.044639101329967e-05 -0.006050000000000002
547 -5.479109591117342e-05 2.021183187004147e-05 -0.006050000000000002
548 4.61397636288243e-05 3.835521101853323e-05 -0.006050000000000002
549 5.159592984697692e-05 -1.904888509141242e-05 -0.006050000000000002
550 -4.936775032586827e-05 -1.100720496293504e-05 -0.00655
551 1.515135604037023e-05 4.825732839135692e-05 -0.00655
552 -1.799652916683687e-05 -4.874551197748537e-05 -0.00655
553 5.405828940286616e-05 9.275488136442978e-06 -0.00655
554 -3.084560950417384e-05 4.036502708227822e-05 -0.00655
555 3.037141398309601e-05 -4.044639101329967e-05 -0.00655
556 -5.479109591117342e-05 2.021183187004147e-05 -0.00655
557 4.61397636288243e-05 3.835521101853324e-05 -0.00655
558 5.159592984697689e-05 -1.904888509141242e-05 -0.00655
559 -4.93677503258684e-05 -1.100720496293507e-05 -0.00555
560 -1.799652916683695e-05 -4.874551197748551e-05 -0.00555
561 -3.506195306009406e-05 4.217810783979173e-05 -0.00555
562 4.936775032586822e-05 1.100720496293502e-05 -0.00555
563 3.037141398309595e-05 -4.044639101329971e-05 -0.00555
564 1.953433412561284e-05 4.689559496696838e-05 -0.00555
565 -9.378036768493573e-06 5.430032437559383e-05 -0.00555
566 -5.6286468923975e-05 2.078060191790447e-05 -0.00555
567 5.042329507772737e-05 -1.861595588478942e-05 -0.00555
568 -4.936775032586838e-05 -1.100720496293507e-05 -0.00505
569 -1.799652916683695e-05 -4.874551197748551e-05 -0.00505
570 -3.506195306009402e-05 4.217810783979174e-05 -0.00505
571 1.899633634277222e-05 5.145359597623474e-05 -0.00505
572 3.321658710956249e-05 -3.995820742717116e-05 -0.00505
573 5.021330910046412e-05 6.079220551565207e-06 -0.00505
574 -9.512536214203698e-06 5.543982462791042e-05 -0.00505
575 -5.506548311675977e-05 2.032982181937987e-05 -0.00505
576 4.229478332642223e-05 3.515894343365554e-05 -0.00505
577 -4.936775032586838e-05 -1.100720496293507e-05 -0.00455
578 -1.799652916683695e-05 -4.874551197748551e-05 -0.00455
579 -3.506195306009402e-05 4.217810783979174e-05 -0.00455
580 1.899633634277223e-05 5.145359597623474e-05 -0.00455
581 3.321658710956249e-05 -3.995820742717115e-05 -0.00455
582 5.021330910046413e-05 6.079220551565208e-06 -0.00455
583 -9.512536214203696e-06 5.543982462791042e-05 -0.00455
584 -5.506548311675977e-05 2.032982181937987e-05 -0.00455
585 4.229478332642223e-05 3.515894343365554e-05 -0.00455
586 -4.936775032586832e-05 -1.100720496293512e-05 -0.00405
587 1.515135604037012e-05 4.825732839135692e-05 -0.00405
588 5.405828940286613e-05 9.275488136442989e-06 -0.00405
589 -1.799652916683695e-05 -4.874551197748551e-05 -0.00405
590 -3.08456095041739e-05 4.036502708227818e-05 -0.00405
591 3.0371413983096e-05 -4.04463910132997e-05 -0.00405
592 5.159592984697688e-05 -1.904888509141243e-05 -0.00405
593 -5.479109591117344e-05 2.021183187004132e-05 -0.00405
594 4.229478332642219e-05 3.515894343365552e-05 -0.00405
595 -4.936775032586835e-05 -1.100720496293516e-05 -0.00355
596 1.515135604037013e-05 4.825732839135689e-05 -0.00355
597 -1.799652916683695e-05 -4.87455119774855e-05 -0.00355
598 -3.08456095041739e-05 4.036502708227814e-05 -0.00355
599 5.405828940286613e-05 9.27548813644295e-06 -0.00355
600 3.037141398309599e-05 -4.044639101329973e-05 -0.00355
601 5.159592984697688e-05 -1.904888509141247e-05 -0.00355
602 -5.479109591117346e-05 2.021183187004131e-05 -0.00355
603 4.229478332642219e-05 3.515894343365549e-05 -0.00355
604 -4.936775032586833e-05 -1.100720496293516e-05 -0.003050000000000001
605 1.515135604037012e-05 4.825732839135688e-05 -0.003050000000000001
606 5.405828940286613e-05 9.275488136442952e-06 -0.003050000000000001
607 -3.08456095041739e-05 4.036502708227814e-05 -0.003050000000000001
608 -1.799652916683694e-05 -4.874551197748552e-05 -0.003050000000000001
609 3.037141398309601e-05 -4.044639101329973e-05 -0.003050000000000001
610 5.15959298469769e-05 -1.904888509141247e-05 -0.003050000000000001
611 4.229478332642219e-05 3.515894343365548e-05 -0.003050000000000001
612 -5.479109591117346e-05 2.021183187004131e-05 -0.003050000000000001
613 1.51513560403701e-05 4.825732839135684e-05 -0.00255
614 -4.936775032586834e-05 -1.100720496293511e-05 -0.00255
615 -3.084560950417391e-05 4.036502708227815e-05 -0.00255
616 -1.799652916683699e-05 -4.874551197748544e-05 -0.00255
617 5.405828940286599e-05 9.275488136442952e-06 -0.00255
618 3.037141398309589e-05 -4.044639101329968e-05 -0.00255
619 -5.479109591117346e-05 2.021183187004133e-05 -0.00255
620 4.613976362882402e-05 3.83552110185331e-05 -0.00255
621 5.159592984697678e-05 -1.904888509141243e-05 -0.00255
622 -4.936775032586836e-05 -1.100720496293514e-05 -0.00205
623 1.51513560403701e-05 4.825732839135681e-05 -0.00205
624 -3.084560950417391e-05 4.036502708227812e-05 -0.00205
625 3.421639428549789e-05 -3.725012342842197e-05 -0.00205
626 5.037994362978659e-05 6.530567884690003e-06 -0.00205
627 -1.953433412561301e-05 -4.689559496696842e-05 -0.00205
628 -5.479109591117348e-05 2.021183187004133e-05 -0.00205
629 9.891588099110648e-06 -5.755639689528654e-05 -0.00205
630 4.489950781206232e-05 3.734456502524491e-05 -0.00205
631 -4.936775032586835e-05 -1.100720496293514e-05 -0.00155
632 1.51513560403701e-05 4.825732839135681e-05 -0.00155
633 -3.084560950417391e-05 4.036502708227811e-05 -0.00155
634 5.405828940286599e-05 9.275488136442918e-06 -0.00155
635 -1.7996529166837e-05 -4.874551197748544e-05 -0.00155
636 3.037141398309588e-05 -4.044639101329971e-05 -0.00155
637 -5.479109591117346e-05 2.021183187004133e-05 -0.00155
638 4.51388837083737e-05 3.752319634108681e-05 -0.00155
639 5.159592984697678e-05 -1.904888509141248e-05 -0.00155
640 -4.936775032586836e-05 -1.100720496293514e-05 -0.00105
641 1.51513560403701e-05 4.825732839135681e-05 -0.00105
642 -3.084560950417391e-05 4.036502708227812e-05 -0.00105
643 3.421639428549789e-05 -3.725012342842197e-05 -0.00105
644 5.037994362978659e-05 6.530567884690003e-06 -0.00105
645 -1.953433412561301e-05 -4.689559496696842e-05 -0.00105
646 -5.479109591117347e-05 2.021183187004133e-05 -0.00105
647 9.891588099110653e-06 -5.755639689528654e-05 -0.00105
648 4.489950781206232e-05 3.734456502524491e-05 -0.00105
649 -4.936775032586835e-05 -1.100720496293514e-05 -0.00055
650 1.51513560403701e-05 4.825732839135681e-05 -0.00055
651 -3.08456095041739e-05 4.036502708227811e-05 -0.00055
652 5.405828940286599e-05 9.275488136442918e-06 -0.00055
653 3.506195306009376e-05 -4.217810783979176e-05 -0.00055
654 -1.953433412561298e-05 -4.689559496696842e-05 -0.00055
655 -5.479109591117346e-05 2.021183187004133e-05 -0.00055
656 9.378036768493387e-06 -5.430032437559387e-05 -0.00055
657 4.51388837083737e-05 3.752319634108681e-05 -0.00055
658 5.276856461622625e-05 -1.948181429803549e-05 -0.00055
659 -4.936775032586804e-05 -1.100720496293496e-05 0.000449999999999999
660 1.515135604037042e-05 4.825732839135708e-05 0.000449999999999999
661 -1.799652916683664e-05 -4.874551197748532e-05 0.000449999999999999
662 -3.08456095041736e-05 4.036502708227833e-05 0.000449999999999999
663 5.405828940286643e-05 9.275488136443154e-06 0.000449999999999999
664 3.03714139830963e-05 -4.044639101329954e-05 0.000449999999999999
665 5.159592984697718e-05 -1.904888509141227e-05 0.000449999999999999
666 4.229478332642248e-05 3.515894343365567e-05 0.000449999999999999
667 -5.479109591117315e-05 2.021183187004152e-05 0.000449999999999999
668 -4.936775032586803e-05 -1.100720496293496e-05 0.0009499999999999991
669 1.515135604037042e-05 4.825732839135709e-05 0.0009499999999999991
670 5.405828940286642e-05 9.275488136443154e-06 0.0009499999999999991
671 -3.084560950417361e-05 4.036502708227834e-05 0.0009499999999999991
672 -1.799652916683664e-05 -4.874551197748532e-05 0.0009499999999999991
673 3.037141398309631e-05 -4.044639101329954e-05 0.0009499999999999991
674 5.293608386897659e-05 -1.954366132755286e-05 0.0009499999999999991
675 -5.479109591117317e-05 2.021183187004152e-05 0.0009499999999999991
676 4.229478332642248e-05 3.515894343365569e-05 0.0009499999999999991
677 -4.936775032586804e-05 -1.100720496293496e-05 0.001449999999999999
678 1.515135604037042e-05 4.825732839135708e-05 0.001449999999999999
679 -3.08456095041736e-05 4.036502708227833e-05 0.001449999999999999
680 5.405828940286643e-05 9.275488136443154e-06 0.001449999999999999
681 -1.799652916683662e-05 -4.874551197748533e-05 0.001449999999999999
682 3.03714139830963e-05 -4.044639101329954e-05 0.001449999999999999
683 5.159592984697718e-05 -1.904888509141227e-05 0.001449999999999999
684 4.229478332642248e-05 3.515894343365567e-05 0.001449999999999999
685 -5.479109591117315e-05 2.021183187004151e-05 0.001449999999999999
686 1.515135604037045e-05 4.825732839135704e-05 0.00195
687 -3.321658710956243e-05 3.995820742717126e-05 0.00195
688 -5.121311627639935e-05 -8.78730455031421e-06 0.00195
689 5.405828940286639e-05 9.275488136443067e-06 0.00195
690 -1.799652916683685e-05 -4.874551197748534e-05 0.00195
691 3.037141398309621e-05 -4.04463910132996e-05 0.00195
692 5.159592984697712e-05 -1.904888509141234e-05 0.00195
693 4.613976362882448e-05 3.835521101853328e-05 0.00195
694 -3.421639428549784e-05 3.725012342842208e-05 0.002449999999999999
695 -5.121311627639934e-05 -8.78730455031421e-06 0.002449999999999999
696 1.899633634277248e-05 5.145359597623486e-05 0.002449999999999999
697 5.405828940286639e-05 9.2754881364431e-06 0.002449999999999999
698 -1.799652916683685e-05 -4.874551197748534e-05 0.002449999999999999
699 3.037141398309619e-05 -4.044639101329956e-05 0.002449999999999999
700 -1.014670529515026e-05 5.913581293643793e-05 0.002449999999999999
701 5.159592984697712e-05 -1.904888509141229e-05 0.002449999999999999
702 4.325602840202299e-05 3.595801032987511e-05 0.002449999999999999
703 -3.421639428549784e-05 3.725012342842208e-05 0.002949999999999999
704 -5.121311627639934e-05 -8.787304550314206e-06 0.002949999999999999
705 1.899633634277247e-05 5.145359597623486e-05 0.002949999999999999
706 5.405828940286639e-05 9.275488136443096e-06 0.002949999999999999
707 -1.799652916683685e-05 -4.874551197748534e-05 0.002949999999999999
708 3.03714139830962e-05 -4.044639101329956e-05 0.002949999999999999
709 5.159592984697712e-05 -1.904888509141229e-05 0.002949999999999999
710 -1.014670529515026e-05 5.913581293643789e-05 0.002949999999999999
711 4.325602840202299e-05 3.595801032987512e-05 0.002949999999999999
712 -4.936775032586814e-05 -1.100720496293492e-05 0.00345
713 1.515135604037039e-05 4.825732839135705e-05 0.00345
714 -3.084560950417367e-05 4.036502708227836e-05 0.00345
715 -1.799652916683683e-05 -4.874551197748532e-05 0.00345
716 3.321658710956265e-05 -3.995820742717099e-05 0.00345
717 5.021330910046429e-05 6.079220551565356e-06 0.00345
718 -5.47910959111733e-05 2.021183187004158e-05 0.00345
719 4.133353825082192e-05 3.435987653743622e-05 0.00345
720 -4.936775032586812e-05 -1.100720496293491e-05 0.00395
721 -3.506195306009379e-05 4.217810783979181e-05 0.00395
722 1.899633634277241e-05 5.145359597623482e-05 0.00395
723 -1.799652916683683e-05 -4.874551197748532e-05 0.00395
724 3.321658710956264e-05 -3.995820742717099e-05 0.00395
725 5.02133091004643e-05 6.079220551565356e-06 0.00395
726 -5.159592984697676e-05 1.904888509141252e-05 0.00395
727 4.229478332642242e-05 3.515894343365567e-05 0.00395
728 -9.512536214203483e-06 5.543982462791051e-05 0.00395
729 1.515135604037035e-05 4.825732839135702e-05 0.004450000000000001
730 -4.936775032586817e-05 -1.100720496293495e-05 0.004450000000000001
731 -3.084560950417371e-05 4.036502708227831e-05 0.004450000000000001
732 3.421639428549814e-05 -3.725012342842186e-05 0.004450000000000001
733 5.037994362978685e-05 6.530567884690178e-06 0.004450000000000001
734 -1.953433412561279e-05 -4.689559496696827e-05 0.004450000000000001
735 -5.479109591117331e-05 2.021183187004156e-05 0.004450000000000001
736 9.891588099110884e-06 -5.755639689528652e-05 0.004450000000000001
737 4.489950781206265e-05 3.734456502524513e-05 0.004450000000000001
738 -4.936775032586823e-05 -1.100720496293499e-05 0.00495
739 1.515135604037034e-05 4.825732839135704e-05 0.00495
740 -3.084560950417376e-05 4.036502708227833e-05 0.00495
741 3.421639428549816e-05 -3.72501234284219e-05 0.00495
742 5.037994362978686e-05 6.530567884690178e-06 0.00495
743 -1.95343341256128e-05 -4.689559496696836e-05 0.00495
744 9.891588099110897e-06 -5.755639689528668e-05 0.00495
745 -5.479109591117344e-05 2.021183187004158e-05 0.00495
746 4.489950781206268e-05 3.734456502524517e-05 0.00495
747 -4.936775032586825e-05 -1.100720496293499e-05 0.005449999999999999
748 1.515135604037034e-05 4.825732839135703e-05 0.005449999999999999
749 -3.084560950417376e-05 4.036502708227833e-05 0.005449999999999999
750 3.421639428549814e-05 -3.725012342842189e-05 0.005449999999999999
751 5.037994362978685e-05 6.530567884690179e-06 0.005449999999999999
752 -1.953433412561283e-05 -4.689559496696834e-05 0.005449999999999999
753 9.89158809911088e-06 -5.755639689528667e-05 0.005449999999999999
754 -5.479109591117344e-05 2.021183187004159e-05 0.005449999999999999
755 4.489950781206268e-05 3.734456502524517e-05 0.005449999999999999
756 -4.936775032586823e-05 -1.100720496293499e-05 0.00595
757 1.515135604037034e-05 4.825732839135704e-05 0.00595
758 -3.084560950417376e-05 4.036502708227833e-05 0.00595
759 3.421639428549816e-05 -3.72501234284219e-05 0.00595
760 5.037994362978684e-05 6.530567884690181e-06 0.00595
761 -1.95343341256128e-05 -4.689559496696834e-05 0.00595
762 -5.479109591117344e-05 2.021183187004158e-05 0.00595
763 9.891588099110899e-06 -5.755639689528667e-05 0.00595
764 4.489950781206268e-05 3.734456502524518e-05 0.00595
765 1.515135604037034e-05 4.825732839135708e-05 0.00645
766 -4.936775032586825e-05 -1.100720496293496e-05 0.00645
767 -3.084560950417376e-05 4.036502708227837e-05 0.00645
768 3.421639428549815e-05 -3.725012342842186e-05 0.00645
769 -1.953433412561284e-05 -4.689559496696832e-05 0.00645
770 5.037994362978685e-05 6.530567884690217e-06 0.00645
771 9.891588099110887e-06 -5.755639689528664e-05 0.00645
772 -5.479109591117344e-05 2.021183187004159e-05 0.00645
773 4.489950781206268e-05 3.734456502524518e-05 0.00645
774 1.515135604037034e-05 4.825732839135707e-05 0.00695
775 -4.936775032586823e-05 -1.100720496293496e-05 0.00695
776 -3.084560950417376e-05 4.036502708227837e-05 0.00695
777 -1.799652916683692e-05 -4.874551197748551e-05 0.00695
778 3.32165871095627e-05 -3.995820742717109e-05 0.00695
779 5.021330910046429e-05 6.079220551565349e-06 0.00695
780 -5.479109591117344e-05 2.02118318700416e-05 0.00695
781 4.133353825082188e-05 3.435987653743623e-05 0.00695
782 -1.515135604037013e-05 -4.825732839135691e-05 0.00745
783 1.515135604037025e-05 4.825732839135703e-05 0.00745
784 -5.405828940286612e-05 -9.275488136443006e-06 0.00745
785 5.405828940286625e-05 9.27548813644314e-06 0.00745
786 3.084560950417393e-05 -4.036502708227815e-05 0.00745
787 -3.084560950417379e-05 4.03650270822783e-05 0.00745
788 4.229478332642232e-05 3.515894343365567e-05 0.00745
789 -5.171447872724632e-05 1.902854410865709e-05 0.00745
790 -4.229478332642216e-05 -3.51589434336555e-05 0.00745
791 5.171447872724648e-05 -1.902854410865692e-05 0.00745
792 -1.711346369817791e-06 -9.072831835649042e-05 -0.007299130941284849
793 -8.179132850535813e-05 -0.0001261781456601569 0.002242894052661005
794 -2.000835427209876e-05 -9.792898575886107e-05 0.001687824207029404
795 -8.685791667835522e-05 -9.370303972359236e-06 0.002198555307174463
796 1.635755987155922e-05 3.300217453858865e-05 -0.003276058467741935
797 -0.003512875694201876 0.004225847020098449 -5.00000000000001e-05
798 0.005991567272174039 0.00102805160440027 -5.000000000000252e-05
799 0.001535125882520117 0.004158051610930986 -5.000000000000035e-05
800 -7.500000000000025e-05 -0.003848541061727081 -4.999999999999975e-05
801 0.002858606277356388 0.0009266187591187956 -9.000000000000001e-05
802 -0.002803785259396765 0.0008868173086878105 -5.000000000000013e-05
803 0 0.001913519353676461 -0.0001030000000000001
804 0.005409042228425975 -0.006506858475040317 0.0057
805 0.00540904222842598 -0.006506858475040316 -0.005799999999999998
806 -0.002624948205565592 -0.007109951202727759 0.006200000000000002
807 -0.002624948205565593 -0.007109951202727757 -0.0063
808 -0.005152397094902376 0.006198124785854111 -0.0076
809 -0.004886468687280187 0.005878223694345358 0.0072
810 0.007355622094589048 0.001262100340727793 0.007200000000000001
811 0.007355622094589041 0.001262100340727792 -0.0073
812 -0.007047800331907834 -0.00120928333265323 0.0052
813 -0.00704780033190783 -0.001209283332653224 -0.0053
814 0.003980204666433172 0.0006829358008164929 0.0037
815 0.004045880731334124 0.008105669022427011 0.008486002806496458
816 0.003877806161285549 0.0006653659492696193 -0.0038
817 0.002546752612667981 0.00689815012848501 -0.0073
818 -0.001405333001829123 -0.003806493798773854 -0.003800000000000001
819 -0.001405333001829122 -0.003806493798773853 0.003700000000000001
820 -0.001347156523916584 -0.00364891662516423 -0.0076
821 0.002699972042658151 -0.003247956888895368 -0.0068
822 0.002523881380421232 -0.003036126962345654 0.002699999999999999
823 0.002523881380421232 -0.003036126962345655 -0.0028
824 -0.001249036741473447 -0.003383148765930342 0.0072
825 0.002454732935466962 -0.002952944186895687 0.006699999999999999
826 -0.0037129205288917 -0.0006370743635751229 0.007200000000000001
827 0.001477244332187987 0.004001273280018746 0.004200000000000001
828 0.001441774607654942 0.003905199761284378 -0.0043
829 -0.003530607277249798 -0.0006057924931829947 0.0037
830 -0.00258020723064946 0.003103884676270556 0.0047
831 0.003542118163494582 0.0006077675665710476 -0.0073
832 -0.002611303422068142 0.003141292133659369 -0.003799999999999999
833 -0.002487268870706781 0.002992083597722619 -0.0076
834 0.003552289718615347 0.0006095128333912522 0.0072
835 0.001590138459242954 -0.001912872089560942 0.0047
836 -0.00373235000895452 -0.0006404081337297257 -0.0033
837 -0.003531630312440366 -0.0006059680287183971 -0.0068
838 0.001687527335180051 -0.002030026958390712 -0.0004080280174330909
839 0.001546479510340846 -0.001860352144314052 -0.0053
840 0.001340118930753392 -0.001612108734575764 -0.0073
841 0.001100322818664764 -0.00132364373498199 -0.0038
842 0.001999289312378754 0.0003430442306467671 -0.0043
843 -0.0007025596378275878 -0.001902957449358106 -0.0043
844 -0.0007171854766244277 -0.001942573088220621 -0.0063
845 -0.0007171854766244274 -0.00194257308822062 -0.002300000000000001
846 -0.0007050082469740024 -0.00190958976747724 -0.000339353881110857
847 0.00204091038141926 0.000350185702128305 -0.0023
848 0.0008150474771186674 0.002207642717648013 -0.0028
849 0.00100507733415071 -0.001209067279123937 -0.0023
850 -0.0005206537281885449 -0.001410245959554553 -0.0076
851 -0.001687543779874727 -0.0002895539700360249 -0.0073
852 -0.002079337706007895 -0.0003567791810799037 -0.005299999999999999
853 -0.00152786730712533 0.001837962418533099 -0.0058
854 -0.001320529761099271 0.001242242596476085 -0.00737700391036428
855 0.0008491733845347511 0.002300076364895876 -0.0068
856 0.0009013790126386443 0.002441480857197641 0.0022
857 -0.001763233562248642 0.002121098479819367 0.0022
858 -0.0007470174264937624 -0.00202337609507747 0.0057
859 -0.0005712745853482361 -0.001547357931319379 0.0042
860 -0.0007366541976402739 -0.001995306188290443 0.0022
861 -0.001934934197731204 -0.0003320019814556349 0.0047
862 -0.0005712745853482358 -0.001547357931319379 0.0072
863 0.001146732252183706 -0.001379472401696322 0.007200000000000001
864 -0.001754476861388351 -0.0004954750451010055 0.007316071152749406
865 -0.001339300741177832 0.001611124485692302 0.006699999999999999
866 0.0008230062046882653 0.00222919977714948 0.0072
867 -0.001583927067002901 -0.0002717750946480646 0.0032
868 -0.001542819260288801 -0.0002647216903005802 0.0017
869 -0.0004042375796018048 -0.001094920448023977 0.0032
870 0.0009902841325761366 -0.00119127165746422 0.0027
871 0.001846159969988827 0.0003167698254747126 0.0032
872 0.002051188468420612 0.0003519492480173709 0.0052
873 0.001000342793419182 -0.00120337181859999 0.001199999999999999
874 0.001961217755645834 0.0005056754376892347 0.001590361129182736
875 -0.0003669605508705793 -0.0009939516537827255 0.0022
876 -0.0003648986581468078 -0.0009883667981957877 0.001199999999999999
877 0.001582386625270598 -5.499999999999999e-05 -0.0002715686644026871
878 0.000776093888148558 -0.000933609478400386 0.006200000000000001
879 0.001549675176561425 0.0004849904985292024 0.006736854997293274
880 0.001124624851594549 -0.0008021686920767695 0.005166310354984626
881 0.0006735323535343482 -0.0008102321109229254 0.0042
882 0.001161580913054147 0.0001993076380619098 0.004200000000000001
883 0.0005396571687792056 0.001461718798141251 0.0037
884 -0.001202554982739422 0.00144662488305568 0.004200000000000001
885 0.0008464384427302009 -0.001018231125232249 -0.0063
886 0.001701717203361959 0.0002285298009410183 -0.00650510820272728
887 0.0006923951060912975 -0.0008329232374023516 -0.0053
888 -0.0004189468612263622 -0.001134762100653936 -0.0053
889 0.001192206237031283 0.0002045624256691845 -0.0053
890 0.0005482759066300507 0.001485063565637496 -0.0048
891 -0.0004496567218049081 -0.001217943021973863 -0.0033
892 -0.001632081284186943 -0.0002800375438514 -0.0028
893 -0.00125874247334963 0.001514216155970306 -0.0033
894 -0.001544848661996235 -0.0002650699013089068 -0.0013
895 0.0005419553215307457 0.001467943589123878 0.0052
896 0.001045433501359991 0.000179378706696379 0.0052
897 -0.001028043575846212 0.001236694736648831 -0.0018
898 -0.0004297683734487686 -0.0001252567351733091 -0.000316720579570993
899 -0.0007750847498115416 -0.0001329914335253403 0.0002345483843289216
900 -0.0007949806358871278 0.0009563294701103454 0.000699999999999999
901 -0.0003394103301445309 -3.738846875077575e-05 0.0002772697781984682
902 -0.0004854485531573798 -9.131683062218628e-05 0.0008011650390006278
903 -0.0003456103832159273 -0.0009361224555254876 -0.0068
904 -0.0006471686162518617 -0.0001094904570290833 -0.0007661475412369634
905 0.0006555275119529179 -0.001023096413524273 -0.001283929750409549
906 -0.0004410822241070183 -0.001194718083633885 -0.0013
907 0.0006662332710068722 -0.0009901937433225017 -0.0003820076801921497
908 0 -0.000894888871252144 0.0001670124905473206
909 -0.001255676282540487 -0.0002154528119659615 0.0057
910 -0.0004039805217671611 -0.001094224179557909 0.006200000000000001
911 -0.0003669350170134393 -0.0009938824926168405 0.0052
912 -0.0002313953851749939 -0.000626758994193606 0.0057
913 -0.0001857874281598913 -0.000503224995257572 0.006200000000000001
914 0.0003788355691083756 -0.0004557238286188923 0.006200000000000001
915 0.0006549248684824827 0.0001123740302361235 0.006200000000000001
916 0.0004364126285773134 0.001182069987842021 0.006699999999999999
917 -0.0005840861972480538 -0.0001002193123955419 0.0062
918 -0.0007589208305416276 0.0008519217860850302 0.005531608155625928
919 -0.0004247811991513646 0.0005109945585579506 0.0062
920 -0.0001791116375249381 -0.0004851429067982623 0.0067
921 -0.0001789622043469429 -0.0004847381511534219 0.0072
922 -0.0003751183948475892 -0.0010160480412364 0.008674409223112077
923 0.0003619471153178375 -0.000435407703501624 0.007200000000000001
924 0.0006221725475998223 0.0001067542859352248 0.0072
925 -0.0005580476898947667 -9.575154494093015e-05 0.0072
926 0.00117702873252073 0.0002019582226027631 0.009149815985723822
927 -0.0004035381973826825 0.0004854400887911158 0.0072
928 -0.0007634153175375115 0.000918357672045771 0.009149815985723824
929 0.0002464881163894699 0.0006676392607921189 0.0072
930 0.0003319462099240629 -0.0003993178307891364 0.006699999999999999
931 0.0002601710277459003 0.0007047008804649187 0.0062
932 -0.0001857874281598915 -0.000503224995257572 0.0052
933 -0.0005840861972480534 -0.0001002193123955418 0.0052
934 -0.0004247811991513639 0.0005109945585579495 0.0052
935 -0.0001791116375249382 -0.0004851429067982625 0.0047
936 0.0003623221403459469 -0.000435858843403931 0.0047
937 0.0006229096307975709 0.0001068807569451624 0.0047
938 -0.0001789622043469429 -0.0004847381511534226 0.0042
939 -0.0005580476898947699 -9.575154494093077e-05 0.0042
940 -0.0004035381973826859 0.0004854400887911199 0.004200000000000001
941 -0.0007781401820330697 0.0009360710869703618 0.0032
942 -0.0001789621293970327 -0.000484737948143625 0.0037
943 0.000361946927157237 -0.0004354074771520511 0.0037
944 0.0006221721776654091 0.0001067542224607363 0.0037
945 0.0002464879600611685 0.0006676388373602994 0.0037
946 0.0002467995102723669 0.000668482704219891 0.0047
947 -0.0001789621293970139 -0.0004847379481435748 0.0032
948 -0.0005580473997899166 -9.575149516384454e-05 0.0032
949 -0.0001789621293970141 -0.0004847379481435742 0.0027
950 0.0003619469271571902 -0.0004354074771519947 0.0027
951 0.0006221721776653174 0.0001067542224607205 0.0027
952 0.0004355155525047348 0.001179640161955306 0.0022
953 0.0002464879600611298 0.0006676388373601944 0.0027
954 -0.0001789621293970142 -0.0004847379481435748 0.0022
955 -0.0005580473997899159 -9.575149516384448e-05 0.0022
956 0.0003339534119084455 -0.0004017324133883553 0.0057
957 0.0003303380803461534 -0.0003973833161133234 0.0052
958 -0.0001789621293970142 -0.0004847379481435749 0.0017
959 0.0004686715004741243 -0.0006953243664292241 0.001787953966681882
960 0.0007039808516189941 0.0001267979781280819 0.00172326549597888
961 0.0002464879600611302 0.0006676388373601961 0.0017
962 0.0003972710530942427 0.00107605087055336 0.000699999999999999
963 -0.0005152166835881878 0.0006197847793588996 0.0017
964 -0.0005117924622214563 -8.781493021872087e-05 0.0037
965 -0.0005117924622214558 -8.781493021872081e-05 0.0027
966 -0.0003641622152000784 0.0004380723788421268 0.0027
967 -0.0005117924906095188 -8.781493508963186e-05 0.0047
968 0.0003319461915117027 -0.000399317808639814 0.004200000000000001
969 -0.0001286207249882426 -0.0004758049347167744 0.001207943434575219
970 -0.000514887181472169 -8.834593169902417e-05 0.0057
971 -0.001152325536706896 -0.0001977195720232777 -0.0038
972 -0.001044466129569219 -0.0001792127220589078 -0.0048
973 -0.0007575119655941898 0.0009112561790269732 -0.0048
974 -0.001038401319298504 -0.0001781721031947675 -0.0058
975 -0.000678516934209475 0.0008162283593604066 -0.0038
976 -0.0006735099893777209 0.0008102052077493236 -0.0028
977 0.0004081721976668705 0.001105577779237094 -0.0028
978 -0.0006785169342094744 0.0008162283593604059 -0.0058
979 -0.0006735099893777209 0.0008102052077493239 -0.0068
980 0.0002426709920910672 0.001135977396061706 -0.006743654472852439
981 -0.0005743279272602982 0.0006908932086547028 -0.0076
982 -0.001838282788560572 -0.000392650024085101 -0.01201382797253456
983 -0.0002415109915586056 -0.000509132430032383 0.0006023066207397276
984 0.001175741393374276 0.000201737336978885 -0.0013
985 0.0004587145059141962 0.001242476992924352 -0.0013
986 -0.0005950159808219746 0.0007157800982305407 -0.0005502277428385923
987 -0.0005117924906095181 -8.781493508963202e-05 0.006699999999999999
988 0.0004986822220258741 -0.0005998944925385139 -0.0068
989 0.0005696870389815496 -0.0006853104082340305 -0.0076
990 0.000362286334383456 -0.0004358157702829144 -0.0063
991 -0.0002188686421781851 -0.0005928289794041395 -0.0063
992 0.0006228392773526781 0.000106868685483955 -0.0063
993 0.0003319795548846101 -0.0003993579434246045 -0.0058
994 0.0003303193249469654 -0.000397360754128594 -0.0053
995 -0.0001961041663704342 -0.0005311689771970062 -0.0053
996 -0.0006486127053538049 -6.56657010999104e-05 -0.005215608197368636
997 0.0005580579111400213 9.5753298733737e-05 -0.0053
998 0.000330314312617859 -0.0003973547244999193 -0.0048
999 0.0003303143125721726 -0.0003973547244449603 -0.0043
1000 0.0005580473997899162 9.575149516384481e-05 -0.0043
1001 -0.0001961004726327253 -0.0005311589723158397 -0.0043
1002 -0.0006221721776653176 -0.0001067542224607206 -0.0043
1003 0.0002186342202204196 0.0005921940226164117 -0.0043
1004 0.000218638930356225 0.000592206780519849 -0.0053
1005 0.0002467697955830684 0.0006684022188257535 -0.0063
1006 -0.0001798462707097583 -0.0004871327388585291 -0.0038
1007 -0.0001789647376557354 -0.0004847450128895349 -0.0033
1008 0.00036195347511383 -0.0004354153540783266 -0.0033
1009 -0.0005580574953865422 -9.575322739747204e-05 -0.0033
1010 0.0006221850512491809 0.0001067564313499716 -0.0033
1011 -0.0001789621294198478 -0.0004847379482054216 -0.0028
1012 -0.0001789621293970142 -0.0004847379481435745 -0.0023
1013 -0.000403546307191036 0.0004854498445617278 -0.0033
1014 -0.0005580473997899154 -9.575149516384463e-05 -0.0023
1015 0.0003619469271571898 -0.0004354074771519948 -0.0023
1016 0.0006221721776653165 0.0001067542224607204 -0.0023
1017 0.0002464879600611291 0.0006676388373601932 -0.0023
1018 -0.0004035379574448981 0.0004854398001556894 -0.0023
1019 0.0002464934002041748 0.0006676535725658288 -0.0033
1020 -0.0003307858391102092 -0.0005484290834172431 -0.004807931098949939
1021 -0.0001798466321906934 -0.0004871337179680608 -0.0058
1022 0.0003303143125721727 -0.0003973547244449599 -0.0038
1023 -0.0001789621293970146 -0.0004847379481435752 -0.0018
1024 -0.0001789621293970144 -0.0004847379481435748 -0.0013
1025 0.0003619469271571901 -0.0004354074771519953 -0.0013
1026 -7.182147717550176e-05 -0.0006060687272226196 -0.0008462232222286388
1027 0.0003319461915116979 -0.0003993178086398082 -0.0028
1028 -0.0005117934502051211 -8.781509974000713e-05 -0.0038
1029 0.0005117924622214565 8.781493021872076e-05 -0.0048
1030 0.0005117924622214564 8.781493021872049e-05 -0.0038
1031 -0.0005117924622214565 -8.781493021872107e-05 -0.0028
1032 -0.0006866395989988365 3.192344878933934e-05 -0.001736845860627075
1033 0.0003319461915116982 -0.0003993178086398085 -0.0018
1034 0.0003319461915116979 -0.0003993178086398085 -0.0007999999999999999
1035 0.0005614629163736013 9.633754004062029e-05 -0.0008
1036 0.0008314214502981063 0.0002293627056549243 -5.000000000000013e-05
1037 0.0002201618352306352 0.0005963317302314257 -0.0007999999999999999
1038 -0.0002229580385456867 -0.0006039055440997409 -0.0073
1039 -0.0007161667624429013 -0.0001228821034133898 -0.0073
1040 -0.001201855271158815 -0.0002062180367247074 -0.008964906073425007
1041 0.001447540603763816 0.0002483734843544456 -0.01032785365779809
1042 0.0003319461915116986 -0.0003993178086398084 0.0032
1043 0.0004495809134730268 -0.0005411059138154596 0.002288296973309041
1044 0.0005310529969644748 -0.0004899955125679968 0.001214495314023645
1045 0.0003303191266922854 -0.0003973605156362524 0.000699999999999999
1046 0.000558057495386543 9.575322739747194e-05 0.000699999999999999
1047 0.0005117934908956511 8.781510672181372e-05 -0.0058
1048 8.119956578733138e-06 0.0001413060721111407 0.008526358142622401
1049 0.0005121365385204534 8.787396789202895e-05 -0.0013
1050 0.0005092860255093108 8.738486807200702e-05 -0.0018
1051 0.0005211477570740623 8.942014058288116e-05 -0.0028
1052 -1.355252715606881e-20 -0.0005808089478779163 -0.0002918134889165529
1053 0.0005211477570740629 8.942014058288127e-05 0.0022
1054 0.0005211477570740625 8.942014058288132e-05 0.0032
1055 0.0005211477570740802 8.942014058288422e-05 0.004200000000000001
1056 -0.0005211477570740624 -8.942014058288113e-05 -0.0048
1057 -0.0003723258141965727 0.00044789285741743 -0.0048
1058 -0.0003330984798835827 0.0004007039648282155 -0.0043
1059 -0.000330328267453274 0.0003973715116010826 -0.0038
1060 -0.0003330984798835823 0.0004007039648282148 -0.0053
1061 -0.000330328267453274 0.0003973715116010825 -0.0058
1062 -0.0003303143129262846 0.0003973547248709423 -0.0063
1063 -0.0005580474005325217 -9.575149529126372e-05 -0.0063
1064 -0.0003303143125721726 0.0003973547244449599 -0.0068
1065 -0.0005117924622941235 -8.781493023118919e-05 -0.0058
1066 -0.0005117924622941237 -8.781493023118944e-05 -0.0068
1067 -0.0002687712226121256 0.0004573508806398845 0.000611204776817026
1068 -0.00050928386434802 -8.738449725328342e-05 -0.0013
1069 -0.0003619534751138304 0.0004354153540783269 -0.0013
1070 0.0005212868549752483 8.944400743006608e-05 0.0052
1071 0.0005094418922374533 8.741161216627513e-05 0.0057
1072 -0.006148404045726359 -0.007716162638294465 -4.999999999999898e-05
1073 0.0005117934502051214 8.781509974000704e-05 0.001199999999999999
1074 0.0003114906514490623 -0.0003747106233753627 0.0002506622449222638
1075 0.0005211478266926902 8.942015252826033e-05 0.0067
1076 -0.0003380140370460974 0.0004066171807787894 0.006699999999999999
1077 0.0002917718019145398 0.0002336989160819067 -5.662160598648646e-05
1078 -0.000251225636965299 0.0001192239990200627 -5.325422544890349e-05
1079 0.0005212735577674356 8.944172585411016e-05 -0.0068
1080 0.001010831908981805 0.0001734416586848508 -0.0076
1081 0.0004229758621273682 8.374077794656335e-05 -0.00730354402826926
1082 0.0001961793698045103 0.0005313726736910659 -0.0073
1083 0.0004344656516485955 0.001176796393899607 -0.008750690432593411
1084 -0.0008164903583179322 -0.0001400959356234562 0.001380152158467595
1085 -0.0002819641109361006 -0.0007637297625246816 -0.00819321738172
1086 0.0002009333308415779 0.0008085114780354433 -5.00000000000001e-05
1087 -0.0003380139918917824 0.0004066171264599788 -0.0028
1088 -0.0003423926885806865 0.0004118845210294086 0.0057
1089 -0.0001754502827366431 -0.0004752257382135801 -0.0068
1090 3.571311232441178e-05 9.673276043532138e-05 -0.008693437747221172
1091 0.0002967031024984193 -0.001367537775801628 -0.00454999999989643
1092 0.0001831337651822802 0.0004960372670428603 -0.0048
1093 0.0001831337651822802 0.0004960372670428603 -0.0038
1094 0.000189493005962183 0.0005132619465758279 0.004200000000000001
1095 -0.0001528957598660468 -0.0004141344158512058 -0.0076
1096 0.000183134651626711 0.000496039668071815 -0.0058
1097 0.0001813366868180346 -0.0002895856190994341 -0.006808681525166478
1098 0.000189493005962173 0.0005132619465758005 0.0022
1099 0.0001894930059621729 0.0005132619465757999 0.0032
1100 0.0001798540061958001 0.0004871536912446259 -0.0068
1101 0.0001894930059621731 0.0005132619465758006 0.001199999999999999
1102 0.0001793097789332744 0.0004856795938618476 0.000699999999999999
1103 -0.0003246872053975585 0.0003905855426817491 -0.0073
1104 0.0001895751318242581 0.0005134843932018591 0.0052
1105 0.0001793150407067077 0.0004856938459344301 0.0057
1106 -0.000332169357786062 0.0003995862686189262 0.0022
1107 -0.0003709114645577947 0.0003872364608618459 0.00322486313351778
1108 -0.0003303205284113648 0.0003973622018474692 0.0037
1109 0.001290307249063504 -0.0005415713270574956 -0.004549999999896431
1110 -8.614884464587794e-05 -0.0003260709885679476 0.005716374138033924
1111 0.0002761309987226568 -0.0002976414523043096 -0.007308603883419666
1112 0.0001894930471177839 0.0005132620580501468 0.006699999999999999
1113 0.0004423591717862392 -0.0002972345316369117 -0.0003393343576864214
1114 0.0001894930059621726 0.0005132619465757997 -0.0028
1115 0.0001894930059621725 0.0005132619465757993 -0.0018
1116 0.0001793097789332741 0.0004856795938618467 -0.0013
1117 -8.238350213725684e-05 -0.0002004164303193736 0.006206414658577511
1118 -8.826890086783792e-05 -0.0002022075621384463 0.005197198534737881
1119 0.0002033454252819564 -0.0001983098437366998 -0.006301394931104921
1120 -0.000254508769914504 0.0003061637303896929 -0.0076
1121 0.0001402658121420941 -0.0003128255607315033 -0.007870497987530428
1122 -0.0003380140370460977 0.0004066171807787896 0.0047
1123 -0.0001165247975914561 -0.0002324787773469258 -0.004300603103194241
1124 0.0001722469307510496 -0.0001488480047577558 0.007197635327586585
1125 -0.0001032525715147458 -0.0002542833147403112 -0.00528879156322024
1126 -0.0001157604482897839 -0.0003135494775863256 0.0002379518968614709
1127 -0.0004068274588906049 0.0003404257694602145 0.0001206981697991021
1128 -2.944444444444444e-05 0.000404201993137967 -5.00000000000001e-05
1129 0.0002863547924567208 4.252596681310196e-05 -0.000276240876965379
1130 0.0003242792098839305 4.43334214907551e-05 0.000160349261837078
1131 -0.000331946832313271 0.0003993185794981173 -0.0018
1132 -0.0001186821101026505 -0.0003214631091301067 0.005960243652061992
1133 -0.0001186821101026506 -0.0003214631091301067 0.005439756347938009
1134 -0.004336705432049974 -0.003446988406298698 0.0008348127664738183
1135 -0.0001766425318705414 0.0002124938033417578 -0.0003173457316025262
1136 0.000597930600484394 -0.003095125179643986 -0.009683112654519332
1137 0.0001447344861407388 -0.0001526821991835473 0.004700977399898059
1138 -0.0002313774786240537 -7.139694416844664e-05 0.003210707472372151
1139 0.0002636411470755609 -0.0003171496098149641 0.007495016385165741
1140 -0.000193024358272581 -0.000522826989632043 0.007769854335176973
1141 -9.534064201432882e-05 -7.193137381043527e-05 0.007958842279947769
1142 0.004186164165792184 -0.008262434989637555 -4.99999999999997e-05
1143 -0.0002778570191908734 4.204499825606272e-05 0.004132235244863862
1144 -0.0002861191381922584 0.0004905922665913374 0.001098926414399367
1145 0.0001054457278409687 -0.0002312872842742359 0.003684413334080401
1146 0.0001814366918925544 -0.0001773934117626722 -0.003287243888312911
1147 -9.722361223256005e-05 -0.0002533511389714246 -0.007277430534458967
1148 -0.0004662077036726781 -7.999335665817434e-05 -0.0076
1149 -0.000137054039576625 0.0001591496257794123 -0.004799999819762607
1150 0.0002589429644126087 8.111207027985216e-05 -0.002308402878896656
1151 -0.0001126980891372774 -0.0002273620187747765 -0.006275896986595894
1152 0.0002536395623531245 -0.001585889261569654 0.007050288784450078
1153 -0.0002711779722561713 -6.807934333421179e-05 -0.003309129993711741
1154 -0.0001275879518087929 -0.0003455855279327458 0.006455458377825579
1155 0.0002724396035155404 2.622167672717262e-05 0.00172056087215633
1156 0.000253820712320581 1.162529461912088e-05 0.002688515402812739
1157 -0.0001275879518087928 -0.0003455855279327459 0.004944541622174422
1158 0.0002287102576923828 -0.0001136754127643648 0.00619024519749493
1159 0.0002527351000190056 0.0001201492024452291 -0.00423882420086485
1160 -0.0002982760376777557 1.049447440624222e-05 -0.002224776148871724
1161 0.0001687078472643388 -0.0001406664358526714 -0.001278513701090536
1162 0.0002175527033332128 -0.0002617070807863852 -0.00654551419064501
1163 -0.0002173495110771081 -9.421877548432268e-05 0.007201698670340363
1164 4.903130135085845e-05 -0.0004563182907137233 -0.006076376442238091
1165 0.0001990103227609157 -0.001160139394314692 -0.005795970274943542
1166 0.0008196267662236797 -0.002663641153559783 0.006080591336839686
1167 0.002044784751323712 -0.002959129561918588 0.01008371926250655
1168 0.0002285062330882634 0.0001297672077002803 -0.005301634935122502
1169 -0.0002304171497937657 -0.0001889251405404309 0.006664735934889828
1170 0.0002232932060850865 7.216498941077046e-05 -0.000795409278697411
1171 -0.0002072944626062368 -0.0001972254238796589 0.004734203868214534
1172 -0.000979984959992756 -0.0008177703480713981 0.004502696881356861
1173 0.0002090884834409295 -8.006145631802122e-05 0.005193110360939112
1174 0.0002305038259196957 -0.0002772867561160162 0.004959497929354668
1175 -0.0001264446451288853 -0.0003424887602758982 -0.004037557338682829
1176 -0.001023404211003254 -0.0009284744898645661 -0.002050000000000001
1177 -0.0001264443203403641 -0.0003424878805516685 -0.005562444927993886
1178 -0.0001264446451288853 -0.000342488760275898 -0.00456244266131717
1179 -0.0001264442281704443 -0.0003424876308996447 -0.005037555255143412
1180 -0.0002889679304009875 1.723033841356578e-05 0.0052
1181 5.436830760940618e-05 -0.000276394192315531 -0.0057830376275898
1182 0.0002476937190770424 -0.0003326520363973156 0.006944193549888024
1183 -0.0009799849599927551 -0.0008177703480713966 0.006897303118643143
1184 0.0001774742734553453 2.727015027553295e-05 -0.006794729975078204
1185 -0.0002446103872522884 0.0001111929725941141 0.006240200221148793
1186 0.0005508504919897765 9.451662751160033e-05 0.007765657345081501
1187 4.560442711539789e-05 -0.0002947177836414657 -0.0047999994605779
1188 -0.0004757033044972185 -8.162264115402726e-05 0.0017
1189 0.0007512468992588875 -0.003273022290719469 -0.004118700365731713
1190 -0.0001646087498859424 0.00012371788479243 -0.002800766025662257
1191 0.0002356591073705445 -0.0002834883506651194 0.005445226193628036
1192 -0.00223562849216141 -0.002127183607579837 0.004656822387501642
1193 0.0001646448313143684 -0.0001309338510087296 0.00569814085986563
1194 0.0002234870736826302 -0.0002688458876899818 0.00594950092264543
1195 -0.0004064801924378618 -6.97451259428228e-05 0.007495016385165741
1196 -0.000542870853075545 0.0006839703315661129 0.007727105598413077
1197 -0.0003130203925627888 -0.0002807861747448061 0.004411427271776756
1198 0.0002161205572537574 3.730331326650459e-05 0.0007063132442708639
1199 0.0002333441285161384 -0.0002807035249709936 0.006462544247168463
1200 2.047874225230289e-05 -0.0002407252695827059 -0.00379949102875706
1201 -0.0001242329059677717 -0.0003364980296872572 -0.006565664581456561
1202 -8.117702670801754e-05 -0.0002018375808073939 0.004137590878525254
1203 5.834892877726144e-05 -0.000420301704765454 0.003914532889621638
1204 0.0001545921018985642 -0.001151961521785718 0.00377963225257752
1205 -0.0003587660255620091 -0.0002372285160006242 0.003952482310548375
1206 -0.0002871970947897132 5.323922868738464e-05 -0.004232577387437573
1207 0.000104043527593688 0.000296200545472896 0.003624107213931824
1208 -0.0003130203925627878 -0.000280786174744805 0.006988572728223245
1209 -0.008911754062028326 0.001334510861717609 -4.999999999999919e-05
1210 0.0002233804475053748 -0.0002687176207222204 -0.005589554755525339
1211 0.0001462839970962077 -0.000176464671465247 -0.005335279225034774
1212 5.577419271576035e-05 -0.00041720653985113 -0.00351176467877029
1213 0.0003019510090510756 -0.001185333525871055 -0.003605737508164975
1214 -0.000285753635131551 4.904473088689411e-05 -0.005365663688794125
1215 -3.548533024796919e-05 3.890610730504956e-05 -0.007598887946757732
1216 -5.998843055610061e-06 -1.624850399248899e-05 -0.00760104336109205
1217 0.0002173890878871152 -0.0002615102580390065 -0.0060546622858503
1218 0.0001758310308032789 0.00017980814686016 0.005215572666412941
1219 0.0002078900062753672 -2.856163953620398e-05 -0.002800809093709714
1220 0.0003411722514841292 5.853938787335767e-05 -0.002560339869807957
1221 8.875561434814579e-05 0.000251826041373204 -0.002732667424981189
1222 -0.000359826289474009 -6.174010528382584e-05 0.003462442661317171
1223 -0.000195783387006835 -0.0001398872116146216 0.003692507991435321
1224 -3.171402363130334e-05 -0.0002986381405811889 0.007055515448711303
1225 -0.0001176572768080511 -0.000318687239229099 0.007395467215145937
1226 0.0004341286639677527 -0.002961554466917852 0.0084218355054536
1227 0.0003235444344787387 5.551475262664517e-05 -0.0005622810249132394
1228 0.001289432214768306 -0.0005470473192691342 0.003384088920040382
1229 8.143667598920847e-05 0.0002013609105904523 0.002199827085162056
1230 -9.379756383142283e-05 -0.0002519987803027745 -0.003247287572903715
1231 4.803115848374655e-05 1.528691140552372e-05 -0.007598577051923397
1232 0.0002333393998317032 -0.0002806978365553568 0.004437442968448941
1233 0.0009243399921506428 -0.006288586187642555 0.006646522919645276
1234 0.000394747765105588 6.773203985123057e-05 -0.0076
1235 0.001305101212645069 -0.000495057142769486 0.002077627729118067
1236 0.000159829691509062 0.0002835326203967143 -0.003317775549325407
1237 7.472025881384471e-05 0.0002988267053566839 0.004792586330637812
1238 0.0002217849974152369 -0.000266798358956069 -0.004592092087208703
1239 0.0001353758485267165 -0.000178951148540332 -0.004353174224394336
1240 0.0002217849974152368 -0.0002667983589560689 -0.005007907912791298
1241 0.0001314946807735506 -0.0006895834023317004 -0.00554949968649164
1242 -0.001353653842935522 0.0004268938864695575 0.003882491647416119
1243 -0.0003260215192335981 -6.13133171013293e-05 0.001201187916927787
1244 -0.0001601082830582253 -0.0001351975653810999 -0.00480013937586552
1245 -0.0003117697851300343 -8.497307837887516e-05 -0.004560253946555313
1246 -0.0003113117762526585 -8.446092826827095e-05 -0.005040025644288017
1247 -0.001573459863209871 0.00932600291846953 -0.003198979038829198
1248 -0.0001764662623456322 -0.0001160421109819337 -0.005795068119411431
1249 0.0001241684480043421 0.0001606610244498694 0.006696599956648328
1250 5.723056705501274e-05 0.0003132502604193736 0.00610087478498912
1251 -0.0002018551201250469 -0.0001119674809961939 -0.003800478011539893
1252 -0.0008866132907414113 -0.0007401169780130949 0.003757980780138177
1253 0.0001639135222515229 -0.00125417097950044 -0.002549999999920484
1254 -4.76894564698637e-05 -0.0002998601560381185 0.00328877738025254
1255 -0.0001167838564753256 -0.0003163214874279852 0.003504386869611696
1256 0.000207070723770409 -4.108688792950319e-05 -0.004800001981365083
1257 0.0001030875062981037 0.000285074768043262 0.007272290094428624
1258 0.0001833609322373982 0.0004966525731556942 0.007655730746874062
1259 -0.0001176572039043101 -0.0003186870417615688 0.003004532993785332
1260 0.0002333809051938282 -0.0002807477658230345 -0.003037555337549435
1261 5.544971903662715e-05 -0.0003093756861444745 -0.002786720480925786
1262 -0.0001613931743018312 -0.0002870946594654354 -0.002943416953584372
1263 -0.0001201616437243248 -0.0003254705831940117 -0.002592092157306536
1264 -0.0001003331928937582 -0.0002004195446462918 -0.0023619461404412
1265 -0.002846682951645723 -0.002247778851966992 -0.001301001376809604
1266 0.000132451216742346 -0.0006840200241044292 -0.005049998526600768
1267 0.0001581642086505784 -0.001191716306371418 0.004651866449259854
1268 0.0001722654174619794 0.0001217710228700972 0.005700365929351951
1269 -0.0003226436919836175 -0.0002824474055302527 -0.003518148159847057
1270 0.0003239655844979471 5.558701484674107e-05 0.0004625933288434208
1271 0.003080666856510029 -0.001336614581094022 -0.004118700365731715
1272 0.007693395462366606 -0.003131822318353788 -0.002612684218627224
1273 0.0002333816443451189 -0.0002807486549920658 0.003437557338682815
1274 0.0001437636204366032 0.000389399045613353 -0.0076
1275 0.0002785445681017935 0.0001205395913669717 -0.006285877768911141
1276 2.745064452022094e-05 0.0003542638480776517 -0.0063
1277 0.0003449356534516939 5.918512399798171e-05 -0.006558046453896809
1278 -0.0002325864150367305 0.0002797920263790199 -0.005065722805389405
1279 0.007648585119064156 -0.002821516046380842 0.00291477582022895
1280 -0.0001086481498430701 -0.0003313056168980211 -0.0003704974341650582
1281 -0.0008009119330619021 -0.0007024526902446209 -0.0003355353731314364
1282 -7.499999999999999e-05 -0.0003481016850768896 -5.000000000000001e-05
1283 -0.000263074481335314 4.057321171403246e-05 -0.006220328503464797
1284 5.648770684895962e-05 -0.0004353016237233151 -0.007044144534049899
1285 0.002575083112656711 -0.001116186129576239 0.006119904689124917
1286 0.0002493380995636287 -4.985619246648156e-05 -0.0058248187414137
1287 0.0003551833338739185 6.094345263235692e-05 -0.006032872309429554
1288 0.0003795649909397941 -3.311774737849847e-05 -0.005054571760019993
1289 0.006975243957583087 0.007166097101192619 0.002263339689153421
1290 -0.0002982747191750157 -7.044296841779748e-05 -0.002986651976464344
1291 0.0003795671664122045 -3.311678418045205e-05 -0.004545426938442197
1292 0.0001247152638443994 -0.000712938423587122 0.006460566063827906
1293 -0.0002683184649755862 -2.402290823696504e-05 0.002193609743284486
1294 -0.0003598262894740092 -6.174010528382626e-05 -0.002562442661317171
1295 -0.0003597684478147893 -6.173018063341989e-05 0.004937455752831537
1296 0.0002333816443451239 -0.0002807486549920722 -0.001562442661317171
1297 -0.002254439990789437 -0.001968952230331869 0.0084218355054536
1298 0.0001184955013069539 -0.0002116643077482427 0.004160131008772291
1299 0.0001910947157992067 -0.0002298791946010227 0.00391692182658715
1300 0.001142585424868333 -0.0004217789616762727 -0.005835873639928619
1301 -0.0008330877353153422 -0.0009535344553856754 -0.004610101150741146
1302 0.0002333816443451237 -0.0002807486549920722 -0.001037557338682829
1303 0.0003796535827236581 -3.34378395360784e-05 -0.005545384983700046
1304 -0.0001415450157896292 -0.0001687491244754895 -0.006846866030037857
1305 -0.0001668458920520285 0.0001217471768628806 -0.006807522161253786
1306 -0.0002324022745797948 0.0002795705128758504 -0.007036482889494475
1307 -0.0002324022745797947 0.0002795705128758504 -0.006563517110505526
1308 -0.0001050865752213638 -0.0009007549956082688 0.006963377299727937
1309 -0.000358455933440072 -0.0001497203110424004 0.005471860912145385
1310 -0.001403953845818325 0.0004398359270452036 0.006560524693220103
1311 -0.0003131382147252573 -7.117238659067598e-05 0.005922357737380582
1312 0.0001324524935931746 -0.0006840213090544564 -0.00454999999998657
1313 -0.0002325864150367309 0.0002797920263790203 -0.004534277194610595
1314 -0.0003170945077445391 -5.440805429111068e-05 0.00451523602018167
1315 0.0003005036015667729 5.170271393637119e-06 0.003610134361169676
1316 -0.0008242143663939416 -0.0006877938477136753 -0.003013769428443666
1317 -0.001926012821841745 -0.001783042975053931 -0.003306125941767476
1318 0.000125360147695593 -0.000164115001037512 0.003162801841577735
1319 -0.0002724947526968912 -0.008303008638787747 0.00204109101769795
1320 -0.002573557641529099 -0.002490203946673115 -0.005275131298324621
1321 0.0002217843388862609 -0.0002667975667724126 -0.004007906140497468
1322 0.0001301215181617127 -0.0001952758264847359 -0.002262939750419875
1323 0.0001117070676962192 -0.0006818753450784727 0.005949661817254705
1324 0.0002746479167918155 -0.001664817692736395 0.005662165405596368
1325 0.0001084979168638202 -0.0002165683537672365 0.002707593517583758
1326 0.0003943244255866887 -0.0001788152798436389 0.002922172893897935
1327 -0.0001445622400520918 -0.0001405820826222569 0.002741529909006714
1328 8.734511339309382e-05 -0.0002021365095013422 0.00169081409854263
1329 -0.0001628415485714037 -0.0001502950389488842 0.001727599228635525
1330 -0.0003419155211922385 -0.0002857624783035162 0.001968399798950268
1331 -0.0002268556963831155 -0.0002481652370747996 0.001457817519447661
1332 0.0002047900691116207 -0.0003377753742932652 0.00147783539337911
1333 -0.0001171854656002269 -0.0003174092884270916 -0.002106876359785228
1334 0.0002334325998728632 -0.0002808099524257983 0.002437695292588634
1335 9.09187104619555e-05 -0.0001988062039368449 0.002204003672498244
1336 0.0002334325998728635 -0.0002808099524257984 0.001962304707411365
1337 2.252240173965882e-05 -0.0002174381534098911 -0.001769332075671788
1338 0.0001911180839933298 -0.0002195200368539003 -0.001934310812198068
1339 0.001296013530923535 -0.0005502065754862607 -0.002983451957490493
1340 9.699333552673118e-05 0.0002335650726579439 0.001139166129342953
1341 0.0001380209331850148 -0.0003336100118676253 0.002937637064052268
1342 0.0001354966844031793 -0.0009425800978032987 0.002949999999999999
1343 -0.0001735874497237266 0.0001083018093156525 0.006718423491437582
1344 0.0001161997135247829 -0.0007306951655087304 0.004945434206280346
1345 -0.0003597684478147888 -6.173018063341943e-05 0.006462544247168463
1346 -0.0001129144101035948 -0.0003058406806729238 0.002528092882055814
1347 -0.00135460747201595 0.0004324506460913843 0.002517507959936825
1348 -0.0003170945077445383 -5.440805429111066e-05 0.006884763979818332
1349 -0.0001093896998905322 -0.0002962936284432847 -0.005980813274047802
1350 -0.0003367754762431833 -0.0001706728413218985 -0.006098122077368596
1351 9.121792730962964e-05 0.000226146182037318 -0.001743183692608658
1352 0.0002404271142145948 -7.905027332860413e-05 0.00668731668739938
1353 -0.001012947659599675 -0.0007704081502981895 -0.006360704423563747
1354 0.001198123906549094 -0.0004392669542006054 -0.001927999751108389
1355 0.000292199077419702 9.804389241279832e-05 0.004853723482044298
1356 0.0004881704236249663 -0.003127023164010542 0.003520730408699432
1357 0.0002050030969643713 -0.0002466104131859039 -0.003608366764740465
1358 0.0003033147329960292 9.589044164881191e-05 0.007317688753429607
1359 0.0004069202033031516 -2.123102031731176e-05 0.006974002298316708
1360 0.0009462282461217464 -0.0003823172251549634 0.006916571598117471
1361 0.0002067907527646943 5.669231511509892e-05 0.004214254804006641
1362 0.0003513383411085283 6.028371690682749e-05 0.004491233376777902
1363 -0.0003231504014815508 -0.000165284375787349 -0.006493010236003367
1364 -0.0005646451809304718 -0.0004793316141972724 0.004945434206280346
1365 -0.0003598262894740086 -6.1740105283826e-05 0.002937557338682829
1366 0.0001495139805749065 -0.0008643371337559954 -0.004029695706870392
1367 -0.0002438573318125411 0.0002933504822473702 -0.003060506403950347
1368 -0.0002438573318125412 0.0002933504822473702 -0.002539493596049654
1369 -0.0005646451809304725 -0.0004793316141972726 0.006454565793719654
1370 0.0003629361730854188 6.227370871194006e-05 0.005944447611345493
1371 0.0003629361730854187 6.227370871194002e-05 0.005455552388654508
1372 0.0003595344114065147 6.169002394417869e-05 -0.00106317115646035
1373 0.0003142011294206215 7.228534558796072e-06 0.003926167982937835
1374 5.457318612173206e-05 -0.0002588491403770714 0.006729158783881922
1375 0.0001334287376552699 -0.0006899794557808892 -0.006576546111178274
1376 0.0003773206005598876 -0.001523300448599107 -0.006942240631604244
1377 0.0006906829156991883 -0.003480098046950817 -0.006295055904156664
1378 0.001685329238689824 -0.007521531110226264 -0.008498668829171852
1379 0.0008072180472890745 -0.007260656111112629 -0.002512437550897294
1380 9.850528816593654e-05 -0.0006770013330775191 0.005450338182745295
1381 0.0002311670277349628 4.714674384230141e-05 0.003238250884004775
1382 -0.0003550971124363335 -0.0001588673605342041 -0.004060216806782133
1383 -0.0007312561850790217 -0.0006423416631588384 -0.004020610523459815
1384 0.0002432617941520919 -0.0002926340745897012 -0.002533858129468193
1385 0.0001179264648525283 0.0003194163636577381 0.006941171039487225
1386 -0.0005261534756425647 -0.0004567178326249611 -0.002549999999987611
1387 -0.0008091955755614123 -0.0005871490741742236 0.005497647180664053
1388 0.0003568300659719025 6.122600400805668e-05 0.001973853728150423
1389 0.0003263249939138815 -4.626804529826674e-05 0.002397926979917529
1390 8.851100927591879e-05 -0.0006594699332710265 -0.003049998926470233
1391 -0.000113748487413706 0.0001697723179643069 -0.007328893001319631
1392 -0.0003852605191080105 -6.610418890237378e-05 -0.007210262946838973
1393 0.001200833117681692 -0.0005002505138934283 0.0004327024698791441
1394 0.003099108903884356 -0.001261275195123014 0.0009633362392379812
1395 -0.0003994025438250596 -0.0002226242947108878 -0.005560178341048615
1396 -0.0005022112034665006 -0.0004464806670759986 0.003449999999999992
1397 4.135461289709788e-05 -0.0002727999908327355 0.001199999999999999
1398 0.0002117995785683662 -5.069207350448097e-05 0.001208429881186252
1399 0.0002935377139770742 -0.0002801315150809245 -5.000000000000001e-05
1400 -0.001640880821621842 0.009339163337847116 0.003082694844231037
1401 0.006901461268602482 0.005561086765457495 -0.003489567688258859
1402 0.002701558226672818 -0.001049366407563798 -0.006344572794237239
1403 0.0003538645460301762 6.0717170943938e-05 -0.002028705736098917
1404 -0.0004958099047144245 -0.0004437424140631668 -0.003049998926470233
1405 0.0006996158928670995 -0.0002580101555744157 0.005451839496227396
1406 -0.001405415480125126 -0.006409493068616269 0.01030265624111934
1407 -0.006989230985028822 -0.005137283580261178 0.009452882707122655
1408 -0.004825733276151045 -0.004113915795403221 0.006453547731842611
1409 0.0001144757833600315 -0.0007117561016896888 0.004449904111305583
1410 0.00015495298341889 0.0004197066244924284 -0.0003984298387944848
1411 -0.0001799489117671155 0.0002504642425797825 -0.003444100763148123
1412 0.001203932608933141 0.0009814673680929114 -0.003812503725733895
1413 -0.0001667534646400432 0.0002005976564452053 0.0027
1414 9.159723131475756e-05 -0.0006657109178730454 0.003449999999999992
1415 -0.0006242389046073601 -0.0005067021717696902 0.006025817109722703
1416 -0.0001174825827944117 0.0003050052039792897 0.005228340651264608
1417 -0.0001053832118197915 -0.0002854416296812218 0.00451815760773929
1418 -4.451766374692839e-05 -0.000263832082649521 0.004328831097186792
1419 0.000258268237494267 0.0004402737424859668 0.000284262584539677
1420 -0.006562586228008047 -0.004251694092499693 -0.01037877211199871
1421 1.429350535559387e-05 -0.002332355353581987 -0.005332532450386954
1422 9.348277649434965e-05 -0.0006854835472934616 -0.002549999999987611
1423 0.0002079593142241432 -2.579996220841239e-05 -5.421185939008445e-05
1424 -0.0001433333333333331 -2.944444444444445e-05 -5.00000000000001e-05
1425 0.0001099758546804596 -0.0002535259942208882 -0.0006728716878196603
1426 0.0001182493802937268 0.0003202910144507176 0.006458233411974609
1427 -1.685362146159919e-06 1.933888006617826e-05 -0.007614732235424162
1428 0.0006341267011581327 -0.0002488491117639522 -0.006044907909996849
1429 -0.0001057586002101048 -0.0002864584090338727 -0.003624590016192754
1430 0.0001373972246685637 0.0003721549860345612 0.001922919350799
1431 0.000113018648597131 0.0002087800806450733 0.001675037411369276
1432 -0.0002844006096393815 0.0002345967965178542 0.001661126590958496
1433 0.000111978413257299 0.00030330543373397 0.00143020110524645
1434 0.0001373972246685637 0.0003721549860345612 0.002477080649200999
1435 9.105794677604608e-05 0.0003034904915297154 0.002807520286286278
1436 -0.0001107235208589603 0.0001928044648720883 0.005688311109281694
1437 0.0002875441798031637 0.0002981753649219682 0.003434008642131824
1438 0.0009028740371107486 0.0007010303728226712 0.003362175647734016
1439 -0.000182406802657008 0.000257407391008305 0.00725226676997956
1440 0.0003598254017701436 6.173995296885706e-05 0.0009624448383433682
1441 -7.175457192076745e-05 0.0001619386832013408 -0.006315570445286925
1442 -6.648434564887673e-05 -0.0001982278372215262 -0.001332736249243792
1443 -0.0002080777224282582 -0.0002193091569748885 -0.001586214351555484
1444 -0.0005705887472274315 -0.001098060608452002 0.01253939365227022
1445 0.0003779055227321802 6.484219592440163e-05 0.006348212818578466
1446 0.0002425342706097393 6.418051023487209e-05 -0.001371688116004231
1447 0.0003342669660497799 0.0002683333591121964 -0.001585706872188663
1448 -0.000121145541752799 -0.0002342265662109982 0.002099213491552023
1449 0.0003759776357449091 6.451140312506636e-05 -0.003060506403950347
1450 0.0003284313103601873 5.635325787280369e-05 0.003002198084638235
1451 0.0003544822015806876 6.082315018957207e-05 0.00142817265342505
1452 -8.130169762140114e-06 -0.0003538019977363597 0.001871010338003861
1453 -3.900097935661807e-05 0.000230257707861813 0.004198743573332792
1454 0.0001185688073647254 0.0003211562166222555 0.003960761867195642
1455 0.0001185709674678142 0.0003211620674910546 0.004439242254488604
1456 -0.0009091981156535081 -0.0007590549444520277 0.002709296369371576
1457 -0.001543703966329266 -0.001839871842867593 0.003288923531141599
1458 0.0008145044786669645 -0.0003631407644357515 -0.005049995558815505
1459 0.0004078623375105305 -0.0001206864109962501 -0.007023034801102293
1460 0.004240548567929658 -0.004453037571313431 -4.999999999999926e-05
$EndNodes
$Elements
7838
1 4 2 1 1 7 9 16 14
2 4 2 1 1 10 8 17 14
3 4 2 1 1 9 1 16 15
4 4 2 1 1 5 7 16 13
5 4 2 1 1 3 16 2 11
6 4 2 1 1 3 16 12 2
7 4 2 1 1 8 6 17 13
8 4 2 1 1 4 10 17 15
9 4 2 1 1 16 3 12 17
10 4 2 1 1 3 16 11 17
11 4 2 1 1 15 17 11 16
12 4 2 1 1 16 13 17 12
13 4 2 1 1 14 17 15 16
14 4 2 1 1 13 17 14 16
15 4 2 1 1 16 5 13 12
16 4 2 1 1 16 1 11 15
17 4 2 1 1 1 2 16 11
18 4 2 1 1 2 5 16 12
19 4 2 1 1 17 10 14 15
20 4 2 1 1 17 14 8 13
21 4 2 1 1 13 14 7 16
22 4 2 1 1 15 9 14 16
23 4 2 1 1 17 4 15 11
24 4 2 1 1 17 6 12 13
25 4 2 1 1 3 4 17 11
26 4 2 1 1 6 3 17 12
27 4 2 1 1 10 9 14 15
28 4 2 1 1 7 8 14 13
29 4 2 1 1 1 4 11 15
30 4 2 1 1 13 5 6 12
31 4 2 2 2 692 691 111 1328
32 4 2 2 2 682 683 99 1328
33 4 2 2 2 376 1099 382 1381
34 4 2 2 2 629 625 104 1337
35 4 2 2 2 234 521 513 1391
36 4 2 2 2 1171 1295 401 1314
37 4 2 2 2 104 627 629 1337
38 4 2 2 2 279 1097 278 1162
39 4 2 2 2 947 1259 949 1365
40 4 2 2 2 666 660 71 1198
41 4 2 2 2 356 1045 357 1198
42 4 2 2 2 351 1045 350 1198
43 4 2 2 2 75 664 665 1198
44 4 2 2 2 669 676 83 1198
45 4 2 2 2 319 1190 1290 1294
46 4 2 2 2 87 674 673 1198
47 4 2 2 2 589 586 151 1123
48 4 2 2 2 589 152 591 1123
49 4 2 2 2 339 1024 337 1442
50 4 2 2 2 231 778 779 1124
51 4 2 2 2 323 325 1032 1160
52 4 2 2 2 126 604 612 1153
53 4 2 2 2 138 602 595 1153
54 4 2 2 2 569 568 175 1125
55 4 2 2 2 187 559 560 1125
56 4 2 2 2 192 749 754 1436
57 4 2 2 2 424 425 1163 1439
58 4 2 2 2 176 572 569 1125
59 4 2 2 2 218 771 769 1117
60 4 2 2 2 761 763 206 1117
61 4 2 2 2 240 784 789 1163
62 4 2 2 2 753 752 194 1118
63 4 2 2 2 182 743 744 1118
64 4 2 2 2 784 241 790 1163
65 4 2 2 2 114 619 614 1160
66 4 2 2 2 914 956 1194 1370
67 4 2 2 2 93 636 639 1161
68 4 2 2 2 80 643 647 1161
69 4 2 2 2 400 406 1218 1416
70 4 2 2 2 1343 1348 425 1439
71 4 2 2 2 292 1003 298 1159
72 4 2 2 2 763 761 206 1193
73 4 2 2 2 780 775 228 1163
74 4 2 2 2 652 64 657 1170
75 4 2 2 2 652 658 69 1170
76 4 2 2 2 626 625 105 1322
77 4 2 2 2 305 1028 1153 1411
78 4 2 2 2 319 1290 1262 1294
79 4 2 2 2 971 973 893 975
80 4 2 2 2 648 76 644 1170
81 4 2 2 2 573 172 576 1168
82 4 2 2 2 155 725 727 1361
83 4 2 2 2 307 1153 305 1269
84 4 2 2 2 373 965 371 1293
85 4 2 2 2 280 1004 286 1168
86 4 2 2 2 337 1026 339 1425
87 4 2 2 2 384 1381 382 1437
88 4 2 2 2 402 1218 404 1355
89 4 2 2 2 717 143 719 1381
90 4 2 2 2 389 1143 964 1205
91 4 2 2 2 79 645 640 1442
92 4 2 2 2 732 733 171 1137
93 4 2 2 2 183 742 741 1137
94 4 2 2 2 391 393 1202 1203
95 4 2 2 2 974 995 1021 1395
96 4 2 2 2 107 686 693 1431
97 4 2 2 2 557 551 208 1441
98 4 2 2 2 28 349 29 901
99 4 2 2 2 26 345 30 1280
100 4 2 2 2 971 972 852 973
101 4 2 2 2 30 345 1129 1280
102 4 2 2 2 302 300 1030 1159
103 4 2 2 2 988 989 1111 1459
104 4 2 2 2 1079 1162 990 1277
105 4 2 2 2 374 1335 1388 1389
106 4 2 2 2 748 755 191 1218
107 4 2 2 2 179 746 739 1218
108 4 2 2 2 391 393 1203 1223
109 4 2 2 2 269 1061 268 1062
110 4 2 2 2 265 1284 267 1304
111 4 2 2 2 703 704 132 1138
112 4 2 2 2 707 133 704 1138
113 4 2 2 2 310 1236 304 1411
114 4 2 2 2 93 639 634 1446
115 4 2 2 2 312 314 1146 1449
116 4 2 2 2 384 1207 390 1315
117 4 2 2 2 638 88 634 1446
118 4 2 2 2 152 589 591 1200
119 4 2 2 2 597 140 600 1200
120 4 2 2 2 880 881 936 937
121 4 2 2 2 566 186 559 1248
122 4 2 2 2 532 538 222 1391
123 4 2 2 2 269 1065 1283 1350
124 4 2 2 2 308 302 1030 1357
125 4 2 2 2 547 541 198 1248
126 4 2 2 2 128 608 609 1261
127 4 2 2 2 150 593 586 1251
128 4 2 2 2 138 595 602 1251
129 4 2 2 2 592 591 153 1239
130 4 2 2 2 159 725 724 1145
131 4 2 2 2 716 717 147 1145
132 4 2 2 2 158 724 723 1145
133 4 2 2 2 716 146 715 1145
134 4 2 2 2 775 1169 425 1343
135 4 2 2 2 419 1169 766 1343
136 4 2 2 2 391 1205 389 1223
137 4 2 2 2 517 521 234 1391
138 4 2 2 2 818 1072 1265 1320
139 4 2 2 2 404 1173 1174 1355
140 4 2 2 2 771 218 769 1374
141 4 2 2 2 845 1213 891 1253
142 4 2 2 2 265 263 1391 1392
143 4 2 2 2 139 595 597 1153
144 4 2 2 2 331 1032 325 1443
145 4 2 2 2 753 750 194 1193
146 4 2 2 2 979 1062 978 1063
147 4 2 2 2 295 297 1178 1187
148 4 2 2 2 119 702 697 1229
149 4 2 2 2 289 1179 291 1187
150 4 2 2 2 403 405 1157 1171
151 4 2 2 2 160 585 582 1256
152 4 2 2 2 172 573 576 1256
153 4 2 2 2 218 771 768 1374
154 4 2 2 2 269 1062 268 1441
155 4 2 2 2 644 643 81 1161
156 4 2 2 2 217 769 766 1117
157 4 2 2 2 756 761 205 1117
158 4 2 2 2 844 850 820 851
159 4 2 2 2 747 193 752 1118
160 4 2 2 2 738 743 181 1118
161 4 2 2 2 723 720 157 1223
162 4 2 2 2 715 145 712 1223
163 4 2 2 2 373 375 1327 1346
164 4 2 2 2 663 666 71 1198
165 4 2 2 2 947 949 948 1365
166 4 2 2 2 1296 1337 332 1338
167 4 2 2 2 290 291 1211 1240
168 4 2 2 2 196 545 548 1286
169 4 2 2 2 674 87 670 1198
170 4 2 2 2 107 689 693 1229
171 4 2 2 2 75 665 663 1198
172 4 2 2 2 670 83 676 1198
173 4 2 2 2 684 678 95 1431
174 4 2 2 2 820 851 850 1040
175 4 2 2 2 374 1388 1229 1389
176 4 2 2 2 225 537 540 1184
177 4 2 2 2 555 213 558 1184
178 4 2 2 2 251 245 250 1120
179 4 2 2 2 245 244 250 1120
180 4 2 2 2 307 305 1251 1269
181 4 2 2 2 421 1154 423 1169
182 4 2 2 2 420 422 1158 1445
183 4 2 2 2 335 1068 329 1442
184 4 2 2 2 989 988 1111 1284
185 4 2 2 2 564 184 562 1168
186 4 2 2 2 694 700 118 1229
187 4 2 2 2 643 644 81 1170
188 4 2 2 2 821 831 840 1402
189 4 2 2 2 551 557 208 1184
190 4 2 2 2 533 220 539 1184
191 4 2 2 2 154 728 721 1453
192 4 2 2 2 135 708 709 1318
193 4 2 2 2 209 554 551 1305
194 4 2 2 2 221 533 536 1305
195 4 2 2 2 779 227 781 1249
196 4 2 2 2 767 1249 418 1343
197 4 2 2 2 698 699 122 1325
198 4 2 2 2 768 770 219 1352
199 4 2 2 2 421 1117 423 1154
200 4 2 2 2 493 492 494 1444
201 4 2 2 2 294 1092 1159 1291
202 4 2 2 2 914 930 1075 1199
203 4 2 2 2 687 686 106 1431
204 4 2 2 2 280 286 1004 1278
205 4 2 2 2 801 847 816 1394
206 4 2 2 2 254 248 249 1121
207 4 2 2 2 249 255 254 1121
208 4 2 2 2 1271 1272 821 1402
209 4 2 2 2 403 405 1118 1157
210 4 2 2 2 773 215 770 1249
211 4 2 2 2 733 167 737 1361
212 4 2 2 2 334 329 335 1069
213 4 2 2 2 329 334 328 1069
214 4 2 2 2 763 206 759 1193
215 4 2 2 2 231 779 778 1352
216 4 2 2 2 264 1082 246 1391
217 4 2 2 2 952 960 874 1053
218 4 2 2 2 378 1099 376 1381
219 4 2 2 2 288 1168 1092 1288
220 4 2 2 2 265 1147 1304 1392
221 4 2 2 2 26 27 343 898
222 4 2 2 2 298 1003 292 1313
223 4 2 2 2 184 564 562 1286
224 4 2 2 2 619 114 614 1190
225 4 2 2 2 126 612 604 1190
226 4 2 2 2 147 717 716 1381
227 4 2 2 2 414 1250 420 1445
228 4 2 2 2 850 840 989 1376
229 4 2 2 2 893 971 852 973
230 4 2 2 2 1063 1064 1062 1307
231 4 2 2 2 1161 1302 339 1442
232 4 2 2 2 279 1097 1201 1304
233 4 2 2 2 122 699 698 1335
234 4 2 2 2 110 690 691 1335
235 4 2 2 2 245 244 1120 1391
236 4 2 2 2 556 210 550 1305
237 4 2 2 2 538 532 222 1305
238 4 2 2 2 271 1151 273 1349
239 4 2 2 2 710 705 130 1413
240 4 2 2 2 696 700 118 1413
241 4 2 2 2 552 550 211 1304
242 4 2 2 2 534 223 532 1304
243 4 2 2 2 355 361 1243 1397
244 4 2 2 2 816 847 801 848
245 4 2 2 2 397 399 1171 1417
246 4 2 2 2 383 389 1108 1223
247 4 2 2 2 411 1110 409 1133
248 4 2 2 2 344 1113 345 1425
249 4 2 2 2 269 1065 1061 1283
250 4 2 2 2 875 870 959 1043
251 4 2 2 2 275 1283 550 1441
252 4 2 2 2 382 1107 376 1138
253 4 2 2 2 999 1022 1000 1321
254 4 2 2 2 418 1076 419 1343
255 4 2 2 2 92 636 635 1337
256 4 2 2 2 391 1143 389 1205
257 4 2 2 2 835 881 880 882
258 4 2 2 2 903 1038 850 1039
259 4 2 2 2 426 1257 432 1358
260 4 2 2 2 395 401 1122 1314
261 4 2 2 2 324 1115 322 1351
262 4 2 2 2 618 117 621 1219
263 4 2 2 2 609 610 129 1219
264 4 2 2 2 611 605 124 1219
265 4 2 2 2 233 515 517 1391
266 4 2 2 2 764 203 757 1268
267 4 2 2 2 755 748 191 1268
268 4 2 2 2 411 1110 1133 1193
269 4 2 2 2 750 751 195 1193
270 4 2 2 2 269 1061 1062 1283
271 4 2 2 2 282 1096 1168 1303
272 4 2 2 2 189 567 563 1286
273 4 2 2 2 395 397 1171 1314
274 4 2 2 2 425 1348 1163 1439
275 4 2 2 2 704 133 707 1327
276 4 2 2 2 1023 1024 905 1025
277 4 2 2 2 546 549 201 1286
278 4 2 2 2 398 1232 399 1298
279 4 2 2 2 415 417 1117 1132
280 4 2 2 2 613 316 318 1221
281 4 2 2 2 554 210 556 1305
282 4 2 2 2 536 538 222 1305
283 4 2 2 2 265 1147 1284 1304
284 4 2 2 2 411 409 1118 1133
285 4 2 2 2 538 536 222 1391
286 4 2 2 2 294 1003 292 1159
287 4 2 2 2 385 387 1223 1255
288 4 2 2 2 351 350 1074 1130
289 4 2 2 2 858 1183 910 1387
290 4 2 2 2 634 88 638 1351
291 4 2 2 2 291 1125 1211 1240
292 4 2 2 2 430 1257 424 1439
293 4 2 2 2 722 728 154 1453
294 4 2 2 2 847 838 877 1354
295 4 2 2 2 832 848 803 897
296 4 2 2 2 678 679 94 1431
297 4 2 2 2 1335 1336 368 1388
298 4 2 2 2 374 1334 1335 1389
299 4 2 2 2 815 866 834 926
300 4 2 2 2 544 198 547 1441
301 4 2 2 2 853 893 852 973
302 4 2 2 2 630 100 626 1351
303 4 2 2 2 429 1182 1224 1374
304 4 2 2 2 307 309 1230 1429
305 4 2 2 2 875 954 1043 1452
306 4 2 2 2 1137 1157 405 1171
307 4 2 2 2 411 1118 1173 1191
308 4 2 2 2 863 1139 922 1186
309 4 2 2 2 302 303 1239 1321
310 4 2 2 2 1031 1290 1009 1367
311 4 2 2 2 282 270 1096 1286
312 4 2 2 2 553 208 196 557
313 4 2 2 2 545 201 549 1286
314 4 2 2 2 1119 1164 1151 1201
315 4 2 2 2 291 1179 1125 1240
316 4 2 2 2 807 1072 813 1420
317 4 2 2 2 772 766 216 1343
318 4 2 2 2 228 775 780 1343
319 4 2 2 2 253 524 514 255
320 4 2 2 2 700 696 118 1229
321 4 2 2 2 1023 1025 905 1033
322 4 2 2 2 557 553 208 1184
323 4 2 2 2 539 220 535 1184
324 4 2 2 2 174 561 186 575
325 4 2 2 2 858 909 1183 1387
326 4 2 2 2 696 702 119 1229
327 4 2 2 2 301 1123 303 1175
328 4 2 2 2 635 91 631 1442
329 4 2 2 2 92 635 636 1442
330 4 2 2 2 351 1074 32 1130
331 4 2 2 2 535 225 540 1184
332 4 2 2 2 553 558 213 1184
333 4 2 2 2 707 708 134 1318
334 4 2 2 2 865 866 809 928
335 4 2 2 2 562 567 189 1286
336 4 2 2 2 913 1132 1117 1194
337 4 2 2 2 340 334 335 986
338 4 2 2 2 335 341 340 986
339 4 2 2 2 295 297 1123 1178
340 4 2 2 2 759 207 760 1193
341 4 2 2 2 863 1139 923 1152
342 4 2 2 2 279 278 1119 1162
343 4 2 2 2 245 251 250 1215
344 4 2 2 2 250 244 245 1215
345 4 2 2 2 540 225 535 237
346 4 2 2 2 153 588 141 592
347 4 2 2 2 150 593 590 162
348 4 2 2 2 749 192 754 180
349 4 2 2 2 283 285 1125 1177
350 4 2 2 2 204 762 192 747
351 4 2 2 2 593 150 577 162
352 4 2 2 2 613 100 112 630
353 4 2 2 2 622 90 102 637
354 4 2 2 2 686 107 693 1229
355 4 2 2 2 289 1125 291 1179
356 4 2 2 2 277 279 1201 1304
357 4 2 2 2 851 979 1063 1066
358 4 2 2 2 171 733 732 1361
359 4 2 2 2 855 886 842 889
360 4 2 2 2 714 156 726 144
361 4 2 2 2 537 225 540 237
362 4 2 2 2 760 203 764 1268
363 4 2 2 2 755 191 751 1268
364 4 2 2 2 321 319 1261 1263
365 4 2 2 2 143 719 713 155
366 4 2 2 2 779 227 239 781
367 4 2 2 2 767 772 216 1343
368 4 2 2 2 776 228 780 1343
369 4 2 2 2 836 1265 813 1320
370 4 2 2 2 344 345 1113 1129
371 4 2 2 2 1081 1111 989 1459
372 4 2 2 2 419 1076 1185 1345
373 4 2 2 2 305 304 1059 1411
374 4 2 2 2 28 351 349 1126
375 4 2 2 2 807 1072 818 1320
376 4 2 2 2 774 781 227 1249
377 4 2 2 2 313 315 1261 1262
378 4 2 2 2 765 215 773 1249
379 4 2 2 2 288 1092 286 1149
380 4 2 2 2 294 292 1092 1149
381 4 2 2 2 567 189 563 1211
382 4 2 2 2 812 1407 1072 1408
383 4 2 2 2 909 1183 864 1192
384 4 2 2 2 273 1119 272 1217
385 4 2 2 2 905 1025 1024 1026
386 4 2 2 2 195 751 750 1173
387 4 2 2 2 183 741 742 1173
388 4 2 2 2 308 309 1200 1357
389 4 2 2 2 833 854 1040 1083
390 4 2 2 2 615 114 619 1190
391 4 2 2 2 607 612 126 1190
392 4 2 2 2 1190 1221 310 1367
393 4 2 2 2 516 535 232 237
394 4 2 2 2 141 588 136 599
395 4 2 2 2 172 571 173 580
396 4 2 2 2 861 909 933 934
397 4 2 2 2 427 425 1169 1348
398 4 2 2 2 322 1017 316 1368
399 4 2 2 2 858 1183 909 1192
400 4 2 2 2 347 352 346 1067
401 4 2 2 2 352 347 353 1067
402 4 2 2 2 389 1108 964 1143
403 4 2 2 2 99 683 682 1398
404 4 2 2 2 890 893 853 973
405 4 2 2 2 423 1154 1117 1199
406 4 2 2 2 115 614 616 1264
407 4 2 2 2 616 618 116 1264
408 4 2 2 2 383 1222 385 1223
409 4 2 2 2 1117 1154 913 1199
410 4 2 2 2 1014 1294 1031 1368
411 4 2 2 2 832 852 837 853
412 4 2 2 2 87 673 674 1398
413 4 2 2 2 949 965 948 1365
414 4 2 2 2 279 1162 1119 1201
415 4 2 2 2 411 1191 410 1193
416 4 2 2 2 1063 1066 1064 1307
417 4 2 2 2 321 1261 320 1384
418 4 2 2 2 590 579 161 162
419 4 2 2 2 154 156 721 714
420 4 2 2 2 154 713 722 155
421 4 2 2 2 405 1173 1118 1174
422 4 2 2 2 137 149 590 596
423 4 2 2 2 671 82 70 660
424 4 2 2 2 651 65 77 641
425 4 2 2 2 238 226 776 783
426 4 2 2 2 984 1115 1050 1447
427 4 2 2 2 279 1119 1151 1201
428 4 2 2 2 337 1068 335 1442
429 4 2 2 2 703 710 130 1413
430 4 2 2 2 700 694 118 1413
431 4 2 2 2 797 808 500 1247
432 4 2 2 2 166 168 740 731
433 4 2 2 2 758 204 202 767
434 4 2 2 2 70 72 671 662
435 4 2 2 2 749 740 178 180
436 4 2 2 2 651 77 78 642
437 4 2 2 2 850 851 844 1353
438 4 2 2 2 303 1175 1123 1321
439 4 2 2 2 184 542 185 564
440 4 2 2 2 990 1079 988 1162
441 4 2 2 2 99 680 683 1398
442 4 2 2 2 1175 1200 1022 1321
443 4 2 2 2 77 76 632 641
444 4 2 2 2 974 996 995 1395
445 4 2 2 2 247 513 522 245
446 4 2 2 2 244 246 515 523
447 4 2 2 2 254 518 527 255
448 4 2 2 2 197 544 542 1441
449 4 2 2 2 423 1117 1158 1199
450 4 2 2 2 1117 1132 913 1311
451 4 2 2 2 674 670 87 1398
452 4 2 2 2 1007 1269 1006 1383
453 4 2 2 2 500 809 797 1400
454 4 2 2 2 932 1133 1118 1309
455 4 2 2 2 905 1025 1026 1034
456 4 2 2 2 411 1133 1118 1191
457 4 2 2 2 112 620 617 1219
458 4 2 2 2 816 847 1271 1394
459 4 2 2 2 303 302 1200 1321
460 4 2 2 2 1025 1033 1023 1296
461 4 2 2 2 395 1143 397 1314
462 4 2 2 2 1008 1260 1027 1449
463 4 2 2 2 403 401 1171 1295
464 4 2 2 2 435 1140 433 1225
465 4 2 2 2 950 1043 954 1334
466 4 2 2 2 303 1123 1239 1321
467 4 2 2 2 621 117 617 1219
468 4 2 2 2 611 124 606 1219
469 4 2 2 2 610 606 129 1219
470 4 2 2 2 536 533 221 1391
471 4 2 2 2 825 1166 835 1356
472 4 2 2 2 315 1260 314 1261
473 4 2 2 2 251 245 522 1215
474 4 2 2 2 876 958 875 959
475 4 2 2 2 1033 1025 1050 1296
476 4 2 2 2 874 1053 960 1235
477 4 2 2 2 1023 1033 905 1253
478 4 2 2 2 797 829 802 857
479 4 2 2 2 849 1189 845 1253
480 4 2 2 2 411 1133 1191 1193
481 4 2 2 2 923 1124 1182 1224
482 4 2 2 2 265 1147 267 1284
483 4 2 2 2 277 279 1151 1201
484 4 2 2 2 832 837 833 853
485 4 2 2 2 422 420 1352 1445
486 4 2 2 2 1024 1296 1023 1443
487 4 2 2 2 822 835 825 1285
488 4 2 2 2 978 1062 1061 1063
489 4 2 2 2 998 1291 999 1458
490 4 2 2 2 279 1097 1162 1201
491 4 2 2 2 327 325 1264 1333
492 4 2 2 2 271 273 1248 1349
493 4 2 2 2 875 1043 959 1452
494 4 2 2 2 797 808 832 1209
495 4 2 2 2 386 384 1315 1381
496 4 2 2 2 922 1141 1140 1195
497 4 2 2 2 861 909 918 1310
498 4 2 2 2 435 433 1224 1225
499 4 2 2 2 936 957 937 1174
500 4 2 2 2 1033 1015 1338 1403
501 4 2 2 2 875 959 958 1452
502 4 2 2 2 678 684 95 1340
503 4 2 2 2 83 676 669 1340
504 4 2 2 2 106 686 687 1229
505 4 2 2 2 837 854 851 1040
506 4 2 2 2 569 175 568 1244
507 4 2 2 2 577 163 578 1244
508 4 2 2 2 410 411 1173 1191
509 4 2 2 2 994 993 1210 1303
510 4 2 2 2 100 630 623 1351
511 4 2 2 2 638 88 632 1351
512 4 2 2 2 417 1117 1132 1194
513 4 2 2 2 52 68 31 27
514 4 2 2 2 1062 1063 979 1064
515 4 2 2 2 797 830 829 857
516 4 2 2 2 308 1146 309 1357
517 4 2 2 2 32 351 28 1126
518 4 2 2 2 1014 1023 1012 1333
519 4 2 2 2 798 1272 476 1279
520 4 2 2 2 1012 1023 1014 1386
521 4 2 2 2 801 877 847 1394
522 4 2 2 2 880 882 881 937
523 4 2 2 2 892 893 836 897
524 4 2 2 2 373 965 1293 1346
525 4 2 2 2 731 729 166 1453
526 4 2 2 2 214 765 767 1249
527 4 2 2 2 405 1118 1157 1174
528 4 2 2 2 1016 1027 1015 1384
529 4 2 2 2 847 877 838 1394
530 4 2 2 2 1021 1065 974 1395
531 4 2 2 2 860 873 846 876
532 4 2 2 2 978 890 1004 1096
533 4 2 2 2 995 1177 1021 1395
534 4 2 2 2 190 748 749 1436
535 4 2 2 2 323 1131 329 1351
536 4 2 2 2 1118 1157 932 1295
537 4 2 2 2 988 1300 992 1428
538 4 2 2 2 805 1189 821 1377
539 4 2 2 2 973 996 978 1060
540 4 2 2 2 251 522 529 1215
541 4 2 2 2 991 1201 1089 1363
542 4 2 2 2 1024 1025 1023 1296
543 4 2 2 2 125 605 607 1190
544 4 2 2 2 268 1061 280 1096
545 4 2 2 2 419 421 1169 1345
546 4 2 2 2 937 968 936 1232
547 4 2 2 2 402 1237 1218 1355
548 4 2 2 2 932 1157 1118 1174
549 4 2 2 2 990 1162 1119 1277
550 4 2 2 2 413 1088 412 1436
551 4 2 2 2 417 1158 1117 1194
552 4 2 2 2 325 1032 1160 1333
553 4 2 2 2 495 492 493 1444
554 4 2 2 2 1079 1097 988 1162
555 4 2 2 2 328 1116 334 1446
556 4 2 2 2 979 1064 1063 1066
557 4 2 2 2 860 868 846 1265
558 4 2 2 2 846 868 860 876
559 4 2 2 2 797 809 469 1209
560 4 2 2 2 935 1137 1157 1174
561 4 2 2 2 415 1132 1117 1311
562 4 2 2 2 582 581 165 1256
563 4 2 2 2 572 573 177 1256
564 4 2 2 2 412 1088 1250 1436
565 4 2 2 2 842 855 889 890
566 4 2 2 2 1118 1133 409 1309
567 4 2 2 2 913 1154 1117 1345
568 4 2 2 2 974 979 978 1063
569 4 2 2 2 151 586 589 1251
570 4 2 2 2 595 139 597 1251
571 4 2 2 2 187 560 559 1248
572 4 2 2 2 541 543 199 1248
573 4 2 2 2 403 1157 1118 1295
574 4 2 2 2 329 1068 331 1442
575 4 2 2 2 1049 1050 1025 1296
576 4 2 2 2 346 1102 352 1198
577 4 2 2 2 1072 1407 806 1408
578 4 2 2 2 957 1070 937 1174
579 4 2 2 2 1249 1352 420 1445
580 4 2 2 2 1039 1103 1064 1306
581 4 2 2 2 681 97 677 1329
582 4 2 2 2 47 48 49 650
583 4 2 2 2 907 905 1034 1035
584 4 2 2 2 823 847 838 1394
585 4 2 2 2 58 57 59 660
586 4 2 2 2 823 1271 847 1394
587 4 2 2 2 890 975 1003 1093
588 4 2 2 2 662 60 56 59
589 4 2 2 2 423 1158 422 1199
590 4 2 2 2 405 404 1173 1174
591 4 2 2 2 469 808 797 1209
592 4 2 2 2 651 50 49 44
593 4 2 2 2 338 339 1302 1425
594 4 2 2 2 1145 1223 387 1255
595 4 2 2 2 244 523 515 1215
596 4 2 2 2 944 1042 943 1273
597 4 2 2 2 690 688 109 1329
598 4 2 2 2 1137 1171 399 1417
599 4 2 2 2 351 350 1045 1074
600 4 2 2 2 810 825 804 1167
601 4 2 2 2 890 889 1004 1096
602 4 2 2 2 1060 1214 280 1278
603 4 2 2 2 417 1132 1193 1194
604 4 2 2 2 935 1172 938 1409
605 4 2 2 2 991 1021 888 1165
606 4 2 2 2 777 230 778 1374
607 4 2 2 2 1026 1034 1025 1302
608 4 2 2 2 382 383 1107 1138
609 4 2 2 2 376 1107 377 1138
610 4 2 2 2 944 1054 1042 1273
611 4 2 2 2 165 581 582 1239
612 4 2 2 2 914 1194 1158 1370
613 4 2 2 2 386 1273 387 1318
614 4 2 2 2 267 1284 1097 1304
615 4 2 2 2 882 883 871 1438
616 4 2 2 2 889 886 992 1005
617 4 2 2 2 868 899 876 1281
618 4 2 2 2 937 1055 968 1232
619 4 2 2 2 996 1057 1246 1278
620 4 2 2 2 262 1082 264 1391
621 4 2 2 2 922 1141 1195 1196
622 4 2 2 2 1057 1002 1245 1313
623 4 2 2 2 302 1159 1030 1321
624 4 2 2 2 578 581 164 1239
625 4 2 2 2 1117 1154 421 1345
626 4 2 2 2 802 797 832 836
627 4 2 2 2 968 943 1299 1373
628 4 2 2 2 1000 1022 999 1109
629 4 2 2 2 302 1239 1159 1321
630 4 2 2 2 890 1019 975 1093
631 4 2 2 2 298 1059 304 1093
632 4 2 2 2 821 1136 491 1378
633 4 2 2 2 1025 1034 905 1035
634 4 2 2 2 405 1137 404 1174
635 4 2 2 2 679 678 94 1340
636 4 2 2 2 669 671 82 1340
637 4 2 2 2 974 978 973 996
638 4 2 2 2 416 1158 417 1194
639 4 2 2 2 1055 1232 937 1362
640 4 2 2 2 921 1183 920 1308
641 4 2 2 2 884 895 865 918
642 4 2 2 2 826 865 809 928
643 4 2 2 2 427 1163 425 1348
644 4 2 2 2 943 968 944 1373
645 4 2 2 2 624 101 623 1351
646 4 2 2 2 401 400 1122 1416
647 4 2 2 2 888 974 995 1021
648 4 2 2 2 554 274 275 1441
649 4 2 2 2 813 1265 1072 1320
650 4 2 2 2 917 1076 987 1345
651 4 2 2 2 978 1005 890 1096
652 4 2 2 2 662 70 59 660
653 4 2 2 2 651 49 65 650
654 4 2 2 2 915 956 914 1370
655 4 2 2 2 337 1024 339 1026
656 4 2 2 2 978 979 853 980
657 4 2 2 2 383 1138 385 1222
658 4 2 2 2 1125 1179 994 1240
659 4 2 2 2 1033 1050 1016 1403
660 4 2 2 2 973 1057 996 1060
661 4 2 2 2 305 1153 1028 1269
662 4 2 2 2 1001 1123 1178 1245
663 4 2 2 2 805 821 491 1378
664 4 2 2 2 401 1180 1122 1295
665 4 2 2 2 274 1100 276 1184
666 4 2 2 2 262 264 1100 1184
667 4 2 2 2 275 1307 1305 1363
668 4 2 2 2 400 394 1122 1237
669 4 2 2 2 405 1157 1137 1174
670 4 2 2 2 419 1343 1076 1345
671 4 2 2 2 416 417 1193 1194
672 4 2 2 2 1327 1365 377 1413
673 4 2 2 2 398 1137 399 1232
674 4 2 2 2 332 1296 1050 1446
675 4 2 2 2 968 1055 944 1373
676 4 2 2 2 933 1088 970 1309
677 4 2 2 2 999 998 1238 1291
678 4 2 2 2 790 1163 241 1224
679 4 2 2 2 798 801 799 816
680 4 2 2 2 995 1179 1125 1246
681 4 2 2 2 210 556 550 1441
682 4 2 2 2 418 1343 1249 1426
683 4 2 2 2 964 948 1108 1222
684 4 2 2 2 981 1039 851 1148
685 4 2 2 2 824 819 858 1166
686 4 2 2 2 1002 1057 973 1058
687 4 2 2 2 975 1002 973 1058
688 4 2 2 2 871 882 872 883
689 4 2 2 2 881 944 968 1055
690 4 2 2 2 805 1142 478 1272
691 4 2 2 2 984 847 1016 1017
692 4 2 2 2 1118 1133 957 1191
693 4 2 2 2 807 475 1072 1420
694 4 2 2 2 846 876 873 908
695 4 2 2 2 876 902 899 1084
696 4 2 2 2 1249 1343 424 1385
697 4 2 2 2 917 970 1088 1311
698 4 2 2 2 1079 1080 988 1459
699 4 2 2 2 1024 1026 1025 1302
700 4 2 2 2 814 871 872 883
701 4 2 2 2 890 977 975 1019
702 4 2 2 2 332 1296 333 1337
703 4 2 2 2 1228 1235 871 1394
704 4 2 2 2 880 896 882 937
705 4 2 2 2 875 958 1084 1330
706 4 2 2 2 974 1063 1061 1065
707 4 2 2 2 247 1147 1391 1392
708 4 2 2 2 832 833 828 853
709 4 2 2 2 378 1381 380 1450
710 4 2 2 2 698 1325 122 1327
711 4 2 2 2 914 1117 1158 1194
712 4 2 2 2 861 967 933 1364
713 4 2 2 2 922 1195 864 1196
714 4 2 2 2 1022 1175 1006 1200
715 4 2 2 2 312 1114 310 1221
716 4 2 2 2 357 983 351 1045
717 4 2 2 2 298 1206 1058 1313
718 4 2 2 2 881 944 943 968
719 4 2 2 2 1117 914 1158 1199
720 4 2 2 2 1038 1039 903 1089
721 4 2 2 2 300 1093 1030 1159
722 4 2 2 2 403 1118 1180 1295
723 4 2 2 2 375 374 1334 1335
724 4 2 2 2 812 1134 1072 1209
725 4 2 2 2 851 979 974 1063
726 4 2 2 2 369 368 1335 1336
727 4 2 2 2 978 1060 996 1061
728 4 2 2 2 1050 1296 332 1338
729 4 2 2 2 890 1005 889 1096
730 4 2 2 2 1050 1338 332 1403
731 4 2 2 2 264 1184 266 1459
732 4 2 2 2 801 814 799 856
733 4 2 2 2 1118 409 1180 1309
734 4 2 2 2 821 840 831 1041
735 4 2 2 2 1022 1030 1000 1321
736 4 2 2 2 415 1117 1185 1311
737 4 2 2 2 1082 1064 1103 1306
738 4 2 2 2 862 1140 922 1152
739 4 2 2 2 278 1162 1097 1184
740 4 2 2 2 1027 1008 1339 1390
741 4 2 2 2 354 1102 352 1340
742 4 2 2 2 248 1081 266 1111
743 4 2 2 2 1015 1033 1016 1403
744 4 2 2 2 835 881 882 1228
745 4 2 2 2 336 1372 338 1446
746 4 2 2 2 498 804 443 1233
747 4 2 2 2 832 893 848 897
748 4 2 2 2 876 899 902 983
749 4 2 2 2 1089 1304 1147 1392
750 4 2 2 2 376 377 1107 1413
751 4 2 2 2 378 376 1099 1435
752 4 2 2 2 881 968 937 1055
753 4 2 2 2 936 937 881 968
754 4 2 2 2 320 1261 1219 1384
755 4 2 2 2 393 1145 1203 1223
756 4 2 2 2 972 974 973 996
757 4 2 2 2 828 833 832 1247
758 4 2 2 2 245 244 517 1215
759 4 2 2 2 250 251 525 1215
760 4 2 2 2 306 1093 304 1236
761 4 2 2 2 799 801 798 814
762 4 2 2 2 996 1060 1057 1278
763 4 2 2 2 498 1167 804 1233
764 4 2 2 2 1016 1051 1027 1384
765 4 2 2 2 801 1036 962 1086
766 4 2 2 2 139 1153 597 1230
767 4 2 2 2 907 1035 1034 1113
768 4 2 2 2 312 310 1114 1236
769 4 2 2 2 334 1037 340 1170
770 4 2 2 2 797 832 803 897
771 4 2 2 2 244 246 1274 1391
772 4 2 2 2 943 1042 1228 1414
773 4 2 2 2 308 1010 306 1146
774 4 2 2 2 853 890 832 893
775 4 2 2 2 809 865 830 866
776 4 2 2 2 1039 1064 1066 1306
777 4 2 2 2 393 1145 392 1299
778 4 2 2 2 315 1146 314 1260
779 4 2 2 2 1039 1066 903 1089
780 4 2 2 2 1117 421 1185 1345
781 4 2 2 2 263 1306 262 1391
782 4 2 2 2 415 1110 1132 1311
783 4 2 2 2 409 1133 1110 1309
784 4 2 2 2 472 809 812 1209
785 4 2 2 2 1035 1036 984 1037
786 4 2 2 2 362 1332 363 1397
787 4 2 2 2 978 1004 973 1060
788 4 2 2 2 518 520 248 254
789 4 2 2 2 910 1292 920 1308
790 4 2 2 2 799 816 801 848
791 4 2 2 2 327 326 1337 1338
792 4 2 2 2 386 1145 387 1273
793 4 2 2 2 933 967 1122 1295
794 4 2 2 2 872 882 880 896
795 4 2 2 2 359 1188 361 1329
796 4 2 2 2 1024 339 1302 1442
797 4 2 2 2 373 1327 965 1346
798 4 2 2 2 388 382 1108 1207
799 4 2 2 2 305 1059 1028 1411
800 4 2 2 2 1113 1280 345 1425
801 4 2 2 2 915 1071 956 1370
802 4 2 2 2 813 832 808 1209
803 4 2 2 2 911 1172 858 1387
804 4 2 2 2 829 830 797 1209
805 4 2 2 2 836 893 892 971
806 4 2 2 2 1035 1049 1025 1372
807 4 2 2 2 253 249 514 247
808 4 2 2 2 249 253 514 255
809 4 2 2 2 268 1276 270 1441
810 4 2 2 2 1057 1058 1002 1313
811 4 2 2 2 285 1125 1177 1211
812 4 2 2 2 838 823 845 849
813 4 2 2 2 814 871 856 874
814 4 2 2 2 960 1388 1053 1430
815 4 2 2 2 951 1053 1389 1434
816 4 2 2 2 523 246 515 1231
817 4 2 2 2 265 1391 1147 1392
818 4 2 2 2 331 1337 333 1443
819 4 2 2 2 1071 1104 1070 1371
820 4 2 2 2 1000 1030 1022 1109
821 4 2 2 2 273 1151 1119 1164
822 4 2 2 2 128 609 1219 1261
823 4 2 2 2 1044 1046 1045 1440
824 4 2 2 2 334 1116 336 1446
825 4 2 2 2 820 850 844 1376
826 4 2 2 2 861 933 967 1242
827 4 2 2 2 1039 1103 1306 1392
828 4 2 2 2 890 980 889 1005
829 4 2 2 2 332 1351 1050 1403
830 4 2 2 2 837 982 833 1040
831 4 2 2 2 807 813 1072 1320
832 4 2 2 2 287 1149 286 1278
833 4 2 2 2 1008 1030 1022 1357
834 4 2 2 2 840 988 886 989
835 4 2 2 2 393 1298 1202 1299
836 4 2 2 2 851 854 853 979
837 4 2 2 2 320 1322 321 1384
838 4 2 2 2 973 975 971 1002
839 4 2 2 2 367 1293 365 1330
840 4 2 2 2 363 1331 361 1397
841 4 2 2 2 837 833 854 1040
842 4 2 2 2 972 973 971 1002
843 4 2 2 2 1013 1031 1009 1367
844 4 2 2 2 263 1305 1306 1392
845 4 2 2 2 837 851 820 1040
846 4 2 2 2 515 1215 523 1427
847 4 2 2 2 295 1178 1123 1245
848 4 2 2 2 888 1021 991 1353
849 4 2 2 2 978 980 890 1005
850 4 2 2 2 995 1020 996 1301
851 4 2 2 2 1123 1178 297 1239
852 4 2 2 2 823 849 838 1354
853 4 2 2 2 426 1352 1249 1359
854 4 2 2 2 93 1161 639 1446
855 4 2 2 2 1119 1201 1162 1375
856 4 2 2 2 1044 356 1398 1440
857 4 2 2 2 428 1182 429 1374
858 4 2 2 2 253 249 247 1095
859 4 2 2 2 255 249 253 1095
860 4 2 2 2 947 949 1259 1341
861 4 2 2 2 868 876 846 1281
862 4 2 2 2 960 1155 1431 1451
863 4 2 2 2 392 1299 1145 1373
864 4 2 2 2 873 876 875 959
865 4 2 2 2 289 1125 1179 1246
866 4 2 2 2 1125 994 1211 1240
867 4 2 2 2 414 1158 1370 1445
868 4 2 2 2 378 380 1156 1450
869 4 2 2 2 893 973 890 975
870 4 2 2 2 1044 1073 1046 1440
871 4 2 2 2 494 1167 1233 1406
872 4 2 2 2 836 837 832 852
873 4 2 2 2 809 866 815 928
874 4 2 2 2 1122 1180 401 1416
875 4 2 2 2 1030 302 1321 1357
876 4 2 2 2 385 1222 1138 1254
877 4 2 2 2 847 877 984 1354
878 4 2 2 2 862 922 1140 1183
879 4 2 2 2 399 1298 1232 1418
880 4 2 2 2 275 1283 1307 1363
881 4 2 2 2 275 274 1305 1307
882 4 2 2 2 251 247 522 245
883 4 2 2 2 247 522 253 251
884 4 2 2 2 249 518 248 254
885 4 2 2 2 246 244 250 523
886 4 2 2 2 523 250 246 252
887 4 2 2 2 249 518 254 255
888 4 2 2 2 323 1032 1131 1160
889 4 2 2 2 823 838 847 1354
890 4 2 2 2 1123 1175 999 1321
891 4 2 2 2 269 271 1248 1350
892 4 2 2 2 262 263 1305 1306
893 4 2 2 2 813 836 832 1209
894 4 2 2 2 852 853 832 893
895 4 2 2 2 818 1265 1317 1320
896 4 2 2 2 314 1260 1219 1261
897 4 2 2 2 385 1254 387 1255
898 4 2 2 2 498 810 804 1167
899 4 2 2 2 313 311 1153 1290
900 4 2 2 2 293 292 1149 1313
901 4 2 2 2 1014 1032 1023 1333
902 4 2 2 2 878 914 915 1405
903 4 2 2 2 1025 1035 984 1049
904 4 2 2 2 591 1123 152 1239
905 4 2 2 2 813 832 836 837
906 4 2 2 2 801 985 1036 1086
907 4 2 2 2 269 1283 1062 1441
908 4 2 2 2 800 873 860 1356
909 4 2 2 2 813 1072 475 1420
910 4 2 2 2 975 1028 1002 1059
911 4 2 2 2 1066 1304 1089 1392
912 4 2 2 2 410 1268 1193 1371
913 4 2 2 2 880 1323 956 1380
914 4 2 2 2 478 1142 804 1279
915 4 2 2 2 975 976 1013 1019
916 4 2 2 2 805 811 485 821
917 4 2 2 2 1097 1162 1079 1277
918 4 2 2 2 589 1200 152 1251
919 4 2 2 2 140 1200 597 1251
920 4 2 2 2 878 1285 880 1405
921 4 2 2 2 860 873 870 1356
922 4 2 2 2 798 1271 823 1394
923 4 2 2 2 319 1160 317 1294
924 4 2 2 2 913 1117 914 1194
925 4 2 2 2 463 804 1142 1319
926 4 2 2 2 403 1180 401 1295
927 4 2 2 2 332 1161 333 1296
928 4 2 2 2 176 572 1125 1211
929 4 2 2 2 272 1217 1119 1287
930 4 2 2 2 809 797 830 1209
931 4 2 2 2 278 1119 1162 1277
932 4 2 2 2 914 1117 913 1199
933 4 2 2 2 494 1233 463 1406
934 4 2 2 2 493 812 809 826
935 4 2 2 2 957 1118 932 1133
936 4 2 2 2 779 231 1249 1352
937 4 2 2 2 338 339 1161 1302
938 4 2 2 2 770 1249 219 1352
939 4 2 2 2 991 1165 903 1375
940 4 2 2 2 426 428 1352 1359
941 4 2 2 2 435 1224 1124 1225
942 4 2 2 2 407 1180 409 1309
943 4 2 2 2 500 469 797 809
944 4 2 2 2 845 846 838 906
945 4 2 2 2 876 969 959 1044
946 4 2 2 2 954 955 949 1346
947 4 2 2 2 988 992 990 1428
948 4 2 2 2 880 937 936 1405
949 4 2 2 2 832 836 797 1209
950 4 2 2 2 825 835 822 1356
951 4 2 2 2 415 1185 413 1311
952 4 2 2 2 294 1256 1029 1291
953 4 2 2 2 312 1221 1219 1449
954 4 2 2 2 386 1315 1273 1381
955 4 2 2 2 797 802 829 1209
956 4 2 2 2 925 987 1076 1348
957 4 2 2 2 392 390 1361 1373
958 4 2 2 2 887 998 1266 1312
959 4 2 2 2 264 1079 1184 1459
960 4 2 2 2 979 1082 1064 1103
961 4 2 2 2 410 1193 1191 1371
962 4 2 2 2 979 981 1082 1103
963 4 2 2 2 379 1138 377 1365
964 4 2 2 2 1029 1256 288 1288
965 4 2 2 2 973 1003 975 1058
966 4 2 2 2 1009 1013 976 1031
967 4 2 2 2 828 853 833 855
968 4 2 2 2 1039 1306 1066 1392
969 4 2 2 2 1155 1328 362 1332
970 4 2 2 2 800 818 845 1189
971 4 2 2 2 954 1043 950 1342
972 4 2 2 2 949 954 950 1342
973 4 2 2 2 1013 1087 1031 1367
974 4 2 2 2 1004 1057 973 1060
975 4 2 2 2 1110 956 1193 1194
976 4 2 2 2 285 1177 1210 1211
977 4 2 2 2 814 856 801 874
978 4 2 2 2 836 852 893 971
979 4 2 2 2 801 816 798 1394
980 4 2 2 2 500 797 469 808
981 4 2 2 2 366 368 1155 1388
982 4 2 2 2 812 830 829 1209
983 4 2 2 2 354 352 1102 1198
984 4 2 2 2 348 1102 346 1198
985 4 2 2 2 805 1378 462 1379
986 4 2 2 2 328 329 1131 1351
987 4 2 2 2 322 1131 323 1351
988 4 2 2 2 374 372 1156 1389
989 4 2 2 2 319 1263 321 1264
990 4 2 2 2 385 1222 1254 1255
991 4 2 2 2 851 1039 979 1066
992 4 2 2 2 280 1061 1060 1096
993 4 2 2 2 939 1122 967 1314
994 4 2 2 2 1156 1325 374 1334
995 4 2 2 2 368 1328 1155 1336
996 4 2 2 2 1056 1057 1002 1245
997 4 2 2 2 464 806 1072 1407
998 4 2 2 2 992 1079 990 1277
999 4 2 2 2 889 980 886 1005
1000 4 2 2 2 294 1159 296 1291
1001 4 2 2 2 1003 1057 973 1092
1002 4 2 2 2 480 811 805 1272
1003 4 2 2 2 1072 1134 813 1209
1004 4 2 2 2 324 326 1150 1403
1005 4 2 2 2 427 1208 1169 1374
1006 4 2 2 2 973 1057 1004 1092
1007 4 2 2 2 883 946 940 1094
1008 4 2 2 2 362 1328 363 1332
1009 4 2 2 2 800 1072 818 1379
1010 4 2 2 2 973 1057 1003 1058
1011 4 2 2 2 925 1163 1348 1439
1012 4 2 2 2 475 465 807 1072
1013 4 2 2 2 868 846 1265 1281
1014 4 2 2 2 876 899 868 1084
1015 4 2 2 2 419 1185 421 1345
1016 4 2 2 2 475 807 465 1420
1017 4 2 2 2 996 1057 1056 1246
1018 4 2 2 2 921 1139 1140 1308
1019 4 2 2 2 888 995 974 996
1020 4 2 2 2 275 1307 1283 1441
1021 4 2 2 2 885 886 840 988
1022 4 2 2 2 300 306 1030 1093
1023 4 2 2 2 304 1236 1093 1411
1024 4 2 2 2 1259 1318 1254 1341
1025 4 2 2 2 389 1205 964 1223
1026 4 2 2 2 1045 1198 356 1440
1027 4 2 2 2 991 1165 888 1353
1028 4 2 2 2 973 974 852 978
1029 4 2 2 2 424 1385 1076 1439
1030 4 2 2 2 281 1065 1061 1248
1031 4 2 2 2 1061 1065 269 1248
1032 4 2 2 2 554 556 210 1441
1033 4 2 2 2 882 937 896 946
1034 4 2 2 2 1017 324 1150 1403
1035 4 2 2 2 958 959 876 969
1036 4 2 2 2 979 1039 1064 1066
1037 4 2 2 2 375 374 1325 1334
1038 4 2 2 2 862 858 910 1152
1039 4 2 2 2 956 1191 1110 1193
1040 4 2 2 2 864 865 826 928
1041 4 2 2 2 979 1064 1039 1103
1042 4 2 2 2 368 369 1328 1336
1043 4 2 2 2 988 992 886 1079
1044 4 2 2 2 977 847 1016 1051
1045 4 2 2 2 840 839 885 1376
1046 4 2 2 2 975 1002 1058 1059
1047 4 2 2 2 825 1279 822 1285
1048 4 2 2 2 768 1352 219 1374
1049 4 2 2 2 1016 1220 1051 1384
1050 4 2 2 2 873 875 870 959
1051 4 2 2 2 1232 1298 398 1361
1052 4 2 2 2 1296 1337 1023 1443
1053 4 2 2 2 1079 1100 264 1184
1054 4 2 2 2 1138 1254 947 1259
1055 4 2 2 2 294 296 1256 1291
1056 4 2 2 2 937 957 936 1405
1057 4 2 2 2 799 803 832 848
1058 4 2 2 2 996 1020 1056 1301
1059 4 2 2 2 1183 1192 858 1297
1060 4 2 2 2 1165 1376 885 1421
1061 4 2 2 2 290 1168 288 1288
1062 4 2 2 2 232 220 535 1391
1063 4 2 2 2 1110 1191 1133 1193
1064 4 2 2 2 843 891 1189 1213
1065 4 2 2 2 979 1005 978 1062
1066 4 2 2 2 805 823 821 1189
1067 4 2 2 2 936 1137 1232 1417
1068 4 2 2 2 343 898 1026 1280
1069 4 2 2 2 337 343 904 1026
1070 4 2 2 2 935 938 1172 1197
1071 4 2 2 2 1254 1259 381 1318
1072 4 2 2 2 801 847 984 985
1073 4 2 2 2 290 288 1256 1288
1074 4 2 2 2 816 1271 798 1394
1075 4 2 2 2 822 814 835 1285
1076 4 2 2 2 295 1123 1206 1245
1077 4 2 2 2 914 1158 1199 1445
1078 4 2 2 2 1065 1350 1021 1353
1079 4 2 2 2 381 1325 380 1341
1080 4 2 2 2 977 1016 847 1017
1081 4 2 2 2 463 1233 804 1319
1082 4 2 2 2 299 301 1251 1382
1083 4 2 2 2 861 918 909 934
1084 4 2 2 2 1021 1350 991 1353
1085 4 2 2 2 395 940 1143 1314
1086 4 2 2 2 383 1108 1222 1223
1087 4 2 2 2 359 1329 365 1432
1088 4 2 2 2 357 983 1045 1397
1089 4 2 2 2 289 1214 1125 1246
1090 4 2 2 2 801 848 847 985
1091 4 2 2 2 416 1193 1268 1370
1092 4 2 2 2 1001 999 1123 1175
1093 4 2 2 2 1071 1105 1104 1371
1094 4 2 2 2 420 1426 1249 1445
1095 4 2 2 2 829 884 861 1242
1096 4 2 2 2 1325 1327 375 1346
1097 4 2 2 2 829 1242 867 1347
1098 4 2 2 2 487 820 807 1378
1099 4 2 2 2 361 363 1329 1331
1100 4 2 2 2 1178 1238 297 1239
1101 4 2 2 2 951 950 1228 1326
1102 4 2 2 2 1026 1302 339 1425
1103 4 2 2 2 1015 1150 1322 1403
1104 4 2 2 2 1006 1212 1007 1213
1105 4 2 2 2 408 1218 1105 1371
1106 4 2 2 2 273 1164 1119 1217
1107 4 2 2 2 1334 1335 954 1346
1108 4 2 2 2 818 1377 1189 1379
1109 4 2 2 2 797 832 808 1247
1110 4 2 2 2 284 282 1168 1303
1111 4 2 2 2 896 1070 1071 1104
1112 4 2 2 2 1062 1064 1005 1307
1113 4 2 2 2 909 1364 933 1387
1114 4 2 2 2 932 1118 957 1174
1115 4 2 2 2 918 934 1104 1105
1116 4 2 2 2 804 810 483 1279
1117 4 2 2 2 1089 1147 1038 1392
1118 4 2 2 2 474 1072 812 1407
1119 4 2 2 2 410 1218 408 1371
1120 4 2 2 2 844 851 837 1353
1121 4 2 2 2 330 1446 332 1447
1122 4 2 2 2 147 716 1318 1381
1123 4 2 2 2 908 1074 1045 1393
1124 4 2 2 2 376 1413 1107 1435
1125 4 2 2 2 993 1164 990 1165
1126 4 2 2 2 231 1352 778 1374
1127 4 2 2 2 845 1189 891 1213
1128 4 2 2 2 248 252 254 1231
1129 4 2 2 2 252 248 246 1231
1130 4 2 2 2 338 1302 1170 1425
1131 4 2 2 2 334 336 1037 1170
1132 4 2 2 2 283 281 1248 1395
1133 4 2 2 2 930 1292 1152 1308
1134 4 2 2 2 1160 1264 325 1333
1135 4 2 2 2 873 876 1044 1045
1136 4 2 2 2 813 1134 1072 1265
1137 4 2 2 2 285 1210 284 1211
1138 4 2 2 2 486 833 808 982
1139 4 2 2 2 921 1224 1163 1225
1140 4 2 2 2 1115 1351 324 1403
1141 4 2 2 2 298 1058 1059 1093
1142 4 2 2 2 336 1170 338 1372
1143 4 2 2 2 330 1351 328 1447
1144 4 2 2 2 859 1267 1324 1356
1145 4 2 2 2 478 460 804 1142
1146 4 2 2 2 1110 1193 1132 1194
1147 4 2 2 2 478 805 460 1142
1148 4 2 2 2 492 815 834 926
1149 4 2 2 2 92 636 1161 1442
1150 4 2 2 2 892 1009 976 1031
1151 4 2 2 2 391 1203 1202 1205
1152 4 2 2 2 387 1273 1254 1318
1153 4 2 2 2 858 1192 909 1387
1154 4 2 2 2 807 820 487 1420
1155 4 2 2 2 282 1286 1047 1303
1156 4 2 2 2 1191 1193 956 1371
1157 4 2 2 2 30 32 508 1282
1158 4 2 2 2 1232 1298 968 1418
1159 4 2 2 2 806 1134 819 1319
1160 4 2 2 2 956 1193 1194 1370
1161 4 2 2 2 1046 1073 1044 1393
1162 4 2 2 2 370 1106 371 1413
1163 4 2 2 2 315 1230 1146 1260
1164 4 2 2 2 1014 1031 1018 1368
1165 4 2 2 2 826 861 830 1310
1166 4 2 2 2 806 819 1134 1408
1167 4 2 2 2 1118 933 1180 1295
1168 4 2 2 2 990 992 988 1079
1169 4 2 2 2 144 156 726 1223
1170 4 2 2 2 1044 356 1397 1398
1171 4 2 2 2 464 1406 806 1407
1172 4 2 2 2 864 1192 1183 1297
1173 4 2 2 2 284 1286 282 1303
1174 4 2 2 2 416 1194 1193 1370
1175 4 2 2 2 1123 999 1239 1321
1176 4 2 2 2 861 934 933 1242
1177 4 2 2 2 933 1118 1180 1309
1178 4 2 2 2 299 1251 1028 1382
1179 4 2 2 2 387 1255 1254 1273
1180 4 2 2 2 381 1259 379 1327
1181 4 2 2 2 410 408 1268 1371
1182 4 2 2 2 285 1177 1181 1210
1183 4 2 2 2 1269 1316 1007 1404
1184 4 2 2 2 353 1144 359 1340
1185 4 2 2 2 830 866 865 895
1186 4 2 2 2 999 1312 1091 1366
1187 4 2 2 2 878 956 914 1405
1188 4 2 2 2 840 1041 821 1136
1189 4 2 2 2 960 1053 1098 1430
1190 4 2 2 2 951 1098 1053 1434
1191 4 2 2 2 989 1284 1038 1376
1192 4 2 2 2 491 805 480 811
1193 4 2 2 2 498 483 804 810
1194 4 2 2 2 1028 1059 305 1251
1195 4 2 2 2 299 1059 1028 1251
1196 4 2 2 2 944 1055 1094 1373
1197 4 2 2 2 874 960 952 961
1198 4 2 2 2 896 1104 1071 1105
1199 4 2 2 2 914 956 915 1405
1200 4 2 2 2 433 1163 1224 1225
1201 4 2 2 2 825 1233 1166 1356
1202 4 2 2 2 836 1317 1265 1320
1203 4 2 2 2 487 807 462 1378
1204 4 2 2 2 818 800 845 1265
1205 4 2 2 2 319 1264 1160 1294
1206 4 2 2 2 313 1230 315 1262
1207 4 2 2 2 472 812 471 1209
1208 4 2 2 2 993 994 1300 1303
1209 4 2 2 2 808 813 484 837
1210 4 2 2 2 1022 1109 1030 1339
1211 4 2 2 2 387 1145 1255 1273
1212 4 2 2 2 807 1320 820 1420
1213 4 2 2 2 244 250 523 1215
1214 4 2 2 2 907 984 905 1035
1215 4 2 2 2 1011 1386 1253 1422
1216 4 2 2 2 350 1198 1045 1270
1217 4 2 2 2 1034 1227 1170 1425
1218 4 2 2 2 821 823 805 1271
1219 4 2 2 2 820 1320 837 1420
1220 4 2 2 2 319 1263 1264 1294
1221 4 2 2 2 1002 1056 972 1057
1222 4 2 2 2 872 882 871 1228
1223 4 2 2 2 1009 1028 1059 1411
1224 4 2 2 2 1043 1336 959 1452
1225 4 2 2 2 938 1203 1202 1298
1226 4 2 2 2 979 1039 981 1103
1227 4 2 2 2 1044 1045 969 1397
1228 4 2 2 2 1117 917 1185 1311
1229 4 2 2 2 955 965 949 1346
1230 4 2 2 2 851 981 979 1039
1231 4 2 2 2 937 1070 957 1405
1232 4 2 2 2 1057 1060 1004 1278
1233 4 2 2 2 860 875 873 876
1234 4 2 2 2 936 935 1137 1417
1235 4 2 2 2 477 476 798 1272
1236 4 2 2 2 811 831 821 1402
1237 4 2 2 2 1122 401 1295 1314
1238 4 2 2 2 187 186 559 1125
1239 4 2 2 2 175 568 174 1125
1240 4 2 2 2 972 1056 996 1057
1241 4 2 2 2 1001 1091 1312 1366
1242 4 2 2 2 270 1275 1276 1287
1243 4 2 2 2 391 1203 1205 1223
1244 4 2 2 2 826 865 864 1310
1245 4 2 2 2 321 1264 1263 1384
1246 4 2 2 2 858 862 910 1183
1247 4 2 2 2 1118 957 1173 1191
1248 4 2 2 2 1045 1046 1044 1393
1249 4 2 2 2 930 1075 1199 1352
1250 4 2 2 2 338 1372 1161 1446
1251 4 2 2 2 930 923 1308 1360
1252 4 2 2 2 858 859 1324 1356
1253 4 2 2 2 1151 1164 273 1349
1254 4 2 2 2 921 920 1183 1208
1255 4 2 2 2 414 416 1268 1370
1256 4 2 2 2 809 830 812 1209
1257 4 2 2 2 310 311 1190 1367
1258 4 2 2 2 277 1283 275 1363
1259 4 2 2 2 485 491 805 821
1260 4 2 2 2 814 827 799 856
1261 4 2 2 2 423 1169 1154 1374
1262 4 2 2 2 291 1187 1179 1240
1263 4 2 2 2 841 1189 849 1253
1264 4 2 2 2 295 1206 293 1245
1265 4 2 2 2 785 434 432 1141
1266 4 2 2 2 826 909 861 1310
1267 4 2 2 2 173 161 580 1149
1268 4 2 2 2 988 1375 1284 1376
1269 4 2 2 2 278 1162 1184 1277
1270 4 2 2 2 785 432 788 1141
1271 4 2 2 2 426 1359 1249 1385
1272 4 2 2 2 347 901 349 902
1273 4 2 2 2 861 939 967 1172
1274 4 2 2 2 842 855 831 886
1275 4 2 2 2 925 864 1183 1195
1276 4 2 2 2 408 1105 1268 1371
1277 4 2 2 2 270 268 1096 1276
1278 4 2 2 2 917 1117 1185 1345
1279 4 2 2 2 835 880 872 882
1280 4 2 2 2 376 382 1099 1107
1281 4 2 2 2 287 1214 289 1246
1282 4 2 2 2 323 1032 329 1131
1283 4 2 2 2 908 983 876 1045
1284 4 2 2 2 942 1204 938 1252
1285 4 2 2 2 322 1160 1018 1368
1286 4 2 2 2 381 380 1318 1341
1287 4 2 2 2 418 1185 919 1250
1288 4 2 2 2 919 1185 412 1250
1289 4 2 2 2 799 856 827 857
1290 4 2 2 2 968 1299 1298 1373
1291 4 2 2 2 868 1134 860 1457
1292 4 2 2 2 359 365 1431 1432
1293 4 2 2 2 331 1442 1068 1443
1294 4 2 2 2 841 1213 1189 1253
1295 4 2 2 2 286 1149 1092 1278
1296 4 2 2 2 870 873 860 875
1297 4 2 2 2 1031 1087 1018 1368
1298 4 2 2 2 269 1283 271 1350
1299 4 2 2 2 988 885 1300 1428
1300 4 2 2 2 315 1230 1260 1262
1301 4 2 2 2 434 785 791 1141
1302 4 2 2 2 951 1054 1099 1450
1303 4 2 2 2 525 523 250 1215
1304 4 2 2 2 517 244 515 1215
1305 4 2 2 2 290 1211 1168 1288
1306 4 2 2 2 1099 1381 378 1450
1307 4 2 2 2 1259 1327 949 1365
1308 4 2 2 2 891 1011 1316 1386
1309 4 2 2 2 1044 1045 356 1440
1310 4 2 2 2 957 1118 1173 1174
1311 4 2 2 2 209 551 554 1441
1312 4 2 2 2 935 936 1137 1174
1313 4 2 2 2 915 1071 896 1405
1314 4 2 2 2 788 432 783 1141
1315 4 2 2 2 283 1214 281 1395
1316 4 2 2 2 1038 1284 903 1376
1317 4 2 2 2 313 1153 1230 1290
1318 4 2 2 2 318 1150 320 1220
1319 4 2 2 2 399 1232 1137 1417
1320 4 2 2 2 837 853 851 854
1321 4 2 2 2 414 1268 1105 1370
1322 4 2 2 2 276 1276 1275 1277
1323 4 2 2 2 852 973 972 974
1324 4 2 2 2 1189 1213 845 1253
1325 4 2 2 2 1178 1187 297 1238
1326 4 2 2 2 933 1118 932 1295
1327 4 2 2 2 297 1238 296 1239
1328 4 2 2 2 1164 1201 1119 1375
1329 4 2 2 2 337 1024 1068 1442
1330 4 2 2 2 1065 1248 281 1395
1331 4 2 2 2 1182 1308 1224 1374
1332 4 2 2 2 1003 1058 1057 1313
1333 4 2 2 2 932 1118 933 1309
1334 4 2 2 2 304 1093 1059 1411
1335 4 2 2 2 1151 1164 991 1201
1336 4 2 2 2 1025 1161 1296 1442
1337 4 2 2 2 811 831 817 1041
1338 4 2 2 2 1042 1342 1228 1414
1339 4 2 2 2 77 641 65 1170
1340 4 2 2 2 309 1212 1146 1230
1341 4 2 2 2 351 1074 1045 1126
1342 4 2 2 2 1013 976 1031 1087
1343 4 2 2 2 1092 1149 292 1313
1344 4 2 2 2 826 864 909 1310
1345 4 2 2 2 837 844 820 851
1346 4 2 2 2 273 1217 1181 1349
1347 4 2 2 2 190 1268 748 1436
1348 4 2 2 2 386 1273 1318 1381
1349 4 2 2 2 835 878 880 1324
1350 4 2 2 2 844 903 991 1165
1351 4 2 2 2 835 882 872 1228
1352 4 2 2 2 1012 1253 1386 1422
1353 4 2 2 2 268 1062 1061 1276
1354 4 2 2 2 910 1152 858 1324
1355 4 2 2 2 817 855 833 1083
1356 4 2 2 2 1020 1001 1301 1312
1357 4 2 2 2 111 123 701 1229
1358 4 2 2 2 917 1117 913 1311
1359 4 2 2 2 466 483 478 804
1360 4 2 2 2 831 842 816 855
1361 4 2 2 2 467 478 480 805
1362 4 2 2 2 246 248 516 1231
1363 4 2 2 2 423 1154 1199 1374
1364 4 2 2 2 915 1105 1071 1370
1365 4 2 2 2 1264 1322 1012 1384
1366 4 2 2 2 1025 1296 1161 1446
1367 4 2 2 2 371 965 1106 1293
1368 4 2 2 2 988 990 885 1428
1369 4 2 2 2 290 1240 1211 1288
1370 4 2 2 2 876 959 873 1044
1371 4 2 2 2 1189 1377 805 1379
1372 4 2 2 2 951 1435 1156 1450
1373 4 2 2 2 313 1230 1262 1290
1374 4 2 2 2 935 1157 1137 1171
1375 4 2 2 2 811 821 1272 1402
1376 4 2 2 2 32 1074 351 1126
1377 4 2 2 2 526 254 252 1231
1378 4 2 2 2 919 1076 917 1345
1379 4 2 2 2 359 361 1188 1243
1380 4 2 2 2 320 1150 1322 1384
1381 4 2 2 2 799 832 828 848
1382 4 2 2 2 1103 1120 1391 1392
1383 4 2 2 2 999 1159 1239 1321
1384 4 2 2 2 1016 1050 1115 1403
1385 4 2 2 2 1331 1332 969 1397
1386 4 2 2 2 851 1066 1063 1353
1387 4 2 2 2 950 1334 1156 1389
1388 4 2 2 2 1089 1353 991 1363
1389 4 2 2 2 838 905 877 1354
1390 4 2 2 2 487 1136 820 1378
1391 4 2 2 2 964 1143 939 1205
1392 4 2 2 2 463 494 443 1233
1393 4 2 2 2 959 1155 1336 1388
1394 4 2 2 2 123 111 701 1335
1395 4 2 2 2 990 1119 1162 1375
1396 4 2 2 2 129 124 606 1146
1397 4 2 2 2 876 899 983 1281
1398 4 2 2 2 262 1306 1082 1391
1399 4 2 2 2 859 858 911 1172
1400 4 2 2 2 349 355 902 983
1401 4 2 2 2 1328 1329 363 1331
1402 4 2 2 2 632 76 88 1446
1403 4 2 2 2 1089 1284 1147 1304
1404 4 2 2 2 917 987 1310 1369
1405 4 2 2 2 294 1092 1003 1159
1406 4 2 2 2 799 1289 1247 1400
1407 4 2 2 2 410 1191 1173 1371
1408 4 2 2 2 280 1004 1060 1278
1409 4 2 2 2 1153 1230 1007 1269
1410 4 2 2 2 462 1319 460 1379
1411 4 2 2 2 831 855 817 1083
1412 4 2 2 2 486 833 982 1083
1413 4 2 2 2 864 927 925 1310
1414 4 2 2 2 843 891 845 1189
1415 4 2 2 2 1095 1111 989 1121
1416 4 2 2 2 1072 1134 812 1408
1417 4 2 2 2 869 1342 1204 1356
1418 4 2 2 2 802 797 836 1209
1419 4 2 2 2 840 886 831 1080
1420 4 2 2 2 1306 1391 263 1392
1421 4 2 2 2 1009 1153 1028 1411
1422 4 2 2 2 1123 1002 1206 1245
1423 4 2 2 2 989 988 1284 1376
1424 4 2 2 2 407 1088 1309 1436
1425 4 2 2 2 913 1117 917 1345
1426 4 2 2 2 529 525 251 1215
1427 4 2 2 2 521 245 517 1215
1428 4 2 2 2 523 252 246 1231
1429 4 2 2 2 965 966 948 1365
1430 4 2 2 2 379 1259 1138 1365
1431 4 2 2 2 1088 413 1311 1436
1432 4 2 2 2 391 1202 1143 1205
1433 4 2 2 2 500 797 1247 1400
1434 4 2 2 2 329 1032 331 1068
1435 4 2 2 2 478 1272 1142 1279
1436 4 2 2 2 1028 1251 305 1269
1437 4 2 2 2 1263 1264 1012 1384
1438 4 2 2 2 970 1311 1309 1436
1439 4 2 2 2 786 434 791 1141
1440 4 2 2 2 890 973 853 978
1441 4 2 2 2 308 1010 1146 1357
1442 4 2 2 2 333 1296 1161 1442
1443 4 2 2 2 485 821 1041 1136
1444 4 2 2 2 430 783 432 1141
1445 4 2 2 2 827 872 866 895
1446 4 2 2 2 1181 1248 273 1349
1447 4 2 2 2 141 600 140 1200
1448 4 2 2 2 854 980 979 981
1449 4 2 2 2 937 1094 1055 1362
1450 4 2 2 2 880 936 957 1405
1451 4 2 2 2 979 1064 1082 1100
1452 4 2 2 2 872 883 882 895
1453 4 2 2 2 935 1171 1137 1417
1454 4 2 2 2 332 1161 1296 1446
1455 4 2 2 2 875 958 876 1084
1456 4 2 2 2 851 903 850 1039
1457 4 2 2 2 395 1143 940 1453
1458 4 2 2 2 940 1143 389 1453
1459 4 2 2 2 1089 1201 1097 1304
1460 4 2 2 2 800 819 860 1134
1461 4 2 2 2 530 520 254 1231
1462 4 2 2 2 975 977 976 1019
1463 4 2 2 2 484 808 470 813
1464 4 2 2 2 979 980 978 1005
1465 4 2 2 2 403 1171 1157 1295
1466 4 2 2 2 478 480 805 1272
1467 4 2 2 2 361 1329 1188 1331
1468 4 2 2 2 295 1187 1178 1244
1469 4 2 2 2 368 1336 1155 1388
1470 4 2 2 2 406 1105 1416 1436
1471 4 2 2 2 1031 1263 1262 1294
1472 4 2 2 2 289 1179 1187 1244
1473 4 2 2 2 825 822 1233 1356
1474 4 2 2 2 374 1156 1334 1389
1475 4 2 2 2 361 1331 1243 1397
1476 4 2 2 2 1107 1108 948 1222
1477 4 2 2 2 842 889 886 1402
1478 4 2 2 2 1066 1353 1089 1363
1479 4 2 2 2 462 461 1319 1379
1480 4 2 2 2 836 852 832 893
1481 4 2 2 2 818 1072 807 1379
1482 4 2 2 2 494 498 443 1233
1483 4 2 2 2 826 829 812 830
1484 4 2 2 2 996 1125 1214 1246
1485 4 2 2 2 274 276 1276 1441
1486 4 2 2 2 1012 1023 1176 1253
1487 4 2 2 2 959 1332 1155 1451
1488 4 2 2 2 828 1247 799 1401
1489 4 2 2 2 274 276 1100 1276
1490 4 2 2 2 65 650 64 1170
1491 4 2 2 2 77 76 641 1170
1492 4 2 2 2 849 905 838 1354
1493 4 2 2 2 484 487 485 982
1494 4 2 2 2 883 940 945 1094
1495 4 2 2 2 891 1007 1006 1383
1496 4 2 2 2 880 878 956 1323
1497 4 2 2 2 1084 1188 955 1330
1498 4 2 2 2 835 881 1204 1267
1499 4 2 2 2 278 1184 276 1277
1500 4 2 2 2 295 293 1244 1245
1501 4 2 2 2 820 1136 487 1420
1502 4 2 2 2 875 870 1043 1342
1503 4 2 2 2 506 472 469 809
1504 4 2 2 2 1173 1191 1070 1371
1505 4 2 2 2 287 289 1244 1246
1506 4 2 2 2 460 1319 1142 1379
1507 4 2 2 2 932 1133 1309 1387
1508 4 2 2 2 871 952 951 1438
1509 4 2 2 2 316 1190 317 1368
1510 4 2 2 2 875 1043 954 1342
1511 4 2 2 2 822 835 814 1228
1512 4 2 2 2 990 1165 1164 1375
1513 4 2 2 2 991 1164 1021 1165
1514 4 2 2 2 799 828 816 848
1515 4 2 2 2 371 1106 965 1413
1516 4 2 2 2 905 1023 906 1024
1517 4 2 2 2 1042 1228 950 1326
1518 4 2 2 2 871 1235 874 1394
1519 4 2 2 2 356 1198 354 1440
1520 4 2 2 2 863 1186 926 1360
1521 4 2 2 2 278 1275 1119 1277
1522 4 2 2 2 1015 1322 1338 1403
1523 4 2 2 2 991 1021 1349 1350
1524 4 2 2 2 942 938 1205 1252
1525 4 2 2 2 956 1071 915 1405
1526 4 2 2 2 826 830 865 1310
1527 4 2 2 2 886 989 988 1080
1528 4 2 2 2 805 821 1271 1272
1529 4 2 2 2 1063 1307 1283 1363
1530 4 2 2 2 917 1088 919 1311
1531 4 2 2 2 170 734 169 1202
1532 4 2 2 2 888 995 996 1301
1533 4 2 2 2 1070 1218 1104 1355
1534 4 2 2 2 342 344 1170 1227
1535 4 2 2 2 269 1248 1065 1350
1536 4 2 2 2 476 1272 478 1279
1537 4 2 2 2 461 807 1072 1379
1538 4 2 2 2 1082 1100 1064 1306
1539 4 2 2 2 353 902 355 1243
1540 4 2 2 2 383 1107 1138 1222
1541 4 2 2 2 1005 1061 978 1062
1542 4 2 2 2 892 971 976 1009
1543 4 2 2 2 1046 1074 1045 1270
1544 4 2 2 2 399 1232 1417 1418
1545 4 2 2 2 303 1200 1175 1321
1546 4 2 2 2 337 1024 1026 1068
1547 4 2 2 2 172 580 160 1256
1548 4 2 2 2 999 1000 1159 1321
1549 4 2 2 2 826 830 809 865
1550 4 2 2 2 1024 339 1026 1302
1551 4 2 2 2 802 829 868 1347
1552 4 2 2 2 974 978 1061 1063
1553 4 2 2 2 307 1230 1153 1269
1554 4 2 2 2 1208 1224 920 1374
1555 4 2 2 2 1273 1315 1054 1381
1556 4 2 2 2 404 1174 1137 1355
1557 4 2 2 2 833 855 854 1083
1558 4 2 2 2 832 833 808 1247
1559 4 2 2 2 298 1058 1003 1313
1560 4 2 2 2 306 1030 1093 1236
1561 4 2 2 2 853 973 852 978
1562 4 2 2 2 819 1134 800 1319
1563 4 2 2 2 320 1219 1220 1384
1564 4 2 2 2 813 1320 807 1420
1565 4 2 2 2 1043 1388 1335 1389
1566 4 2 2 2 993 1164 1021 1181
1567 4 2 2 2 820 844 1320 1421
1568 4 2 2 2 1015 1027 1016 1339
1569 4 2 2 2 485 491 821 1136
1570 4 2 2 2 1218 1237 1104 1355
1571 4 2 2 2 909 1192 861 1387
1572 4 2 2 2 1008 1213 1339 1390
1573 4 2 2 2 1036 1130 1074 1270
1574 4 2 2 2 952 966 941 1106
1575 4 2 2 2 876 983 908 1281
1576 4 2 2 2 93 639 105 1351
1577 4 2 2 2 876 902 969 983
1578 4 2 2 2 804 1167 825 1233
1579 4 2 2 2 1100 1305 274 1307
1580 4 2 2 2 807 820 818 1377
1581 4 2 2 2 1016 1150 1220 1384
1582 4 2 2 2 262 1305 1100 1306
1583 4 2 2 2 807 1377 818 1379
1584 4 2 2 2 1247 1289 799 1401
1585 4 2 2 2 825 810 1279 1285
1586 4 2 2 2 1323 1324 912 1380
1587 4 2 2 2 507 469 473 808
1588 4 2 2 2 398 1137 1232 1362
1589 4 2 2 2 960 1101 1073 1451
1590 4 2 2 2 27 67 68 654
1591 4 2 2 2 362 1155 1332 1451
1592 4 2 2 2 895 916 865 918
1593 4 2 2 2 925 1076 927 1348
1594 4 2 2 2 338 1302 1161 1372
1595 4 2 2 2 157 720 156 1223
1596 4 2 2 2 145 144 712 1223
1597 4 2 2 2 1054 1273 944 1315
1598 4 2 2 2 1007 1316 1269 1383
1599 4 2 2 2 891 1253 1011 1386
1600 4 2 2 2 1005 1062 979 1064
1601 4 2 2 2 958 1331 1328 1332
1602 4 2 2 2 249 1095 255 1121
1603 4 2 2 2 1018 1031 976 1087
1604 4 2 2 2 989 988 1080 1459
1605 4 2 2 2 885 990 993 1428
1606 4 2 2 2 498 494 1167 1233
1607 4 2 2 2 954 1334 1043 1335
1608 4 2 2 2 122 123 699 1335
1609 4 2 2 2 111 110 691 1335
1610 4 2 2 2 906 1023 905 1253
1611 4 2 2 2 958 1188 1084 1330
1612 4 2 2 2 879 1186 924 1360
1613 4 2 2 2 873 907 838 908
1614 4 2 2 2 1065 1063 1283 1350
1615 4 2 2 2 984 1049 1116 1447
1616 4 2 2 2 786 435 434 1141
1617 4 2 2 2 819 800 860 1356
1618 4 2 2 2 1028 1002 1206 1382
1619 4 2 2 2 393 392 1298 1299
1620 4 2 2 2 393 1203 1145 1299
1621 4 2 2 2 1013 1114 1087 1367
1622 4 2 2 2 421 1154 1169 1345
1623 4 2 2 2 852 972 971 1301
1624 4 2 2 2 1149 1244 293 1245
1625 4 2 2 2 802 1134 829 1209
1626 4 2 2 2 921 1183 925 1208
1627 4 2 2 2 68 69 31 653
1628 4 2 2 2 934 1088 933 1309
1629 4 2 2 2 964 1108 389 1223
1630 4 2 2 2 557 208 196 1441
1631 4 2 2 2 534 224 223 1304
1632 4 2 2 2 211 212 552 1304
1633 4 2 2 2 287 1244 1149 1246
1634 4 2 2 2 1033 1023 1337 1338
1635 4 2 2 2 267 1147 1111 1284
1636 4 2 2 2 868 802 899 1281
1637 4 2 2 2 862 1140 921 1183
1638 4 2 2 2 829 830 826 861
1639 4 2 2 2 939 964 1108 1143
1640 4 2 2 2 396 398 1361 1362
1641 4 2 2 2 73 72 29 659
1642 4 2 2 2 1012 1264 1160 1333
1643 4 2 2 2 679 106 94 1431
1644 4 2 2 2 944 1207 1373 1454
1645 4 2 2 2 325 1023 1032 1333
1646 4 2 2 2 33 75 74 664
1647 4 2 2 2 896 931 895 1105
1648 4 2 2 2 386 1145 1273 1315
1649 4 2 2 2 799 803 797 832
1650 4 2 2 2 800 838 823 845
1651 4 2 2 2 311 1153 1290 1367
1652 4 2 2 2 462 807 461 1379
1653 4 2 2 2 1063 1062 1283 1307
1654 4 2 2 2 845 846 906 1176
1655 4 2 2 2 341 343 898 904
1656 4 2 2 2 479 798 1289 1401
1657 4 2 2 2 316 1017 1221 1368
1658 4 2 2 2 287 1246 1149 1278
1659 4 2 2 2 369 367 1329 1452
1660 4 2 2 2 800 1319 822 1356
1661 4 2 2 2 845 849 823 1189
1662 4 2 2 2 1034 1302 1170 1372
1663 4 2 2 2 787 783 430 1141
1664 4 2 2 2 800 845 823 1189
1665 4 2 2 2 819 858 1166 1356
1666 4 2 2 2 464 463 806 1406
1667 4 2 2 2 802 894 892 897
1668 4 2 2 2 870 875 860 1342
1669 4 2 2 2 1073 1101 1046 1440
1670 4 2 2 2 921 1208 1163 1224
1671 4 2 2 2 842 828 890 1412
1672 4 2 2 2 1036 1074 1046 1270
1673 4 2 2 2 842 828 855 890
1674 4 2 2 2 379 1327 1259 1365
1675 4 2 2 2 1149 1246 1057 1278
1676 4 2 2 2 283 1125 1214 1395
1677 4 2 2 2 121 698 122 1327
1678 4 2 2 2 1002 1123 1206 1382
1679 4 2 2 2 973 1002 972 1057
1680 4 2 2 2 1322 1333 1015 1338
1681 4 2 2 2 950 1325 1334 1346
1682 4 2 2 2 338 1170 1302 1372
1683 4 2 2 2 952 962 961 963
1684 4 2 2 2 375 1335 1334 1346
1685 4 2 2 2 385 1223 1222 1255
1686 4 2 2 2 942 1223 1145 1255
1687 4 2 2 2 493 826 809 928
1688 4 2 2 2 801 874 856 962
1689 4 2 2 2 906 905 1024 1026
1690 4 2 2 2 1023 1296 1033 1337
1691 4 2 2 2 466 478 460 804
1692 4 2 2 2 422 1352 1199 1445
1693 4 2 2 2 942 1203 938 1204
1694 4 2 2 2 467 460 478 805
1695 4 2 2 2 321 1322 1264 1384
1696 4 2 2 2 484 485 486 982
1697 4 2 2 2 971 975 1009 1028
1698 4 2 2 2 360 362 1398 1451
1699 4 2 2 2 318 320 1219 1220
1700 4 2 2 2 484 837 813 1420
1701 4 2 2 2 321 1263 1261 1384
1702 4 2 2 2 817 833 486 1083
1703 4 2 2 2 921 920 1208 1224
1704 4 2 2 2 747 192 193 1118
1705 4 2 2 2 799 832 797 1247
1706 4 2 2 2 377 1365 1107 1413
1707 4 2 2 2 344 1227 1113 1425
1708 4 2 2 2 1109 1300 889 1402
1709 4 2 2 2 972 996 973 1057
1710 4 2 2 2 902 1084 969 1243
1711 4 2 2 2 930 1308 1152 1360
1712 4 2 2 2 462 487 440 807
1713 4 2 2 2 1043 1336 1335 1388
1714 4 2 2 2 1043 1335 1334 1389
1715 4 2 2 2 852 974 888 1353
1716 4 2 2 2 802 892 836 897
1717 4 2 2 2 1027 1339 1253 1390
1718 4 2 2 2 935 1267 1172 1409
1719 4 2 2 2 1047 1096 992 1287
1720 4 2 2 2 839 885 1376 1421
1721 4 2 2 2 1284 1375 903 1376
1722 4 2 2 2 378 1435 1099 1450
1723 4 2 2 2 294 292 1003 1092
1724 4 2 2 2 910 1323 1292 1324
1725 4 2 2 2 431 789 787 1141
1726 4 2 2 2 477 798 811 1272
1727 4 2 2 2 846 873 838 908
1728 4 2 2 2 272 270 1286 1287
1729 4 2 2 2 301 1123 1175 1382
1730 4 2 2 2 466 443 498 804
1731 4 2 2 2 1057 1245 1149 1313
1732 4 2 2 2 414 1370 1250 1445
1733 4 2 2 2 293 1149 1245 1313
1734 4 2 2 2 1009 1059 1013 1411
1735 4 2 2 2 943 1228 1204 1414
1736 4 2 2 2 1210 1211 1177 1241
1737 4 2 2 2 464 1072 474 1407
1738 4 2 2 2 1076 1348 1343 1439
1739 4 2 2 2 867 868 829 1347
1740 4 2 2 2 400 1237 1122 1416
1741 4 2 2 2 476 479 798 1289
1742 4 2 2 2 967 1171 935 1197
1743 4 2 2 2 370 372 1229 1434
1744 4 2 2 2 934 884 946 1122
1745 4 2 2 2 905 984 877 1354
1746 4 2 2 2 278 276 1275 1277
1747 4 2 2 2 354 1102 1340 1440
1748 4 2 2 2 1199 1352 1075 1445
1749 4 2 2 2 951 1228 1054 1326
1750 4 2 2 2 1138 1254 1222 1396
1751 4 2 2 2 819 1166 824 1233
1752 4 2 2 2 1224 1308 920 1374
1753 4 2 2 2 872 879 866 895
1754 4 2 2 2 1152 1308 923 1360
1755 4 2 2 2 366 364 1229 1430
1756 4 2 2 2 819 824 858 1192
1757 4 2 2 2 1361 390 1453 1454
1758 4 2 2 2 479 477 798 1401
1759 4 2 2 2 809 826 812 830
1760 4 2 2 2 380 1381 1318 1450
1761 4 2 2 2 918 1088 934 1105
1762 4 2 2 2 852 888 974 1301
1763 4 2 2 2 478 804 483 1279
1764 4 2 2 2 1031 1262 1290 1294
1765 4 2 2 2 866 895 879 916
1766 4 2 2 2 858 1152 862 1166
1767 4 2 2 2 820 1377 844 1421
1768 4 2 2 2 782 241 242 1224
1769 4 2 2 2 843 1301 888 1320
1770 4 2 2 2 937 1174 1070 1355
1771 4 2 2 2 878 915 914 1360
1772 4 2 2 2 327 1264 1322 1333
1773 4 2 2 2 1125 996 1214 1395
1774 4 2 2 2 1113 1129 345 1280
1775 4 2 2 2 948 949 947 1456
1776 4 2 2 2 879 915 878 1360
1777 4 2 2 2 849 1015 1027 1422
1778 4 2 2 2 488 465 807 1420
1779 4 2 2 2 957 1070 1173 1191
1780 4 2 2 2 829 868 867 1457
1781 4 2 2 2 410 1173 1218 1371
1782 4 2 2 2 1110 1194 1132 1323
1783 4 2 2 2 476 798 810 1289
1784 4 2 2 2 827 883 872 895
1785 4 2 2 2 364 1431 365 1432
1786 4 2 2 2 861 909 826 1192
1787 4 2 2 2 320 1220 1150 1384
1788 4 2 2 2 814 822 1279 1285
1789 4 2 2 2 941 945 940 1108
1790 4 2 2 2 805 811 821 1272
1791 4 2 2 2 1002 1020 1001 1301
1792 4 2 2 2 356 354 1398 1440
1793 4 2 2 2 350 1045 1074 1270
1794 4 2 2 2 921 1140 1139 1225
1795 4 2 2 2 873 908 876 1045
1796 4 2 2 2 311 1290 1190 1367
1797 4 2 2 2 782 435 786 1141
1798 4 2 2 2 810 815 482 1289
1799 4 2 2 2 283 1177 1125 1395
1800 4 2 2 2 392 1361 1298 1373
1801 4 2 2 2 829 1134 868 1457
1802 4 2 2 2 294 1029 1092 1291
1803 4 2 2 2 528 252 523 1231
1804 4 2 2 2 957 1173 1070 1174
1805 4 2 2 2 944 1273 943 1315
1806 4 2 2 2 800 819 1319 1356
1807 4 2 2 2 331 333 1442 1443
1808 4 2 2 2 936 1174 937 1355
1809 4 2 2 2 1164 1165 991 1375
1810 4 2 2 2 846 860 800 873
1811 4 2 2 2 1134 1192 829 1408
1812 4 2 2 2 994 1211 1168 1303
1813 4 2 2 2 814 834 827 872
1814 4 2 2 2 971 975 893 976
1815 4 2 2 2 801 874 962 1036
1816 4 2 2 2 839 1165 885 1421
1817 4 2 2 2 288 1092 1029 1288
1818 4 2 2 2 860 1134 868 1265
1819 4 2 2 2 1201 1304 1089 1363
1820 4 2 2 2 430 431 787 1141
1821 4 2 2 2 366 364 1430 1431
1822 4 2 2 2 1142 1279 1272 1460
1823 4 2 2 2 798 823 1271 1272
1824 4 2 2 2 828 816 842 855
1825 4 2 2 2 810 827 814 834
1826 4 2 2 2 294 1092 1029 1256
1827 4 2 2 2 288 1029 1092 1256
1828 4 2 2 2 377 1138 1107 1365
1829 4 2 2 2 1001 1002 1123 1245
1830 4 2 2 2 151 152 589 1123
1831 4 2 2 2 933 1122 934 1295
1832 4 2 2 2 231 230 778 1124
1833 4 2 2 2 326 1322 1150 1403
1834 4 2 2 2 398 1232 1361 1362
1835 4 2 2 2 826 909 864 1192
1836 4 2 2 2 363 1328 1331 1332
1837 4 2 2 2 139 597 140 1230
1838 4 2 2 2 188 187 560 1125
1839 4 2 2 2 569 175 176 1125
1840 4 2 2 2 819 1192 1134 1408
1841 4 2 2 2 342 1227 1170 1410
1842 4 2 2 2 811 1272 1271 1402
1843 4 2 2 2 440 487 488 807
1844 4 2 2 2 173 570 174 1149
1845 4 2 2 2 162 579 161 1149
1846 4 2 2 2 463 1233 806 1406
1847 4 2 2 2 416 1158 1194 1370
1848 4 2 2 2 918 934 861 1242
1849 4 2 2 2 875 955 954 1330
1850 4 2 2 2 951 1434 1156 1435
1851 4 2 2 2 1070 1174 1173 1355
1852 4 2 2 2 446 473 470 808
1853 4 2 2 2 1016 1114 1051 1220
1854 4 2 2 2 968 1298 1232 1361
1855 4 2 2 2 869 1204 859 1356
1856 4 2 2 2 789 431 784 1141
1857 4 2 2 2 782 790 433 1141
1858 4 2 2 2 495 928 926 1444
1859 4 2 2 2 834 866 827 872
1860 4 2 2 2 978 996 974 1061
1861 4 2 2 2 723 158 157 1202
1862 4 2 2 2 248 1111 1121 1234
1863 4 2 2 2 333 1296 1442 1443
1864 4 2 2 2 919 418 1250 1426
1865 4 2 2 2 989 1038 850 1376
1866 4 2 2 2 1096 1286 270 1287
1867 4 2 2 2 807 462 1378 1379
1868 4 2 2 2 706 131 135 1381
1869 4 2 2 2 341 904 898 1135
1870 4 2 2 2 861 1172 967 1364
1871 4 2 2 2 915 1075 1112 1445
1872 4 2 2 2 798 476 810 1279
1873 4 2 2 2 493 812 826 1407
1874 4 2 2 2 1099 1107 382 1207
1875 4 2 2 2 1024 1442 1296 1443
1876 4 2 2 2 1009 1367 1153 1411
1877 4 2 2 2 879 926 1186 1360
1878 4 2 2 2 910 913 920 1292
1879 4 2 2 2 870 873 1235 1394
1880 4 2 2 2 500 506 469 809
1881 4 2 2 2 375 1334 1325 1346
1882 4 2 2 2 851 903 1039 1353
1883 4 2 2 2 967 1172 939 1197
1884 4 2 2 2 1074 1130 350 1270
1885 4 2 2 2 850 844 903 1353
1886 4 2 2 2 881 882 944 1055
1887 4 2 2 2 30 1399 1129 1423
1888 4 2 2 2 1022 1200 1006 1212
1889 4 2 2 2 903 1066 1039 1353
1890 4 2 2 2 317 1294 1160 1368
1891 4 2 2 2 1301 1366 1001 1383
1892 4 2 2 2 378 1156 1435 1450
1893 4 2 2 2 822 838 800 873
1894 4 2 2 2 880 896 937 1405
1895 4 2 2 2 479 477 476 798
1896 4 2 2 2 818 1377 820 1421
1897 4 2 2 2 996 995 1125 1246
1898 4 2 2 2 973 978 890 1004
1899 4 2 2 2 1133 1191 1110 1380
1900 4 2 2 2 994 1179 1125 1266
1901 4 2 2 2 790 784 433 1141
1902 4 2 2 2 465 462 440 807
1903 4 2 2 2 799 828 832 1247
1904 4 2 2 2 80 645 79 1442
1905 4 2 2 2 821 805 1377 1378
1906 4 2 2 2 960 1073 874 1235
1907 4 2 2 2 392 1298 1299 1373
1908 4 2 2 2 1066 1089 1304 1363
1909 4 2 2 2 322 1115 1131 1351
1910 4 2 2 2 819 1134 1192 1457
1911 4 2 2 2 258 529 522 1215
1912 4 2 2 2 335 904 341 986
1913 4 2 2 2 1099 1207 382 1437
1914 4 2 2 2 1254 1273 1042 1318
1915 4 2 2 2 1027 1051 1016 1339
1916 4 2 2 2 870 959 1043 1235
1917 4 2 2 2 819 860 1134 1457
1918 4 2 2 2 1031 1011 1262 1263
1919 4 2 2 2 310 1114 1236 1367
1920 4 2 2 2 255 253 1085 1095
1921 4 2 2 2 324 1017 322 1115
1922 4 2 2 2 909 917 1369 1415
1923 4 2 2 2 984 1025 905 1035
1924 4 2 2 2 912 1309 1133 1387
1925 4 2 2 2 822 1319 1233 1356
1926 4 2 2 2 1027 1390 1253 1422
1927 4 2 2 2 988 1097 1079 1459
1928 4 2 2 2 264 1081 246 1082
1929 4 2 2 2 878 1152 930 1292
1930 4 2 2 2 915 914 1158 1370
1931 4 2 2 2 1062 1005 1276 1307
1932 4 2 2 2 888 1021 995 1241
1933 4 2 2 2 888 974 1021 1353
1934 4 2 2 2 1025 1050 1049 1354
1935 4 2 2 2 935 1172 911 1364
1936 4 2 2 2 892 897 1014 1018
1937 4 2 2 2 1409 1417 1232 1418
1938 4 2 2 2 1033 1050 1025 1354
1939 4 2 2 2 523 1215 525 1427
1940 4 2 2 2 847 848 816 1412
1941 4 2 2 2 422 1199 1158 1445
1942 4 2 2 2 971 1317 1301 1383
1943 4 2 2 2 1097 1184 1162 1277
1944 4 2 2 2 32 1130 1399 1423
1945 4 2 2 2 428 1124 1182 1359
1946 4 2 2 2 911 912 1324 1380
1947 4 2 2 2 508 26 30 1282
1948 4 2 2 2 32 28 508 1282
1949 4 2 2 2 947 1259 1254 1341
1950 4 2 2 2 799 814 798 1289
1951 4 2 2 2 463 806 1233 1319
1952 4 2 2 2 878 1292 1323 1324
1953 4 2 2 2 909 861 933 1364
1954 4 2 2 2 969 1332 1044 1397
1955 4 2 2 2 28 1282 901 1424
1956 4 2 2 2 1009 1290 1153 1367
1957 4 2 2 2 842 1030 1000 1109
1958 4 2 2 2 171 170 732 1137
1959 4 2 2 2 183 741 182 1137
1960 4 2 2 2 891 1006 1366 1383
1961 4 2 2 2 871 883 856 1438
1962 4 2 2 2 910 911 858 1387
1963 4 2 2 2 488 465 440 807
1964 4 2 2 2 838 845 800 846
1965 4 2 2 2 349 902 901 1126
1966 4 2 2 2 1204 1267 859 1356
1967 4 2 2 2 500 469 507 808
1968 4 2 2 2 1006 1001 1366 1383
1969 4 2 2 2 998 1029 1291 1458
1970 4 2 2 2 936 1137 1174 1355
1971 4 2 2 2 358 359 1144 1340
1972 4 2 2 2 352 1144 353 1340
1973 4 2 2 2 144 145 712 1138
1974 4 2 2 2 315 1260 1261 1262
1975 4 2 2 2 992 1100 1079 1277
1976 4 2 2 2 903 1375 1165 1376
1977 4 2 2 2 1105 1250 1088 1436
1978 4 2 2 2 881 937 882 1055
1979 4 2 2 2 232 515 233 1391
1980 4 2 2 2 234 513 235 1391
1981 4 2 2 2 829 802 868 1134
1982 4 2 2 2 946 1094 1362 1455
1983 4 2 2 2 969 1045 983 1397
1984 4 2 2 2 132 704 133 1138
1985 4 2 2 2 814 872 835 1285
1986 4 2 2 2 157 156 720 1143
1987 4 2 2 2 860 859 869 1457
1988 4 2 2 2 892 1031 1014 1386
1989 4 2 2 2 999 1239 1159 1291
1990 4 2 2 2 820 1040 850 1136
1991 4 2 2 2 1114 310 1221 1367
1992 4 2 2 2 920 1169 987 1208
1993 4 2 2 2 390 1315 1207 1373
1994 4 2 2 2 992 1119 1275 1277
1995 4 2 2 2 798 1271 816 1272
1996 4 2 2 2 1172 1192 858 1387
1997 4 2 2 2 414 1105 1250 1370
1998 4 2 2 2 504 482 815 1289
1999 4 2 2 2 327 1322 326 1338
2000 4 2 2 2 1143 1202 1197 1205
2001 4 2 2 2 627 103 104 1264
2002 4 2 2 2 865 916 927 1076
2003 4 2 2 2 1043 1053 951 1235
2004 4 2 2 2 840 1041 989 1080
2005 4 2 2 2 978 1061 1005 1096
2006 4 2 2 2 952 953 951 1438
2007 4 2 2 2 1008 1027 1010 1449
2008 4 2 2 2 903 844 991 1353
2009 4 2 2 2 600 141 140 1146
2010 4 2 2 2 824 858 1192 1297
2011 4 2 2 2 769 218 217 1374
2012 4 2 2 2 990 1164 1119 1375
2013 4 2 2 2 159 724 158 1145
2014 4 2 2 2 146 716 147 1145
2015 4 2 2 2 823 839 821 1189
2016 4 2 2 2 854 979 851 981
2017 4 2 2 2 358 359 1431 1432
2018 4 2 2 2 467 805 491 1378
2019 4 2 2 2 805 823 1189 1379
2020 4 2 2 2 810 804 825 1279
2021 4 2 2 2 1009 1316 1269 1404
2022 4 2 2 2 911 1172 935 1267
2023 4 2 2 2 829 1192 1134 1457
2024 4 2 2 2 484 813 470 1420
2025 4 2 2 2 337 904 335 1068
2026 4 2 2 2 801 814 874 1394
2027 4 2 2 2 433 435 782 1141
2028 4 2 2 2 852 1301 971 1317
2029 4 2 2 2 1190 1294 317 1368
2030 4 2 2 2 134 135 708 1325
2031 4 2 2 2 122 699 123 1325
2032 4 2 2 2 268 1061 1096 1276
2033 4 2 2 2 111 691 110 1328
2034 4 2 2 2 99 98 682 1328
2035 4 2 2 2 569 176 175 1244
2036 4 2 2 2 164 578 163 1244
2037 4 2 2 2 844 888 843 1421
2038 4 2 2 2 1087 1114 1018 1368
2039 4 2 2 2 418 1076 1343 1426
2040 4 2 2 2 995 1177 1125 1241
2041 4 2 2 2 921 1195 1140 1225
2042 4 2 2 2 420 1250 418 1426
2043 4 2 2 2 858 1324 1166 1356
2044 4 2 2 2 1064 1100 1005 1307
2045 4 2 2 2 924 1112 1075 1385
2046 4 2 2 2 1076 424 1343 1385
2047 4 2 2 2 459 503 495 809
2048 4 2 2 2 913 1132 1194 1323
2049 4 2 2 2 800 846 845 1265
2050 4 2 2 2 886 992 988 1300
2051 4 2 2 2 1253 1390 1011 1422
2052 4 2 2 2 252 246 248 1234
2053 4 2 2 2 248 254 252 1234
2054 4 2 2 2 851 1063 974 1353
2055 4 2 2 2 856 874 871 952
2056 4 2 2 2 393 1202 1203 1299
2057 4 2 2 2 804 825 822 1233
2058 4 2 2 2 1038 1095 1085 1148
2059 4 2 2 2 390 1207 388 1454
2060 4 2 2 2 950 949 1325 1346
2061 4 2 2 2 30 1129 1113 1280
2062 4 2 2 2 488 807 487 1420
2063 4 2 2 2 1002 1056 1020 1301
2064 4 2 2 2 837 833 853 854
2065 4 2 2 2 343 26 898 1280
2066 4 2 2 2 940 1108 389 1143
2067 4 2 2 2 813 837 1320 1420
2068 4 2 2 2 686 107 106 1431
2069 4 2 2 2 219 218 768 1374
2070 4 2 2 2 971 1002 975 1028
2071 4 2 2 2 1091 1301 1001 1312
2072 4 2 2 2 463 804 460 1142
2073 4 2 2 2 1010 1051 847 1412
2074 4 2 2 2 950 1043 951 1235
2075 4 2 2 2 1054 1228 1042 1326
2076 4 2 2 2 1110 1309 970 1311
2077 4 2 2 2 1013 1059 1093 1411
2078 4 2 2 2 1057 1004 1092 1278
2079 4 2 2 2 842 1010 1030 1339
2080 4 2 2 2 882 896 895 946
2081 4 2 2 2 446 490 473 808
2082 4 2 2 2 705 131 130 1413
2083 4 2 2 2 119 696 118 1413
2084 4 2 2 2 350 348 1198 1270
2085 4 2 2 2 882 946 883 1094
2086 4 2 2 2 1238 1239 1178 1312
2087 4 2 2 2 890 975 973 1003
2088 4 2 2 2 1168 1211 994 1288
2089 4 2 2 2 997 994 1303 1458
2090 4 2 2 2 506 809 500 1400
2091 4 2 2 2 950 1043 870 1342
2092 4 2 2 2 143 717 147 1381
2093 4 2 2 2 859 938 1172 1409
2094 4 2 2 2 276 1184 1100 1277
2095 4 2 2 2 384 382 1207 1437
2096 4 2 2 2 595 139 138 1153
2097 4 2 2 2 351 983 349 1126
2098 4 2 2 2 910 912 911 1387
2099 4 2 2 2 355 1243 969 1397
2100 4 2 2 2 412 1088 919 1250
2101 4 2 2 2 862 1183 921 1308
2102 4 2 2 2 831 817 1041 1083
2103 4 2 2 2 282 1047 1096 1303
2104 4 2 2 2 1166 1233 819 1356
2105 4 2 2 2 1003 1057 1092 1313
2106 4 2 2 2 716 146 147 1318
2107 4 2 2 2 822 873 800 1356
2108 4 2 2 2 1091 1165 887 1421
2109 4 2 2 2 433 784 431 1141
2110 4 2 2 2 472 469 809 1209
2111 4 2 2 2 277 1151 1283 1363
2112 4 2 2 2 81 643 80 1161
2113 4 2 2 2 92 636 93 1161
2114 4 2 2 2 949 875 954 1342
2115 4 2 2 2 1064 1066 1305 1307
2116 4 2 2 2 427 1163 1208 1224
2117 4 2 2 2 984 1035 1037 1049
2118 4 2 2 2 1212 1230 309 1429
2119 4 2 2 2 493 826 928 1297
2120 4 2 2 2 868 1456 867 1457
2121 4 2 2 2 1361 1373 390 1454
2122 4 2 2 2 1066 1064 1305 1306
2123 4 2 2 2 909 917 1310 1369
2124 4 2 2 2 1079 1081 1080 1459
2125 4 2 2 2 916 919 918 931
2126 4 2 2 2 480 452 491 811
2127 4 2 2 2 190 749 192 1436
2128 4 2 2 2 108 106 687 1229
2129 4 2 2 2 166 168 731 1453
2130 4 2 2 2 912 1323 910 1324
2131 4 2 2 2 894 1068 1032 1069
2132 4 2 2 2 866 872 834 879
2133 4 2 2 2 990 1164 993 1217
2134 4 2 2 2 914 956 878 1323
2135 4 2 2 2 483 498 454 810
2136 4 2 2 2 1050 1296 1049 1446
2137 4 2 2 2 921 920 1224 1308
2138 4 2 2 2 1005 1064 979 1100
2139 4 2 2 2 468 475 813 1072
2140 4 2 2 2 474 468 812 1072
2141 4 2 2 2 229 228 775 1163
2142 4 2 2 2 118 120 694 1229
2143 4 2 2 2 247 1095 249 1147
2144 4 2 2 2 81 644 76 1170
2145 4 2 2 2 505 817 489 1401
2146 4 2 2 2 829 1134 812 1209
2147 4 2 2 2 366 1430 1155 1431
2148 4 2 2 2 123 119 697 1229
2149 4 2 2 2 689 107 111 1229
2150 4 2 2 2 1097 1284 267 1459
2151 4 2 2 2 482 810 497 815
2152 4 2 2 2 801 877 874 1036
2153 4 2 2 2 913 1199 1154 1292
2154 4 2 2 2 802 868 1265 1281
2155 4 2 2 2 959 1328 1155 1332
2156 4 2 2 2 461 1072 806 1319
2157 4 2 2 2 992 990 1119 1277
2158 4 2 2 2 1152 1166 858 1324
2159 4 2 2 2 1002 1001 1123 1382
2160 4 2 2 2 195 191 751 1173
2161 4 2 2 2 183 742 179 1173
2162 4 2 2 2 156 154 721 1453
2163 4 2 2 2 878 880 956 1405
2164 4 2 2 2 326 1338 1322 1403
2165 4 2 2 2 1003 1000 1159 1291
2166 4 2 2 2 1097 1284 1089 1304
2167 4 2 2 2 1076 1112 927 1385
2168 4 2 2 2 282 1096 1047 1286
2169 4 2 2 2 999 1109 1091 1312
2170 4 2 2 2 885 993 990 1165
2171 4 2 2 2 184 189 562 1168
2172 4 2 2 2 1146 1260 1230 1390
2173 4 2 2 2 947 1254 1138 1396
2174 4 2 2 2 897 1069 1032 1131
2175 4 2 2 2 861 1192 1172 1387
2176 4 2 2 2 903 1284 1089 1375
2177 4 2 2 2 461 806 463 1319
2178 4 2 2 2 822 825 804 1279
2179 4 2 2 2 950 1325 1156 1334
2180 4 2 2 2 995 1125 1179 1266
2181 4 2 2 2 1033 1338 1050 1403
2182 4 2 2 2 814 810 834 1285
2183 4 2 2 2 1170 1302 1034 1425
2184 4 2 2 2 468 1072 813 1209
2185 4 2 2 2 468 812 1072 1209
2186 4 2 2 2 873 1044 959 1235
2187 4 2 2 2 1155 1328 959 1336
2188 4 2 2 2 878 930 914 1292
2189 4 2 2 2 770 215 219 1249
2190 4 2 2 2 800 822 1319 1460
2191 4 2 2 2 400 1218 1104 1416
2192 4 2 2 2 1104 1218 406 1416
2193 4 2 2 2 231 227 779 1249
2194 4 2 2 2 26 898 1282 1424
2195 4 2 2 2 707 133 134 1327
2196 4 2 2 2 835 1324 1267 1356
2197 4 2 2 2 1232 1055 1361 1362
2198 4 2 2 2 155 159 725 1361
2199 4 2 2 2 943 1273 1145 1315
2200 4 2 2 2 797 830 857 1400
2201 4 2 2 2 1040 1085 850 1136
2202 4 2 2 2 1042 1318 1273 1381
2203 4 2 2 2 841 1022 1008 1339
2204 4 2 2 2 964 1205 942 1223
2205 4 2 2 2 163 577 162 1244
2206 4 2 2 2 175 174 568 1244
2207 4 2 2 2 1150 1015 1322 1384
2208 4 2 2 2 799 827 1289 1400
2209 4 2 2 2 221 533 220 1391
2210 4 2 2 2 532 222 223 1391
2211 4 2 2 2 952 953 966 1106
2212 4 2 2 2 437 474 464 1072
2213 4 2 2 2 436 465 475 1072
2214 4 2 2 2 816 831 828 1401
2215 4 2 2 2 799 827 814 1289
2216 4 2 2 2 1014 1160 1294 1368
2217 4 2 2 2 426 1358 1359 1385
2218 4 2 2 2 784 240 241 1163
2219 4 2 2 2 778 230 231 1374
2220 4 2 2 2 64 652 69 1170
2221 4 2 2 2 473 808 469 1209
2222 4 2 2 2 932 912 1133 1387
2223 4 2 2 2 219 1352 1249 1374
2224 4 2 2 2 1249 1352 231 1374
2225 4 2 2 2 841 1008 1022 1213
2226 4 2 2 2 1036 1074 1130 1399
2227 4 2 2 2 804 1233 822 1319
2228 4 2 2 2 399 1417 397 1418
2229 4 2 2 2 985 1017 984 1115
2230 4 2 2 2 466 498 483 804
2231 4 2 2 2 480 491 467 805
2232 4 2 2 2 94 95 678 1431
2233 4 2 2 2 187 188 560 1248
2234 4 2 2 2 199 543 200 1248
2235 4 2 2 2 798 816 811 1272
2236 4 2 2 2 865 919 916 1076
2237 4 2 2 2 939 964 1205 1252
2238 4 2 2 2 1001 1178 1123 1312
2239 4 2 2 2 1269 1316 1009 1383
2240 4 2 2 2 954 1335 1043 1452
2241 4 2 2 2 937 1070 1104 1355
2242 4 2 2 2 847 1016 1051 1339
2243 4 2 2 2 426 1257 1358 1385
2244 4 2 2 2 966 1107 948 1365
2245 4 2 2 2 844 843 888 1320
2246 4 2 2 2 589 152 151 1251
2247 4 2 2 2 140 597 139 1251
2248 4 2 2 2 960 1155 1388 1430
2249 4 2 2 2 886 988 885 1300
2250 4 2 2 2 343 898 904 1026
2251 4 2 2 2 471 812 493 1407
2252 4 2 2 2 1015 1016 1150 1403
2253 4 2 2 2 951 1389 1156 1434
2254 4 2 2 2 907 1074 908 1393
2255 4 2 2 2 844 1165 991 1353
2256 4 2 2 2 462 805 467 1378
2257 4 2 2 2 858 862 824 1166
2258 4 2 2 2 1204 1342 870 1356
2259 4 2 2 2 991 1350 1063 1353
2260 4 2 2 2 871 874 814 1394
2261 4 2 2 2 913 910 920 1369
2262 4 2 2 2 396 394 1237 1455
2263 4 2 2 2 332 1446 1050 1447
2264 4 2 2 2 917 919 1185 1311
2265 4 2 2 2 329 1068 335 1069
2266 4 2 2 2 390 388 1453 1454
2267 4 2 2 2 877 984 907 1035
2268 4 2 2 2 196 197 542 1441
2269 4 2 2 2 216 766 217 1343
2270 4 2 2 2 874 961 952 962
2271 4 2 2 2 507 500 808 1247
2272 4 2 2 2 995 996 1125 1395
2273 4 2 2 2 1038 1089 903 1284
2274 4 2 2 2 424 1257 426 1385
2275 4 2 2 2 877 1035 907 1113
2276 4 2 2 2 1091 1109 999 1366
2277 4 2 2 2 839 887 885 1165
2278 4 2 2 2 372 1156 1389 1434
2279 4 2 2 2 176 572 177 1256
2280 4 2 2 2 270 1276 1275 1441
2281 4 2 2 2 351 1045 983 1126
2282 4 2 2 2 798 814 810 1289
2283 4 2 2 2 366 1388 1155 1430
2284 4 2 2 2 984 985 847 1017
2285 4 2 2 2 428 1352 1182 1374
2286 4 2 2 2 819 859 858 1356
2287 4 2 2 2 425 1343 1169 1348
2288 4 2 2 2 828 832 853 890
2289 4 2 2 2 307 1230 1269 1429
2290 4 2 2 2 1305 1307 1066 1363
2291 4 2 2 2 502 457 486 808
2292 4 2 2 2 486 817 808 833
2293 4 2 2 2 91 635 92 1442
2294 4 2 2 2 951 953 1435 1450
2295 4 2 2 2 420 418 1249 1426
2296 4 2 2 2 459 506 503 809
2297 4 2 2 2 1146 1212 309 1357
2298 4 2 2 2 271 1283 1151 1350
2299 4 2 2 2 634 88 93 1446
2300 4 2 2 2 919 917 1185 1345
2301 4 2 2 2 969 1084 958 1331
2302 4 2 2 2 800 818 1189 1379
2303 4 2 2 2 911 1324 1344 1380
2304 4 2 2 2 424 426 1249 1385
2305 4 2 2 2 997 1004 1168 1288
2306 4 2 2 2 176 177 572 1211
2307 4 2 2 2 938 1417 1409 1418
2308 4 2 2 2 987 1343 1076 1348
2309 4 2 2 2 985 984 1036 1037
2310 4 2 2 2 424 1257 1385 1439
2311 4 2 2 2 897 976 893 977
2312 4 2 2 2 948 965 949 1456
2313 4 2 2 2 495 809 815 928
2314 4 2 2 2 828 832 890 893
2315 4 2 2 2 907 908 873 1393
2316 4 2 2 2 847 1051 1010 1339
2317 4 2 2 2 1255 1273 1145 1414
2318 4 2 2 2 1014 1012 1160 1333
2319 4 2 2 2 880 1324 1323 1380
2320 4 2 2 2 503 495 809 815
2321 4 2 2 2 270 1276 1096 1287
2322 4 2 2 2 859 1204 938 1409
2323 4 2 2 2 837 852 851 853
2324 4 2 2 2 396 1453 394 1455
2325 4 2 2 2 153 591 152 1239
2326 4 2 2 2 1031 1290 1190 1294
2327 4 2 2 2 824 1192 819 1408
2328 4 2 2 2 257 523 525 1427
2329 4 2 2 2 919 1076 418 1426
2330 4 2 2 2 492 815 810 834
2331 4 2 2 2 382 1381 1099 1437
2332 4 2 2 2 846 908 907 1052
2333 4 2 2 2 923 1124 1358 1359
2334 4 2 2 2 870 873 822 1356
2335 4 2 2 2 817 833 828 1247
2336 4 2 2 2 298 1003 1058 1093
2337 4 2 2 2 1004 997 1168 1303
2338 4 2 2 2 910 1183 920 1369
2339 4 2 2 2 1008 1146 1260 1449
2340 4 2 2 2 1162 1201 1097 1375
2341 4 2 2 2 473 507 444 469
2342 4 2 2 2 506 445 469 472
2343 4 2 2 2 888 1301 852 1320
2344 4 2 2 2 953 1098 951 1434
2345 4 2 2 2 314 1260 1146 1449
2346 4 2 2 2 1021 1248 1349 1350
2347 4 2 2 2 933 934 1180 1295
2348 4 2 2 2 1230 1290 1153 1404
2349 4 2 2 2 1016 1015 1150 1384
2350 4 2 2 2 496 1406 464 1407
2351 4 2 2 2 201 200 546 1286
2352 4 2 2 2 977 847 985 1017
2353 4 2 2 2 82 671 84 1340
2354 4 2 2 2 1007 1213 1212 1390
2355 4 2 2 2 821 839 823 1271
2356 4 2 2 2 960 1098 961 1430
2357 4 2 2 2 489 817 811 1401
2358 4 2 2 2 344 1170 1227 1425
2359 4 2 2 2 1012 1015 1322 1333
2360 4 2 2 2 365 1188 1293 1432
2361 4 2 2 2 833 1040 982 1083
2362 4 2 2 2 991 1349 1151 1350
2363 4 2 2 2 999 1321 1175 1366
2364 4 2 2 2 811 1271 816 1402
2365 4 2 2 2 949 1327 1325 1346
2366 4 2 2 2 1107 1108 382 1207
2367 4 2 2 2 186 187 559 1248
2368 4 2 2 2 199 198 541 1248
2369 4 2 2 2 934 933 1180 1309
2370 4 2 2 2 894 904 1068 1069
2371 4 2 2 2 127 126 604 1190
2372 4 2 2 2 823 841 849 1339
2373 4 2 2 2 504 482 497 815
2374 4 2 2 2 860 1342 869 1356
2375 4 2 2 2 1000 1092 1029 1291
2376 4 2 2 2 1325 1327 949 1341
2377 4 2 2 2 818 820 807 1320
2378 4 2 2 2 1030 1093 1000 1159
2379 4 2 2 2 935 1174 1157 1344
2380 4 2 2 2 1119 1287 1217 1428
2381 4 2 2 2 461 1072 1319 1379
2382 4 2 2 2 217 218 769 1117
2383 4 2 2 2 761 206 205 1117
2384 4 2 2 2 247 245 251 1148
2385 4 2 2 2 251 253 247 1148
2386 4 2 2 2 105 626 100 1351
2387 4 2 2 2 193 194 752 1118
2388 4 2 2 2 181 743 182 1118
2389 4 2 2 2 400 1104 1237 1416
2390 4 2 2 2 820 1320 818 1421
2391 4 2 2 2 493 809 495 928
2392 4 2 2 2 151 150 586 1251
2393 4 2 2 2 138 139 595 1251
2394 4 2 2 2 492 495 815 926
2395 4 2 2 2 88 634 93 1351
2396 4 2 2 2 280 1060 1004 1096
2397 4 2 2 2 942 943 1145 1203
2398 4 2 2 2 994 1211 1210 1241
2399 4 2 2 2 850 903 851 1353
2400 4 2 2 2 1089 1038 1147 1284
2401 4 2 2 2 249 1095 1121 1147
2402 4 2 2 2 109 688 108 1329
2403 4 2 2 2 97 96 677 1329
2404 4 2 2 2 959 960 1155 1388
2405 4 2 2 2 811 817 489 1041
2406 4 2 2 2 1007 1230 1153 1404
2407 4 2 2 2 1063 1353 1066 1363
2408 4 2 2 2 1063 1066 1307 1363
2409 4 2 2 2 1062 1276 268 1441
2410 4 2 2 2 376 1107 1099 1435
2411 4 2 2 2 951 950 1156 1389
2412 4 2 2 2 846 838 907 908
2413 4 2 2 2 1112 1426 931 1445
2414 4 2 2 2 831 886 855 1080
2415 4 2 2 2 806 1134 1072 1408
2416 4 2 2 2 843 891 1366 1383
2417 4 2 2 2 815 830 827 866
2418 4 2 2 2 1037 1049 1035 1372
2419 4 2 2 2 499 459 495 809
2420 4 2 2 2 801 962 803 1086
2421 4 2 2 2 1014 1160 1032 1333
2422 4 2 2 2 477 811 798 1401
2423 4 2 2 2 1156 380 1325 1326
2424 4 2 2 2 827 857 830 1400
2425 4 2 2 2 353 359 1144 1243
2426 4 2 2 2 264 266 1081 1459
2427 4 2 2 2 314 312 1219 1449
2428 4 2 2 2 797 809 830 1400
2429 4 2 2 2 1088 1416 1105 1436
2430 4 2 2 2 471 499 472 448
2431 4 2 2 2 853 854 833 855
2432 4 2 2 2 1001 1175 1123 1382
2433 4 2 2 2 893 976 975 977
2434 4 2 2 2 470 813 475 1420
2435 4 2 2 2 419 1169 1343 1345
2436 4 2 2 2 360 1398 1340 1451
2437 4 2 2 2 466 483 439 478
2438 4 2 2 2 840 989 886 1080
2439 4 2 2 2 467 478 438 480
2440 4 2 2 2 948 947 1396 1456
2441 4 2 2 2 805 1271 823 1272
2442 4 2 2 2 341 340 986 1135
2443 4 2 2 2 372 1389 1229 1434
2444 4 2 2 2 1006 1007 891 1213
2445 4 2 2 2 306 1010 308 1030
2446 4 2 2 2 1012 1322 1264 1333
2447 4 2 2 2 1087 1290 1031 1367
2448 4 2 2 2 327 1333 1322 1338
2449 4 2 2 2 919 1112 1076 1426
2450 4 2 2 2 757 203 202 1268
2451 4 2 2 2 191 748 190 1268
2452 4 2 2 2 1122 1237 1104 1416
2453 4 2 2 2 964 1108 948 1242
2454 4 2 2 2 877 905 838 907
2455 4 2 2 2 1229 1388 366 1430
2456 4 2 2 2 382 1107 383 1108
2457 4 2 2 2 1071 956 1193 1371
2458 4 2 2 2 287 1214 1246 1278
2459 4 2 2 2 1261 1262 1011 1263
2460 4 2 2 2 911 912 910 1324
2461 4 2 2 2 940 946 884 1122
2462 4 2 2 2 470 468 813 1209
2463 4 2 2 2 471 812 468 1209
2464 4 2 2 2 310 1367 1236 1411
2465 4 2 2 2 75 663 71 1198
2466 4 2 2 2 1027 1051 1010 1449
2467 4 2 2 2 842 1109 889 1402
2468 4 2 2 2 887 1165 1091 1266
2469 4 2 2 2 1029 1092 997 1288
2470 4 2 2 2 1154 1292 1199 1374
2471 4 2 2 2 1340 1398 354 1440
2472 4 2 2 2 390 1373 1207 1454
2473 4 2 2 2 83 670 87 1198
2474 4 2 2 2 984 1049 1037 1116
2475 4 2 2 2 1030 1159 1000 1321
2476 4 2 2 2 822 870 835 1228
2477 4 2 2 2 906 1052 1026 1281
2478 4 2 2 2 502 808 486 817
2479 4 2 2 2 800 1319 1072 1379
2480 4 2 2 2 1181 1210 1177 1241
2481 4 2 2 2 992 1300 1047 1428
2482 4 2 2 2 968 1232 1055 1361
2483 4 2 2 2 874 961 962 1101
2484 4 2 2 2 128 609 129 1219
2485 4 2 2 2 910 862 1152 1308
2486 4 2 2 2 485 805 491 811
2487 4 2 2 2 913 1311 1132 1415
2488 4 2 2 2 894 906 846 1176
2489 4 2 2 2 835 1166 878 1324
2490 4 2 2 2 847 877 801 984
2491 4 2 2 2 276 1100 1276 1277
2492 4 2 2 2 1275 1287 1119 1428
2493 4 2 2 2 828 890 848 893
2494 4 2 2 2 481 505 489 1401
2495 4 2 2 2 925 1183 987 1208
2496 4 2 2 2 1120 1148 245 1391
2497 4 2 2 2 800 1134 1072 1319
2498 4 2 2 2 99 682 98 1398
2499 4 2 2 2 86 673 87 1398
2500 4 2 2 2 938 1197 935 1417
2501 4 2 2 2 397 1171 1314 1417
2502 4 2 2 2 160 582 165 1256
2503 4 2 2 2 172 177 573 1256
2504 4 2 2 2 943 944 881 1228
2505 4 2 2 2 956 1071 1193 1370
2506 4 2 2 2 935 1197 1172 1364
2507 4 2 2 2 336 1037 1170 1372
2508 4 2 2 2 836 892 802 894
2509 4 2 2 2 498 492 810 1167
2510 4 2 2 2 861 967 939 1242
2511 4 2 2 2 864 987 925 1183
2512 4 2 2 2 271 1151 1349 1350
2513 4 2 2 2 337 1026 904 1068
2514 4 2 2 2 1063 991 1353 1363
2515 4 2 2 2 1042 1326 1318 1381
2516 4 2 2 2 1009 1031 1316 1404
2517 4 2 2 2 932 1157 1174 1344
2518 4 2 2 2 889 1300 886 1402
2519 4 2 2 2 921 925 1163 1208
2520 4 2 2 2 481 489 811 1401
2521 4 2 2 2 835 880 878 1285
2522 4 2 2 2 248 1121 254 1234
2523 4 2 2 2 134 708 135 1318
2524 4 2 2 2 1132 1311 1110 1415
2525 4 2 2 2 273 1164 1217 1349
2526 4 2 2 2 1001 1301 1091 1366
2527 4 2 2 2 960 959 1155 1451
2528 4 2 2 2 943 1042 944 1228
2529 4 2 2 2 733 171 167 1361
2530 4 2 2 2 942 1255 1145 1414
2531 4 2 2 2 930 1152 878 1360
2532 4 2 2 2 1047 1300 997 1303
2533 4 2 2 2 944 1042 1054 1228
2534 4 2 2 2 995 1125 1177 1395
2535 4 2 2 2 336 1116 1372 1446
2536 4 2 2 2 890 1093 1003 1412
2537 4 2 2 2 889 1047 992 1300
2538 4 2 2 2 896 895 1104 1105
2539 4 2 2 2 876 969 902 1084
2540 4 2 2 2 293 1245 1206 1313
2541 4 2 2 2 516 248 520 1231
2542 4 2 2 2 255 1095 1085 1121
2543 4 2 2 2 820 982 1136 1420
2544 4 2 2 2 993 1303 1300 1428
2545 4 2 2 2 372 1156 1434 1435
2546 4 2 2 2 880 1344 1324 1380
2547 4 2 2 2 122 1325 134 1327
2548 4 2 2 2 1228 1342 1204 1414
2549 4 2 2 2 988 989 840 1376
2550 4 2 2 2 262 264 1082 1100
2551 4 2 2 2 893 975 848 977
2552 4 2 2 2 865 895 866 916
2553 4 2 2 2 860 869 859 1356
2554 4 2 2 2 863 1152 878 1166
2555 4 2 2 2 910 1292 1152 1324
2556 4 2 2 2 942 1203 1145 1223
2557 4 2 2 2 820 1376 844 1377
2558 4 2 2 2 991 1151 1201 1363
2559 4 2 2 2 1172 861 1252 1457
2560 4 2 2 2 344 1129 1113 1227
2561 4 2 2 2 1335 1336 1043 1452
2562 4 2 2 2 903 1089 1066 1353
2563 4 2 2 2 1233 1319 819 1356
2564 4 2 2 2 952 941 963 1106
2565 4 2 2 2 209 210 554 1305
2566 4 2 2 2 221 536 222 1305
2567 4 2 2 2 977 1019 890 1412
2568 4 2 2 2 331 1068 1032 1443
2569 4 2 2 2 450 481 479 1401
2570 4 2 2 2 1019 1093 890 1412
2571 4 2 2 2 1099 1435 953 1450
2572 4 2 2 2 312 1236 1114 1449
2573 4 2 2 2 908 1045 873 1393
2574 4 2 2 2 354 1198 1102 1440
2575 4 2 2 2 342 1129 344 1227
2576 4 2 2 2 835 880 881 1267
2577 4 2 2 2 805 823 1379 1460
2578 4 2 2 2 914 915 1158 1445
2579 4 2 2 2 189 184 562 1286
2580 4 2 2 2 827 884 883 895
2581 4 2 2 2 1175 1321 1022 1366
2582 4 2 2 2 1110 956 1194 1323
2583 4 2 2 2 1254 1255 1222 1396
2584 4 2 2 2 502 808 817 1247
2585 4 2 2 2 910 1152 1292 1308
2586 4 2 2 2 981 1120 1103 1148
2587 4 2 2 2 1091 1165 888 1266
2588 4 2 2 2 985 1037 1036 1086
2589 4 2 2 2 814 872 827 883
2590 4 2 2 2 886 889 855 980
2591 4 2 2 2 994 1240 1179 1266
2592 4 2 2 2 167 166 729 1453
2593 4 2 2 2 616 116 115 1264
2594 4 2 2 2 340 1129 342 1410
2595 4 2 2 2 502 507 457 808
2596 4 2 2 2 993 994 887 1300
2597 4 2 2 2 1012 1386 1011 1422
2598 4 2 2 2 892 971 893 976
2599 4 2 2 2 256 531 261 1427
2600 4 2 2 2 185 174 561 186
2601 4 2 2 2 220 535 225 237
2602 4 2 2 2 535 220 232 237
2603 4 2 2 2 136 153 588 141
2604 4 2 2 2 153 136 588 148
2605 4 2 2 2 173 160 580 161
2606 4 2 2 2 160 173 580 172
2607 4 2 2 2 817 1247 828 1401
2608 4 2 2 2 828 833 817 855
2609 4 2 2 2 881 1204 943 1228
2610 4 2 2 2 959 958 1328 1332
2611 4 2 2 2 381 1318 1259 1341
2612 4 2 2 2 30 32 1399 1423
2613 4 2 2 2 989 1080 1081 1459
2614 4 2 2 2 817 486 1041 1083
2615 4 2 2 2 944 1207 1315 1373
2616 4 2 2 2 844 837 1320 1353
2617 4 2 2 2 365 1293 1188 1330
2618 4 2 2 2 427 1208 1163 1348
2619 4 2 2 2 86 85 73 672
2620 4 2 2 2 1042 1273 1054 1381
2621 4 2 2 2 477 478 476 1272
2622 4 2 2 2 28 349 901 1126
2623 4 2 2 2 828 842 816 1412
2624 4 2 2 2 899 898 904 986
2625 4 2 2 2 503 815 809 1400
2626 4 2 2 2 878 914 930 1360
2627 4 2 2 2 361 1188 1243 1331
2628 4 2 2 2 903 991 1089 1353
2629 4 2 2 2 197 185 544 198
2630 4 2 2 2 740 178 180 168
2631 4 2 2 2 162 149 590 150
2632 4 2 2 2 740 178 168 166
2633 4 2 2 2 149 162 590 161
2634 4 2 2 2 154 144 714 142
2635 4 2 2 2 106 96 679 94
2636 4 2 2 2 70 72 82 671
2637 4 2 2 2 105 100 626 117
2638 4 2 2 2 154 144 156 714
2639 4 2 2 2 190 749 178 180
2640 4 2 2 2 72 84 82 671
2641 4 2 2 2 749 190 192 180
2642 4 2 2 2 150 137 149 590
2643 4 2 2 2 214 204 216 767
2644 4 2 2 2 65 78 651 77
2645 4 2 2 2 78 65 651 66
2646 4 2 2 2 214 204 767 202
2647 4 2 2 2 296 1159 1239 1291
2648 4 2 2 2 463 1142 460 1319
2649 4 2 2 2 197 196 542 184
2650 4 2 2 2 542 185 197 184
2651 4 2 2 2 204 193 747 192
2652 4 2 2 2 113 100 112 613
2653 4 2 2 2 238 226 783 239
2654 4 2 2 2 76 89 632 88
2655 4 2 2 2 79 66 78 640
2656 4 2 2 2 103 90 102 622
2657 4 2 2 2 149 136 596 137
2658 4 2 2 2 142 143 713 155
2659 4 2 2 2 713 154 142 155
2660 4 2 2 2 89 76 632 77
2661 4 2 2 2 1217 272 1286 1287
2662 4 2 2 2 1066 1306 1305 1392
2663 4 2 2 2 879 895 872 896
2664 4 2 2 2 517 234 233 1391
2665 4 2 2 2 322 1018 1017 1368
2666 4 2 2 2 334 335 986 1069
2667 4 2 2 2 472 506 499 809
2668 4 2 2 2 1012 1253 1176 1386
2669 4 2 2 2 913 1154 920 1292
2670 4 2 2 2 312 1114 1221 1449
2671 4 2 2 2 471 474 812 1407
2672 4 2 2 2 295 1244 1178 1245
2673 4 2 2 2 954 1293 1346 1448
2674 4 2 2 2 196 201 545 1286
2675 4 2 2 2 57 1130 1077 1419
2676 4 2 2 2 814 827 810 1289
2677 4 2 2 2 903 850 1038 1376
2678 4 2 2 2 1078 1127 1128 1135
2679 4 2 2 2 848 975 890 977
2680 4 2 2 2 938 968 1203 1298
2681 4 2 2 2 882 883 945 1094
2682 4 2 2 2 480 477 811 1272
2683 4 2 2 2 195 194 750 1193
2684 4 2 2 2 1179 1240 1187 1266
2685 4 2 2 2 289 1179 1244 1246
2686 4 2 2 2 839 887 1109 1300
2687 4 2 2 2 932 1295 1157 1364
2688 4 2 2 2 810 814 798 1279
2689 4 2 2 2 891 1011 1253 1390
2690 4 2 2 2 869 860 875 1342
2691 4 2 2 2 155 722 154 1453
2692 4 2 2 2 885 887 993 1165
2693 4 2 2 2 946 1362 1237 1455
2694 4 2 2 2 801 803 985 1086
2695 4 2 2 2 990 1119 1217 1428
2696 4 2 2 2 938 1204 1203 1409
2697 4 2 2 2 1183 1310 987 1369
2698 4 2 2 2 486 982 1041 1083
2699 4 2 2 2 1014 1131 1032 1160
2700 4 2 2 2 994 995 1125 1241
2701 4 2 2 2 846 907 906 1052
2702 4 2 2 2 827 856 883 884
2703 4 2 2 2 957 1191 1133 1380
2704 4 2 2 2 1021 1065 1248 1350
2705 4 2 2 2 932 1309 933 1387
2706 4 2 2 2 887 993 1165 1241
2707 4 2 2 2 834 926 863 1167
2708 4 2 2 2 1297 1407 1406 1444
2709 4 2 2 2 863 1166 878 1285
2710 4 2 2 2 1101 1102 1046 1440
2711 4 2 2 2 809 830 815 866
2712 4 2 2 2 57 1077 54 1128
2713 4 2 2 2 46 1077 47 1128
2714 4 2 2 2 804 1142 822 1460
2715 4 2 2 2 868 875 860 876
2716 4 2 2 2 506 459 499 809
2717 4 2 2 2 92 1161 80 1442
2718 4 2 2 2 925 1348 927 1439
2719 4 2 2 2 898 901 899 1282
2720 4 2 2 2 1008 1212 1022 1213
2721 4 2 2 2 1057 1056 1149 1245
2722 4 2 2 2 505 481 450 1401
2723 4 2 2 2 940 1122 939 1314
2724 4 2 2 2 347 902 353 1067
2725 4 2 2 2 956 1110 1191 1380
2726 4 2 2 2 987 1076 1343 1345
2727 4 2 2 2 1056 1057 1149 1246
2728 4 2 2 2 831 886 840 1402
2729 4 2 2 2 960 1053 1043 1235
2730 4 2 2 2 848 893 890 975
2731 4 2 2 2 952 1098 953 1106
2732 4 2 2 2 1019 1114 1013 1367
2733 4 2 2 2 949 955 954 1456
2734 4 2 2 2 820 844 837 1320
2735 4 2 2 2 952 953 941 966
2736 4 2 2 2 450 479 501 1401
2737 4 2 2 2 1264 1294 1263 1386
2738 4 2 2 2 1091 1266 888 1312
2739 4 2 2 2 954 1346 1335 1448
2740 4 2 2 2 314 1219 1260 1449
2741 4 2 2 2 1093 1236 1019 1411
2742 4 2 2 2 979 981 980 1082
2743 4 2 2 2 865 884 830 895
2744 4 2 2 2 867 1252 861 1457
2745 4 2 2 2 961 1433 1101 1451
2746 4 2 2 2 95 680 99 1398
2747 4 2 2 2 87 670 83 1398
2748 4 2 2 2 1164 1165 993 1241
2749 4 2 2 2 284 1168 1211 1303
2750 4 2 2 2 316 1221 1190 1368
2751 4 2 2 2 1007 1009 1153 1269
2752 4 2 2 2 804 822 1142 1319
2753 4 2 2 2 427 1169 1208 1348
2754 4 2 2 2 396 1361 1453 1455
2755 4 2 2 2 997 1096 1047 1303
2756 4 2 2 2 940 939 1143 1314
2757 4 2 2 2 955 954 1293 1346
2758 4 2 2 2 1275 1276 276 1441
2759 4 2 2 2 875 868 955 1330
2760 4 2 2 2 965 1365 1327 1413
2761 4 2 2 2 197 198 544 1441
2762 4 2 2 2 849 905 1033 1253
2763 4 2 2 2 858 859 819 1192
2764 4 2 2 2 370 1106 1413 1434
2765 4 2 2 2 940 941 883 945
2766 4 2 2 2 887 994 993 1241
2767 4 2 2 2 1203 1204 968 1409
2768 4 2 2 2 264 1079 1081 1100
2769 4 2 2 2 961 963 962 1101
2770 4 2 2 2 802 1265 894 1281
2771 4 2 2 2 811 816 831 1402
2772 4 2 2 2 437 468 474 1072
2773 4 2 2 2 468 436 475 1072
2774 4 2 2 2 363 1332 1331 1397
2775 4 2 2 2 329 1032 1068 1131
2776 4 2 2 2 246 519 515 1231
2777 4 2 2 2 911 1267 935 1344
2778 4 2 2 2 500 444 507 469
2779 4 2 2 2 469 500 445 506
2780 4 2 2 2 995 994 1125 1266
2781 4 2 2 2 924 1075 1359 1385
2782 4 2 2 2 274 1307 275 1441
2783 4 2 2 2 1021 993 1181 1241
2784 4 2 2 2 1010 1030 1008 1357
2785 4 2 2 2 974 1065 1021 1353
2786 4 2 2 2 360 1340 358 1433
2787 4 2 2 2 951 1099 953 1450
2788 4 2 2 2 952 900 962 963
2789 4 2 2 2 1172 1197 967 1364
2790 4 2 2 2 860 1456 868 1457
2791 4 2 2 2 490 486 457 808
2792 4 2 2 2 803 897 848 985
2793 4 2 2 2 54 1077 8 1128
2794 4 2 2 2 488 475 465 1420
2795 4 2 2 2 1169 1208 920 1374
2796 4 2 2 2 1300 1303 994 1458
2797 4 2 2 2 1157 1295 1171 1364
2798 4 2 2 2 911 935 932 1344
2799 4 2 2 2 381 1327 1325 1341
2800 4 2 2 2 1006 1028 1251 1382
2801 4 2 2 2 464 442 463 1406
2802 4 2 2 2 878 1152 1292 1324
2803 4 2 2 2 206 207 759 1193
2804 4 2 2 2 277 1304 1201 1363
2805 4 2 2 2 867 965 948 1456
2806 4 2 2 2 1003 1159 1092 1291
2807 4 2 2 2 872 895 882 896
2808 4 2 2 2 46 7 1077 1128
2809 4 2 2 2 962 1036 874 1046
2810 4 2 2 2 938 1202 1203 1205
2811 4 2 2 2 951 1228 950 1235
2812 4 2 2 2 943 944 1315 1373
2813 4 2 2 2 1187 1238 1178 1312
2814 4 2 2 2 461 807 465 1072
2815 4 2 2 2 464 806 461 1072
2816 4 2 2 2 916 918 895 931
2817 4 2 2 2 878 863 1285 1360
2818 4 2 2 2 910 912 1387 1415
2819 4 2 2 2 830 827 866 895
2820 4 2 2 2 486 489 817 1041
2821 4 2 2 2 807 1378 1377 1379
2822 4 2 2 2 340 1037 1135 1410
2823 4 2 2 2 887 998 994 1266
2824 4 2 2 2 984 1050 1049 1447
2825 4 2 2 2 1109 1300 887 1458
2826 4 2 2 2 396 1237 1355 1362
2827 4 2 2 2 492 926 834 1167
2828 4 2 2 2 360 1433 1431 1451
2829 4 2 2 2 923 1182 1124 1359
2830 4 2 2 2 156 1143 168 1453
2831 4 2 2 2 1103 1391 1306 1392
2832 4 2 2 2 996 1056 972 1301
2833 4 2 2 2 477 452 480 811
2834 4 2 2 2 888 1165 1021 1241
2835 4 2 2 2 800 1189 823 1379
2836 4 2 2 2 1219 1261 1027 1384
2837 4 2 2 2 882 895 883 946
2838 4 2 2 2 1318 1381 1326 1450
2839 4 2 2 2 878 1166 1152 1324
2840 4 2 2 2 842 1030 1109 1339
2841 4 2 2 2 501 1247 817 1401
2842 4 2 2 2 454 476 483 810
2843 4 2 2 2 984 1050 1016 1354
2844 4 2 2 2 507 473 490 808
2845 4 2 2 2 1247 1289 501 1400
2846 4 2 2 2 306 1146 1010 1449
2847 4 2 2 2 930 1075 1352 1359
2848 4 2 2 2 885 1165 990 1375
2849 4 2 2 2 864 928 826 1297
2850 4 2 2 2 965 1327 949 1346
2851 4 2 2 2 823 1394 838 1460
2852 4 2 2 2 946 1094 937 1362
2853 4 2 2 2 369 1329 1328 1452
2854 4 2 2 2 362 1332 1397 1398
2855 4 2 2 2 887 1241 1165 1266
2856 4 2 2 2 485 491 452 811
2857 4 2 2 2 274 1276 1100 1307
2858 4 2 2 2 839 885 887 1300
2859 4 2 2 2 277 1201 1151 1363
2860 4 2 2 2 479 1289 501 1401
2861 4 2 2 2 891 1317 1316 1383
2862 4 2 2 2 498 492 454 810
2863 4 2 2 2 868 1134 802 1265
2864 4 2 2 2 960 1043 959 1235
2865 4 2 2 2 439 460 466 478
2866 4 2 2 2 1092 1168 1004 1288
2867 4 2 2 2 977 847 1051 1412
2868 4 2 2 2 8 14 10 1128
2869 4 2 2 2 9 14 7 1128
2870 4 2 2 2 478 438 460 467
2871 4 2 2 2 1377 1378 805 1379
2872 4 2 2 2 1006 1022 1212 1366
2873 4 2 2 2 913 1154 1345 1369
2874 4 2 2 2 863 926 922 1226
2875 4 2 2 2 965 949 1327 1365
2876 4 2 2 2 346 347 1067 1127
2877 4 2 2 2 856 952 900 962
2878 4 2 2 2 334 328 1069 1116
2879 4 2 2 2 1193 1268 1071 1371
2880 4 2 2 2 838 846 800 873
2881 4 2 2 2 1025 1296 1024 1442
2882 4 2 2 2 843 1189 1091 1213
2883 4 2 2 2 107 686 106 1229
2884 4 2 2 2 1253 1339 1213 1390
2885 4 2 2 2 47 1077 1129 1410
2886 4 2 2 2 820 1377 807 1378
2887 4 2 2 2 1029 1256 998 1291
2888 4 2 2 2 333 1337 1296 1443
2889 4 2 2 2 487 491 1136 1378
2890 4 2 2 2 286 1092 1004 1278
2891 4 2 2 2 930 1352 1182 1359
2892 4 2 2 2 530 254 526 1231
2893 4 2 2 2 448 471 499 493
2894 4 2 2 2 462 461 460 1319
2895 4 2 2 2 1021 1165 1164 1241
2896 4 2 2 2 274 1276 1307 1441
2897 4 2 2 2 1070 1104 1218 1371
2898 4 2 2 2 931 1426 1250 1445
2899 4 2 2 2 828 853 855 890
2900 4 2 2 2 911 932 935 1364
2901 4 2 2 2 829 1192 826 1408
2902 4 2 2 2 1254 1273 1255 1414
2903 4 2 2 2 1183 1208 920 1369
2904 4 2 2 2 1029 998 1256 1288
2905 4 2 2 2 1104 1237 946 1355
2906 4 2 2 2 1025 1049 1296 1446
2907 4 2 2 2 1154 920 1292 1374
2908 4 2 2 2 801 799 848 985
2909 4 2 2 2 1023 1032 1014 1176
2910 4 2 2 2 1009 1031 892 1316
2911 4 2 2 2 817 831 828 855
2912 4 2 2 2 450 501 505 1401
2913 4 2 2 2 1081 266 1111 1459
2914 4 2 2 2 991 1201 1164 1375
2915 4 2 2 2 827 834 815 866
2916 4 2 2 2 476 483 810 1279
2917 4 2 2 2 348 1102 1198 1270
2918 4 2 2 2 496 442 464 1406
2919 4 2 2 2 798 816 799 1401
2920 4 2 2 2 970 1309 912 1387
2921 4 2 2 2 209 208 551 1441
2922 4 2 2 2 1028 1153 1009 1269
2923 4 2 2 2 815 501 1289 1400
2924 4 2 2 2 1316 1317 971 1383
2925 4 2 2 2 7 8 1077 1128
2926 4 2 2 2 1219 1260 1027 1261
2927 4 2 2 2 835 880 1267 1324
2928 4 2 2 2 188 563 189 1211
2929 4 2 2 2 824 1406 1297 1408
2930 4 2 2 2 515 523 1231 1427
2931 4 2 2 2 396 1362 1361 1455
2932 4 2 2 2 490 486 808 982
2933 4 2 2 2 912 1110 970 1415
2934 4 2 2 2 179 191 1173 1218
2935 4 2 2 2 1003 1092 292 1313
2936 4 2 2 2 765 214 215 1249
2937 4 2 2 2 774 227 226 1249
2938 4 2 2 2 931 1105 915 1370
2939 4 2 2 2 840 885 988 1376
2940 4 2 2 2 501 1289 1247 1401
2941 4 2 2 2 1065 1021 1248 1395
2942 4 2 2 2 993 1286 1210 1303
2943 4 2 2 2 961 1101 960 1451
2944 4 2 2 2 819 824 806 1233
2945 4 2 2 2 835 1267 1204 1356
2946 4 2 2 2 1240 1256 998 1288
2947 4 2 2 2 501 502 817 1247
2948 4 2 2 2 797 799 1247 1400
2949 4 2 2 2 932 935 1157 1344
2950 4 2 2 2 165 164 581 1239
2951 4 2 2 2 899 902 900 1084
2952 4 2 2 2 843 891 1213 1366
2953 4 2 2 2 851 974 852 1353
2954 4 2 2 2 970 1309 1088 1436
2955 4 2 2 2 839 821 1189 1377
2956 4 2 2 2 970 1088 1311 1436
2957 4 2 2 2 823 838 800 1460
2958 4 2 2 2 246 1081 248 1234
2959 4 2 2 2 696 119 118 1229
2960 4 2 2 2 1190 1290 1087 1367
2961 4 2 2 2 906 1068 1024 1176
2962 4 2 2 2 1044 1398 1073 1440
2963 4 2 2 2 994 997 1168 1288
2964 4 2 2 2 1035 1034 1170 1372
2965 4 2 2 2 874 1073 1046 1393
2966 4 2 2 2 369 1448 367 1452
2967 4 2 2 2 1197 1202 938 1205
2968 4 2 2 2 500 1247 501 1400
2969 4 2 2 2 437 464 461 1072
2970 4 2 2 2 436 461 465 1072
2971 4 2 2 2 826 829 861 1192
2972 4 2 2 2 901 1067 347 1127
2973 4 2 2 2 1089 1097 1201 1375
2974 4 2 2 2 818 1265 845 1317
2975 4 2 2 2 860 870 1342 1356
2976 4 2 2 2 1004 1168 1096 1303
2977 4 2 2 2 999 1175 1001 1366
2978 4 2 2 2 976 1017 897 1018
2979 4 2 2 2 1043 1053 1388 1389
2980 4 2 2 2 1165 1241 888 1266
2981 4 2 2 2 944 1228 1054 1438
2982 4 2 2 2 839 1376 840 1377
2983 4 2 2 2 485 1041 982 1136
2984 4 2 2 2 998 1256 1238 1291
2985 4 2 2 2 812 1134 829 1408
2986 4 2 2 2 340 334 986 1037
2987 4 2 2 2 525 529 258 1215
2988 4 2 2 2 1111 1121 1095 1147
2989 4 2 2 2 506 503 809 1400
2990 4 2 2 2 350 1130 348 1270
2991 4 2 2 2 1097 1079 1184 1277
2992 4 2 2 2 248 254 520 1231
2993 4 2 2 2 816 1271 811 1272
2994 4 2 2 2 835 1204 870 1356
2995 4 2 2 2 244 1274 1120 1391
2996 4 2 2 2 1034 1035 1170 1227
2997 4 2 2 2 855 890 853 978
2998 4 2 2 2 955 1084 963 1188
2999 4 2 2 2 844 903 1165 1376
3000 4 2 2 2 871 856 952 1438
3001 4 2 2 2 245 1148 247 1392
3002 4 2 2 2 841 1109 1022 1339
3003 4 2 2 2 874 1235 1073 1393
3004 4 2 2 2 997 994 1168 1303
3005 4 2 2 2 829 830 861 884
3006 4 2 2 2 798 814 801 1394
3007 4 2 2 2 892 976 897 1018
3008 4 2 2 2 897 1018 1017 1131
3009 4 2 2 2 1015 1012 1322 1384
3010 4 2 2 2 167 1361 155 1453
3011 4 2 2 2 14 8 7 1128
3012 4 2 2 2 222 536 221 1391
3013 4 2 2 2 1000 999 1159 1291
3014 4 2 2 2 460 467 462 805
3015 4 2 2 2 463 466 460 804
3016 4 2 2 2 852 974 972 1301
3017 4 2 2 2 1006 1382 1175 1383
3018 4 2 2 2 496 464 474 1407
3019 4 2 2 2 284 1211 1210 1303
3020 4 2 2 2 1193 1071 1268 1370
3021 4 2 2 2 918 919 909 1088
3022 4 2 2 2 70 60 662 59
3023 4 2 2 2 442 494 463 1406
3024 4 2 2 2 909 861 1364 1387
3025 4 2 2 2 1260 1262 1230 1390
3026 4 2 2 2 486 456 502 817
3027 4 2 2 2 58 70 660 59
3028 4 2 2 2 967 1295 1171 1314
3029 4 2 2 2 1017 1114 1016 1220
3030 4 2 2 2 797 802 832 897
3031 4 2 2 2 50 651 49 65
3032 4 2 2 2 913 1194 914 1323
3033 4 2 2 2 394 1122 1237 1455
3034 4 2 2 2 360 358 1431 1433
3035 4 2 2 2 64 48 650 49
3036 4 2 2 2 1012 1176 1023 1386
3037 4 2 2 2 493 826 1297 1407
3038 4 2 2 2 956 1191 957 1380
3039 4 2 2 2 458 495 503 815
3040 4 2 2 2 806 824 819 1408
3041 4 2 2 2 508 28 26 1282
3042 4 2 2 2 855 978 853 980
3043 4 2 2 2 939 1242 964 1252
3044 4 2 2 2 999 1239 1238 1312
3045 4 2 2 2 1157 1171 935 1364
3046 4 2 2 2 860 875 868 1456
3047 4 2 2 2 843 845 818 1189
3048 4 2 2 2 932 1157 935 1364
3049 4 2 2 2 879 924 916 1075
3050 4 2 2 2 1016 1115 1017 1403
3051 4 2 2 2 1169 1345 1154 1369
3052 4 2 2 2 1211 1240 994 1288
3053 4 2 2 2 886 988 1079 1080
3054 4 2 2 2 948 1108 1107 1242
3055 4 2 2 2 360 1340 1433 1451
3056 4 2 2 2 999 1001 1123 1312
3057 4 2 2 2 885 990 988 1375
3058 4 2 2 2 843 1366 1301 1383
3059 4 2 2 2 894 1014 897 1032
3060 4 2 2 2 507 808 502 1247
3061 4 2 2 2 906 1024 1023 1176
3062 4 2 2 2 949 950 1325 1341
3063 4 2 2 2 914 1199 913 1292
3064 4 2 2 2 887 1266 1091 1312
3065 4 2 2 2 961 1098 1106 1430
3066 4 2 2 2 802 857 829 1347
3067 4 2 2 2 989 1085 1038 1095
3068 4 2 2 2 30 1280 1113 1399
3069 4 2 2 2 1066 1305 1304 1392
3070 4 2 2 2 1021 1164 991 1349
3071 4 2 2 2 893 897 892 976
3072 4 2 2 2 367 1293 1330 1448
3073 4 2 2 2 845 891 843 1317
3074 4 2 2 2 889 890 855 980
3075 4 2 2 2 862 1166 1152 1226
3076 4 2 2 2 935 967 1197 1364
3077 4 2 2 2 1006 1175 1022 1366
3078 4 2 2 2 1000 1093 1003 1159
3079 4 2 2 2 461 463 460 1319
3080 4 2 2 2 1094 1108 945 1454
3081 4 2 2 2 892 1176 894 1265
3082 4 2 2 2 1006 1212 1213 1366
3083 4 2 2 2 930 1182 923 1360
3084 4 2 2 2 464 19 496 474
3085 4 2 2 2 21 483 466 498
3086 4 2 2 2 481 505 24 489
3087 4 2 2 2 482 497 25 504
3088 4 2 2 2 18 488 475 465
3089 4 2 2 2 473 490 22 507
3090 4 2 2 2 20 467 480 491
3091 4 2 2 2 472 506 23 499
3092 4 2 2 2 1016 1017 1150 1403
3093 4 2 2 2 917 919 909 1310
3094 4 2 2 2 462 441 487 1378
3095 4 2 2 2 1172 1364 861 1387
3096 4 2 2 2 1017 1115 324 1403
3097 4 2 2 2 883 941 856 952
3098 4 2 2 2 863 922 926 1186
3099 4 2 2 2 922 928 926 1048
3100 4 2 2 2 863 1152 923 1360
3101 4 2 2 2 1006 1251 1028 1269
3102 4 2 2 2 437 461 468 1072
3103 4 2 2 2 468 461 436 1072
3104 4 2 2 2 828 848 832 893
3105 4 2 2 2 842 847 816 1412
3106 4 2 2 2 828 831 816 855
3107 4 2 2 2 48 69 31 53
3108 4 2 2 2 71 63 58 33
3109 4 2 2 2 94 678 95 1340
3110 4 2 2 2 83 669 82 1340
3111 4 2 2 2 964 1222 1108 1223
3112 4 2 2 2 465 461 462 807
3113 4 2 2 2 461 464 463 806
3114 4 2 2 2 1006 1175 1001 1383
3115 4 2 2 2 806 1072 1134 1319
3116 4 2 2 2 918 909 934 1088
3117 4 2 2 2 1033 1296 1050 1338
3118 4 2 2 2 32 1130 1074 1399
3119 4 2 2 2 859 938 1204 1252
3120 4 2 2 2 901 1126 899 1282
3121 4 2 2 2 213 208 553 1184
3122 4 2 2 2 220 225 535 1184
3123 4 2 2 2 113 114 615 1190
3124 4 2 2 2 607 126 125 1190
3125 4 2 2 2 949 965 955 1456
3126 4 2 2 2 367 1448 1329 1452
3127 4 2 2 2 814 1279 810 1285
3128 4 2 2 2 296 1239 1238 1291
3129 4 2 2 2 844 888 1165 1353
3130 4 2 2 2 957 1133 932 1380
3131 4 2 2 2 1075 1352 1249 1445
3132 4 2 2 2 152 1200 140 1251
3133 4 2 2 2 1068 1442 1024 1443
3134 4 2 2 2 101 100 623 1351
3135 4 2 2 2 840 831 1041 1080
3136 4 2 2 2 245 1391 1148 1392
3137 4 2 2 2 1013 1019 1236 1411
3138 4 2 2 2 839 887 1091 1109
3139 4 2 2 2 503 501 815 1400
3140 4 2 2 2 468 475 470 813
3141 4 2 2 2 474 468 471 812
3142 4 2 2 2 1006 1251 1175 1382
3143 4 2 2 2 797 803 799 857
3144 4 2 2 2 878 1323 880 1324
3145 4 2 2 2 507 490 457 808
3146 4 2 2 2 946 1122 1094 1455
3147 4 2 2 2 73 61 62 29
3148 4 2 2 2 68 51 27 52
3149 4 2 2 2 489 453 481 811
3150 4 2 2 2 989 1090 1121 1234
3151 4 2 2 2 899 900 868 1084
3152 4 2 2 2 455 497 482 810
3153 4 2 2 2 306 1010 1030 1236
3154 4 2 2 2 820 982 1040 1136
3155 4 2 2 2 948 966 941 1107
3156 4 2 2 2 844 1376 1165 1421
3157 4 2 2 2 174 162 1149 1244
3158 4 2 2 2 920 1154 913 1369
3159 4 2 2 2 993 994 1210 1241
3160 4 2 2 2 1262 1290 1230 1404
3161 4 2 2 2 919 1185 1076 1345
3162 4 2 2 2 1175 1382 1001 1383
3163 4 2 2 2 822 800 838 1460
3164 4 2 2 2 905 907 877 984
3165 4 2 2 2 352 346 1067 1102
3166 4 2 2 2 927 1348 1076 1439
3167 4 2 2 2 1006 1269 1028 1383
3168 4 2 2 2 850 903 844 1376
3169 4 2 2 2 441 467 491 1378
3170 4 2 2 2 839 887 1165 1421
3171 4 2 2 2 1023 1176 1014 1386
3172 4 2 2 2 1007 1212 1006 1429
3173 4 2 2 2 831 842 886 1402
3174 4 2 2 2 804 1279 1142 1460
3175 4 2 2 2 895 918 1104 1105
3176 4 2 2 2 864 826 1192 1297
3177 4 2 2 2 301 1175 1251 1382
3178 4 2 2 2 1016 1050 1033 1354
3179 4 2 2 2 309 1200 1357 1429
3180 4 2 2 2 395 1122 940 1314
3181 4 2 2 2 370 1229 1106 1434
3182 4 2 2 2 816 828 799 1401
3183 4 2 2 2 871 951 1054 1438
3184 4 2 2 2 930 1359 1182 1360
3185 4 2 2 2 895 931 918 1105
3186 4 2 2 2 912 913 910 1323
3187 4 2 2 2 1106 1229 364 1430
3188 4 2 2 2 936 1232 1409 1417
3189 4 2 2 2 447 484 470 1420
3190 4 2 2 2 891 1316 1007 1383
3191 4 2 2 2 471 493 449 1407
3192 4 2 2 2 428 1182 1352 1359
3193 4 2 2 2 887 1091 1109 1312
3194 4 2 2 2 883 941 952 953
3195 4 2 2 2 851 1039 1066 1353
3196 4 2 2 2 349 983 902 1126
3197 4 2 2 2 920 1169 1154 1369
3198 4 2 2 2 854 981 851 1040
3199 4 2 2 2 938 1203 968 1409
3200 4 2 2 2 879 916 915 1075
3201 4 2 2 2 251 245 1120 1148
3202 4 2 2 2 873 1045 1044 1393
3203 4 2 2 2 1026 1052 1034 1425
3204 4 2 2 2 890 978 855 980
3205 4 2 2 2 1100 1276 1005 1307
3206 4 2 2 2 880 956 957 1380
3207 4 2 2 2 1018 1131 1014 1160
3208 4 2 2 2 817 808 833 1247
3209 4 2 2 2 1021 1181 1177 1241
3210 4 2 2 2 1010 1008 1146 1357
3211 4 2 2 2 1045 1074 1046 1393
3212 4 2 2 2 993 1210 1181 1241
3213 4 2 2 2 290 1256 1240 1288
3214 4 2 2 2 1037 1116 1049 1372
3215 4 2 2 2 1091 1189 841 1213
3216 4 2 2 2 1177 1248 1021 1395
3217 4 2 2 2 1017 1016 1150 1220
3218 4 2 2 2 500 502 501 1247
3219 4 2 2 2 889 992 886 1300
3220 4 2 2 2 406 1105 1104 1416
3221 4 2 2 2 505 502 456 817
3222 4 2 2 2 890 1004 889 1092
3223 4 2 2 2 829 861 867 1242
3224 4 2 2 2 1088 1105 919 1250
3225 4 2 2 2 1013 1236 1367 1411
3226 4 2 2 2 971 1301 972 1383
3227 4 2 2 2 223 234 235 1391
3228 4 2 2 2 223 222 234 1391
3229 4 2 2 2 232 233 221 1391
3230 4 2 2 2 221 220 232 1391
3231 4 2 2 2 482 451 479 1289
3232 4 2 2 2 873 838 907 1393
3233 4 2 2 2 823 805 1272 1460
3234 4 2 2 2 871 1054 951 1228
3235 4 2 2 2 328 1351 1116 1447
3236 4 2 2 2 503 504 458 815
3237 4 2 2 2 1016 1033 1015 1354
3238 4 2 2 2 930 920 1308 1374
3239 4 2 2 2 906 1176 1023 1253
3240 4 2 2 2 839 1300 1109 1402
3241 4 2 2 2 814 1279 822 1394
3242 4 2 2 2 1283 1307 1062 1441
3243 4 2 2 2 264 1081 1079 1459
3244 4 2 2 2 1166 1324 835 1356
3245 4 2 2 2 1431 1432 961 1433
3246 4 2 2 2 30 1113 1129 1399
3247 4 2 2 2 51 67 27 50
3248 4 2 2 2 836 971 892 1317
3249 4 2 2 2 929 1112 924 1385
3250 4 2 2 2 482 504 451 1289
3251 4 2 2 2 469 471 468 1209
3252 4 2 2 2 470 469 468 1209
3253 4 2 2 2 10 14 9 1128
3254 4 2 2 2 1084 1188 958 1331
3255 4 2 2 2 61 72 60 29
3256 4 2 2 2 219 1249 231 1374
3257 4 2 2 2 53 69 31 52
3258 4 2 2 2 388 1207 1108 1454
3259 4 2 2 2 501 479 451 1289
3260 4 2 2 2 487 1136 982 1420
3261 4 2 2 2 1094 1122 940 1455
3262 4 2 2 2 987 1208 1183 1369
3263 4 2 2 2 1210 1211 994 1303
3264 4 2 2 2 74 63 33 62
3265 4 2 2 2 1172 1242 939 1252
3266 4 2 2 2 181 193 192 1118
3267 4 2 2 2 296 1238 1256 1291
3268 4 2 2 2 472 471 469 1209
3269 4 2 2 2 473 469 470 1209
3270 4 2 2 2 885 1165 1375 1376
3271 4 2 2 2 909 1310 1183 1369
3272 4 2 2 2 927 1112 929 1385
3273 4 2 2 2 867 948 1396 1456
3274 4 2 2 2 797 803 802 897
3275 4 2 2 2 869 1204 942 1252
3276 4 2 2 2 1092 1149 1057 1278
3277 4 2 2 2 1087 1190 1221 1368
3278 4 2 2 2 505 456 489 817
3279 4 2 2 2 911 1364 1172 1387
3280 4 2 2 2 1094 1373 1361 1454
3281 4 2 2 2 1110 1132 912 1323
3282 4 2 2 2 883 941 953 1099
3283 4 2 2 2 283 1248 1177 1395
3284 4 2 2 2 486 489 456 817
3285 4 2 2 2 112 617 117 1219
3286 4 2 2 2 124 129 606 1219
3287 4 2 2 2 308 1030 1010 1357
3288 4 2 2 2 950 1156 1325 1326
3289 4 2 2 2 880 936 1267 1344
3290 4 2 2 2 458 504 497 815
3291 4 2 2 2 940 1108 1094 1454
3292 4 2 2 2 1297 1407 826 1408
3293 4 2 2 2 935 1344 1267 1409
3294 4 2 2 2 843 1317 891 1383
3295 4 2 2 2 458 497 495 815
3296 4 2 2 2 828 816 848 1412
3297 4 2 2 2 1182 1359 923 1360
3298 4 2 2 2 1018 1114 1017 1368
3299 4 2 2 2 284 1210 1286 1303
3300 4 2 2 2 462 467 441 1378
3301 4 2 2 2 930 1199 1292 1374
3302 4 2 2 2 381 1259 1327 1341
3303 4 2 2 2 843 1320 844 1421
3304 4 2 2 2 915 1112 931 1445
3305 4 2 2 2 1021 1164 993 1241
3306 4 2 2 2 1300 1303 1047 1428
3307 4 2 2 2 1038 1147 1148 1392
3308 4 2 2 2 955 1293 965 1346
3309 4 2 2 2 328 329 1069 1131
3310 4 2 2 2 803 856 799 857
3311 4 2 2 2 1113 1227 1034 1425
3312 4 2 2 2 885 993 1300 1428
3313 4 2 2 2 1021 1177 995 1241
3314 4 2 2 2 1051 1114 1010 1449
3315 4 2 2 2 842 1030 1010 1412
3316 4 2 2 2 341 898 27 1135
3317 4 2 2 2 798 1279 1394 1460
3318 4 2 2 2 798 1279 814 1394
3319 4 2 2 2 800 1379 823 1460
3320 4 2 2 2 994 998 1240 1266
3321 4 2 2 2 57 54 55 1128
3322 4 2 2 2 46 47 44 1128
3323 4 2 2 2 885 993 887 1300
3324 4 2 2 2 798 811 816 1401
3325 4 2 2 2 1142 1272 805 1460
3326 4 2 2 2 849 1027 1253 1422
3327 4 2 2 2 835 872 880 1285
3328 4 2 2 2 1057 1149 1092 1313
3329 4 2 2 2 924 1359 1358 1385
3330 4 2 2 2 923 1182 930 1308
3331 4 2 2 2 1087 1190 1031 1290
3332 4 2 2 2 1006 1001 1175 1366
3333 4 2 2 2 1020 1179 1187 1266
3334 4 2 2 2 55 56 57 1128
3335 4 2 2 2 44 45 46 1128
3336 4 2 2 2 874 952 856 962
3337 4 2 2 2 842 1000 1030 1412
3338 4 2 2 2 866 879 926 1186
3339 4 2 2 2 58 71 660 70
3340 4 2 2 2 362 1332 1398 1451
3341 4 2 2 2 985 1115 984 1447
3342 4 2 2 2 72 60 662 70
3343 4 2 2 2 50 651 65 66
3344 4 2 2 2 49 64 65 650
3345 4 2 2 2 944 945 1207 1454
3346 4 2 2 2 1036 1035 1227 1410
3347 4 2 2 2 1022 1030 1321 1357
3348 4 2 2 2 1007 1006 1269 1429
3349 4 2 2 2 1229 1388 1053 1389
3350 4 2 2 2 380 1318 1326 1450
3351 4 2 2 2 1249 1343 1076 1426
3352 4 2 2 2 932 1174 957 1344
3353 4 2 2 2 948 1138 1222 1396
3354 4 2 2 2 1033 1337 1296 1338
3355 4 2 2 2 876 958 969 1084
3356 4 2 2 2 995 1179 1020 1266
3357 4 2 2 2 500 501 503 1400
3358 4 2 2 2 984 1025 1049 1354
3359 4 2 2 2 55 54 8 1128
3360 4 2 2 2 8 10 55 1128
3361 4 2 2 2 380 1326 1156 1450
3362 4 2 2 2 987 920 1208 1369
3363 4 2 2 2 942 869 1252 1396
3364 4 2 2 2 1076 1343 1249 1385
3365 4 2 2 2 930 1292 920 1374
3366 4 2 2 2 815 1289 827 1400
3367 4 2 2 2 271 1349 1248 1350
3368 4 2 2 2 1222 1255 1223 1396
3369 4 2 2 2 948 1138 1107 1222
3370 4 2 2 2 878 1285 879 1360
3371 4 2 2 2 800 1142 1379 1460
3372 4 2 2 2 1152 1166 863 1226
3373 4 2 2 2 843 1301 1317 1383
3374 4 2 2 2 1012 1264 1263 1386
3375 4 2 2 2 1089 1284 1097 1375
3376 4 2 2 2 495 926 492 1444
3377 4 2 2 2 217 206 218 1117
3378 4 2 2 2 217 205 206 1117
3379 4 2 2 2 1034 1113 1035 1227
3380 4 2 2 2 1026 1280 1052 1425
3381 4 2 2 2 193 181 182 1118
3382 4 2 2 2 182 194 193 1118
3383 4 2 2 2 75 63 71 33
3384 4 2 2 2 69 48 31 64
3385 4 2 2 2 896 1070 937 1405
3386 4 2 2 2 1022 1321 1200 1357
3387 4 2 2 2 859 858 1172 1192
3388 4 2 2 2 888 1301 1091 1312
3389 4 2 2 2 875 1084 868 1330
3390 4 2 2 2 889 1109 1029 1458
3391 4 2 2 2 874 1046 1036 1393
3392 4 2 2 2 910 913 912 1415
3393 4 2 2 2 254 255 1090 1121
3394 4 2 2 2 938 935 1409 1417
3395 4 2 2 2 318 1220 1219 1221
3396 4 2 2 2 951 1099 1054 1438
3397 4 2 2 2 436 468 437 461
3398 4 2 2 2 469 500 444 445
3399 4 2 2 2 992 1096 1005 1287
3400 4 2 2 2 1176 1265 892 1317
3401 4 2 2 2 1020 1187 1178 1312
3402 4 2 2 2 942 1205 1203 1223
3403 4 2 2 2 818 1189 1377 1421
3404 4 2 2 2 1212 1213 1008 1390
3405 4 2 2 2 931 1250 1105 1370
3406 4 2 2 2 934 1122 1104 1416
3407 4 2 2 2 1034 1302 1026 1425
3408 4 2 2 2 485 811 489 1041
3409 4 2 2 2 68 51 67 27
3410 4 2 2 2 936 1409 935 1417
3411 4 2 2 2 1020 1178 1001 1312
3412 4 2 2 2 475 447 470 1420
3413 4 2 2 2 947 1255 1254 1396
3414 4 2 2 2 967 935 1171 1364
3415 4 2 2 2 826 1407 812 1408
3416 4 2 2 2 1013 1093 1019 1411
3417 4 2 2 2 383 1108 1107 1222
3418 4 2 2 2 939 967 1197 1314
3419 4 2 2 2 1187 1240 998 1266
3420 4 2 2 2 504 815 501 1289
3421 4 2 2 2 997 1303 1300 1458
3422 4 2 2 2 950 951 1156 1326
3423 4 2 2 2 878 1166 835 1285
3424 4 2 2 2 890 1003 973 1092
3425 4 2 2 2 1082 1306 1103 1391
3426 4 2 2 2 991 1164 1151 1349
3427 4 2 2 2 1181 993 1217 1286
3428 4 2 2 2 396 1237 1362 1455
3429 4 2 2 2 1036 1113 1129 1227
3430 4 2 2 2 486 982 485 1041
3431 4 2 2 2 890 973 1004 1092
3432 4 2 2 2 995 888 1241 1266
3433 4 2 2 2 842 1271 847 1339
3434 4 2 2 2 810 815 827 834
3435 4 2 2 2 869 947 949 1456
3436 4 2 2 2 870 873 959 1235
3437 4 2 2 2 195 206 194 1193
3438 4 2 2 2 206 195 207 1193
3439 4 2 2 2 1167 1226 825 1233
3440 4 2 2 2 794 1328 110 1329
3441 4 2 2 2 911 1324 1267 1344
3442 4 2 2 2 865 918 916 919
3443 4 2 2 2 930 1308 1182 1374
3444 4 2 2 2 912 1133 1110 1380
3445 4 2 2 2 899 904 898 1281
3446 4 2 2 2 938 1203 942 1205
3447 4 2 2 2 958 959 1328 1452
3448 4 2 2 2 234 222 233 1391
3449 4 2 2 2 222 221 233 1391
3450 4 2 2 2 1008 1022 1212 1357
3451 4 2 2 2 1036 1035 1113 1227
3452 4 2 2 2 485 982 487 1136
3453 4 2 2 2 438 460 439 478
3454 4 2 2 2 479 501 451 450
3455 4 2 2 2 365 1293 1106 1432
3456 4 2 2 2 970 1110 1311 1415
3457 4 2 2 2 1046 1036 1270 1419
3458 4 2 2 2 881 880 936 1267
3459 4 2 2 2 849 1253 1027 1339
3460 4 2 2 2 859 1172 938 1252
3461 4 2 2 2 827 830 815 1400
3462 4 2 2 2 1142 1319 822 1460
3463 4 2 2 2 956 1323 1110 1380
3464 4 2 2 2 484 982 837 1420
3465 4 2 2 2 1202 1298 1203 1299
3466 4 2 2 2 505 501 817 1401
3467 4 2 2 2 127 114 126 1190
3468 4 2 2 2 846 876 908 1281
3469 4 2 2 2 864 925 987 1310
3470 4 2 2 2 937 1104 946 1355
3471 4 2 2 2 935 936 1174 1344
3472 4 2 2 2 964 1223 942 1396
3473 4 2 2 2 476 810 482 1289
3474 4 2 2 2 1259 949 1327 1341
3475 4 2 2 2 1254 1255 947 1414
3476 4 2 2 2 939 1108 940 1143
3477 4 2 2 2 434 435 1124 1139
3478 4 2 2 2 457 456 502 486
3479 4 2 2 2 494 442 463 443
3480 4 2 2 2 503 459 495 458
3481 4 2 2 2 440 462 441 487
3482 4 2 2 2 1074 1036 1393 1399
3483 4 2 2 2 446 447 484 470
3484 4 2 2 2 471 448 449 493
3485 4 2 2 2 262 1100 1082 1306
3486 4 2 2 2 441 491 487 1378
3487 4 2 2 2 384 1315 1381 1437
3488 4 2 2 2 435 1139 1140 1225
3489 4 2 2 2 818 845 843 1317
3490 4 2 2 2 1250 1426 420 1445
3491 4 2 2 2 1052 1113 1034 1425
3492 4 2 2 2 1249 1352 1075 1359
3493 4 2 2 2 1005 1100 992 1277
3494 4 2 2 2 1089 1201 991 1375
3495 4 2 2 2 1084 969 1243 1331
3496 4 2 2 2 852 971 836 1317
3497 4 2 2 2 1042 1273 1254 1414
3498 4 2 2 2 73 61 29 72
3499 4 2 2 2 944 1315 1207 1437
3500 4 2 2 2 958 1188 1329 1331
3501 4 2 2 2 195 179 191 1173
3502 4 2 2 2 195 183 179 1173
3503 4 2 2 2 1013 1367 1009 1411
3504 4 2 2 2 841 1213 1022 1366
3505 4 2 2 2 839 1091 887 1421
3506 4 2 2 2 63 74 33 75
3507 4 2 2 2 69 52 68 31
3508 4 2 2 2 976 977 897 1017
3509 4 2 2 2 931 915 1250 1370
3510 4 2 2 2 1325 1326 380 1341
3511 4 2 2 2 18 488 465 440
3512 4 2 2 2 497 458 25 504
3513 4 2 2 2 489 505 24 456
3514 4 2 2 2 464 496 19 442
3515 4 2 2 2 466 443 21 498
3516 4 2 2 2 490 457 22 507
3517 4 2 2 2 20 441 467 491
3518 4 2 2 2 499 506 23 459
3519 4 2 2 2 849 1027 1015 1339
3520 4 2 2 2 913 1292 910 1323
3521 4 2 2 2 981 1103 1039 1148
3522 4 2 2 2 1226 1297 824 1406
3523 4 2 2 2 307 1269 1251 1429
3524 4 2 2 2 843 1213 1091 1366
3525 4 2 2 2 875 876 868 1084
3526 4 2 2 2 909 970 917 1415
3527 4 2 2 2 998 1238 1187 1312
3528 4 2 2 2 1052 1280 1113 1425
3529 4 2 2 2 334 1037 336 1116
3530 4 2 2 2 843 818 1320 1421
3531 4 2 2 2 26 898 1280 1282
3532 4 2 2 2 369 1336 1335 1452
3533 4 2 2 2 851 852 837 1353
3534 4 2 2 2 942 869 1396 1414
3535 4 2 2 2 1005 992 1275 1277
3536 4 2 2 2 1238 1239 999 1291
3537 4 2 2 2 922 1297 1226 1444
3538 4 2 2 2 990 1119 1164 1217
3539 4 2 2 2 981 851 1040 1148
3540 4 2 2 2 449 474 471 1407
3541 4 2 2 2 128 129 117 1219
3542 4 2 2 2 999 1022 1321 1366
3543 4 2 2 2 55 8 510 17
3544 4 2 2 2 942 1252 1205 1396
3545 4 2 2 2 17 43 8 510
3546 4 2 2 2 509 5 46 16
3547 4 2 2 2 839 1271 821 1402
3548 4 2 2 2 1097 1284 988 1375
3549 4 2 2 2 1127 1128 1067 1419
3550 4 2 2 2 23 472 499 448
3551 4 2 2 2 19 449 496 474
3552 4 2 2 2 475 488 18 447
3553 4 2 2 2 490 22 446 473
3554 4 2 2 2 788 239 785 1141
3555 4 2 2 2 883 884 940 946
3556 4 2 2 2 1007 1230 1262 1390
3557 4 2 2 2 495 493 928 1444
3558 4 2 2 2 967 1122 1295 1314
3559 4 2 2 2 994 1240 998 1458
3560 4 2 2 2 865 928 864 1196
3561 4 2 2 2 24 450 505 481
3562 4 2 2 2 489 24 481 453
3563 4 2 2 2 480 452 20 491
3564 4 2 2 2 504 25 482 451
3565 4 2 2 2 988 1162 1097 1375
3566 4 2 2 2 507 22 473 444
3567 4 2 2 2 467 438 20 480
3568 4 2 2 2 497 25 455 482
3569 4 2 2 2 483 439 21 466
3570 4 2 2 2 465 475 18 436
3571 4 2 2 2 23 445 506 472
3572 4 2 2 2 498 21 483 454
3573 4 2 2 2 474 464 19 437
3574 4 2 2 2 1094 1361 1453 1454
3575 4 2 2 2 804 822 1279 1460
3576 4 2 2 2 1036 1037 1035 1410
3577 4 2 2 2 865 1076 927 1310
3578 4 2 2 2 875 949 869 1342
3579 4 2 2 2 28 26 1282 1424
3580 4 2 2 2 948 947 1138 1396
3581 4 2 2 2 901 902 347 1067
3582 4 2 2 2 919 931 1112 1426
3583 4 2 2 2 954 955 875 1456
3584 4 2 2 2 1219 1220 1051 1221
3585 4 2 2 2 30 32 1282 1399
3586 4 2 2 2 1107 1138 948 1365
3587 4 2 2 2 791 785 243 1141
3588 4 2 2 2 1261 1384 1263 1422
3589 4 2 2 2 365 1106 364 1432
3590 4 2 2 2 175 186 187 1125
3591 4 2 2 2 175 174 186 1125
3592 4 2 2 2 1045 1046 1198 1440
3593 4 2 2 2 892 1316 1031 1386
3594 4 2 2 2 358 1432 1431 1433
3595 4 2 2 2 994 1288 1240 1458
3596 4 2 2 2 877 1036 1035 1113
3597 4 2 2 2 891 1213 1007 1390
3598 4 2 2 2 891 1006 1213 1366
3599 4 2 2 2 878 1292 914 1323
3600 4 2 2 2 1105 1071 1268 1371
3601 4 2 2 2 958 1329 1328 1331
3602 4 2 2 2 1148 1391 1120 1392
3603 4 2 2 2 943 1145 1273 1414
3604 4 2 2 2 501 502 505 817
3605 4 2 2 2 998 999 1238 1312
3606 4 2 2 2 1010 1027 1008 1339
3607 4 2 2 2 885 1375 988 1376
3608 4 2 2 2 1014 1032 894 1176
3609 4 2 2 2 783 239 788 1141
3610 4 2 2 2 1007 1262 1230 1404
3611 4 2 2 2 501 451 504 1289
3612 4 2 2 2 1054 1381 1099 1450
3613 4 2 2 2 1267 1324 880 1344
3614 4 2 2 2 157 158 170 1202
3615 4 2 2 2 170 169 157 1202
3616 4 2 2 2 476 482 479 1289
3617 4 2 2 2 503 501 504 815
3618 4 2 2 2 913 912 1132 1323
3619 4 2 2 2 894 846 906 1281
3620 4 2 2 2 246 252 250 1274
3621 4 2 2 2 250 244 246 1274
3622 4 2 2 2 877 907 838 1393
3623 4 2 2 2 895 946 896 1104
3624 4 2 2 2 1146 1008 1260 1390
3625 4 2 2 2 800 1319 1142 1460
3626 4 2 2 2 1267 1344 936 1409
3627 4 2 2 2 1003 1092 1000 1291
3628 4 2 2 2 941 953 1099 1107
3629 4 2 2 2 490 808 484 982
3630 4 2 2 2 992 1005 1275 1287
3631 4 2 2 2 7 8 13 1423
3632 4 2 2 2 1304 1305 1066 1363
3633 4 2 2 2 869 942 1204 1414
3634 4 2 2 2 912 1132 1110 1415
3635 4 2 2 2 380 1326 1318 1341
3636 4 2 2 2 213 225 208 1184
3637 4 2 2 2 220 208 225 1184
3638 4 2 2 2 847 1339 1010 1412
3639 4 2 2 2 825 1226 1166 1233
3640 4 2 2 2 843 1317 1301 1320
3641 4 2 2 2 806 819 1233 1319
3642 4 2 2 2 1071 1105 1268 1370
3643 4 2 2 2 1090 1120 981 1148
3644 4 2 2 2 882 944 945 1438
3645 4 2 2 2 1008 1146 1212 1390
3646 4 2 2 2 259 531 260 1090
3647 4 2 2 2 859 1172 1267 1409
3648 4 2 2 2 949 954 875 1456
3649 4 2 2 2 1015 1339 1016 1354
3650 4 2 2 2 30 1282 1280 1399
3651 4 2 2 2 1164 1181 993 1217
3652 4 2 2 2 306 1010 1236 1449
3653 4 2 2 2 369 1335 1448 1452
3654 4 2 2 2 968 943 1203 1299
3655 4 2 2 2 481 453 477 811
3656 4 2 2 2 259 258 531 1090
3657 4 2 2 2 828 831 817 1401
3658 4 2 2 2 824 806 1406 1408
3659 4 2 2 2 455 482 476 810
3660 4 2 2 2 924 923 1358 1359
3661 4 2 2 2 859 1172 1252 1457
3662 4 2 2 2 1046 1045 1198 1270
3663 4 2 2 2 1166 1226 824 1233
3664 4 2 2 2 881 944 882 1228
3665 4 2 2 2 531 261 260 1090
3666 4 2 2 2 920 987 1169 1369
3667 4 2 2 2 841 823 849 1189
3668 4 2 2 2 943 942 1145 1414
3669 4 2 2 2 1064 1305 1100 1307
3670 4 2 2 2 838 873 822 1394
3671 4 2 2 2 786 791 243 1141
3672 4 2 2 2 941 1242 884 1347
3673 4 2 2 2 1100 1305 1064 1306
3674 4 2 2 2 113 125 126 1190
3675 4 2 2 2 113 126 114 1190
3676 4 2 2 2 1036 1130 1270 1419
3677 4 2 2 2 144 132 133 1138
3678 4 2 2 2 133 145 144 1138
3679 4 2 2 2 485 453 489 811
3680 4 2 2 2 171 183 170 1137
3681 4 2 2 2 170 183 182 1137
3682 4 2 2 2 259 260 524 1090
3683 4 2 2 2 455 492 497 810
3684 4 2 2 2 1056 1244 1149 1245
3685 4 2 2 2 168 156 157 1143
3686 4 2 2 2 257 531 258 1090
3687 4 2 2 2 1149 1244 1056 1246
3688 4 2 2 2 442 496 494 1406
3689 4 2 2 2 992 1275 1119 1428
3690 4 2 2 2 1122 1180 934 1295
3691 4 2 2 2 1261 1262 1260 1390
3692 4 2 2 2 881 1267 936 1409
3693 4 2 2 2 1076 1385 927 1439
3694 4 2 2 2 256 261 531 1090
3695 4 2 2 2 799 803 801 962
3696 4 2 2 2 839 1376 1377 1421
3697 4 2 2 2 115 116 104 1264
3698 4 2 2 2 103 115 104 1264
3699 4 2 2 2 146 147 159 1145
3700 4 2 2 2 159 158 146 1145
3701 4 2 2 2 884 934 918 1242
3702 4 2 2 2 353 1067 902 1243
3703 4 2 2 2 889 1300 1109 1458
3704 4 2 2 2 1036 1227 1129 1410
3705 4 2 2 2 103 102 115 1264
3706 4 2 2 2 256 531 257 1090
3707 4 2 2 2 129 140 141 1146
3708 4 2 2 2 1240 1288 998 1458
3709 4 2 2 2 849 1015 1033 1354
3710 4 2 2 2 997 1092 1004 1288
3711 4 2 2 2 1014 1018 1160 1368
3712 4 2 2 2 524 260 527 1090
3713 4 2 2 2 522 259 524 1090
3714 4 2 2 2 478 477 480 1272
3715 4 2 2 2 884 1122 934 1242
3716 4 2 2 2 935 1197 1171 1417
3717 4 2 2 2 1113 1393 1036 1399
3718 4 2 2 2 259 522 258 1090
3719 4 2 2 2 1028 1382 1006 1383
3720 4 2 2 2 867 964 948 1242
3721 4 2 2 2 892 1014 1176 1386
3722 4 2 2 2 805 1379 1142 1460
3723 4 2 2 2 261 527 260 1090
3724 4 2 2 2 933 1295 932 1364
3725 4 2 2 2 988 990 1162 1375
3726 4 2 2 2 121 134 133 1327
3727 4 2 2 2 121 122 134 1327
3728 4 2 2 2 129 141 124 1146
3729 4 2 2 2 901 902 899 1126
3730 4 2 2 2 1055 1361 1094 1373
3731 4 2 2 2 827 830 884 895
3732 4 2 2 2 264 1081 1082 1100
3733 4 2 2 2 1019 1013 1236 1367
3734 4 2 2 2 829 867 861 1457
3735 4 2 2 2 939 1143 1197 1205
3736 4 2 2 2 917 1311 913 1415
3737 4 2 2 2 912 932 1133 1380
3738 4 2 2 2 914 930 1199 1292
3739 4 2 2 2 834 872 814 1285
3740 4 2 2 2 840 1136 821 1377
3741 4 2 2 2 850 1038 989 1085
3742 4 2 2 2 886 980 855 1080
3743 4 2 2 2 1091 1301 843 1366
3744 4 2 2 2 108 97 109 1329
3745 4 2 2 2 108 96 97 1329
3746 4 2 2 2 238 783 787 1141
3747 4 2 2 2 134 135 147 1318
3748 4 2 2 2 134 147 146 1318
3749 4 2 2 2 947 1396 869 1414
3750 4 2 2 2 529 258 522 1090
3751 4 2 2 2 904 335 1068 1069
3752 4 2 2 2 947 949 1341 1342
3753 4 2 2 2 112 117 129 1219
3754 4 2 2 2 112 129 124 1219
3755 4 2 2 2 933 1309 970 1387
3756 4 2 2 2 1250 1370 915 1445
3757 4 2 2 2 948 966 965 1347
3758 4 2 2 2 967 1171 1295 1364
3759 4 2 2 2 190 203 191 1268
3760 4 2 2 2 202 203 190 1268
3761 4 2 2 2 938 1202 1197 1418
3762 4 2 2 2 126 138 139 1153
3763 4 2 2 2 530 527 261 1090
3764 4 2 2 2 836 892 894 1265
3765 4 2 2 2 525 257 258 1090
3766 4 2 2 2 816 811 831 1401
3767 4 2 2 2 799 801 856 962
3768 4 2 2 2 1140 1195 433 1225
3769 4 2 2 2 526 261 256 1090
3770 4 2 2 2 883 945 941 1099
3771 4 2 2 2 81 92 93 1161
3772 4 2 2 2 81 80 92 1161
3773 4 2 2 2 877 984 1035 1036
3774 4 2 2 2 529 525 258 1090
3775 4 2 2 2 1154 1169 920 1374
3776 4 2 2 2 492 834 810 1167
3777 4 2 2 2 827 857 856 884
3778 4 2 2 2 1223 1255 942 1396
3779 4 2 2 2 240 229 241 1163
3780 4 2 2 2 240 228 229 1163
3781 4 2 2 2 526 530 261 1090
3782 4 2 2 2 874 1393 877 1394
3783 4 2 2 2 836 894 802 1265
3784 4 2 2 2 1249 1359 1075 1385
3785 4 2 2 2 250 1120 244 1274
3786 4 2 2 2 248 1081 1111 1234
3787 4 2 2 2 941 1106 966 1347
3788 4 2 2 2 919 1076 865 1310
3789 4 2 2 2 524 255 253 1090
3790 4 2 2 2 145 157 156 1223
3791 4 2 2 2 156 144 145 1223
3792 4 2 2 2 497 810 492 815
3793 4 2 2 2 971 1316 892 1317
3794 4 2 2 2 1014 1294 1160 1386
3795 4 2 2 2 486 485 489 1041
3796 4 2 2 2 840 885 839 1402
3797 4 2 2 2 495 493 499 809
3798 4 2 2 2 1004 1096 997 1303
3799 4 2 2 2 984 1016 847 1354
3800 4 2 2 2 257 523 256 1090
3801 4 2 2 2 858 911 910 1324
3802 4 2 2 2 864 922 928 1297
3803 4 2 2 2 528 526 256 1090
3804 4 2 2 2 1158 915 1370 1445
3805 4 2 2 2 1181 1210 993 1286
3806 4 2 2 2 1009 1007 1153 1404
3807 4 2 2 2 956 1191 1371 1405
3808 4 2 2 2 1142 1319 800 1379
3809 4 2 2 2 162 173 174 1149
3810 4 2 2 2 162 161 173 1149
3811 4 2 2 2 857 900 952 963
3812 4 2 2 2 1275 1276 1005 1277
3813 4 2 2 2 868 1084 955 1330
3814 4 2 2 2 841 1271 1109 1339
3815 4 2 2 2 887 994 998 1458
3816 4 2 2 2 956 957 1191 1405
3817 4 2 2 2 26 1280 30 1282
3818 4 2 2 2 253 1085 1095 1148
3819 4 2 2 2 251 529 522 1090
3820 4 2 2 2 938 1197 1417 1418
3821 4 2 2 2 155 167 171 1361
3822 4 2 2 2 155 171 159 1361
3823 4 2 2 2 32 1074 1126 1399
3824 4 2 2 2 802 897 803 986
3825 4 2 2 2 1316 1386 1011 1404
3826 4 2 2 2 122 123 135 1325
3827 4 2 2 2 135 134 122 1325
3828 4 2 2 2 947 1341 1042 1342
3829 4 2 2 2 251 250 1090 1120
3830 4 2 2 2 528 256 523 1090
3831 4 2 2 2 111 110 98 1328
3832 4 2 2 2 98 99 111 1328
3833 4 2 2 2 1120 1274 1103 1391
3834 4 2 2 2 247 1148 1147 1392
3835 4 2 2 2 820 1136 1377 1378
3836 4 2 2 2 821 1377 1136 1378
3837 4 2 2 2 964 1205 1252 1396
3838 4 2 2 2 1110 1323 912 1380
3839 4 2 2 2 1036 1077 1130 1419
3840 4 2 2 2 530 254 527 1090
3841 4 2 2 2 253 522 524 1090
3842 4 2 2 2 524 527 255 1090
3843 4 2 2 2 845 846 1176 1265
3844 4 2 2 2 1171 1197 967 1314
3845 4 2 2 2 914 1194 956 1323
3846 4 2 2 2 64 81 76 1170
3847 4 2 2 2 64 69 81 1170
3848 4 2 2 2 1002 1301 1001 1383
3849 4 2 2 2 141 140 152 1200
3850 4 2 2 2 901 899 1067 1127
3851 4 2 2 2 911 859 1172 1267
3852 4 2 2 2 1042 1254 947 1414
3853 4 2 2 2 839 840 821 1377
3854 4 2 2 2 919 1250 931 1426
3855 4 2 2 2 1005 1276 1275 1287
3856 4 2 2 2 1203 1204 942 1414
3857 4 2 2 2 869 1396 947 1456
3858 4 2 2 2 990 992 1119 1428
3859 4 2 2 2 787 789 240 1141
3860 4 2 2 2 118 108 120 1229
3861 4 2 2 2 118 106 108 1229
3862 4 2 2 2 123 111 107 1229
3863 4 2 2 2 107 119 123 1229
3864 4 2 2 2 77 64 76 1170
3865 4 2 2 2 77 65 64 1170
3866 4 2 2 2 786 242 782 1141
3867 4 2 2 2 188 189 177 1211
3868 4 2 2 2 176 188 177 1211
3869 4 2 2 2 798 799 1289 1401
3870 4 2 2 2 840 886 885 1402
3871 4 2 2 2 359 1243 1188 1432
3872 4 2 2 2 369 1328 1336 1452
3873 4 2 2 2 977 985 897 1017
3874 4 2 2 2 1261 1263 1011 1422
3875 4 2 2 2 911 932 912 1380
3876 4 2 2 2 905 1033 1025 1354
3877 4 2 2 2 528 526 252 1231
3878 4 2 2 2 880 957 956 1405
3879 4 2 2 2 525 523 257 1090
3880 4 2 2 2 1022 1213 1212 1366
3881 4 2 2 2 497 492 495 815
3882 4 2 2 2 803 857 802 900
3883 4 2 2 2 1430 1431 364 1432
3884 4 2 2 2 801 803 799 985
3885 4 2 2 2 875 955 868 1456
3886 4 2 2 2 1019 1236 1114 1367
3887 4 2 2 2 870 1043 950 1235
3888 4 2 2 2 253 251 522 1090
3889 4 2 2 2 254 255 527 1090
3890 4 2 2 2 1177 1181 1021 1248
3891 4 2 2 2 210 209 221 1305
3892 4 2 2 2 221 222 210 1305
3893 4 2 2 2 1012 1263 1384 1422
3894 4 2 2 2 475 488 447 1420
3895 4 2 2 2 980 981 854 1083
3896 4 2 2 2 1217 1286 993 1428
3897 4 2 2 2 1009 1153 1290 1404
3898 4 2 2 2 231 215 227 1249
3899 4 2 2 2 219 215 231 1249
3900 4 2 2 2 91 92 80 1442
3901 4 2 2 2 80 79 91 1442
3902 4 2 2 2 1046 1102 962 1419
3903 4 2 2 2 892 897 894 1014
3904 4 2 2 2 107 106 119 1229
3905 4 2 2 2 118 119 106 1229
3906 4 2 2 2 1010 1051 1027 1339
3907 4 2 2 2 476 478 483 1279
3908 4 2 2 2 210 209 554 1441
3909 4 2 2 2 912 913 1132 1415
3910 4 2 2 2 913 1345 917 1369
3911 4 2 2 2 848 977 847 985
3912 4 2 2 2 1021 1181 1164 1349
3913 4 2 2 2 530 526 254 1090
3914 4 2 2 2 88 76 93 1446
3915 4 2 2 2 1038 1147 1095 1148
3916 4 2 2 2 870 822 873 1394
3917 4 2 2 2 1105 1218 1104 1371
3918 4 2 2 2 153 164 165 1239
3919 4 2 2 2 153 152 164 1239
3920 4 2 2 2 784 240 789 1141
3921 4 2 2 2 55 1078 56 1128
3922 4 2 2 2 44 1078 45 1128
3923 4 2 2 2 1361 1094 1453 1455
3924 4 2 2 2 485 487 491 1136
3925 4 2 2 2 1187 998 1240 1256
3926 4 2 2 2 926 866 1186 1258
3927 4 2 2 2 1006 1200 1175 1251
3928 4 2 2 2 525 529 251 1090
3929 4 2 2 2 839 841 1091 1189
3930 4 2 2 2 1012 1011 1263 1422
3931 4 2 2 2 1054 1326 1042 1381
3932 4 2 2 2 1046 1101 962 1102
3933 4 2 2 2 358 1340 1144 1433
3934 4 2 2 2 863 878 1152 1360
3935 4 2 2 2 227 215 214 1249
3936 4 2 2 2 214 226 227 1249
3937 4 2 2 2 241 790 782 1141
3938 4 2 2 2 961 1431 1430 1432
3939 4 2 2 2 919 1105 931 1250
3940 4 2 2 2 1045 1074 983 1126
3941 4 2 2 2 241 784 790 1141
3942 4 2 2 2 862 824 1166 1226
3943 4 2 2 2 1178 1187 1020 1244
3944 4 2 2 2 813 837 836 1320
3945 4 2 2 2 1020 1187 1179 1244
3946 4 2 2 2 367 1330 1329 1448
3947 4 2 2 2 823 841 839 1189
3948 4 2 2 2 526 528 252 1090
3949 4 2 2 2 839 1091 841 1109
3950 4 2 2 2 912 932 911 1387
3951 4 2 2 2 358 1144 359 1432
3952 4 2 2 2 83 75 71 1198
3953 4 2 2 2 1031 1290 1262 1404
3954 4 2 2 2 87 75 83 1198
3955 4 2 2 2 987 925 1208 1348
3956 4 2 2 2 1077 1036 1129 1410
3957 4 2 2 2 1181 1217 1164 1349
3958 4 2 2 2 869 949 947 1342
3959 4 2 2 2 435 1124 1139 1225
3960 4 2 2 2 212 211 224 1304
3961 4 2 2 2 223 224 211 1304
3962 4 2 2 2 984 1049 1050 1354
3963 4 2 2 2 907 908 1074 1399
3964 4 2 2 2 954 1330 1293 1448
3965 4 2 2 2 915 931 1250 1445
3966 4 2 2 2 860 1356 859 1457
3967 4 2 2 2 1301 1317 852 1320
3968 4 2 2 2 1187 1238 998 1256
3969 4 2 2 2 845 1316 891 1317
3970 4 2 2 2 945 1108 1099 1207
3971 4 2 2 2 28 1126 901 1282
3972 4 2 2 2 957 1174 936 1344
3973 4 2 2 2 1243 1331 969 1397
3974 4 2 2 2 880 957 936 1344
3975 4 2 2 2 809 815 830 1400
3976 4 2 2 2 1326 1381 1054 1450
3977 4 2 2 2 435 1139 434 1141
3978 4 2 2 2 45 1078 9 1128
3979 4 2 2 2 10 1078 55 1128
3980 4 2 2 2 981 1120 1090 1274
3981 4 2 2 2 888 1165 1091 1421
3982 4 2 2 2 903 1089 991 1375
3983 4 2 2 2 329 1068 1069 1131
3984 4 2 2 2 122 110 123 1335
3985 4 2 2 2 110 111 123 1335
3986 4 2 2 2 479 481 477 1401
3987 4 2 2 2 994 887 1300 1458
3988 4 2 2 2 252 528 523 1090
3989 4 2 2 2 886 1300 885 1402
3990 4 2 2 2 846 894 1265 1281
3991 4 2 2 2 856 900 803 962
3992 4 2 2 2 831 816 842 1402
3993 4 2 2 2 1021 1248 1181 1349
3994 4 2 2 2 810 827 815 1289
3995 4 2 2 2 84 94 82 1340
3996 4 2 2 2 1200 1212 1022 1357
3997 4 2 2 2 934 1180 1122 1416
3998 4 2 2 2 1011 1012 1263 1386
3999 4 2 2 2 869 949 875 1456
4000 4 2 2 2 434 1139 1124 1358
4001 4 2 2 2 971 1009 1316 1383
4002 4 2 2 2 1011 1262 1261 1390
4003 4 2 2 2 160 177 172 1256
4004 4 2 2 2 160 165 177 1256
4005 4 2 2 2 105 100 88 1351
4006 4 2 2 2 93 105 88 1351
4007 4 2 2 2 866 879 834 926
4008 4 2 2 2 802 803 900 986
4009 4 2 2 2 252 254 526 1090
4010 4 2 2 2 165 176 177 1256
4011 4 2 2 2 1217 1287 1286 1428
4012 4 2 2 2 990 1217 993 1428
4013 4 2 2 2 1031 1262 1011 1404
4014 4 2 2 2 253 1095 247 1148
4015 4 2 2 2 1328 1329 958 1452
4016 4 2 2 2 964 942 1205 1396
4017 4 2 2 2 882 945 883 1438
4018 4 2 2 2 525 250 523 1090
4019 4 2 2 2 871 1228 951 1235
4020 4 2 2 2 1010 1114 1019 1449
4021 4 2 2 2 852 1320 837 1353
4022 4 2 2 2 979 1082 980 1100
4023 4 2 2 2 250 525 251 1090
4024 4 2 2 2 939 1172 861 1242
4025 4 2 2 2 41 33 42 62
4026 4 2 2 2 888 843 1091 1301
4027 4 2 2 2 1010 1339 842 1412
4028 4 2 2 2 1104 1122 946 1237
4029 4 2 2 2 95 83 82 1340
4030 4 2 2 2 82 94 95 1340
4031 4 2 2 2 1263 1294 1031 1386
4032 4 2 2 2 154 166 167 1453
4033 4 2 2 2 167 155 154 1453
4034 4 2 2 2 798 1272 1279 1460
4035 4 2 2 2 825 863 1166 1226
4036 4 2 2 2 258 522 259 1427
4037 4 2 2 2 844 1377 1376 1421
4038 4 2 2 2 971 1009 892 1316
4039 4 2 2 2 1002 1001 1382 1383
4040 4 2 2 2 1097 1184 1079 1459
4041 4 2 2 2 1114 1220 1017 1221
4042 4 2 2 2 101 88 100 1351
4043 4 2 2 2 156 168 166 1453
4044 4 2 2 2 166 154 156 1453
4045 4 2 2 2 1002 972 1056 1301
4046 4 2 2 2 514 524 253 1216
4047 4 2 2 2 514 255 524 1216
4048 4 2 2 2 31 34 38 52
4049 4 2 2 2 9 1078 10 1128
4050 4 2 2 2 922 864 928 1196
4051 4 2 2 2 189 201 184 1286
4052 4 2 2 2 196 184 201 1286
4053 4 2 2 2 1108 1207 945 1454
4054 4 2 2 2 196 209 197 1441
4055 4 2 2 2 209 196 208 1441
4056 4 2 2 2 32 1126 1282 1399
4057 4 2 2 2 254 1121 1090 1234
4058 4 2 2 2 201 189 200 1286
4059 4 2 2 2 837 852 836 1320
4060 4 2 2 2 496 474 449 1407
4061 4 2 2 2 953 1434 951 1435
4062 4 2 2 2 1151 1350 1283 1363
4063 4 2 2 2 1029 998 1288 1458
4064 4 2 2 2 987 1345 1169 1369
4065 4 2 2 2 258 1215 522 1427
4066 4 2 2 2 910 1369 913 1415
4067 4 2 2 2 983 1045 908 1074
4068 4 2 2 2 955 1106 965 1293
4069 4 2 2 2 106 107 94 1431
4070 4 2 2 2 94 107 95 1431
4071 4 2 2 2 1082 1274 246 1391
4072 4 2 2 2 230 218 219 1374
4073 4 2 2 2 230 219 231 1374
4074 4 2 2 2 1204 1228 870 1342
4075 4 2 2 2 884 918 861 1242
4076 4 2 2 2 1099 1108 1107 1207
4077 4 2 2 2 1040 1090 1085 1136
4078 4 2 2 2 946 1237 1122 1455
4079 4 2 2 2 9 15 10 1424
4080 4 2 2 2 943 1204 1203 1414
4081 4 2 2 2 964 1222 1223 1396
4082 4 2 2 2 822 1394 1279 1460
4083 4 2 2 2 210 198 209 1441
4084 4 2 2 2 197 209 198 1441
4085 4 2 2 2 252 523 250 1090
4086 4 2 2 2 1010 1093 1030 1236
4087 4 2 2 2 848 897 893 977
4088 4 2 2 2 948 1222 964 1396
4089 4 2 2 2 309 1357 1212 1429
4090 4 2 2 2 1007 1230 1212 1429
4091 4 2 2 2 1109 1271 842 1339
4092 4 2 2 2 151 139 138 1251
4093 4 2 2 2 151 138 150 1251
4094 4 2 2 2 840 989 1041 1136
4095 4 2 2 2 1075 1359 930 1360
4096 4 2 2 2 941 966 953 1107
4097 4 2 2 2 140 139 151 1251
4098 4 2 2 2 151 152 140 1251
4099 4 2 2 2 490 484 486 982
4100 4 2 2 2 1124 1139 923 1358
4101 4 2 2 2 523 257 256 1427
4102 4 2 2 2 898 1281 1280 1282
4103 4 2 2 2 481 811 477 1401
4104 4 2 2 2 821 840 839 1402
4105 4 2 2 2 1011 1263 1031 1386
4106 4 2 2 2 493 1297 928 1444
4107 4 2 2 2 885 1300 839 1402
4108 4 2 2 2 199 187 186 1248
4109 4 2 2 2 186 198 199 1248
4110 4 2 2 2 933 1364 932 1387
4111 4 2 2 2 188 199 200 1248
4112 4 2 2 2 188 187 199 1248
4113 4 2 2 2 35 16 9 1
4114 4 2 2 2 825 1167 863 1226
4115 4 2 2 2 851 850 1040 1085
4116 4 2 2 2 936 1232 968 1409
4117 4 2 2 2 841 1008 1213 1339
4118 4 2 2 2 346 1102 348 1419
4119 4 2 2 2 939 1197 1143 1314
4120 4 2 2 2 971 972 1002 1383
4121 4 2 2 2 829 857 830 884
4122 4 2 2 2 946 1104 934 1122
4123 4 2 2 2 1006 1212 1200 1429
4124 4 2 2 2 1036 1046 1074 1393
4125 4 2 2 2 812 829 826 1408
4126 4 2 2 2 950 1341 949 1342
4127 4 2 2 2 986 1128 1127 1135
4128 4 2 2 2 823 1271 841 1339
4129 4 2 2 2 859 1267 1204 1409
4130 4 2 2 2 860 869 875 1456
4131 4 2 2 2 163 162 174 1244
4132 4 2 2 2 175 163 174 1244
4133 4 2 2 2 175 176 164 1244
4134 4 2 2 2 164 163 175 1244
4135 4 2 2 2 433 431 1163 1195
4136 4 2 2 2 42 57 33 43
4137 4 2 2 2 46 38 31 37
4138 4 2 2 2 38 46 31 47
4139 4 2 2 2 888 844 1165 1421
4140 4 2 2 2 522 513 247 1216
4141 4 2 2 2 518 527 255 1216
4142 4 2 2 2 1012 1014 1160 1386
4143 4 2 2 2 487 982 484 1420
4144 4 2 2 2 987 1208 1169 1348
4145 4 2 2 2 55 8 17 10
4146 4 2 2 2 8 55 510 54
4147 4 2 2 2 1406 1407 1297 1408
4148 4 2 2 2 818 843 1189 1421
4149 4 2 2 2 5 46 16 7
4150 4 2 2 2 509 5 37 46
4151 4 2 2 2 43 8 510 54
4152 4 2 2 2 866 928 865 1196
4153 4 2 2 2 1047 1286 1096 1287
4154 4 2 2 2 1077 1410 1128 1419
4155 4 2 2 2 1084 1243 1188 1331
4156 4 2 2 2 433 1140 435 1141
4157 4 2 2 2 253 251 1090 1148
4158 4 2 2 2 847 977 848 1412
4159 4 2 2 2 894 986 904 1069
4160 4 2 2 2 883 895 884 946
4161 4 2 2 2 845 1265 1176 1317
4162 4 2 2 2 1112 1249 1075 1385
4163 4 2 2 2 1016 1339 847 1354
4164 4 2 2 2 997 1288 994 1458
4165 4 2 2 2 1297 493 1407 1444
4166 4 2 2 2 847 842 1339 1412
4167 4 2 2 2 449 493 496 1407
4168 4 2 2 2 842 890 889 1412
4169 4 2 2 2 825 1166 863 1285
4170 4 2 2 2 1114 1236 1019 1449
4171 4 2 2 2 997 1029 1288 1458
4172 4 2 2 2 1050 1351 1115 1403
4173 4 2 2 2 1114 1221 1017 1368
4174 4 2 2 2 1107 1413 966 1435
4175 4 2 2 2 1070 1371 1191 1405
4176 4 2 2 2 881 968 1204 1409
4177 4 2 2 2 874 877 801 1394
4178 4 2 2 2 839 841 823 1271
4179 4 2 2 2 951 953 1099 1438
4180 4 2 2 2 384 1207 1315 1437
4181 4 2 2 2 1026 1280 898 1281
4182 4 2 2 2 902 983 899 1126
4183 4 2 2 2 1046 1270 1102 1419
4184 4 2 2 2 130 131 118 1413
4185 4 2 2 2 119 118 131 1413
4186 4 2 2 2 904 894 1068 1281
4187 4 2 2 2 1007 1269 1230 1429
4188 4 2 2 2 920 1292 930 1308
4189 4 2 2 2 976 1019 977 1114
4190 4 2 2 2 432 1186 434 1358
4191 4 2 2 2 966 1413 1434 1435
4192 4 2 2 2 980 1082 981 1083
4193 4 2 2 2 86 87 99 1398
4194 4 2 2 2 99 98 86 1398
4195 4 2 2 2 526 261 530 1231
4196 4 2 2 2 965 1347 955 1456
4197 4 2 2 2 496 493 1406 1407
4198 4 2 2 2 862 1226 922 1297
4199 4 2 2 2 32 1126 28 1282
4200 4 2 2 2 799 856 803 962
4201 4 2 2 2 841 1109 1091 1366
4202 4 2 2 2 891 1253 1213 1390
4203 4 2 2 2 831 1080 855 1083
4204 4 2 2 2 928 1297 922 1444
4205 4 2 2 2 981 1083 1082 1274
4206 4 2 2 2 498 494 492 1167
4207 4 2 2 2 859 819 1192 1457
4208 4 2 2 2 968 1203 1298 1299
4209 4 2 2 2 1112 1249 1076 1426
4210 4 2 2 2 1076 1249 1112 1385
4211 4 2 2 2 1042 1341 950 1342
4212 4 2 2 2 914 1292 913 1323
4213 4 2 2 2 352 1067 353 1144
4214 4 2 2 2 216 217 228 1343
4215 4 2 2 2 838 877 1393 1394
4216 4 2 2 2 894 1176 846 1265
4217 4 2 2 2 1100 1184 1079 1277
4218 4 2 2 2 824 1233 1226 1406
4219 4 2 2 2 1340 1398 1073 1451
4220 4 2 2 2 1008 1212 1146 1357
4221 4 2 2 2 1011 1390 1261 1422
4222 4 2 2 2 1226 1233 1167 1406
4223 4 2 2 2 1070 1218 1173 1371
4224 4 2 2 2 328 1069 1116 1131
4225 4 2 2 2 989 1085 1095 1121
4226 4 2 2 2 887 994 1241 1266
4227 4 2 2 2 1027 1260 1008 1390
4228 4 2 2 2 252 254 1090 1234
4229 4 2 2 2 970 1387 912 1415
4230 4 2 2 2 492 1167 494 1444
4231 4 2 2 2 888 1091 843 1421
4232 4 2 2 2 976 977 1017 1114
4233 4 2 2 2 493 494 1406 1444
4234 4 2 2 2 984 905 1025 1354
4235 4 2 2 2 867 1396 1252 1456
4236 4 2 2 2 842 1271 1109 1402
4237 4 2 2 2 819 859 1356 1457
4238 4 2 2 2 864 1183 909 1310
4239 4 2 2 2 881 936 968 1409
4240 4 2 2 2 945 944 1207 1437
4241 4 2 2 2 1054 1381 1315 1437
4242 4 2 2 2 1297 1406 1226 1444
4243 4 2 2 2 251 1120 1090 1148
4244 4 2 2 2 507 502 500 1247
4245 4 2 2 2 928 1196 866 1258
4246 4 2 2 2 816 1271 842 1402
4247 4 2 2 2 904 986 335 1069
4248 4 2 2 2 802 803 797 857
4249 4 2 2 2 924 923 1359 1360
4250 4 2 2 2 1091 1189 843 1421
4251 4 2 2 2 1038 1148 1039 1392
4252 4 2 2 2 859 1204 869 1252
4253 4 2 2 2 909 933 970 1387
4254 4 2 2 2 1036 1046 962 1419
4255 4 2 2 2 341 986 904 1135
4256 4 2 2 2 1073 1398 1340 1440
4257 4 2 2 2 359 1188 1329 1432
4258 4 2 2 2 365 1329 1188 1432
4259 4 2 2 2 1095 1147 247 1148
4260 4 2 2 2 911 1344 932 1380
4261 4 2 2 2 1261 1027 1384 1422
4262 4 2 2 2 1077 1036 1410 1419
4263 4 2 2 2 1015 1384 1027 1422
4264 4 2 2 2 908 1281 1126 1282
4265 4 2 2 2 883 1099 953 1438
4266 4 2 2 2 827 830 857 884
4267 4 2 2 2 1054 951 1326 1450
4268 4 2 2 2 879 1075 915 1360
4269 4 2 2 2 940 1094 946 1122
4270 4 2 2 2 447 488 484 1420
4271 4 2 2 2 519 246 516 1231
4272 4 2 2 2 336 1116 1037 1372
4273 4 2 2 2 943 1203 942 1414
4274 4 2 2 2 940 1094 1453 1454
4275 4 2 2 2 1002 1382 1028 1383
4276 4 2 2 2 836 892 1265 1317
4277 4 2 2 2 948 965 867 1347
4278 4 2 2 2 900 1067 899 1127
4279 4 2 2 2 965 1106 966 1413
4280 4 2 2 2 943 1273 1042 1414
4281 4 2 2 2 999 1001 1312 1366
4282 4 2 2 2 945 1094 940 1108
4283 4 2 2 2 1114 1051 1220 1221
4284 4 2 2 2 1070 1191 957 1405
4285 4 2 2 2 1037 1036 1086 1410
4286 4 2 2 2 353 1144 1067 1243
4287 4 2 2 2 1172 1192 861 1457
4288 4 2 2 2 1094 940 1453 1455
4289 4 2 2 2 889 1029 997 1458
4290 4 2 2 2 1252 1396 869 1456
4291 4 2 2 2 870 950 1228 1235
4292 4 2 2 2 431 1196 430 1439
4293 4 2 2 2 879 924 1075 1360
4294 4 2 2 2 838 1394 822 1460
4295 4 2 2 2 892 1316 1176 1317
4296 4 2 2 2 1073 1340 1101 1440
4297 4 2 2 2 1027 1261 1260 1390
4298 4 2 2 2 994 995 1241 1266
4299 4 2 2 2 859 1252 869 1457
4300 4 2 2 2 1006 1251 1269 1429
4301 4 2 2 2 889 997 1047 1300
4302 4 2 2 2 933 967 1295 1364
4303 4 2 2 2 1037 1035 1170 1372
4304 4 2 2 2 894 892 1014 1176
4305 4 2 2 2 932 1344 957 1380
4306 4 2 2 2 494 496 493 1406
4307 4 2 2 2 963 1106 941 1347
4308 4 2 2 2 841 839 1109 1271
4309 4 2 2 2 874 1036 877 1393
4310 4 2 2 2 839 1189 1091 1421
4311 4 2 2 2 1006 1200 1251 1429
4312 4 2 2 2 1106 1430 364 1432
4313 4 2 2 2 867 964 1242 1252
4314 4 2 2 2 883 953 952 1438
4315 4 2 2 2 1406 1407 493 1444
4316 4 2 2 2 1035 1037 1170 1227
4317 4 2 2 2 905 849 1033 1354
4318 4 2 2 2 1087 1221 1114 1368
4319 4 2 2 2 1049 1050 1446 1447
4320 4 2 2 2 806 1233 824 1406
4321 4 2 2 2 1176 1316 845 1317
4322 4 2 2 2 822 835 870 1356
4323 4 2 2 2 1103 1148 1120 1392
4324 4 2 2 2 1012 1384 1015 1422
4325 4 2 2 2 433 1195 1163 1225
4326 4 2 2 2 857 900 856 952
4327 4 2 2 2 10 4 17 55
4328 4 2 2 2 43 17 8 6
4329 4 2 2 2 506 500 503 1400
4330 4 2 2 2 970 1311 917 1415
4331 4 2 2 2 880 957 1344 1380
4332 4 2 2 2 894 1032 897 1069
4333 4 2 2 2 334 1069 1037 1116
4334 4 2 2 2 530 1216 520 1231
4335 4 2 2 2 985 984 1116 1447
4336 4 2 2 2 873 838 1393 1394
4337 4 2 2 2 987 1183 864 1310
4338 4 2 2 2 930 1352 1199 1374
4339 4 2 2 2 867 1456 1252 1457
4340 4 2 2 2 907 1052 908 1399
4341 4 2 2 2 1019 1093 1010 1236
4342 4 2 2 2 900 902 1067 1084
4343 4 2 2 2 883 952 856 1438
4344 4 2 2 2 909 919 918 1310
4345 4 2 2 2 1009 1269 1007 1404
4346 4 2 2 2 1252 1456 869 1457
4347 4 2 2 2 803 848 799 985
4348 4 2 2 2 1034 1052 907 1113
4349 4 2 2 2 980 1005 979 1100
4350 4 2 2 2 835 1166 825 1285
4351 4 2 2 2 867 1242 861 1252
4352 4 2 2 2 1009 1290 1031 1404
4353 4 2 2 2 1049 1372 1116 1446
4354 4 2 2 2 1054 1099 1381 1437
4355 4 2 2 2 1163 1195 431 1439
4356 4 2 2 2 1052 907 1113 1399
4357 4 2 2 2 981 1040 854 1083
4358 4 2 2 2 861 1242 1172 1252
4359 4 2 2 2 31 27 34 52
4360 4 2 2 2 33 41 29 62
4361 4 2 2 2 35 36 509 2
4362 4 2 2 2 36 37 509 2
4363 4 2 2 2 1182 1352 930 1374
4364 4 2 2 2 56 1127 57 1128
4365 4 2 2 2 932 1364 911 1387
4366 4 2 2 2 1037 1069 985 1116
4367 4 2 2 2 526 256 261 1231
4368 4 2 2 2 955 1293 1188 1432
4369 4 2 2 2 54 1077 57 1423
4370 4 2 2 2 811 817 831 1401
4371 4 2 2 2 900 1067 1127 1128
4372 4 2 2 2 839 1109 1271 1402
4373 4 2 2 2 966 1365 965 1413
4374 4 2 2 2 7 1077 8 1423
4375 4 2 2 2 897 977 848 985
4376 4 2 2 2 989 1080 1090 1234
4377 4 2 2 2 359 1144 1243 1432
4378 4 2 2 2 1027 1261 1390 1422
4379 4 2 2 2 1086 1067 1128 1419
4380 4 2 2 2 1008 1010 1146 1449
4381 4 2 2 2 1039 1148 1103 1392
4382 4 2 2 2 1102 1198 1046 1440
4383 4 2 2 2 806 1407 1406 1408
4384 4 2 2 2 852 1317 836 1320
4385 4 2 2 2 348 1270 1130 1419
4386 4 2 2 2 1145 1203 943 1299
4387 4 2 2 2 488 487 484 1420
4388 4 2 2 2 983 1074 908 1126
4389 4 2 2 2 1032 1069 1068 1131
4390 4 2 2 2 956 1371 1071 1405
4391 4 2 2 2 1163 1208 925 1348
4392 4 2 2 2 857 952 941 963
4393 4 2 2 2 346 1127 1067 1419
4394 4 2 2 2 989 1080 1041 1090
4395 4 2 2 2 1101 1340 1102 1440
4396 4 2 2 2 886 1079 980 1080
4397 4 2 2 2 857 856 941 952
4398 4 2 2 2 261 527 530 1216
4399 4 2 2 2 992 1287 1275 1428
4400 4 2 2 2 922 1048 926 1186
4401 4 2 2 2 848 977 890 1412
4402 4 2 2 2 859 1192 1172 1457
4403 4 2 2 2 906 845 1176 1253
4404 4 2 2 2 1042 947 1342 1414
4405 4 2 2 2 868 899 802 900
4406 4 2 2 2 34 45 27 35
4407 4 2 2 2 985 1116 1115 1447
4408 4 2 2 2 1031 1386 1316 1404
4409 4 2 2 2 342 1129 1227 1410
4410 4 2 2 2 537 224 225 792
4411 4 2 2 2 124 125 605 796
4412 4 2 2 2 8 1077 54 1423
4413 4 2 2 2 253 247 514 1216
4414 4 2 2 2 514 249 255 1216
4415 4 2 2 2 1102 1046 1198 1270
4416 4 2 2 2 259 531 258 1427
4417 4 2 2 2 987 917 1345 1369
4418 4 2 2 2 1054 1228 871 1438
4419 4 2 2 2 935 936 1344 1409
4420 4 2 2 2 899 902 901 1067
4421 4 2 2 2 46 1077 7 1423
4422 4 2 2 2 45 34 27 44
4423 4 2 2 2 56 29 39 41
4424 4 2 2 2 824 1226 862 1297
4425 4 2 2 2 1197 1314 1171 1417
4426 4 2 2 2 524 527 260 1216
4427 4 2 2 2 259 522 524 1216
4428 4 2 2 2 1126 1281 899 1282
4429 4 2 2 2 358 1144 1432 1433
4430 4 2 2 2 256 528 523 1231
4431 4 2 2 2 1107 1365 966 1413
4432 4 2 2 2 1032 1068 894 1176
4433 4 2 2 2 253 522 247 1216
4434 4 2 2 2 518 255 249 1216
4435 4 2 2 2 884 940 1122 1242
4436 4 2 2 2 954 1448 1335 1452
4437 4 2 2 2 1031 1294 1014 1386
4438 4 2 2 2 514 247 513 1216
4439 4 2 2 2 514 518 249 1216
4440 4 2 2 2 1090 1120 250 1274
4441 4 2 2 2 816 847 842 1271
4442 4 2 2 2 256 257 531 1427
4443 4 2 2 2 863 1167 926 1226
4444 4 2 2 2 906 1068 894 1281
4445 4 2 2 2 904 1026 898 1281
4446 4 2 2 2 846 908 1052 1281
4447 4 2 2 2 527 524 255 1216
4448 4 2 2 2 253 524 522 1216
4449 4 2 2 2 924 1359 1075 1360
4450 4 2 2 2 950 1042 1326 1341
4451 4 2 2 2 899 900 902 1067
4452 4 2 2 2 944 1054 1315 1437
4453 4 2 2 2 926 1167 492 1444
4454 4 2 2 2 256 261 1231 1427
4455 4 2 2 2 1005 1096 1276 1287
4456 4 2 2 2 829 861 1192 1457
4457 4 2 2 2 252 1090 250 1274
4458 4 2 2 2 846 1052 906 1281
4459 4 2 2 2 819 1356 860 1457
4460 4 2 2 2 1280 1281 1052 1282
4461 4 2 2 2 972 1301 1002 1383
4462 4 2 2 2 848 890 828 1412
4463 4 2 2 2 1129 1135 47 1410
4464 4 2 2 2 433 1141 431 1195
4465 4 2 2 2 909 1387 970 1415
4466 4 2 2 2 941 948 1107 1242
4467 4 2 2 2 922 1226 1167 1444
4468 4 2 2 2 843 818 1317 1320
4469 4 2 2 2 1100 1005 1276 1277
4470 4 2 2 2 954 955 1293 1330
4471 4 2 2 2 1054 1437 944 1438
4472 4 2 2 2 1071 1371 1070 1405
4473 4 2 2 2 892 1176 1316 1386
4474 4 2 2 2 1099 1437 1054 1438
4475 4 2 2 2 340 1037 986 1135
4476 4 2 2 2 1156 1326 951 1450
4477 4 2 2 2 802 900 899 986
4478 4 2 2 2 913 1369 917 1415
4479 4 2 2 2 1052 1280 1026 1281
4480 4 2 2 2 334 986 1037 1069
4481 4 2 2 2 1037 1227 1035 1410
4482 4 2 2 2 1010 1019 1236 1449
4483 4 2 2 2 958 1329 1188 1330
4484 4 2 2 2 926 928 866 1258
4485 4 2 2 2 966 1434 953 1435
4486 4 2 2 2 898 899 1281 1282
4487 4 2 2 2 849 1339 1015 1354
4488 4 2 2 2 35 16 2 509
4489 4 2 2 2 5 509 2 16
4490 4 2 2 2 246 1081 1234 1274
4491 4 2 2 2 987 1169 1343 1348
4492 4 2 2 2 1167 1226 1406 1444
4493 4 2 2 2 963 1084 955 1347
4494 4 2 2 2 925 1195 1163 1439
4495 4 2 2 2 959 1336 1328 1452
4496 4 2 2 2 987 1343 1169 1345
4497 4 2 2 2 897 985 1069 1131
4498 4 2 2 2 352 1102 1067 1144
4499 4 2 2 2 906 894 1068 1176
4500 4 2 2 2 432 1257 1258 1358
4501 4 2 2 2 985 1037 986 1069
4502 4 2 2 2 430 432 1257 1258
4503 4 2 2 2 955 1106 1293 1432
4504 4 2 2 2 348 1102 1270 1419
4505 4 2 2 2 984 1037 985 1116
4506 4 2 2 2 860 869 1456 1457
4507 4 2 2 2 839 1377 1189 1421
4508 4 2 2 2 430 1258 1257 1439
4509 4 2 2 2 57 1077 1128 1419
4510 4 2 2 2 246 1234 252 1274
4511 4 2 2 2 961 1106 963 1430
4512 4 2 2 2 856 857 803 900
4513 4 2 2 2 889 997 1300 1458
4514 4 2 2 2 963 955 1188 1432
4515 4 2 2 2 44 1128 47 1135
4516 4 2 2 2 1047 1286 1287 1428
4517 4 2 2 2 881 1204 1267 1409
4518 4 2 2 2 525 1215 258 1427
4519 4 2 2 2 894 897 986 1069
4520 4 2 2 2 896 1071 1070 1405
4521 4 2 2 2 883 940 884 941
4522 4 2 2 2 900 1084 1067 1144
4523 4 2 2 2 945 1099 883 1438
4524 4 2 2 2 900 899 986 1127
4525 4 2 2 2 834 879 872 1285
4526 4 2 2 2 980 1080 1082 1083
4527 4 2 2 2 1212 1357 1200 1429
4528 4 2 2 2 1113 1280 1052 1399
4529 4 2 2 2 785 239 243 1141
4530 4 2 2 2 867 1347 965 1456
4531 4 2 2 2 340 1135 1129 1410
4532 4 2 2 2 239 512 243 1141
4533 4 2 2 2 908 1052 1281 1282
4534 4 2 2 2 851 1085 1040 1148
4535 4 2 2 2 239 238 512 1141
4536 4 2 2 2 989 1081 1080 1234
4537 4 2 2 2 252 1234 1090 1274
4538 4 2 2 2 904 986 898 1135
4539 4 2 2 2 869 1342 947 1414
4540 4 2 2 2 865 918 919 1310
4541 4 2 2 2 243 512 242 1141
4542 4 2 2 2 47 1128 1077 1410
4543 4 2 2 2 1082 1083 1080 1274
4544 4 2 2 2 783 238 239 1141
4545 4 2 2 2 1106 1229 1098 1434
4546 4 2 2 2 1188 1293 955 1330
4547 4 2 2 2 867 1242 948 1347
4548 4 2 2 2 1098 1229 1106 1430
4549 4 2 2 2 1091 1213 841 1366
4550 4 2 2 2 926 1167 922 1226
4551 4 2 2 2 900 963 1084 1144
4552 4 2 2 2 1031 1011 1386 1404
4553 4 2 2 2 240 512 238 1141
4554 4 2 2 2 971 1002 1028 1383
4555 4 2 2 2 1044 1397 1332 1398
4556 4 2 2 2 1167 1406 494 1444
4557 4 2 2 2 1276 1062 1307 1441
4558 4 2 2 2 241 242 512 1141
4559 4 2 2 2 246 1082 1081 1274
4560 4 2 2 2 56 1078 55 1424
4561 4 2 2 2 243 242 786 1141
4562 4 2 2 2 9 10 1078 1424
4563 4 2 2 2 1103 1274 1082 1391
4564 4 2 2 2 241 512 240 1141
4565 4 2 2 2 1115 1351 1050 1447
4566 4 2 2 2 869 1204 1342 1414
4567 4 2 2 2 941 1107 1108 1242
4568 4 2 2 2 985 986 897 1069
4569 4 2 2 2 966 1413 1106 1434
4570 4 2 2 2 945 944 1437 1438
4571 4 2 2 2 787 240 238 1141
4572 4 2 2 2 802 894 897 986
4573 4 2 2 2 940 941 1108 1242
4574 4 2 2 2 900 1127 986 1128
4575 4 2 2 2 526 528 256 1231
4576 4 2 2 2 346 1067 1102 1419
4577 4 2 2 2 55 1078 10 1424
4578 4 2 2 2 45 9 1078 1424
4579 4 2 2 2 908 1126 1074 1282
4580 4 2 2 2 1283 1350 1063 1363
4581 4 2 2 2 857 941 884 1347
4582 4 2 2 2 782 242 241 1141
4583 4 2 2 2 1074 1282 1126 1399
4584 4 2 2 2 926 1048 928 1258
4585 4 2 2 2 240 784 241 1141
4586 4 2 2 2 929 1258 1257 1358
4587 4 2 2 2 948 941 966 1347
4588 4 2 2 2 929 1257 1258 1439
4589 4 2 2 2 989 1090 1085 1121
4590 4 2 2 2 1042 1318 1326 1341
4591 4 2 2 2 945 1207 1099 1437
4592 4 2 2 2 432 1141 434 1186
4593 4 2 2 2 900 963 857 1347
4594 4 2 2 2 1280 1282 1052 1399
4595 4 2 2 2 963 1106 955 1432
4596 4 2 2 2 1329 1448 1330 1452
4597 4 2 2 2 831 1041 1080 1083
4598 4 2 2 2 261 1216 530 1231
4599 4 2 2 2 980 855 1080 1083
4600 4 2 2 2 855 980 854 1083
4601 4 2 2 2 1170 1227 1037 1410
4602 4 2 2 2 1116 1351 1115 1447
4603 4 2 2 2 432 430 1141 1258
4604 4 2 2 2 523 256 1231 1427
4605 4 2 2 2 435 1140 1139 1141
4606 4 2 2 2 1049 1446 1116 1447
4607 4 2 2 2 1330 1448 954 1452
4608 4 2 2 2 955 1106 963 1347
4609 4 2 2 2 16 35 2 1
4610 4 2 2 2 509 5 2 37
4611 4 2 2 2 926 922 1167 1444
4612 4 2 2 2 258 531 257 1427
4613 4 2 2 2 1041 1090 1040 1136
4614 4 2 2 2 1047 1287 992 1428
4615 4 2 2 2 1036 962 1086 1419
4616 4 2 2 2 945 1437 1099 1438
4617 4 2 2 2 868 955 1347 1456
4618 4 2 2 2 926 928 922 1444
4619 4 2 2 2 1041 1083 1040 1090
4620 4 2 2 2 948 1242 941 1347
4621 4 2 2 2 868 955 1084 1347
4622 4 2 2 2 33 32 30 1423
4623 4 2 2 2 30 31 33 1423
4624 4 2 2 2 1078 1127 56 1128
4625 4 2 2 2 1144 1340 1101 1433
4626 4 2 2 2 950 1326 1325 1341
4627 4 2 2 2 897 985 803 986
4628 4 2 2 2 963 961 1432 1433
4629 4 2 2 2 900 1086 1067 1128
4630 4 2 2 2 929 1258 927 1439
4631 4 2 2 2 868 1347 867 1456
4632 4 2 2 2 857 963 941 1347
4633 4 2 2 2 1329 1330 958 1452
4634 4 2 2 2 1040 1083 981 1090
4635 4 2 2 2 926 1186 1048 1258
4636 4 2 2 2 525 258 257 1427
4637 4 2 2 2 260 527 261 1216
4638 4 2 2 2 1040 1090 981 1148
4639 4 2 2 2 1083 1234 1080 1274
4640 4 2 2 2 43 3 17 6
4641 4 2 2 2 431 1141 430 1196
4642 4 2 2 2 28 27 26 1424
4643 4 2 2 2 28 29 27 1424
4644 4 2 2 2 963 1432 1144 1433
4645 4 2 2 2 433 1140 1141 1195
4646 4 2 2 2 434 1186 1139 1358
4647 4 2 2 2 963 1188 1084 1432
4648 4 2 2 2 962 900 1067 1144
4649 4 2 2 2 1040 1041 982 1083
4650 4 2 2 2 1085 1090 255 1121
4651 4 2 2 2 900 986 1086 1128
4652 4 2 2 2 44 1078 1128 1135
4653 4 2 2 2 961 1430 963 1432
4654 4 2 2 2 57 1128 1127 1419
4655 4 2 2 2 260 261 531 1216
4656 4 2 2 2 255 1085 253 1090
4657 4 2 2 2 982 1041 1040 1136
4658 4 2 2 2 431 1195 1196 1439
4659 4 2 2 2 963 1430 1106 1432
4660 4 2 2 2 1037 986 1135 1410
4661 4 2 2 2 928 1048 1196 1258
4662 4 2 2 2 963 1084 1144 1432
4663 4 2 2 2 1128 1410 1086 1419
4664 4 2 2 2 1086 1410 1036 1419
4665 4 2 2 2 1128 1135 986 1410
4666 4 2 2 2 1037 1086 986 1410
4667 4 2 2 2 253 1090 1085 1148
4668 4 2 2 2 434 1141 1139 1186
4669 4 2 2 2 900 962 1067 1086
4670 4 2 2 2 1128 47 1135 1410
4671 4 2 2 2 260 531 259 1216
4672 4 2 2 2 47 38 53 31
4673 4 2 2 2 42 57 63 33
4674 4 2 2 2 524 260 259 1216
4675 4 2 2 2 432 1258 1186 1358
4676 4 2 2 2 884 941 940 1242
4677 4 2 2 2 1215 1216 522 1427
4678 4 2 2 2 803 900 986 1086
4679 4 2 2 2 1086 1128 986 1410
4680 4 2 2 2 430 1196 1258 1439
4681 4 2 2 2 927 1258 1196 1439
4682 4 2 2 2 56 41 60 29
4683 4 2 2 2 34 44 50 27
4684 4 2 2 2 522 1216 259 1427
4685 4 2 2 2 531 1216 261 1427
4686 4 2 2 2 1090 1234 1083 1274
4687 4 2 2 2 431 1195 1141 1196
4688 4 2 2 2 803 962 900 1086
4689 4 2 2 2 1080 1083 1041 1090
4690 4 2 2 2 1085 1090 1040 1148
4691 4 2 2 2 981 1090 1083 1274
4692 4 2 2 2 1048 1141 1196 1258
4693 4 2 2 2 432 1141 1186 1258
4694 4 2 2 2 1048 1186 1141 1258
4695 4 2 2 2 1083 1090 1080 1234
4696 4 2 2 2 1216 1231 261 1427
4697 4 2 2 2 430 1196 1141 1258
4698 4 2 2 2 136 596 137 796
4699 4 2 2 2 237 236 518 792
4700 4 2 2 2 259 1216 531 1427
4701 4 2 2 2 517 515 233 1215
4702 4 2 2 2 233 1215 515 1427
4703 4 2 2 2 61 29 41 62
4704 4 2 2 2 27 51 34 52
4705 4 2 2 2 520 518 237 1216
4706 4 2 2 2 233 515 1231 1427
4707 4 2 2 2 236 518 514 1216
4708 4 2 2 2 514 513 235 1216
4709 4 2 2 2 31 47 48 53
4710 4 2 2 2 63 33 57 58
4711 4 2 2 2 237 520 1216 1231
4712 4 2 2 2 63 62 42 33
4713 4 2 2 2 52 38 31 53
4714 4 2 2 2 237 516 520 1231
4715 4 2 2 2 515 519 232 1231
4716 4 2 2 2 517 234 521 1215
4717 4 2 2 2 233 1216 1215 1427
4718 4 2 2 2 233 1231 1216 1427
4719 4 2 2 2 237 1216 511 1231
4720 4 2 2 2 519 516 232 1231
4721 4 2 2 2 27 34 51 50
4722 4 2 2 2 41 60 29 61
4723 4 2 2 2 237 511 232 1231
4724 4 2 2 2 232 233 515 1231
4725 4 2 2 2 513 234 235 1216
4726 4 2 2 2 236 237 518 1216
4727 4 2 2 2 517 233 234 1215
4728 4 2 2 2 516 237 232 1231
4729 4 2 2 2 511 237 236 1216
4730 4 2 2 2 235 234 511 1216
4731 4 2 2 2 235 236 514 1216
4732 4 2 2 2 235 511 236 1216
4733 4 2 2 2 661 349 351 357
4734 4 2 2 2 661 672 73 659
4735 4 2 2 2 654 27 649 343
4736 4 2 2 2 26 27 654 343
4737 4 2 2 2 649 67 27 654
4738 4 2 2 2 30 26 31 656
4739 4 2 2 2 660 671 82 669
4740 4 2 2 2 667 671 72 662
4741 4 2 2 2 671 353 352 347
4742 4 2 2 2 136 588 603 599
4743 4 2 2 2 661 73 29 659
4744 4 2 2 2 667 29 72 659
4745 4 2 2 2 306 599 300 308
4746 4 2 2 2 351 32 661 664
4747 4 2 2 2 357 661 672 673
4748 4 2 2 2 653 31 68 656
4749 4 2 2 2 653 30 31 656
4750 4 2 2 2 27 649 343 341
4751 4 2 2 2 649 27 655 341
4752 4 2 2 2 335 642 646 329
4753 4 2 2 2 341 655 649 335
4754 4 2 2 2 537 225 237 792
4755 4 2 2 2 632 642 77 641
4756 4 2 2 2 599 588 300 302
4757 4 2 2 2 640 645 654 337
4758 4 2 2 2 645 654 79 640
4759 4 2 2 2 620 112 617 630
4760 4 2 2 2 599 300 603 306
4761 4 2 2 2 590 593 305 299
4762 4 2 2 2 641 328 642 334
4763 4 2 2 2 579 298 590 583
4764 4 2 2 2 637 622 631 329
4765 4 2 2 2 353 347 668 355
4766 4 2 2 2 642 651 77 641
4767 4 2 2 2 731 740 394 395
4768 4 2 2 2 340 651 341 335
4769 4 2 2 2 622 631 90 637
4770 4 2 2 2 341 651 655 335
4771 4 2 2 2 341 649 343 335
4772 4 2 2 2 329 334 642 328
4773 4 2 2 2 642 335 334 329
4774 4 2 2 2 642 633 329 328
4775 4 2 2 2 325 329 622 323
4776 4 2 2 2 318 316 613 623
4777 4 2 2 2 583 579 298 292
4778 4 2 2 2 587 300 298 596
4779 4 2 2 2 590 305 298 299
4780 4 2 2 2 225 236 237 792
4781 4 2 2 2 161 579 590 583
4782 4 2 2 2 587 590 149 596
4783 4 2 2 2 584 593 577 162
4784 4 2 2 2 324 322 318 623
4785 4 2 2 2 186 559 575 566
4786 4 2 2 2 575 561 186 566
4787 4 2 2 2 565 561 268 544
4788 4 2 2 2 565 561 280 268
4789 4 2 2 2 565 185 542 564
4790 4 2 2 2 561 565 185 544
4791 4 2 2 2 561 269 268 544
4792 4 2 2 2 735 745 740 395
4793 4 2 2 2 783 788 239 781
4794 4 2 2 2 728 154 721 714
4795 4 2 2 2 729 394 740 739
4796 4 2 2 2 731 735 740 395
4797 4 2 2 2 401 740 745 395
4798 4 2 2 2 735 740 168 731
4799 4 2 2 2 156 726 721 714
4800 4 2 2 2 382 728 714 713
4801 4 2 2 2 714 721 728 382
4802 4 2 2 2 388 728 721 382
4803 4 2 2 2 718 714 726 144
4804 4 2 2 2 383 721 714 382
4805 4 2 2 2 710 382 714 713
4806 4 2 2 2 418 767 412 765
4807 4 2 2 2 662 671 70 660
4808 4 2 2 2 671 675 353 347
4809 4 2 2 2 659 661 672 349
4810 4 2 2 2 667 347 671 662
4811 4 2 2 2 347 675 353 668
4812 4 2 2 2 762 204 756 747
4813 4 2 2 2 413 762 756 747
4814 4 2 2 2 415 413 756 747
4815 4 2 2 2 722 719 384 727
4816 4 2 2 2 641 651 65 650
4817 4 2 2 2 359 355 677 361
4818 4 2 2 2 357 664 661 673
4819 4 2 2 2 108 109 120 795
4820 4 2 2 2 349 672 355 357
4821 4 2 2 2 667 347 29 659
4822 4 2 2 2 659 29 661 349
4823 4 2 2 2 33 29 32 661
4824 4 2 2 2 659 347 29 349
4825 4 2 2 2 787 424 430 783
4826 4 2 2 2 432 788 783 426
4827 4 2 2 2 349 661 672 357
4828 4 2 2 2 664 33 75 665
4829 4 2 2 2 664 74 661 673
4830 4 2 2 2 661 351 664 357
4831 4 2 2 2 382 710 376 705
4832 4 2 2 2 713 728 154 722
4833 4 2 2 2 740 166 731 729
4834 4 2 2 2 713 719 384 722
4835 4 2 2 2 98 110 97 794
4836 4 2 2 2 394 400 740 739
4837 4 2 2 2 603 588 300 599
4838 4 2 2 2 710 714 142 713
4839 4 2 2 2 322 316 318 623
4840 4 2 2 2 352 671 660 669
4841 4 2 2 2 722 713 719 155
4842 4 2 2 2 706 119 702 697
4843 4 2 2 2 382 710 705 713
4844 4 2 2 2 725 719 155 727
4845 4 2 2 2 719 722 155 727
4846 4 2 2 2 384 722 727 390
4847 4 2 2 2 178 740 749 739
4848 4 2 2 2 731 394 740 729
4849 4 2 2 2 742 737 179 746
4850 4 2 2 2 787 238 776 783
4851 4 2 2 2 776 424 787 783
4852 4 2 2 2 757 414 773 764
4853 4 2 2 2 783 226 776 774
4854 4 2 2 2 776 424 783 774
4855 4 2 2 2 767 202 758 757
4856 4 2 2 2 758 412 767 757
4857 4 2 2 2 765 767 412 757
4858 4 2 2 2 544 268 565 542
4859 4 2 2 2 587 594 300 603
4860 4 2 2 2 174 561 575 570
4861 4 2 2 2 590 598 137 596
4862 4 2 2 2 596 587 300 603
4863 4 2 2 2 300 594 588 603
4864 4 2 2 2 298 590 587 596
4865 4 2 2 2 583 298 590 587
4866 4 2 2 2 601 588 599 302
4867 4 2 2 2 308 599 300 302
4868 4 2 2 2 136 599 603 611
4869 4 2 2 2 300 596 603 306
4870 4 2 2 2 603 596 611 312
4871 4 2 2 2 596 605 611 312
4872 4 2 2 2 136 603 596 611
4873 4 2 2 2 596 603 306 312
4874 4 2 2 2 316 615 613 623
4875 4 2 2 2 620 613 112 630
4876 4 2 2 2 322 624 316 623
4877 4 2 2 2 615 316 624 623
4878 4 2 2 2 615 624 101 623
4879 4 2 2 2 630 613 100 623
4880 4 2 2 2 642 633 328 632
4881 4 2 2 2 328 641 642 632
4882 4 2 2 2 641 340 651 650
4883 4 2 2 2 599 308 601 302
4884 4 2 2 2 141 588 599 601
4885 4 2 2 2 621 626 617 117
4886 4 2 2 2 656 653 30 345
4887 4 2 2 2 658 31 69 653
4888 4 2 2 2 27 68 31 656
4889 4 2 2 2 31 26 27 656
4890 4 2 2 2 654 27 26 656
4891 4 2 2 2 68 27 654 656
4892 4 2 2 2 656 26 654 345
4893 4 2 2 2 30 26 656 345
4894 4 2 2 2 137 124 136 796
4895 4 2 2 2 302 601 588 592
4896 4 2 2 2 601 141 588 592
4897 4 2 2 2 236 225 224 792
4898 4 2 2 2 248 535 516 520
4899 4 2 2 2 124 137 125 796
4900 4 2 2 2 27 341 343 898
4901 4 2 2 2 29 349 347 901
4902 4 2 2 2 355 347 349 902
4903 4 2 2 2 347 355 353 902
4904 4 2 2 2 341 335 343 904
4905 4 2 2 2 343 335 337 904
4906 4 2 2 2 349 357 355 983
4907 4 2 2 2 349 351 357 983
4908 4 2 2 2 308 302 300 1030
4909 4 2 2 2 300 306 308 1030
4910 4 2 2 2 331 329 325 1032
4911 4 2 2 2 329 323 325 1032
4912 4 2 2 2 298 299 305 1059
4913 4 2 2 2 305 304 298 1059
4914 4 2 2 2 415 417 761 1117
4915 4 2 2 2 761 756 415 1117
4916 4 2 2 2 769 423 421 1117
4917 4 2 2 2 763 761 417 1117
4918 4 2 2 2 766 769 421 1117
4919 4 2 2 2 763 417 759 1117
4920 4 2 2 2 769 771 423 1117
4921 4 2 2 2 771 768 423 1117
4922 4 2 2 2 763 759 206 1117
4923 4 2 2 2 768 771 218 1117
4924 4 2 2 2 403 405 743 1118
4925 4 2 2 2 405 744 743 1118
4926 4 2 2 2 752 411 409 1118
4927 4 2 2 2 403 743 738 1118
4928 4 2 2 2 753 411 752 1118
4929 4 2 2 2 752 409 747 1118
4930 4 2 2 2 546 549 272 1119
4931 4 2 2 2 546 272 273 1119
4932 4 2 2 2 555 279 278 1119
4933 4 2 2 2 272 549 545 1119
4934 4 2 2 2 555 552 279 1119
4935 4 2 2 2 549 546 201 1119
4936 4 2 2 2 558 555 278 1119
4937 4 2 2 2 278 553 558 1119
4938 4 2 2 2 201 545 549 1119
4939 4 2 2 2 589 303 301 1123
4940 4 2 2 2 586 589 301 1123
4941 4 2 2 2 577 295 578 1123
4942 4 2 2 2 295 297 578 1123
4943 4 2 2 2 589 591 303 1123
4944 4 2 2 2 434 435 786 1124
4945 4 2 2 2 786 791 434 1124
4946 4 2 2 2 243 791 786 1124
4947 4 2 2 2 791 785 434 1124
4948 4 2 2 2 428 779 778 1124
4949 4 2 2 2 428 426 779 1124
4950 4 2 2 2 791 243 785 1124
4951 4 2 2 2 291 289 569 1125
4952 4 2 2 2 283 285 560 1125
4953 4 2 2 2 569 289 568 1125
4954 4 2 2 2 569 572 291 1125
4955 4 2 2 2 283 560 559 1125
4956 4 2 2 2 652 344 342 1129
4957 4 2 2 2 344 652 658 1129
4958 4 2 2 2 658 31 653 1129
4959 4 2 2 2 658 653 344 1129
4960 4 2 2 2 30 653 31 1129
4961 4 2 2 2 653 30 345 1129
4962 4 2 2 2 653 345 344 1129
4963 4 2 2 2 348 350 663 1130
4964 4 2 2 2 665 663 350 1130
4965 4 2 2 2 33 664 32 1130
4966 4 2 2 2 664 33 665 1130
4967 4 2 2 2 664 665 350 1130
4968 4 2 2 2 741 404 405 1137
4969 4 2 2 2 404 741 742 1137
4970 4 2 2 2 399 398 732 1137
4971 4 2 2 2 398 733 732 1137
4972 4 2 2 2 742 402 404 1137
4973 4 2 2 2 732 736 399 1137
4974 4 2 2 2 744 741 405 1137
4975 4 2 2 2 170 736 732 1137
4976 4 2 2 2 398 396 733 1137
4977 4 2 2 2 182 741 744 1137
4978 4 2 2 2 396 737 733 1137
4979 4 2 2 2 743 182 744 1137
4980 4 2 2 2 734 736 170 1137
4981 4 2 2 2 704 377 379 1138
4982 4 2 2 2 385 383 712 1138
4983 4 2 2 2 379 707 704 1138
4984 4 2 2 2 718 712 383 1138
4985 4 2 2 2 703 377 704 1138
4986 4 2 2 2 144 712 718 1138
4987 4 2 2 2 714 383 382 1138
4988 4 2 2 2 714 718 383 1138
4989 4 2 2 2 703 376 377 1138
4990 4 2 2 2 144 718 714 1138
4991 4 2 2 2 391 720 389 1143
4992 4 2 2 2 395 730 397 1143
4993 4 2 2 2 389 720 726 1143
4994 4 2 2 2 735 730 395 1143
4995 4 2 2 2 168 730 735 1143
4996 4 2 2 2 156 726 720 1143
4997 4 2 2 2 392 393 724 1145
4998 4 2 2 2 724 393 723 1145
4999 4 2 2 2 716 387 386 1145
5000 4 2 2 2 386 717 716 1145
5001 4 2 2 2 387 716 715 1145
5002 4 2 2 2 724 725 392 1145
5003 4 2 2 2 314 315 609 1146
5004 4 2 2 2 610 314 609 1146
5005 4 2 2 2 309 308 600 1146
5006 4 2 2 2 610 606 314 1146
5007 4 2 2 2 308 601 600 1146
5008 4 2 2 2 312 314 606 1146
5009 4 2 2 2 601 308 599 1146
5010 4 2 2 2 610 609 129 1146
5011 4 2 2 2 600 601 141 1146
5012 4 2 2 2 599 308 306 1146
5013 4 2 2 2 129 606 610 1146
5014 4 2 2 2 611 312 606 1146
5015 4 2 2 2 599 141 601 1146
5016 4 2 2 2 247 249 514 1147
5017 4 2 2 2 518 514 249 1147
5018 4 2 2 2 292 579 293 1149
5019 4 2 2 2 292 583 579 1149
5020 4 2 2 2 292 580 583 1149
5021 4 2 2 2 287 570 286 1149
5022 4 2 2 2 580 292 294 1149
5023 4 2 2 2 574 286 570 1149
5024 4 2 2 2 293 579 584 1149
5025 4 2 2 2 570 287 575 1149
5026 4 2 2 2 571 286 574 1149
5027 4 2 2 2 583 161 579 1149
5028 4 2 2 2 173 574 570 1149
5029 4 2 2 2 162 584 579 1149
5030 4 2 2 2 575 174 570 1149
5031 4 2 2 2 571 288 286 1149
5032 4 2 2 2 571 574 173 1149
5033 4 2 2 2 571 173 580 1149
5034 4 2 2 2 583 580 161 1149
5035 4 2 2 2 318 617 320 1150
5036 4 2 2 2 324 326 626 1150
5037 4 2 2 2 617 630 626 1150
5038 4 2 2 2 324 626 630 1150
5039 4 2 2 2 277 279 552 1151
5040 4 2 2 2 279 1119 552 1151
5041 4 2 2 2 271 543 273 1151
5042 4 2 2 2 313 311 604 1153
5043 4 2 2 2 595 305 307 1153
5044 4 2 2 2 595 307 597 1153
5045 4 2 2 2 612 604 311 1153
5046 4 2 2 2 305 595 602 1153
5047 4 2 2 2 607 612 311 1153
5048 4 2 2 2 607 126 612 1153
5049 4 2 2 2 310 607 311 1153
5050 4 2 2 2 378 380 706 1156
5051 4 2 2 2 372 702 697 1156
5052 4 2 2 2 702 706 697 1156
5053 4 2 2 2 374 372 697 1156
5054 4 2 2 2 768 422 423 1158
5055 4 2 2 2 768 423 1117 1158
5056 4 2 2 2 420 422 770 1158
5057 4 2 2 2 768 770 422 1158
5058 4 2 2 2 759 417 416 1158
5059 4 2 2 2 759 1117 417 1158
5060 4 2 2 2 416 414 760 1158
5061 4 2 2 2 759 416 760 1158
5062 4 2 2 2 207 759 760 1158
5063 4 2 2 2 300 302 588 1159
5064 4 2 2 2 300 588 594 1159
5065 4 2 2 2 582 296 294 1159
5066 4 2 2 2 294 585 582 1159
5067 4 2 2 2 594 587 300 1159
5068 4 2 2 2 580 585 294 1159
5069 4 2 2 2 580 294 292 1159
5070 4 2 2 2 300 587 298 1159
5071 4 2 2 2 614 317 319 1160
5072 4 2 2 2 325 323 622 1160
5073 4 2 2 2 628 622 323 1160
5074 4 2 2 2 624 628 323 1160
5075 4 2 2 2 619 317 614 1160
5076 4 2 2 2 619 615 317 1160
5077 4 2 2 2 322 624 323 1160
5078 4 2 2 2 322 316 624 1160
5079 4 2 2 2 624 316 615 1160
5080 4 2 2 2 316 317 615 1160
5081 4 2 2 2 615 619 114 1160
5082 4 2 2 2 636 333 332 1161
5083 4 2 2 2 338 339 643 1161
5084 4 2 2 2 639 636 332 1161
5085 4 2 2 2 643 339 647 1161
5086 4 2 2 2 338 643 644 1161
5087 4 2 2 2 427 775 425 1163
5088 4 2 2 2 784 433 431 1163
5089 4 2 2 2 790 433 784 1163
5090 4 2 2 2 780 425 775 1163
5091 4 2 2 2 780 776 425 1163
5092 4 2 2 2 789 784 431 1163
5093 4 2 2 2 424 425 776 1163
5094 4 2 2 2 776 780 228 1163
5095 4 2 2 2 290 573 288 1168
5096 4 2 2 2 562 284 282 1168
5097 4 2 2 2 288 573 576 1168
5098 4 2 2 2 286 288 571 1168
5099 4 2 2 2 284 562 567 1168
5100 4 2 2 2 288 576 571 1168
5101 4 2 2 2 282 564 562 1168
5102 4 2 2 2 282 280 564 1168
5103 4 2 2 2 576 172 571 1168
5104 4 2 2 2 280 565 564 1168
5105 4 2 2 2 565 571 564 1168
5106 4 2 2 2 421 423 769 1169
5107 4 2 2 2 425 775 427 1169
5108 4 2 2 2 419 421 766 1169
5109 4 2 2 2 421 769 766 1169
5110 4 2 2 2 342 344 652 1170
5111 4 2 2 2 652 344 658 1170
5112 4 2 2 2 657 342 652 1170
5113 4 2 2 2 644 338 336 1170
5114 4 2 2 2 336 648 644 1170
5115 4 2 2 2 643 338 644 1170
5116 4 2 2 2 641 648 336 1170
5117 4 2 2 2 650 342 657 1170
5118 4 2 2 2 340 641 334 1170
5119 4 2 2 2 334 641 336 1170
5120 4 2 2 2 650 641 340 1170
5121 4 2 2 2 650 340 342 1170
5122 4 2 2 2 657 64 650 1170
5123 4 2 2 2 648 641 76 1170
5124 4 2 2 2 641 650 65 1170
5125 4 2 2 2 730 395 397 1171
5126 4 2 2 2 399 734 397 1171
5127 4 2 2 2 730 397 734 1171
5128 4 2 2 2 743 405 403 1171
5129 4 2 2 2 738 743 403 1171
5130 4 2 2 2 738 403 401 1171
5131 4 2 2 2 395 745 401 1171
5132 4 2 2 2 738 401 745 1171
5133 4 2 2 2 411 750 410 1173
5134 4 2 2 2 410 750 751 1173
5135 4 2 2 2 405 404 741 1173
5136 4 2 2 2 741 404 742 1173
5137 4 2 2 2 403 738 401 1180
5138 4 2 2 2 403 1118 738 1180
5139 4 2 2 2 749 754 407 1180
5140 4 2 2 2 401 738 745 1180
5141 4 2 2 2 401 745 740 1180
5142 4 2 2 2 535 266 264 1184
5143 4 2 2 2 278 553 276 1184
5144 4 2 2 2 533 539 264 1184
5145 4 2 2 2 539 535 264 1184
5146 4 2 2 2 553 557 276 1184
5147 4 2 2 2 558 553 278 1184
5148 4 2 2 2 557 551 276 1184
5149 4 2 2 2 540 266 535 1184
5150 4 2 2 2 555 558 278 1184
5151 4 2 2 2 264 262 533 1184
5152 4 2 2 2 276 551 274 1184
5153 4 2 2 2 278 1097 279 1184
5154 4 2 2 2 537 266 540 1184
5155 4 2 2 2 278 279 555 1184
5156 4 2 2 2 266 537 267 1184
5157 4 2 2 2 762 758 413 1185
5158 4 2 2 2 413 756 762 1185
5159 4 2 2 2 421 419 766 1185
5160 4 2 2 2 421 766 1117 1185
5161 4 2 2 2 413 415 756 1185
5162 4 2 2 2 415 1117 756 1185
5163 4 2 2 2 758 412 413 1185
5164 4 2 2 2 772 419 767 1185
5165 4 2 2 2 772 766 419 1185
5166 4 2 2 2 412 758 767 1185
5167 4 2 2 2 418 412 767 1185
5168 4 2 2 2 418 767 419 1185
5169 4 2 2 2 297 295 578 1187
5170 4 2 2 2 581 297 578 1187
5171 4 2 2 2 569 291 572 1187
5172 4 2 2 2 289 291 569 1187
5173 4 2 2 2 316 615 317 1190
5174 4 2 2 2 607 605 310 1190
5175 4 2 2 2 310 311 607 1190
5176 4 2 2 2 615 619 317 1190
5177 4 2 2 2 313 604 311 1190
5178 4 2 2 2 612 607 311 1190
5179 4 2 2 2 317 619 614 1190
5180 4 2 2 2 612 311 604 1190
5181 4 2 2 2 319 317 614 1190
5182 4 2 2 2 411 410 750 1193
5183 4 2 2 2 411 750 753 1193
5184 4 2 2 2 759 416 417 1193
5185 4 2 2 2 752 411 753 1193
5186 4 2 2 2 416 759 760 1193
5187 4 2 2 2 759 417 763 1193
5188 4 2 2 2 763 417 761 1193
5189 4 2 2 2 751 750 410 1193
5190 4 2 2 2 761 417 415 1193
5191 4 2 2 2 753 194 752 1193
5192 4 2 2 2 348 663 350 1198
5193 4 2 2 2 356 670 354 1198
5194 4 2 2 2 356 674 670 1198
5195 4 2 2 2 350 663 665 1198
5196 4 2 2 2 673 674 356 1198
5197 4 2 2 2 356 357 673 1198
5198 4 2 2 2 357 1045 351 1198
5199 4 2 2 2 676 354 670 1198
5200 4 2 2 2 348 666 663 1198
5201 4 2 2 2 665 664 350 1198
5202 4 2 2 2 664 673 357 1198
5203 4 2 2 2 351 350 664 1198
5204 4 2 2 2 351 664 357 1198
5205 4 2 2 2 348 660 666 1198
5206 4 2 2 2 676 669 354 1198
5207 4 2 2 2 352 660 346 1198
5208 4 2 2 2 348 346 660 1198
5209 4 2 2 2 669 660 352 1198
5210 4 2 2 2 669 352 354 1198
5211 4 2 2 2 591 303 302 1200
5212 4 2 2 2 589 303 591 1200
5213 4 2 2 2 600 308 309 1200
5214 4 2 2 2 592 591 302 1200
5215 4 2 2 2 600 309 597 1200
5216 4 2 2 2 302 308 601 1200
5217 4 2 2 2 601 308 600 1200
5218 4 2 2 2 601 592 302 1200
5219 4 2 2 2 141 601 600 1200
5220 4 2 2 2 141 592 601 1200
5221 4 2 2 2 391 393 723 1202
5222 4 2 2 2 293 584 579 1206
5223 4 2 2 2 293 577 584 1206
5224 4 2 2 2 577 293 295 1206
5225 4 2 2 2 577 295 1123 1206
5226 4 2 2 2 579 292 293 1206
5227 4 2 2 2 579 584 593 1206
5228 4 2 2 2 579 298 292 1206
5229 4 2 2 2 299 590 593 1206
5230 4 2 2 2 590 579 593 1206
5231 4 2 2 2 298 590 299 1206
5232 4 2 2 2 298 579 590 1206
5233 4 2 2 2 388 390 722 1207
5234 4 2 2 2 722 390 384 1207
5235 4 2 2 2 713 384 382 1207
5236 4 2 2 2 713 722 384 1207
5237 4 2 2 2 563 285 284 1211
5238 4 2 2 2 284 567 563 1211
5239 4 2 2 2 284 1168 567 1211
5240 4 2 2 2 291 1125 572 1211
5241 4 2 2 2 291 572 290 1211
5242 4 2 2 2 566 561 281 1214
5243 4 2 2 2 566 281 559 1214
5244 4 2 2 2 559 281 283 1214
5245 4 2 2 2 559 283 1125 1214
5246 4 2 2 2 280 281 561 1214
5247 4 2 2 2 287 570 575 1214
5248 4 2 2 2 280 561 286 1214
5249 4 2 2 2 286 570 287 1214
5250 4 2 2 2 286 561 570 1214
5251 4 2 2 2 402 746 742 1218
5252 4 2 2 2 406 408 748 1218
5253 4 2 2 2 755 748 408 1218
5254 4 2 2 2 402 739 746 1218
5255 4 2 2 2 408 751 755 1218
5256 4 2 2 2 739 402 400 1218
5257 4 2 2 2 739 400 406 1218
5258 4 2 2 2 318 320 617 1219
5259 4 2 2 2 606 314 312 1219
5260 4 2 2 2 620 318 617 1219
5261 4 2 2 2 610 314 606 1219
5262 4 2 2 2 320 621 617 1219
5263 4 2 2 2 618 621 320 1219
5264 4 2 2 2 610 609 314 1219
5265 4 2 2 2 312 611 606 1219
5266 4 2 2 2 605 611 312 1219
5267 4 2 2 2 391 389 720 1223
5268 4 2 2 2 385 712 383 1223
5269 4 2 2 2 720 723 391 1223
5270 4 2 2 2 385 387 715 1223
5271 4 2 2 2 387 1145 715 1223
5272 4 2 2 2 391 723 393 1223
5273 4 2 2 2 723 1145 393 1223
5274 4 2 2 2 383 712 718 1223
5275 4 2 2 2 715 712 385 1223
5276 4 2 2 2 726 720 389 1223
5277 4 2 2 2 726 718 144 1223
5278 4 2 2 2 718 712 144 1223
5279 4 2 2 2 720 726 156 1223
5280 4 2 2 2 427 429 777 1224
5281 4 2 2 2 782 435 433 1224
5282 4 2 2 2 782 433 790 1224
5283 4 2 2 2 433 1163 790 1224
5284 4 2 2 2 790 241 782 1224
5285 4 2 2 2 372 696 370 1229
5286 4 2 2 2 702 696 372 1229
5287 4 2 2 2 686 693 366 1229
5288 4 2 2 2 370 696 700 1229
5289 4 2 2 2 366 364 686 1229
5290 4 2 2 2 372 374 697 1229
5291 4 2 2 2 372 697 702 1229
5292 4 2 2 2 366 693 689 1229
5293 4 2 2 2 366 689 368 1229
5294 4 2 2 2 700 694 370 1229
5295 4 2 2 2 364 687 686 1229
5296 4 2 2 2 701 697 374 1229
5297 4 2 2 2 692 368 689 1229
5298 4 2 2 2 111 692 689 1229
5299 4 2 2 2 123 697 701 1229
5300 4 2 2 2 313 608 315 1230
5301 4 2 2 2 307 309 597 1230
5302 4 2 2 2 307 597 1153 1230
5303 4 2 2 2 296 581 297 1239
5304 4 2 2 2 578 297 581 1239
5305 4 2 2 2 578 1123 297 1239
5306 4 2 2 2 582 581 296 1239
5307 4 2 2 2 582 296 1159 1239
5308 4 2 2 2 302 303 591 1239
5309 4 2 2 2 303 1123 591 1239
5310 4 2 2 2 302 591 592 1239
5311 4 2 2 2 355 361 359 1243
5312 4 2 2 2 353 355 359 1243
5313 4 2 2 2 569 568 289 1244
5314 4 2 2 2 569 289 1187 1244
5315 4 2 2 2 568 287 289 1244
5316 4 2 2 2 295 293 577 1244
5317 4 2 2 2 578 295 577 1244
5318 4 2 2 2 578 1187 295 1244
5319 4 2 2 2 283 281 559 1248
5320 4 2 2 2 560 283 559 1248
5321 4 2 2 2 281 1061 269 1248
5322 4 2 2 2 541 269 271 1248
5323 4 2 2 2 543 541 271 1248
5324 4 2 2 2 285 283 560 1248
5325 4 2 2 2 281 566 559 1248
5326 4 2 2 2 271 273 543 1248
5327 4 2 2 2 561 566 281 1248
5328 4 2 2 2 561 281 269 1248
5329 4 2 2 2 269 541 547 1248
5330 4 2 2 2 561 186 566 1248
5331 4 2 2 2 547 198 544 1248
5332 4 2 2 2 418 765 420 1249
5333 4 2 2 2 765 773 420 1249
5334 4 2 2 2 426 774 424 1249
5335 4 2 2 2 767 765 418 1249
5336 4 2 2 2 773 770 420 1249
5337 4 2 2 2 781 774 426 1249
5338 4 2 2 2 779 781 426 1249
5339 4 2 2 2 418 412 1185 1250
5340 4 2 2 2 307 305 595 1251
5341 4 2 2 2 595 597 307 1251
5342 4 2 2 2 586 299 301 1251
5343 4 2 2 2 299 305 1059 1251
5344 4 2 2 2 301 589 586 1251
5345 4 2 2 2 595 305 602 1251
5346 4 2 2 2 593 305 299 1251
5347 4 2 2 2 593 299 586 1251
5348 4 2 2 2 138 602 598 1251
5349 4 2 2 2 296 581 582 1256
5350 4 2 2 2 294 296 582 1256
5351 4 2 2 2 573 290 288 1256
5352 4 2 2 2 290 573 572 1256
5353 4 2 2 2 585 294 582 1256
5354 4 2 2 2 288 576 573 1256
5355 4 2 2 2 580 294 585 1256
5356 4 2 2 2 288 571 576 1256
5357 4 2 2 2 580 585 160 1256
5358 4 2 2 2 172 576 571 1256
5359 4 2 2 2 172 571 580 1256
5360 4 2 2 2 432 426 783 1257
5361 4 2 2 2 783 424 430 1257
5362 4 2 2 2 783 430 432 1257
5363 4 2 2 2 616 321 319 1261
5364 4 2 2 2 313 315 608 1261
5365 4 2 2 2 321 616 618 1261
5366 4 2 2 2 315 314 609 1261
5367 4 2 2 2 314 1219 609 1261
5368 4 2 2 2 321 618 320 1261
5369 4 2 2 2 618 1219 320 1261
5370 4 2 2 2 608 315 609 1261
5371 4 2 2 2 319 321 616 1264
5372 4 2 2 2 614 319 616 1264
5373 4 2 2 2 614 1160 319 1264
5374 4 2 2 2 616 321 618 1264
5375 4 2 2 2 327 627 629 1264
5376 4 2 2 2 104 629 627 1264
5377 4 2 2 2 627 327 325 1264
5378 4 2 2 2 414 416 760 1268
5379 4 2 2 2 416 1193 760 1268
5380 4 2 2 2 414 764 757 1268
5381 4 2 2 2 414 760 764 1268
5382 4 2 2 2 410 408 751 1268
5383 4 2 2 2 410 751 1193 1268
5384 4 2 2 2 408 755 751 1268
5385 4 2 2 2 748 755 408 1268
5386 4 2 2 2 287 286 1214 1278
5387 4 2 2 2 286 280 1214 1278
5388 4 2 2 2 275 277 550 1283
5389 4 2 2 2 271 269 541 1283
5390 4 2 2 2 269 547 541 1283
5391 4 2 2 2 545 549 272 1286
5392 4 2 2 2 549 546 272 1286
5393 4 2 2 2 282 284 562 1286
5394 4 2 2 2 545 272 270 1286
5395 4 2 2 2 284 563 567 1286
5396 4 2 2 2 284 567 562 1286
5397 4 2 2 2 270 548 545 1286
5398 4 2 2 2 564 282 562 1286
5399 4 2 2 2 270 542 548 1286
5400 4 2 2 2 196 548 542 1286
5401 4 2 2 2 313 1190 311 1290
5402 4 2 2 2 695 373 371 1293
5403 4 2 2 2 688 365 367 1293
5404 4 2 2 2 694 695 371 1293
5405 4 2 2 2 365 688 687 1293
5406 4 2 2 2 319 317 1190 1294
5407 4 2 2 2 724 393 392 1298
5408 4 2 2 2 732 398 399 1298
5409 4 2 2 2 399 736 732 1298
5410 4 2 2 2 265 534 532 1304
5411 4 2 2 2 552 279 277 1304
5412 4 2 2 2 265 267 534 1304
5413 4 2 2 2 277 550 552 1304
5414 4 2 2 2 538 536 263 1305
5415 4 2 2 2 263 532 538 1305
5416 4 2 2 2 274 554 275 1305
5417 4 2 2 2 262 263 536 1305
5418 4 2 2 2 554 556 275 1305
5419 4 2 2 2 275 556 550 1305
5420 4 2 2 2 274 551 554 1305
5421 4 2 2 2 536 533 262 1305
5422 4 2 2 2 293 1206 292 1313
5423 4 2 2 2 298 292 1206 1313
5424 4 2 2 2 395 1171 401 1314
5425 4 2 2 2 380 708 381 1318
5426 4 2 2 2 380 709 708 1318
5427 4 2 2 2 381 708 707 1318
5428 4 2 2 2 386 387 716 1318
5429 4 2 2 2 327 625 326 1322
5430 4 2 2 2 625 327 629 1322
5431 4 2 2 2 327 1264 629 1322
5432 4 2 2 2 326 625 626 1322
5433 4 2 2 2 326 626 1150 1322
5434 4 2 2 2 621 618 320 1322
5435 4 2 2 2 321 320 618 1322
5436 4 2 2 2 321 618 1264 1322
5437 4 2 2 2 380 381 708 1325
5438 4 2 2 2 699 375 374 1325
5439 4 2 2 2 708 709 380 1325
5440 4 2 2 2 135 709 708 1325
5441 4 2 2 2 375 699 698 1325
5442 4 2 2 2 701 699 374 1325
5443 4 2 2 2 699 701 123 1325
5444 4 2 2 2 707 381 379 1327
5445 4 2 2 2 695 373 698 1327
5446 4 2 2 2 379 704 707 1327
5447 4 2 2 2 373 375 698 1327
5448 4 2 2 2 375 1325 698 1327
5449 4 2 2 2 121 695 698 1327
5450 4 2 2 2 377 704 379 1327
5451 4 2 2 2 362 682 363 1328
5452 4 2 2 2 369 691 368 1328
5453 4 2 2 2 362 683 682 1328
5454 4 2 2 2 692 368 691 1328
5455 4 2 2 2 692 689 368 1328
5456 4 2 2 2 683 362 680 1328
5457 4 2 2 2 110 794 98 1328
5458 4 2 2 2 680 99 683 1328
5459 4 2 2 2 111 689 692 1328
5460 4 2 2 2 690 369 367 1329
5461 4 2 2 2 681 361 363 1329
5462 4 2 2 2 688 367 365 1329
5463 4 2 2 2 688 690 367 1329
5464 4 2 2 2 677 361 681 1329
5465 4 2 2 2 677 359 361 1329
5466 4 2 2 2 365 359 685 1329
5467 4 2 2 2 359 677 685 1329
5468 4 2 2 2 687 688 365 1329
5469 4 2 2 2 685 677 96 1329
5470 4 2 2 2 108 688 687 1329
5471 4 2 2 2 369 368 691 1335
5472 4 2 2 2 374 375 699 1335
5473 4 2 2 2 375 698 699 1335
5474 4 2 2 2 691 690 369 1335
5475 4 2 2 2 692 691 368 1335
5476 4 2 2 2 374 699 701 1335
5477 4 2 2 2 111 691 692 1335
5478 4 2 2 2 123 701 699 1335
5479 4 2 2 2 635 333 331 1337
5480 4 2 2 2 625 327 326 1337
5481 4 2 2 2 333 636 332 1337
5482 4 2 2 2 325 327 627 1337
5483 4 2 2 2 327 629 627 1337
5484 4 2 2 2 333 635 636 1337
5485 4 2 2 2 326 332 639 1337
5486 4 2 2 2 636 639 332 1337
5487 4 2 2 2 327 625 629 1337
5488 4 2 2 2 326 332 1337 1338
5489 4 2 2 2 354 352 669 1340
5490 4 2 2 2 669 676 354 1340
5491 4 2 2 2 358 360 678 1340
5492 4 2 2 2 671 669 352 1340
5493 4 2 2 2 678 360 684 1340
5494 4 2 2 2 358 678 679 1340
5495 4 2 2 2 352 353 671 1340
5496 4 2 2 2 679 359 358 1340
5497 4 2 2 2 419 766 772 1343
5498 4 2 2 2 772 767 419 1343
5499 4 2 2 2 767 418 419 1343
5500 4 2 2 2 424 776 425 1343
5501 4 2 2 2 780 775 425 1343
5502 4 2 2 2 776 780 425 1343
5503 4 2 2 2 330 632 328 1351
5504 4 2 2 2 623 324 322 1351
5505 4 2 2 2 638 632 330 1351
5506 4 2 2 2 328 632 633 1351
5507 4 2 2 2 322 624 623 1351
5508 4 2 2 2 634 638 330 1351
5509 4 2 2 2 322 323 624 1351
5510 4 2 2 2 633 329 328 1351
5511 4 2 2 2 623 630 324 1351
5512 4 2 2 2 330 332 634 1351
5513 4 2 2 2 626 326 324 1351
5514 4 2 2 2 324 630 626 1351
5515 4 2 2 2 634 332 639 1351
5516 4 2 2 2 326 639 332 1351
5517 4 2 2 2 326 626 639 1351
5518 4 2 2 2 634 639 93 1351
5519 4 2 2 2 626 105 639 1351
5520 4 2 2 2 779 426 428 1352
5521 4 2 2 2 779 1249 426 1352
5522 4 2 2 2 420 770 422 1352
5523 4 2 2 2 420 1249 770 1352
5524 4 2 2 2 778 779 428 1352
5525 4 2 2 2 422 770 768 1352
5526 4 2 2 2 404 1137 402 1355
5527 4 2 2 2 308 1200 302 1357
5528 4 2 2 2 1200 1321 302 1357
5529 4 2 2 2 426 432 1124 1358
5530 4 2 2 2 396 398 733 1361
5531 4 2 2 2 733 398 732 1361
5532 4 2 2 2 398 1298 732 1361
5533 4 2 2 2 396 733 737 1361
5534 4 2 2 2 390 725 392 1361
5535 4 2 2 2 390 727 725 1361
5536 4 2 2 2 379 377 1327 1365
5537 4 2 2 2 316 317 1160 1368
5538 4 2 2 2 322 316 1160 1368
5539 4 2 2 2 414 1158 416 1370
5540 4 2 2 2 429 778 428 1374
5541 4 2 2 2 778 1352 428 1374
5542 4 2 2 2 429 777 778 1374
5543 4 2 2 2 771 769 423 1374
5544 4 2 2 2 769 1169 423 1374
5545 4 2 2 2 768 771 423 1374
5546 4 2 2 2 777 429 427 1374
5547 4 2 2 2 384 386 717 1381
5548 4 2 2 2 717 719 384 1381
5549 4 2 2 2 716 717 386 1381
5550 4 2 2 2 716 386 1318 1381
5551 4 2 2 2 705 711 378 1381
5552 4 2 2 2 378 711 706 1381
5553 4 2 2 2 380 378 706 1381
5554 4 2 2 2 711 131 706 1381
5555 4 2 2 2 143 713 719 1381
5556 4 2 2 2 719 713 384 1381
5557 4 2 2 2 711 705 131 1381
5558 4 2 2 2 378 376 705 1381
5559 4 2 2 2 382 705 376 1381
5560 4 2 2 2 382 384 713 1381
5561 4 2 2 2 382 713 705 1381
5562 4 2 2 2 366 1229 368 1388
5563 4 2 2 2 374 368 1229 1388
5564 4 2 2 2 374 1335 368 1388
5565 4 2 2 2 374 1229 372 1389
5566 4 2 2 2 244 245 517 1391
5567 4 2 2 2 263 262 536 1391
5568 4 2 2 2 245 521 517 1391
5569 4 2 2 2 538 263 536 1391
5570 4 2 2 2 262 533 536 1391
5571 4 2 2 2 264 533 262 1391
5572 4 2 2 2 517 515 244 1391
5573 4 2 2 2 513 521 245 1391
5574 4 2 2 2 246 244 515 1391
5575 4 2 2 2 539 533 264 1391
5576 4 2 2 2 246 539 264 1391
5577 4 2 2 2 513 245 247 1391
5578 4 2 2 2 265 263 532 1391
5579 4 2 2 2 538 532 263 1391
5580 4 2 2 2 519 515 232 1391
5581 4 2 2 2 246 515 519 1391
5582 4 2 2 2 533 539 220 1391
5583 4 2 2 2 539 535 220 1391
5584 4 2 2 2 245 247 1391 1392
5585 4 2 2 2 355 357 672 1397
5586 4 2 2 2 672 357 673 1397
5587 4 2 2 2 361 681 363 1397
5588 4 2 2 2 682 363 681 1397
5589 4 2 2 2 356 674 673 1398
5590 4 2 2 2 670 674 356 1398
5591 4 2 2 2 362 680 360 1398
5592 4 2 2 2 354 670 356 1398
5593 4 2 2 2 682 683 362 1398
5594 4 2 2 2 683 680 362 1398
5595 4 2 2 2 324 1351 326 1403
5596 4 2 2 2 332 326 1351 1403
5597 4 2 2 2 326 332 1338 1403
5598 4 2 2 2 371 694 370 1413
5599 4 2 2 2 694 700 370 1413
5600 4 2 2 2 376 703 377 1413
5601 4 2 2 2 696 370 700 1413
5602 4 2 2 2 703 376 710 1413
5603 4 2 2 2 376 705 710 1413
5604 4 2 2 2 344 345 653 1425
5605 4 2 2 2 656 653 345 1425
5606 4 2 2 2 656 345 654 1425
5607 4 2 2 2 339 647 645 1425
5608 4 2 2 2 643 647 339 1425
5609 4 2 2 2 338 643 339 1425
5610 4 2 2 2 338 1170 643 1425
5611 4 2 2 2 645 337 339 1425
5612 4 2 2 2 337 343 1026 1425
5613 4 2 2 2 337 645 654 1425
5614 4 2 2 2 337 654 343 1425
5615 4 2 2 2 654 345 343 1425
5616 4 2 2 2 358 678 360 1431
5617 4 2 2 2 679 678 358 1431
5618 4 2 2 2 686 364 366 1431
5619 4 2 2 2 686 366 693 1431
5620 4 2 2 2 359 679 358 1431
5621 4 2 2 2 364 686 687 1431
5622 4 2 2 2 678 684 360 1431
5623 4 2 2 2 684 680 360 1431
5624 4 2 2 2 364 687 365 1431
5625 4 2 2 2 679 687 106 1431
5626 4 2 2 2 107 693 689 1431
5627 4 2 2 2 680 684 95 1431
5628 4 2 2 2 413 412 758 1436
5629 4 2 2 2 749 406 407 1436
5630 4 2 2 2 406 749 748 1436
5631 4 2 2 2 754 749 407 1436
5632 4 2 2 2 556 554 275 1441
5633 4 2 2 2 556 275 550 1441
5634 4 2 2 2 544 268 542 1441
5635 4 2 2 2 554 551 274 1441
5636 4 2 2 2 268 544 269 1441
5637 4 2 2 2 542 268 270 1441
5638 4 2 2 2 544 547 269 1441
5639 4 2 2 2 547 1283 269 1441
5640 4 2 2 2 551 276 274 1441
5641 4 2 2 2 548 542 270 1441
5642 4 2 2 2 557 276 551 1441
5643 4 2 2 2 542 548 196 1441
5644 4 2 2 2 548 557 196 1441
5645 4 2 2 2 635 331 333 1442
5646 4 2 2 2 635 333 636 1442
5647 4 2 2 2 333 1161 636 1442
5648 4 2 2 2 631 331 635 1442
5649 4 2 2 2 337 640 645 1442
5650 4 2 2 2 645 339 337 1442
5651 4 2 2 2 335 640 337 1442
5652 4 2 2 2 647 339 645 1442
5653 4 2 2 2 647 1161 339 1442
5654 4 2 2 2 331 631 329 1442
5655 4 2 2 2 335 646 640 1442
5656 4 2 2 2 335 329 646 1442
5657 4 2 2 2 331 325 1337 1443
5658 4 2 2 2 414 420 1158 1445
5659 4 2 2 2 332 330 634 1446
5660 4 2 2 2 639 332 634 1446
5661 4 2 2 2 639 1161 332 1446
5662 4 2 2 2 638 634 330 1446
5663 4 2 2 2 638 330 632 1446
5664 4 2 2 2 336 338 644 1446
5665 4 2 2 2 338 1161 644 1446
5666 4 2 2 2 632 330 328 1446
5667 4 2 2 2 336 644 648 1446
5668 4 2 2 2 632 328 641 1446
5669 4 2 2 2 334 336 641 1446
5670 4 2 2 2 334 641 328 1446
5671 4 2 2 2 648 641 336 1446
5672 4 2 2 2 88 638 632 1446
5673 4 2 2 2 76 648 644 1446
5674 4 2 2 2 648 76 641 1446
5675 4 2 2 2 632 641 76 1446
5676 4 2 2 2 396 729 394 1453
5677 4 2 2 2 728 722 388 1453
5678 4 2 2 2 390 388 722 1453
5679 4 2 2 2 728 388 721 1453
5680 4 2 2 2 394 729 731 1453
5681 4 2 2 2 721 388 389 1453
5682 4 2 2 2 394 731 395 1453
5683 4 2 2 2 1416 740 401 400
5684 4 2 2 2 1416 401 740 1180
5685 4 2 2 2 734 1202 730 169
5686 4 2 2 2 592 588 1239 153
5687 4 2 2 2 202 758 192 204
5688 4 2 2 2 762 192 758 204
5689 4 2 2 2 560 563 1248 188
5690 4 2 2 2 1248 1286 563 1181
5691 4 2 2 2 1286 546 1248 200
5692 4 2 2 2 1286 1248 546 1181
5693 4 2 2 2 543 1248 546 200
5694 4 2 2 2 1397 356 1045 357
5695 4 2 2 2 1397 1045 356 1044
5696 4 2 2 2 568 287 1149 575
5697 4 2 2 2 1149 287 568 1244
5698 4 2 2 2 1149 174 568 575
5699 4 2 2 2 568 174 1149 1244
5700 4 2 2 2 577 162 1149 584
5701 4 2 2 2 1149 162 577 1244
5702 4 2 2 2 1149 293 577 584
5703 4 2 2 2 577 293 1149 1244
5704 4 2 2 2 1214 280 1061 1060
5705 4 2 2 2 1214 1061 280 281
5706 4 2 2 2 68 653 80 69
5707 4 2 2 2 80 653 81 69
5708 4 2 2 2 753 750 1118 194
5709 4 2 2 2 744 1118 741 182
5710 4 2 2 2 572 569 1244 176
5711 4 2 2 2 1244 569 572 1187
5712 4 2 2 2 572 1244 1256 176
5713 4 2 2 2 1256 1244 572 1187
5714 4 2 2 2 578 581 1244 164
5715 4 2 2 2 578 1244 581 1187
5716 4 2 2 2 1256 581 1244 1187
5717 4 2 2 2 769 766 1374 217
5718 4 2 2 2 769 1374 766 1169
5719 4 2 2 2 1374 766 1343 217
5720 4 2 2 2 1374 1343 766 1169
5721 4 2 2 2 723 391 1143 720
5722 4 2 2 2 1143 391 723 1202
5723 4 2 2 2 1143 157 723 720
5724 4 2 2 2 723 157 1143 1202
5725 4 2 2 2 393 723 1298 724
5726 4 2 2 2 393 1298 723 1202
5727 4 2 2 2 158 1298 723 724
5728 4 2 2 2 158 723 1298 1202
5729 4 2 2 2 1343 1374 775 1169
5730 4 2 2 2 140 600 1230 597
5731 4 2 2 2 140 1230 600 1146
5732 4 2 2 2 309 1230 600 597
5733 4 2 2 2 309 600 1230 1146
5734 4 2 2 2 1147 1284 1095 1111
5735 4 2 2 2 1147 1095 1284 1038
5736 4 2 2 2 989 1095 1284 1111
5737 4 2 2 2 989 1284 1095 1038
5738 4 2 2 2 1397 355 983 969
5739 4 2 2 2 1397 983 355 357
5740 4 2 2 2 1160 322 1131 323
5741 4 2 2 2 1160 1131 322 1018
5742 4 2 2 2 370 372 1413 696
5743 4 2 2 2 567 189 1168 562
5744 4 2 2 2 1168 189 567 1211
5745 4 2 2 2 1206 298 1059 299
5746 4 2 2 2 1206 1059 298 1058
5747 4 2 2 2 651 340 49 650
5748 4 2 2 2 340 47 49 650
5749 4 2 2 2 47 1129 340 1135
5750 4 2 2 2 102 622 1264 103
5751 4 2 2 2 627 1264 622 103
5752 4 2 2 2 1224 427 1374 1208
5753 4 2 2 2 1224 1374 427 429
5754 4 2 2 2 716 1318 715 146
5755 4 2 2 2 573 177 1211 572
5756 4 2 2 2 1211 290 573 572
5757 4 2 2 2 573 290 1211 1168
5758 4 2 2 2 1218 410 751 1173
5759 4 2 2 2 1218 751 410 408
5760 4 2 2 2 1218 404 742 402
5761 4 2 2 2 1218 742 404 1173
5762 4 2 2 2 1185 418 1076 419
5763 4 2 2 2 1185 1076 418 919
5764 4 2 2 2 1425 343 1280 345
5765 4 2 2 2 1425 1280 343 1026
5766 4 2 2 2 547 1283 198 541
5767 4 2 2 2 547 198 1283 1441
5768 4 2 2 2 872 1228 814 835
5769 4 2 2 2 814 1228 872 871
5770 4 2 2 2 1139 922 1152 863
5771 4 2 2 2 1139 1152 922 1140
5772 4 2 2 2 1180 180 738 745
5773 4 2 2 2 155 722 1361 727
5774 4 2 2 2 155 1361 722 1453
5775 4 2 2 2 390 1361 722 727
5776 4 2 2 2 390 722 1361 1453
5777 4 2 2 2 1185 204 756 762
5778 4 2 2 2 1033 1422 1012 1015
5779 4 2 2 2 1033 1012 1333 1015
5780 4 2 2 2 1333 1012 1033 1023
5781 4 2 2 2 1033 1333 1338 1015
5782 4 2 2 2 1338 1333 1033 1023
5783 4 2 2 2 396 729 1361 737
5784 4 2 2 2 396 1361 729 1453
5785 4 2 2 2 167 1361 729 737
5786 4 2 2 2 167 729 1361 1453
5787 4 2 2 2 777 775 1163 229
5788 4 2 2 2 241 777 1163 229
5789 4 2 2 2 241 1163 777 1224
5790 4 2 2 2 230 777 241 229
5791 4 2 2 2 823 1271 1354 847
5792 4 2 2 2 1339 1354 1271 847
5793 4 2 2 2 1152 1139 1308 1140
5794 4 2 2 2 1152 1308 1139 923
5795 4 2 2 2 778 777 1124 230
5796 4 2 2 2 777 241 242 230
5797 4 2 2 2 242 241 777 1224
5798 4 2 2 2 655 44 50 651
5799 4 2 2 2 50 44 655 27
5800 4 2 2 2 655 50 66 651
5801 4 2 2 2 518 254 530 520
5802 4 2 2 2 530 254 518 527
5803 4 2 2 2 530 1216 518 520
5804 4 2 2 2 518 1216 530 527
5805 4 2 2 2 360 684 1398 680
5806 4 2 2 2 360 1398 684 1340
5807 4 2 2 2 95 1398 684 680
5808 4 2 2 2 95 684 1398 1340
5809 4 2 2 2 676 354 1398 670
5810 4 2 2 2 1398 354 676 1340
5811 4 2 2 2 1398 83 676 670
5812 4 2 2 2 676 83 1398 1340
5813 4 2 2 2 134 707 1325 708
5814 4 2 2 2 134 1325 707 1327
5815 4 2 2 2 381 1325 707 708
5816 4 2 2 2 381 707 1325 1327
5817 4 2 2 2 837 808 832 833
5818 4 2 2 2 837 832 808 813
5819 4 2 2 2 1186 924 866 879
5820 4 2 2 2 916 866 924 879
5821 4 2 2 2 916 924 866 929
5822 4 2 2 2 690 369 1328 691
5823 4 2 2 2 1328 369 690 1329
5824 4 2 2 2 1328 110 690 691
5825 4 2 2 2 690 110 1328 1329
5826 4 2 2 2 363 681 1328 682
5827 4 2 2 2 363 1328 681 1329
5828 4 2 2 2 98 1328 681 682
5829 4 2 2 2 1159 298 1093 1003
5830 4 2 2 2 1159 1093 298 300
5831 4 2 2 2 286 1168 1092 288
5832 4 2 2 2 1092 1168 286 1004
5833 4 2 2 2 1168 280 1096 282
5834 4 2 2 2 1168 1096 280 1004
5835 4 2 2 2 1397 673 356 357
5836 4 2 2 2 1397 356 673 1398
5837 4 2 2 2 682 1397 362 363
5838 4 2 2 2 682 362 1397 1398
5839 4 2 2 2 1158 768 759 1117
5840 4 2 2 2 768 218 759 1117
5841 4 2 2 2 218 759 206 207
5842 4 2 2 2 218 206 759 1117
5843 4 2 2 2 734 736 1202 170
5844 4 2 2 2 706 119 711 702
5845 4 2 2 2 706 711 119 131
5846 4 2 2 2 710 142 703 130
5847 4 2 2 2 710 703 142 714
5848 4 2 2 2 174 185 570 173
5849 4 2 2 2 174 570 185 561
5850 4 2 2 2 565 185 570 561
5851 4 2 2 2 117 100 617 112
5852 4 2 2 2 117 617 100 626
5853 4 2 2 2 630 617 100 112
5854 4 2 2 2 630 100 617 626
5855 4 2 2 2 219 770 203 215
5856 4 2 2 2 180 740 735 745
5857 4 2 2 2 735 740 180 168
5858 4 2 2 2 77 642 90 78
5859 4 2 2 2 204 767 772 216
5860 4 2 2 2 742 737 167 179
5861 4 2 2 2 84 73 659 72
5862 4 2 2 2 166 729 179 167
5863 4 2 2 2 737 179 729 167
5864 4 2 2 2 202 757 215 203
5865 4 2 2 2 773 757 215 765
5866 4 2 2 2 714 154 713 728
5867 4 2 2 2 713 154 714 142
5868 4 2 2 2 565 571 185 564
5869 4 2 2 2 544 185 542 565
5870 4 2 2 2 542 185 544 197
5871 4 2 2 2 626 117 1322 105
5872 4 2 2 2 1322 117 626 621
5873 4 2 2 2 149 136 587 596
5874 4 2 2 2 149 587 136 148
5875 4 2 2 2 603 587 136 596
5876 4 2 2 2 611 596 796 605
5877 4 2 2 2 796 596 611 136
5878 4 2 2 2 796 124 611 605
5879 4 2 2 2 611 124 796 136
5880 4 2 2 2 226 227 783 239
5881 4 2 2 2 226 783 227 774
5882 4 2 2 2 781 783 227 239
5883 4 2 2 2 781 227 783 774
5884 4 2 2 2 143 719 725 717
5885 4 2 2 2 725 719 143 155
5886 4 2 2 2 793 1346 373 1293
5887 4 2 2 2 793 1448 1346 1293
5888 4 2 2 2 1346 1448 793 1335
5889 4 2 2 2 1248 285 1177 1181
5890 4 2 2 2 1248 1177 285 283
5891 4 2 2 2 965 371 1327 373
5892 4 2 2 2 965 1327 371 1413
5893 4 2 2 2 695 1327 371 373
5894 4 2 2 2 1459 267 1184 266
5895 4 2 2 2 1459 1184 267 1097
5896 4 2 2 2 1132 1193 415 417
5897 4 2 2 2 415 1193 1132 1110
5898 4 2 2 2 673 86 661 672
5899 4 2 2 2 673 661 86 74
5900 4 2 2 2 73 661 86 672
5901 4 2 2 2 73 86 661 74
5902 4 2 2 2 672 85 659 668
5903 4 2 2 2 672 659 85 73
5904 4 2 2 2 84 659 85 668
5905 4 2 2 2 84 85 659 73
5906 4 2 2 2 182 169 743 181
5907 4 2 2 2 224 235 534 223
5908 4 2 2 2 185 561 198 186
5909 4 2 2 2 185 198 561 544
5910 4 2 2 2 1248 198 561 186
5911 4 2 2 2 1248 561 198 544
5912 4 2 2 2 67 654 640 79
5913 4 2 2 2 640 654 67 649
5914 4 2 2 2 640 66 67 79
5915 4 2 2 2 67 66 640 649
5916 4 2 2 2 130 705 143 131
5917 4 2 2 2 1381 143 705 131
5918 4 2 2 2 1381 705 143 713
5919 4 2 2 2 89 632 642 77
5920 4 2 2 2 642 632 89 633
5921 4 2 2 2 642 90 89 77
5922 4 2 2 2 89 90 642 633
5923 4 2 2 2 615 113 623 101
5924 4 2 2 2 615 623 113 613
5925 4 2 2 2 100 623 113 101
5926 4 2 2 2 100 113 623 613
5927 4 2 2 2 179 178 729 166
5928 4 2 2 2 179 729 178 739
5929 4 2 2 2 740 729 178 166
5930 4 2 2 2 740 178 729 739
5931 4 2 2 2 627 631 103 622
5932 4 2 2 2 90 631 103 91
5933 4 2 2 2 90 103 631 622
5934 4 2 2 2 215 214 757 202
5935 4 2 2 2 215 757 214 765
5936 4 2 2 2 767 757 214 202
5937 4 2 2 2 767 214 757 765
5938 4 2 2 2 749 739 190 178
5939 4 2 2 2 687 1329 96 108
5940 4 2 2 2 96 106 687 108
5941 4 2 2 2 687 106 96 679
5942 4 2 2 2 951 1235 874 871
5943 4 2 2 2 874 1235 951 1053
5944 4 2 2 2 874 952 951 871
5945 4 2 2 2 951 952 874 1053
5946 4 2 2 2 137 598 150 138
5947 4 2 2 2 137 150 598 590
5948 4 2 2 2 1251 150 598 138
5949 4 2 2 2 184 542 1286 196
5950 4 2 2 2 1286 542 184 564
5951 4 2 2 2 193 204 756 205
5952 4 2 2 2 756 204 193 747
5953 4 2 2 2 85 668 96 84
5954 4 2 2 2 675 96 668 84
5955 4 2 2 2 1089 1039 1392 1038
5956 4 2 2 2 1089 1392 1039 1066
5957 4 2 2 2 1111 267 1459 266
5958 4 2 2 2 1111 1459 267 1284
5959 4 2 2 2 27 341 44 655
5960 4 2 2 2 27 44 341 1135
5961 4 2 2 2 651 44 341 655
5962 4 2 2 2 1018 892 1031 1014
5963 4 2 2 2 1018 1031 892 976
5964 4 2 2 2 64 652 31 69
5965 4 2 2 2 658 31 652 69
5966 4 2 2 2 658 652 31 1129
5967 4 2 2 2 652 31 657 64
5968 4 2 2 2 694 695 795 120
5969 4 2 2 2 694 795 695 1293
5970 4 2 2 2 108 1229 795 120
5971 4 2 2 2 1229 694 795 120
5972 4 2 2 2 1229 795 694 1293
5973 4 2 2 2 313 1261 604 1190
5974 4 2 2 2 313 604 1261 608
5975 4 2 2 2 695 698 793 121
5976 4 2 2 2 795 793 695 1293
5977 4 2 2 2 1229 795 687 108
5978 4 2 2 2 1229 687 795 1293
5979 4 2 2 2 33 62 661 74
5980 4 2 2 2 33 661 62 29
5981 4 2 2 2 73 661 62 74
5982 4 2 2 2 73 62 661 29
5983 4 2 2 2 1253 905 845 849
5984 4 2 2 2 1253 845 905 906
5985 4 2 2 2 838 845 905 849
5986 4 2 2 2 838 905 845 906
5987 4 2 2 2 663 71 33 75
5988 4 2 2 2 33 665 663 75
5989 4 2 2 2 663 665 33 1130
5990 4 2 2 2 1140 1308 862 921
5991 4 2 2 2 862 1308 1140 1152
5992 4 2 2 2 757 758 1268 202
5993 4 2 2 2 1268 758 190 202
5994 4 2 2 2 1268 190 758 1436
5995 4 2 2 2 190 758 192 202
5996 4 2 2 2 190 192 758 1436
5997 4 2 2 2 279 555 1304 552
5998 4 2 2 2 212 1304 555 552
5999 4 2 2 2 267 1304 537 534
6000 4 2 2 2 224 537 1304 534
6001 4 2 2 2 521 245 522 513
6002 4 2 2 2 521 522 245 1215
6003 4 2 2 2 1216 521 522 513
6004 4 2 2 2 1216 522 521 1215
6005 4 2 2 2 234 521 1216 513
6006 4 2 2 2 234 1216 521 1215
6007 4 2 2 2 1436 407 1416 406
6008 4 2 2 2 1436 1416 407 1088
6009 4 2 2 2 1224 435 786 782
6010 4 2 2 2 786 435 1224 1124
6011 4 2 2 2 786 242 1224 782
6012 4 2 2 2 563 285 1125 560
6013 4 2 2 2 1125 285 563 1211
6014 4 2 2 2 1125 188 563 560
6015 4 2 2 2 563 188 1125 1211
6016 4 2 2 2 1322 618 117 621
6017 4 2 2 2 1218 400 1237 402
6018 4 2 2 2 1218 1237 400 1104
6019 4 2 2 2 1361 732 1202 1298
6020 4 2 2 2 736 1202 732 1298
6021 4 2 2 2 736 732 1202 170
6022 4 2 2 2 1309 912 1110 970
6023 4 2 2 2 1309 1110 912 1133
6024 4 2 2 2 1245 1056 1001 1002
6025 4 2 2 2 1020 1001 1056 1002
6026 4 2 2 2 1332 959 969 1044
6027 4 2 2 2 1445 914 1075 1199
6028 4 2 2 2 1445 1075 914 915
6029 4 2 2 2 1452 875 1330 958
6030 4 2 2 2 1452 1330 875 954
6031 4 2 2 2 1195 922 1183 1140
6032 4 2 2 2 1195 1183 922 864
6033 4 2 2 2 1246 995 1056 996
6034 4 2 2 2 1020 1056 995 996
6035 4 2 2 2 1449 306 312 1236
6036 4 2 2 2 1449 312 306 1146
6037 4 2 2 2 629 1322 104 625
6038 4 2 2 2 629 104 1322 1264
6039 4 2 2 2 105 104 1322 625
6040 4 2 2 2 1183 1195 921 925
6041 4 2 2 2 921 1195 1183 1140
6042 4 2 2 2 1381 380 709 706
6043 4 2 2 2 709 380 1381 1318
6044 4 2 2 2 709 135 1381 706
6045 4 2 2 2 1381 135 709 1318
6046 4 2 2 2 395 1453 735 1143
6047 4 2 2 2 395 735 1453 731
6048 4 2 2 2 168 735 1453 1143
6049 4 2 2 2 168 1453 735 731
6050 4 2 2 2 463 804 443 466
6051 4 2 2 2 443 804 463 1233
6052 4 2 2 2 389 1453 726 721
6053 4 2 2 2 389 726 1453 1143
6054 4 2 2 2 156 726 1453 721
6055 4 2 2 2 156 1453 726 1143
6056 4 2 2 2 910 1415 1183 1369
6057 4 2 2 2 910 1183 1415 1387
6058 4 2 2 2 909 1183 1415 1369
6059 4 2 2 2 909 1415 1183 1387
6060 4 2 2 2 1161 644 93 81
6061 4 2 2 2 1161 93 644 1446
6062 4 2 2 2 76 93 644 81
6063 4 2 2 2 76 644 93 1446
6064 4 2 2 2 1218 191 751 755
6065 4 2 2 2 1218 751 191 1173
6066 4 2 2 2 1218 179 742 1173
6067 4 2 2 2 1218 742 179 746
6068 4 2 2 2 1327 121 132 133
6069 4 2 2 2 132 704 1327 133
6070 4 2 2 2 551 208 533 1184
6071 4 2 2 2 208 533 220 221
6072 4 2 2 2 208 220 533 1184
6073 4 2 2 2 1443 325 1023 1032
6074 4 2 2 2 1443 1023 325 1337
6075 4 2 2 2 802 1265 1209 836
6076 4 2 2 2 802 1209 1265 1134
6077 4 2 2 2 813 1209 1265 836
6078 4 2 2 2 813 1265 1209 1134
6079 4 2 2 2 80 653 643 81
6080 4 2 2 2 1442 80 647 1161
6081 4 2 2 2 1442 647 80 645
6082 4 2 2 2 712 715 1138 145
6083 4 2 2 2 1454 1453 1108 388
6084 4 2 2 2 1454 1108 1453 940
6085 4 2 2 2 389 1108 1453 388
6086 4 2 2 2 389 1453 1108 940
6087 4 2 2 2 1455 1453 1122 940
6088 4 2 2 2 1455 1122 1453 394
6089 4 2 2 2 395 1122 1453 940
6090 4 2 2 2 395 1453 1122 394
6091 4 2 2 2 1343 1439 424 1076
6092 4 2 2 2 424 1439 1343 425
6093 4 2 2 2 1232 937 1137 936
6094 4 2 2 2 1232 1137 937 1362
6095 4 2 2 2 1355 1137 937 936
6096 4 2 2 2 1355 937 1137 1362
6097 4 2 2 2 1036 984 801 877
6098 4 2 2 2 1036 801 984 985
6099 4 2 2 2 863 1285 1167 825
6100 4 2 2 2 863 1167 1285 834
6101 4 2 2 2 810 1167 1285 825
6102 4 2 2 2 810 1285 1167 834
6103 4 2 2 2 1355 1173 1218 404
6104 4 2 2 2 1355 1218 1173 1070
6105 4 2 2 2 1075 914 1360 930
6106 4 2 2 2 1075 1360 914 915
6107 4 2 2 2 1304 223 210 211
6108 4 2 2 2 210 550 1304 211
6109 4 2 2 2 1304 550 210 1305
6110 4 2 2 2 60 72 667 29
6111 4 2 2 2 60 667 72 662
6112 4 2 2 2 56 60 667 29
6113 4 2 2 2 56 667 60 662
6114 4 2 2 2 1446 328 1447 330
6115 4 2 2 2 1446 1447 328 1116
6116 4 2 2 2 1399 907 1393 1074
6117 4 2 2 2 1399 1393 907 1113
6118 4 2 2 2 1224 923 1308 1182
6119 4 2 2 2 129 140 609 128
6120 4 2 2 2 129 609 140 1146
6121 4 2 2 2 196 553 213 208
6122 4 2 2 2 48 64 657 31
6123 4 2 2 2 48 657 64 650
6124 4 2 2 2 552 199 212 211
6125 4 2 2 2 124 112 605 125
6126 4 2 2 2 124 605 112 1219
6127 4 2 2 2 199 552 550 211
6128 4 2 2 2 926 815 928 495
6129 4 2 2 2 926 928 815 866
6130 4 2 2 2 577 150 163 162
6131 4 2 2 2 785 779 243 239
6132 4 2 2 2 785 243 779 1124
6133 4 2 2 2 227 243 779 239
6134 4 2 2 2 1012 1253 1033 1023
6135 4 2 2 2 1012 1033 1253 1422
6136 4 2 2 2 139 126 604 127
6137 4 2 2 2 604 126 139 1153
6138 4 2 2 2 1065 1214 281 1061
6139 4 2 2 2 1065 281 1214 1395
6140 4 2 2 2 1014 897 1131 1018
6141 4 2 2 2 1131 897 1014 1032
6142 4 2 2 2 1212 1230 1390 1146
6143 4 2 2 2 1390 1230 1212 1007
6144 4 2 2 2 1029 1412 842 889
6145 4 2 2 2 842 1412 1029 1000
6146 4 2 2 2 842 1109 1029 889
6147 4 2 2 2 1029 1109 842 1000
6148 4 2 2 2 1388 959 1043 1336
6149 4 2 2 2 1389 1043 950 1334
6150 4 2 2 2 1365 947 1138 948
6151 4 2 2 2 1365 1138 947 1259
6152 4 2 2 2 340 1170 1410 342
6153 4 2 2 2 1410 1170 340 1037
6154 4 2 2 2 1115 1016 984 1050
6155 4 2 2 2 1115 984 1016 1017
6156 4 2 2 2 1338 1023 327 1333
6157 4 2 2 2 1338 327 1023 1337
6158 4 2 2 2 325 327 1023 1333
6159 4 2 2 2 325 1023 327 1337
6160 4 2 2 2 200 212 552 199
6161 4 2 2 2 552 543 200 199
6162 4 2 2 2 493 812 499 809
6163 4 2 2 2 493 499 812 471
6164 4 2 2 2 472 499 812 809
6165 4 2 2 2 472 812 499 471
6166 4 2 2 2 918 1310 884 861
6167 4 2 2 2 918 884 1310 865
6168 4 2 2 2 830 884 1310 861
6169 4 2 2 2 830 1310 884 865
6170 4 2 2 2 213 201 553 196
6171 4 2 2 2 1297 858 862 824
6172 4 2 2 2 1297 862 858 1183
6173 4 2 2 2 1061 996 1214 1060
6174 4 2 2 2 1206 1028 299 1059
6175 4 2 2 2 1206 299 1028 1382
6176 4 2 2 2 152 141 591 153
6177 4 2 2 2 152 591 141 1200
6178 4 2 2 2 592 591 141 153
6179 4 2 2 2 592 141 591 1200
6180 4 2 2 2 808 470 1209 473
6181 4 2 2 2 808 1209 470 813
6182 4 2 2 2 151 163 577 150
6183 4 2 2 2 779 231 243 227
6184 4 2 2 2 779 243 231 1124
6185 4 2 2 2 598 125 138 137
6186 4 2 2 2 615 101 114 113
6187 4 2 2 2 1197 1205 1252 939
6188 4 2 2 2 1252 1205 1197 938
6189 4 2 2 2 1252 1172 1197 939
6190 4 2 2 2 1197 1172 1252 938
6191 4 2 2 2 583 149 590 161
6192 4 2 2 2 583 590 149 587
6193 4 2 2 2 1063 1061 1283 1062
6194 4 2 2 2 1063 1283 1061 1065
6195 4 2 2 2 776 238 228 226
6196 4 2 2 2 1451 959 1073 960
6197 4 2 2 2 706 119 135 131
6198 4 2 2 2 852 978 979 853
6199 4 2 2 2 979 978 852 974
6200 4 2 2 2 979 851 852 853
6201 4 2 2 2 852 851 979 974
6202 4 2 2 2 697 123 706 119
6203 4 2 2 2 135 706 123 119
6204 4 2 2 2 1158 207 770 760
6205 4 2 2 2 203 770 207 760
6206 4 2 2 2 203 207 770 219
6207 4 2 2 2 1072 1265 800 818
6208 4 2 2 2 800 1265 1072 1134
6209 4 2 2 2 79 654 68 67
6210 4 2 2 2 1101 960 874 961
6211 4 2 2 2 1101 874 960 1073
6212 4 2 2 2 1068 1443 1023 1032
6213 4 2 2 2 1023 1443 1068 1024
6214 4 2 2 2 1023 1176 1068 1032
6215 4 2 2 2 1068 1176 1023 1024
6216 4 2 2 2 80 645 68 79
6217 4 2 2 2 654 68 645 79
6218 4 2 2 2 183 742 167 179
6219 4 2 2 2 1298 938 1418 1202
6220 4 2 2 2 1298 1418 938 968
6221 4 2 2 2 754 747 1118 192
6222 4 2 2 2 132 703 142 130
6223 4 2 2 2 169 730 180 168
6224 4 2 2 2 735 180 730 168
6225 4 2 2 2 730 181 169 180
6226 4 2 2 2 735 745 730 180
6227 4 2 2 2 738 181 730 180
6228 4 2 2 2 745 738 730 180
6229 4 2 2 2 745 730 738 1171
6230 4 2 2 2 1276 1061 1005 1062
6231 4 2 2 2 1276 1005 1061 1096
6232 4 2 2 2 1278 996 1214 1246
6233 4 2 2 2 1278 1214 996 1060
6234 4 2 2 2 159 725 143 155
6235 4 2 2 2 717 147 725 143
6236 4 2 2 2 717 725 147 1145
6237 4 2 2 2 159 725 147 143
6238 4 2 2 2 159 147 725 1145
6239 4 2 2 2 216 226 1343 228
6240 4 2 2 2 776 1343 226 228
6241 4 2 2 2 897 832 836 802
6242 4 2 2 2 897 836 832 893
6243 4 2 2 2 1059 1002 1206 1028
6244 4 2 2 2 1059 1206 1002 1058
6245 4 2 2 2 91 631 78 90
6246 4 2 2 2 607 126 138 125
6247 4 2 2 2 138 126 607 1153
6248 4 2 2 2 138 598 607 125
6249 4 2 2 2 616 116 127 115
6250 4 2 2 2 624 102 114 101
6251 4 2 2 2 114 615 624 101
6252 4 2 2 2 624 615 114 1160
6253 4 2 2 2 814 1228 1394 822
6254 4 2 2 2 1394 1228 814 871
6255 4 2 2 2 160 148 580 161
6256 4 2 2 2 1313 1002 1206 1058
6257 4 2 2 2 1313 1206 1002 1245
6258 4 2 2 2 776 787 228 238
6259 4 2 2 2 240 228 787 238
6260 4 2 2 2 74 673 87 86
6261 4 2 2 2 669 660 83 82
6262 4 2 2 2 669 83 660 1198
6263 4 2 2 2 70 83 660 82
6264 4 2 2 2 172 571 185 173
6265 4 2 2 2 332 1447 1351 330
6266 4 2 2 2 1351 1447 332 1050
6267 4 2 2 2 1065 1063 1353 974
6268 4 2 2 2 1065 1353 1063 1350
6269 4 2 2 2 1094 944 882 1055
6270 4 2 2 2 1094 882 944 945
6271 4 2 2 2 1076 917 1310 919
6272 4 2 2 2 1076 1310 917 987
6273 4 2 2 2 1088 917 909 970
6274 4 2 2 2 1088 909 917 919
6275 4 2 2 2 1059 1009 975 1028
6276 4 2 2 2 1059 975 1009 1013
6277 4 2 2 2 96 668 97 677
6278 4 2 2 2 96 97 668 85
6279 4 2 2 2 1098 951 952 953
6280 4 2 2 2 1098 952 951 1053
6281 4 2 2 2 1098 960 952 1053
6282 4 2 2 2 1098 952 960 961
6283 4 2 2 2 649 655 50 66
6284 4 2 2 2 50 655 649 27
6285 4 2 2 2 50 67 649 66
6286 4 2 2 2 649 67 50 27
6287 4 2 2 2 92 636 104 93
6288 4 2 2 2 92 104 636 1337
6289 4 2 2 2 1254 1341 1042 947
6290 4 2 2 2 1042 1341 1254 1318
6291 4 2 2 2 906 838 907 846
6292 4 2 2 2 906 907 838 905
6293 4 2 2 2 1088 933 909 934
6294 4 2 2 2 1088 909 933 970
6295 4 2 2 2 1094 1362 1361 1055
6296 4 2 2 2 1094 1361 1362 1455
6297 4 2 2 2 104 627 92 103
6298 4 2 2 2 104 92 627 1337
6299 4 2 2 2 92 627 91 103
6300 4 2 2 2 91 627 631 103
6301 4 2 2 2 635 92 627 91
6302 4 2 2 2 627 92 635 1337
6303 4 2 2 2 627 631 635 91
6304 4 2 2 2 996 1301 974 888
6305 4 2 2 2 974 1301 996 972
6306 4 2 2 2 1076 925 1310 987
6307 4 2 2 2 1076 1310 925 927
6308 4 2 2 2 618 116 1322 117
6309 4 2 2 2 618 1322 116 1264
6310 4 2 2 2 105 1322 116 117
6311 4 2 2 2 216 205 756 204
6312 4 2 2 2 181 738 192 180
6313 4 2 2 2 181 192 738 1118
6314 4 2 2 2 192 738 754 180
6315 4 2 2 2 192 754 738 1118
6316 4 2 2 2 754 738 1180 180
6317 4 2 2 2 754 1180 738 1118
6318 4 2 2 2 660 71 83 70
6319 4 2 2 2 660 83 71 1198
6320 4 2 2 2 664 673 87 74
6321 4 2 2 2 87 673 664 1198
6322 4 2 2 2 87 75 664 74
6323 4 2 2 2 664 75 87 1198
6324 4 2 2 2 236 235 534 224
6325 4 2 2 2 1308 1183 910 862
6326 4 2 2 2 1308 910 1183 920
6327 4 2 2 2 808 446 484 470
6328 4 2 2 2 808 484 446 490
6329 4 2 2 2 681 98 85 97
6330 4 2 2 2 668 681 85 97
6331 4 2 2 2 677 681 668 97
6332 4 2 2 2 86 681 98 85
6333 4 2 2 2 672 668 681 85
6334 4 2 2 2 86 672 681 85
6335 4 2 2 2 1445 1112 1249 1075
6336 4 2 2 2 1445 1249 1112 1426
6337 4 2 2 2 1423 31 1129 30
6338 4 2 2 2 1423 1130 33 32
6339 4 2 2 2 1094 937 882 946
6340 4 2 2 2 1094 882 937 1055
6341 4 2 2 2 190 739 191 178
6342 4 2 2 2 179 191 739 178
6343 4 2 2 2 179 739 191 1218
6344 4 2 2 2 546 201 212 200
6345 4 2 2 2 546 212 552 200
6346 4 2 2 2 546 552 543 200
6347 4 2 2 2 213 555 201 212
6348 4 2 2 2 201 555 546 212
6349 4 2 2 2 201 546 555 1119
6350 4 2 2 2 546 555 552 212
6351 4 2 2 2 546 552 555 1119
6352 4 2 2 2 1346 950 954 1334
6353 4 2 2 2 1346 954 950 949
6354 4 2 2 2 1112 915 916 1075
6355 4 2 2 2 1112 916 915 931
6356 4 2 2 2 974 1395 1214 996
6357 4 2 2 2 1214 1395 974 1065
6358 4 2 2 2 1214 1061 974 996
6359 4 2 2 2 974 1061 1214 1065
6360 4 2 2 2 859 1324 911 858
6361 4 2 2 2 911 1324 859 1267
6362 4 2 2 2 122 1335 109 110
6363 4 2 2 2 690 109 1335 110
6364 4 2 2 2 690 1335 109 793
6365 4 2 2 2 1224 786 777 242
6366 4 2 2 2 1224 777 786 1124
6367 4 2 2 2 786 243 231 242
6368 4 2 2 2 786 231 243 1124
6369 4 2 2 2 230 786 231 242
6370 4 2 2 2 230 231 786 1124
6371 4 2 2 2 777 786 230 242
6372 4 2 2 2 777 230 786 1124
6373 4 2 2 2 922 1141 1139 1140
6374 4 2 2 2 1104 937 896 1070
6375 4 2 2 2 1104 896 937 946
6376 4 2 2 2 47 44 340 49
6377 4 2 2 2 47 340 44 1135
6378 4 2 2 2 651 340 44 49
6379 4 2 2 2 840 1377 820 1136
6380 4 2 2 2 820 1377 840 1376
6381 4 2 2 2 820 850 840 1136
6382 4 2 2 2 840 850 820 1376
6383 4 2 2 2 537 792 534 224
6384 4 2 2 2 236 534 792 224
6385 4 2 2 2 1122 933 1242 967
6386 4 2 2 2 1122 1242 933 934
6387 4 2 2 2 1092 1003 1412 890
6388 4 2 2 2 1412 889 1092 890
6389 4 2 2 2 1092 889 1412 1029
6390 4 2 2 2 1454 944 1094 1373
6391 4 2 2 2 1454 1094 944 945
6392 4 2 2 2 168 730 157 169
6393 4 2 2 2 168 157 730 1143
6394 4 2 2 2 1202 157 730 169
6395 4 2 2 2 1202 730 157 1143
6396 4 2 2 2 1093 1013 975 1059
6397 4 2 2 2 1093 975 1013 1019
6398 4 2 2 2 864 927 865 1196
6399 4 2 2 2 865 927 864 1310
6400 4 2 2 2 1228 1204 835 881
6401 4 2 2 2 1228 835 1204 870
6402 4 2 2 2 1112 919 916 931
6403 4 2 2 2 1112 916 919 1076
6404 4 2 2 2 1424 901 898 1282
6405 4 2 2 2 1424 898 901 1078
6406 4 2 2 2 1136 989 850 840
6407 4 2 2 2 1136 850 989 1085
6408 4 2 2 2 975 1009 976 971
6409 4 2 2 2 976 1009 975 1013
6410 4 2 2 2 109 1329 110 690
6411 4 2 2 2 1373 1145 943 1299
6412 4 2 2 2 1373 943 1145 1315
6413 4 2 2 2 695 120 1327 121
6414 4 2 2 2 132 1327 120 121
6415 4 2 2 2 857 1400 799 797
6416 4 2 2 2 799 1400 857 827
6417 4 2 2 2 1265 860 800 846
6418 4 2 2 2 1265 800 860 1134
6419 4 2 2 2 1101 874 1046 962
6420 4 2 2 2 1101 1046 874 1073
6421 4 2 2 2 1112 924 916 929
6422 4 2 2 2 1112 916 924 1075
6423 4 2 2 2 1114 1013 976 1019
6424 4 2 2 2 1114 976 1013 1087
6425 4 2 2 2 767 214 1343 216
6426 4 2 2 2 767 1343 214 1249
6427 4 2 2 2 226 1343 214 216
6428 4 2 2 2 226 214 1343 1249
6429 4 2 2 2 127 608 139 128
6430 4 2 2 2 139 608 140 128
6431 4 2 2 2 139 140 608 1230
6432 4 2 2 2 140 608 609 128
6433 4 2 2 2 1390 1404 1262 1007
6434 4 2 2 2 1262 1404 1390 1011
6435 4 2 2 2 982 808 837 833
6436 4 2 2 2 982 837 808 484
6437 4 2 2 2 1112 927 916 1076
6438 4 2 2 2 1112 916 927 929
6439 4 2 2 2 1114 1016 977 1017
6440 4 2 2 2 1114 977 1016 1051
6441 4 2 2 2 1396 1414 1255 942
6442 4 2 2 2 1255 1414 1396 947
6443 4 2 2 2 1314 1418 1417 1197
6444 4 2 2 2 1417 1418 1314 397
6445 4 2 2 2 217 1374 775 1343
6446 4 2 2 2 217 228 775 229
6447 4 2 2 2 775 228 217 1343
6448 4 2 2 2 365 1330 1329 367
6449 4 2 2 2 1329 1330 365 1188
6450 4 2 2 2 555 213 224 212
6451 4 2 2 2 224 1304 555 212
6452 4 2 2 2 1442 1025 1302 1024
6453 4 2 2 2 1442 1302 1025 1161
6454 4 2 2 2 1105 915 896 931
6455 4 2 2 2 1105 896 915 1071
6456 4 2 2 2 883 814 856 827
6457 4 2 2 2 883 856 814 871
6458 4 2 2 2 563 189 200 188
6459 4 2 2 2 200 189 563 1286
6460 4 2 2 2 200 1248 563 188
6461 4 2 2 2 563 1248 200 1286
6462 4 2 2 2 1234 1111 989 1081
6463 4 2 2 2 1234 989 1111 1121
6464 4 2 2 2 460 1379 805 462
6465 4 2 2 2 805 1379 460 1142
6466 4 2 2 2 1241 1211 1125 994
6467 4 2 2 2 1241 1125 1211 1177
6468 4 2 2 2 1045 969 876 1044
6469 4 2 2 2 1045 876 969 983
6470 4 2 2 2 1424 898 27 26
6471 4 2 2 2 1424 29 901 28
6472 4 2 2 2 1131 1017 322 1018
6473 4 2 2 2 1131 322 1017 1115
6474 4 2 2 2 1409 1418 968 938
6475 4 2 2 2 968 1418 1409 1232
6476 4 2 2 2 1096 1060 978 1061
6477 4 2 2 2 1096 978 1060 1004
6478 4 2 2 2 1092 1000 1412 1003
6479 4 2 2 2 1092 1412 1000 1029
6480 4 2 2 2 1332 958 969 959
6481 4 2 2 2 1332 969 958 1331
6482 4 2 2 2 1125 176 187 175
6483 4 2 2 2 1135 1127 898 1078
6484 4 2 2 2 1135 898 1127 986
6485 4 2 2 2 899 1127 898 986
6486 4 2 2 2 1102 1340 1144 352
6487 4 2 2 2 1144 1340 1102 1101
6488 4 2 2 2 1114 1018 976 1087
6489 4 2 2 2 1114 976 1018 1017
6490 4 2 2 2 1368 1031 1190 1294
6491 4 2 2 2 1368 1190 1031 1087
6492 4 2 2 2 1394 870 1228 1235
6493 4 2 2 2 1394 1228 870 822
6494 4 2 2 2 1274 1103 981 1120
6495 4 2 2 2 1274 981 1103 1082
6496 4 2 2 2 143 142 710 130
6497 4 2 2 2 710 142 143 713
6498 4 2 2 2 710 705 143 130
6499 4 2 2 2 143 705 710 713
6500 4 2 2 2 1038 1148 850 1039
6501 4 2 2 2 1038 850 1148 1085
6502 4 2 2 2 851 850 1148 1039
6503 4 2 2 2 851 1148 850 1085
6504 4 2 2 2 1218 1105 406 408
6505 4 2 2 2 1218 406 1105 1104
6506 4 2 2 2 1092 997 889 1029
6507 4 2 2 2 1092 889 997 1004
6508 4 2 2 2 1253 841 1339 849
6509 4 2 2 2 1253 1339 841 1213
6510 4 2 2 2 1122 939 1242 940
6511 4 2 2 2 1122 1242 939 967
6512 4 2 2 2 1152 1226 922 862
6513 4 2 2 2 922 1226 1152 863
6514 4 2 2 2 1460 798 823 1394
6515 4 2 2 2 1460 823 798 1272
6516 4 2 2 2 1312 1239 1123 999
6517 4 2 2 2 1312 1123 1239 1178
6518 4 2 2 2 1116 1351 1131 1115
6519 4 2 2 2 1131 1351 1116 328
6520 4 2 2 2 1096 992 889 1047
6521 4 2 2 2 1096 889 992 1005
6522 4 2 2 2 1339 823 1354 849
6523 4 2 2 2 1339 1354 823 1271
6524 4 2 2 2 980 854 853 855
6525 4 2 2 2 980 853 854 979
6526 4 2 2 2 1093 1058 975 1003
6527 4 2 2 2 1093 975 1058 1059
6528 4 2 2 2 1186 922 1141 1139
6529 4 2 2 2 1186 1141 922 1048
6530 4 2 2 2 188 1125 176 187
6531 4 2 2 2 176 1125 188 1211
6532 4 2 2 2 895 916 896 879
6533 4 2 2 2 895 896 916 931
6534 4 2 2 2 915 896 916 879
6535 4 2 2 2 915 916 896 931
6536 4 2 2 2 703 704 1327 132
6537 4 2 2 2 695 694 1327 120
6538 4 2 2 2 694 118 130 120
6539 4 2 2 2 694 130 118 1413
6540 4 2 2 2 703 130 694 1413
6541 4 2 2 2 1327 703 694 1413
6542 4 2 2 2 1024 1026 1281 906
6543 4 2 2 2 1281 1068 1024 906
6544 4 2 2 2 1396 867 964 948
6545 4 2 2 2 1396 964 867 1252
6546 4 2 2 2 1096 997 889 1004
6547 4 2 2 2 1096 889 997 1047
6548 4 2 2 2 147 1381 131 143
6549 4 2 2 2 1030 1008 1339 1010
6550 4 2 2 2 1030 1339 1008 1022
6551 4 2 2 2 1192 1297 1408 824
6552 4 2 2 2 1408 1297 1192 826
6553 4 2 2 2 1347 802 900 868
6554 4 2 2 2 1347 900 802 857
6555 4 2 2 2 1360 926 834 879
6556 4 2 2 2 834 926 1360 863
6557 4 2 2 2 834 1285 1360 879
6558 4 2 2 2 1360 1285 834 863
6559 4 2 2 2 982 837 820 1040
6560 4 2 2 2 982 820 837 1420
6561 4 2 2 2 1434 1053 1229 1098
6562 4 2 2 2 1434 1229 1053 1389
6563 4 2 2 2 1430 1053 1229 1388
6564 4 2 2 2 1430 1229 1053 1098
6565 4 2 2 2 1124 1139 1224 923
6566 4 2 2 2 1124 1224 1139 1225
6567 4 2 2 2 921 1139 1224 1225
6568 4 2 2 2 999 1458 887 998
6569 4 2 2 2 887 1458 999 1109
6570 4 2 2 2 887 1312 999 998
6571 4 2 2 2 999 1312 887 1109
6572 4 2 2 2 1108 939 1242 964
6573 4 2 2 2 1108 1242 939 940
6574 4 2 2 2 898 901 1127 899
6575 4 2 2 2 1127 901 898 1078
6576 4 2 2 2 1383 1009 1028 971
6577 4 2 2 2 1383 1028 1009 1269
6578 4 2 2 2 1366 1109 1022 841
6579 4 2 2 2 1366 1022 1109 999
6580 4 2 2 2 1093 1000 1412 1030
6581 4 2 2 2 1093 1412 1000 1003
6582 4 2 2 2 1428 1303 1286 993
6583 4 2 2 2 1428 1286 1303 1047
6584 4 2 2 2 1384 1051 1219 1220
6585 4 2 2 2 1384 1219 1051 1027
6586 4 2 2 2 1372 1034 1025 1035
6587 4 2 2 2 1372 1025 1034 1302
6588 4 2 2 2 1168 189 172 184
6589 4 2 2 2 1449 1027 1219 1260
6590 4 2 2 2 1449 1219 1027 1051
6591 4 2 2 2 1451 961 1431 960
6592 4 2 2 2 1451 1431 961 1433
6593 4 2 2 2 946 1355 1362 937
6594 4 2 2 2 1362 1355 946 1237
6595 4 2 2 2 1381 135 147 131
6596 4 2 2 2 1381 147 135 1318
6597 4 2 2 2 960 1431 1430 961
6598 4 2 2 2 1430 1431 960 1155
6599 4 2 2 2 1105 934 1416 1088
6600 4 2 2 2 1105 1416 934 1104
6601 4 2 2 2 810 454 455 492
6602 4 2 2 2 810 455 454 476
6603 4 2 2 2 1221 1367 1087 1114
6604 4 2 2 2 1087 1367 1221 1190
6605 4 2 2 2 884 856 941 857
6606 4 2 2 2 884 941 856 883
6607 4 2 2 2 811 452 453 477
6608 4 2 2 2 811 453 452 485
6609 4 2 2 2 207 760 1268 203
6610 4 2 2 2 1268 760 207 1193
6611 4 2 2 2 1268 191 207 203
6612 4 2 2 2 195 207 1268 191
6613 4 2 2 2 1268 207 195 1193
6614 4 2 2 2 1268 751 195 191
6615 4 2 2 2 195 751 1268 1193
6616 4 2 2 2 217 205 756 216
6617 4 2 2 2 217 756 205 1117
6618 4 2 2 2 1185 756 766 1117
6619 4 2 2 2 766 217 756 216
6620 4 2 2 2 766 756 217 1117
6621 4 2 2 2 183 194 1173 195
6622 4 2 2 2 750 1173 194 195
6623 4 2 2 2 750 194 1173 1118
6624 4 2 2 2 182 194 1173 183
6625 4 2 2 2 1173 194 182 1118
6626 4 2 2 2 1173 741 182 183
6627 4 2 2 2 182 741 1173 1118
6628 4 2 2 2 1281 802 904 894
6629 4 2 2 2 1281 904 802 899
6630 4 2 2 2 986 904 802 894
6631 4 2 2 2 986 802 904 899
6632 4 2 2 2 1372 1161 1025 1302
6633 4 2 2 2 1363 1350 991 1151
6634 4 2 2 2 1363 991 1350 1063
6635 4 2 2 2 1311 919 413 1088
6636 4 2 2 2 1311 413 919 1185
6637 4 2 2 2 412 413 919 1088
6638 4 2 2 2 412 919 413 1185
6639 4 2 2 2 977 1114 1412 1051
6640 4 2 2 2 977 1412 1114 1019
6641 4 2 2 2 1010 1412 1114 1051
6642 4 2 2 2 1010 1114 1412 1019
6643 4 2 2 2 999 1109 1291 1000
6644 4 2 2 2 999 1291 1109 1458
6645 4 2 2 2 1029 1291 1109 1000
6646 4 2 2 2 1029 1109 1291 1458
6647 4 2 2 2 1128 9 46 7
6648 4 2 2 2 1128 46 9 45
6649 4 2 2 2 16 46 9 7
6650 4 2 2 2 1386 1264 1160 1012
6651 4 2 2 2 1386 1160 1264 1294
6652 4 2 2 2 1105 919 918 1088
6653 4 2 2 2 1105 918 919 931
6654 4 2 2 2 929 1358 1385 924
6655 4 2 2 2 1385 1358 929 1257
6656 4 2 2 2 1320 1353 888 844
6657 4 2 2 2 888 1353 1320 852
6658 4 2 2 2 613 615 1190 113
6659 4 2 2 2 1342 1228 950 1042
6660 4 2 2 2 1342 950 1228 870
6661 4 2 2 2 1011 1316 1390 891
6662 4 2 2 2 1011 1390 1316 1404
6663 4 2 2 2 1007 1390 1316 891
6664 4 2 2 2 1007 1316 1390 1404
6665 4 2 2 2 1439 929 1385 927
6666 4 2 2 2 1439 1385 929 1257
6667 4 2 2 2 1100 992 980 1005
6668 4 2 2 2 1100 980 992 1079
6669 4 2 2 2 886 980 992 1005
6670 4 2 2 2 886 992 980 1079
6671 4 2 2 2 1026 1068 1281 904
6672 4 2 2 2 1281 1068 1026 1024
6673 4 2 2 2 1093 1010 1412 1019
6674 4 2 2 2 1093 1412 1010 1030
6675 4 2 2 2 509 46 9 16
6676 4 2 2 2 9 46 509 45
6677 4 2 2 2 9 35 509 16
6678 4 2 2 2 509 35 9 45
6679 4 2 2 2 983 1281 1126 908
6680 4 2 2 2 1126 1281 983 899
6681 4 2 2 2 40 510 4 39
6682 4 2 2 2 55 4 510 39
6683 4 2 2 2 55 510 4 17
6684 4 2 2 2 1107 953 1435 966
6685 4 2 2 2 1107 1435 953 1099
6686 4 2 2 2 1183 1297 922 864
6687 4 2 2 2 922 1297 1183 862
6688 4 2 2 2 968 1204 943 881
6689 4 2 2 2 943 1204 968 1203
6690 4 2 2 2 714 144 703 142
6691 4 2 2 2 714 703 144 1138
6692 4 2 2 2 132 703 144 142
6693 4 2 2 2 132 144 703 1138
6694 4 2 2 2 102 115 614 114
6695 4 2 2 2 614 115 102 1264
6696 4 2 2 2 116 104 1322 105
6697 4 2 2 2 116 1322 104 1264
6698 4 2 2 2 158 145 723 157
6699 4 2 2 2 1223 723 145 157
6700 4 2 2 2 158 146 723 145
6701 4 2 2 2 158 723 146 1145
6702 4 2 2 2 1284 1459 988 1111
6703 4 2 2 2 988 1459 1284 1097
6704 4 2 2 2 1108 1099 941 945
6705 4 2 2 2 1108 941 1099 1107
6706 4 2 2 2 921 1195 1163 925
6707 4 2 2 2 1163 1195 921 1225
6708 4 2 2 2 969 902 355 983
6709 4 2 2 2 355 902 969 1243
6710 4 2 2 2 564 184 571 185
6711 4 2 2 2 564 571 184 1168
6712 4 2 2 2 172 571 184 185
6713 4 2 2 2 172 184 571 1168
6714 4 2 2 2 1221 1449 1051 1219
6715 4 2 2 2 1051 1449 1221 1114
6716 4 2 2 2 99 680 111 1328
6717 4 2 2 2 127 616 128 116
6718 4 2 2 2 1168 189 573 172
6719 4 2 2 2 1168 573 189 1211
6720 4 2 2 2 177 573 189 172
6721 4 2 2 2 177 189 573 1211
6722 4 2 2 2 165 148 582 160
6723 4 2 2 2 165 153 582 148
6724 4 2 2 2 165 582 153 1239
6725 4 2 2 2 1159 588 582 1239
6726 4 2 2 2 582 153 588 148
6727 4 2 2 2 582 588 153 1239
6728 4 2 2 2 1123 578 152 1239
6729 4 2 2 2 164 578 152 163
6730 4 2 2 2 164 152 578 1239
6731 4 2 2 2 1106 953 1434 1098
6732 4 2 2 2 1106 1434 953 966
6733 4 2 2 2 1393 1113 877 907
6734 4 2 2 2 1393 877 1113 1036
6735 4 2 2 2 95 87 1398 99
6736 4 2 2 2 211 198 550 199
6737 4 2 2 2 1283 198 550 1441
6738 4 2 2 2 845 1316 1386 891
6739 4 2 2 2 1386 1316 845 1176
6740 4 2 2 2 1386 1253 845 891
6741 4 2 2 2 845 1253 1386 1176
6742 4 2 2 2 777 217 775 229
6743 4 2 2 2 777 775 217 1374
6744 4 2 2 2 230 218 777 229
6745 4 2 2 2 230 777 218 1374
6746 4 2 2 2 218 217 777 229
6747 4 2 2 2 218 777 217 1374
6748 4 2 2 2 1036 1399 1129 1113
6749 4 2 2 2 1274 1081 1080 1082
6750 4 2 2 2 1274 1080 1081 1234
6751 4 2 2 2 83 1398 95 87
6752 4 2 2 2 95 1398 83 1340
6753 4 2 2 2 1196 922 1048 928
6754 4 2 2 2 1196 1048 922 1141
6755 4 2 2 2 1041 811 821 485
6756 4 2 2 2 1041 821 811 831
6757 4 2 2 2 1422 849 1033 1253
6758 4 2 2 2 1422 1033 849 1015
6759 4 2 2 2 1235 1393 1394 873
6760 4 2 2 2 1394 1393 1235 874
6761 4 2 2 2 1106 965 1347 955
6762 4 2 2 2 1106 1347 965 966
6763 4 2 2 2 1131 985 1017 897
6764 4 2 2 2 1131 1017 985 1115
6765 4 2 2 2 54 33 57 43
6766 4 2 2 2 57 33 54 1423
6767 4 2 2 2 8 6 33 43
6768 4 2 2 2 54 8 33 43
6769 4 2 2 2 33 8 54 1423
6770 4 2 2 2 5 46 31 37
6771 4 2 2 2 1451 1101 1340 1433
6772 4 2 2 2 1451 1340 1101 1073
6773 4 2 2 2 1399 908 1282 1052
6774 4 2 2 2 1399 1282 908 1074
6775 4 2 2 2 1438 1228 882 944
6776 4 2 2 2 1438 882 1228 871
6777 4 2 2 2 9 1 27 35
6778 4 2 2 2 27 45 9 35
6779 4 2 2 2 9 45 27 1424
6780 4 2 2 2 1106 961 952 1098
6781 4 2 2 2 1106 952 961 963
6782 4 2 2 2 1116 1131 985 1115
6783 4 2 2 2 985 1131 1116 1069
6784 4 2 2 2 4 55 29 39
6785 4 2 2 2 56 29 55 39
6786 4 2 2 2 56 55 29 1424
6787 4 2 2 2 884 1347 829 857
6788 4 2 2 2 829 1347 884 1242
6789 4 2 2 2 1432 1084 1243 1188
6790 4 2 2 2 1432 1243 1084 1144
6791 4 2 2 2 1419 962 1067 1102
6792 4 2 2 2 1419 1067 962 1086
6793 4 2 2 2 1101 963 1433 961
6794 4 2 2 2 1101 1433 963 1144
6795 4 2 2 2 1144 962 963 1101
6796 4 2 2 2 1144 963 962 900
6797 4 2 2 2 1102 1144 962 1067
6798 4 2 2 2 962 1144 1102 1101
6799 4 2 2 2 1136 1090 989 1041
6800 4 2 2 2 1136 989 1090 1085
6801 4 2 2 2 1243 1067 1084 1144
6802 4 2 2 2 1243 1084 1067 902
6803 4 2 2 2 1084 1347 900 868
6804 4 2 2 2 900 1347 1084 963
6805 4 2 2 2 1086 985 986 803
6806 4 2 2 2 1086 986 985 1037
6807 4 2 2 2 1216 233 234 511
6808 4 2 2 2 1216 234 233 1215
6809 4 2 2 2 1231 511 233 1216
6810 4 2 2 2 1231 233 511 232
6811 4 2 2 2 347 355 659 668
6812 4 2 2 2 347 659 355 349
6813 4 2 2 2 672 659 355 668
6814 4 2 2 2 672 355 659 349
6815 4 2 2 2 675 668 359 353
6816 4 2 2 2 355 359 668 353
6817 4 2 2 2 355 668 359 677
6818 4 2 2 2 349 29 351 28
6819 4 2 2 2 349 351 29 661
6820 4 2 2 2 32 351 29 28
6821 4 2 2 2 32 29 351 661
6822 4 2 2 2 335 337 649 343
6823 4 2 2 2 335 649 337 640
6824 4 2 2 2 654 649 337 343
6825 4 2 2 2 654 337 649 640
6826 4 2 2 2 359 685 668 675
6827 4 2 2 2 359 668 685 677
6828 4 2 2 2 96 668 685 675
6829 4 2 2 2 96 685 668 677
6830 4 2 2 2 622 329 628 323
6831 4 2 2 2 659 667 84 72
6832 4 2 2 2 671 84 667 72
6833 4 2 2 2 564 268 565 280
6834 4 2 2 2 564 565 268 542
6835 4 2 2 2 575 561 1214 570
6836 4 2 2 2 575 1214 561 566
6837 4 2 2 2 335 651 646 642
6838 4 2 2 2 78 646 651 642
6839 4 2 2 2 340 335 642 651
6840 4 2 2 2 642 335 340 334
6841 4 2 2 2 642 641 340 651
6842 4 2 2 2 340 641 642 334
6843 4 2 2 2 329 631 325 622
6844 4 2 2 2 329 325 631 331
6845 4 2 2 2 347 662 352 671
6846 4 2 2 2 347 352 662 346
6847 4 2 2 2 660 352 662 671
6848 4 2 2 2 660 662 352 346
6849 4 2 2 2 329 642 637 633
6850 4 2 2 2 329 637 642 646
6851 4 2 2 2 90 637 642 633
6852 4 2 2 2 622 102 329 637
6853 4 2 2 2 622 329 102 628
6854 4 2 2 2 298 305 598 304
6855 4 2 2 2 598 305 298 590
6856 4 2 2 2 598 596 298 304
6857 4 2 2 2 298 596 598 590
6858 4 2 2 2 593 150 1123 577
6859 4 2 2 2 593 1123 150 586
6860 4 2 2 2 151 1123 150 577
6861 4 2 2 2 151 150 1123 586
6862 4 2 2 2 162 593 579 584
6863 4 2 2 2 162 579 593 590
6864 4 2 2 2 594 588 136 148
6865 4 2 2 2 136 588 594 603
6866 4 2 2 2 136 587 594 148
6867 4 2 2 2 594 587 136 603
6868 4 2 2 2 1168 565 286 280
6869 4 2 2 2 561 286 565 280
6870 4 2 2 2 571 574 185 173
6871 4 2 2 2 571 185 574 565
6872 4 2 2 2 570 185 574 173
6873 4 2 2 2 570 574 185 565
6874 4 2 2 2 286 570 565 574
6875 4 2 2 2 565 570 286 561
6876 4 2 2 2 561 280 269 281
6877 4 2 2 2 561 269 280 268
6878 4 2 2 2 1061 269 280 281
6879 4 2 2 2 1061 280 269 268
6880 4 2 2 2 544 269 1248 561
6881 4 2 2 2 1248 269 544 547
6882 4 2 2 2 1096 268 282 280
6883 4 2 2 2 1096 282 268 270
6884 4 2 2 2 564 282 268 280
6885 4 2 2 2 406 739 740 400
6886 4 2 2 2 740 739 406 749
6887 4 2 2 2 740 1416 406 400
6888 4 2 2 2 1180 180 749 754
6889 4 2 2 2 400 1122 395 401
6890 4 2 2 2 395 1122 400 394
6891 4 2 2 2 395 740 400 401
6892 4 2 2 2 400 740 395 394
6893 4 2 2 2 383 1223 726 389
6894 4 2 2 2 726 1223 383 718
6895 4 2 2 2 726 721 383 389
6896 4 2 2 2 726 714 383 721
6897 4 2 2 2 726 383 714 718
6898 4 2 2 2 1093 300 304 298
6899 4 2 2 2 1093 304 300 306
6900 4 2 2 2 596 304 300 298
6901 4 2 2 2 596 300 304 306
6902 4 2 2 2 685 365 679 359
6903 4 2 2 2 1431 365 679 687
6904 4 2 2 2 1431 679 365 359
6905 4 2 2 2 539 535 246 264
6906 4 2 2 2 248 535 246 516
6907 4 2 2 2 664 661 33 32
6908 4 2 2 2 664 33 661 74
6909 4 2 2 2 351 664 1130 32
6910 4 2 2 2 1130 664 351 350
6911 4 2 2 2 713 728 1207 382
6912 4 2 2 2 713 1207 728 722
6913 4 2 2 2 388 1207 728 382
6914 4 2 2 2 388 728 1207 722
6915 4 2 2 2 418 765 1250 420
6916 4 2 2 2 418 1250 765 412
6917 4 2 2 2 426 781 783 774
6918 4 2 2 2 426 783 781 788
6919 4 2 2 2 746 179 729 737
6920 4 2 2 2 729 179 746 739
6921 4 2 2 2 746 729 402 737
6922 4 2 2 2 402 729 746 739
6923 4 2 2 2 773 420 1250 765
6924 4 2 2 2 1250 420 773 414
6925 4 2 2 2 1250 412 757 765
6926 4 2 2 2 757 412 1250 414
6927 4 2 2 2 773 1250 757 765
6928 4 2 2 2 757 1250 773 414
6929 4 2 2 2 770 203 764 760
6930 4 2 2 2 196 201 1119 545
6931 4 2 2 2 1119 201 196 553
6932 4 2 2 2 535 540 248 266
6933 4 2 2 2 535 248 540 520
6934 4 2 2 2 537 248 540 266
6935 4 2 2 2 520 535 237 540
6936 4 2 2 2 520 237 535 516
6937 4 2 2 2 519 246 535 516
6938 4 2 2 2 1286 542 282 270
6939 4 2 2 2 1286 282 542 564
6940 4 2 2 2 268 282 542 270
6941 4 2 2 2 268 542 282 564
6942 4 2 2 2 607 605 304 310
6943 4 2 2 2 1146 611 124 606
6944 4 2 2 2 623 630 318 324
6945 4 2 2 2 1150 318 630 324
6946 4 2 2 2 613 318 630 620
6947 4 2 2 2 630 318 613 623
6948 4 2 2 2 535 266 246 264
6949 4 2 2 2 535 246 266 248
6950 4 2 2 2 1081 246 266 264
6951 4 2 2 2 1081 266 246 248
6952 4 2 2 2 520 237 537 540
6953 4 2 2 2 537 248 520 540
6954 4 2 2 2 553 558 201 213
6955 4 2 2 2 553 201 558 1119
6956 4 2 2 2 555 201 558 213
6957 4 2 2 2 555 558 201 1119
6958 4 2 2 2 593 577 1206 584
6959 4 2 2 2 1206 577 593 1123
6960 4 2 2 2 785 432 426 788
6961 4 2 2 2 785 426 432 1124
6962 4 2 2 2 781 785 426 788
6963 4 2 2 2 426 779 785 781
6964 4 2 2 2 426 785 779 1124
6965 4 2 2 2 575 559 1214 566
6966 4 2 2 2 662 347 56 667
6967 4 2 2 2 29 56 347 667
6968 4 2 2 2 57 56 346 1127
6969 4 2 2 2 47 657 48 650
6970 4 2 2 2 340 342 47 650
6971 4 2 2 2 340 47 342 1129
6972 4 2 2 2 342 657 47 650
6973 4 2 2 2 57 348 346 660
6974 4 2 2 2 666 348 57 660
6975 4 2 2 2 171 167 1137 733
6976 4 2 2 2 737 167 1137 742
6977 4 2 2 2 737 1137 167 733
6978 4 2 2 2 1355 1137 1237 396
6979 4 2 2 2 1355 1237 1137 402
6980 4 2 2 2 737 742 402 746
6981 4 2 2 2 737 402 742 1137
6982 4 2 2 2 376 382 703 710
6983 4 2 2 2 376 703 382 1138
6984 4 2 2 2 714 703 382 710
6985 4 2 2 2 714 382 703 1138
6986 4 2 2 2 390 384 725 727
6987 4 2 2 2 719 725 384 727
6988 4 2 2 2 384 717 725 719
6989 4 2 2 2 306 599 312 603
6990 4 2 2 2 306 312 599 1146
6991 4 2 2 2 611 312 599 603
6992 4 2 2 2 611 599 312 1146
6993 4 2 2 2 534 267 792 537
6994 4 2 2 2 617 320 626 621
6995 4 2 2 2 617 626 320 1150
6996 4 2 2 2 1322 626 320 621
6997 4 2 2 2 1322 320 626 1150
6998 4 2 2 2 318 617 630 620
6999 4 2 2 2 630 617 318 1150
7000 4 2 2 2 318 322 1017 316
7001 4 2 2 2 1017 1221 318 316
7002 4 2 2 2 305 304 607 598
7003 4 2 2 2 607 138 602 598
7004 4 2 2 2 602 138 607 1153
7005 4 2 2 2 305 607 602 598
7006 4 2 2 2 602 607 305 1153
7007 4 2 2 2 362 1328 1431 680
7008 4 2 2 2 1431 1328 362 1155
7009 4 2 2 2 1431 360 362 680
7010 4 2 2 2 689 366 1431 693
7011 4 2 2 2 706 378 702 711
7012 4 2 2 2 706 702 378 1156
7013 4 2 2 2 770 420 414 773
7014 4 2 2 2 414 420 770 1158
7015 4 2 2 2 414 764 770 773
7016 4 2 2 2 414 760 770 764
7017 4 2 2 2 414 770 760 1158
7018 4 2 2 2 302 588 1239 592
7019 4 2 2 2 302 1239 588 1159
7020 4 2 2 2 298 292 580 583
7021 4 2 2 2 580 292 298 1159
7022 4 2 2 2 580 587 298 583
7023 4 2 2 2 298 587 580 1159
7024 4 2 2 2 585 582 148 160
7025 4 2 2 2 148 580 585 160
7026 4 2 2 2 622 325 1264 627
7027 4 2 2 2 1264 325 622 1160
7028 4 2 2 2 624 628 114 102
7029 4 2 2 2 624 114 628 1160
7030 4 2 2 2 114 628 614 102
7031 4 2 2 2 114 614 628 1160
7032 4 2 2 2 614 628 1264 102
7033 4 2 2 2 614 1264 628 1160
7034 4 2 2 2 1264 628 622 102
7035 4 2 2 2 1264 622 628 1160
7036 4 2 2 2 571 286 565 574
7037 4 2 2 2 571 565 286 1168
7038 4 2 2 2 775 427 1374 777
7039 4 2 2 2 775 1374 427 1169
7040 4 2 2 2 399 734 1137 736
7041 4 2 2 2 399 1137 734 1171
7042 4 2 2 2 743 405 1137 744
7043 4 2 2 2 1137 405 743 1171
7044 4 2 2 2 395 745 730 735
7045 4 2 2 2 730 745 395 1171
7046 4 2 2 2 411 750 1118 753
7047 4 2 2 2 411 1118 750 1173
7048 4 2 2 2 741 405 1118 744
7049 4 2 2 2 741 1118 405 1173
7050 4 2 2 2 740 1180 180 749
7051 4 2 2 2 180 1180 740 745
7052 4 2 2 2 285 563 1248 560
7053 4 2 2 2 285 1248 563 1181
7054 4 2 2 2 546 273 1248 543
7055 4 2 2 2 546 1248 273 1181
7056 4 2 2 2 1185 204 767 772
7057 4 2 2 2 752 411 1110 409
7058 4 2 2 2 1110 411 752 1193
7059 4 2 2 2 1110 752 415 1193
7060 4 2 2 2 756 193 752 747
7061 4 2 2 2 415 756 752 747
7062 4 2 2 2 752 205 193 756
7063 4 2 2 2 415 761 752 756
7064 4 2 2 2 415 752 761 1193
7065 4 2 2 2 761 205 752 756
7066 4 2 2 2 593 299 1123 586
7067 4 2 2 2 593 1123 299 1206
7068 4 2 2 2 301 1123 299 586
7069 4 2 2 2 613 316 1190 615
7070 4 2 2 2 613 1190 316 1221
7071 4 2 2 2 777 427 1163 775
7072 4 2 2 2 1163 427 777 1224
7073 4 2 2 2 429 777 1124 778
7074 4 2 2 2 1124 777 429 1224
7075 4 2 2 2 1124 428 429 778
7076 4 2 2 2 694 370 1293 371
7077 4 2 2 2 694 1293 370 1229
7078 4 2 2 2 1106 1293 370 371
7079 4 2 2 2 1106 370 1293 1229
7080 4 2 2 2 1106 364 1293 365
7081 4 2 2 2 1106 1293 364 1229
7082 4 2 2 2 687 1293 364 365
7083 4 2 2 2 687 364 1293 1229
7084 4 2 2 2 1229 374 692 368
7085 4 2 2 2 1335 692 374 368
7086 4 2 2 2 111 1229 374 692
7087 4 2 2 2 374 1229 111 701
7088 4 2 2 2 374 1335 111 692
7089 4 2 2 2 111 1335 374 701
7090 4 2 2 2 608 315 1146 609
7091 4 2 2 2 1146 315 608 1230
7092 4 2 2 2 1146 140 608 609
7093 4 2 2 2 608 140 1146 1230
7094 4 2 2 2 304 306 312 596
7095 4 2 2 2 312 306 304 1236
7096 4 2 2 2 312 605 304 596
7097 4 2 2 2 310 304 312 605
7098 4 2 2 2 310 312 304 1236
7099 4 2 2 2 400 394 402 739
7100 4 2 2 2 400 402 394 1237
7101 4 2 2 2 729 402 394 739
7102 4 2 2 2 774 424 1343 776
7103 4 2 2 2 1343 424 774 1249
7104 4 2 2 2 1343 226 774 776
7105 4 2 2 2 774 226 1343 1249
7106 4 2 2 2 597 307 1200 309
7107 4 2 2 2 597 1200 307 1251
7108 4 2 2 2 1429 1200 307 309
7109 4 2 2 2 1429 307 1200 1251
7110 4 2 2 2 301 589 1200 303
7111 4 2 2 2 1200 589 301 1251
7112 4 2 2 2 1200 1175 301 303
7113 4 2 2 2 301 1175 1200 1251
7114 4 2 2 2 1251 598 305 602
7115 4 2 2 2 385 715 1138 712
7116 4 2 2 2 1318 381 1138 707
7117 4 2 2 2 1318 1138 381 1254
7118 4 2 2 2 379 1138 381 707
7119 4 2 2 2 715 387 1318 716
7120 4 2 2 2 1238 296 1187 297
7121 4 2 2 2 1238 1187 296 1256
7122 4 2 2 2 581 1187 296 297
7123 4 2 2 2 581 296 1187 1256
7124 4 2 2 2 290 1240 1187 291
7125 4 2 2 2 1187 1240 290 1256
7126 4 2 2 2 1187 572 290 291
7127 4 2 2 2 290 572 1187 1256
7128 4 2 2 2 294 1092 288 1149
7129 4 2 2 2 288 1092 294 1256
7130 4 2 2 2 783 424 426 774
7131 4 2 2 2 783 426 424 1257
7132 4 2 2 2 1261 1190 1262 319
7133 4 2 2 2 1261 1262 1190 313
7134 4 2 2 2 1290 1262 1190 319
7135 4 2 2 2 1290 1190 1262 313
7136 4 2 2 2 1119 272 270 545
7137 4 2 2 2 343 26 345 654
7138 4 2 2 2 345 26 343 1280
7139 4 2 2 2 546 272 1181 273
7140 4 2 2 2 546 1181 272 1286
7141 4 2 2 2 1217 1181 272 273
7142 4 2 2 2 1217 272 1181 1286
7143 4 2 2 2 1210 284 1181 285
7144 4 2 2 2 1210 1181 284 1286
7145 4 2 2 2 563 1181 284 285
7146 4 2 2 2 563 284 1181 1286
7147 4 2 2 2 695 373 793 698
7148 4 2 2 2 695 793 373 1293
7149 4 2 2 2 1262 319 1263 1261
7150 4 2 2 2 1262 1263 319 1294
7151 4 2 2 2 1392 263 1304 265
7152 4 2 2 2 1392 1304 263 1305
7153 4 2 2 2 532 1304 263 265
7154 4 2 2 2 532 263 1304 1305
7155 4 2 2 2 275 1363 1304 277
7156 4 2 2 2 1304 1363 275 1305
7157 4 2 2 2 1304 550 275 277
7158 4 2 2 2 275 550 1304 1305
7159 4 2 2 2 274 262 1100 1184
7160 4 2 2 2 1100 262 274 1305
7161 4 2 2 2 551 533 262 1184
7162 4 2 2 2 262 533 551 1305
7163 4 2 2 2 274 551 262 1184
7164 4 2 2 2 262 551 274 1305
7165 4 2 2 2 1311 407 1436 413
7166 4 2 2 2 1311 1436 407 1309
7167 4 2 2 2 709 123 135 706
7168 4 2 2 2 135 123 709 1325
7169 4 2 2 2 380 1156 697 706
7170 4 2 2 2 380 697 123 706
7171 4 2 2 2 709 380 123 706
7172 4 2 2 2 123 380 709 1325
7173 4 2 2 2 374 701 1156 697
7174 4 2 2 2 1156 701 374 1325
7175 4 2 2 2 701 380 1156 697
7176 4 2 2 2 1156 380 701 1325
7177 4 2 2 2 701 123 380 697
7178 4 2 2 2 380 123 701 1325
7179 4 2 2 2 687 96 365 679
7180 4 2 2 2 687 365 96 1329
7181 4 2 2 2 685 365 96 679
7182 4 2 2 2 685 96 365 1329
7183 4 2 2 2 627 325 631 622
7184 4 2 2 2 96 679 675 685
7185 4 2 2 2 359 675 679 685
7186 4 2 2 2 633 329 102 637
7187 4 2 2 2 102 90 633 637
7188 4 2 2 2 323 624 329 628
7189 4 2 2 2 323 329 624 1351
7190 4 2 2 2 102 329 624 628
7191 4 2 2 2 1137 396 1362 398
7192 4 2 2 2 1137 1362 396 1355
7193 4 2 2 2 434 432 1124 785
7194 4 2 2 2 434 1124 432 1358
7195 4 2 2 2 1124 426 1359 428
7196 4 2 2 2 1124 1359 426 1358
7197 4 2 2 2 246 1391 535 539
7198 4 2 2 2 535 1391 246 519
7199 4 2 2 2 535 232 519 516
7200 4 2 2 2 535 519 232 1391
7201 4 2 2 2 513 1147 247 514
7202 4 2 2 2 247 1147 513 1391
7203 4 2 2 2 355 361 681 677
7204 4 2 2 2 681 361 355 1397
7205 4 2 2 2 681 668 355 677
7206 4 2 2 2 672 355 681 668
7207 4 2 2 2 672 681 355 1397
7208 4 2 2 2 305 1411 310 304
7209 4 2 2 2 310 1411 305 1153
7210 4 2 2 2 310 607 305 304
7211 4 2 2 2 305 607 310 1153
7212 4 2 2 2 1153 310 1367 311
7213 4 2 2 2 1153 1367 310 1411
7214 4 2 2 2 371 694 1327 695
7215 4 2 2 2 371 1327 694 1413
7216 4 2 2 2 703 377 1327 704
7217 4 2 2 2 1327 377 703 1413
7218 4 2 2 2 399 1298 1202 736
7219 4 2 2 2 1202 1298 399 1418
7220 4 2 2 2 1202 734 399 736
7221 4 2 2 2 1143 397 1202 730
7222 4 2 2 2 734 1202 397 730
7223 4 2 2 2 31 6 13 5
7224 4 2 2 2 31 13 7 5
7225 4 2 2 2 7 13 31 1423
7226 4 2 2 2 31 7 46 5
7227 4 2 2 2 46 7 31 1423
7228 4 2 2 2 31 33 13 6
7229 4 2 2 2 31 13 33 1423
7230 4 2 2 2 8 13 33 6
7231 4 2 2 2 8 33 13 1423
7232 4 2 2 2 4 27 15 1
7233 4 2 2 2 9 15 27 1
7234 4 2 2 2 9 27 15 1424
7235 4 2 2 2 29 27 15 4
7236 4 2 2 2 29 15 27 1424
7237 4 2 2 2 10 29 15 4
7238 4 2 2 2 10 15 29 1424
7239 4 2 2 2 55 29 10 4
7240 4 2 2 2 55 10 29 1424
7241 4 2 2 2 654 656 645 68
7242 4 2 2 2 654 645 656 1425
7243 4 2 2 2 80 645 653 68
7244 4 2 2 2 645 656 653 68
7245 4 2 2 2 645 653 656 1425
7246 4 2 2 2 705 1413 378 711
7247 4 2 2 2 372 1413 1156 1435
7248 4 2 2 2 378 1156 1413 1435
7249 4 2 2 2 270 1441 557 548
7250 4 2 2 2 1441 276 270 557
7251 4 2 2 2 1441 270 276 1275
7252 4 2 2 2 79 78 1442 640
7253 4 2 2 2 646 78 1442 631
7254 4 2 2 2 646 1442 78 640
7255 4 2 2 2 646 631 329 637
7256 4 2 2 2 646 329 631 1442
7257 4 2 2 2 152 578 151 163
7258 4 2 2 2 152 151 578 1123
7259 4 2 2 2 577 151 578 163
7260 4 2 2 2 577 578 151 1123
7261 4 2 2 2 369 367 1335 690
7262 4 2 2 2 369 1335 367 1448
7263 4 2 2 2 1335 367 793 690
7264 4 2 2 2 1335 793 367 1448
7265 4 2 2 2 793 1293 367 1448
7266 4 2 2 2 743 730 181 169
7267 4 2 2 2 1137 743 734 1171
7268 4 2 2 2 734 730 743 169
7269 4 2 2 2 734 743 730 1171
7270 4 2 2 2 738 743 730 181
7271 4 2 2 2 738 730 743 1171
7272 4 2 2 2 376 1413 378 705
7273 4 2 2 2 376 378 1413 1435
7274 4 2 2 2 324 1017 318 322
7275 4 2 2 2 324 318 1017 1150
7276 4 2 2 2 604 608 139 127
7277 4 2 2 2 681 682 1398 98
7278 4 2 2 2 1398 682 681 1397
7279 4 2 2 2 1398 86 681 98
7280 4 2 2 2 673 672 1398 86
7281 4 2 2 2 673 1398 672 1397
7282 4 2 2 2 681 1398 672 86
7283 4 2 2 2 681 672 1398 1397
7284 4 2 2 2 141 136 1146 599
7285 4 2 2 2 141 1146 136 124
7286 4 2 2 2 611 1146 136 599
7287 4 2 2 2 611 136 1146 124
7288 4 2 2 2 66 640 646 78
7289 4 2 2 2 646 651 66 78
7290 4 2 2 2 1073 1235 959 1044
7291 4 2 2 2 959 1235 1073 960
7292 4 2 2 2 304 605 598 596
7293 4 2 2 2 137 796 605 125
7294 4 2 2 2 605 796 137 596
7295 4 2 2 2 598 137 605 125
7296 4 2 2 2 605 137 598 596
7297 4 2 2 2 1308 1139 1224 921
7298 4 2 2 2 1308 1224 1139 923
7299 4 2 2 2 346 347 56 662
7300 4 2 2 2 346 56 347 1127
7301 4 2 2 2 663 666 33 71
7302 4 2 2 2 880 896 1285 872
7303 4 2 2 2 880 1285 896 1405
7304 4 2 2 2 879 1285 896 872
7305 4 2 2 2 620 613 1219 112
7306 4 2 2 2 896 915 1285 879
7307 4 2 2 2 896 1285 915 1405
7308 4 2 2 2 878 1285 915 879
7309 4 2 2 2 878 915 1285 1405
7310 4 2 2 2 341 340 44 651
7311 4 2 2 2 341 44 340 1135
7312 4 2 2 2 1044 1393 1235 873
7313 4 2 2 2 1235 1393 1044 1073
7314 4 2 2 2 170 734 182 169
7315 4 2 2 2 170 182 734 1137
7316 4 2 2 2 743 182 734 169
7317 4 2 2 2 743 734 182 1137
7318 4 2 2 2 191 748 739 190
7319 4 2 2 2 191 739 748 1218
7320 4 2 2 2 749 739 748 190
7321 4 2 2 2 194 752 205 193
7322 4 2 2 2 752 761 194 205
7323 4 2 2 2 752 194 761 1193
7324 4 2 2 2 206 194 761 205
7325 4 2 2 2 206 761 194 1193
7326 4 2 2 2 1312 1301 1266 888
7327 4 2 2 2 1312 1266 1301 1020
7328 4 2 2 2 995 1266 1301 888
7329 4 2 2 2 995 1301 1266 1020
7330 4 2 2 2 94 679 84 96
7331 4 2 2 2 94 84 679 1340
7332 4 2 2 2 675 84 679 96
7333 4 2 2 2 89 633 102 90
7334 4 2 2 2 1446 1025 1372 1161
7335 4 2 2 2 1446 1372 1025 1049
7336 4 2 2 2 1361 968 1373 1055
7337 4 2 2 2 1361 1373 968 1298
7338 4 2 2 2 550 210 198 211
7339 4 2 2 2 550 198 210 1441
7340 4 2 2 2 1187 1266 1312 1020
7341 4 2 2 2 1312 1266 1187 998
7342 4 2 2 2 1309 934 407 1180
7343 4 2 2 2 1309 407 934 1088
7344 4 2 2 2 1416 407 934 1180
7345 4 2 2 2 1416 934 407 1088
7346 4 2 2 2 1130 1423 1036 1399
7347 4 2 2 2 1130 1036 1423 1077
7348 4 2 2 2 1129 1036 1423 1399
7349 4 2 2 2 1129 1423 1036 1077
7350 4 2 2 2 918 1104 946 895
7351 4 2 2 2 946 1104 918 934
7352 4 2 2 2 946 884 918 895
7353 4 2 2 2 918 884 946 934
7354 4 2 2 2 1078 901 56 1127
7355 4 2 2 2 347 901 56 29
7356 4 2 2 2 347 56 901 1127
7357 4 2 2 2 1423 57 1130 1077
7358 4 2 2 2 1423 1130 57 33
7359 4 2 2 2 146 134 707 133
7360 4 2 2 2 707 134 146 1318
7361 4 2 2 2 715 1138 707 1318
7362 4 2 2 2 715 707 146 1318
7363 4 2 2 2 171 732 159 1361
7364 4 2 2 2 732 1202 159 1361
7365 4 2 2 2 1202 159 1298 158
7366 4 2 2 2 1202 1298 159 1361
7367 4 2 2 2 1298 159 724 158
7368 4 2 2 2 101 89 633 102
7369 4 2 2 2 329 624 633 102
7370 4 2 2 2 329 633 624 1351
7371 4 2 2 2 624 101 633 102
7372 4 2 2 2 624 633 101 1351
7373 4 2 2 2 101 88 632 89
7374 4 2 2 2 632 88 101 1351
7375 4 2 2 2 632 633 101 89
7376 4 2 2 2 101 633 632 1351
7377 4 2 2 2 1424 56 901 29
7378 4 2 2 2 1424 901 56 1078
7379 4 2 2 2 120 695 793 121
7380 4 2 2 2 793 695 120 795
7381 4 2 2 2 793 109 120 121
7382 4 2 2 2 120 109 793 795
7383 4 2 2 2 335 646 649 640
7384 4 2 2 2 66 649 646 640
7385 4 2 2 2 642 637 78 646
7386 4 2 2 2 642 78 637 90
7387 4 2 2 2 631 78 637 646
7388 4 2 2 2 631 637 78 90
7389 4 2 2 2 758 204 1185 762
7390 4 2 2 2 1185 204 758 767
7391 4 2 2 2 671 347 84 675
7392 4 2 2 2 671 84 347 667
7393 4 2 2 2 668 84 347 675
7394 4 2 2 2 1436 192 747 754
7395 4 2 2 2 1436 407 747 413
7396 4 2 2 2 747 407 1436 754
7397 4 2 2 2 110 97 1329 109
7398 4 2 2 2 110 1329 97 794
7399 4 2 2 2 764 757 215 773
7400 4 2 2 2 215 757 764 203
7401 4 2 2 2 215 770 764 773
7402 4 2 2 2 764 770 215 203
7403 4 2 2 2 1337 626 326 625
7404 4 2 2 2 1337 326 626 639
7405 4 2 2 2 104 105 1337 625
7406 4 2 2 2 105 626 1337 625
7407 4 2 2 2 105 1337 626 639
7408 4 2 2 2 248 792 520 518
7409 4 2 2 2 248 520 792 537
7410 4 2 2 2 237 520 792 518
7411 4 2 2 2 237 792 520 537
7412 4 2 2 2 1151 273 552 543
7413 4 2 2 2 1151 552 273 1119
7414 4 2 2 2 546 552 273 543
7415 4 2 2 2 546 273 552 1119
7416 4 2 2 2 663 348 33 666
7417 4 2 2 2 663 33 348 1130
7418 4 2 2 2 57 33 348 666
7419 4 2 2 2 57 348 33 1130
7420 4 2 2 2 725 392 384 390
7421 4 2 2 2 392 1315 384 390
7422 4 2 2 2 392 1373 1315 390
7423 4 2 2 2 1315 1373 392 1145
7424 4 2 2 2 265 267 792 534
7425 4 2 2 2 792 267 265 1147
7426 4 2 2 2 513 514 265 1147
7427 4 2 2 2 1391 513 265 1147
7428 4 2 2 2 368 366 1431 689
7429 4 2 2 2 1431 366 368 1155
7430 4 2 2 2 1431 1328 368 689
7431 4 2 2 2 368 1328 1431 1155
7432 4 2 2 2 582 588 585 148
7433 4 2 2 2 582 585 588 1159
7434 4 2 2 2 594 587 580 148
7435 4 2 2 2 594 580 587 1159
7436 4 2 2 2 585 594 580 148
7437 4 2 2 2 585 580 594 1159
7438 4 2 2 2 588 594 585 148
7439 4 2 2 2 588 585 594 1159
7440 4 2 2 2 787 424 431 430
7441 4 2 2 2 1439 431 424 430
7442 4 2 2 2 1439 424 431 1163
7443 4 2 2 2 789 240 228 787
7444 4 2 2 2 228 240 789 1163
7445 4 2 2 2 789 228 431 787
7446 4 2 2 2 431 228 789 1163
7447 4 2 2 2 776 424 431 787
7448 4 2 2 2 431 424 776 1163
7449 4 2 2 2 228 776 431 787
7450 4 2 2 2 431 776 228 1163
7451 4 2 2 2 407 409 1118 747
7452 4 2 2 2 1118 409 407 1180
7453 4 2 2 2 1118 754 407 747
7454 4 2 2 2 407 754 1118 1180
7455 4 2 2 2 318 613 1219 620
7456 4 2 2 2 318 1219 613 1221
7457 4 2 2 2 313 608 139 604
7458 4 2 2 2 139 608 313 1230
7459 4 2 2 2 139 1153 313 604
7460 4 2 2 2 313 1153 139 1230
7461 4 2 2 2 385 387 1138 715
7462 4 2 2 2 385 1138 387 1254
7463 4 2 2 2 1318 1138 387 715
7464 4 2 2 2 1318 387 1138 1254
7465 4 2 2 2 541 271 1151 543
7466 4 2 2 2 1151 271 541 1283
7467 4 2 2 2 1151 552 199 543
7468 4 2 2 2 541 1151 199 543
7469 4 2 2 2 409 1309 1311 407
7470 4 2 2 2 1311 1309 409 1110
7471 4 2 2 2 409 1311 747 407
7472 4 2 2 2 1346 375 793 373
7473 4 2 2 2 1346 793 375 1335
7474 4 2 2 2 698 793 375 373
7475 4 2 2 2 698 375 793 1335
7476 4 2 2 2 635 627 325 631
7477 4 2 2 2 325 627 635 1337
7478 4 2 2 2 325 331 635 631
7479 4 2 2 2 635 331 325 1337
7480 4 2 2 2 359 353 671 675
7481 4 2 2 2 671 353 359 1340
7482 4 2 2 2 671 84 679 675
7483 4 2 2 2 679 84 671 1340
7484 4 2 2 2 359 671 679 675
7485 4 2 2 2 679 671 359 1340
7486 4 2 2 2 223 513 235 534
7487 4 2 2 2 235 513 223 1391
7488 4 2 2 2 532 265 513 534
7489 4 2 2 2 513 265 532 1391
7490 4 2 2 2 223 532 513 534
7491 4 2 2 2 513 532 223 1391
7492 4 2 2 2 397 399 1202 734
7493 4 2 2 2 397 1202 399 1418
7494 4 2 2 2 643 647 653 80
7495 4 2 2 2 643 653 647 1425
7496 4 2 2 2 645 653 647 80
7497 4 2 2 2 645 647 653 1425
7498 4 2 2 2 1180 740 406 749
7499 4 2 2 2 406 740 1180 1416
7500 4 2 2 2 406 407 1180 749
7501 4 2 2 2 1180 407 406 1416
7502 4 2 2 2 1199 422 1374 1352
7503 4 2 2 2 1199 1374 422 423
7504 4 2 2 2 768 1374 422 1352
7505 4 2 2 2 768 422 1374 423
7506 4 2 2 2 658 69 81 653
7507 4 2 2 2 81 69 658 1170
7508 4 2 2 2 658 81 344 653
7509 4 2 2 2 344 81 658 1170
7510 4 2 2 2 643 1425 344 653
7511 4 2 2 2 344 1425 643 1170
7512 4 2 2 2 81 643 344 653
7513 4 2 2 2 344 643 81 1170
7514 4 2 2 2 372 378 1156 1413
7515 4 2 2 2 1156 378 372 702
7516 4 2 2 2 696 119 711 1413
7517 4 2 2 2 711 119 696 702
7518 4 2 2 2 696 711 378 1413
7519 4 2 2 2 378 711 696 702
7520 4 2 2 2 372 696 378 1413
7521 4 2 2 2 378 696 372 702
7522 4 2 2 2 372 1413 1434 370
7523 4 2 2 2 372 1434 1413 1435
7524 4 2 2 2 1105 406 1268 1436
7525 4 2 2 2 1105 1268 406 408
7526 4 2 2 2 748 1268 406 1436
7527 4 2 2 2 748 406 1268 408
7528 4 2 2 2 1268 412 757 414
7529 4 2 2 2 412 1105 1268 1436
7530 4 2 2 2 1268 1105 412 414
7531 4 2 2 2 412 1250 1105 1436
7532 4 2 2 2 1105 1250 412 414
7533 4 2 2 2 772 204 756 1185
7534 4 2 2 2 756 204 772 216
7535 4 2 2 2 756 766 772 1185
7536 4 2 2 2 772 766 756 216
7537 4 2 2 2 916 1196 865 927
7538 4 2 2 2 865 1196 916 866
7539 4 2 2 2 929 1258 1196 927
7540 4 2 2 2 1196 1258 929 866
7541 4 2 2 2 916 929 1196 927
7542 4 2 2 2 1196 929 916 866
7543 4 2 2 2 1328 681 794 98
7544 4 2 2 2 1328 794 681 1329
7545 4 2 2 2 97 794 681 98
7546 4 2 2 2 97 681 794 1329
7547 4 2 2 2 219 218 759 768
7548 4 2 2 2 219 759 218 207
7549 4 2 2 2 1158 219 759 768
7550 4 2 2 2 1158 759 219 207
7551 4 2 2 2 770 219 1158 768
7552 4 2 2 2 770 1158 219 207
7553 4 2 2 2 131 711 1413 705
7554 4 2 2 2 131 1413 711 119
7555 4 2 2 2 863 1139 1360 923
7556 4 2 2 2 1360 1139 863 1186
7557 4 2 2 2 1139 924 1360 923
7558 4 2 2 2 1360 924 1139 1186
7559 4 2 2 2 1139 1358 924 923
7560 4 2 2 2 924 1358 1139 1186
7561 4 2 2 2 688 793 690 109
7562 4 2 2 2 688 108 795 109
7563 4 2 2 2 793 795 688 1293
7564 4 2 2 2 688 795 793 109
7565 4 2 2 2 907 1034 1026 1052
7566 4 2 2 2 1026 1034 907 905
7567 4 2 2 2 1026 906 907 1052
7568 4 2 2 2 907 906 1026 905
7569 4 2 2 2 604 1190 319 127
7570 4 2 2 2 319 1190 604 1261
7571 4 2 2 2 604 319 608 127
7572 4 2 2 2 608 319 604 1261
7573 4 2 2 2 616 128 608 127
7574 4 2 2 2 608 128 616 1261
7575 4 2 2 2 319 616 608 127
7576 4 2 2 2 608 616 319 1261
7577 4 2 2 2 758 1268 412 757
7578 4 2 2 2 758 412 1268 1436
7579 4 2 2 2 279 555 224 1304
7580 4 2 2 2 279 224 537 1304
7581 4 2 2 2 279 537 267 1304
7582 4 2 2 2 267 537 279 1184
7583 4 2 2 2 279 267 1097 1304
7584 4 2 2 2 1097 267 279 1184
7585 4 2 2 2 58 660 666 57
7586 4 2 2 2 666 660 58 71
7587 4 2 2 2 666 33 58 57
7588 4 2 2 2 58 33 666 71
7589 4 2 2 2 209 208 533 551
7590 4 2 2 2 533 208 209 221
7591 4 2 2 2 533 1305 209 551
7592 4 2 2 2 209 1305 533 221
7593 4 2 2 2 795 687 688 1293
7594 4 2 2 2 795 688 687 108
7595 4 2 2 2 116 117 1219 128
7596 4 2 2 2 116 1219 117 618
7597 4 2 2 2 1261 616 1219 128
7598 4 2 2 2 1261 1219 616 618
7599 4 2 2 2 616 116 1219 128
7600 4 2 2 2 616 1219 116 618
7601 4 2 2 2 662 59 346 660
7602 4 2 2 2 662 346 59 56
7603 4 2 2 2 57 346 59 660
7604 4 2 2 2 57 59 346 56
7605 4 2 2 2 1056 1244 1178 1020
7606 4 2 2 2 1178 1244 1056 1245
7607 4 2 2 2 1178 1001 1056 1020
7608 4 2 2 2 1056 1001 1178 1245
7609 4 2 2 2 1244 1056 1179 1020
7610 4 2 2 2 1244 1179 1056 1246
7611 4 2 2 2 995 1179 1056 1020
7612 4 2 2 2 995 1056 1179 1246
7613 4 2 2 2 31 47 657 48
7614 4 2 2 2 605 613 112 1219
7615 4 2 2 2 1221 613 312 1219
7616 4 2 2 2 312 613 605 1219
7617 4 2 2 2 550 199 1151 552
7618 4 2 2 2 1151 277 550 552
7619 4 2 2 2 550 277 1151 1283
7620 4 2 2 2 960 1043 1388 959
7621 4 2 2 2 960 1388 1043 1053
7622 4 2 2 2 1389 1043 951 950
7623 4 2 2 2 951 1043 1389 1053
7624 4 2 2 2 583 161 148 149
7625 4 2 2 2 148 161 583 580
7626 4 2 2 2 148 587 583 149
7627 4 2 2 2 583 587 148 580
7628 4 2 2 2 95 1431 99 680
7629 4 2 2 2 95 99 1431 107
7630 4 2 2 2 99 1431 111 680
7631 4 2 2 2 99 111 1431 107
7632 4 2 2 2 111 689 1431 107
7633 4 2 2 2 1337 105 636 639
7634 4 2 2 2 1337 636 105 104
7635 4 2 2 2 93 636 105 639
7636 4 2 2 2 93 105 636 104
7637 4 2 2 2 616 1190 319 614
7638 4 2 2 2 319 1190 616 127
7639 4 2 2 2 115 114 1190 614
7640 4 2 2 2 1190 114 115 127
7641 4 2 2 2 616 115 1190 614
7642 4 2 2 2 1190 115 616 127
7643 4 2 2 2 925 1439 1196 1195
7644 4 2 2 2 1196 1439 925 927
7645 4 2 2 2 1196 864 925 1195
7646 4 2 2 2 925 864 1196 927
7647 4 2 2 2 929 1358 1186 1258
7648 4 2 2 2 1186 1358 929 924
7649 4 2 2 2 1186 866 929 1258
7650 4 2 2 2 929 866 1186 924
7651 4 2 2 2 159 725 1298 724
7652 4 2 2 2 159 1298 725 1361
7653 4 2 2 2 392 1298 725 724
7654 4 2 2 2 392 725 1298 1361
7655 4 2 2 2 170 1202 171 732
7656 4 2 2 2 170 171 1202 158
7657 4 2 2 2 159 171 1202 732
7658 4 2 2 2 159 1202 171 158
7659 4 2 2 2 265 235 513 534
7660 4 2 2 2 265 513 235 514
7661 4 2 2 2 792 236 265 534
7662 4 2 2 2 236 235 265 534
7663 4 2 2 2 236 265 235 514
7664 4 2 2 2 1073 1398 1332 1451
7665 4 2 2 2 1332 1398 1073 1044
7666 4 2 2 2 1332 959 1073 1451
7667 4 2 2 2 1073 959 1332 1044
7668 4 2 2 2 698 122 793 121
7669 4 2 2 2 698 793 122 1335
7670 4 2 2 2 109 793 122 121
7671 4 2 2 2 109 122 793 1335
7672 4 2 2 2 265 236 1147 514
7673 4 2 2 2 265 1147 236 792
7674 4 2 2 2 518 1147 236 514
7675 4 2 2 2 518 236 1147 792
7676 4 2 2 2 165 164 1256 581
7677 4 2 2 2 165 1256 164 176
7678 4 2 2 2 1244 1256 164 581
7679 4 2 2 2 1244 164 1256 176
7680 4 2 2 2 223 1304 222 532
7681 4 2 2 2 223 222 1304 210
7682 4 2 2 2 1305 222 1304 532
7683 4 2 2 2 1305 1304 222 210
7684 4 2 2 2 537 213 225 224
7685 4 2 2 2 537 225 213 1184
7686 4 2 2 2 279 555 537 224
7687 4 2 2 2 279 537 555 1184
7688 4 2 2 2 555 213 537 224
7689 4 2 2 2 555 537 213 1184
7690 4 2 2 2 1327 132 694 703
7691 4 2 2 2 1327 694 132 120
7692 4 2 2 2 130 694 132 703
7693 4 2 2 2 130 132 694 120
7694 4 2 2 2 125 113 605 1190
7695 4 2 2 2 125 605 113 112
7696 4 2 2 2 613 605 113 1190
7697 4 2 2 2 613 113 605 112
7698 4 2 2 2 43 510 3 40
7699 4 2 2 2 43 3 510 17
7700 4 2 2 2 4 3 510 40
7701 4 2 2 2 4 510 3 17
7702 4 2 2 2 183 167 1137 171
7703 4 2 2 2 1137 167 183 742
7704 4 2 2 2 145 723 715 146
7705 4 2 2 2 145 715 723 1223
7706 4 2 2 2 1145 715 723 146
7707 4 2 2 2 1145 723 715 1223
7708 4 2 2 2 145 146 1138 133
7709 4 2 2 2 145 1138 146 715
7710 4 2 2 2 707 1138 146 133
7711 4 2 2 2 707 146 1138 715
7712 4 2 2 2 111 1328 1431 689
7713 4 2 2 2 1431 1328 111 680
7714 4 2 2 2 78 91 1442 631
7715 4 2 2 2 78 1442 91 79
7716 4 2 2 2 198 550 541 1283
7717 4 2 2 2 198 541 550 199
7718 4 2 2 2 1151 541 550 1283
7719 4 2 2 2 1151 550 541 199
7720 4 2 2 2 1082 1100 1080 980
7721 4 2 2 2 1082 1080 1100 1081
7722 4 2 2 2 1079 1080 1100 980
7723 4 2 2 2 1079 1100 1080 1081
7724 4 2 2 2 1129 47 1423 1077
7725 4 2 2 2 1129 1423 47 31
7726 4 2 2 2 46 1423 47 1077
7727 4 2 2 2 46 47 1423 31
7728 4 2 2 2 45 44 1424 1078
7729 4 2 2 2 1424 44 45 27
7730 4 2 2 2 1135 898 1424 1078
7731 4 2 2 2 1424 898 1135 27
7732 4 2 2 2 44 1135 1424 1078
7733 4 2 2 2 1424 1135 44 27
7734 4 2 2 2 413 747 1311 407
7735 4 2 2 2 413 1311 747 415
7736 4 2 2 2 335 651 66 646
7737 4 2 2 2 66 651 335 655
7738 4 2 2 2 66 649 335 646
7739 4 2 2 2 335 649 66 655
7740 4 2 2 2 305 590 150 593
7741 4 2 2 2 150 590 305 598
7742 4 2 2 2 150 1251 305 593
7743 4 2 2 2 305 1251 150 598
7744 4 2 2 2 239 785 781 788
7745 4 2 2 2 781 785 239 779
7746 4 2 2 2 388 1108 383 389
7747 4 2 2 2 383 1108 388 382
7748 4 2 2 2 383 721 388 389
7749 4 2 2 2 388 721 383 382
7750 4 2 2 2 758 762 1436 192
7751 4 2 2 2 758 1436 762 413
7752 4 2 2 2 747 1436 762 192
7753 4 2 2 2 747 762 1436 413
7754 4 2 2 2 84 659 347 667
7755 4 2 2 2 347 659 84 668
7756 4 2 2 2 729 396 402 737
7757 4 2 2 2 1137 402 396 737
7758 4 2 2 2 1137 396 402 1237
7759 4 2 2 2 739 406 748 1218
7760 4 2 2 2 739 748 406 749
7761 4 2 2 2 270 557 545 548
7762 4 2 2 2 196 545 557 548
7763 4 2 2 2 553 196 545 557
7764 4 2 2 2 553 545 196 1119
7765 4 2 2 2 270 553 545 557
7766 4 2 2 2 270 545 553 1119
7767 4 2 2 2 276 553 270 557
7768 4 2 2 2 598 607 605 304
7769 4 2 2 2 598 605 607 125
7770 4 2 2 2 518 1111 792 1147
7771 4 2 2 2 792 1111 518 248
7772 4 2 2 2 1111 267 792 1147
7773 4 2 2 2 249 1121 1111 1147
7774 4 2 2 2 1111 1121 249 248
7775 4 2 2 2 518 249 1111 1147
7776 4 2 2 2 1111 249 518 248
7777 4 2 2 2 429 1182 1124 1224
7778 4 2 2 2 429 1124 1182 428
7779 4 2 2 2 174 559 186 1125
7780 4 2 2 2 186 559 174 575
7781 4 2 2 2 1214 287 568 575
7782 4 2 2 2 568 1214 559 1125
7783 4 2 2 2 559 1214 568 575
7784 4 2 2 2 174 568 559 1125
7785 4 2 2 2 559 568 174 575
7786 4 2 2 2 346 1419 57 1127
7787 4 2 2 2 342 652 31 657
7788 4 2 2 2 31 652 342 1129
7789 4 2 2 2 31 47 342 657
7790 4 2 2 2 342 47 31 1129
7791 4 2 2 2 57 348 1419 346
7792 4 2 2 2 1419 348 57 1130
7793 4 2 2 2 717 725 392 384
7794 4 2 2 2 717 392 725 1145
7795 4 2 2 2 1315 386 392 384
7796 4 2 2 2 1315 392 386 1145
7797 4 2 2 2 386 717 392 384
7798 4 2 2 2 386 392 717 1145
7799 4 2 2 2 537 792 1111 267
7800 4 2 2 2 1111 792 537 248
7801 4 2 2 2 1111 266 537 267
7802 4 2 2 2 537 266 1111 248
7803 4 2 2 2 318 1017 1220 1221
7804 4 2 2 2 1220 1017 318 1150
7805 4 2 2 2 362 1431 1451 360
7806 4 2 2 2 1451 1431 362 1155
7807 4 2 2 2 1311 409 415 1110
7808 4 2 2 2 1311 415 409 747
7809 4 2 2 2 752 415 409 1110
7810 4 2 2 2 752 409 415 747
7811 4 2 2 2 1123 299 1382 301
7812 4 2 2 2 1123 1382 299 1206
7813 4 2 2 2 568 289 1214 1125
7814 4 2 2 2 568 1214 289 287
7815 4 2 2 2 613 605 1221 312
7816 4 2 2 2 613 1221 605 1190
7817 4 2 2 2 310 1221 605 312
7818 4 2 2 2 310 605 1221 1190
7819 4 2 2 2 402 394 396 729
7820 4 2 2 2 402 396 394 1237
7821 4 2 2 2 1138 381 1259 379
7822 4 2 2 2 1138 1259 381 1254
7823 4 2 2 2 1149 580 288 294
7824 4 2 2 2 1149 288 580 571
7825 4 2 2 2 1256 288 580 294
7826 4 2 2 2 1256 580 288 571
7827 4 2 2 2 270 553 1275 1119
7828 4 2 2 2 270 1275 553 276
7829 4 2 2 2 278 1275 553 1119
7830 4 2 2 2 278 553 1275 276
7831 4 2 2 2 270 1119 1287 272
7832 4 2 2 2 1287 1119 270 1275
7833 4 2 2 2 397 1202 1314 1143
7834 4 2 2 2 397 1314 1202 1418
7835 4 2 2 2 1197 1314 1202 1143
7836 4 2 2 2 1197 1202 1314 1418
7837 4 2 2 2 367 688 793 690
7838 4 2 2 2 793 688 367 1293
$EndElements
