$MeshFormat
2.2 0 8
$EndMeshFormat
$PhysicalNames
2
3 1 "RO4003C_OPEM_RESERVED_1"
3 2 "air_OPEM_RESERVED_2"
$EndPhysicalNames
$Nodes
665
1 -0.00133147336797785 0.0007831856382522737 -0.000813
2 0.00355352663202215 0.000783185638252273 -0.000813
3 0.00355352663202215 0.000783185638252273 -0.000182347442534887
4 0.00234482965174452 0.000783185638252273 -0.000182347442534887
5 0.00234482965174452 0.0007831856382522736 0
6 -0.00133147336797785 0.000783185638252274 0
7 0.00843852663202215 0.000783185638252273 -0.000813
8 0.00843852663202215 0.0007831856382522736 0
9 0.004753079298117351 0.0007831856382522736 0
10 0.004753079298117351 0.000783185638252273 -0.000182347442534887
11 0.00355352663202215 0.000783185638252273 -6.284131162459321e-05
12 0.00249078779677885 0.000783185638252273 -6.28413116245932e-05
13 0.00249078779677885 0.0007831856382522736 0
14 0.02566852663202215 0.000783185638252274 -0.000813
15 0.02566852663202215 0.000783185638252274 0
16 0.00457115335811897 0.0007831856382522736 0
17 0.00457115335811897 0.000783185638252273 -6.28413116245932e-05
18 0.00355352663202215 0.000783185638252273 0
19 0.00266852663202215 0.000783185638252273 0
20 0.00443852663202215 0.000783185638252273 0
21 0.02566852663202215 0.01980318563825227 -0.000813
22 0.02566852663202215 0.01980318563825227 0
23 0.00843852663202215 0.0198031856382523 -0.000813
24 0.008438526632022148 0.01980318563825229 0
25 0.00355352663202215 0.0198031856382523 -0.000813
26 0.00355352663202215 0.0198031856382523 -0.000182347442534887
27 0.004753079298117351 0.0198031856382523 -0.000182347442534887
28 0.004753079298117351 0.01980318563825229 0
29 -0.00133147336797785 0.01980318563825228 -0.000813
30 -0.00133147336797785 0.01980318563825227 0
31 0.00234482965174452 0.01980318563825229 0
32 0.00234482965174452 0.0198031856382523 -0.000182347442534887
33 0.00355352663202215 0.0198031856382523 -6.284131162459321e-05
34 0.00457115335811897 0.0198031856382523 -6.28413116245932e-05
35 0.00457115335811897 0.01980318563825229 0
36 0.002490787796778849 0.01980318563825229 0
37 0.00249078779677885 0.0198031856382523 -6.28413116245932e-05
38 0.00355352663202215 0.0198031856382523 0
39 0.00443852663202215 0.0198031856382523 0
40 0.00266852663202215 0.0198031856382523 0
41 0.00266852663202215 0.00585318563825227 0
42 0.00323602663202215 0.00784318563825227 0
43 0.00323602663202215 0.00804318563825227 0
44 0.0222610266320222 0.00804318563825227 0
45 0.0222610266320222 0.00784318563825227 0
46 0.00387102663202215 0.00784318563825227 0
47 0.00443852663202215 0.00585318563825227 0
48 0.00266852663202215 0.0147331856382523 0
49 0.00323602663202215 0.0127431856382523 0
50 0.00323602663202215 0.0125431856382523 0
51 0.0222610266320222 0.0125431856382523 0
52 0.0222610266320222 0.0127431856382523 0
53 0.00387102663202215 0.0127431856382523 0
54 0.00443852663202215 0.0147331856382523 0
55 0.0229810266320222 0.008363185638252269 0
56 0.00387102663202215 0.008363185638252269 0
57 0.00387102663202215 0.00816318563825227 0
58 0.0225810266320222 0.00816318563825227 0
59 0.0225810266320222 0.00371318563825227 0
60 0.008911026632022151 0.00371318563825227 0
61 0.008911026632022151 0.00331318563825227 0
62 0.0229810266320222 0.00331318563825227 0
63 0.0222610266320222 0.0119031856382523 0
64 0.0222610266320222 0.0121031856382523 0
65 0.00387102663202215 0.0121031856382523 0
66 0.00387102663202215 0.008483185638252269 0
67 0.0222610266320222 0.008483185638252269 0
68 0.0222610266320222 0.00868318563825227 0
69 0.00407102663202215 0.00868318563825227 0
70 0.00407102663202215 0.0101931856382523 0
71 0.0143710266320222 0.0101931856382523 0
72 0.0143710266320222 0.0103931856382523 0
73 0.00407102663202215 0.0103931856382523 0
74 0.00407102663202215 0.0119031856382523 0
75 0.0229810266320222 0.0122231856382523 0
76 0.0229810266320222 0.0172731856382523 0
77 0.008911026632022151 0.0172731856382523 0
78 0.008911026632022151 0.0168731856382523 0
79 0.0225810266320222 0.0168731856382523 0
80 0.0225810266320222 0.0124231856382523 0
81 0.00387102663202215 0.0124231856382523 0
82 0.00387102663202215 0.0122231856382523 0
83 0.00234482965174452 0.000783185638252273 0.000208916290754215
84 0.004753079298117351 0.000783185638252273 0.000208916290754215
85 0.00843852663202215 0.000783185638252273 0.005
86 -0.00133147336797785 0.000783185638252274 0.005
87 0.00249078779677885 0.000783185638252273 9.125583695318379e-05
88 0.00457115335811897 0.000783185638252273 9.125583695318379e-05
89 0.00266852663202215 0.000783185638252273 1.5e-05
90 0.00443852663202215 0.000783185638252273 1.5e-05
91 0.02566852663202215 0.000783185638252274 0.005
92 0.00266852663202215 0.00585318563825227 1.5e-05
93 0.00323602663202215 0.00804318563825227 1.5e-05
94 0.0222610266320222 0.00804318563825227 1.5e-05
95 0.0222610266320222 0.00784318563825227 1.5e-05
96 0.00387102663202215 0.00784318563825227 1.5e-05
97 0.00443852663202215 0.00585318563825227 1.5e-05
98 0.00323602663202215 0.00784318563825227 1.5e-05
99 0.02566852663202215 0.01980318563825227 0.005
100 0.00843852663202215 0.0198031856382523 0.005
101 -0.00133147336797785 0.01980318563825228 0.005
102 0.004753079298117351 0.0198031856382523 0.000208916290754215
103 0.00234482965174452 0.0198031856382523 0.000208916290754215
104 0.00457115335811897 0.0198031856382523 9.125583695318379e-05
105 0.00249078779677885 0.0198031856382523 9.125583695318379e-05
106 0.00443852663202215 0.0198031856382523 1.5e-05
107 0.00266852663202215 0.0198031856382523 1.5e-05
108 0.00266852663202215 0.0147331856382523 1.5e-05
109 0.00323602663202215 0.0127431856382523 1.5e-05
110 0.00323602663202215 0.0125431856382523 1.5e-05
111 0.0222610266320222 0.0125431856382523 1.5e-05
112 0.0222610266320222 0.0127431856382523 1.5e-05
113 0.00387102663202215 0.0127431856382523 1.5e-05
114 0.00443852663202215 0.0147331856382523 1.5e-05
115 0.0229810266320222 0.008363185638252269 1.5e-05
116 0.00387102663202215 0.008363185638252269 1.5e-05
117 0.00387102663202215 0.00816318563825227 1.5e-05
118 0.0225810266320222 0.00816318563825227 1.5e-05
119 0.0225810266320222 0.00371318563825227 1.5e-05
120 0.008911026632022151 0.00371318563825227 1.5e-05
121 0.008911026632022151 0.00331318563825227 1.5e-05
122 0.0229810266320222 0.00331318563825227 1.5e-05
123 0.0222610266320222 0.0119031856382523 1.5e-05
124 0.0222610266320222 0.0121031856382523 1.5e-05
125 0.00387102663202215 0.0121031856382523 1.5e-05
126 0.00387102663202215 0.008483185638252269 1.5e-05
127 0.0222610266320222 0.008483185638252269 1.5e-05
128 0.0222610266320222 0.00868318563825227 1.5e-05
129 0.00407102663202215 0.00868318563825227 1.5e-05
130 0.00407102663202215 0.0101931856382523 1.5e-05
131 0.0143710266320222 0.0101931856382523 1.5e-05
132 0.0143710266320222 0.0103931856382523 1.5e-05
133 0.00407102663202215 0.0103931856382523 1.5e-05
134 0.00407102663202215 0.0119031856382523 1.5e-05
135 0.0229810266320222 0.0122231856382523 1.5e-05
136 0.00387102663202215 0.0122231856382523 1.5e-05
137 0.0229810266320222 0.0172731856382523 1.5e-05
138 0.008911026632022151 0.0172731856382523 1.5e-05
139 0.008911026632022151 0.0168731856382523 1.5e-05
140 0.0225810266320222 0.0168731856382523 1.5e-05
141 0.0225810266320222 0.0124231856382523 1.5e-05
142 0.00387102663202215 0.0124231856382523 1.5e-05
143 0.00111102663202215 0.000783185638252274 -0.000813
144 0.0005066781418833347 0.000783185638252274 0
145 0.005996026632022151 0.000783185638252274 -0.000813
146 0.006595802965069752 0.000783185638252274 0
147 0.01131019329868882 0.000783185638252274 -0.000813
148 0.01418185996535549 0.000783185638252274 -0.000813
149 0.01705352663202216 0.000783185638252274 -0.000813
150 0.01992519329868882 0.000783185638252274 -0.000813
151 0.02279685996535549 0.000783185638252274 -0.000813
152 0.01131019329868882 0.000783185638252274 0
153 0.01418185996535549 0.000783185638252274 0
154 0.01705352663202216 0.000783185638252274 0
155 0.01992519329868882 0.000783185638252274 0
156 0.02279685996535549 0.000783185638252274 0
157 0.02566852663202215 0.003953185638252272 -0.000813
158 0.02566852663202215 0.007123185638252264 -0.000813
159 0.02566852663202215 0.01029318563825227 -0.000813
160 0.02566852663202215 0.01346318563825228 -0.000813
161 0.02566852663202215 0.01663318563825227 -0.000813
162 0.02566852663202215 0.003953185638252272 0
163 0.02566852663202215 0.007123185638252264 0
164 0.02566852663202215 0.01029318563825227 0
165 0.02566852663202215 0.01346318563825228 0
166 0.02566852663202215 0.01663318563825227 0
167 0.02279685996535548 0.01980318563825227 -0.000813
168 0.01992519329868881 0.01980318563825227 -0.000813
169 0.01705352663202214 0.01980318563825227 -0.000813
170 0.01418185996535548 0.01980318563825227 -0.000813
171 0.01131019329868882 0.01980318563825227 -0.000813
172 0.02279685996535548 0.01980318563825227 0
173 0.01992519329868881 0.01980318563825227 0
174 0.01705352663202214 0.01980318563825227 0
175 0.01418185996535548 0.01980318563825227 0
176 0.01131019329868882 0.01980318563825227 0
177 0.005996026632022148 0.01980318563825227 -0.000813
178 0.006595802965069751 0.01980318563825227 0
179 0.001111026632022147 0.01980318563825227 -0.000813
180 0.0005066781418833349 0.01980318563825227 0
181 -0.00133147336797785 0.01663318563825227 -0.000813
182 -0.00133147336797785 0.01346318563825228 -0.000813
183 -0.00133147336797785 0.01029318563825228 -0.000813
184 -0.00133147336797785 0.007123185638252269 -0.000813
185 -0.00133147336797785 0.003953185638252279 -0.000813
186 -0.00133147336797785 0.01663318563825227 0
187 -0.00133147336797785 0.01346318563825228 0
188 -0.00133147336797785 0.01029318563825228 0
189 -0.00133147336797785 0.007123185638252269 0
190 -0.00133147336797785 0.003953185638252279 0
191 0.00266852663202215 0.003318185638252274 0
192 0.006406859965355484 0.00804318563825227 0
193 0.009577693298688817 0.00804318563825227 0
194 0.01274852663202215 0.00804318563825227 0
195 0.01591935996535548 0.00804318563825227 0
196 0.01909019329868884 0.00804318563825227 0
197 0.0191960266320222 0.00784318563825227 0
198 0.01613102663202219 0.00784318563825227 0
199 0.01306602663202219 0.00784318563825227 0
200 0.01000102663202217 0.00784318563825227 0
201 0.006936026632022163 0.00784318563825227 0
202 0.00443852663202215 0.003318185638252269 0
203 0.00266852663202215 0.0172681856382523 0
204 0.006406859965355484 0.0125431856382523 0
205 0.009577693298688817 0.0125431856382523 0
206 0.01274852663202215 0.0125431856382523 0
207 0.01591935996535548 0.0125431856382523 0
208 0.01909019329868884 0.0125431856382523 0
209 0.0191960266320222 0.0127431856382523 0
210 0.01613102663202219 0.0127431856382523 0
211 0.01306602663202219 0.0127431856382523 0
212 0.01000102663202217 0.0127431856382523 0
213 0.006936026632022163 0.0127431856382523 0
214 0.00443852663202215 0.0172681856382523 0
215 0.0197960266320222 0.008363185638252269 0
216 0.01661102663202219 0.008363185638252269 0
217 0.01342602663202219 0.008363185638252269 0
218 0.01024102663202219 0.008363185638252269 0
219 0.007056026632022178 0.008363185638252269 0
220 0.006989359965355485 0.00816318563825227 0
221 0.01010769329868882 0.00816318563825227 0
222 0.01322602663202216 0.00816318563825227 0
223 0.01634435996535549 0.00816318563825227 0
224 0.01946269329868884 0.00816318563825227 0
225 0.0225810266320222 0.005938185638252271 0
226 0.01984702663202218 0.00371318563825227 0
227 0.01711302663202217 0.00371318563825227 0
228 0.01437902663202216 0.00371318563825227 0
229 0.01164502663202216 0.00371318563825227 0
230 0.01172502663202215 0.00331318563825227 0
231 0.01453902663202216 0.00331318563825227 0
232 0.01735302663202217 0.00331318563825227 0
233 0.02016702663202219 0.00331318563825227 0
234 0.0229810266320222 0.005838185638252263 0
235 0.0191960266320222 0.0121031856382523 0
236 0.01613102663202219 0.0121031856382523 0
237 0.01306602663202219 0.0121031856382523 0
238 0.01000102663202217 0.0121031856382523 0
239 0.006936026632022163 0.0121031856382523 0
240 0.00387102663202215 0.01029318563825228 0
241 0.006936026632022156 0.008483185638252269 0
242 0.01000102663202216 0.008483185638252269 0
243 0.01306602663202217 0.008483185638252269 0
244 0.01613102663202218 0.008483185638252269 0
245 0.01919602663202219 0.008483185638252269 0
246 0.01922935996535552 0.00868318563825227 0
247 0.01619769329868884 0.00868318563825227 0
248 0.01316602663202217 0.00868318563825227 0
249 0.01013435996535549 0.00868318563825227 0
250 0.007102693298688813 0.00868318563825227 0
251 0.00664602663202216 0.0101931856382523 0
252 0.009221026632022169 0.0101931856382523 0
253 0.01179602663202218 0.0101931856382523 0
254 0.01179602663202219 0.0103931856382523 0
255 0.009221026632022181 0.0103931856382523 0
256 0.006646026632022167 0.0103931856382523 0
257 0.007102693298688829 0.0119031856382523 0
258 0.01013435996535551 0.0119031856382523 0
259 0.01316602663202218 0.0119031856382523 0
260 0.01619769329868886 0.0119031856382523 0
261 0.01922935996535554 0.0119031856382523 0
262 0.0229810266320222 0.01474818563825231 0
263 0.0201670266320222 0.0172731856382523 0
264 0.01735302663202219 0.0172731856382523 0
265 0.01453902663202218 0.0172731856382523 0
266 0.01172502663202216 0.0172731856382523 0
267 0.01164502663202217 0.0168731856382523 0
268 0.01437902663202218 0.0168731856382523 0
269 0.01711302663202219 0.0168731856382523 0
270 0.0198470266320222 0.0168731856382523 0
271 0.0225810266320222 0.0146481856382523 0
272 0.006989359965355485 0.0124231856382523 0
273 0.01010769329868882 0.0124231856382523 0
274 0.01322602663202216 0.0124231856382523 0
275 0.01634435996535549 0.0124231856382523 0
276 0.01946269329868884 0.0124231856382523 0
277 0.0197960266320222 0.0122231856382523 0
278 0.01661102663202219 0.0122231856382523 0
279 0.01342602663202219 0.0122231856382523 0
280 0.01024102663202219 0.0122231856382523 0
281 0.007056026632022178 0.0122231856382523 0
282 0.00843852663202215 0.000783185638252273 0.002499999999999997
283 0.001925193298688816 0.000783185638252274 0.005
284 0.005181859965355481 0.000783185638252274 0.005
285 -0.00133147336797785 0.000783185638252274 0.002499999999999997
286 0.02566852663202215 0.000783185638252274 0.002499999999999997
287 0.01131019329868882 0.000783185638252274 0.005
288 0.01418185996535549 0.000783185638252274 0.005
289 0.01705352663202216 0.000783185638252274 0.005
290 0.01992519329868882 0.000783185638252274 0.005
291 0.02279685996535549 0.000783185638252274 0.005
292 0.00266852663202215 0.003318185638252269 1.5e-05
293 0.006406859965355484 0.00804318563825227 1.5e-05
294 0.009577693298688817 0.00804318563825227 1.5e-05
295 0.01274852663202215 0.00804318563825227 1.5e-05
296 0.01591935996535548 0.00804318563825227 1.5e-05
297 0.01909019329868884 0.00804318563825227 1.5e-05
298 0.0191960266320222 0.00784318563825227 1.5e-05
299 0.01613102663202219 0.00784318563825227 1.5e-05
300 0.01306602663202219 0.00784318563825227 1.5e-05
301 0.01000102663202217 0.00784318563825227 1.5e-05
302 0.006936026632022163 0.00784318563825227 1.5e-05
303 0.00443852663202215 0.003318185638252274 1.5e-05
304 0.02566852663202215 0.01980318563825227 0.002499999999999997
305 0.02566852663202215 0.003953185638252272 0.005
306 0.02566852663202215 0.007123185638252264 0.005
307 0.02566852663202215 0.01029318563825227 0.005
308 0.02566852663202215 0.01346318563825228 0.005
309 0.02566852663202215 0.01663318563825227 0.005
310 0.02279685996535548 0.01980318563825227 0.005
311 0.01992519329868881 0.01980318563825227 0.005
312 0.01705352663202214 0.01980318563825227 0.005
313 0.01418185996535548 0.01980318563825227 0.005
314 0.01131019329868882 0.01980318563825227 0.005
315 0.00518185996535548 0.01980318563825227 0.005
316 0.001925193298688812 0.01980318563825227 0.005
317 -0.00133147336797785 0.01663318563825227 0.005
318 -0.00133147336797785 0.01346318563825228 0.005
319 -0.00133147336797785 0.01029318563825228 0.005
320 -0.00133147336797785 0.007123185638252269 0.005
321 -0.00133147336797785 0.003953185638252279 0.005
322 -0.00133147336797785 0.01980318563825227 0.002499999999999997
323 0.00843852663202215 0.0198031856382523 0.002499999999999997
324 0.00266852663202215 0.0172681856382523 1.5e-05
325 0.006406859965355484 0.0125431856382523 1.5e-05
326 0.009577693298688817 0.0125431856382523 1.5e-05
327 0.01274852663202215 0.0125431856382523 1.5e-05
328 0.01591935996535548 0.0125431856382523 1.5e-05
329 0.01909019329868884 0.0125431856382523 1.5e-05
330 0.0191960266320222 0.0127431856382523 1.5e-05
331 0.01613102663202219 0.0127431856382523 1.5e-05
332 0.01306602663202219 0.0127431856382523 1.5e-05
333 0.01000102663202217 0.0127431856382523 1.5e-05
334 0.006936026632022163 0.0127431856382523 1.5e-05
335 0.00443852663202215 0.0172681856382523 1.5e-05
336 0.0197960266320222 0.008363185638252269 1.5e-05
337 0.01661102663202219 0.008363185638252269 1.5e-05
338 0.01342602663202219 0.008363185638252269 1.5e-05
339 0.01024102663202219 0.008363185638252269 1.5e-05
340 0.007056026632022178 0.008363185638252269 1.5e-05
341 0.006989359965355485 0.00816318563825227 1.5e-05
342 0.01010769329868882 0.00816318563825227 1.5e-05
343 0.01322602663202216 0.00816318563825227 1.5e-05
344 0.01634435996535549 0.00816318563825227 1.5e-05
345 0.01946269329868884 0.00816318563825227 1.5e-05
346 0.0225810266320222 0.005938185638252271 1.5e-05
347 0.01984702663202218 0.00371318563825227 1.5e-05
348 0.01711302663202217 0.00371318563825227 1.5e-05
349 0.01437902663202216 0.00371318563825227 1.5e-05
350 0.01164502663202216 0.00371318563825227 1.5e-05
351 0.01172502663202215 0.00331318563825227 1.5e-05
352 0.01453902663202216 0.00331318563825227 1.5e-05
353 0.01735302663202217 0.00331318563825227 1.5e-05
354 0.02016702663202219 0.00331318563825227 1.5e-05
355 0.0229810266320222 0.005838185638252263 1.5e-05
356 0.0191960266320222 0.0121031856382523 1.5e-05
357 0.01613102663202219 0.0121031856382523 1.5e-05
358 0.01306602663202219 0.0121031856382523 1.5e-05
359 0.01000102663202217 0.0121031856382523 1.5e-05
360 0.006936026632022163 0.0121031856382523 1.5e-05
361 0.00387102663202215 0.01029318563825228 1.5e-05
362 0.006936026632022156 0.008483185638252269 1.5e-05
363 0.01000102663202216 0.008483185638252269 1.5e-05
364 0.01306602663202217 0.008483185638252269 1.5e-05
365 0.01613102663202218 0.008483185638252269 1.5e-05
366 0.01919602663202219 0.008483185638252269 1.5e-05
367 0.01922935996535552 0.00868318563825227 1.5e-05
368 0.01619769329868884 0.00868318563825227 1.5e-05
369 0.01316602663202217 0.00868318563825227 1.5e-05
370 0.01013435996535549 0.00868318563825227 1.5e-05
371 0.007102693298688813 0.00868318563825227 1.5e-05
372 0.00664602663202216 0.0101931856382523 1.5e-05
373 0.009221026632022169 0.0101931856382523 1.5e-05
374 0.01179602663202218 0.0101931856382523 1.5e-05
375 0.01179602663202219 0.0103931856382523 1.5e-05
376 0.009221026632022181 0.0103931856382523 1.5e-05
377 0.006646026632022167 0.0103931856382523 1.5e-05
378 0.007102693298688829 0.0119031856382523 1.5e-05
379 0.01013435996535551 0.0119031856382523 1.5e-05
380 0.01316602663202218 0.0119031856382523 1.5e-05
381 0.01619769329868886 0.0119031856382523 1.5e-05
382 0.01922935996535554 0.0119031856382523 1.5e-05
383 0.0197960266320222 0.0122231856382523 1.5e-05
384 0.01661102663202219 0.0122231856382523 1.5e-05
385 0.01342602663202219 0.0122231856382523 1.5e-05
386 0.01024102663202219 0.0122231856382523 1.5e-05
387 0.007056026632022178 0.0122231856382523 1.5e-05
388 0.0229810266320222 0.01474818563825231 1.5e-05
389 0.0201670266320222 0.0172731856382523 1.5e-05
390 0.01735302663202219 0.0172731856382523 1.5e-05
391 0.01453902663202218 0.0172731856382523 1.5e-05
392 0.01172502663202216 0.0172731856382523 1.5e-05
393 0.01164502663202217 0.0168731856382523 1.5e-05
394 0.01437902663202218 0.0168731856382523 1.5e-05
395 0.01711302663202219 0.0168731856382523 1.5e-05
396 0.0198470266320222 0.0168731856382523 1.5e-05
397 0.0225810266320222 0.0146481856382523 1.5e-05
398 0.006989359965355485 0.0124231856382523 1.5e-05
399 0.01010769329868882 0.0124231856382523 1.5e-05
400 0.01322602663202216 0.0124231856382523 1.5e-05
401 0.01634435996535549 0.0124231856382523 1.5e-05
402 0.01946269329868884 0.0124231856382523 1.5e-05
403 0.009939814501503738 0.01742244542075031 -0.0008129999999999999
404 0.01552436418757972 0.003224759170451939 -0.0008129999999999999
405 0.006958887622224145 0.003324388530961546 -0.0008129999999999999
406 0.01539513643202956 0.01739644033023012 -0.0008129999999999999
407 0.001388736647311272 0.01181400485215265 -0.0008129999999999999
408 0.02329719258067935 0.01134533391045293 -0.0008129999999999999
409 0.004915921631479692 0.01749379829241414 -0.0008129999999999999
410 0.001380264985682087 0.005371812856355871 -0.0008129999999999999
411 0.02302693037827989 0.005734657483243884 -0.0008129999999999999
412 0.02136102663202215 0.01731624935371796 -0.0008129999999999999
413 0.001366598455965613 0.008729483487506984 -0.0008129999999999999
414 0.003977058241362724 0.01032740681913872 -0.0008129999999999999
415 0.003947736164265182 0.0131440716133486 -0.0008129999999999999
416 0.006458731537598131 0.01174209605053711 -0.0008129999999999999
417 0.006487739236824584 0.008946927805340912 -0.0008129999999999999
418 0.008884420126987166 0.01036750573190778 -0.0008129999999999999
419 0.008893005115442746 0.007657630524288334 -0.0008129999999999999
420 0.01125243974709567 0.009072266177454904 -0.0008129999999999999
421 0.0112694345960582 0.01178766577803332 -0.0008129999999999999
422 0.01365208955092765 0.01045988266883054 -0.0008129999999999999
423 0.01128494153148946 0.00596619161788507 -0.0008129999999999999
424 0.01372078559826467 0.01310985782952228 -0.0008129999999999999
425 0.01612006637718136 0.01179220319047121 -0.0008129999999999999
426 0.01589827446573404 0.008481241910950552 -0.0008129999999999999
427 0.01849706235220008 0.01029565137070094 -0.0008129999999999999
428 0.01822780691379398 0.01276880000100788 -0.0008129999999999999
429 0.01845293723621191 0.00773717078636136 -0.0008129999999999999
430 0.006283332781785981 0.01487142482052645 -0.0008129999999999999
431 0.006575834995960884 0.006218614894020509 -0.0008129999999999999
432 0.01129972708352192 0.0148309026120858 -0.0008129999999999999
433 0.02106816221578756 0.008709673886694969 -0.0008129999999999999
434 0.00129115975680014 0.01517810274119954 -0.0008129999999999999
435 0.01262333441148113 0.01738530250755857 -0.0008129999999999999
436 0.004079010115613844 0.007480732614692349 -0.0008129999999999999
437 0.004244397305524625 0.004719306454354255 -0.0008129999999999999
438 0.009874359965355486 0.003022342432259374 -0.0008129999999999999
439 0.01270897835040698 0.003235902547417211 -0.0008129999999999999
440 0.01421263682816908 0.005723832942515453 -0.0008129999999999999
441 0.01828836489181896 0.01737450551835689 -0.0008129999999999999
442 0.008837118275866928 0.01316979052110852 -0.0008129999999999999
443 0.01842501997045094 0.00316252985460407 -0.0008129999999999999
444 0.002557864053163654 0.002821054529125759 -0.0008129999999999999
445 0.007379043301848577 0.01747862833900891 -0.0008129999999999999
446 0.002483991707047035 0.0176304375278334 -0.0008129999999999999
447 0.01651681849241953 0.01475484601259946 -0.0008129999999999999
448 0.02303543238743862 0.01485383865098813 -0.0008129999999999999
449 0.02129672766925201 0.003115941141033686 -0.0008129999999999999
450 0.01697544019905891 0.005624289829214943 -0.0008129999999999999
451 0.008717405846094544 0.005237833599882966 -0.0008129999999999999
452 0.008712916254890124 0.01549775003821608 -0.0008129999999999999
453 0.01994926722062492 0.005412819445973899 -0.0008129999999999999
454 0.01339457923163799 0.007966509513005961 -0.0008129999999999999
455 0.004662140448991346 0.00248622415818922 -0.0008129999999999999
456 0.003749123458249326 0.01558929572272599 -0.0008129999999999999
457 0.01965934146682177 0.01481606880514147 -0.0008129999999999999
458 0.01395428711212915 0.01548793520806016 -0.0008129999999999999
459 0.02374586768775822 0.008641207311379262 -0.0008129999999999999
460 0.02063083298612023 0.01213156110416439 -0.0008129999999999999
461 0.0236246076148927 0.01766732778694801 -0.0008129999999999999
462 0.02363067898145577 0.002913543508174742 -0.0008129999999999999
463 0.0004772417869824391 0.002742484860047691 -0.0008129999999999999
464 0.0004446462719827262 0.01780961943675795 -0.0008129999999999999
465 0.003553526632022151 0.004585685638252271 1.084202172485504e-19
466 0.003553526632022151 0.002056486309323745 1.084202172485504e-19
467 0.02316766781301391 0.01083324298102095 1.084202172485504e-19
468 0.007789140087160439 0.003658866251748681 1.084202172485504e-19
469 0.007789140087160439 0.01692750502475589 1.084202172485504e-19
470 0.002177654391242383 0.007800710626911055 1.084202172485504e-19
471 0.002101496441836371 0.01264318563825231 1.084202172485504e-19
472 0.02122968820155387 0.01040119710680602 1.084202172485504e-19
473 0.008074643955596934 0.005288967663209019 1.084202172485504e-19
474 0.01053666756089756 0.005575721661851908 1.084202172485504e-19
475 0.007926527367581197 0.01557500618679199 1.084202172485504e-19
476 0.009826173554616331 0.01510798304122939 1.084202172485504e-19
477 0.006195344454984278 0.004612510937780584 1.084202172485504e-19
478 0.006170658356981655 0.01602012743430672 1.084202172485504e-19
479 0.005472693298688824 0.0111481856382523 1.084202172485504e-19
480 0.005472693298688817 0.009438185638252286 1.084202172485504e-19
481 0.001509400029546587 0.002141399923966563 1.084202172485504e-19
482 0.001509400029546587 0.01844497135253799 1.084202172485504e-19
483 0.005604458040948852 0.001689936926993971 1.084202172485504e-19
484 0.005604458040948854 0.01889643434951058 1.084202172485504e-19
485 0.009828232122692298 0.001888049159110792 1.084202172485504e-19
486 0.009828232122692297 0.01869832211739377 1.084202172485504e-19
487 0.0207285266320222 0.006606381176310013 1.084202172485504e-19
488 0.0207285266320222 0.01397999010019456 1.084202172485504e-19
489 0.002571826022230302 0.009417577386020545 1.084202172485504e-19
490 0.0006916668305183213 0.008665310099286384 1.084202172485504e-19
491 0.00118898923166965 0.01076920209649388 1.084202172485504e-19
492 0.00069318370892958 0.01414718920527253 1.084202172485504e-19
493 0.00069318370892958 0.006439182071232044 1.084202172485504e-19
494 0.00280673193196713 0.01129492033925394 1.084202172485504e-19
495 0.007642900121579941 0.002191385227024958 1.084202172485504e-19
496 0.007642900121579941 0.0183949860494796 1.084202172485504e-19
497 0.01762385631394709 0.01029318563825228 1.084202172485504e-19
498 0.01169372135123293 0.01452407086967125 1.084202172485504e-19
499 0.01856795520345076 0.01485569893565187 1.084202172485504e-19
500 0.01856795520345076 0.005730672340852702 1.084202172485504e-19
501 0.02441028388787438 0.01148707612029081 1.084202172485504e-19
502 0.01548328003338272 0.00568612772235638 1.084202172485504e-19
503 0.01598793061197442 0.01526454463906897 1.084202172485504e-19
504 0.01575225923507384 0.01029318563825229 1.084202172485504e-19
505 0.01302200549806936 0.005306281259793019 1.084202172485504e-19
506 0.001241632726908524 0.01624534349451348 1.084202172485504e-19
507 0.001241632726908524 0.004341027781991086 1.084202172485504e-19
508 0.0002641445292959812 0.01226318964330466 1.084202172485504e-19
509 0.02402617637149616 0.00946384360905347 1.084202172485504e-19
510 0.02108541355413798 0.00494034906687167 1.084202172485504e-19
511 0.02108541355413798 0.0156460222096329 1.084202172485504e-19
512 0.006098115051960058 0.01425379817784774 1.084202172485504e-19
513 0.005903113661329535 0.006288207103149282 1.084202172485504e-19
514 0.006334073867339132 0.003094176996360092 1.084202172485504e-19
515 0.006329136647738608 0.01750144769926102 1.084202172485504e-19
516 0.008495233089592968 0.01401278644632975 1.084202172485504e-19
517 0.0215740266320222 0.01844246871357066 1.084202172485504e-19
518 0.02157402663202219 0.00214390256293389 1.084202172485504e-19
519 0.01862469329868884 0.002048185638252271 1.084202172485504e-19
520 0.01862469329868884 0.01853818563825229 1.084202172485504e-19
521 0.01378357125365132 0.01490574574562765 1.084202172485504e-19
522 0.003553526632022151 0.0160006856382523 1.084202172485504e-19
523 0.003553526632022158 0.01852988496718081 1.084202172485504e-19
524 0.003549107876186044 0.000783185638252274 0.001287276942928778
525 0.005915282186746167 0.000783185638252274 0.001405293129019616
526 0.00118490701572033 0.000783185638252274 0.001403239982951303
527 0.00355139395473165 0.000783185638252274 0.00368281879755167
528 0.00721260809288084 0.000783185638252274 0.001392467156249292
529 0.006674902048543977 0.000783185638252274 0.003057042652226848
530 -0.0001090800085922824 0.000783185638252274 0.001389570498954835
531 0.0004259615353906236 0.000783185638252274 0.003044612511822873
532 0.002486633604061331 0.000783185638252274 0.002367818417961614
533 0.004611888950820973 0.000783185638252274 0.002363456772245069
534 0.02124116613726708 0.000783185638252274 0.002427197445755521
535 0.0156177031261102 0.000783185638252274 0.002499994385124778
536 0.01286589630428852 0.000783185638252274 0.002429354146325543
537 0.01846938485413321 0.000783185638252274 0.002487865305146716
538 0.02351347136563015 0.000783185638252274 0.00207614626044005
539 0.01059356817153234 0.000783185638252274 0.002076130492828484
540 0.02430346893851505 0.000783185638252274 0.003749999999999999
541 0.003553526632022149 0.00458568563825227 1.5e-05
542 0.003553526632022149 0.002050685638252272 1.5e-05
543 0.02566852663202215 0.01187818563825227 0.0025
544 0.02566852663202215 0.01491610230491894 0.002540851666666666
545 0.02566852663202215 0.005670268971585601 0.002459148333333333
546 0.02566852663202215 0.008708185638252267 0.0025
547 0.02566852663202215 0.01742568563825227 0.002745109999999996
548 0.02566852663202215 0.003160685638252271 0.002254889999999996
549 0.01559762813083638 0.01725075723518589 0.005
550 0.009782717486155534 0.003129721272075837 0.005
551 0.006811663277196168 0.01716489255184536 0.005
552 0.01561769329868882 0.003270121922786588 0.005
553 0.001315726367729501 0.008844675546639601 0.005
554 0.0229983530698659 0.01155171355435998 0.005
555 0.02289304965357725 0.005426390017004757 0.005
556 0.001807012663863546 0.01484873051474998 0.005
557 0.02129462432475255 0.01734854165100719 0.005
558 0.003640237552903583 0.003386220635052751 0.005
559 0.009786191876156505 0.01719625679726065 0.005
560 0.008299582884700406 0.01463034351673359 0.005
561 0.01122251798159715 0.01464437998426724 0.005
562 0.009759349632032503 0.01209913269472353 0.005
563 0.01267418295955377 0.01211801453218697 0.005
564 0.01122080045754998 0.009584090342465414 0.005
565 0.01413044911417293 0.009588851113492428 0.005
566 0.008581544171909147 0.009188013651649202 0.005
567 0.01558873326636571 0.01212803864659616 0.005
568 0.01705321557417721 0.009574681652965926 0.005
569 0.01268509746528597 0.007119536053077363 0.005
570 0.01840452408273555 0.0121894654146662 0.005
571 0.02023681796230199 0.009797559244745518 0.005
572 0.01848071831029906 0.00728892576246294 0.005
573 0.005218854699245835 0.0147721928161335 0.005
574 0.006935596895887275 0.003274902211235118 0.005
575 0.004923306709139198 0.005744143035761224 0.005
576 0.01703568346882123 0.01469723654759873 0.005
577 0.001376501397913302 0.01174853643651951 0.005
578 0.003993409449477464 0.01030983694910958 0.005
579 0.012704787089145 0.01723171125558758 0.005
580 0.01981844099057176 0.01481845735171848 0.005
581 0.02304382136468185 0.008575822363120206 0.005
582 0.01849126035429161 0.003208898811914698 0.005
583 0.01273823390419903 0.003155249705092838 0.005
584 0.01845418280761548 0.01728689401033581 0.005
585 0.0141328546789136 0.01468734703862951 0.005
586 0.01033726143005127 0.007312670511513853 0.005
587 0.01558984742931594 0.007195064049816294 0.005
588 0.006509702479803881 0.01178804087486489 0.005
589 0.02293776182890687 0.01482578070559494 0.005
590 0.003657092776489171 0.01731501530587653 0.005
591 0.001717407997438232 0.005721231174968673 0.005
592 0.02128433979281329 0.003026307685287942 0.005
593 0.01417767040180852 0.005161825620191495 0.005
594 0.01131019329868882 0.005144331123283804 0.005
595 0.02092468075887419 0.007226267977092465 0.005
596 0.003713509017194191 0.01274846621854606 0.005
597 0.003590303605570402 0.007877637396727564 0.005
598 0.005914489695453757 0.008405842215867657 0.005
599 0.01705352663202216 0.005129904989640165 0.005
600 0.008150345980243657 0.005885335908698821 0.005
601 0.001067024677520623 0.00316359668577329 0.005
602 0.0009603282160365982 0.01762844458391926 0.005
603 0.01993921709218966 0.005088232888184677 0.005
604 0.0236246076148927 0.01766732778694801 0.005
605 0.02366226053515807 0.002794450923409903 0.005
606 0.02074869227285891 0.01253347043772587 0.005
607 -0.00133147336797785 0.01491610230491894 0.002459148333333333
608 -0.00133147336797785 0.005670268971585606 0.002459148333333334
609 -0.00133147336797785 0.008708185638252274 0.002499999999999999
610 -0.00133147336797785 0.01187818563825228 0.0025
611 -0.00133147336797785 0.00316068563825227 0.002254890000000006
612 -0.00133147336797785 0.01742568563825227 0.002254889999999997
613 0.01848936497934597 0.01980318563825227 0.002504185518682801
614 0.01286590678161997 0.01980318563825227 0.002568482025608834
615 0.02124115714551078 0.01980318563825227 0.002571339876373789
616 0.01563767415928687 0.01980318563825227 0.002512111257381939
617 0.01059358189841416 0.01980318563825227 0.002923853739559934
618 0.02351347136563014 0.01980318563825227 0.002923853739559936
619 0.02430346893851507 0.01980318563825227 0.001249999999999998
620 0.003549107876186043 0.01980318563825227 0.001287276942928783
621 0.005915282186746168 0.01980318563825227 0.001405293129019617
622 0.00118490701572033 0.01980318563825227 0.001403239982951301
623 0.003551393954731651 0.01980318563825227 0.003682818797551675
624 0.007212608092880841 0.01980318563825227 0.001392467156249294
625 0.006674902048543974 0.01980318563825227 0.003057042652226857
626 -0.0001090800085922806 0.01980318563825227 0.00138957049895483
627 0.0004259615353906232 0.01980318563825227 0.003044612511822851
628 0.002486633604061327 0.01980318563825227 0.002367818417961622
629 0.004611888950820982 0.01980318563825227 0.002363456772245079
630 0.003553526632022149 0.0160006856382523 1.5e-05
631 0.003553526632022149 0.0185356856382523 1.5e-05
632 0.006700040678552976 0.007709493676672439 -0.0005636442861371077
633 0.00719511722773233 0.01255534469607355 -0.0001006373113535428
634 0.01323940509028343 0.008514664351723265 -7.563700559185027e-05
635 0.01295327943710948 0.01226753421121906 -0.0001238184135475903
636 0.01615631396581884 0.0125635041260748 -7.092626827772682e-05
637 0.01344522209901696 0.01124273726344937 0.0007180943001413517
638 0.002335884730998196 0.01083832270385984 0.002433851855037274
639 0.006355684726454509 0.009281323590284447 0.003724541768414101
640 0.006081891713523319 0.01251891555921853 0.00265608874424263
641 0.008569287051548651 0.01528714194421458 0.002439590855290572
642 0.01185282222214377 0.007498579136711948 0.002551488423890816
643 0.00718355315883939 0.003062296113698034 0.002302216624489202
644 0.004903685530327231 0.004585685638252272 0.002403698728124825
645 0.002203367733717064 0.00458568563825227 0.002354070355376016
646 0.007215146324069108 0.01761133159400206 0.00213509802783718
647 0.003553526632022149 0.01759297114121088 0.002221691583982253
648 0.01808413621727428 0.01253056794169168 0.00260623668578297
649 0.004461444327865665 0.00925868749898134 0.002215092214905068
650 0.002697382163972387 0.007173673066395559 0.002510562893022846
651 0.00355352663202215 0.01505797114121088 0.002373055425467591
652 0.02164941093593038 0.01401358986878201 0.00244355994508703
653 0.02074519329868887 0.01181114325340946 0.002792134927597534
654 0.01463959658277378 0.01230040398352287 0.002558118939355046
655 0.02121402663202219 0.004478785638252286 0.002473378012480229
656 0.003883165531608345 0.002763238063393273 0.001993538559646091
657 0.01260073312460045 0.01592562868139501 0.002512552040134255
658 0.02228870519865645 0.01675811566700301 0.002484908176517876
659 0.02256583251632829 0.00321086927853795 0.002534836952234146
660 0.01879519216658095 0.01673168988043688 0.002633447822109938
661 0.01873536307622612 0.003615564325777111 0.002716577935023631
662 0.02081502674225132 0.008040166772720115 0.002517630667566482
663 0.008560528109532587 0.007868105980446218 0.002663642607486603
664 0.005873313990648492 0.006440241489694396 0.002703743626752509
665 0.008924906485990291 0.005455089154748111 0.002113222785558001
$EndNodes
$Elements
2595
1 4 2 1 1 275 276 278 428
2 4 2 1 1 273 442 206 421
3 4 2 1 1 44 429 433 45
4 4 2 1 1 224 223 216 429
5 4 2 1 1 45 429 487 197
6 4 2 1 1 215 216 429 224
7 4 2 1 1 278 277 428 276
8 4 2 1 1 27 26 523 34
9 4 2 1 1 44 196 429 197
10 4 2 1 1 416 238 239 257
11 4 2 1 1 426 217 244 634
12 4 2 1 1 217 218 420 222
13 4 2 1 1 213 415 416 204
14 4 2 1 1 216 426 245 429
15 4 2 1 1 207 206 211 424
16 4 2 1 1 44 429 45 197
17 4 2 1 1 205 213 442 633
18 4 2 1 1 206 442 432 421
19 4 2 1 1 195 194 454 199
20 4 2 1 1 58 224 215 433
21 4 2 1 1 248 454 426 634
22 4 2 1 1 80 276 460 277
23 4 2 1 1 34 214 523 27
24 4 2 1 1 241 242 419 250
25 4 2 1 1 39 214 523 34
26 4 2 1 1 426 217 223 216
27 4 2 1 1 424 210 207 636
28 4 2 1 1 34 33 523 39
29 4 2 1 1 419 241 417 219
30 4 2 1 1 11 455 17 3
31 4 2 1 1 425 504 422 426
32 4 2 1 1 429 195 223 426
33 4 2 1 1 410 470 436 413
34 4 2 1 1 460 457 488 448
35 4 2 1 1 34 214 27 484
36 4 2 1 1 419 194 423 420
37 4 2 1 1 275 274 424 279
38 4 2 1 1 425 497 504 426
39 4 2 1 1 405 437 477 431
40 4 2 1 1 3 10 455 17
41 4 2 1 1 408 472 460 433
42 4 2 1 1 241 436 219 56
43 4 2 1 1 457 412 511 448
44 4 2 1 1 222 426 454 217
45 4 2 1 1 429 195 426 198
46 4 2 1 1 242 241 419 219
47 4 2 1 1 210 211 424 207
48 4 2 1 1 41 437 410 436
49 4 2 1 1 407 471 415 434
50 4 2 1 1 416 238 281 239
51 4 2 1 1 184 493 410 413
52 4 2 1 1 433 459 45 411
53 4 2 1 1 407 182 492 434
54 4 2 1 1 4 2 143 444
55 4 2 1 1 66 241 436 69
56 4 2 1 1 441 412 270 457
57 4 2 1 1 414 251 480 417
58 4 2 1 1 446 32 25 179
59 4 2 1 1 183 407 182 508
60 4 2 1 1 171 23 403 486
61 4 2 1 1 520 169 168 441
62 4 2 1 1 208 210 428 636
63 4 2 1 1 149 443 519 150
64 4 2 1 1 167 412 517 168
65 4 2 1 1 441 269 406 447
66 4 2 1 1 423 229 438 439
67 4 2 1 1 41 410 470 436
68 4 2 1 1 426 454 217 634
69 4 2 1 1 443 450 404 227
70 4 2 1 1 281 82 416 239
71 4 2 1 1 27 25 177 409
72 4 2 1 1 423 440 505 439
73 4 2 1 1 489 407 494 414
74 4 2 1 1 196 195 429 198
75 4 2 1 1 415 494 407 414
76 4 2 1 1 257 74 416 479
77 4 2 1 1 48 415 434 456
78 4 2 1 1 238 416 281 442
79 4 2 1 1 20 455 17 11
80 4 2 1 1 455 10 2 145
81 4 2 1 1 478 445 430 409
82 4 2 1 1 425 427 497 426
83 4 2 1 1 237 421 280 635
84 4 2 1 1 489 407 491 494
85 4 2 1 1 208 51 460 209
86 4 2 1 1 501 160 159 408
87 4 2 1 1 409 25 446 523
88 4 2 1 1 407 489 413 414
89 4 2 1 1 430 213 416 442
90 4 2 1 1 413 489 436 414
91 4 2 1 1 248 426 244 634
92 4 2 1 1 33 34 523 26
93 4 2 1 1 514 455 202 477
94 4 2 1 1 201 46 431 513
95 4 2 1 1 415 471 48 434
96 4 2 1 1 482 186 464 506
97 4 2 1 1 407 183 413 491
98 4 2 1 1 404 228 440 439
99 4 2 1 1 65 416 239 74
100 4 2 1 1 449 510 411 453
101 4 2 1 1 190 481 463 507
102 4 2 1 1 150 449 518 151
103 4 2 1 1 403 267 432 435
104 4 2 1 1 256 251 417 418
105 4 2 1 1 495 7 145 405
106 4 2 1 1 186 180 482 464
107 4 2 1 1 495 438 7 405
108 4 2 1 1 144 190 481 463
109 4 2 1 1 256 417 416 418
110 4 2 1 1 74 257 416 239
111 4 2 1 1 514 455 477 405
112 4 2 1 1 222 426 217 223
113 4 2 1 1 488 52 460 448
114 4 2 1 1 436 489 66 414
115 4 2 1 1 421 254 420 422
116 4 2 1 1 233 232 226 443
117 4 2 1 1 438 485 7 147
118 4 2 1 1 249 248 243 420
119 4 2 1 1 177 484 27 409
120 4 2 1 1 427 460 472 433
121 4 2 1 1 416 74 414 479
122 4 2 1 1 407 413 489 491
123 4 2 1 1 278 425 428 235
124 4 2 1 1 212 211 432 498
125 4 2 1 1 168 412 263 441
126 4 2 1 1 233 62 449 59
127 4 2 1 1 449 411 59 462
128 4 2 1 1 436 43 489 413
129 4 2 1 1 409 27 25 523
130 4 2 1 1 504 71 422 426
131 4 2 1 1 489 66 43 436
132 4 2 1 1 186 180 464 30
133 4 2 1 1 413 184 490 183
134 4 2 1 1 443 226 449 453
135 4 2 1 1 445 515 484 409
136 4 2 1 1 34 39 484 35
137 4 2 1 1 144 190 463 6
138 4 2 1 1 60 468 451 405
139 4 2 1 1 250 249 242 419
140 4 2 1 1 220 221 419 219
141 4 2 1 1 39 34 484 214
142 4 2 1 1 162 15 62 462
143 4 2 1 1 258 259 421 237
144 4 2 1 1 499 447 441 457
145 4 2 1 1 500 227 502 450
146 4 2 1 1 166 76 22 461
147 4 2 1 1 182 407 492 508
148 4 2 1 1 254 253 420 422
149 4 2 1 1 20 455 11 466
150 4 2 1 1 451 438 60 405
151 4 2 1 1 431 437 47 436
152 4 2 1 1 210 208 428 209
153 4 2 1 1 76 79 263 412
154 4 2 1 1 52 209 488 460
155 4 2 1 1 430 415 54 456
156 4 2 1 1 209 428 210 499
157 4 2 1 1 27 214 523 409
158 4 2 1 1 488 457 511 448
159 4 2 1 1 263 264 441 270
160 4 2 1 1 73 256 414 479
161 4 2 1 1 412 270 263 441
162 4 2 1 1 450 429 500 453
163 4 2 1 1 15 156 62 462
164 4 2 1 1 467 68 472 408
165 4 2 1 1 246 427 433 429
166 4 2 1 1 76 22 461 172
167 4 2 1 1 251 70 414 480
168 4 2 1 1 154 231 232 404
169 4 2 1 1 442 432 452 476
170 4 2 1 1 198 500 502 450
171 4 2 1 1 261 246 497 427
172 4 2 1 1 415 65 494 414
173 4 2 1 1 249 420 419 418
174 4 2 1 1 474 199 505 423
175 4 2 1 1 261 425 235 428
176 4 2 1 1 445 478 515 409
177 4 2 1 1 404 443 232 149
178 4 2 1 1 414 251 417 256
179 4 2 1 1 238 237 258 421
180 4 2 1 1 520 168 263 441
181 4 2 1 1 174 264 265 406
182 4 2 1 1 493 470 410 413
183 4 2 1 1 461 79 412 448
184 4 2 1 1 430 516 442 452
185 4 2 1 1 281 280 442 273
186 4 2 1 1 43 42 470 436
187 4 2 1 1 259 258 421 254
188 4 2 1 1 496 23 445 177
189 4 2 1 1 448 160 75 408
190 4 2 1 1 455 437 202 477
191 4 2 1 1 422 72 71 504
192 4 2 1 1 407 492 471 434
193 4 2 1 1 177 445 484 409
194 4 2 1 1 428 447 499 457
195 4 2 1 1 494 407 50 415
196 4 2 1 1 233 232 443 519
197 4 2 1 1 218 222 221 420
198 4 2 1 1 198 196 197 429
199 4 2 1 1 452 445 430 475
200 4 2 1 1 198 197 500 429
201 4 2 1 1 440 450 426 502
202 4 2 1 1 28 35 34 484
203 4 2 1 1 483 145 455 405
204 4 2 1 1 408 467 68 459
205 4 2 1 1 456 478 430 409
206 4 2 1 1 248 243 420 634
207 4 2 1 1 61 438 495 405
208 4 2 1 1 199 502 505 440
209 4 2 1 1 419 219 221 218
210 4 2 1 1 458 406 435 268
211 4 2 1 1 446 464 434 506
212 4 2 1 1 214 54 522 456
213 4 2 1 1 477 455 437 405
214 4 2 1 1 264 406 169 441
215 4 2 1 1 219 436 220 56
216 4 2 1 1 463 444 410 507
217 4 2 1 1 404 443 227 232
218 4 2 1 1 499 210 503 447
219 4 2 1 1 432 452 476 403
220 4 2 1 1 468 60 61 405
221 4 2 1 1 213 212 442 516
222 4 2 1 1 47 202 465 437
223 4 2 1 1 432 421 424 206
224 4 2 1 1 249 253 248 420
225 4 2 1 1 449 233 443 150
226 4 2 1 1 519 443 233 150
227 4 2 1 1 470 42 41 436
228 4 2 1 1 211 210 424 521
229 4 2 1 1 27 214 409 484
230 4 2 1 1 410 437 41 465
231 4 2 1 1 403 445 77 496
232 4 2 1 1 514 483 455 405
233 4 2 1 1 52 488 271 448
234 4 2 1 1 34 27 28 484
235 4 2 1 1 443 226 233 449
236 4 2 1 1 469 478 445 475
237 4 2 1 1 246 68 433 472
238 4 2 1 1 244 245 426 247
239 4 2 1 1 503 458 406 447
240 4 2 1 1 203 522 434 456
241 4 2 1 1 438 61 60 405
242 4 2 1 1 515 496 445 484
243 4 2 1 1 504 422 72 425
244 4 2 1 1 266 175 265 435
245 4 2 1 1 242 243 420 249
246 4 2 1 1 274 273 421 280
247 4 2 1 1 438 451 474 423
248 4 2 1 1 459 68 408 433
249 4 2 1 1 263 264 520 441
250 4 2 1 1 403 23 445 496
251 4 2 1 1 271 488 511 448
252 4 2 1 1 471 48 49 415
253 4 2 1 1 170 176 171 435
254 4 2 1 1 474 199 423 200
255 4 2 1 1 502 440 450 404
256 4 2 1 1 45 44 459 433
257 4 2 1 1 478 430 445 475
258 4 2 1 1 68 472 408 433
259 4 2 1 1 443 450 500 453
260 4 2 1 1 417 250 419 418
261 4 2 1 1 153 230 231 439
262 4 2 1 1 241 436 417 219
263 4 2 1 1 148 152 439 147
264 4 2 1 1 10 3 455 2
265 4 2 1 1 452 445 78 403
266 4 2 1 1 27 26 25 523
267 4 2 1 1 266 175 435 176
268 4 2 1 1 261 246 427 472
269 4 2 1 1 23 496 178 177
270 4 2 1 1 410 185 493 184
271 4 2 1 1 231 227 232 404
272 4 2 1 1 514 495 483 405
273 4 2 1 1 7 145 146 495
274 4 2 1 1 50 65 494 415
275 4 2 1 1 436 470 43 413
276 4 2 1 1 460 428 427 261
277 4 2 1 1 461 412 517 167
278 4 2 1 1 450 198 426 502
279 4 2 1 1 82 281 416 272
280 4 2 1 1 420 194 423 454
281 4 2 1 1 264 269 406 441
282 4 2 1 1 153 230 439 152
283 4 2 1 1 270 79 412 263
284 4 2 1 1 269 406 265 264
285 4 2 1 1 439 404 231 148
286 4 2 1 1 162 158 411 163
287 4 2 1 1 158 162 411 157
288 4 2 1 1 246 67 433 68
289 4 2 1 1 263 76 412 517
290 4 2 1 1 434 182 492 181
291 4 2 1 1 163 234 411 162
292 4 2 1 1 496 484 178 177
293 4 2 1 1 429 198 426 450
294 4 2 1 1 421 274 424 206
295 4 2 1 1 483 146 145 495
296 4 2 1 1 165 159 501 160
297 4 2 1 1 477 473 405 431
298 4 2 1 1 160 165 161 448
299 4 2 1 1 245 67 433 246
300 4 2 1 1 183 490 413 491
301 4 2 1 1 484 496 445 177
302 4 2 1 1 510 411 59 449
303 4 2 1 1 433 245 429 215
304 4 2 1 1 437 41 47 436
305 4 2 1 1 426 497 504 247
306 4 2 1 1 160 501 75 408
307 4 2 1 1 265 174 406 175
308 4 2 1 1 79 270 412 511
309 4 2 1 1 420 255 421 418
310 4 2 1 1 152 7 485 147
311 4 2 1 1 59 226 449 233
312 4 2 1 1 471 49 50 415
313 4 2 1 1 254 420 255 421
314 4 2 1 1 454 71 426 422
315 4 2 1 1 23 176 486 171
316 4 2 1 1 154 231 404 153
317 4 2 1 1 463 410 185 507
318 4 2 1 1 173 169 168 520
319 4 2 1 1 518 449 462 151
320 4 2 1 1 48 203 522 434
321 4 2 1 1 159 165 501 164
322 4 2 1 1 166 161 165 448
323 4 2 1 1 235 425 260 236
324 4 2 1 1 202 47 477 437
325 4 2 1 1 51 209 52 460
326 4 2 1 1 189 188 490 183
327 4 2 1 1 148 149 404 153
328 4 2 1 1 213 430 516 442
329 4 2 1 1 179 446 32 482
330 4 2 1 1 445 452 469 475
331 4 2 1 1 412 511 270 457
332 4 2 1 1 165 262 166 448
333 4 2 1 1 266 77 486 403
334 4 2 1 1 261 260 425 497
335 4 2 1 1 440 454 423 505
336 4 2 1 1 249 419 420 242
337 4 2 1 1 505 229 423 439
338 4 2 1 1 150 518 156 151
339 4 2 1 1 170 175 176 435
340 4 2 1 1 184 189 490 183
341 4 2 1 1 156 155 518 150
342 4 2 1 1 405 473 451 431
343 4 2 1 1 152 7 8 485
344 4 2 1 1 214 54 456 478
345 4 2 1 1 145 483 495 405
346 4 2 1 1 170 435 406 265
347 4 2 1 1 420 252 255 418
348 4 2 1 1 45 44 58 459
349 4 2 1 1 170 174 406 169
350 4 2 1 1 14 156 462 151
351 4 2 1 1 447 441 269 499
352 4 2 1 1 152 148 439 153
353 4 2 1 1 41 191 410 465
354 4 2 1 1 280 442 273 421
355 4 2 1 1 182 187 492 181
356 4 2 1 1 62 233 449 518
357 4 2 1 1 172 168 517 173
358 4 2 1 1 168 172 517 167
359 4 2 1 1 490 493 184 413
360 4 2 1 1 157 14 162 462
361 4 2 1 1 521 503 210 424
362 4 2 1 1 503 447 210 424
363 4 2 1 1 226 59 449 510
364 4 2 1 1 452 430 516 475
365 4 2 1 1 266 403 171 435
366 4 2 1 1 189 185 184 493
367 4 2 1 1 268 267 435 458
368 4 2 1 1 181 434 464 506
369 4 2 1 1 159 408 459 509
370 4 2 1 1 183 407 508 491
371 4 2 1 1 187 188 183 508
372 4 2 1 1 187 183 182 508
373 4 2 1 1 422 248 420 454
374 4 2 1 1 435 267 432 458
375 4 2 1 1 230 147 438 439
376 4 2 1 1 474 229 438 423
377 4 2 1 1 267 77 403 78
378 4 2 1 1 412 263 517 168
379 4 2 1 1 521 432 458 424
380 4 2 1 1 66 69 436 414
381 4 2 1 1 226 227 443 232
382 4 2 1 1 48 203 434 506
383 4 2 1 1 255 253 420 254
384 4 2 1 1 463 1 6 185
385 4 2 1 1 202 465 437 191
386 4 2 1 1 248 420 454 634
387 4 2 1 1 252 253 420 255
388 4 2 1 1 269 503 406 447
389 4 2 1 1 456 434 48 522
390 4 2 1 1 250 252 249 419
391 4 2 1 1 50 407 471 415
392 4 2 1 1 519 232 443 149
393 4 2 1 1 198 500 450 429
394 4 2 1 1 267 268 521 458
395 4 2 1 1 159 459 158 509
396 4 2 1 1 409 456 478 214
397 4 2 1 1 457 428 460 209
398 4 2 1 1 478 430 54 456
399 4 2 1 1 234 459 55 163
400 4 2 1 1 499 210 447 428
401 4 2 1 1 509 163 158 164
402 4 2 1 1 446 434 456 203
403 4 2 1 1 203 446 434 506
404 4 2 1 1 155 154 519 150
405 4 2 1 1 474 451 473 419
406 4 2 1 1 7 485 438 495
407 4 2 1 1 61 230 485 438
408 4 2 1 1 149 154 404 153
409 4 2 1 1 445 77 78 403
410 4 2 1 1 145 455 10 483
411 4 2 1 1 509 158 159 164
412 4 2 1 1 161 22 21 461
413 4 2 1 1 269 270 441 264
414 4 2 1 1 423 451 474 419
415 4 2 1 1 468 61 495 405
416 4 2 1 1 251 73 414 70
417 4 2 1 1 228 229 505 439
418 4 2 1 1 267 77 266 403
419 4 2 1 1 173 169 520 174
420 4 2 1 1 149 519 154 150
421 4 2 1 1 73 251 414 256
422 4 2 1 1 269 268 406 503
423 4 2 1 1 267 78 403 476
424 4 2 1 1 471 492 48 434
425 4 2 1 1 187 492 181 186
426 4 2 1 1 189 185 493 190
427 4 2 1 1 174 170 406 175
428 4 2 1 1 215 224 429 433
429 4 2 1 1 229 230 438 439
430 4 2 1 1 438 485 61 495
431 4 2 1 1 437 444 455 202
432 4 2 1 1 444 143 4 481
433 4 2 1 1 22 167 461 172
434 4 2 1 1 252 419 250 418
435 4 2 1 1 446 179 464 482
436 4 2 1 1 161 166 22 461
437 4 2 1 1 162 14 15 462
438 4 2 1 1 231 228 404 439
439 4 2 1 1 163 55 509 459
440 4 2 1 1 241 66 436 56
441 4 2 1 1 53 213 415 512
442 4 2 1 1 260 259 425 72
443 4 2 1 1 446 456 409 214
444 4 2 1 1 500 487 510 453
445 4 2 1 1 459 44 58 433
446 4 2 1 1 280 442 421 238
447 4 2 1 1 165 501 75 160
448 4 2 1 1 267 432 476 403
449 4 2 1 1 23 176 24 486
450 4 2 1 1 190 507 410 493
451 4 2 1 1 428 277 460 276
452 4 2 1 1 457 511 499 488
453 4 2 1 1 228 227 404 502
454 4 2 1 1 473 200 474 419
455 4 2 1 1 227 226 443 500
456 4 2 1 1 507 444 410 191
457 4 2 1 1 260 261 425 235
458 4 2 1 1 199 423 454 505
459 4 2 1 1 22 167 21 461
460 4 2 1 1 163 158 459 509
461 4 2 1 1 452 78 445 469
462 4 2 1 1 12 444 4 481
463 4 2 1 1 229 61 60 438
464 4 2 1 1 505 440 228 439
465 4 2 1 1 482 40 37 36
466 4 2 1 1 481 19 13 12
467 4 2 1 1 188 490 183 491
468 4 2 1 1 6 463 185 190
469 4 2 1 1 186 29 464 181
470 4 2 1 1 29 186 464 30
471 4 2 1 1 242 419 420 218
472 4 2 1 1 451 468 473 405
473 4 2 1 1 432 442 212 476
474 4 2 1 1 259 260 425 236
475 4 2 1 1 221 420 419 218
476 4 2 1 1 79 511 412 448
477 4 2 1 1 410 185 507 190
478 4 2 1 1 248 247 426 71
479 4 2 1 1 169 520 264 441
480 4 2 1 1 477 473 468 405
481 4 2 1 1 14 156 15 462
482 4 2 1 1 186 492 434 506
483 4 2 1 1 31 32 37 482
484 4 2 1 1 4 5 12 481
485 4 2 1 1 201 473 513 431
486 4 2 1 1 433 245 246 429
487 4 2 1 1 494 240 489 414
488 4 2 1 1 512 415 54 430
489 4 2 1 1 266 265 268 435
490 4 2 1 1 254 71 422 72
491 4 2 1 1 71 254 422 253
492 4 2 1 1 61 229 230 438
493 4 2 1 1 518 233 449 150
494 4 2 1 1 247 248 426 244
495 4 2 1 1 82 272 416 81
496 4 2 1 1 265 435 406 268
497 4 2 1 1 270 269 441 499
498 4 2 1 1 214 409 446 523
499 4 2 1 1 57 220 436 56
500 4 2 1 1 463 143 444 481
501 4 2 1 1 233 155 519 150
502 4 2 1 1 231 230 228 439
503 4 2 1 1 41 191 507 410
504 4 2 1 1 406 169 174 264
505 4 2 1 1 233 518 155 150
506 4 2 1 1 171 403 266 486
507 4 2 1 1 255 258 254 421
508 4 2 1 1 82 416 239 65
509 4 2 1 1 263 173 168 520
510 4 2 1 1 419 451 473 431
511 4 2 1 1 421 255 258 418
512 4 2 1 1 263 173 517 168
513 4 2 1 1 443 500 450 227
514 4 2 1 1 410 41 470 493
515 4 2 1 1 433 472 427 246
516 4 2 1 1 36 31 37 482
517 4 2 1 1 13 12 5 481
518 4 2 1 1 432 211 206 424
519 4 2 1 1 154 404 232 149
520 4 2 1 1 476 267 498 432
521 4 2 1 1 417 251 250 418
522 4 2 1 1 252 250 251 418
523 4 2 1 1 458 406 268 503
524 4 2 1 1 454 71 248 426
525 4 2 1 1 508 188 183 491
526 4 2 1 1 259 72 254 422
527 4 2 1 1 226 500 510 453
528 4 2 1 1 434 181 186 506
529 4 2 1 1 430 213 516 512
530 4 2 1 1 181 492 434 186
531 4 2 1 1 459 467 68 509
532 4 2 1 1 410 185 190 493
533 4 2 1 1 252 256 418 251
534 4 2 1 1 266 267 403 435
535 4 2 1 1 256 255 252 418
536 4 2 1 1 228 227 231 404
537 4 2 1 1 459 408 467 509
538 4 2 1 1 419 241 250 417
539 4 2 1 1 422 248 253 420
540 4 2 1 1 422 248 454 71
541 4 2 1 1 430 512 516 475
542 4 2 1 1 452 516 442 476
543 4 2 1 1 426 216 223 429
544 4 2 1 1 523 33 40 38
545 4 2 1 1 18 466 20 11
546 4 2 1 1 18 19 466 11
547 4 2 1 1 33 523 39 38
548 4 2 1 1 147 438 485 230
549 4 2 1 1 230 228 439 229
550 4 2 1 1 261 427 460 472
551 4 2 1 1 252 249 419 418
552 4 2 1 1 212 498 432 476
553 4 2 1 1 450 502 404 227
554 4 2 1 1 406 269 265 268
555 4 2 1 1 494 50 407 471
556 4 2 1 1 451 60 438 474
557 4 2 1 1 248 422 253 71
558 4 2 1 1 266 268 267 435
559 4 2 1 1 455 202 483 514
560 4 2 1 1 454 440 199 505
561 4 2 1 1 485 152 147 230
562 4 2 1 1 440 502 228 404
563 4 2 1 1 202 444 455 466
564 4 2 1 1 460 457 209 488
565 4 2 1 1 176 171 266 486
566 4 2 1 1 420 194 454 222
567 4 2 1 1 445 478 469 515
568 4 2 1 1 229 438 60 474
569 4 2 1 1 462 156 518 151
570 4 2 1 1 152 147 230 439
571 4 2 1 1 80 271 448 52
572 4 2 1 1 519 154 232 149
573 4 2 1 1 169 520 174 264
574 4 2 1 1 143 463 1 144
575 4 2 1 1 437 444 202 191
576 4 2 1 1 502 228 505 440
577 4 2 1 1 249 252 420 418
578 4 2 1 1 499 270 511 457
579 4 2 1 1 435 170 175 265
580 4 2 1 1 203 214 446 523
581 4 2 1 1 460 428 261 235
582 4 2 1 1 421 254 422 259
583 4 2 1 1 269 503 447 499
584 4 2 1 1 464 179 29 180
585 4 2 1 1 266 171 176 435
586 4 2 1 1 461 517 172 167
587 4 2 1 1 252 420 253 249
588 4 2 1 1 499 441 270 457
589 4 2 1 1 407 492 508 471
590 4 2 1 1 476 452 78 403
591 4 2 1 1 82 416 65 415
592 4 2 1 1 423 474 200 419
593 4 2 1 1 240 66 414 69
594 4 2 1 1 54 53 415 512
595 4 2 1 1 226 443 500 453
596 4 2 1 1 478 515 409 214
597 4 2 1 1 60 473 474 451
598 4 2 1 1 231 439 148 153
599 4 2 1 1 454 194 423 199
600 4 2 1 1 415 48 54 456
601 4 2 1 1 260 504 72 425
602 4 2 1 1 470 489 43 413
603 4 2 1 1 493 189 490 184
604 4 2 1 1 426 504 71 247
605 4 2 1 1 222 426 195 454
606 4 2 1 1 512 430 478 475
607 4 2 1 1 204 416 81 415
608 4 2 1 1 81 416 82 415
609 4 2 1 1 408 159 501 509
610 4 2 1 1 437 47 41 465
611 4 2 1 1 431 477 473 513
612 4 2 1 1 490 470 493 413
613 4 2 1 1 214 484 515 409
614 4 2 1 1 240 74 414 65
615 4 2 1 1 521 268 503 458
616 4 2 1 1 7 8 485 495
617 4 2 1 1 444 202 191 466
618 4 2 1 1 449 226 510 453
619 4 2 1 1 516 212 442 476
620 4 2 1 1 225 411 59 510
621 4 2 1 1 413 490 489 491
622 4 2 1 1 148 404 231 153
623 4 2 1 1 507 185 463 190
624 4 2 1 1 511 79 271 448
625 4 2 1 1 186 181 464 506
626 4 2 1 1 48 492 506 434
627 4 2 1 1 493 41 507 410
628 4 2 1 1 504 260 497 425
629 4 2 1 1 423 474 229 505
630 4 2 1 1 62 156 518 462
631 4 2 1 1 501 467 408 509
632 4 2 1 1 53 48 415 49
633 4 2 1 1 172 76 517 461
634 4 2 1 1 271 80 448 262
635 4 2 1 1 407 508 491 471
636 4 2 1 1 42 46 41 436
637 4 2 1 1 66 240 414 489
638 4 2 1 1 467 472 63 408
639 4 2 1 1 475 78 476 452
640 4 2 1 1 406 175 170 265
641 4 2 1 1 262 75 80 448
642 4 2 1 1 463 6 1 144
643 4 2 1 1 217 222 420 454
644 4 2 1 1 29 30 464 180
645 4 2 1 1 477 468 514 405
646 4 2 1 1 490 489 470 413
647 4 2 1 1 494 407 491 471
648 4 2 1 1 412 517 76 461
649 4 2 1 1 8 7 146 495
650 4 2 1 1 178 484 28 177
651 4 2 1 1 146 145 9 483
652 4 2 1 1 460 208 209 428
653 4 2 1 1 54 512 430 478
654 4 2 1 1 24 23 486 496
655 4 2 1 1 449 62 518 462
656 4 2 1 1 516 452 475 476
657 4 2 1 1 488 209 499 457
658 4 2 1 1 54 53 48 415
659 4 2 1 1 428 277 235 460
660 4 2 1 1 46 47 41 436
661 4 2 1 1 191 507 444 481
662 4 2 1 1 27 28 484 177
663 4 2 1 1 480 69 70 414
664 4 2 1 1 463 444 507 481
665 4 2 1 1 78 77 445 469
666 4 2 1 1 145 10 9 483
667 4 2 1 1 499 428 457 209
668 4 2 1 1 143 5 4 481
669 4 2 1 1 446 464 506 482
670 4 2 1 1 456 48 54 522
671 4 2 1 1 179 32 31 482
672 4 2 1 1 506 203 446 482
673 4 2 1 1 496 445 469 515
674 4 2 1 1 240 65 414 494
675 4 2 1 1 492 187 182 508
676 4 2 1 1 496 24 23 178
677 4 2 1 1 74 73 414 479
678 4 2 1 1 469 452 78 475
679 4 2 1 1 509 159 501 164
680 4 2 1 1 495 514 468 405
681 4 2 1 1 240 70 69 414
682 4 2 1 1 234 411 59 225
683 4 2 1 1 59 62 449 462
684 4 2 1 1 79 262 271 448
685 4 2 1 1 469 77 445 496
686 4 2 1 1 60 468 473 451
687 4 2 1 1 412 76 79 461
688 4 2 1 1 74 240 414 73
689 4 2 1 1 68 55 459 509
690 4 2 1 1 43 66 56 436
691 4 2 1 1 251 250 480 417
692 4 2 1 1 179 464 482 180
693 4 2 1 1 479 256 416 257
694 4 2 1 1 82 65 50 415
695 4 2 1 1 416 213 204 633
696 4 2 1 1 144 143 463 481
697 4 2 1 1 5 143 144 481
698 4 2 1 1 482 31 179 180
699 4 2 1 1 272 416 204 633
700 4 2 1 1 274 424 279 635
701 4 2 1 1 501 467 75 408
702 4 2 1 1 57 436 43 56
703 4 2 1 1 415 81 50 82
704 4 2 1 1 63 75 467 408
705 4 2 1 1 46 42 43 436
706 4 2 1 1 53 50 49 415
707 4 2 1 1 240 73 70 414
708 4 2 1 1 204 213 205 633
709 4 2 1 1 207 208 275 636
710 4 2 1 1 217 420 243 634
711 4 2 1 1 419 194 200 423
712 4 2 1 1 274 421 424 635
713 4 2 1 1 192 43 436 46
714 4 2 1 1 436 220 192 632
715 4 2 1 1 213 416 442 633
716 4 2 1 1 205 272 204 633
717 4 2 1 1 206 205 442 273
718 4 2 1 1 221 194 419 420
719 4 2 1 1 193 194 419 221
720 4 2 1 1 193 192 220 632
721 4 2 1 1 194 193 419 200
722 4 2 1 1 201 192 193 632
723 4 2 1 1 204 50 415 81
724 4 2 1 1 50 204 415 53
725 4 2 1 1 238 237 421 280
726 4 2 1 1 273 274 421 206
727 4 2 1 1 196 195 223 429
728 4 2 1 1 207 206 424 274
729 4 2 1 1 219 218 419 242
730 4 2 1 1 280 281 442 238
731 4 2 1 1 244 217 243 634
732 4 2 1 1 244 243 248 634
733 4 2 1 1 53 213 204 415
734 4 2 1 1 211 212 432 206
735 4 2 1 1 280 274 279 635
736 4 2 1 1 200 194 199 423
737 4 2 1 1 421 274 280 635
738 4 2 1 1 275 208 428 636
739 4 2 1 1 205 206 442 212
740 4 2 1 1 206 442 212 432
741 4 2 1 1 194 195 454 222
742 4 2 1 1 275 274 207 424
743 4 2 1 1 277 75 460 80
744 4 2 1 1 67 245 433 215
745 4 2 1 1 243 242 420 218
746 4 2 1 1 275 208 276 428
747 4 2 1 1 57 436 192 43
748 4 2 1 1 245 244 426 216
749 4 2 1 1 426 222 195 223
750 4 2 1 1 201 436 192 632
751 4 2 1 1 429 224 44 433
752 4 2 1 1 216 215 429 245
753 4 2 1 1 213 212 205 442
754 4 2 1 1 420 217 454 634
755 4 2 1 1 276 80 460 51
756 4 2 1 1 224 223 429 196
757 4 2 1 1 58 44 224 433
758 4 2 1 1 278 425 235 236
759 4 2 1 1 207 275 424 636
760 4 2 1 1 221 220 419 193
761 4 2 1 1 426 217 216 244
762 4 2 1 1 237 280 279 635
763 4 2 1 1 278 277 235 428
764 4 2 1 1 218 217 420 243
765 4 2 1 1 460 208 428 276
766 4 2 1 1 420 194 222 221
767 4 2 1 1 220 419 193 632
768 4 2 1 1 207 210 208 636
769 4 2 1 1 81 272 416 204
770 4 2 1 1 51 208 460 276
771 4 2 1 1 220 57 436 192
772 4 2 1 1 196 44 429 224
773 4 2 1 1 277 75 64 460
774 4 2 1 1 46 431 47 436
775 4 2 1 1 46 47 431 513
776 4 2 1 1 429 246 426 245
777 4 2 1 1 429 426 246 427
778 4 2 1 1 247 426 246 245
779 4 2 1 1 425 261 427 428
780 4 2 1 1 425 427 261 497
781 4 2 1 1 446 26 25 32
782 4 2 1 1 446 25 26 523
783 4 2 1 1 37 26 446 32
784 4 2 1 1 3 12 444 4
785 4 2 1 1 444 2 3 4
786 4 2 1 1 426 454 198 195
787 4 2 1 1 199 198 454 195
788 4 2 1 1 202 455 20 466
789 4 2 1 1 424 636 447 210
790 4 2 1 1 424 447 636 425
791 4 2 1 1 428 447 636 210
792 4 2 1 1 428 636 447 425
793 4 2 1 1 416 257 258 238
794 4 2 1 1 258 421 442 238
795 4 2 1 1 442 421 258 418
796 4 2 1 1 416 258 442 238
797 4 2 1 1 442 258 416 418
798 4 2 1 1 279 425 278 236
799 4 2 1 1 279 237 425 236
800 4 2 1 1 237 259 425 236
801 4 2 1 1 250 417 69 480
802 4 2 1 1 414 417 69 436
803 4 2 1 1 414 69 417 480
804 4 2 1 1 33 26 446 37
805 4 2 1 1 446 26 33 523
806 4 2 1 1 40 203 446 523
807 4 2 1 1 33 446 40 37
808 4 2 1 1 40 446 33 523
809 4 2 1 1 3 11 444 12
810 4 2 1 1 444 191 19 466
811 4 2 1 1 11 19 444 12
812 4 2 1 1 444 19 11 466
813 4 2 1 1 446 482 37 32
814 4 2 1 1 52 460 80 51
815 4 2 1 1 20 483 455 202
816 4 2 1 1 633 273 205 272
817 4 2 1 1 633 205 273 442
818 4 2 1 1 416 281 633 272
819 4 2 1 1 416 633 281 442
820 4 2 1 1 281 273 633 272
821 4 2 1 1 281 633 273 442
822 4 2 1 1 16 20 455 17
823 4 2 1 1 455 20 16 483
824 4 2 1 1 40 482 446 203
825 4 2 1 1 446 482 40 37
826 4 2 1 1 481 19 444 191
827 4 2 1 1 481 444 19 12
828 4 2 1 1 496 403 486 77
829 4 2 1 1 496 486 403 23
830 4 2 1 1 497 426 246 247
831 4 2 1 1 497 246 426 427
832 4 2 1 1 211 432 521 424
833 4 2 1 1 211 521 432 498
834 4 2 1 1 203 456 214 522
835 4 2 1 1 203 214 456 446
836 4 2 1 1 503 424 458 447
837 4 2 1 1 458 424 503 521
838 4 2 1 1 502 199 454 440
839 4 2 1 1 454 199 502 198
840 4 2 1 1 454 426 502 440
841 4 2 1 1 502 426 454 198
842 4 2 1 1 487 429 500 197
843 4 2 1 1 487 500 429 453
844 4 2 1 1 47 431 477 437
845 4 2 1 1 47 477 431 513
846 4 2 1 1 425 259 422 72
847 4 2 1 1 65 414 416 74
848 4 2 1 1 416 414 65 415
849 4 2 1 1 437 191 410 444
850 4 2 1 1 410 191 437 465
851 4 2 1 1 521 432 267 458
852 4 2 1 1 521 267 432 498
853 4 2 1 1 213 415 430 416
854 4 2 1 1 213 430 415 512
855 4 2 1 1 162 462 411 157
856 4 2 1 1 448 461 166 161
857 4 2 1 1 58 234 459 55
858 4 2 1 1 459 45 225 58
859 4 2 1 1 225 45 459 411
860 4 2 1 1 225 234 459 58
861 4 2 1 1 459 234 225 411
862 4 2 1 1 163 411 459 158
863 4 2 1 1 163 459 411 234
864 4 2 1 1 234 162 462 411
865 4 2 1 1 462 162 234 62
866 4 2 1 1 462 59 234 411
867 4 2 1 1 234 59 462 62
868 4 2 1 1 79 262 461 76
869 4 2 1 1 79 461 262 448
870 4 2 1 1 166 461 262 76
871 4 2 1 1 166 262 461 448
872 4 2 1 1 165 448 75 262
873 4 2 1 1 75 448 165 160
874 4 2 1 1 69 241 417 250
875 4 2 1 1 417 241 69 436
876 4 2 1 1 256 414 416 417
877 4 2 1 1 256 416 414 479
878 4 2 1 1 419 431 632 417
879 4 2 1 1 436 431 632 201
880 4 2 1 1 436 632 431 417
881 4 2 1 1 201 46 436 431
882 4 2 1 1 201 436 46 192
883 4 2 1 1 67 433 55 215
884 4 2 1 1 58 55 433 215
885 4 2 1 1 58 433 55 459
886 4 2 1 1 460 235 64 277
887 4 2 1 1 636 425 275 424
888 4 2 1 1 279 425 275 278
889 4 2 1 1 279 275 425 424
890 4 2 1 1 429 45 453 433
891 4 2 1 1 429 453 45 487
892 4 2 1 1 411 453 45 433
893 4 2 1 1 64 460 261 235
894 4 2 1 1 436 219 632 417
895 4 2 1 1 436 632 219 220
896 4 2 1 1 419 632 219 417
897 4 2 1 1 419 219 632 220
898 4 2 1 1 75 460 63 64
899 4 2 1 1 75 63 460 408
900 4 2 1 1 261 63 460 64
901 4 2 1 1 193 632 200 201
902 4 2 1 1 200 632 193 419
903 4 2 1 1 632 473 200 201
904 4 2 1 1 200 473 632 419
905 4 2 1 1 632 431 473 201
906 4 2 1 1 473 431 632 419
907 4 2 1 1 80 448 460 52
908 4 2 1 1 75 448 460 80
909 4 2 1 1 75 460 448 408
910 4 2 1 1 425 237 422 259
911 4 2 1 1 421 422 237 259
912 4 2 1 1 433 68 55 459
913 4 2 1 1 433 55 68 67
914 4 2 1 1 472 460 63 408
915 4 2 1 1 472 63 460 261
916 4 2 1 1 421 635 422 424
917 4 2 1 1 422 635 421 237
918 4 2 1 1 635 425 422 424
919 4 2 1 1 422 425 635 237
920 4 2 1 1 635 279 425 424
921 4 2 1 1 425 279 635 237
922 4 2 1 1 3 444 455 2
923 4 2 1 1 416 256 255 257
924 4 2 1 1 255 256 416 418
925 4 2 1 1 255 258 416 257
926 4 2 1 1 416 258 255 418
927 4 2 1 1 11 444 455 3
928 4 2 1 1 11 455 444 466
929 4 2 1 1 16 17 483 9
930 4 2 1 1 16 483 17 455
931 4 2 1 1 10 483 17 9
932 4 2 1 1 10 17 483 455
933 4 2 1 1 275 428 425 636
934 4 2 1 1 275 425 428 278
935 4 2 1 1 510 453 225 411
936 4 2 1 1 510 225 453 487
937 4 2 1 1 45 225 453 411
938 4 2 1 1 45 453 225 487
939 4 2 2 2 141 402 383 653
940 4 2 2 2 394 503 549 657
941 4 2 2 2 349 350 583 505
942 4 2 2 2 593 569 587 642
943 4 2 2 2 383 402 384 648
944 4 2 2 2 583 593 349 505
945 4 2 2 2 568 504 565 654
946 4 2 2 2 565 564 374 642
947 4 2 2 2 332 498 333 657
948 4 2 2 2 549 503 585 657
949 4 2 2 2 395 394 503 549
950 4 2 2 2 378 359 360 640
951 4 2 2 2 374 373 370 642
952 4 2 2 2 492 577 471 651
953 4 2 2 2 471 638 109 651
954 4 2 2 2 471 577 638 651
955 4 2 2 2 552 352 349 348
956 4 2 2 2 565 369 364 642
957 4 2 2 2 358 379 563 359
958 4 2 2 2 587 572 599 299
959 4 2 2 2 549 576 585 503
960 4 2 2 2 503 395 549 660
961 4 2 2 2 565 374 369 642
962 4 2 2 2 367 368 568 497
963 4 2 2 2 497 653 648 662
964 4 2 2 2 568 497 648 662
965 4 2 2 2 395 394 549 391
966 4 2 2 2 503 549 576 660
967 4 2 2 2 368 369 565 131
968 4 2 2 2 378 562 359 640
969 4 2 2 2 398 387 399 640
970 4 2 2 2 84 83 542 88
971 4 2 2 2 103 104 102 631
972 4 2 2 2 344 343 587 338
973 4 2 2 2 379 378 562 359
974 4 2 2 2 351 350 583 349
975 4 2 2 2 467 509 581 662
976 4 2 2 2 349 502 552 348
977 4 2 2 2 350 594 583 505
978 4 2 2 2 380 379 563 358
979 4 2 2 2 299 572 599 500
980 4 2 2 2 581 653 467 662
981 4 2 2 2 365 366 368 568
982 4 2 2 2 562 376 379 564
983 4 2 2 2 497 568 367 662
984 4 2 2 2 378 379 562 376
985 4 2 2 2 130 480 372 649
986 4 2 2 2 593 583 594 505
987 4 2 2 2 299 599 587 502
988 4 2 2 2 583 593 552 349
989 4 2 2 2 552 593 502 349
990 4 2 2 2 568 648 504 654
991 4 2 2 2 503 576 585 654
992 4 2 2 2 565 338 587 642
993 4 2 2 2 346 355 118 662
994 4 2 2 2 593 505 594 642
995 4 2 2 2 350 120 121 550
996 4 2 2 2 359 563 562 379
997 4 2 2 2 128 509 467 662
998 4 2 2 2 365 338 587 565
999 4 2 2 2 554 467 581 653
1000 4 2 2 2 593 599 552 502
1001 4 2 2 2 349 593 502 505
1002 4 2 2 2 343 587 338 642
1003 4 2 2 2 585 503 654 657
1004 4 2 2 2 500 599 299 502
1005 4 2 2 2 300 295 301 642
1006 4 2 2 2 641 646 478 651
1007 4 2 2 2 545 355 555 662
1008 4 2 2 2 535 536 552 352
1009 4 2 2 2 370 642 373 663
1010 4 2 2 2 576 648 503 660
1011 4 2 2 2 602 506 647 651
1012 4 2 2 2 333 641 561 657
1013 4 2 2 2 120 550 350 665
1014 4 2 2 2 376 562 566 564
1015 4 2 2 2 602 607 506 651
1016 4 2 2 2 376 566 562 639
1017 4 2 2 2 368 369 365 565
1018 4 2 2 2 616 391 549 657
1019 4 2 2 2 508 491 471 638
1020 4 2 2 2 380 358 563 654
1021 4 2 2 2 476 641 498 657
1022 4 2 2 2 603 655 661 662
1023 4 2 2 2 478 512 641 651
1024 4 2 2 2 599 593 587 502
1025 4 2 2 2 503 648 576 654
1026 4 2 2 2 549 391 394 657
1027 4 2 2 2 476 333 498 641
1028 4 2 2 2 299 297 572 298
1029 4 2 2 2 121 550 120 643
1030 4 2 2 2 471 110 109 638
1031 4 2 2 2 614 391 616 657
1032 4 2 2 2 299 298 572 500
1033 4 2 2 2 521 654 503 657
1034 4 2 2 2 367 653 497 662
1035 4 2 2 2 367 368 366 568
1036 4 2 2 2 565 587 569 642
1037 4 2 2 2 337 366 568 662
1038 4 2 2 2 333 498 641 657
1039 4 2 2 2 572 587 337 344
1040 4 2 2 2 337 568 572 662
1041 4 2 2 2 502 500 599 661
1042 4 2 2 2 350 550 594 665
1043 4 2 2 2 614 616 549 657
1044 4 2 2 2 603 661 572 662
1045 4 2 2 2 599 500 572 661
1046 4 2 2 2 503 648 499 660
1047 4 2 2 2 561 333 562 641
1048 4 2 2 2 594 550 350 583
1049 4 2 2 2 327 328 332 654
1050 4 2 2 2 627 612 622 647
1051 4 2 2 2 572 587 568 337
1052 4 2 2 2 366 367 568 662
1053 4 2 2 2 594 350 474 505
1054 4 2 2 2 500 661 655 662
1055 4 2 2 2 581 546 545 662
1056 4 2 2 2 472 467 653 662
1057 4 2 2 2 594 505 474 642
1058 4 2 2 2 345 118 336 662
1059 4 2 2 2 571 648 653 662
1060 4 2 2 2 546 115 545 662
1061 4 2 2 2 581 545 555 662
1062 4 2 2 2 627 622 628 647
1063 4 2 2 2 550 120 643 665
1064 4 2 2 2 596 638 577 651
1065 4 2 2 2 500 572 661 662
1066 4 2 2 2 568 648 571 662
1067 4 2 2 2 566 639 376 663
1068 4 2 2 2 350 594 474 665
1069 4 2 2 2 83 524 542 656
1070 4 2 2 2 549 579 614 657
1071 4 2 2 2 545 555 355 655
1072 4 2 2 2 343 338 339 642
1073 4 2 2 2 470 489 490 650
1074 4 2 2 2 504 497 381 648
1075 4 2 2 2 472 128 467 662
1076 4 2 2 2 564 563 565 654
1077 4 2 2 2 106 107 631 104
1078 4 2 2 2 88 89 542 90
1079 4 2 2 2 138 392 486 617
1080 4 2 2 2 365 587 337 568
1081 4 2 2 2 490 638 609 650
1082 4 2 2 2 88 83 542 87
1083 4 2 2 2 103 104 631 105
1084 4 2 2 2 364 338 565 642
1085 4 2 2 2 612 607 506 602
1086 4 2 2 2 491 508 610 638
1087 4 2 2 2 638 640 109 651
1088 4 2 2 2 135 544 388 652
1089 4 2 2 2 479 639 377 640
1090 4 2 2 2 133 377 479 649
1091 4 2 2 2 115 509 128 662
1092 4 2 2 2 617 641 393 657
1093 4 2 2 2 503 394 521 657
1094 4 2 2 2 580 652 648 660
1095 4 2 2 2 393 392 138 617
1096 4 2 2 2 506 612 602 647
1097 4 2 2 2 554 543 467 653
1098 4 2 2 2 134 378 360 640
1099 4 2 2 2 502 348 500 661
1100 4 2 2 2 298 572 500 662
1101 4 2 2 2 639 640 479 649
1102 4 2 2 2 479 377 378 640
1103 4 2 2 2 646 647 478 651
1104 4 2 2 2 617 393 392 657
1105 4 2 2 2 648 652 499 660
1106 4 2 2 2 531 532 526 645
1107 4 2 2 2 543 652 135 653
1108 4 2 2 2 543 135 467 653
1109 4 2 2 2 384 401 385 654
1110 4 2 2 2 491 609 490 638
1111 4 2 2 2 602 556 607 651
1112 4 2 2 2 402 401 384 648
1113 4 2 2 2 543 554 652 653
1114 4 2 2 2 377 639 479 649
1115 4 2 2 2 297 572 298 662
1116 4 2 2 2 109 638 110 640
1117 4 2 2 2 551 647 646 651
1118 4 2 2 2 294 642 342 663
1119 4 2 2 2 573 646 641 651
1120 4 2 2 2 539 550 121 643
1121 4 2 2 2 489 638 490 650
1122 4 2 2 2 96 649 650 664
1123 4 2 2 2 612 482 622 647
1124 4 2 2 2 610 609 491 638
1125 4 2 2 2 594 663 642 665
1126 4 2 2 2 583 539 351 536
1127 4 2 2 2 504 648 381 654
1128 4 2 2 2 497 367 382 653
1129 4 2 2 2 491 494 471 638
1130 4 2 2 2 617 559 641 657
1131 4 2 2 2 603 599 572 661
1132 4 2 2 2 640 641 512 651
1133 4 2 2 2 497 382 648 653
1134 4 2 2 2 503 331 648 654
1135 4 2 2 2 539 485 121 351
1136 4 2 2 2 484 646 621 647
1137 4 2 2 2 323 138 617 646
1138 4 2 2 2 607 492 506 651
1139 4 2 2 2 388 652 544 658
1140 4 2 2 2 544 135 543 652
1141 4 2 2 2 553 609 638 650
1142 4 2 2 2 589 544 543 652
1143 4 2 2 2 96 293 649 664
1144 4 2 2 2 474 594 642 665
1145 4 2 2 2 594 586 642 663
1146 4 2 2 2 483 525 643 656
1147 4 2 2 2 553 609 610 638
1148 4 2 2 2 515 646 484 647
1149 4 2 2 2 560 562 640 641
1150 4 2 2 2 529 574 643 656
1151 4 2 2 2 134 479 640 649
1152 4 2 2 2 397 112 141 652
1153 4 2 2 2 577 553 610 638
1154 4 2 2 2 580 648 576 660
1155 4 2 2 2 617 486 138 323
1156 4 2 2 2 515 484 335 647
1157 4 2 2 2 596 640 638 651
1158 4 2 2 2 543 554 589 652
1159 4 2 2 2 574 644 643 656
1160 4 2 2 2 483 643 514 656
1161 4 2 2 2 282 550 539 643
1162 4 2 2 2 282 539 121 643
1163 4 2 2 2 103 631 620 647
1164 4 2 2 2 96 513 302 664
1165 4 2 2 2 102 620 631 647
1166 4 2 2 2 531 526 611 645
1167 4 2 2 2 639 650 649 664
1168 4 2 2 2 323 617 559 646
1169 4 2 2 2 500 655 487 662
1170 4 2 2 2 558 527 532 656
1171 4 2 2 2 625 646 551 647
1172 4 2 2 2 550 643 600 665
1173 4 2 2 2 141 135 652 653
1174 4 2 2 2 627 602 612 647
1175 4 2 2 2 83 542 292 656
1176 4 2 2 2 116 117 341 649
1177 4 2 2 2 517 619 618 137
1178 4 2 2 2 133 130 372 649
1179 4 2 2 2 529 533 284 656
1180 4 2 2 2 133 372 377 649
1181 4 2 2 2 289 535 552 661
1182 4 2 2 2 501 543 467 509
1183 4 2 2 2 617 641 559 646
1184 4 2 2 2 362 340 363 663
1185 4 2 2 2 324 108 630 651
1186 4 2 2 2 114 335 630 651
1187 4 2 2 2 393 641 476 657
1188 4 2 2 2 393 139 476 641
1189 4 2 2 2 600 663 594 665
1190 4 2 2 2 134 479 378 640
1191 4 2 2 2 492 471 108 651
1192 4 2 2 2 609 320 608 650
1193 4 2 2 2 551 646 573 651
1194 4 2 2 2 371 373 372 663
1195 4 2 2 2 372 639 377 649
1196 4 2 2 2 289 552 582 661
1197 4 2 2 2 531 526 530 611
1198 4 2 2 2 612 622 626 627
1199 4 2 2 2 597 649 639 650
1200 4 2 2 2 550 600 594 665
1201 4 2 2 2 289 537 535 661
1202 4 2 2 2 536 552 288 535
1203 4 2 2 2 346 487 655 662
1204 4 2 2 2 489 649 638 650
1205 4 2 2 2 391 614 392 657
1206 4 2 2 2 549 616 312 660
1207 4 2 2 2 135 388 141 652
1208 4 2 2 2 391 392 394 657
1209 4 2 2 2 397 141 388 652
1210 4 2 2 2 113 109 110 640
1211 4 2 2 2 573 641 640 651
1212 4 2 2 2 597 650 639 664
1213 4 2 2 2 331 332 328 654
1214 4 2 2 2 609 553 320 650
1215 4 2 2 2 583 552 288 536
1216 4 2 2 2 506 482 612 647
1217 4 2 2 2 490 489 491 638
1218 4 2 2 2 562 566 588 639
1219 4 2 2 2 371 129 362 649
1220 4 2 2 2 370 364 369 642
1221 4 2 2 2 543 467 135 501
1222 4 2 2 2 478 647 335 651
1223 4 2 2 2 594 600 586 663
1224 4 2 2 2 114 512 478 651
1225 4 2 2 2 499 648 330 652
1226 4 2 2 2 619 517 172 137
1227 4 2 2 2 488 499 330 652
1228 4 2 2 2 593 594 569 642
1229 4 2 2 2 318 610 607 577
1230 4 2 2 2 328 329 331 648
1231 4 2 2 2 584 549 312 660
1232 4 2 2 2 616 613 312 660
1233 4 2 2 2 493 490 609 650
1234 4 2 2 2 503 499 395 660
1235 4 2 2 2 126 116 362 649
1236 4 2 2 2 551 573 647 651
1237 4 2 2 2 545 555 655 659
1238 4 2 2 2 284 533 527 656
1239 4 2 2 2 330 652 648 653
1240 4 2 2 2 589 544 652 658
1241 4 2 2 2 371 362 639 649
1242 4 2 2 2 467 135 123 653
1243 4 2 2 2 517 618 619 172
1244 4 2 2 2 134 133 479 649
1245 4 2 2 2 110 471 494 638
1246 4 2 2 2 643 664 600 665
1247 4 2 2 2 402 648 383 653
1248 4 2 2 2 163 355 545 115
1249 4 2 2 2 582 537 289 661
1250 4 2 2 2 388 544 135 165
1251 4 2 2 2 616 549 313 614
1252 4 2 2 2 553 319 610 609
1253 4 2 2 2 529 284 574 656
1254 4 2 2 2 609 608 493 650
1255 4 2 2 2 110 638 142 640
1256 4 2 2 2 555 595 581 662
1257 4 2 2 2 596 577 556 651
1258 4 2 2 2 595 555 655 662
1259 4 2 2 2 477 644 643 664
1260 4 2 2 2 610 577 319 553
1261 4 2 2 2 591 608 320 650
1262 4 2 2 2 472 382 367 653
1263 4 2 2 2 549 579 313 614
1264 4 2 2 2 627 628 602 647
1265 4 2 2 2 541 644 97 645
1266 4 2 2 2 472 653 367 662
1267 4 2 2 2 549 584 576 660
1268 4 2 2 2 643 644 514 656
1269 4 2 2 2 121 485 539 282
1270 4 2 2 2 551 641 573 646
1271 4 2 2 2 571 572 568 662
1272 4 2 2 2 136 360 387 640
1273 4 2 2 2 109 108 471 651
1274 4 2 2 2 92 541 97 645
1275 4 2 2 2 503 331 499 648
1276 4 2 2 2 547 137 544 658
1277 4 2 2 2 134 640 638 649
1278 4 2 2 2 558 644 574 656
1279 4 2 2 2 308 589 544 543
1280 4 2 2 2 492 108 506 651
1281 4 2 2 2 556 318 607 577
1282 4 2 2 2 546 545 306 581
1283 4 2 2 2 312 613 584 660
1284 4 2 2 2 619 547 618 137
1285 4 2 2 2 476 516 333 641
1286 4 2 2 2 330 488 652 653
1287 4 2 2 2 306 545 555 581
1288 4 2 2 2 553 591 320 650
1289 4 2 2 2 341 639 340 649
1290 4 2 2 2 567 648 568 654
1291 4 2 2 2 548 605 555 659
1292 4 2 2 2 481 530 526 611
1293 4 2 2 2 622 626 482 612
1294 4 2 2 2 585 654 563 657
1295 4 2 2 2 341 340 116 649
1296 4 2 2 2 481 611 526 645
1297 4 2 2 2 544 137 166 388
1298 4 2 2 2 526 532 481 645
1299 4 2 2 2 532 645 601 656
1300 4 2 2 2 581 571 653 662
1301 4 2 2 2 493 470 490 650
1302 4 2 2 2 392 614 617 657
1303 4 2 2 2 329 648 402 653
1304 4 2 2 2 360 125 134 640
1305 4 2 2 2 513 663 664 665
1306 4 2 2 2 371 372 639 663
1307 4 2 2 2 589 308 554 543
1308 4 2 2 2 537 353 535 661
1309 4 2 2 2 475 478 512 641
1310 4 2 2 2 103 324 631 647
1311 4 2 2 2 102 631 335 647
1312 4 2 2 2 567 568 565 654
1313 4 2 2 2 400 385 401 654
1314 4 2 2 2 545 548 555 659
1315 4 2 2 2 554 307 546 543
1316 4 2 2 2 621 629 484 647
1317 4 2 2 2 623 602 628 647
1318 4 2 2 2 475 469 478 646
1319 4 2 2 2 595 655 603 662
1320 4 2 2 2 474 505 300 642
1321 4 2 2 2 608 645 493 650
1322 4 2 2 2 616 390 613 660
1323 4 2 2 2 558 284 527 656
1324 4 2 2 2 512 640 334 641
1325 4 2 2 2 114 478 335 651
1326 4 2 2 2 585 563 561 657
1327 4 2 2 2 513 663 302 664
1328 4 2 2 2 581 307 546 554
1329 4 2 2 2 595 603 572 662
1330 4 2 2 2 531 601 532 645
1331 4 2 2 2 512 334 516 641
1332 4 2 2 2 559 617 579 657
1333 4 2 2 2 648 652 580 653
1334 4 2 2 2 562 588 560 640
1335 4 2 2 2 477 664 643 665
1336 4 2 2 2 503 521 331 654
1337 4 2 2 2 551 573 590 647
1338 4 2 2 2 591 645 608 650
1339 4 2 2 2 155 354 519 661
1340 4 2 2 2 579 549 585 657
1341 4 2 2 2 483 514 303 656
1342 4 2 2 2 618 517 137 658
1343 4 2 2 2 482 506 324 647
1344 4 2 2 2 141 652 112 653
1345 4 2 2 2 561 641 559 657
1346 4 2 2 2 369 374 370 642
1347 4 2 2 2 561 562 560 641
1348 4 2 2 2 545 546 163 115
1349 4 2 2 2 303 514 644 656
1350 4 2 2 2 600 664 663 665
1351 4 2 2 2 544 543 135 165
1352 4 2 2 2 599 582 552 661
1353 4 2 2 2 142 638 136 640
1354 4 2 2 2 390 520 613 660
1355 4 2 2 2 568 570 571 648
1356 4 2 2 2 559 100 323 646
1357 4 2 2 2 519 537 155 661
1358 4 2 2 2 601 558 527 532
1359 4 2 2 2 579 617 614 657
1360 4 2 2 2 173 520 389 660
1361 4 2 2 2 290 592 534 661
1362 4 2 2 2 353 537 519 661
1363 4 2 2 2 89 292 87 542
1364 4 2 2 2 107 324 631 105
1365 4 2 2 2 573 590 647 651
1366 4 2 2 2 495 483 528 514
1367 4 2 2 2 558 574 284 656
1368 4 2 2 2 499 652 511 660
1369 4 2 2 2 138 486 496 323
1370 4 2 2 2 121 495 485 282
1371 4 2 2 2 121 495 282 643
1372 4 2 2 2 484 515 496 624
1373 4 2 2 2 315 551 590 647
1374 4 2 2 2 302 663 293 664
1375 4 2 2 2 125 638 134 640
1376 4 2 2 2 513 664 477 665
1377 4 2 2 2 472 467 123 653
1378 4 2 2 2 291 605 540 538
1379 4 2 2 2 173 613 520 660
1380 4 2 2 2 534 592 659 661
1381 4 2 2 2 335 647 630 651
1382 4 2 2 2 324 630 647 651
1383 4 2 2 2 491 188 490 609
1384 4 2 2 2 477 514 643 644
1385 4 2 2 2 513 96 97 664
1386 4 2 2 2 188 491 610 609
1387 4 2 2 2 311 615 557 660
1388 4 2 2 2 554 581 571 653
1389 4 2 2 2 558 532 601 656
1390 4 2 2 2 371 363 370 663
1391 4 2 2 2 136 638 125 640
1392 4 2 2 2 570 571 648 653
1393 4 2 2 2 499 488 511 652
1394 4 2 2 2 500 510 487 655
1395 4 2 2 2 298 500 487 662
1396 4 2 2 2 548 540 605 538
1397 4 2 2 2 346 95 487 662
1398 4 2 2 2 290 582 592 661
1399 4 2 2 2 528 282 495 643
1400 4 2 2 2 597 639 598 664
1401 4 2 2 2 84 542 524 656
1402 4 2 2 2 332 654 521 657
1403 4 2 2 2 92 645 97 650
1404 4 2 2 2 138 323 496 646
1405 4 2 2 2 615 658 557 660
1406 4 2 2 2 396 499 511 660
1407 4 2 2 2 645 650 575 664
1408 4 2 2 2 96 650 97 664
1409 4 2 2 2 528 495 514 643
1410 4 2 2 2 481 645 532 656
1411 4 2 2 2 475 512 516 641
1412 4 2 2 2 290 534 537 661
1413 4 2 2 2 620 628 103 647
1414 4 2 2 2 487 510 346 655
1415 4 2 2 2 618 615 517 658
1416 4 2 2 2 618 137 547 658
1417 4 2 2 2 600 643 574 664
1418 4 2 2 2 590 602 623 647
1419 4 2 2 2 125 494 361 638
1420 4 2 2 2 136 142 110 638
1421 4 2 2 2 363 364 370 642
1422 4 2 2 2 580 576 584 660
1423 4 2 2 2 388 140 397 658
1424 4 2 2 2 584 311 557 660
1425 4 2 2 2 615 311 613 660
1426 4 2 2 2 470 93 489 650
1427 4 2 2 2 389 517 615 658
1428 4 2 2 2 324 647 506 651
1429 4 2 2 2 475 478 641 646
1430 4 2 2 2 538 605 548 659
1431 4 2 2 2 578 638 640 649
1432 4 2 2 2 652 658 511 660
1433 4 2 2 2 625 323 100 646
1434 4 2 2 2 531 611 601 645
1435 4 2 2 2 389 517 173 615
1436 4 2 2 2 343 339 342 642
1437 4 2 2 2 550 287 539 583
1438 4 2 2 2 302 663 513 665
1439 4 2 2 2 567 585 576 654
1440 4 2 2 2 136 387 398 640
1441 4 2 2 2 388 397 652 658
1442 4 2 2 2 396 511 658 660
1443 4 2 2 2 291 605 538 659
1444 4 2 2 2 514 468 477 643
1445 4 2 2 2 644 645 575 664
1446 4 2 2 2 580 658 652 660
1447 4 2 2 2 383 648 356 653
1448 4 2 2 2 589 604 309 544
1449 4 2 2 2 489 361 494 638
1450 4 2 2 2 558 601 645 656
1451 4 2 2 2 362 639 340 663
1452 4 2 2 2 393 476 498 657
1453 4 2 2 2 578 640 639 649
1454 4 2 2 2 624 496 323 646
1455 4 2 2 2 483 84 525 656
1456 4 2 2 2 567 576 648 654
1457 4 2 2 2 602 623 628 316
1458 4 2 2 2 550 574 600 643
1459 4 2 2 2 381 497 382 648
1460 4 2 2 2 477 303 514 644
1461 4 2 2 2 84 303 542 656
1462 4 2 2 2 332 521 498 657
1463 4 2 2 2 339 642 363 663
1464 4 2 2 2 583 287 539 536
1465 4 2 2 2 300 301 474 642
1466 4 2 2 2 496 624 515 646
1467 4 2 2 2 174 520 613 390
1468 4 2 2 2 378 74 479 134
1469 4 2 2 2 74 378 479 257
1470 4 2 2 2 250 129 480 69
1471 4 2 2 2 250 129 371 480
1472 4 2 2 2 580 557 658 660
1473 4 2 2 2 547 544 137 166
1474 4 2 2 2 354 534 518 659
1475 4 2 2 2 553 638 649 650
1476 4 2 2 2 239 387 136 360
1477 4 2 2 2 518 155 534 354
1478 4 2 2 2 354 122 119 659
1479 4 2 2 2 559 551 100 646
1480 4 2 2 2 601 608 591 645
1481 4 2 2 2 644 645 541 656
1482 4 2 2 2 291 592 605 659
1483 4 2 2 2 527 283 601 532
1484 4 2 2 2 137 389 140 658
1485 4 2 2 2 155 534 354 661
1486 4 2 2 2 538 548 122 659
1487 4 2 2 2 615 173 389 660
1488 4 2 2 2 290 537 582 661
1489 4 2 2 2 97 541 303 644
1490 4 2 2 2 291 538 534 659
1491 4 2 2 2 154 353 537 519
1492 4 2 2 2 357 648 384 654
1493 4 2 2 2 494 491 489 638
1494 4 2 2 2 509 501 543 164
1495 4 2 2 2 606 652 554 653
1496 4 2 2 2 481 292 645 656
1497 4 2 2 2 501 135 543 165
1498 4 2 2 2 56 241 116 219
1499 4 2 2 2 281 136 82 239
1500 4 2 2 2 281 136 239 387
1501 4 2 2 2 174 613 616 390
1502 4 2 2 2 537 535 353 154
1503 4 2 2 2 615 618 517 172
1504 4 2 2 2 600 598 663 664
1505 4 2 2 2 389 658 615 660
1506 4 2 2 2 493 608 507 645
1507 4 2 2 2 507 611 481 645
1508 4 2 2 2 584 613 311 660
1509 4 2 2 2 175 614 392 391
1510 4 2 2 2 137 619 547 166
1511 4 2 2 2 611 608 601 645
1512 4 2 2 2 643 644 574 664
1513 4 2 2 2 340 342 339 663
1514 4 2 2 2 353 535 352 154
1515 4 2 2 2 559 641 551 646
1516 4 2 2 2 391 174 616 390
1517 4 2 2 2 538 122 518 659
1518 4 2 2 2 113 334 512 640
1519 4 2 2 2 604 618 547 658
1520 4 2 2 2 639 663 598 664
1521 4 2 2 2 534 659 354 661
1522 4 2 2 2 580 584 557 660
1523 4 2 2 2 478 469 515 646
1524 4 2 2 2 85 550 282 643
1525 4 2 2 2 534 155 537 661
1526 4 2 2 2 291 534 592 659
1527 4 2 2 2 616 614 175 391
1528 4 2 2 2 173 615 613 660
1529 4 2 2 2 392 176 486 617
1530 4 2 2 2 606 648 580 653
1531 4 2 2 2 611 507 608 645
1532 4 2 2 2 329 330 331 648
1533 4 2 2 2 547 309 604 544
1534 4 2 2 2 134 638 133 649
1535 4 2 2 2 346 119 355 655
1536 4 2 2 2 330 499 331 648
1537 4 2 2 2 106 335 104 631
1538 4 2 2 2 542 88 90 303
1539 4 2 2 2 511 397 140 658
1540 4 2 2 2 578 638 596 640
1541 4 2 2 2 582 599 603 661
1542 4 2 2 2 324 506 108 651
1543 4 2 2 2 602 317 607 556
1544 4 2 2 2 102 335 484 647
1545 4 2 2 2 360 136 125 640
1546 4 2 2 2 347 510 500 655
1547 4 2 2 2 347 655 500 661
1548 4 2 2 2 468 477 643 665
1549 4 2 2 2 575 645 591 650
1550 4 2 2 2 363 242 219 241
1551 4 2 2 2 359 239 387 238
1552 4 2 2 2 360 359 239 387
1553 4 2 2 2 606 589 554 652
1554 4 2 2 2 508 492 187 610
1555 4 2 2 2 352 535 536 153
1556 4 2 2 2 621 102 484 629
1557 4 2 2 2 625 100 551 646
1558 4 2 2 2 511 652 397 658
1559 4 2 2 2 352 536 351 153
1560 4 2 2 2 575 644 558 645
1561 4 2 2 2 93 649 489 650
1562 4 2 2 2 604 557 618 658
1563 4 2 2 2 123 135 124 653
1564 4 2 2 2 282 529 85 643
1565 4 2 2 2 310 604 557 618
1566 4 2 2 2 303 644 541 656
1567 4 2 2 2 618 557 310 615
1568 4 2 2 2 603 655 592 661
1569 4 2 2 2 125 136 110 638
1570 4 2 2 2 615 618 557 658
1571 4 2 2 2 238 387 281 239
1572 4 2 2 2 475 641 469 646
1573 4 2 2 2 398 142 136 640
1574 4 2 2 2 112 652 488 653
1575 4 2 2 2 495 8 485 282
1576 4 2 2 2 141 112 111 653
1577 4 2 2 2 125 110 494 638
1578 4 2 2 2 317 607 612 602
1579 4 2 2 2 363 642 370 663
1580 4 2 2 2 491 508 188 610
1581 4 2 2 2 553 649 597 650
1582 4 2 2 2 559 579 561 657
1583 4 2 2 2 603 592 582 661
1584 4 2 2 2 331 521 332 654
1585 4 2 2 2 560 573 551 641
1586 4 2 2 2 292 541 645 656
1587 4 2 2 2 655 659 592 661
1588 4 2 2 2 560 640 573 641
1589 4 2 2 2 606 580 652 653
1590 4 2 2 2 392 176 617 614
1591 4 2 2 2 393 394 392 657
1592 4 2 2 2 534 538 518 659
1593 4 2 2 2 525 528 146 483
1594 4 2 2 2 484 178 621 624
1595 4 2 2 2 602 590 623 316
1596 4 2 2 2 580 606 570 648
1597 4 2 2 2 92 292 541 645
1598 4 2 2 2 381 382 356 648
1599 4 2 2 2 363 371 362 663
1600 4 2 2 2 605 540 548 305
1601 4 2 2 2 591 601 321 608
1602 4 2 2 2 528 8 495 282
1603 4 2 2 2 84 533 525 656
1604 4 2 2 2 92 96 98 650
1605 4 2 2 2 490 189 493 609
1606 4 2 2 2 543 546 509 164
1607 4 2 2 2 595 555 603 655
1608 4 2 2 2 388 166 544 165
1609 4 2 2 2 137 22 619 166
1610 4 2 2 2 178 484 496 624
1611 4 2 2 2 528 146 483 495
1612 4 2 2 2 127 115 128 662
1613 4 2 2 2 559 561 560 641
1614 4 2 2 2 545 355 163 162
1615 4 2 2 2 330 112 488 653
1616 4 2 2 2 493 645 92 650
1617 4 2 2 2 617 314 559 579
1618 4 2 2 2 492 187 610 607
1619 4 2 2 2 609 189 493 608
1620 4 2 2 2 597 575 650 664
1621 4 2 2 2 98 470 92 650
1622 4 2 2 2 540 605 91 305
1623 4 2 2 2 558 645 644 656
1624 4 2 2 2 357 381 356 648
1625 4 2 2 2 396 140 389 658
1626 4 2 2 2 513 644 477 664
1627 4 2 2 2 614 392 176 175
1628 4 2 2 2 114 108 109 651
1629 4 2 2 2 611 321 601 608
1630 4 2 2 2 493 92 470 650
1631 4 2 2 2 552 289 288 535
1632 4 2 2 2 357 381 648 654
1633 4 2 2 2 134 361 133 638
1634 4 2 2 2 384 648 401 654
1635 4 2 2 2 97 303 477 644
1636 4 2 2 2 524 533 84 656
1637 4 2 2 2 531 601 283 532
1638 4 2 2 2 569 564 565 642
1639 4 2 2 2 602 628 627 316
1640 4 2 2 2 557 604 589 658
1641 4 2 2 2 510 119 346 655
1642 4 2 2 2 525 529 528 643
1643 4 2 2 2 584 312 311 613
1644 4 2 2 2 477 513 97 644
1645 4 2 2 2 582 289 537 290
1646 4 2 2 2 549 313 312 616
1647 4 2 2 2 340 639 341 663
1648 4 2 2 2 353 354 347 661
1649 4 2 2 2 601 558 283 527
1650 4 2 2 2 112 397 488 652
1651 4 2 2 2 570 648 606 653
1652 4 2 2 2 574 550 85 643
1653 4 2 2 2 370 373 371 663
1654 4 2 2 2 575 574 644 664
1655 4 2 2 2 342 642 339 663
1656 4 2 2 2 390 396 389 660
1657 4 2 2 2 605 592 555 659
1658 4 2 2 2 536 152 351 153
1659 4 2 2 2 371 639 362 663
1660 4 2 2 2 617 314 579 614
1661 4 2 2 2 600 575 598 664
1662 4 2 2 2 380 357 358 654
1663 4 2 2 2 380 381 357 654
1664 4 2 2 2 597 575 591 650
1665 4 2 2 2 578 553 638 649
1666 4 2 2 2 330 648 329 653
1667 4 2 2 2 480 130 129 649
1668 4 2 2 2 571 595 572 662
1669 4 2 2 2 382 356 648 653
1670 4 2 2 2 575 574 558 644
1671 4 2 2 2 361 638 489 649
1672 4 2 2 2 84 483 303 656
1673 4 2 2 2 331 328 648 654
1674 4 2 2 2 15 122 156 538
1675 4 2 2 2 121 468 495 643
1676 4 2 2 2 578 639 597 649
1677 4 2 2 2 305 545 555 306
1678 4 2 2 2 401 648 328 654
1679 4 2 2 2 15 122 538 548
1680 4 2 2 2 529 574 85 643
1681 4 2 2 2 496 486 24 323
1682 4 2 2 2 596 578 577 638
1683 4 2 2 2 100 323 617 559
1684 4 2 2 2 92 97 96 650
1685 4 2 2 2 495 468 514 643
1686 4 2 2 2 125 361 134 638
1687 4 2 2 2 119 510 347 655
1688 4 2 2 2 540 286 548 91
1689 4 2 2 2 591 575 558 645
1690 4 2 2 2 538 156 518 122
1691 4 2 2 2 581 595 571 662
1692 4 2 2 2 481 292 507 645
1693 4 2 2 2 287 583 288 536
1694 4 2 2 2 313 579 314 614
1695 4 2 2 2 588 639 578 640
1696 4 2 2 2 575 600 574 664
1697 4 2 2 2 577 578 553 638
1698 4 2 2 2 111 330 329 653
1699 4 2 2 2 394 393 521 657
1700 4 2 2 2 304 22 547 619
1701 4 2 2 2 578 597 553 649
1702 4 2 2 2 321 320 591 608
1703 4 2 2 2 175 174 616 391
1704 4 2 2 2 535 352 154 153
1705 4 2 2 2 558 284 283 527
1706 4 2 2 2 531 86 601 611
1707 4 2 2 2 539 282 85 550
1708 4 2 2 2 311 310 557 615
1709 4 2 2 2 84 542 303 88
1710 4 2 2 2 104 335 102 631
1711 4 2 2 2 624 625 621 646
1712 4 2 2 2 133 638 361 649
1713 4 2 2 2 318 607 317 556
1714 4 2 2 2 115 546 163 509
1715 4 2 2 2 91 548 540 305
1716 4 2 2 2 597 598 575 664
1717 4 2 2 2 105 324 631 103
1718 4 2 2 2 87 292 83 542
1719 4 2 2 2 579 585 561 657
1720 4 2 2 2 322 612 627 101
1721 4 2 2 2 86 531 285 611
1722 4 2 2 2 251 130 70 480
1723 4 2 2 2 617 24 486 323
1724 4 2 2 2 190 530 481 611
1725 4 2 2 2 186 482 626 612
1726 4 2 2 2 559 560 551 641
1727 4 2 2 2 130 372 480 251
1728 4 2 2 2 73 256 479 377
1729 4 2 2 2 73 377 479 133
1730 4 2 2 2 316 590 623 315
1731 4 2 2 2 602 627 612 101
1732 4 2 2 2 468 121 120 643
1733 4 2 2 2 580 570 576 648
1734 4 2 2 2 382 472 123 653
1735 4 2 2 2 290 291 534 592
1736 4 2 2 2 292 303 541 656
1737 4 2 2 2 624 496 24 323
1738 4 2 2 2 83 292 481 656
1739 4 2 2 2 507 190 611 608
1740 4 2 2 2 506 186 607 612
1741 4 2 2 2 120 468 643 665
1742 4 2 2 2 563 567 565 654
1743 4 2 2 2 506 186 492 607
1744 4 2 2 2 190 507 493 608
1745 4 2 2 2 111 112 330 653
1746 4 2 2 2 354 518 122 659
1747 4 2 2 2 308 589 309 544
1748 4 2 2 2 619 22 547 166
1749 4 2 2 2 307 546 306 581
1750 4 2 2 2 539 152 351 536
1751 4 2 2 2 389 137 517 658
1752 4 2 2 2 353 347 348 661
1753 4 2 2 2 307 554 308 543
1754 4 2 2 2 83 84 542 524
1755 4 2 2 2 103 102 620 631
1756 4 2 2 2 513 97 644 664
1757 4 2 2 2 597 591 553 650
1758 4 2 2 2 173 615 517 172
1759 4 2 2 2 396 390 395 660
1760 4 2 2 2 319 553 320 609
1761 4 2 2 2 577 318 610 319
1762 4 2 2 2 498 521 393 657
1763 4 2 2 2 469 475 139 641
1764 4 2 2 2 126 361 489 649
1765 4 2 2 2 530 190 481 144
1766 4 2 2 2 482 186 626 180
1767 4 2 2 2 144 190 6 530
1768 4 2 2 2 186 180 30 626
1769 4 2 2 2 486 176 24 617
1770 4 2 2 2 122 15 162 548
1771 4 2 2 2 592 655 555 659
1772 4 2 2 2 488 397 511 652
1773 4 2 2 2 548 286 540 538
1774 4 2 2 2 304 547 618 619
1775 4 2 2 2 513 477 473 665
1776 4 2 2 2 124 356 382 653
1777 4 2 2 2 353 519 354 661
1778 4 2 2 2 547 618 99 304
1779 4 2 2 2 100 315 625 551
1780 4 2 2 2 390 389 520 660
1781 4 2 2 2 592 603 555 655
1782 4 2 2 2 573 556 590 651
1783 4 2 2 2 264 174 391 390
1784 4 2 2 2 302 513 473 665
1785 4 2 2 2 507 92 493 645
1786 4 2 2 2 567 563 585 654
1787 4 2 2 2 85 287 539 550
1788 4 2 2 2 568 567 570 648
1789 4 2 2 2 83 481 526 532
1790 4 2 2 2 534 156 155 518
1791 4 2 2 2 382 123 124 653
1792 4 2 2 2 598 566 600 663
1793 4 2 2 2 163 355 234 162
1794 4 2 2 2 301 302 473 665
1795 4 2 2 2 103 482 324 647
1796 4 2 2 2 118 94 95 662
1797 4 2 2 2 596 556 573 651
1798 4 2 2 2 469 138 496 646
1799 4 2 2 2 530 190 6 611
1800 4 2 2 2 626 30 186 612
1801 4 2 2 2 606 580 589 652
1802 4 2 2 2 165 543 501 164
1803 4 2 2 2 297 298 94 662
1804 4 2 2 2 128 472 367 662
1805 4 2 2 2 388 262 166 165
1806 4 2 2 2 84 303 483 88
1807 4 2 2 2 104 335 484 102
1808 4 2 2 2 490 188 189 609
1809 4 2 2 2 298 487 95 662
1810 4 2 2 2 618 99 604 547
1811 4 2 2 2 285 531 530 611
1812 4 2 2 2 626 322 612 627
1813 4 2 2 2 469 496 515 646
1814 4 2 2 2 93 96 649 650
1815 4 2 2 2 534 538 156 518
1816 4 2 2 2 348 347 500 661
1817 4 2 2 2 537 154 519 155
1818 4 2 2 2 539 152 485 351
1819 4 2 2 2 395 499 396 660
1820 4 2 2 2 285 530 6 611
1821 4 2 2 2 30 626 322 612
1822 4 2 2 2 190 481 507 611
1823 4 2 2 2 482 186 506 612
1824 4 2 2 2 613 173 520 174
1825 4 2 2 2 630 335 324 647
1826 4 2 2 2 396 511 140 658
1827 4 2 2 2 476 475 516 641
1828 4 2 2 2 126 129 361 649
1829 4 2 2 2 578 598 597 639
1830 4 2 2 2 286 548 15 538
1831 4 2 2 2 600 566 586 663
1832 4 2 2 2 86 321 601 611
1833 4 2 2 2 596 573 640 651
1834 4 2 2 2 282 528 529 643
1835 4 2 2 2 92 507 292 645
1836 4 2 2 2 470 98 93 650
1837 4 2 2 2 342 340 341 663
1838 4 2 2 2 508 187 188 610
1839 4 2 2 2 475 476 139 641
1840 4 2 2 2 598 639 566 663
1841 4 2 2 2 570 606 571 653
1842 4 2 2 2 606 554 571 653
1843 4 2 2 2 612 317 602 101
1844 4 2 2 2 630 108 114 651
1845 4 2 2 2 570 567 576 648
1846 4 2 2 2 389 396 658 660
1847 4 2 2 2 310 99 604 618
1848 4 2 2 2 546 163 509 164
1849 4 2 2 2 566 598 588 639
1850 4 2 2 2 133 361 130 649
1851 4 2 2 2 201 301 302 473
1852 4 2 2 2 86 601 283 531
1853 4 2 2 2 314 100 617 559
1854 4 2 2 2 624 323 625 646
1855 4 2 2 2 532 533 524 656
1856 4 2 2 2 85 529 284 574
1857 4 2 2 2 15 122 162 62
1858 4 2 2 2 76 166 22 137
1859 4 2 2 2 93 98 96 650
1860 4 2 2 2 231 154 353 352
1861 4 2 2 2 231 154 232 353
1862 4 2 2 2 264 174 265 391
1863 4 2 2 2 130 361 129 649
1864 4 2 2 2 122 15 156 62
1865 4 2 2 2 231 351 153 352
1866 4 2 2 2 392 265 175 391
1867 4 2 2 2 573 560 588 640
1868 4 2 2 2 200 201 473 301
1869 4 2 2 2 187 492 186 607
1870 4 2 2 2 493 189 190 608
1871 4 2 2 2 303 292 542 656
1872 4 2 2 2 367 261 497 382
1873 4 2 2 2 629 628 620 647
1874 4 2 2 2 153 230 152 351
1875 4 2 2 2 601 591 558 645
1876 4 2 2 2 93 126 489 649
1877 4 2 2 2 527 533 532 656
1878 4 2 2 2 266 175 176 392
1879 4 2 2 2 631 324 335 647
1880 4 2 2 2 101 602 627 316
1881 4 2 2 2 261 367 472 382
1882 4 2 2 2 127 128 367 662
1883 4 2 2 2 199 474 505 300
1884 4 2 2 2 578 596 588 640
1885 4 2 2 2 367 366 127 662
1886 4 2 2 2 106 335 484 104
1887 4 2 2 2 303 88 90 483
1888 4 2 2 2 309 604 99 547
1889 4 2 2 2 200 300 301 474
1890 4 2 2 2 122 62 355 162
1891 4 2 2 2 76 388 166 137
1892 4 2 2 2 246 261 497 367
1893 4 2 2 2 93 117 116 649
1894 4 2 2 2 97 303 47 477
1895 4 2 2 2 202 47 303 477
1896 4 2 2 2 91 605 540 291
1897 4 2 2 2 114 214 478 54
1898 4 2 2 2 214 335 114 478
1899 4 2 2 2 261 367 246 472
1900 4 2 2 2 210 499 503 331
1901 4 2 2 2 52 330 112 488
1902 4 2 2 2 487 298 95 45
1903 4 2 2 2 330 52 209 488
1904 4 2 2 2 45 298 197 487
1905 4 2 2 2 8 539 152 485
1906 4 2 2 2 588 598 578 639
1907 4 2 2 2 95 94 298 662
1908 4 2 2 2 485 8 539 282
1909 4 2 2 2 623 628 629 647
1910 4 2 2 2 484 106 104 35
1911 4 2 2 2 483 90 16 88
1912 4 2 2 2 331 330 209 499
1913 4 2 2 2 298 299 197 500
1914 4 2 2 2 389 517 137 263
1915 4 2 2 2 263 390 389 520
1916 4 2 2 2 232 233 354 519
1917 4 2 2 2 232 354 353 519
1918 4 2 2 2 263 264 390 520
1919 4 2 2 2 378 258 376 255
1920 4 2 2 2 115 234 163 355
1921 4 2 2 2 569 586 564 642
1922 4 2 2 2 333 213 334 516
1923 4 2 2 2 213 333 212 516
1924 4 2 2 2 502 199 505 300
1925 4 2 2 2 332 331 210 521
1926 4 2 2 2 211 210 521 332
1927 4 2 2 2 105 324 103 482
1928 4 2 2 2 87 292 481 83
1929 4 2 2 2 262 135 165 388
1930 4 2 2 2 154 231 153 352
1931 4 2 2 2 265 174 175 391
1932 4 2 2 2 210 209 499 331
1933 4 2 2 2 197 198 500 299
1934 4 2 2 2 474 199 200 300
1935 4 2 2 2 227 500 502 348
1936 4 2 2 2 212 211 498 333
1937 4 2 2 2 211 333 332 498
1938 4 2 2 2 503 210 331 521
1939 4 2 2 2 500 198 502 299
1940 4 2 2 2 265 392 175 266
1941 4 2 2 2 351 231 153 230
1942 4 2 2 2 299 199 502 300
1943 4 2 2 2 76 388 262 166
1944 4 2 2 2 355 62 234 162
1945 4 2 2 2 261 381 260 497
1946 4 2 2 2 246 368 497 247
1947 4 2 2 2 381 261 382 497
1948 4 2 2 2 367 246 368 497
1949 4 2 2 2 268 267 521 394
1950 4 2 2 2 573 588 596 640
1951 4 2 2 2 39 106 484 35
1952 4 2 2 2 20 483 90 16
1953 4 2 2 2 68 367 128 472
1954 4 2 2 2 394 267 521 393
1955 4 2 2 2 93 116 126 649
1956 4 2 2 2 139 267 476 78
1957 4 2 2 2 299 199 198 502
1958 4 2 2 2 586 569 594 642
1959 4 2 2 2 335 39 106 484
1960 4 2 2 2 483 20 90 202
1961 4 2 2 2 484 39 214 335
1962 4 2 2 2 202 303 90 483
1963 4 2 2 2 201 96 513 302
1964 4 2 2 2 201 46 513 96
1965 4 2 2 2 267 393 139 476
1966 4 2 2 2 486 77 392 138
1967 4 2 2 2 370 371 373 250
1968 4 2 2 2 378 379 376 258
1969 4 2 2 2 393 498 267 521
1970 4 2 2 2 258 378 257 255
1971 4 2 2 2 260 259 72 381
1972 4 2 2 2 369 247 248 71
1973 4 2 2 2 380 258 375 379
1974 4 2 2 2 248 370 253 249
1975 4 2 2 2 213 113 334 512
1976 4 2 2 2 113 213 53 512
1977 4 2 2 2 481 89 292 87
1978 4 2 2 2 107 324 105 482
1979 4 2 2 2 367 68 246 472
1980 4 2 2 2 499 395 270 269
1981 4 2 2 2 226 348 347 500
1982 4 2 2 2 395 499 270 396
1983 4 2 2 2 226 227 348 500
1984 4 2 2 2 489 361 240 494
1985 4 2 2 2 349 229 505 228
1986 4 2 2 2 269 268 503 395
1987 4 2 2 2 268 395 394 503
1988 4 2 2 2 228 227 502 349
1989 4 2 2 2 227 349 348 502
1990 4 2 2 2 349 229 350 505
1991 4 2 2 2 115 234 55 163
1992 4 2 2 2 468 473 477 665
1993 4 2 2 2 261 63 123 472
1994 4 2 2 2 382 261 123 472
1995 4 2 2 2 135 262 165 75
1996 4 2 2 2 226 59 510 119
1997 4 2 2 2 79 396 511 140
1998 4 2 2 2 226 347 119 510
1999 4 2 2 2 79 396 270 511
2000 4 2 2 2 474 301 473 665
2001 4 2 2 2 251 250 252 373
2002 4 2 2 2 256 255 378 377
2003 4 2 2 2 377 255 378 376
2004 4 2 2 2 267 476 498 393
2005 4 2 2 2 48 324 506 108
2006 4 2 2 2 41 191 92 507
2007 4 2 2 2 191 92 507 292
2008 4 2 2 2 203 48 324 506
2009 4 2 2 2 473 200 301 474
2010 4 2 2 2 28 35 484 104
2011 4 2 2 2 88 9 16 483
2012 4 2 2 2 62 354 518 122
2013 4 2 2 2 62 233 518 354
2014 4 2 2 2 263 137 76 517
2015 4 2 2 2 54 114 113 512
2016 4 2 2 2 144 481 530 526
2017 4 2 2 2 626 482 180 622
2018 4 2 2 2 75 135 501 165
2019 4 2 2 2 116 362 66 126
2020 4 2 2 2 125 239 65 136
2021 4 2 2 2 360 239 125 136
2022 4 2 2 2 241 116 362 66
2023 4 2 2 2 350 60 474 229
2024 4 2 2 2 65 136 239 82
2025 4 2 2 2 241 56 116 66
2026 4 2 2 2 230 61 485 121
2027 4 2 2 2 77 266 486 392
2028 4 2 2 2 121 485 230 351
2029 4 2 2 2 503 269 395 499
2030 4 2 2 2 55 163 509 115
2031 4 2 2 2 514 202 303 477
2032 4 2 2 2 253 370 374 373
2033 4 2 2 2 42 98 470 92
2034 4 2 2 2 258 376 255 375
2035 4 2 2 2 255 258 375 254
2036 4 2 2 2 519 155 233 354
2037 4 2 2 2 155 518 233 354
2038 4 2 2 2 471 49 108 109
2039 4 2 2 2 71 374 369 131
2040 4 2 2 2 255 257 256 378
2041 4 2 2 2 146 528 8 495
2042 4 2 2 2 517 389 173 263
2043 4 2 2 2 173 263 389 520
2044 4 2 2 2 504 72 132 381
2045 4 2 2 2 515 478 335 214
2046 4 2 2 2 96 47 513 97
2047 4 2 2 2 500 226 510 347
2048 4 2 2 2 270 499 511 396
2049 4 2 2 2 473 201 513 302
2050 4 2 2 2 498 212 333 476
2051 4 2 2 2 58 346 118 95
2052 4 2 2 2 397 80 141 112
2053 4 2 2 2 471 49 48 108
2054 4 2 2 2 53 54 113 512
2055 4 2 2 2 140 271 397 511
2056 4 2 2 2 119 225 510 346
2057 4 2 2 2 484 178 102 621
2058 4 2 2 2 84 525 146 483
2059 4 2 2 2 228 502 505 349
2060 4 2 2 2 483 202 303 514
2061 4 2 2 2 484 214 515 335
2062 4 2 2 2 258 379 376 375
2063 4 2 2 2 471 48 492 108
2064 4 2 2 2 481 89 19 292
2065 4 2 2 2 203 107 40 482
2066 4 2 2 2 19 191 481 292
2067 4 2 2 2 203 324 107 482
2068 4 2 2 2 470 41 42 92
2069 4 2 2 2 381 504 72 260
2070 4 2 2 2 350 229 474 505
2071 4 2 2 2 154 232 353 519
2072 4 2 2 2 390 174 520 264
2073 4 2 2 2 152 485 351 230
2074 4 2 2 2 46 47 513 96
2075 4 2 2 2 266 392 176 486
2076 4 2 2 2 481 89 87 13
2077 4 2 2 2 482 107 36 105
2078 4 2 2 2 92 470 41 493
2079 4 2 2 2 178 496 24 624
2080 4 2 2 2 140 271 511 79
2081 4 2 2 2 119 225 59 510
2082 4 2 2 2 511 488 271 397
2083 4 2 2 2 225 346 487 510
2084 4 2 2 2 521 268 394 503
2085 4 2 2 2 512 54 114 478
2086 4 2 2 2 41 493 507 92
2087 4 2 2 2 492 48 506 108
2088 4 2 2 2 467 472 68 128
2089 4 2 2 2 9 84 146 483
2090 4 2 2 2 28 484 178 102
2091 4 2 2 2 361 240 126 489
2092 4 2 2 2 47 477 513 97
2093 4 2 2 2 482 36 31 105
2094 4 2 2 2 13 5 87 481
2095 4 2 2 2 495 485 61 121
2096 4 2 2 2 77 138 486 496
2097 4 2 2 2 260 381 504 497
2098 4 2 2 2 247 497 504 368
2099 4 2 2 2 518 156 62 122
2100 4 2 2 2 213 334 516 512
2101 4 2 2 2 172 517 76 137
2102 4 2 2 2 482 107 40 36
2103 4 2 2 2 89 481 19 13
2104 4 2 2 2 516 333 212 476
2105 4 2 2 2 332 211 498 521
2106 4 2 2 2 298 197 487 500
2107 4 2 2 2 209 488 499 330
2108 4 2 2 2 102 28 484 104
2109 4 2 2 2 9 88 84 483
2110 4 2 2 2 65 240 361 494
2111 4 2 2 2 78 475 476 139
2112 4 2 2 2 68 467 128 509
2113 4 2 2 2 507 191 292 481
2114 4 2 2 2 324 203 506 482
2115 4 2 2 2 105 31 482 103
2116 4 2 2 2 5 83 87 481
2117 4 2 2 2 126 240 66 489
2118 4 2 2 2 103 180 482 622
2119 4 2 2 2 481 144 83 526
2120 4 2 2 2 377 256 479 378
2121 4 2 2 2 65 361 125 494
2122 4 2 2 2 63 123 472 467
2123 4 2 2 2 70 69 480 130
2124 4 2 2 2 134 73 479 133
2125 4 2 2 2 257 479 256 378
2126 4 2 2 2 77 469 138 496
2127 4 2 2 2 468 495 61 121
2128 4 2 2 2 180 482 31 103
2129 4 2 2 2 144 83 5 481
2130 4 2 2 2 69 480 130 129
2131 4 2 2 2 73 134 479 74
2132 4 2 2 2 475 78 469 139
2133 4 2 2 2 93 489 43 470
2134 4 2 2 2 135 467 75 501
2135 4 2 2 2 471 494 50 110
2136 4 2 2 2 72 131 504 132
2137 4 2 2 2 131 72 504 71
2138 4 2 2 2 126 43 489 66
2139 4 2 2 2 43 126 489 93
2140 4 2 2 2 494 65 50 125
2141 4 2 2 2 110 494 50 125
2142 4 2 2 2 109 50 471 49
2143 4 2 2 2 98 43 42 470
2144 4 2 2 2 78 138 469 139
2145 4 2 2 2 61 60 468 120
2146 4 2 2 2 138 78 469 77
2147 4 2 2 2 121 61 468 120
2148 4 2 2 2 50 109 471 110
2149 4 2 2 2 98 93 43 470
2150 4 2 2 2 65 136 50 125
2151 4 2 2 2 116 66 43 126
2152 4 2 2 2 126 43 116 93
2153 4 2 2 2 50 125 136 110
2154 4 2 2 2 136 65 50 82
2155 4 2 2 2 66 116 43 56
2156 4 2 2 2 55 127 68 67
2157 4 2 2 2 136 81 50 142
2158 4 2 2 2 57 116 43 117
2159 4 2 2 2 117 116 43 93
2160 4 2 2 2 136 50 110 142
2161 4 2 2 2 81 136 50 82
2162 4 2 2 2 116 57 43 56
2163 4 2 2 2 52 111 80 112
2164 4 2 2 2 94 45 58 95
2165 4 2 2 2 111 80 112 141
2166 4 2 2 2 94 95 58 118
2167 4 2 2 2 111 52 80 51
2168 4 2 2 2 45 94 58 44
2169 4 2 2 2 337 245 366 215
2170 4 2 2 2 325 81 272 142
2171 4 2 2 2 341 57 220 192
2172 4 2 2 2 364 365 338 243
2173 4 2 2 2 245 365 337 366
2174 4 2 2 2 237 385 358 236
2175 4 2 2 2 375 379 376 564
2176 4 2 2 2 221 295 194 343
2177 4 2 2 2 337 245 215 216
2178 4 2 2 2 326 399 206 327
2179 4 2 2 2 221 341 220 193
2180 4 2 2 2 193 341 192 294
2181 4 2 2 2 341 192 294 293
2182 4 2 2 2 402 208 111 276
2183 4 2 2 2 294 295 193 342
2184 4 2 2 2 375 376 374 564
2185 4 2 2 2 357 356 235 384
2186 4 2 2 2 363 243 364 339
2187 4 2 2 2 221 295 193 194
2188 4 2 2 2 117 43 293 93
2189 4 2 2 2 67 245 215 127
2190 4 2 2 2 81 325 272 204
2191 4 2 2 2 326 327 333 562
2192 4 2 2 2 110 50 325 142
2193 4 2 2 2 280 358 386 359
2194 4 2 2 2 359 280 387 386
2195 4 2 2 2 399 206 327 400
2196 4 2 2 2 236 385 358 357
2197 4 2 2 2 326 272 325 204
2198 4 2 2 2 326 272 399 398
2199 4 2 2 2 104 107 631 105
2200 4 2 2 2 359 563 386 562
2201 4 2 2 2 338 244 217 243
2202 4 2 2 2 218 217 243 339
2203 4 2 2 2 196 296 297 344
2204 4 2 2 2 215 366 336 127
2205 4 2 2 2 64 383 235 124
2206 4 2 2 2 224 94 196 44
2207 4 2 2 2 55 215 127 67
2208 4 2 2 2 385 236 384 357
2209 4 2 2 2 235 278 383 277
2210 4 2 2 2 359 358 386 563
2211 4 2 2 2 325 81 142 50
2212 4 2 2 2 237 385 280 358
2213 4 2 2 2 338 244 243 365
2214 4 2 2 2 365 364 565 369
2215 4 2 2 2 327 206 328 400
2216 4 2 2 2 387 238 281 280
2217 4 2 2 2 385 280 358 386
2218 4 2 2 2 326 327 562 399
2219 4 2 2 2 384 236 235 357
2220 4 2 2 2 208 402 329 401
2221 4 2 2 2 385 237 280 279
2222 4 2 2 2 279 384 236 278
2223 4 2 2 2 296 572 299 297
2224 4 2 2 2 326 272 398 325
2225 4 2 2 2 235 384 383 278
2226 4 2 2 2 384 235 383 356
2227 4 2 2 2 64 383 277 235
2228 4 2 2 2 356 124 235 383
2229 4 2 2 2 296 572 297 344
2230 4 2 2 2 111 80 276 51
2231 4 2 2 2 276 402 141 111
2232 4 2 2 2 111 208 51 276
2233 4 2 2 2 80 111 276 141
2234 4 2 2 2 401 276 275 208
2235 4 2 2 2 215 366 127 245
2236 4 2 2 2 568 504 497 368
2237 4 2 2 2 118 224 58 94
2238 4 2 2 2 115 55 336 127
2239 4 2 2 2 338 337 587 344
2240 4 2 2 2 366 337 215 336
2241 4 2 2 2 221 295 343 342
2242 4 2 2 2 364 365 565 338
2243 4 2 2 2 338 243 339 364
2244 4 2 2 2 217 339 338 243
2245 4 2 2 2 568 565 504 368
2246 4 2 2 2 131 504 565 368
2247 4 2 2 2 572 296 299 587
2248 4 2 2 2 337 338 587 365
2249 4 2 2 2 296 572 344 587
2250 4 2 2 2 296 343 194 295
2251 4 2 2 2 384 236 278 235
2252 4 2 2 2 325 81 50 204
2253 4 2 2 2 55 336 127 215
2254 4 2 2 2 224 118 345 94
2255 4 2 2 2 238 237 280 359
2256 4 2 2 2 221 222 343 194
2257 4 2 2 2 341 193 192 220
2258 4 2 2 2 365 366 568 337
2259 4 2 2 2 193 342 221 341
2260 4 2 2 2 280 359 387 238
2261 4 2 2 2 224 344 223 196
2262 4 2 2 2 44 58 224 94
2263 4 2 2 2 208 402 111 329
2264 4 2 2 2 272 326 205 204
2265 4 2 2 2 89 88 542 87
2266 4 2 2 2 193 342 341 294
2267 4 2 2 2 328 208 329 401
2268 4 2 2 2 295 221 193 342
2269 4 2 2 2 142 272 325 398
2270 4 2 2 2 237 385 236 279
2271 4 2 2 2 206 400 273 274
2272 4 2 2 2 208 402 401 276
2273 4 2 2 2 280 358 359 237
2274 4 2 2 2 383 75 64 277
2275 4 2 2 2 236 385 384 279
2276 4 2 2 2 343 344 587 296
2277 4 2 2 2 399 206 400 273
2278 4 2 2 2 363 340 219 339
2279 4 2 2 2 216 338 244 217
2280 4 2 2 2 325 398 326 640
2281 4 2 2 2 113 325 334 640
2282 4 2 2 2 359 387 360 640
2283 4 2 2 2 142 398 325 640
2284 4 2 2 2 326 334 325 640
2285 4 2 2 2 387 359 386 640
2286 4 2 2 2 386 359 562 640
2287 4 2 2 2 110 142 325 640
2288 4 2 2 2 386 562 399 640
2289 4 2 2 2 386 399 387 640
2290 4 2 2 2 110 325 113 640
2291 4 2 2 2 399 562 326 640
2292 4 2 2 2 399 326 398 640
2293 4 2 2 2 333 516 334 641
2294 4 2 2 2 339 364 363 642
2295 4 2 2 2 364 339 338 642
2296 4 2 2 2 295 342 294 642
2297 4 2 2 2 295 343 342 642
2298 4 2 2 2 295 294 301 642
2299 4 2 2 2 295 300 296 642
2300 4 2 2 2 300 505 502 642
2301 4 2 2 2 502 505 593 642
2302 4 2 2 2 296 343 295 642
2303 4 2 2 2 296 587 343 642
2304 4 2 2 2 568 497 504 648
2305 4 2 2 2 384 356 383 648
2306 4 2 2 2 329 401 402 648
2307 4 2 2 2 328 401 329 648
2308 4 2 2 2 356 384 357 648
2309 4 2 2 2 93 96 293 649
2310 4 2 2 2 293 117 93 649
2311 4 2 2 2 117 293 341 649
2312 4 2 2 2 116 340 362 649
2313 4 2 2 2 340 639 362 649
2314 4 2 2 2 362 129 126 649
2315 4 2 2 2 371 480 129 649
2316 4 2 2 2 124 383 356 653
2317 4 2 2 2 383 124 135 653
2318 4 2 2 2 383 135 141 653
2319 4 2 2 2 141 111 402 653
2320 4 2 2 2 329 402 111 653
2321 4 2 2 2 327 400 328 654
2322 4 2 2 2 400 401 328 654
2323 4 2 2 2 327 563 400 654
2324 4 2 2 2 357 385 358 654
2325 4 2 2 2 385 357 384 654
2326 4 2 2 2 504 131 565 654
2327 4 2 2 2 345 94 118 662
2328 4 2 2 2 297 94 345 662
2329 4 2 2 2 346 118 95 662
2330 4 2 2 2 344 572 297 662
2331 4 2 2 2 344 297 345 662
2332 4 2 2 2 115 336 118 662
2333 4 2 2 2 337 345 336 662
2334 4 2 2 2 115 127 336 662
2335 4 2 2 2 345 337 344 662
2336 4 2 2 2 344 337 572 662
2337 4 2 2 2 336 366 337 662
2338 4 2 2 2 366 336 127 662
2339 4 2 2 2 341 294 342 663
2340 4 2 2 2 293 294 341 663
2341 4 2 2 2 339 363 340 663
2342 4 2 2 2 293 302 294 663
2343 4 2 2 2 96 302 293 664
2344 4 2 2 2 296 299 642 300
2345 4 2 2 2 296 642 299 587
2346 4 2 2 2 400 385 563 386
2347 4 2 2 2 400 563 385 654
2348 4 2 2 2 358 563 385 386
2349 4 2 2 2 358 385 563 654
2350 4 2 2 2 502 642 299 300
2351 4 2 2 2 355 662 655 555
2352 4 2 2 2 655 662 355 346
2353 4 2 2 2 564 376 663 566
2354 4 2 2 2 400 386 562 399
2355 4 2 2 2 562 386 400 563
2356 4 2 2 2 562 327 400 399
2357 4 2 2 2 400 327 562 563
2358 4 2 2 2 564 563 379 562
2359 4 2 2 2 131 565 374 369
2360 4 2 2 2 380 637 381 654
2361 4 2 2 2 131 375 637 132
2362 4 2 2 2 564 375 565 374
2363 4 2 2 2 131 565 375 374
2364 4 2 2 2 365 565 568 368
2365 4 2 2 2 365 568 565 587
2366 4 2 2 2 661 502 552 599
2367 4 2 2 2 661 552 502 348
2368 4 2 2 2 355 115 662 545
2369 4 2 2 2 662 115 355 118
2370 4 2 2 2 372 377 663 373
2371 4 2 2 2 372 663 377 639
2372 4 2 2 2 376 663 377 373
2373 4 2 2 2 376 377 663 639
2374 4 2 2 2 649 372 371 480
2375 4 2 2 2 649 371 372 639
2376 4 2 2 2 617 393 646 138
2377 4 2 2 2 617 646 393 641
2378 4 2 2 2 662 509 546 115
2379 4 2 2 2 662 546 509 581
2380 4 2 2 2 654 563 332 327
2381 4 2 2 2 654 332 563 657
2382 4 2 2 2 661 353 552 348
2383 4 2 2 2 661 552 353 535
2384 4 2 2 2 352 552 353 348
2385 4 2 2 2 352 353 552 535
2386 4 2 2 2 581 509 554 546
2387 4 2 2 2 581 554 509 467
2388 4 2 2 2 543 554 509 546
2389 4 2 2 2 543 509 554 467
2390 4 2 2 2 390 660 549 395
2391 4 2 2 2 549 660 390 616
2392 4 2 2 2 549 391 390 395
2393 4 2 2 2 390 391 549 616
2394 4 2 2 2 333 562 640 326
2395 4 2 2 2 640 562 333 641
2396 4 2 2 2 640 334 333 326
2397 4 2 2 2 333 334 640 641
2398 4 2 2 2 647 625 621 629
2399 4 2 2 2 647 621 625 646
2400 4 2 2 2 492 577 607 610
2401 4 2 2 2 137 658 388 544
2402 4 2 2 2 388 658 137 140
2403 4 2 2 2 121 351 550 539
2404 4 2 2 2 121 550 351 350
2405 4 2 2 2 583 550 351 539
2406 4 2 2 2 583 351 550 350
2407 4 2 2 2 562 640 639 588
2408 4 2 2 2 651 607 577 556
2409 4 2 2 2 651 577 607 492
2410 4 2 2 2 643 483 528 525
2411 4 2 2 2 643 528 483 514
2412 4 2 2 2 548 162 355 545
2413 4 2 2 2 355 162 548 122
2414 4 2 2 2 352 552 583 536
2415 4 2 2 2 583 552 352 349
2416 4 2 2 2 583 351 352 536
2417 4 2 2 2 352 351 583 349
2418 4 2 2 2 656 529 525 643
2419 4 2 2 2 656 525 529 533
2420 4 2 2 2 640 377 562 639
2421 4 2 2 2 640 562 377 378
2422 4 2 2 2 376 562 377 639
2423 4 2 2 2 376 377 562 378
2424 4 2 2 2 625 647 315 629
2425 4 2 2 2 315 647 625 551
2426 4 2 2 2 647 515 478 335
2427 4 2 2 2 647 478 515 646
2428 4 2 2 2 647 102 629 484
2429 4 2 2 2 647 629 102 620
2430 4 2 2 2 647 315 623 590
2431 4 2 2 2 647 623 315 629
2432 4 2 2 2 651 602 590 647
2433 4 2 2 2 651 590 602 556
2434 4 2 2 2 544 604 658 589
2435 4 2 2 2 544 658 604 547
2436 4 2 2 2 646 484 624 515
2437 4 2 2 2 646 624 484 621
2438 4 2 2 2 548 555 305 545
2439 4 2 2 2 305 555 548 605
2440 4 2 2 2 656 83 532 481
2441 4 2 2 2 656 532 83 524
2442 4 2 2 2 116 362 219 241
2443 4 2 2 2 116 219 362 340
2444 4 2 2 2 363 219 362 241
2445 4 2 2 2 363 362 219 340
2446 4 2 2 2 564 663 586 566
2447 4 2 2 2 586 663 564 642
2448 4 2 2 2 622 647 103 628
2449 4 2 2 2 103 647 622 482
2450 4 2 2 2 664 645 97 644
2451 4 2 2 2 664 97 645 650
2452 4 2 2 2 663 664 649 293
2453 4 2 2 2 649 664 663 639
2454 4 2 2 2 649 341 663 293
2455 4 2 2 2 663 341 649 639
2456 4 2 2 2 665 301 642 474
2457 4 2 2 2 137 22 172 619
2458 4 2 2 2 137 172 22 76
2459 4 2 2 2 469 138 641 139
2460 4 2 2 2 469 641 138 646
2461 4 2 2 2 393 641 138 139
2462 4 2 2 2 393 138 641 646
2463 4 2 2 2 253 252 370 373
2464 4 2 2 2 253 370 252 249
2465 4 2 2 2 250 370 252 373
2466 4 2 2 2 250 252 370 249
2467 4 2 2 2 504 131 247 368
2468 4 2 2 2 504 247 131 71
2469 4 2 2 2 369 247 131 368
2470 4 2 2 2 369 131 247 71
2471 4 2 2 2 71 374 248 369
2472 4 2 2 2 71 248 374 253
2473 4 2 2 2 370 248 374 369
2474 4 2 2 2 370 374 248 253
2475 4 2 2 2 254 258 380 259
2476 4 2 2 2 380 258 254 375
2477 4 2 2 2 487 346 45 95
2478 4 2 2 2 487 45 346 225
2479 4 2 2 2 58 45 346 95
2480 4 2 2 2 58 346 45 225
2481 4 2 2 2 488 397 52 271
2482 4 2 2 2 488 52 397 112
2483 4 2 2 2 80 52 397 271
2484 4 2 2 2 80 397 52 112
2485 4 2 2 2 480 372 250 251
2486 4 2 2 2 480 250 372 371
2487 4 2 2 2 373 250 372 251
2488 4 2 2 2 373 372 250 371
2489 4 2 2 2 509 128 55 115
2490 4 2 2 2 509 55 128 68
2491 4 2 2 2 127 55 128 115
2492 4 2 2 2 127 128 55 68
2493 4 2 2 2 467 123 75 63
2494 4 2 2 2 467 75 123 135
2495 4 2 2 2 64 75 123 63
2496 4 2 2 2 123 124 75 64
2497 4 2 2 2 123 75 124 135
2498 4 2 2 2 383 75 124 64
2499 4 2 2 2 383 124 75 135
2500 4 2 2 2 94 345 196 297
2501 4 2 2 2 94 196 345 224
2502 4 2 2 2 344 196 345 297
2503 4 2 2 2 344 345 196 224
2504 4 2 2 2 208 328 275 401
2505 4 2 2 2 208 275 328 207
2506 4 2 2 2 400 275 328 401
2507 4 2 2 2 219 339 242 363
2508 4 2 2 2 219 242 339 218
2509 4 2 2 2 243 242 339 363
2510 4 2 2 2 243 339 242 218
2511 4 2 2 2 341 293 57 192
2512 4 2 2 2 341 57 293 117
2513 4 2 2 2 43 57 293 192
2514 4 2 2 2 43 293 57 117
2515 4 2 2 2 272 326 273 205
2516 4 2 2 2 272 273 326 399
2517 4 2 2 2 206 273 326 205
2518 4 2 2 2 206 326 273 399
2519 4 2 2 2 194 222 296 195
2520 4 2 2 2 194 296 222 343
2521 4 2 2 2 344 222 296 343
2522 4 2 2 2 206 328 274 207
2523 4 2 2 2 206 274 328 400
2524 4 2 2 2 275 274 328 207
2525 4 2 2 2 275 328 274 400
2526 4 2 2 2 338 216 365 337
2527 4 2 2 2 338 365 216 244
2528 4 2 2 2 245 365 216 337
2529 4 2 2 2 245 216 365 244
2530 4 2 2 2 196 223 296 344
2531 4 2 2 2 196 296 223 195
2532 4 2 2 2 222 296 223 344
2533 4 2 2 2 222 223 296 195
2534 4 2 2 2 562 327 561 563
2535 4 2 2 2 562 561 327 333
2536 4 2 2 2 657 561 332 563
2537 4 2 2 2 657 332 561 333
2538 4 2 2 2 561 327 332 563
2539 4 2 2 2 561 332 327 333
2540 4 2 2 2 380 563 637 654
2541 4 2 2 2 563 564 637 654
2542 4 2 2 2 564 637 565 375
2543 4 2 2 2 564 565 637 654
2544 4 2 2 2 565 637 131 375
2545 4 2 2 2 565 131 637 654
2546 4 2 2 2 301 302 663 294
2547 4 2 2 2 663 302 301 665
2548 4 2 2 2 663 642 301 294
2549 4 2 2 2 301 642 663 665
2550 4 2 2 2 508 638 577 610
2551 4 2 2 2 577 638 508 471
2552 4 2 2 2 577 492 508 610
2553 4 2 2 2 508 492 577 471
2554 4 2 2 2 381 132 259 72
2555 4 2 2 2 254 259 132 72
2556 4 2 2 2 658 580 589 557
2557 4 2 2 2 658 589 580 652
2558 4 2 2 2 502 587 642 593
2559 4 2 2 2 642 587 502 299
2560 4 2 2 2 131 132 654 504
2561 4 2 2 2 131 654 132 637
2562 4 2 2 2 381 654 132 504
2563 4 2 2 2 381 132 654 637
2564 4 2 2 2 659 548 355 545
2565 4 2 2 2 659 655 355 119
2566 4 2 2 2 355 655 659 545
2567 4 2 2 2 122 355 659 548
2568 4 2 2 2 122 659 355 119
2569 4 2 2 2 113 512 651 640
2570 4 2 2 2 651 512 113 114
2571 4 2 2 2 651 109 113 640
2572 4 2 2 2 113 109 651 114
2573 4 2 2 2 119 354 655 347
2574 4 2 2 2 119 655 354 659
2575 4 2 2 2 661 655 354 347
2576 4 2 2 2 661 354 655 659
2577 4 2 2 2 132 254 380 259
2578 4 2 2 2 132 381 380 637
2579 4 2 2 2 380 381 132 259
2580 4 2 2 2 375 380 132 254
2581 4 2 2 2 375 132 380 637
2582 4 2 2 2 120 350 474 665
2583 4 2 2 2 120 474 350 60
2584 4 2 2 2 473 120 474 665
2585 4 2 2 2 473 474 120 60
2586 4 2 2 2 468 120 473 665
2587 4 2 2 2 468 473 120 60
2588 4 2 2 2 374 373 663 376
2589 4 2 2 2 663 373 374 642
2590 4 2 2 2 663 564 374 376
2591 4 2 2 2 374 564 663 642
2592 4 2 2 2 637 380 379 563
2593 4 2 2 2 379 380 637 375
2594 4 2 2 2 379 564 637 563
2595 4 2 2 2 637 564 379 375
$EndElements
