OpenParEM3D 2.1.0 Copyright (C) 2025 Brian Young

This program comes with ABSOLUTELY NO WARRANTY.  This is free software,
and you are welcome to distribute it under certain conditions. To see
the full license, set
  output.show.license true
in the setup file.

Setting up ...
   loading project file "dipole_sweep.proj"
      Warning: Value at line 8 is large.
   loading materials file "/home/briany/OpenParEM/regression/OpenParEM2D/global_materials.txt"
   loading materials file "/home/briany/OpenParEM/regression/OpenParEM3D/antenna/dipole_study/local_materials.txt"
   loading mesh file "dipole_sweep.msh"
      using gmsh mesh format
   loading port definition file "dipole_sweep_ports.txt"
*******************************************************************************************************************************************************
 Frequency: 12000000000
*******************************************************************************************************************************************************
   Refining mesh starting with the initial mesh.
   Iteration 1 ...
      mesh worst element aspect ratio: 89.3008 > target: 5
      mesh size: 7838
      mesh edge length/wavelength in element: shortest=0.000200198 longest=0.555048
      solving 2D ports ...
         Port "port1" ...
         | OpenParEM2D 2.1.0 Copyright (C) 2025 Brian Young
         | 
         | This program comes with ABSOLUTELY NO WARRANTY.  This is free software,
         | and you are welcome to distribute it under certain conditions. To see
         | the full license, set
         |   output.show.license true
         | in the setup file.
         | 
         | Setting up ...
         |    loading project file "Sport1.proj"
         |    loading materials file "/home/briany/OpenParEM/regression/OpenParEM2D/global_materials.txt"
         |    loading materials file "/home/briany/OpenParEM/regression/OpenParEM3D/antenna/dipole_study/local_materials.txt"
         |    loading mode definition file "Sport1_lines.txt"
         | Loading mesh and assigning materials ...
         |       using MFEM mesh format
         | Frequency: 1.2e+10
         |    Using existing mesh ...
         |       mesh size: 32
         |       mesh worst element aspect ratio: 24.4002 > target: 5
         |       Using finite element order ramping ...
         |       Solving with order 1 ...
         |          matrix size: 77
         |          solving the eigenvalue problem ...
         |             number of iterations: 32
         |          post processing ...
         |       Solving with order 2 ...
         |          matrix size: 251
         |          solving the eigenvalue problem ...
         |             using initial guess for the dominant eigenvalue
         |             number of iterations: 1
         |          post processing ...
         |       Solving with order 3 ...
         |          matrix size: 521
         |          solving the eigenvalue problem ...
         |             using initial guess for the dominant eigenvalue
         |             number of iterations: 1
         |          post processing ...
         |          null space eigenvalue count: 3
         |          solve elapsed time: 0.445185 s
         |       Results:
         |          -------------------------------------------------------------------------------------------------------------------------
         |           mode     frequency           er,eff       alpha,dB/m  beta/1000,rad/m          beta/ko         Zo(real)         Zo(imag)
         |          -------------------------------------------------------------------------------------------------------------------------
         |           1          1.2e+10        1.0184476    3.0698748e-13       0.25381061        1.0091817        72.660205    3.5090445e-14
         |          -------------------------------------------------------------------------------------------------------------------------
         |       Finished
         |       cummulative elapsed time: 0.920339 s
         | Job Complete
         | Elapsed time: 0.920456 s
      building finite element spaces ...
      Driving S-port 1 ...
         solving E field in 3D volume ...
            using Cholesky preconditioner ...
               Converged: RTOL
         solving H field in 3D volume ...
            using Cholesky preconditioner ...
               Converged: RTOL
         post-processing ...
         calculating mesh errors ...
         radiation boundary currents ...
         radiation patterns ...
         refining mesh ...
            INFO: Skipping Touchstone file output for non-renormalized data.
   Iteration 2 ...
      mesh worst element aspect ratio: 89.3008 > target: 5
      mesh size: 9669
      mesh edge length/wavelength in element: shortest=0.000200198 longest=0.433741
      solving 2D ports ...
         Port "port1" ...
         | OpenParEM2D 2.1.0 Copyright (C) 2025 Brian Young
         | 
         | This program comes with ABSOLUTELY NO WARRANTY.  This is free software,
         | and you are welcome to distribute it under certain conditions. To see
         | the full license, set
         |   output.show.license true
         | in the setup file.
         | 
         | Setting up ...
         |    loading project file "Sport1.proj"
         |    loading materials file "/home/briany/OpenParEM/regression/OpenParEM2D/global_materials.txt"
         |    loading materials file "/home/briany/OpenParEM/regression/OpenParEM3D/antenna/dipole_study/local_materials.txt"
         |    loading mode definition file "Sport1_lines.txt"
         | Loading mesh and assigning materials ...
         |       using MFEM mesh format
         | Frequency: 1.2e+10
         |    Using existing mesh ...
         |       mesh size: 32
         |       mesh worst element aspect ratio: 24.4002 > target: 5
         |       Using finite element order ramping ...
         |       Solving with order 1 ...
         |          matrix size: 77
         |          solving the eigenvalue problem ...
         |             using initial guess for the dominant eigenvalue
         |             number of iterations: 1
         |          post processing ...
         |       Solving with order 2 ...
         |          matrix size: 251
         |          solving the eigenvalue problem ...
         |             using initial guess for the dominant eigenvalue
         |             number of iterations: 1
         |          post processing ...
         |       Solving with order 3 ...
         |          matrix size: 521
         |          solving the eigenvalue problem ...
         |             using initial guess for the dominant eigenvalue
         |             number of iterations: 1
         |          post processing ...
         |          null space eigenvalue count: 3
         |          solve elapsed time: 0.233228 s
         |       Results:
         |          -------------------------------------------------------------------------------------------------------------------------
         |           mode     frequency           er,eff       alpha,dB/m  beta/1000,rad/m          beta/ko         Zo(real)         Zo(imag)
         |          -------------------------------------------------------------------------------------------------------------------------
         |           1          1.2e+10        1.0184476    3.0920508e-13       0.25381061        1.0091817        72.660205    1.2958739e-14
         |          -------------------------------------------------------------------------------------------------------------------------
         |       Finished
         |       cummulative elapsed time: 0.696036 s
         | Job Complete
         | Elapsed time: 0.696153 s
      building finite element spaces ...
      Driving S-port 1 ...
         solving E field in 3D volume ...
            using Cholesky preconditioner ...
               Converged: RTOL
         solving H field in 3D volume ...
            using Cholesky preconditioner ...
               Converged: RTOL
         post-processing ...
         calculating mesh errors ...
         radiation boundary currents ...
         radiation patterns ...
            INFO: Skipping Touchstone file output for non-renormalized data.
*******************************************************************************************************************************************************
 Frequency: 8000000000
*******************************************************************************************************************************************************
   Using existing mesh ...
      mesh worst element aspect ratio: 89.3008 > target: 5
      mesh size: 9669
      mesh edge length/wavelength in element: shortest=0.000133466 longest=0.289161
      solving 2D ports ...
         Port "port1" ...
         | OpenParEM2D 2.1.0 Copyright (C) 2025 Brian Young
         | 
         | This program comes with ABSOLUTELY NO WARRANTY.  This is free software,
         | and you are welcome to distribute it under certain conditions. To see
         | the full license, set
         |   output.show.license true
         | in the setup file.
         | 
         | Setting up ...
         |    loading project file "Sport1.proj"
         |    loading materials file "/home/briany/OpenParEM/regression/OpenParEM2D/global_materials.txt"
         |    loading materials file "/home/briany/OpenParEM/regression/OpenParEM3D/antenna/dipole_study/local_materials.txt"
         |    loading mode definition file "Sport1_lines.txt"
         | Loading mesh and assigning materials ...
         |       using MFEM mesh format
         | Frequency: 8e+09
         |    Using existing mesh ...
         |       mesh size: 32
         |       mesh worst element aspect ratio: 24.4002 > target: 5
         |       Using finite element order ramping ...
         |       Solving with order 1 ...
         |          matrix size: 77
         |          solving the eigenvalue problem ...
         |             using initial guess for the dominant eigenvalue
         |             number of iterations: 1
         |          post processing ...
         |          null space eigenvalue count: 3
         |       Solving with order 2 ...
         |          matrix size: 251
         |          solving the eigenvalue problem ...
         |             using initial guess for the dominant eigenvalue
         |             number of iterations: 1
         |          post processing ...
         |          null space eigenvalue count: 3
         |       Solving with order 3 ...
         |          matrix size: 521
         |          solving the eigenvalue problem ...
         |             using initial guess for the dominant eigenvalue
         |             number of iterations: 1
         |          post processing ...
         |          null space eigenvalue count: 3
         |          solve elapsed time: 0.233643 s
         |       Results:
         |          -------------------------------------------------------------------------------------------------------------------------
         |           mode     frequency           er,eff       alpha,dB/m  beta/1000,rad/m          beta/ko         Zo(real)         Zo(imag)
         |          -------------------------------------------------------------------------------------------------------------------------
         |           1            8e+09        1.0184476   -2.0004579e-14       0.16920707        1.0091816        72.659656   -6.2946087e-16
         |          -------------------------------------------------------------------------------------------------------------------------
         |       Finished
         |       cummulative elapsed time: 0.736457 s
         | Job Complete
         | Elapsed time: 0.736566 s
      building finite element spaces ...
      Driving S-port 1 ...
         solving E field in 3D volume ...
            using Cholesky preconditioner ...
               Converged: RTOL
         solving H field in 3D volume ...
            using Cholesky preconditioner ...
               Converged: RTOL
         post-processing ...
         radiation boundary currents ...
         radiation patterns ...
            INFO: Skipping Touchstone file output for non-renormalized data.
*******************************************************************************************************************************************************
 Frequency: 8250000000
*******************************************************************************************************************************************************
   Using existing mesh ...
      mesh worst element aspect ratio: 89.3008 > target: 5
      mesh size: 9669
      mesh edge length/wavelength in element: shortest=0.000137636 longest=0.298197
      solving 2D ports ...
         Port "port1" ...
         | OpenParEM2D 2.1.0 Copyright (C) 2025 Brian Young
         | 
         | This program comes with ABSOLUTELY NO WARRANTY.  This is free software,
         | and you are welcome to distribute it under certain conditions. To see
         | the full license, set
         |   output.show.license true
         | in the setup file.
         | 
         | Setting up ...
         |    loading project file "Sport1.proj"
         |    loading materials file "/home/briany/OpenParEM/regression/OpenParEM2D/global_materials.txt"
         |    loading materials file "/home/briany/OpenParEM/regression/OpenParEM3D/antenna/dipole_study/local_materials.txt"
         |    loading mode definition file "Sport1_lines.txt"
         | Loading mesh and assigning materials ...
         |       using MFEM mesh format
         | Frequency: 8.25e+09
         |    Using existing mesh ...
         |       mesh size: 32
         |       mesh worst element aspect ratio: 24.4002 > target: 5
         |       Using finite element order ramping ...
         |       Solving with order 1 ...
         |          matrix size: 77
         |          solving the eigenvalue problem ...
         |             using initial guess for the dominant eigenvalue
         |             number of iterations: 1
         |          post processing ...
         |          null space eigenvalue count: 3
         |       Solving with order 2 ...
         |          matrix size: 251
         |          solving the eigenvalue problem ...
         |             using initial guess for the dominant eigenvalue
         |             number of iterations: 1
         |          post processing ...
         |          null space eigenvalue count: 3
         |       Solving with order 3 ...
         |          matrix size: 521
         |          solving the eigenvalue problem ...
         |             using initial guess for the dominant eigenvalue
         |             number of iterations: 1
         |          post processing ...
         |          null space eigenvalue count: 3
         |          solve elapsed time: 0.23117 s
         |       Results:
         |          -------------------------------------------------------------------------------------------------------------------------
         |           mode     frequency           er,eff       alpha,dB/m  beta/1000,rad/m          beta/ko         Zo(real)         Zo(imag)
         |          -------------------------------------------------------------------------------------------------------------------------
         |           1         8.25e+09        1.0184476    3.6748828e-13       0.17449479        1.0091816        72.659684   -2.7678687e-15
         |          -------------------------------------------------------------------------------------------------------------------------
         |       Finished
         |       cummulative elapsed time: 0.716157 s
         | Job Complete
         | Elapsed time: 0.716266 s
      building finite element spaces ...
      Driving S-port 1 ...
         solving E field in 3D volume ...
            using Cholesky preconditioner ...
               Converged: RTOL
         solving H field in 3D volume ...
            using Cholesky preconditioner ...
               Converged: RTOL
         post-processing ...
         radiation boundary currents ...
         radiation patterns ...
            INFO: Skipping Touchstone file output for non-renormalized data.
*******************************************************************************************************************************************************
 Frequency: 8500000000
*******************************************************************************************************************************************************
   Using existing mesh ...
      mesh worst element aspect ratio: 89.3008 > target: 5
      mesh size: 9669
      mesh edge length/wavelength in element: shortest=0.000141807 longest=0.307233
      solving 2D ports ...
         Port "port1" ...
         | OpenParEM2D 2.1.0 Copyright (C) 2025 Brian Young
         | 
         | This program comes with ABSOLUTELY NO WARRANTY.  This is free software,
         | and you are welcome to distribute it under certain conditions. To see
         | the full license, set
         |   output.show.license true
         | in the setup file.
         | 
         | Setting up ...
         |    loading project file "Sport1.proj"
         |    loading materials file "/home/briany/OpenParEM/regression/OpenParEM2D/global_materials.txt"
         |    loading materials file "/home/briany/OpenParEM/regression/OpenParEM3D/antenna/dipole_study/local_materials.txt"
         |    loading mode definition file "Sport1_lines.txt"
         | Loading mesh and assigning materials ...
         |       using MFEM mesh format
         | Frequency: 8.5e+09
         |    Using existing mesh ...
         |       mesh size: 32
         |       mesh worst element aspect ratio: 24.4002 > target: 5
         |       Using finite element order ramping ...
         |       Solving with order 1 ...
         |          matrix size: 77
         |          solving the eigenvalue problem ...
         |             using initial guess for the dominant eigenvalue
         |             number of iterations: 1
         |          post processing ...
         |          null space eigenvalue count: 3
         |       Solving with order 2 ...
         |          matrix size: 251
         |          solving the eigenvalue problem ...
         |             using initial guess for the dominant eigenvalue
         |             number of iterations: 1
         |          post processing ...
         |          null space eigenvalue count: 3
         |       Solving with order 3 ...
         |          matrix size: 521
         |          solving the eigenvalue problem ...
         |             using initial guess for the dominant eigenvalue
         |             number of iterations: 1
         |          post processing ...
         |          null space eigenvalue count: 3
         |          solve elapsed time: 0.248539 s
         |       Results:
         |          -------------------------------------------------------------------------------------------------------------------------
         |           mode     frequency           er,eff       alpha,dB/m  beta/1000,rad/m          beta/ko         Zo(real)         Zo(imag)
         |          -------------------------------------------------------------------------------------------------------------------------
         |           1          8.5e+09        1.0184476    8.4360916e-14       0.17978251        1.0091816        72.659713    -2.180386e-14
         |          -------------------------------------------------------------------------------------------------------------------------
         |       Finished
         |       cummulative elapsed time: 0.79422 s
         | Job Complete
         | Elapsed time: 0.794348 s
      building finite element spaces ...
      Driving S-port 1 ...
         solving E field in 3D volume ...
            using Cholesky preconditioner ...
               Converged: RTOL
         solving H field in 3D volume ...
            using Cholesky preconditioner ...
               Converged: RTOL
         post-processing ...
         radiation boundary currents ...
         radiation patterns ...
            INFO: Skipping Touchstone file output for non-renormalized data.
*******************************************************************************************************************************************************
 Frequency: 8750000000
*******************************************************************************************************************************************************
   Using existing mesh ...
      mesh worst element aspect ratio: 89.3008 > target: 5
      mesh size: 9669
      mesh edge length/wavelength in element: shortest=0.000145978 longest=0.31627
      solving 2D ports ...
         Port "port1" ...
         | OpenParEM2D 2.1.0 Copyright (C) 2025 Brian Young
         | 
         | This program comes with ABSOLUTELY NO WARRANTY.  This is free software,
         | and you are welcome to distribute it under certain conditions. To see
         | the full license, set
         |   output.show.license true
         | in the setup file.
         | 
         | Setting up ...
         |    loading project file "Sport1.proj"
         |    loading materials file "/home/briany/OpenParEM/regression/OpenParEM2D/global_materials.txt"
         |    loading materials file "/home/briany/OpenParEM/regression/OpenParEM3D/antenna/dipole_study/local_materials.txt"
         |    loading mode definition file "Sport1_lines.txt"
         | Loading mesh and assigning materials ...
         |       using MFEM mesh format
         | Frequency: 8.75e+09
         |    Using existing mesh ...
         |       mesh size: 32
         |       mesh worst element aspect ratio: 24.4002 > target: 5
         |       Using finite element order ramping ...
         |       Solving with order 1 ...
         |          matrix size: 77
         |          solving the eigenvalue problem ...
         |             using initial guess for the dominant eigenvalue
         |             number of iterations: 1
         |          post processing ...
         |          null space eigenvalue count: 3
         |       Solving with order 2 ...
         |          matrix size: 251
         |          solving the eigenvalue problem ...
         |             using initial guess for the dominant eigenvalue
         |             number of iterations: 1
         |          post processing ...
         |          null space eigenvalue count: 3
         |       Solving with order 3 ...
         |          matrix size: 521
         |          solving the eigenvalue problem ...
         |             using initial guess for the dominant eigenvalue
         |             number of iterations: 1
         |          post processing ...
         |          null space eigenvalue count: 3
         |          solve elapsed time: 0.234919 s
         |       Results:
         |          -------------------------------------------------------------------------------------------------------------------------
         |           mode     frequency           er,eff       alpha,dB/m  beta/1000,rad/m          beta/ko         Zo(real)         Zo(imag)
         |          -------------------------------------------------------------------------------------------------------------------------
         |           1         8.75e+09        1.0184476   -8.5635083e-14       0.18507023        1.0091816        72.659743    1.9625179e-14
         |          -------------------------------------------------------------------------------------------------------------------------
         |       Finished
         |       cummulative elapsed time: 0.716504 s
         | Job Complete
         | Elapsed time: 0.716615 s
      building finite element spaces ...
      Driving S-port 1 ...
         solving E field in 3D volume ...
            using Cholesky preconditioner ...
               Converged: RTOL
         solving H field in 3D volume ...
            using Cholesky preconditioner ...
               Converged: RTOL
         post-processing ...
         radiation boundary currents ...
         radiation patterns ...
            INFO: Skipping Touchstone file output for non-renormalized data.
*******************************************************************************************************************************************************
 Frequency: 9000000000
*******************************************************************************************************************************************************
   Using existing mesh ...
      mesh worst element aspect ratio: 89.3008 > target: 5
      mesh size: 9669
      mesh edge length/wavelength in element: shortest=0.000150149 longest=0.325306
      solving 2D ports ...
         Port "port1" ...
         | OpenParEM2D 2.1.0 Copyright (C) 2025 Brian Young
         | 
         | This program comes with ABSOLUTELY NO WARRANTY.  This is free software,
         | and you are welcome to distribute it under certain conditions. To see
         | the full license, set
         |   output.show.license true
         | in the setup file.
         | 
         | Setting up ...
         |    loading project file "Sport1.proj"
         |    loading materials file "/home/briany/OpenParEM/regression/OpenParEM2D/global_materials.txt"
         |    loading materials file "/home/briany/OpenParEM/regression/OpenParEM3D/antenna/dipole_study/local_materials.txt"
         |    loading mode definition file "Sport1_lines.txt"
         | Loading mesh and assigning materials ...
         |       using MFEM mesh format
         | Frequency: 9e+09
         |    Using existing mesh ...
         |       mesh size: 32
         |       mesh worst element aspect ratio: 24.4002 > target: 5
         |       Using finite element order ramping ...
         |       Solving with order 1 ...
         |          matrix size: 77
         |          solving the eigenvalue problem ...
         |             using initial guess for the dominant eigenvalue
         |             number of iterations: 1
         |          post processing ...
         |          null space eigenvalue count: 3
         |       Solving with order 2 ...
         |          matrix size: 251
         |          solving the eigenvalue problem ...
         |             using initial guess for the dominant eigenvalue
         |             number of iterations: 1
         |          post processing ...
         |          null space eigenvalue count: 3
         |       Solving with order 3 ...
         |          matrix size: 521
         |          solving the eigenvalue problem ...
         |             using initial guess for the dominant eigenvalue
         |             number of iterations: 1
         |          post processing ...
         |          null space eigenvalue count: 3
         |          solve elapsed time: 0.232691 s
         |       Results:
         |          -------------------------------------------------------------------------------------------------------------------------
         |           mode     frequency           er,eff       alpha,dB/m  beta/1000,rad/m          beta/ko         Zo(real)         Zo(imag)
         |          -------------------------------------------------------------------------------------------------------------------------
         |           1            9e+09        1.0184476    2.5649207e-13       0.19035795        1.0091816        72.659773    6.1745458e-14
         |          -------------------------------------------------------------------------------------------------------------------------
         |       Finished
         |       cummulative elapsed time: 0.67145 s
         | Job Complete
         | Elapsed time: 0.671566 s
      building finite element spaces ...
      Driving S-port 1 ...
         solving E field in 3D volume ...
            using Cholesky preconditioner ...
               Converged: RTOL
         solving H field in 3D volume ...
            using Cholesky preconditioner ...
               Converged: RTOL
         post-processing ...
         radiation boundary currents ...
         radiation patterns ...
            INFO: Skipping Touchstone file output for non-renormalized data.
*******************************************************************************************************************************************************
 Frequency: 9200000000
*******************************************************************************************************************************************************
   Using existing mesh ...
      mesh worst element aspect ratio: 89.3008 > target: 5
      mesh size: 9669
      mesh edge length/wavelength in element: shortest=0.000153486 longest=0.332535
      solving 2D ports ...
         Port "port1" ...
         | OpenParEM2D 2.1.0 Copyright (C) 2025 Brian Young
         | 
         | This program comes with ABSOLUTELY NO WARRANTY.  This is free software,
         | and you are welcome to distribute it under certain conditions. To see
         | the full license, set
         |   output.show.license true
         | in the setup file.
         | 
         | Setting up ...
         |    loading project file "Sport1.proj"
         |    loading materials file "/home/briany/OpenParEM/regression/OpenParEM2D/global_materials.txt"
         |    loading materials file "/home/briany/OpenParEM/regression/OpenParEM3D/antenna/dipole_study/local_materials.txt"
         |    loading mode definition file "Sport1_lines.txt"
         | Loading mesh and assigning materials ...
         |       using MFEM mesh format
         | Frequency: 9.2e+09
         |    Using existing mesh ...
         |       mesh size: 32
         |       mesh worst element aspect ratio: 24.4002 > target: 5
         |       Using finite element order ramping ...
         |       Solving with order 1 ...
         |          matrix size: 77
         |          solving the eigenvalue problem ...
         |             using initial guess for the dominant eigenvalue
         |             number of iterations: 1
         |          post processing ...
         |          null space eigenvalue count: 3
         |       Solving with order 2 ...
         |          matrix size: 251
         |          solving the eigenvalue problem ...
         |             using initial guess for the dominant eigenvalue
         |             number of iterations: 1
         |          post processing ...
         |          null space eigenvalue count: 3
         |       Solving with order 3 ...
         |          matrix size: 521
         |          solving the eigenvalue problem ...
         |             using initial guess for the dominant eigenvalue
         |             number of iterations: 1
         |          post processing ...
         |          null space eigenvalue count: 3
         |          solve elapsed time: 0.231143 s
         |       Results:
         |          -------------------------------------------------------------------------------------------------------------------------
         |           mode     frequency           er,eff       alpha,dB/m  beta/1000,rad/m          beta/ko         Zo(real)         Zo(imag)
         |          -------------------------------------------------------------------------------------------------------------------------
         |           1          9.2e+09        1.0184476   -8.7421391e-14       0.19458813        1.0091816        72.659798    3.0496517e-14
         |          -------------------------------------------------------------------------------------------------------------------------
         |       Finished
         |       cummulative elapsed time: 0.724913 s
         | Job Complete
         | Elapsed time: 0.725029 s
      building finite element spaces ...
      Driving S-port 1 ...
         solving E field in 3D volume ...
            using Cholesky preconditioner ...
               Converged: RTOL
         solving H field in 3D volume ...
            using Cholesky preconditioner ...
               Converged: RTOL
         post-processing ...
         radiation boundary currents ...
         radiation patterns ...
            INFO: Skipping Touchstone file output for non-renormalized data.
*******************************************************************************************************************************************************
 Frequency: 9220000000
*******************************************************************************************************************************************************
   Using existing mesh ...
      mesh worst element aspect ratio: 89.3008 > target: 5
      mesh size: 9669
      mesh edge length/wavelength in element: shortest=0.000153819 longest=0.333258
      solving 2D ports ...
         Port "port1" ...
         | OpenParEM2D 2.1.0 Copyright (C) 2025 Brian Young
         | 
         | This program comes with ABSOLUTELY NO WARRANTY.  This is free software,
         | and you are welcome to distribute it under certain conditions. To see
         | the full license, set
         |   output.show.license true
         | in the setup file.
         | 
         | Setting up ...
         |    loading project file "Sport1.proj"
         |    loading materials file "/home/briany/OpenParEM/regression/OpenParEM2D/global_materials.txt"
         |    loading materials file "/home/briany/OpenParEM/regression/OpenParEM3D/antenna/dipole_study/local_materials.txt"
         |    loading mode definition file "Sport1_lines.txt"
         | Loading mesh and assigning materials ...
         |       using MFEM mesh format
         | Frequency: 9.22e+09
         |    Using existing mesh ...
         |       mesh size: 32
         |       mesh worst element aspect ratio: 24.4002 > target: 5
         |       Using finite element order ramping ...
         |       Solving with order 1 ...
         |          matrix size: 77
         |          solving the eigenvalue problem ...
         |             using initial guess for the dominant eigenvalue
         |             number of iterations: 1
         |          post processing ...
         |          null space eigenvalue count: 3
         |       Solving with order 2 ...
         |          matrix size: 251
         |          solving the eigenvalue problem ...
         |             using initial guess for the dominant eigenvalue
         |             number of iterations: 1
         |          post processing ...
         |          null space eigenvalue count: 3
         |       Solving with order 3 ...
         |          matrix size: 521
         |          solving the eigenvalue problem ...
         |             using initial guess for the dominant eigenvalue
         |             number of iterations: 1
         |          post processing ...
         |          null space eigenvalue count: 3
         |          solve elapsed time: 0.237909 s
         |       Results:
         |          -------------------------------------------------------------------------------------------------------------------------
         |           mode     frequency           er,eff       alpha,dB/m  beta/1000,rad/m          beta/ko         Zo(real)         Zo(imag)
         |          -------------------------------------------------------------------------------------------------------------------------
         |           1         9.22e+09        1.0184476   -4.8348819e-13       0.19501114        1.0091816        72.659801   -3.0556053e-14
         |          -------------------------------------------------------------------------------------------------------------------------
         |       Finished
         |       cummulative elapsed time: 0.726545 s
         | Job Complete
         | Elapsed time: 0.726664 s
      building finite element spaces ...
      Driving S-port 1 ...
         solving E field in 3D volume ...
            using Cholesky preconditioner ...
               Converged: RTOL
         solving H field in 3D volume ...
            using Cholesky preconditioner ...
               Converged: RTOL
         post-processing ...
         radiation boundary currents ...
         radiation patterns ...
            INFO: Skipping Touchstone file output for non-renormalized data.
*******************************************************************************************************************************************************
 Frequency: 9240000000
*******************************************************************************************************************************************************
   Using existing mesh ...
      mesh worst element aspect ratio: 89.3008 > target: 5
      mesh size: 9669
      mesh edge length/wavelength in element: shortest=0.000154153 longest=0.333981
      solving 2D ports ...
         Port "port1" ...
         | OpenParEM2D 2.1.0 Copyright (C) 2025 Brian Young
         | 
         | This program comes with ABSOLUTELY NO WARRANTY.  This is free software,
         | and you are welcome to distribute it under certain conditions. To see
         | the full license, set
         |   output.show.license true
         | in the setup file.
         | 
         | Setting up ...
         |    loading project file "Sport1.proj"
         |    loading materials file "/home/briany/OpenParEM/regression/OpenParEM2D/global_materials.txt"
         |    loading materials file "/home/briany/OpenParEM/regression/OpenParEM3D/antenna/dipole_study/local_materials.txt"
         |    loading mode definition file "Sport1_lines.txt"
         | Loading mesh and assigning materials ...
         |       using MFEM mesh format
         | Frequency: 9.24e+09
         |    Using existing mesh ...
         |       mesh size: 32
         |       mesh worst element aspect ratio: 24.4002 > target: 5
         |       Using finite element order ramping ...
         |       Solving with order 1 ...
         |          matrix size: 77
         |          solving the eigenvalue problem ...
         |             using initial guess for the dominant eigenvalue
         |             number of iterations: 1
         |          post processing ...
         |          null space eigenvalue count: 3
         |       Solving with order 2 ...
         |          matrix size: 251
         |          solving the eigenvalue problem ...
         |             using initial guess for the dominant eigenvalue
         |             number of iterations: 1
         |          post processing ...
         |          null space eigenvalue count: 3
         |       Solving with order 3 ...
         |          matrix size: 521
         |          solving the eigenvalue problem ...
         |             using initial guess for the dominant eigenvalue
         |             number of iterations: 1
         |          post processing ...
         |          null space eigenvalue count: 3
         |          solve elapsed time: 0.233081 s
         |       Results:
         |          -------------------------------------------------------------------------------------------------------------------------
         |           mode     frequency           er,eff       alpha,dB/m  beta/1000,rad/m          beta/ko         Zo(real)         Zo(imag)
         |          -------------------------------------------------------------------------------------------------------------------------
         |           1         9.24e+09        1.0184476    1.1337242e-13       0.19543416        1.0091816        72.659803    1.7228328e-14
         |          -------------------------------------------------------------------------------------------------------------------------
         |       Finished
         |       cummulative elapsed time: 0.714937 s
         | Job Complete
         | Elapsed time: 0.715073 s
      building finite element spaces ...
      Driving S-port 1 ...
         solving E field in 3D volume ...
            using Cholesky preconditioner ...
               Converged: RTOL
         solving H field in 3D volume ...
            using Cholesky preconditioner ...
               Converged: RTOL
         post-processing ...
         radiation boundary currents ...
         radiation patterns ...
            INFO: Skipping Touchstone file output for non-renormalized data.
*******************************************************************************************************************************************************
 Frequency: 9250000000
*******************************************************************************************************************************************************
   Using existing mesh ...
      mesh worst element aspect ratio: 89.3008 > target: 5
      mesh size: 9669
      mesh edge length/wavelength in element: shortest=0.00015432 longest=0.334342
      solving 2D ports ...
         Port "port1" ...
         | OpenParEM2D 2.1.0 Copyright (C) 2025 Brian Young
         | 
         | This program comes with ABSOLUTELY NO WARRANTY.  This is free software,
         | and you are welcome to distribute it under certain conditions. To see
         | the full license, set
         |   output.show.license true
         | in the setup file.
         | 
         | Setting up ...
         |    loading project file "Sport1.proj"
         |    loading materials file "/home/briany/OpenParEM/regression/OpenParEM2D/global_materials.txt"
         |    loading materials file "/home/briany/OpenParEM/regression/OpenParEM3D/antenna/dipole_study/local_materials.txt"
         |    loading mode definition file "Sport1_lines.txt"
         | Loading mesh and assigning materials ...
         |       using MFEM mesh format
         | Frequency: 9.25e+09
         |    Using existing mesh ...
         |       mesh size: 32
         |       mesh worst element aspect ratio: 24.4002 > target: 5
         |       Using finite element order ramping ...
         |       Solving with order 1 ...
         |          matrix size: 77
         |          solving the eigenvalue problem ...
         |             using initial guess for the dominant eigenvalue
         |             number of iterations: 1
         |          post processing ...
         |          null space eigenvalue count: 3
         |       Solving with order 2 ...
         |          matrix size: 251
         |          solving the eigenvalue problem ...
         |             using initial guess for the dominant eigenvalue
         |             number of iterations: 1
         |          post processing ...
         |          null space eigenvalue count: 3
         |       Solving with order 3 ...
         |          matrix size: 521
         |          solving the eigenvalue problem ...
         |             using initial guess for the dominant eigenvalue
         |             number of iterations: 1
         |          post processing ...
         |          null space eigenvalue count: 3
         |          solve elapsed time: 0.233557 s
         |       Results:
         |          -------------------------------------------------------------------------------------------------------------------------
         |           mode     frequency           er,eff       alpha,dB/m  beta/1000,rad/m          beta/ko         Zo(real)         Zo(imag)
         |          -------------------------------------------------------------------------------------------------------------------------
         |           1         9.25e+09        1.0184476    1.3952629e-14       0.19564567        1.0091816        72.659804    -2.021874e-14
         |          -------------------------------------------------------------------------------------------------------------------------
         |       Finished
         |       cummulative elapsed time: 0.753075 s
         | Job Complete
         | Elapsed time: 0.753188 s
      building finite element spaces ...
      Driving S-port 1 ...
         solving E field in 3D volume ...
            using Cholesky preconditioner ...
               Converged: RTOL
         solving H field in 3D volume ...
            using Cholesky preconditioner ...
               Converged: RTOL
         post-processing ...
         radiation boundary currents ...
         radiation patterns ...
            INFO: Skipping Touchstone file output for non-renormalized data.
*******************************************************************************************************************************************************
 Frequency: 9260000000
*******************************************************************************************************************************************************
   Using existing mesh ...
      mesh worst element aspect ratio: 89.3008 > target: 5
      mesh size: 9669
      mesh edge length/wavelength in element: shortest=0.000154487 longest=0.334704
      solving 2D ports ...
         Port "port1" ...
         | OpenParEM2D 2.1.0 Copyright (C) 2025 Brian Young
         | 
         | This program comes with ABSOLUTELY NO WARRANTY.  This is free software,
         | and you are welcome to distribute it under certain conditions. To see
         | the full license, set
         |   output.show.license true
         | in the setup file.
         | 
         | Setting up ...
         |    loading project file "Sport1.proj"
         |    loading materials file "/home/briany/OpenParEM/regression/OpenParEM2D/global_materials.txt"
         |    loading materials file "/home/briany/OpenParEM/regression/OpenParEM3D/antenna/dipole_study/local_materials.txt"
         |    loading mode definition file "Sport1_lines.txt"
         | Loading mesh and assigning materials ...
         |       using MFEM mesh format
         | Frequency: 9.26e+09
         |    Using existing mesh ...
         |       mesh size: 32
         |       mesh worst element aspect ratio: 24.4002 > target: 5
         |       Using finite element order ramping ...
         |       Solving with order 1 ...
         |          matrix size: 77
         |          solving the eigenvalue problem ...
         |             using initial guess for the dominant eigenvalue
         |             number of iterations: 1
         |          post processing ...
         |          null space eigenvalue count: 3
         |       Solving with order 2 ...
         |          matrix size: 251
         |          solving the eigenvalue problem ...
         |             using initial guess for the dominant eigenvalue
         |             number of iterations: 1
         |          post processing ...
         |          null space eigenvalue count: 3
         |       Solving with order 3 ...
         |          matrix size: 521
         |          solving the eigenvalue problem ...
         |             using initial guess for the dominant eigenvalue
         |             number of iterations: 1
         |          post processing ...
         |          null space eigenvalue count: 3
         |          solve elapsed time: 0.233767 s
         |       Results:
         |          -------------------------------------------------------------------------------------------------------------------------
         |           mode     frequency           er,eff       alpha,dB/m  beta/1000,rad/m          beta/ko         Zo(real)         Zo(imag)
         |          -------------------------------------------------------------------------------------------------------------------------
         |           1         9.26e+09        1.0184476    2.1857812e-13       0.19585718        1.0091816        72.659806     4.418068e-14
         |          -------------------------------------------------------------------------------------------------------------------------
         |       Finished
         |       cummulative elapsed time: 0.712717 s
         | Job Complete
         | Elapsed time: 0.712843 s
      building finite element spaces ...
      Driving S-port 1 ...
         solving E field in 3D volume ...
            using Cholesky preconditioner ...
               Converged: RTOL
         solving H field in 3D volume ...
            using Cholesky preconditioner ...
               Converged: RTOL
         post-processing ...
         radiation boundary currents ...
         radiation patterns ...
            INFO: Skipping Touchstone file output for non-renormalized data.
*******************************************************************************************************************************************************
 Frequency: 9280000000
*******************************************************************************************************************************************************
   Using existing mesh ...
      mesh worst element aspect ratio: 89.3008 > target: 5
      mesh size: 9669
      mesh edge length/wavelength in element: shortest=0.00015482 longest=0.335427
      solving 2D ports ...
         Port "port1" ...
         | OpenParEM2D 2.1.0 Copyright (C) 2025 Brian Young
         | 
         | This program comes with ABSOLUTELY NO WARRANTY.  This is free software,
         | and you are welcome to distribute it under certain conditions. To see
         | the full license, set
         |   output.show.license true
         | in the setup file.
         | 
         | Setting up ...
         |    loading project file "Sport1.proj"
         |    loading materials file "/home/briany/OpenParEM/regression/OpenParEM2D/global_materials.txt"
         |    loading materials file "/home/briany/OpenParEM/regression/OpenParEM3D/antenna/dipole_study/local_materials.txt"
         |    loading mode definition file "Sport1_lines.txt"
         | Loading mesh and assigning materials ...
         |       using MFEM mesh format
         | Frequency: 9.28e+09
         |    Using existing mesh ...
         |       mesh size: 32
         |       mesh worst element aspect ratio: 24.4002 > target: 5
         |       Using finite element order ramping ...
         |       Solving with order 1 ...
         |          matrix size: 77
         |          solving the eigenvalue problem ...
         |             using initial guess for the dominant eigenvalue
         |             number of iterations: 1
         |          post processing ...
         |          null space eigenvalue count: 3
         |       Solving with order 2 ...
         |          matrix size: 251
         |          solving the eigenvalue problem ...
         |             using initial guess for the dominant eigenvalue
         |             number of iterations: 1
         |          post processing ...
         |          null space eigenvalue count: 3
         |       Solving with order 3 ...
         |          matrix size: 521
         |          solving the eigenvalue problem ...
         |             using initial guess for the dominant eigenvalue
         |             number of iterations: 1
         |          post processing ...
         |          null space eigenvalue count: 3
         |          solve elapsed time: 0.239755 s
         |       Results:
         |          -------------------------------------------------------------------------------------------------------------------------
         |           mode     frequency           er,eff       alpha,dB/m  beta/1000,rad/m          beta/ko         Zo(real)         Zo(imag)
         |          -------------------------------------------------------------------------------------------------------------------------
         |           1         9.28e+09        1.0184476    6.4123602e-14        0.1962802        1.0091816        72.659808    1.5798182e-14
         |          -------------------------------------------------------------------------------------------------------------------------
         |       Finished
         |       cummulative elapsed time: 0.733795 s
         | Job Complete
         | Elapsed time: 0.733914 s
      building finite element spaces ...
      Driving S-port 1 ...
         solving E field in 3D volume ...
            using Cholesky preconditioner ...
               Converged: RTOL
         solving H field in 3D volume ...
            using Cholesky preconditioner ...
               Converged: RTOL
         post-processing ...
         radiation boundary currents ...
         radiation patterns ...
            INFO: Skipping Touchstone file output for non-renormalized data.
*******************************************************************************************************************************************************
 Frequency: 9300000000
*******************************************************************************************************************************************************
   Using existing mesh ...
      mesh worst element aspect ratio: 89.3008 > target: 5
      mesh size: 9669
      mesh edge length/wavelength in element: shortest=0.000155154 longest=0.336149
      solving 2D ports ...
         Port "port1" ...
         | OpenParEM2D 2.1.0 Copyright (C) 2025 Brian Young
         | 
         | This program comes with ABSOLUTELY NO WARRANTY.  This is free software,
         | and you are welcome to distribute it under certain conditions. To see
         | the full license, set
         |   output.show.license true
         | in the setup file.
         | 
         | Setting up ...
         |    loading project file "Sport1.proj"
         |    loading materials file "/home/briany/OpenParEM/regression/OpenParEM2D/global_materials.txt"
         |    loading materials file "/home/briany/OpenParEM/regression/OpenParEM3D/antenna/dipole_study/local_materials.txt"
         |    loading mode definition file "Sport1_lines.txt"
         | Loading mesh and assigning materials ...
         |       using MFEM mesh format
         | Frequency: 9.3e+09
         |    Using existing mesh ...
         |       mesh size: 32
         |       mesh worst element aspect ratio: 24.4002 > target: 5
         |       Using finite element order ramping ...
         |       Solving with order 1 ...
         |          matrix size: 77
         |          solving the eigenvalue problem ...
         |             using initial guess for the dominant eigenvalue
         |             number of iterations: 1
         |          post processing ...
         |          null space eigenvalue count: 3
         |       Solving with order 2 ...
         |          matrix size: 251
         |          solving the eigenvalue problem ...
         |             using initial guess for the dominant eigenvalue
         |             number of iterations: 1
         |          post processing ...
         |          null space eigenvalue count: 3
         |       Solving with order 3 ...
         |          matrix size: 521
         |          solving the eigenvalue problem ...
         |             using initial guess for the dominant eigenvalue
         |             number of iterations: 1
         |          post processing ...
         |          null space eigenvalue count: 3
         |          solve elapsed time: 0.234403 s
         |       Results:
         |          -------------------------------------------------------------------------------------------------------------------------
         |           mode     frequency           er,eff       alpha,dB/m  beta/1000,rad/m          beta/ko         Zo(real)         Zo(imag)
         |          -------------------------------------------------------------------------------------------------------------------------
         |           1          9.3e+09        1.0184476    -8.468433e-15       0.19670321        1.0091816        72.659811    1.2085754e-14
         |          -------------------------------------------------------------------------------------------------------------------------
         |       Finished
         |       cummulative elapsed time: 0.788388 s
         | Job Complete
         | Elapsed time: 0.788518 s
      building finite element spaces ...
      Driving S-port 1 ...
         solving E field in 3D volume ...
            using Cholesky preconditioner ...
               Converged: RTOL
         solving H field in 3D volume ...
            using Cholesky preconditioner ...
               Converged: RTOL
         post-processing ...
         radiation boundary currents ...
         radiation patterns ...
            INFO: Skipping Touchstone file output for non-renormalized data.
*******************************************************************************************************************************************************
 Frequency: 9320000000
*******************************************************************************************************************************************************
   Using existing mesh ...
      mesh worst element aspect ratio: 89.3008 > target: 5
      mesh size: 9669
      mesh edge length/wavelength in element: shortest=0.000155487 longest=0.336872
      solving 2D ports ...
         Port "port1" ...
         | OpenParEM2D 2.1.0 Copyright (C) 2025 Brian Young
         | 
         | This program comes with ABSOLUTELY NO WARRANTY.  This is free software,
         | and you are welcome to distribute it under certain conditions. To see
         | the full license, set
         |   output.show.license true
         | in the setup file.
         | 
         | Setting up ...
         |    loading project file "Sport1.proj"
         |    loading materials file "/home/briany/OpenParEM/regression/OpenParEM2D/global_materials.txt"
         |    loading materials file "/home/briany/OpenParEM/regression/OpenParEM3D/antenna/dipole_study/local_materials.txt"
         |    loading mode definition file "Sport1_lines.txt"
         | Loading mesh and assigning materials ...
         |       using MFEM mesh format
         | Frequency: 9.32e+09
         |    Using existing mesh ...
         |       mesh size: 32
         |       mesh worst element aspect ratio: 24.4002 > target: 5
         |       Using finite element order ramping ...
         |       Solving with order 1 ...
         |          matrix size: 77
         |          solving the eigenvalue problem ...
         |             using initial guess for the dominant eigenvalue
         |             number of iterations: 1
         |          post processing ...
         |          null space eigenvalue count: 3
         |       Solving with order 2 ...
         |          matrix size: 251
         |          solving the eigenvalue problem ...
         |             using initial guess for the dominant eigenvalue
         |             number of iterations: 1
         |          post processing ...
         |          null space eigenvalue count: 3
         |       Solving with order 3 ...
         |          matrix size: 521
         |          solving the eigenvalue problem ...
         |             using initial guess for the dominant eigenvalue
         |             number of iterations: 1
         |          post processing ...
         |          null space eigenvalue count: 3
         |          solve elapsed time: 0.233521 s
         |       Results:
         |          -------------------------------------------------------------------------------------------------------------------------
         |           mode     frequency           er,eff       alpha,dB/m  beta/1000,rad/m          beta/ko         Zo(real)         Zo(imag)
         |          -------------------------------------------------------------------------------------------------------------------------
         |           1         9.32e+09        1.0184476    1.2731655e-13       0.19712623        1.0091816        72.659813   -8.3625385e-15
         |          -------------------------------------------------------------------------------------------------------------------------
         |       Finished
         |       cummulative elapsed time: 0.67518 s
         | Job Complete
         | Elapsed time: 0.6753 s
      building finite element spaces ...
      Driving S-port 1 ...
         solving E field in 3D volume ...
            using Cholesky preconditioner ...
               Converged: RTOL
         solving H field in 3D volume ...
            using Cholesky preconditioner ...
               Converged: RTOL
         post-processing ...
         radiation boundary currents ...
         radiation patterns ...
            INFO: Skipping Touchstone file output for non-renormalized data.
*******************************************************************************************************************************************************
 Frequency: 9340000000
*******************************************************************************************************************************************************
   Using existing mesh ...
      mesh worst element aspect ratio: 89.3008 > target: 5
      mesh size: 9669
      mesh edge length/wavelength in element: shortest=0.000155821 longest=0.337595
      solving 2D ports ...
         Port "port1" ...
         | OpenParEM2D 2.1.0 Copyright (C) 2025 Brian Young
         | 
         | This program comes with ABSOLUTELY NO WARRANTY.  This is free software,
         | and you are welcome to distribute it under certain conditions. To see
         | the full license, set
         |   output.show.license true
         | in the setup file.
         | 
         | Setting up ...
         |    loading project file "Sport1.proj"
         |    loading materials file "/home/briany/OpenParEM/regression/OpenParEM2D/global_materials.txt"
         |    loading materials file "/home/briany/OpenParEM/regression/OpenParEM3D/antenna/dipole_study/local_materials.txt"
         |    loading mode definition file "Sport1_lines.txt"
         | Loading mesh and assigning materials ...
         |       using MFEM mesh format
         | Frequency: 9.34e+09
         |    Using existing mesh ...
         |       mesh size: 32
         |       mesh worst element aspect ratio: 24.4002 > target: 5
         |       Using finite element order ramping ...
         |       Solving with order 1 ...
         |          matrix size: 77
         |          solving the eigenvalue problem ...
         |             using initial guess for the dominant eigenvalue
         |             number of iterations: 1
         |          post processing ...
         |          null space eigenvalue count: 3
         |       Solving with order 2 ...
         |          matrix size: 251
         |          solving the eigenvalue problem ...
         |             using initial guess for the dominant eigenvalue
         |             number of iterations: 1
         |          post processing ...
         |          null space eigenvalue count: 3
         |       Solving with order 3 ...
         |          matrix size: 521
         |          solving the eigenvalue problem ...
         |             using initial guess for the dominant eigenvalue
         |             number of iterations: 1
         |          post processing ...
         |          null space eigenvalue count: 3
         |          solve elapsed time: 0.231642 s
         |       Results:
         |          -------------------------------------------------------------------------------------------------------------------------
         |           mode     frequency           er,eff       alpha,dB/m  beta/1000,rad/m          beta/ko         Zo(real)         Zo(imag)
         |          -------------------------------------------------------------------------------------------------------------------------
         |           1         9.34e+09        1.0184476     3.729412e-13       0.19754925        1.0091816        72.659816    4.8492938e-14
         |          -------------------------------------------------------------------------------------------------------------------------
         |       Finished
         |       cummulative elapsed time: 0.73756 s
         | Job Complete
         | Elapsed time: 0.73767 s
      building finite element spaces ...
      Driving S-port 1 ...
         solving E field in 3D volume ...
            using Cholesky preconditioner ...
               Converged: RTOL
         solving H field in 3D volume ...
            using Cholesky preconditioner ...
               Converged: RTOL
         post-processing ...
         radiation boundary currents ...
         radiation patterns ...
            INFO: Skipping Touchstone file output for non-renormalized data.
*******************************************************************************************************************************************************
 Frequency: 9360000000
*******************************************************************************************************************************************************
   Using existing mesh ...
      mesh worst element aspect ratio: 89.3008 > target: 5
      mesh size: 9669
      mesh edge length/wavelength in element: shortest=0.000156155 longest=0.338318
      solving 2D ports ...
         Port "port1" ...
         | OpenParEM2D 2.1.0 Copyright (C) 2025 Brian Young
         | 
         | This program comes with ABSOLUTELY NO WARRANTY.  This is free software,
         | and you are welcome to distribute it under certain conditions. To see
         | the full license, set
         |   output.show.license true
         | in the setup file.
         | 
         | Setting up ...
         |    loading project file "Sport1.proj"
         |    loading materials file "/home/briany/OpenParEM/regression/OpenParEM2D/global_materials.txt"
         |    loading materials file "/home/briany/OpenParEM/regression/OpenParEM3D/antenna/dipole_study/local_materials.txt"
         |    loading mode definition file "Sport1_lines.txt"
         | Loading mesh and assigning materials ...
         |       using MFEM mesh format
         | Frequency: 9.36e+09
         |    Using existing mesh ...
         |       mesh size: 32
         |       mesh worst element aspect ratio: 24.4002 > target: 5
         |       Using finite element order ramping ...
         |       Solving with order 1 ...
         |          matrix size: 77
         |          solving the eigenvalue problem ...
         |             using initial guess for the dominant eigenvalue
         |             number of iterations: 1
         |          post processing ...
         |          null space eigenvalue count: 3
         |       Solving with order 2 ...
         |          matrix size: 251
         |          solving the eigenvalue problem ...
         |             using initial guess for the dominant eigenvalue
         |             number of iterations: 1
         |          post processing ...
         |          null space eigenvalue count: 3
         |       Solving with order 3 ...
         |          matrix size: 521
         |          solving the eigenvalue problem ...
         |             using initial guess for the dominant eigenvalue
         |             number of iterations: 1
         |          post processing ...
         |          null space eigenvalue count: 3
         |          solve elapsed time: 0.233914 s
         |       Results:
         |          -------------------------------------------------------------------------------------------------------------------------
         |           mode     frequency           er,eff       alpha,dB/m  beta/1000,rad/m          beta/ko         Zo(real)         Zo(imag)
         |          -------------------------------------------------------------------------------------------------------------------------
         |           1         9.36e+09        1.0184476    3.8949646e-13       0.19797227        1.0091816        72.659818    1.6788328e-14
         |          -------------------------------------------------------------------------------------------------------------------------
         |       Finished
         |       cummulative elapsed time: 0.727998 s
         | Job Complete
         | Elapsed time: 0.728119 s
      building finite element spaces ...
      Driving S-port 1 ...
         solving E field in 3D volume ...
            using Cholesky preconditioner ...
               Converged: RTOL
         solving H field in 3D volume ...
            using Cholesky preconditioner ...
               Converged: RTOL
         post-processing ...
         radiation boundary currents ...
         radiation patterns ...
            INFO: Skipping Touchstone file output for non-renormalized data.
*******************************************************************************************************************************************************
 Frequency: 9380000000
*******************************************************************************************************************************************************
   Using existing mesh ...
      mesh worst element aspect ratio: 89.3008 > target: 5
      mesh size: 9669
      mesh edge length/wavelength in element: shortest=0.000156488 longest=0.339041
      solving 2D ports ...
         Port "port1" ...
         | OpenParEM2D 2.1.0 Copyright (C) 2025 Brian Young
         | 
         | This program comes with ABSOLUTELY NO WARRANTY.  This is free software,
         | and you are welcome to distribute it under certain conditions. To see
         | the full license, set
         |   output.show.license true
         | in the setup file.
         | 
         | Setting up ...
         |    loading project file "Sport1.proj"
         |    loading materials file "/home/briany/OpenParEM/regression/OpenParEM2D/global_materials.txt"
         |    loading materials file "/home/briany/OpenParEM/regression/OpenParEM3D/antenna/dipole_study/local_materials.txt"
         |    loading mode definition file "Sport1_lines.txt"
         | Loading mesh and assigning materials ...
         |       using MFEM mesh format
         | Frequency: 9.38e+09
         |    Using existing mesh ...
         |       mesh size: 32
         |       mesh worst element aspect ratio: 24.4002 > target: 5
         |       Using finite element order ramping ...
         |       Solving with order 1 ...
         |          matrix size: 77
         |          solving the eigenvalue problem ...
         |             using initial guess for the dominant eigenvalue
         |             number of iterations: 1
         |          post processing ...
         |          null space eigenvalue count: 2
         |       Solving with order 2 ...
         |          matrix size: 251
         |          solving the eigenvalue problem ...
         |             using initial guess for the dominant eigenvalue
         |             number of iterations: 1
         |          post processing ...
         |          null space eigenvalue count: 3
         |       Solving with order 3 ...
         |          matrix size: 521
         |          solving the eigenvalue problem ...
         |             using initial guess for the dominant eigenvalue
         |             number of iterations: 1
         |          post processing ...
         |          null space eigenvalue count: 3
         |          solve elapsed time: 0.229708 s
         |       Results:
         |          -------------------------------------------------------------------------------------------------------------------------
         |           mode     frequency           er,eff       alpha,dB/m  beta/1000,rad/m          beta/ko         Zo(real)         Zo(imag)
         |          -------------------------------------------------------------------------------------------------------------------------
         |           1         9.38e+09        1.0184476     -5.23649e-14       0.19839529        1.0091816        72.659821   -7.5625495e-15
         |          -------------------------------------------------------------------------------------------------------------------------
         |       Finished
         |       cummulative elapsed time: 0.743071 s
         | Job Complete
         | Elapsed time: 0.743185 s
      building finite element spaces ...
      Driving S-port 1 ...
         solving E field in 3D volume ...
            using Cholesky preconditioner ...
               Converged: RTOL
         solving H field in 3D volume ...
            using Cholesky preconditioner ...
               Converged: RTOL
         post-processing ...
         radiation boundary currents ...
         radiation patterns ...
            INFO: Skipping Touchstone file output for non-renormalized data.
*******************************************************************************************************************************************************
 Frequency: 9400000000
*******************************************************************************************************************************************************
   Using existing mesh ...
      mesh worst element aspect ratio: 89.3008 > target: 5
      mesh size: 9669
      mesh edge length/wavelength in element: shortest=0.000156822 longest=0.339764
      solving 2D ports ...
         Port "port1" ...
         | OpenParEM2D 2.1.0 Copyright (C) 2025 Brian Young
         | 
         | This program comes with ABSOLUTELY NO WARRANTY.  This is free software,
         | and you are welcome to distribute it under certain conditions. To see
         | the full license, set
         |   output.show.license true
         | in the setup file.
         | 
         | Setting up ...
         |    loading project file "Sport1.proj"
         |    loading materials file "/home/briany/OpenParEM/regression/OpenParEM2D/global_materials.txt"
         |    loading materials file "/home/briany/OpenParEM/regression/OpenParEM3D/antenna/dipole_study/local_materials.txt"
         |    loading mode definition file "Sport1_lines.txt"
         | Loading mesh and assigning materials ...
         |       using MFEM mesh format
         | Frequency: 9.4e+09
         |    Using existing mesh ...
         |       mesh size: 32
         |       mesh worst element aspect ratio: 24.4002 > target: 5
         |       Using finite element order ramping ...
         |       Solving with order 1 ...
         |          matrix size: 77
         |          solving the eigenvalue problem ...
         |             using initial guess for the dominant eigenvalue
         |             number of iterations: 1
         |          post processing ...
         |          null space eigenvalue count: 3
         |       Solving with order 2 ...
         |          matrix size: 251
         |          solving the eigenvalue problem ...
         |             using initial guess for the dominant eigenvalue
         |             number of iterations: 1
         |          post processing ...
         |          null space eigenvalue count: 3
         |       Solving with order 3 ...
         |          matrix size: 521
         |          solving the eigenvalue problem ...
         |             using initial guess for the dominant eigenvalue
         |             number of iterations: 1
         |          post processing ...
         |          null space eigenvalue count: 3
         |          solve elapsed time: 0.23142 s
         |       Results:
         |          -------------------------------------------------------------------------------------------------------------------------
         |           mode     frequency           er,eff       alpha,dB/m  beta/1000,rad/m          beta/ko         Zo(real)         Zo(imag)
         |          -------------------------------------------------------------------------------------------------------------------------
         |           1          9.4e+09        1.0184476    2.7024889e-13        0.1988183        1.0091816        72.659824     1.642699e-14
         |          -------------------------------------------------------------------------------------------------------------------------
         |       Finished
         |       cummulative elapsed time: 0.741474 s
         | Job Complete
         | Elapsed time: 0.741593 s
      building finite element spaces ...
      Driving S-port 1 ...
         solving E field in 3D volume ...
            using Cholesky preconditioner ...
               Converged: RTOL
         solving H field in 3D volume ...
            using Cholesky preconditioner ...
               Converged: RTOL
         post-processing ...
         radiation boundary currents ...
         radiation patterns ...
            INFO: Skipping Touchstone file output for non-renormalized data.
*******************************************************************************************************************************************************
 Frequency: 9420000000
*******************************************************************************************************************************************************
   Using existing mesh ...
      mesh worst element aspect ratio: 89.3008 > target: 5
      mesh size: 9669
      mesh edge length/wavelength in element: shortest=0.000157156 longest=0.340487
      solving 2D ports ...
         Port "port1" ...
         | OpenParEM2D 2.1.0 Copyright (C) 2025 Brian Young
         | 
         | This program comes with ABSOLUTELY NO WARRANTY.  This is free software,
         | and you are welcome to distribute it under certain conditions. To see
         | the full license, set
         |   output.show.license true
         | in the setup file.
         | 
         | Setting up ...
         |    loading project file "Sport1.proj"
         |    loading materials file "/home/briany/OpenParEM/regression/OpenParEM2D/global_materials.txt"
         |    loading materials file "/home/briany/OpenParEM/regression/OpenParEM3D/antenna/dipole_study/local_materials.txt"
         |    loading mode definition file "Sport1_lines.txt"
         | Loading mesh and assigning materials ...
         |       using MFEM mesh format
         | Frequency: 9.42e+09
         |    Using existing mesh ...
         |       mesh size: 32
         |       mesh worst element aspect ratio: 24.4002 > target: 5
         |       Using finite element order ramping ...
         |       Solving with order 1 ...
         |          matrix size: 77
         |          solving the eigenvalue problem ...
         |             using initial guess for the dominant eigenvalue
         |             number of iterations: 1
         |          post processing ...
         |          null space eigenvalue count: 3
         |       Solving with order 2 ...
         |          matrix size: 251
         |          solving the eigenvalue problem ...
         |             using initial guess for the dominant eigenvalue
         |             number of iterations: 1
         |          post processing ...
         |          null space eigenvalue count: 3
         |       Solving with order 3 ...
         |          matrix size: 521
         |          solving the eigenvalue problem ...
         |             using initial guess for the dominant eigenvalue
         |             number of iterations: 1
         |          post processing ...
         |          null space eigenvalue count: 3
         |          solve elapsed time: 0.232715 s
         |       Results:
         |          -------------------------------------------------------------------------------------------------------------------------
         |           mode     frequency           er,eff       alpha,dB/m  beta/1000,rad/m          beta/ko         Zo(real)         Zo(imag)
         |          -------------------------------------------------------------------------------------------------------------------------
         |           1         9.42e+09        1.0184476     1.287462e-14       0.19924132        1.0091816        72.659826     2.070065e-14
         |          -------------------------------------------------------------------------------------------------------------------------
         |       Finished
         |       cummulative elapsed time: 0.741152 s
         | Job Complete
         | Elapsed time: 0.741273 s
      building finite element spaces ...
      Driving S-port 1 ...
         solving E field in 3D volume ...
            using Cholesky preconditioner ...
               Converged: RTOL
         solving H field in 3D volume ...
            using Cholesky preconditioner ...
               Converged: RTOL
         post-processing ...
         radiation boundary currents ...
         radiation patterns ...
            INFO: Skipping Touchstone file output for non-renormalized data.
*******************************************************************************************************************************************************
 Frequency: 9440000000
*******************************************************************************************************************************************************
   Using existing mesh ...
      mesh worst element aspect ratio: 89.3008 > target: 5
      mesh size: 9669
      mesh edge length/wavelength in element: shortest=0.000157489 longest=0.34121
      solving 2D ports ...
         Port "port1" ...
         | OpenParEM2D 2.1.0 Copyright (C) 2025 Brian Young
         | 
         | This program comes with ABSOLUTELY NO WARRANTY.  This is free software,
         | and you are welcome to distribute it under certain conditions. To see
         | the full license, set
         |   output.show.license true
         | in the setup file.
         | 
         | Setting up ...
         |    loading project file "Sport1.proj"
         |    loading materials file "/home/briany/OpenParEM/regression/OpenParEM2D/global_materials.txt"
         |    loading materials file "/home/briany/OpenParEM/regression/OpenParEM3D/antenna/dipole_study/local_materials.txt"
         |    loading mode definition file "Sport1_lines.txt"
         | Loading mesh and assigning materials ...
         |       using MFEM mesh format
         | Frequency: 9.44e+09
         |    Using existing mesh ...
         |       mesh size: 32
         |       mesh worst element aspect ratio: 24.4002 > target: 5
         |       Using finite element order ramping ...
         |       Solving with order 1 ...
         |          matrix size: 77
         |          solving the eigenvalue problem ...
         |             using initial guess for the dominant eigenvalue
         |             number of iterations: 1
         |          post processing ...
         |          null space eigenvalue count: 3
         |       Solving with order 2 ...
         |          matrix size: 251
         |          solving the eigenvalue problem ...
         |             using initial guess for the dominant eigenvalue
         |             number of iterations: 1
         |          post processing ...
         |          null space eigenvalue count: 3
         |       Solving with order 3 ...
         |          matrix size: 521
         |          solving the eigenvalue problem ...
         |             using initial guess for the dominant eigenvalue
         |             number of iterations: 1
         |          post processing ...
         |          null space eigenvalue count: 3
         |          solve elapsed time: 0.246867 s
         |       Results:
         |          -------------------------------------------------------------------------------------------------------------------------
         |           mode     frequency           er,eff       alpha,dB/m  beta/1000,rad/m          beta/ko         Zo(real)         Zo(imag)
         |          -------------------------------------------------------------------------------------------------------------------------
         |           1         9.44e+09        1.0184476    2.2738721e-13       0.19966434        1.0091816        72.659829     4.491889e-14
         |          -------------------------------------------------------------------------------------------------------------------------
         |       Finished
         |       cummulative elapsed time: 0.747803 s
         | Job Complete
         | Elapsed time: 0.74792 s
      building finite element spaces ...
      Driving S-port 1 ...
         solving E field in 3D volume ...
            using Cholesky preconditioner ...
               Converged: RTOL
         solving H field in 3D volume ...
            using Cholesky preconditioner ...
               Converged: RTOL
         post-processing ...
         radiation boundary currents ...
         radiation patterns ...
            INFO: Skipping Touchstone file output for non-renormalized data.
*******************************************************************************************************************************************************
 Frequency: 9460000000
*******************************************************************************************************************************************************
   Using existing mesh ...
      mesh worst element aspect ratio: 89.3008 > target: 5
      mesh size: 9669
      mesh edge length/wavelength in element: shortest=0.000157823 longest=0.341933
      solving 2D ports ...
         Port "port1" ...
         | OpenParEM2D 2.1.0 Copyright (C) 2025 Brian Young
         | 
         | This program comes with ABSOLUTELY NO WARRANTY.  This is free software,
         | and you are welcome to distribute it under certain conditions. To see
         | the full license, set
         |   output.show.license true
         | in the setup file.
         | 
         | Setting up ...
         |    loading project file "Sport1.proj"
         |    loading materials file "/home/briany/OpenParEM/regression/OpenParEM2D/global_materials.txt"
         |    loading materials file "/home/briany/OpenParEM/regression/OpenParEM3D/antenna/dipole_study/local_materials.txt"
         |    loading mode definition file "Sport1_lines.txt"
         | Loading mesh and assigning materials ...
         |       using MFEM mesh format
         | Frequency: 9.46e+09
         |    Using existing mesh ...
         |       mesh size: 32
         |       mesh worst element aspect ratio: 24.4002 > target: 5
         |       Using finite element order ramping ...
         |       Solving with order 1 ...
         |          matrix size: 77
         |          solving the eigenvalue problem ...
         |             using initial guess for the dominant eigenvalue
         |             number of iterations: 1
         |          post processing ...
         |          null space eigenvalue count: 3
         |       Solving with order 2 ...
         |          matrix size: 251
         |          solving the eigenvalue problem ...
         |             using initial guess for the dominant eigenvalue
         |             number of iterations: 1
         |          post processing ...
         |          null space eigenvalue count: 3
         |       Solving with order 3 ...
         |          matrix size: 521
         |          solving the eigenvalue problem ...
         |             using initial guess for the dominant eigenvalue
         |             number of iterations: 1
         |          post processing ...
         |          null space eigenvalue count: 3
         |          solve elapsed time: 0.234149 s
         |       Results:
         |          -------------------------------------------------------------------------------------------------------------------------
         |           mode     frequency           er,eff       alpha,dB/m  beta/1000,rad/m          beta/ko         Zo(real)         Zo(imag)
         |          -------------------------------------------------------------------------------------------------------------------------
         |           1         9.46e+09        1.0184476    1.5385653e-13       0.20008736        1.0091816        72.659831   -7.8964873e-15
         |          -------------------------------------------------------------------------------------------------------------------------
         |       Finished
         |       cummulative elapsed time: 0.758512 s
         | Job Complete
         | Elapsed time: 0.758627 s
      building finite element spaces ...
      Driving S-port 1 ...
         solving E field in 3D volume ...
            using Cholesky preconditioner ...
               Converged: RTOL
         solving H field in 3D volume ...
            using Cholesky preconditioner ...
               Converged: RTOL
         post-processing ...
         radiation boundary currents ...
         radiation patterns ...
            INFO: Skipping Touchstone file output for non-renormalized data.
*******************************************************************************************************************************************************
 Frequency: 9480000000
*******************************************************************************************************************************************************
   Using existing mesh ...
      mesh worst element aspect ratio: 89.3008 > target: 5
      mesh size: 9669
      mesh edge length/wavelength in element: shortest=0.000158157 longest=0.342656
      solving 2D ports ...
         Port "port1" ...
         | OpenParEM2D 2.1.0 Copyright (C) 2025 Brian Young
         | 
         | This program comes with ABSOLUTELY NO WARRANTY.  This is free software,
         | and you are welcome to distribute it under certain conditions. To see
         | the full license, set
         |   output.show.license true
         | in the setup file.
         | 
         | Setting up ...
         |    loading project file "Sport1.proj"
         |    loading materials file "/home/briany/OpenParEM/regression/OpenParEM2D/global_materials.txt"
         |    loading materials file "/home/briany/OpenParEM/regression/OpenParEM3D/antenna/dipole_study/local_materials.txt"
         |    loading mode definition file "Sport1_lines.txt"
         | Loading mesh and assigning materials ...
         |       using MFEM mesh format
         | Frequency: 9.48e+09
         |    Using existing mesh ...
         |       mesh size: 32
         |       mesh worst element aspect ratio: 24.4002 > target: 5
         |       Using finite element order ramping ...
         |       Solving with order 1 ...
         |          matrix size: 77
         |          solving the eigenvalue problem ...
         |             using initial guess for the dominant eigenvalue
         |             number of iterations: 1
         |          post processing ...
         |          null space eigenvalue count: 3
         |       Solving with order 2 ...
         |          matrix size: 251
         |          solving the eigenvalue problem ...
         |             using initial guess for the dominant eigenvalue
         |             number of iterations: 1
         |          post processing ...
         |          null space eigenvalue count: 3
         |       Solving with order 3 ...
         |          matrix size: 521
         |          solving the eigenvalue problem ...
         |             using initial guess for the dominant eigenvalue
         |             number of iterations: 1
         |          post processing ...
         |          null space eigenvalue count: 3
         |          solve elapsed time: 0.229317 s
         |       Results:
         |          -------------------------------------------------------------------------------------------------------------------------
         |           mode     frequency           er,eff       alpha,dB/m  beta/1000,rad/m          beta/ko         Zo(real)         Zo(imag)
         |          -------------------------------------------------------------------------------------------------------------------------
         |           1         9.48e+09        1.0184476    8.6527761e-14       0.20051037        1.0091816        72.659834    1.1911691e-14
         |          -------------------------------------------------------------------------------------------------------------------------
         |       Finished
         |       cummulative elapsed time: 0.757801 s
         | Job Complete
         | Elapsed time: 0.757915 s
      building finite element spaces ...
      Driving S-port 1 ...
         solving E field in 3D volume ...
            using Cholesky preconditioner ...
               Converged: RTOL
         solving H field in 3D volume ...
            using Cholesky preconditioner ...
               Converged: RTOL
         post-processing ...
         radiation boundary currents ...
         radiation patterns ...
            INFO: Skipping Touchstone file output for non-renormalized data.
*******************************************************************************************************************************************************
 Frequency: 9500000000
*******************************************************************************************************************************************************
   Using existing mesh ...
      mesh worst element aspect ratio: 89.3008 > target: 5
      mesh size: 9669
      mesh edge length/wavelength in element: shortest=0.00015849 longest=0.343378
      solving 2D ports ...
         Port "port1" ...
         | OpenParEM2D 2.1.0 Copyright (C) 2025 Brian Young
         | 
         | This program comes with ABSOLUTELY NO WARRANTY.  This is free software,
         | and you are welcome to distribute it under certain conditions. To see
         | the full license, set
         |   output.show.license true
         | in the setup file.
         | 
         | Setting up ...
         |    loading project file "Sport1.proj"
         |    loading materials file "/home/briany/OpenParEM/regression/OpenParEM2D/global_materials.txt"
         |    loading materials file "/home/briany/OpenParEM/regression/OpenParEM3D/antenna/dipole_study/local_materials.txt"
         |    loading mode definition file "Sport1_lines.txt"
         | Loading mesh and assigning materials ...
         |       using MFEM mesh format
         | Frequency: 9.5e+09
         |    Using existing mesh ...
         |       mesh size: 32
         |       mesh worst element aspect ratio: 24.4002 > target: 5
         |       Using finite element order ramping ...
         |       Solving with order 1 ...
         |          matrix size: 77
         |          solving the eigenvalue problem ...
         |             using initial guess for the dominant eigenvalue
         |             number of iterations: 1
         |          post processing ...
         |          null space eigenvalue count: 3
         |       Solving with order 2 ...
         |          matrix size: 251
         |          solving the eigenvalue problem ...
         |             using initial guess for the dominant eigenvalue
         |             number of iterations: 1
         |          post processing ...
         |          null space eigenvalue count: 3
         |       Solving with order 3 ...
         |          matrix size: 521
         |          solving the eigenvalue problem ...
         |             using initial guess for the dominant eigenvalue
         |             number of iterations: 1
         |          post processing ...
         |          null space eigenvalue count: 3
         |          solve elapsed time: 0.236421 s
         |       Results:
         |          -------------------------------------------------------------------------------------------------------------------------
         |           mode     frequency           er,eff       alpha,dB/m  beta/1000,rad/m          beta/ko         Zo(real)         Zo(imag)
         |          -------------------------------------------------------------------------------------------------------------------------
         |           1          9.5e+09        1.0184476    2.2874339e-13       0.20093339        1.0091816        72.659836   -2.2967257e-14
         |          -------------------------------------------------------------------------------------------------------------------------
         |       Finished
         |       cummulative elapsed time: 0.752922 s
         | Job Complete
         | Elapsed time: 0.75304 s
      building finite element spaces ...
      Driving S-port 1 ...
         solving E field in 3D volume ...
            using Cholesky preconditioner ...
               Converged: RTOL
         solving H field in 3D volume ...
            using Cholesky preconditioner ...
               Converged: RTOL
         post-processing ...
         radiation boundary currents ...
         radiation patterns ...
            INFO: Skipping Touchstone file output for non-renormalized data.
*******************************************************************************************************************************************************
 Frequency: 9520000000
*******************************************************************************************************************************************************
   Using existing mesh ...
      mesh worst element aspect ratio: 89.3008 > target: 5
      mesh size: 9669
      mesh edge length/wavelength in element: shortest=0.000158824 longest=0.344101
      solving 2D ports ...
         Port "port1" ...
         | OpenParEM2D 2.1.0 Copyright (C) 2025 Brian Young
         | 
         | This program comes with ABSOLUTELY NO WARRANTY.  This is free software,
         | and you are welcome to distribute it under certain conditions. To see
         | the full license, set
         |   output.show.license true
         | in the setup file.
         | 
         | Setting up ...
         |    loading project file "Sport1.proj"
         |    loading materials file "/home/briany/OpenParEM/regression/OpenParEM2D/global_materials.txt"
         |    loading materials file "/home/briany/OpenParEM/regression/OpenParEM3D/antenna/dipole_study/local_materials.txt"
         |    loading mode definition file "Sport1_lines.txt"
         | Loading mesh and assigning materials ...
         |       using MFEM mesh format
         | Frequency: 9.52e+09
         |    Using existing mesh ...
         |       mesh size: 32
         |       mesh worst element aspect ratio: 24.4002 > target: 5
         |       Using finite element order ramping ...
         |       Solving with order 1 ...
         |          matrix size: 77
         |          solving the eigenvalue problem ...
         |             using initial guess for the dominant eigenvalue
         |             number of iterations: 1
         |          post processing ...
         |          null space eigenvalue count: 3
         |       Solving with order 2 ...
         |          matrix size: 251
         |          solving the eigenvalue problem ...
         |             using initial guess for the dominant eigenvalue
         |             number of iterations: 1
         |          post processing ...
         |          null space eigenvalue count: 3
         |       Solving with order 3 ...
         |          matrix size: 521
         |          solving the eigenvalue problem ...
         |             using initial guess for the dominant eigenvalue
         |             number of iterations: 1
         |          post processing ...
         |          null space eigenvalue count: 3
         |          solve elapsed time: 0.231725 s
         |       Results:
         |          -------------------------------------------------------------------------------------------------------------------------
         |           mode     frequency           er,eff       alpha,dB/m  beta/1000,rad/m          beta/ko         Zo(real)         Zo(imag)
         |          -------------------------------------------------------------------------------------------------------------------------
         |           1         9.52e+09        1.0184476    9.7630631e-14       0.20135641        1.0091816        72.659839    2.5476898e-14
         |          -------------------------------------------------------------------------------------------------------------------------
         |       Finished
         |       cummulative elapsed time: 0.782788 s
         | Job Complete
         | Elapsed time: 0.782909 s
      building finite element spaces ...
      Driving S-port 1 ...
         solving E field in 3D volume ...
            using Cholesky preconditioner ...
               Converged: RTOL
         solving H field in 3D volume ...
            using Cholesky preconditioner ...
               Converged: RTOL
         post-processing ...
         radiation boundary currents ...
         radiation patterns ...
            INFO: Skipping Touchstone file output for non-renormalized data.
*******************************************************************************************************************************************************
 Frequency: 9540000000
*******************************************************************************************************************************************************
   Using existing mesh ...
      mesh worst element aspect ratio: 89.3008 > target: 5
      mesh size: 9669
      mesh edge length/wavelength in element: shortest=0.000159158 longest=0.344824
      solving 2D ports ...
         Port "port1" ...
         | OpenParEM2D 2.1.0 Copyright (C) 2025 Brian Young
         | 
         | This program comes with ABSOLUTELY NO WARRANTY.  This is free software,
         | and you are welcome to distribute it under certain conditions. To see
         | the full license, set
         |   output.show.license true
         | in the setup file.
         | 
         | Setting up ...
         |    loading project file "Sport1.proj"
         |    loading materials file "/home/briany/OpenParEM/regression/OpenParEM2D/global_materials.txt"
         |    loading materials file "/home/briany/OpenParEM/regression/OpenParEM3D/antenna/dipole_study/local_materials.txt"
         |    loading mode definition file "Sport1_lines.txt"
         | Loading mesh and assigning materials ...
         |       using MFEM mesh format
         | Frequency: 9.54e+09
         |    Using existing mesh ...
         |       mesh size: 32
         |       mesh worst element aspect ratio: 24.4002 > target: 5
         |       Using finite element order ramping ...
         |       Solving with order 1 ...
         |          matrix size: 77
         |          solving the eigenvalue problem ...
         |             using initial guess for the dominant eigenvalue
         |             number of iterations: 1
         |          post processing ...
         |          null space eigenvalue count: 3
         |       Solving with order 2 ...
         |          matrix size: 251
         |          solving the eigenvalue problem ...
         |             using initial guess for the dominant eigenvalue
         |             number of iterations: 1
         |          post processing ...
         |          null space eigenvalue count: 3
         |       Solving with order 3 ...
         |          matrix size: 521
         |          solving the eigenvalue problem ...
         |             using initial guess for the dominant eigenvalue
         |             number of iterations: 1
         |          post processing ...
         |          null space eigenvalue count: 3
         |          solve elapsed time: 0.250673 s
         |       Results:
         |          -------------------------------------------------------------------------------------------------------------------------
         |           mode     frequency           er,eff       alpha,dB/m  beta/1000,rad/m          beta/ko         Zo(real)         Zo(imag)
         |          -------------------------------------------------------------------------------------------------------------------------
         |           1         9.54e+09        1.0184476    3.3187129e-13       0.20177943        1.0091816        72.659842     5.281005e-15
         |          -------------------------------------------------------------------------------------------------------------------------
         |       Finished
         |       cummulative elapsed time: 0.751706 s
         | Job Complete
         | Elapsed time: 0.75182 s
      building finite element spaces ...
      Driving S-port 1 ...
         solving E field in 3D volume ...
            using Cholesky preconditioner ...
               Converged: RTOL
         solving H field in 3D volume ...
            using Cholesky preconditioner ...
               Converged: RTOL
         post-processing ...
         radiation boundary currents ...
         radiation patterns ...
            INFO: Skipping Touchstone file output for non-renormalized data.
*******************************************************************************************************************************************************
 Frequency: 9560000000
*******************************************************************************************************************************************************
   Using existing mesh ...
      mesh worst element aspect ratio: 89.3008 > target: 5
      mesh size: 9669
      mesh edge length/wavelength in element: shortest=0.000159491 longest=0.345547
      solving 2D ports ...
         Port "port1" ...
         | OpenParEM2D 2.1.0 Copyright (C) 2025 Brian Young
         | 
         | This program comes with ABSOLUTELY NO WARRANTY.  This is free software,
         | and you are welcome to distribute it under certain conditions. To see
         | the full license, set
         |   output.show.license true
         | in the setup file.
         | 
         | Setting up ...
         |    loading project file "Sport1.proj"
         |    loading materials file "/home/briany/OpenParEM/regression/OpenParEM2D/global_materials.txt"
         |    loading materials file "/home/briany/OpenParEM/regression/OpenParEM3D/antenna/dipole_study/local_materials.txt"
         |    loading mode definition file "Sport1_lines.txt"
         | Loading mesh and assigning materials ...
         |       using MFEM mesh format
         | Frequency: 9.56e+09
         |    Using existing mesh ...
         |       mesh size: 32
         |       mesh worst element aspect ratio: 24.4002 > target: 5
         |       Using finite element order ramping ...
         |       Solving with order 1 ...
         |          matrix size: 77
         |          solving the eigenvalue problem ...
         |             using initial guess for the dominant eigenvalue
         |             number of iterations: 1
         |          post processing ...
         |          null space eigenvalue count: 3
         |       Solving with order 2 ...
         |          matrix size: 251
         |          solving the eigenvalue problem ...
         |             using initial guess for the dominant eigenvalue
         |             number of iterations: 1
         |          post processing ...
         |          null space eigenvalue count: 3
         |       Solving with order 3 ...
         |          matrix size: 521
         |          solving the eigenvalue problem ...
         |             using initial guess for the dominant eigenvalue
         |             number of iterations: 1
         |          post processing ...
         |          null space eigenvalue count: 3
         |          solve elapsed time: 0.254324 s
         |       Results:
         |          -------------------------------------------------------------------------------------------------------------------------
         |           mode     frequency           er,eff       alpha,dB/m  beta/1000,rad/m          beta/ko         Zo(real)         Zo(imag)
         |          -------------------------------------------------------------------------------------------------------------------------
         |           1         9.56e+09        1.0184476   -5.3099201e-13       0.20220244        1.0091816        72.659844   -2.6190047e-14
         |          -------------------------------------------------------------------------------------------------------------------------
         |       Finished
         |       cummulative elapsed time: 0.744368 s
         | Job Complete
         | Elapsed time: 0.744472 s
      building finite element spaces ...
      Driving S-port 1 ...
         solving E field in 3D volume ...
            using Cholesky preconditioner ...
               Converged: RTOL
         solving H field in 3D volume ...
            using Cholesky preconditioner ...
               Converged: RTOL
         post-processing ...
         radiation boundary currents ...
         radiation patterns ...
            INFO: Skipping Touchstone file output for non-renormalized data.
*******************************************************************************************************************************************************
 Frequency: 9580000000
*******************************************************************************************************************************************************
   Using existing mesh ...
      mesh worst element aspect ratio: 89.3008 > target: 5
      mesh size: 9669
      mesh edge length/wavelength in element: shortest=0.000159825 longest=0.34627
      solving 2D ports ...
         Port "port1" ...
         | OpenParEM2D 2.1.0 Copyright (C) 2025 Brian Young
         | 
         | This program comes with ABSOLUTELY NO WARRANTY.  This is free software,
         | and you are welcome to distribute it under certain conditions. To see
         | the full license, set
         |   output.show.license true
         | in the setup file.
         | 
         | Setting up ...
         |    loading project file "Sport1.proj"
         |    loading materials file "/home/briany/OpenParEM/regression/OpenParEM2D/global_materials.txt"
         |    loading materials file "/home/briany/OpenParEM/regression/OpenParEM3D/antenna/dipole_study/local_materials.txt"
         |    loading mode definition file "Sport1_lines.txt"
         | Loading mesh and assigning materials ...
         |       using MFEM mesh format
         | Frequency: 9.58e+09
         |    Using existing mesh ...
         |       mesh size: 32
         |       mesh worst element aspect ratio: 24.4002 > target: 5
         |       Using finite element order ramping ...
         |       Solving with order 1 ...
         |          matrix size: 77
         |          solving the eigenvalue problem ...
         |             using initial guess for the dominant eigenvalue
         |             number of iterations: 1
         |          post processing ...
         |          null space eigenvalue count: 2
         |       Solving with order 2 ...
         |          matrix size: 251
         |          solving the eigenvalue problem ...
         |             using initial guess for the dominant eigenvalue
         |             number of iterations: 1
         |          post processing ...
         |          null space eigenvalue count: 3
         |       Solving with order 3 ...
         |          matrix size: 521
         |          solving the eigenvalue problem ...
         |             using initial guess for the dominant eigenvalue
         |             number of iterations: 1
         |          post processing ...
         |          null space eigenvalue count: 3
         |          solve elapsed time: 0.239339 s
         |       Results:
         |          -------------------------------------------------------------------------------------------------------------------------
         |           mode     frequency           er,eff       alpha,dB/m  beta/1000,rad/m          beta/ko         Zo(real)         Zo(imag)
         |          -------------------------------------------------------------------------------------------------------------------------
         |           1         9.58e+09        1.0184476   -5.1826434e-14       0.20262546        1.0091816        72.659847   -1.9945092e-15
         |          -------------------------------------------------------------------------------------------------------------------------
         |       Finished
         |       cummulative elapsed time: 0.769013 s
         | Job Complete
         | Elapsed time: 0.769126 s
      building finite element spaces ...
      Driving S-port 1 ...
         solving E field in 3D volume ...
            using Cholesky preconditioner ...
               Converged: RTOL
         solving H field in 3D volume ...
            using Cholesky preconditioner ...
               Converged: RTOL
         post-processing ...
         radiation boundary currents ...
         radiation patterns ...
            INFO: Skipping Touchstone file output for non-renormalized data.
*******************************************************************************************************************************************************
 Frequency: 9600000000
*******************************************************************************************************************************************************
   Using existing mesh ...
      mesh worst element aspect ratio: 89.3008 > target: 5
      mesh size: 9669
      mesh edge length/wavelength in element: shortest=0.000160159 longest=0.346993
      solving 2D ports ...
         Port "port1" ...
         | OpenParEM2D 2.1.0 Copyright (C) 2025 Brian Young
         | 
         | This program comes with ABSOLUTELY NO WARRANTY.  This is free software,
         | and you are welcome to distribute it under certain conditions. To see
         | the full license, set
         |   output.show.license true
         | in the setup file.
         | 
         | Setting up ...
         |    loading project file "Sport1.proj"
         |    loading materials file "/home/briany/OpenParEM/regression/OpenParEM2D/global_materials.txt"
         |    loading materials file "/home/briany/OpenParEM/regression/OpenParEM3D/antenna/dipole_study/local_materials.txt"
         |    loading mode definition file "Sport1_lines.txt"
         | Loading mesh and assigning materials ...
         |       using MFEM mesh format
         | Frequency: 9.6e+09
         |    Using existing mesh ...
         |       mesh size: 32
         |       mesh worst element aspect ratio: 24.4002 > target: 5
         |       Using finite element order ramping ...
         |       Solving with order 1 ...
         |          matrix size: 77
         |          solving the eigenvalue problem ...
         |             using initial guess for the dominant eigenvalue
         |             number of iterations: 1
         |          post processing ...
         |          null space eigenvalue count: 3
         |       Solving with order 2 ...
         |          matrix size: 251
         |          solving the eigenvalue problem ...
         |             using initial guess for the dominant eigenvalue
         |             number of iterations: 1
         |          post processing ...
         |          null space eigenvalue count: 3
         |       Solving with order 3 ...
         |          matrix size: 521
         |          solving the eigenvalue problem ...
         |             using initial guess for the dominant eigenvalue
         |             number of iterations: 1
         |          post processing ...
         |          null space eigenvalue count: 3
         |          solve elapsed time: 0.231963 s
         |       Results:
         |          -------------------------------------------------------------------------------------------------------------------------
         |           mode     frequency           er,eff       alpha,dB/m  beta/1000,rad/m          beta/ko         Zo(real)         Zo(imag)
         |          -------------------------------------------------------------------------------------------------------------------------
         |           1          9.6e+09        1.0184476   -4.0591349e-13       0.20304848        1.0091816         72.65985   -6.7720048e-15
         |          -------------------------------------------------------------------------------------------------------------------------
         |       Finished
         |       cummulative elapsed time: 0.784585 s
         | Job Complete
         | Elapsed time: 0.784695 s
      building finite element spaces ...
      Driving S-port 1 ...
         solving E field in 3D volume ...
            using Cholesky preconditioner ...
               Converged: RTOL
         solving H field in 3D volume ...
            using Cholesky preconditioner ...
               Converged: RTOL
         post-processing ...
         radiation boundary currents ...
         radiation patterns ...
            INFO: Skipping Touchstone file output for non-renormalized data.
*******************************************************************************************************************************************************
 Frequency: 9750000000
*******************************************************************************************************************************************************
   Using existing mesh ...
      mesh worst element aspect ratio: 89.3008 > target: 5
      mesh size: 9669
      mesh edge length/wavelength in element: shortest=0.000162661 longest=0.352415
      solving 2D ports ...
         Port "port1" ...
         | OpenParEM2D 2.1.0 Copyright (C) 2025 Brian Young
         | 
         | This program comes with ABSOLUTELY NO WARRANTY.  This is free software,
         | and you are welcome to distribute it under certain conditions. To see
         | the full license, set
         |   output.show.license true
         | in the setup file.
         | 
         | Setting up ...
         |    loading project file "Sport1.proj"
         |    loading materials file "/home/briany/OpenParEM/regression/OpenParEM2D/global_materials.txt"
         |    loading materials file "/home/briany/OpenParEM/regression/OpenParEM3D/antenna/dipole_study/local_materials.txt"
         |    loading mode definition file "Sport1_lines.txt"
         | Loading mesh and assigning materials ...
         |       using MFEM mesh format
         | Frequency: 9.75e+09
         |    Using existing mesh ...
         |       mesh size: 32
         |       mesh worst element aspect ratio: 24.4002 > target: 5
         |       Using finite element order ramping ...
         |       Solving with order 1 ...
         |          matrix size: 77
         |          solving the eigenvalue problem ...
         |             using initial guess for the dominant eigenvalue
         |             number of iterations: 1
         |          post processing ...
         |       Solving with order 2 ...
         |          matrix size: 251
         |          solving the eigenvalue problem ...
         |             using initial guess for the dominant eigenvalue
         |             number of iterations: 1
         |          post processing ...
         |          null space eigenvalue count: 3
         |       Solving with order 3 ...
         |          matrix size: 521
         |          solving the eigenvalue problem ...
         |             using initial guess for the dominant eigenvalue
         |             number of iterations: 1
         |          post processing ...
         |          null space eigenvalue count: 3
         |          solve elapsed time: 0.244054 s
         |       Results:
         |          -------------------------------------------------------------------------------------------------------------------------
         |           mode     frequency           er,eff       alpha,dB/m  beta/1000,rad/m          beta/ko         Zo(real)         Zo(imag)
         |          -------------------------------------------------------------------------------------------------------------------------
         |           1         9.75e+09        1.0184476    3.4106991e-14       0.20622111        1.0091817         72.65987   -3.7813994e-14
         |          -------------------------------------------------------------------------------------------------------------------------
         |       Finished
         |       cummulative elapsed time: 0.735689 s
         | Job Complete
         | Elapsed time: 0.735801 s
      building finite element spaces ...
      Driving S-port 1 ...
         solving E field in 3D volume ...
            using Cholesky preconditioner ...
               Converged: RTOL
         solving H field in 3D volume ...
            using Cholesky preconditioner ...
               Converged: RTOL
         post-processing ...
         radiation boundary currents ...
         radiation patterns ...
            INFO: Skipping Touchstone file output for non-renormalized data.
*******************************************************************************************************************************************************
 Frequency: 10000000000
*******************************************************************************************************************************************************
   Using existing mesh ...
      mesh worst element aspect ratio: 89.3008 > target: 5
      mesh size: 9669
      mesh edge length/wavelength in element: shortest=0.000166832 longest=0.361451
      solving 2D ports ...
         Port "port1" ...
         | OpenParEM2D 2.1.0 Copyright (C) 2025 Brian Young
         | 
         | This program comes with ABSOLUTELY NO WARRANTY.  This is free software,
         | and you are welcome to distribute it under certain conditions. To see
         | the full license, set
         |   output.show.license true
         | in the setup file.
         | 
         | Setting up ...
         |    loading project file "Sport1.proj"
         |    loading materials file "/home/briany/OpenParEM/regression/OpenParEM2D/global_materials.txt"
         |    loading materials file "/home/briany/OpenParEM/regression/OpenParEM3D/antenna/dipole_study/local_materials.txt"
         |    loading mode definition file "Sport1_lines.txt"
         | Loading mesh and assigning materials ...
         |       using MFEM mesh format
         | Frequency: 1e+10
         |    Using existing mesh ...
         |       mesh size: 32
         |       mesh worst element aspect ratio: 24.4002 > target: 5
         |       Using finite element order ramping ...
         |       Solving with order 1 ...
         |          matrix size: 77
         |          solving the eigenvalue problem ...
         |             using initial guess for the dominant eigenvalue
         |             number of iterations: 1
         |          post processing ...
         |       Solving with order 2 ...
         |          matrix size: 251
         |          solving the eigenvalue problem ...
         |             using initial guess for the dominant eigenvalue
         |             number of iterations: 1
         |          post processing ...
         |          null space eigenvalue count: 3
         |       Solving with order 3 ...
         |          matrix size: 521
         |          solving the eigenvalue problem ...
         |             using initial guess for the dominant eigenvalue
         |             number of iterations: 1
         |          post processing ...
         |          null space eigenvalue count: 3
         |          solve elapsed time: 0.236941 s
         |       Results:
         |          -------------------------------------------------------------------------------------------------------------------------
         |           mode     frequency           er,eff       alpha,dB/m  beta/1000,rad/m          beta/ko         Zo(real)         Zo(imag)
         |          -------------------------------------------------------------------------------------------------------------------------
         |           1            1e+10        1.0184476   -8.0318123e-14       0.21150883        1.0091817        72.659903   -2.4808338e-14
         |          -------------------------------------------------------------------------------------------------------------------------
         |       Finished
         |       cummulative elapsed time: 0.739954 s
         | Job Complete
         | Elapsed time: 0.740073 s
      building finite element spaces ...
      Driving S-port 1 ...
         solving E field in 3D volume ...
            using Cholesky preconditioner ...
               Converged: RTOL
         solving H field in 3D volume ...
            using Cholesky preconditioner ...
               Converged: RTOL
         post-processing ...
         radiation boundary currents ...
         radiation patterns ...
            INFO: Skipping Touchstone file output for non-renormalized data.
*******************************************************************************************************************************************************
 Frequency: 10250000000
*******************************************************************************************************************************************************
   Using existing mesh ...
      mesh worst element aspect ratio: 89.3008 > target: 5
      mesh size: 9669
      mesh edge length/wavelength in element: shortest=0.000171003 longest=0.370487
      solving 2D ports ...
         Port "port1" ...
         | OpenParEM2D 2.1.0 Copyright (C) 2025 Brian Young
         | 
         | This program comes with ABSOLUTELY NO WARRANTY.  This is free software,
         | and you are welcome to distribute it under certain conditions. To see
         | the full license, set
         |   output.show.license true
         | in the setup file.
         | 
         | Setting up ...
         |    loading project file "Sport1.proj"
         |    loading materials file "/home/briany/OpenParEM/regression/OpenParEM2D/global_materials.txt"
         |    loading materials file "/home/briany/OpenParEM/regression/OpenParEM3D/antenna/dipole_study/local_materials.txt"
         |    loading mode definition file "Sport1_lines.txt"
         | Loading mesh and assigning materials ...
         |       using MFEM mesh format
         | Frequency: 1.025e+10
         |    Using existing mesh ...
         |       mesh size: 32
         |       mesh worst element aspect ratio: 24.4002 > target: 5
         |       Using finite element order ramping ...
         |       Solving with order 1 ...
         |          matrix size: 77
         |          solving the eigenvalue problem ...
         |             using initial guess for the dominant eigenvalue
         |             number of iterations: 1
         |          post processing ...
         |          null space eigenvalue count: 2
         |       Solving with order 2 ...
         |          matrix size: 251
         |          solving the eigenvalue problem ...
         |             using initial guess for the dominant eigenvalue
         |             number of iterations: 1
         |          post processing ...
         |          null space eigenvalue count: 3
         |       Solving with order 3 ...
         |          matrix size: 521
         |          solving the eigenvalue problem ...
         |             using initial guess for the dominant eigenvalue
         |             number of iterations: 1
         |          post processing ...
         |          null space eigenvalue count: 3
         |          solve elapsed time: 0.23131 s
         |       Results:
         |          -------------------------------------------------------------------------------------------------------------------------
         |           mode     frequency           er,eff       alpha,dB/m  beta/1000,rad/m          beta/ko         Zo(real)         Zo(imag)
         |          -------------------------------------------------------------------------------------------------------------------------
         |           1        1.025e+10        1.0184476   -1.5888524e-13       0.21679656        1.0091817        72.659938    4.7466651e-15
         |          -------------------------------------------------------------------------------------------------------------------------
         |       Finished
         |       cummulative elapsed time: 0.740458 s
         | Job Complete
         | Elapsed time: 0.740574 s
      building finite element spaces ...
      Driving S-port 1 ...
         solving E field in 3D volume ...
            using Cholesky preconditioner ...
               Converged: RTOL
         solving H field in 3D volume ...
            using Cholesky preconditioner ...
               Converged: RTOL
         post-processing ...
         radiation boundary currents ...
         radiation patterns ...
            INFO: Skipping Touchstone file output for non-renormalized data.
*******************************************************************************************************************************************************
 Frequency: 10500000000
*******************************************************************************************************************************************************
   Using existing mesh ...
      mesh worst element aspect ratio: 89.3008 > target: 5
      mesh size: 9669
      mesh edge length/wavelength in element: shortest=0.000175174 longest=0.379524
      solving 2D ports ...
         Port "port1" ...
         | OpenParEM2D 2.1.0 Copyright (C) 2025 Brian Young
         | 
         | This program comes with ABSOLUTELY NO WARRANTY.  This is free software,
         | and you are welcome to distribute it under certain conditions. To see
         | the full license, set
         |   output.show.license true
         | in the setup file.
         | 
         | Setting up ...
         |    loading project file "Sport1.proj"
         |    loading materials file "/home/briany/OpenParEM/regression/OpenParEM2D/global_materials.txt"
         |    loading materials file "/home/briany/OpenParEM/regression/OpenParEM3D/antenna/dipole_study/local_materials.txt"
         |    loading mode definition file "Sport1_lines.txt"
         | Loading mesh and assigning materials ...
         |       using MFEM mesh format
         | Frequency: 1.05e+10
         |    Using existing mesh ...
         |       mesh size: 32
         |       mesh worst element aspect ratio: 24.4002 > target: 5
         |       Using finite element order ramping ...
         |       Solving with order 1 ...
         |          matrix size: 77
         |          solving the eigenvalue problem ...
         |             using initial guess for the dominant eigenvalue
         |             number of iterations: 1
         |          post processing ...
         |       Solving with order 2 ...
         |          matrix size: 251
         |          solving the eigenvalue problem ...
         |             using initial guess for the dominant eigenvalue
         |             number of iterations: 1
         |          post processing ...
         |          null space eigenvalue count: 3
         |       Solving with order 3 ...
         |          matrix size: 521
         |          solving the eigenvalue problem ...
         |             using initial guess for the dominant eigenvalue
         |             number of iterations: 1
         |          post processing ...
         |          null space eigenvalue count: 3
         |          solve elapsed time: 0.25165 s
         |       Results:
         |          -------------------------------------------------------------------------------------------------------------------------
         |           mode     frequency           er,eff       alpha,dB/m  beta/1000,rad/m          beta/ko         Zo(real)         Zo(imag)
         |          -------------------------------------------------------------------------------------------------------------------------
         |           1         1.05e+10        1.0184476    2.0421801e-13       0.22208428        1.0091817        72.659974   -4.8921338e-15
         |          -------------------------------------------------------------------------------------------------------------------------
         |       Finished
         |       cummulative elapsed time: 0.78204 s
         | Job Complete
         | Elapsed time: 0.782169 s
      building finite element spaces ...
      Driving S-port 1 ...
         solving E field in 3D volume ...
            using Cholesky preconditioner ...
               Converged: RTOL
         solving H field in 3D volume ...
            using Cholesky preconditioner ...
               Converged: RTOL
         post-processing ...
         radiation boundary currents ...
         radiation patterns ...
            INFO: Skipping Touchstone file output for non-renormalized data.
*******************************************************************************************************************************************************
 Frequency: 10750000000
*******************************************************************************************************************************************************
   Using existing mesh ...
      mesh worst element aspect ratio: 89.3008 > target: 5
      mesh size: 9669
      mesh edge length/wavelength in element: shortest=0.000179344 longest=0.38856
      solving 2D ports ...
         Port "port1" ...
         | OpenParEM2D 2.1.0 Copyright (C) 2025 Brian Young
         | 
         | This program comes with ABSOLUTELY NO WARRANTY.  This is free software,
         | and you are welcome to distribute it under certain conditions. To see
         | the full license, set
         |   output.show.license true
         | in the setup file.
         | 
         | Setting up ...
         |    loading project file "Sport1.proj"
         |    loading materials file "/home/briany/OpenParEM/regression/OpenParEM2D/global_materials.txt"
         |    loading materials file "/home/briany/OpenParEM/regression/OpenParEM3D/antenna/dipole_study/local_materials.txt"
         |    loading mode definition file "Sport1_lines.txt"
         | Loading mesh and assigning materials ...
         |       using MFEM mesh format
         | Frequency: 1.075e+10
         |    Using existing mesh ...
         |       mesh size: 32
         |       mesh worst element aspect ratio: 24.4002 > target: 5
         |       Using finite element order ramping ...
         |       Solving with order 1 ...
         |          matrix size: 77
         |          solving the eigenvalue problem ...
         |             using initial guess for the dominant eigenvalue
         |             number of iterations: 1
         |          post processing ...
         |          null space eigenvalue count: 2
         |       Solving with order 2 ...
         |          matrix size: 251
         |          solving the eigenvalue problem ...
         |             using initial guess for the dominant eigenvalue
         |             number of iterations: 1
         |          post processing ...
         |          null space eigenvalue count: 3
         |       Solving with order 3 ...
         |          matrix size: 521
         |          solving the eigenvalue problem ...
         |             using initial guess for the dominant eigenvalue
         |             number of iterations: 1
         |          post processing ...
         |          null space eigenvalue count: 3
         |          solve elapsed time: 0.231933 s
         |       Results:
         |          -------------------------------------------------------------------------------------------------------------------------
         |           mode     frequency           er,eff       alpha,dB/m  beta/1000,rad/m          beta/ko         Zo(real)         Zo(imag)
         |          -------------------------------------------------------------------------------------------------------------------------
         |           1        1.075e+10        1.0184476   -3.8702229e-13         0.227372        1.0091817         72.66001   -4.3994721e-14
         |          -------------------------------------------------------------------------------------------------------------------------
         |       Finished
         |       cummulative elapsed time: 0.753254 s
         | Job Complete
         | Elapsed time: 0.753375 s
      building finite element spaces ...
      Driving S-port 1 ...
         solving E field in 3D volume ...
            using Cholesky preconditioner ...
               Converged: RTOL
         solving H field in 3D volume ...
            using Cholesky preconditioner ...
               Converged: RTOL
         post-processing ...
         radiation boundary currents ...
         radiation patterns ...
            INFO: Skipping Touchstone file output for non-renormalized data.
*******************************************************************************************************************************************************
 Frequency: 11000000000
*******************************************************************************************************************************************************
   Using existing mesh ...
      mesh worst element aspect ratio: 89.3008 > target: 5
      mesh size: 9669
      mesh edge length/wavelength in element: shortest=0.000183515 longest=0.397596
      solving 2D ports ...
         Port "port1" ...
         | OpenParEM2D 2.1.0 Copyright (C) 2025 Brian Young
         | 
         | This program comes with ABSOLUTELY NO WARRANTY.  This is free software,
         | and you are welcome to distribute it under certain conditions. To see
         | the full license, set
         |   output.show.license true
         | in the setup file.
         | 
         | Setting up ...
         |    loading project file "Sport1.proj"
         |    loading materials file "/home/briany/OpenParEM/regression/OpenParEM2D/global_materials.txt"
         |    loading materials file "/home/briany/OpenParEM/regression/OpenParEM3D/antenna/dipole_study/local_materials.txt"
         |    loading mode definition file "Sport1_lines.txt"
         | Loading mesh and assigning materials ...
         |       using MFEM mesh format
         | Frequency: 1.1e+10
         |    Using existing mesh ...
         |       mesh size: 32
         |       mesh worst element aspect ratio: 24.4002 > target: 5
         |       Using finite element order ramping ...
         |       Solving with order 1 ...
         |          matrix size: 77
         |          solving the eigenvalue problem ...
         |             using initial guess for the dominant eigenvalue
         |             number of iterations: 1
         |          post processing ...
         |          null space eigenvalue count: 2
         |       Solving with order 2 ...
         |          matrix size: 251
         |          solving the eigenvalue problem ...
         |             using initial guess for the dominant eigenvalue
         |             number of iterations: 1
         |          post processing ...
         |          null space eigenvalue count: 3
         |       Solving with order 3 ...
         |          matrix size: 521
         |          solving the eigenvalue problem ...
         |             using initial guess for the dominant eigenvalue
         |             number of iterations: 1
         |          post processing ...
         |          null space eigenvalue count: 3
         |          solve elapsed time: 0.232964 s
         |       Results:
         |          -------------------------------------------------------------------------------------------------------------------------
         |           mode     frequency           er,eff       alpha,dB/m  beta/1000,rad/m          beta/ko         Zo(real)         Zo(imag)
         |          -------------------------------------------------------------------------------------------------------------------------
         |           1          1.1e+10        1.0184476    4.1701043e-15       0.23265972        1.0091817        72.660048    6.3927112e-15
         |          -------------------------------------------------------------------------------------------------------------------------
         |       Finished
         |       cummulative elapsed time: 0.780317 s
         | Job Complete
         | Elapsed time: 0.780446 s
      building finite element spaces ...
      Driving S-port 1 ...
         solving E field in 3D volume ...
            using Cholesky preconditioner ...
               Converged: RTOL
         solving H field in 3D volume ...
            using Cholesky preconditioner ...
               Converged: RTOL
         post-processing ...
         radiation boundary currents ...
         radiation patterns ...
            INFO: Skipping Touchstone file output for non-renormalized data.
*******************************************************************************************************************************************************
 Frequency: 11250000000
*******************************************************************************************************************************************************
   Using existing mesh ...
      mesh worst element aspect ratio: 89.3008 > target: 5
      mesh size: 9669
      mesh edge length/wavelength in element: shortest=0.000187686 longest=0.406632
      solving 2D ports ...
         Port "port1" ...
         | OpenParEM2D 2.1.0 Copyright (C) 2025 Brian Young
         | 
         | This program comes with ABSOLUTELY NO WARRANTY.  This is free software,
         | and you are welcome to distribute it under certain conditions. To see
         | the full license, set
         |   output.show.license true
         | in the setup file.
         | 
         | Setting up ...
         |    loading project file "Sport1.proj"
         |    loading materials file "/home/briany/OpenParEM/regression/OpenParEM2D/global_materials.txt"
         |    loading materials file "/home/briany/OpenParEM/regression/OpenParEM3D/antenna/dipole_study/local_materials.txt"
         |    loading mode definition file "Sport1_lines.txt"
         | Loading mesh and assigning materials ...
         |       using MFEM mesh format
         | Frequency: 1.125e+10
         |    Using existing mesh ...
         |       mesh size: 32
         |       mesh worst element aspect ratio: 24.4002 > target: 5
         |       Using finite element order ramping ...
         |       Solving with order 1 ...
         |          matrix size: 77
         |          solving the eigenvalue problem ...
         |             using initial guess for the dominant eigenvalue
         |             number of iterations: 1
         |          post processing ...
         |          null space eigenvalue count: 2
         |       Solving with order 2 ...
         |          matrix size: 251
         |          solving the eigenvalue problem ...
         |             using initial guess for the dominant eigenvalue
         |             number of iterations: 1
         |          post processing ...
         |          null space eigenvalue count: 1
         |       Solving with order 3 ...
         |          matrix size: 521
         |          solving the eigenvalue problem ...
         |             using initial guess for the dominant eigenvalue
         |             number of iterations: 1
         |          post processing ...
         |          null space eigenvalue count: 3
         |          solve elapsed time: 0.234563 s
         |       Results:
         |          -------------------------------------------------------------------------------------------------------------------------
         |           mode     frequency           er,eff       alpha,dB/m  beta/1000,rad/m          beta/ko         Zo(real)         Zo(imag)
         |          -------------------------------------------------------------------------------------------------------------------------
         |           1        1.125e+10        1.0184476    1.7259094e-13       0.23794744        1.0091817        72.660086    -5.887921e-15
         |          -------------------------------------------------------------------------------------------------------------------------
         |       Finished
         |       cummulative elapsed time: 0.808708 s
         | Job Complete
         | Elapsed time: 0.808815 s
      building finite element spaces ...
      Driving S-port 1 ...
         solving E field in 3D volume ...
            using Cholesky preconditioner ...
               Converged: RTOL
         solving H field in 3D volume ...
            using Cholesky preconditioner ...
               Converged: RTOL
         post-processing ...
         radiation boundary currents ...
         radiation patterns ...
            INFO: Skipping Touchstone file output for non-renormalized data.
*******************************************************************************************************************************************************
 Frequency: 11500000000
*******************************************************************************************************************************************************
   Using existing mesh ...
      mesh worst element aspect ratio: 89.3008 > target: 5
      mesh size: 9669
      mesh edge length/wavelength in element: shortest=0.000191857 longest=0.415669
      solving 2D ports ...
         Port "port1" ...
         | OpenParEM2D 2.1.0 Copyright (C) 2025 Brian Young
         | 
         | This program comes with ABSOLUTELY NO WARRANTY.  This is free software,
         | and you are welcome to distribute it under certain conditions. To see
         | the full license, set
         |   output.show.license true
         | in the setup file.
         | 
         | Setting up ...
         |    loading project file "Sport1.proj"
         |    loading materials file "/home/briany/OpenParEM/regression/OpenParEM2D/global_materials.txt"
         |    loading materials file "/home/briany/OpenParEM/regression/OpenParEM3D/antenna/dipole_study/local_materials.txt"
         |    loading mode definition file "Sport1_lines.txt"
         | Loading mesh and assigning materials ...
         |       using MFEM mesh format
         | Frequency: 1.15e+10
         |    Using existing mesh ...
         |       mesh size: 32
         |       mesh worst element aspect ratio: 24.4002 > target: 5
         |       Using finite element order ramping ...
         |       Solving with order 1 ...
         |          matrix size: 77
         |          solving the eigenvalue problem ...
         |             using initial guess for the dominant eigenvalue
         |             number of iterations: 1
         |          post processing ...
         |       Solving with order 2 ...
         |          matrix size: 251
         |          solving the eigenvalue problem ...
         |             using initial guess for the dominant eigenvalue
         |             number of iterations: 1
         |          post processing ...
         |       Solving with order 3 ...
         |          matrix size: 521
         |          solving the eigenvalue problem ...
         |             using initial guess for the dominant eigenvalue
         |             number of iterations: 1
         |          post processing ...
         |          null space eigenvalue count: 3
         |          solve elapsed time: 0.232993 s
         |       Results:
         |          -------------------------------------------------------------------------------------------------------------------------
         |           mode     frequency           er,eff       alpha,dB/m  beta/1000,rad/m          beta/ko         Zo(real)         Zo(imag)
         |          -------------------------------------------------------------------------------------------------------------------------
         |           1         1.15e+10        1.0184476    1.0855535e-14       0.24323516        1.0091817        72.660125   -2.6428556e-15
         |          -------------------------------------------------------------------------------------------------------------------------
         |       Finished
         |       cummulative elapsed time: 0.768287 s
         | Job Complete
         | Elapsed time: 0.768403 s
      building finite element spaces ...
      Driving S-port 1 ...
         solving E field in 3D volume ...
            using Cholesky preconditioner ...
               Converged: RTOL
         solving H field in 3D volume ...
            using Cholesky preconditioner ...
               Converged: RTOL
         post-processing ...
         radiation boundary currents ...
         radiation patterns ...
            INFO: Skipping Touchstone file output for non-renormalized data.
*******************************************************************************************************************************************************
 Frequency: 11750000000
*******************************************************************************************************************************************************
   Using existing mesh ...
      mesh worst element aspect ratio: 89.3008 > target: 5
      mesh size: 9669
      mesh edge length/wavelength in element: shortest=0.000196028 longest=0.424705
      solving 2D ports ...
         Port "port1" ...
         | OpenParEM2D 2.1.0 Copyright (C) 2025 Brian Young
         | 
         | This program comes with ABSOLUTELY NO WARRANTY.  This is free software,
         | and you are welcome to distribute it under certain conditions. To see
         | the full license, set
         |   output.show.license true
         | in the setup file.
         | 
         | Setting up ...
         |    loading project file "Sport1.proj"
         |    loading materials file "/home/briany/OpenParEM/regression/OpenParEM2D/global_materials.txt"
         |    loading materials file "/home/briany/OpenParEM/regression/OpenParEM3D/antenna/dipole_study/local_materials.txt"
         |    loading mode definition file "Sport1_lines.txt"
         | Loading mesh and assigning materials ...
         |       using MFEM mesh format
         | Frequency: 1.175e+10
         |    Using existing mesh ...
         |       mesh size: 32
         |       mesh worst element aspect ratio: 24.4002 > target: 5
         |       Using finite element order ramping ...
         |       Solving with order 1 ...
         |          matrix size: 77
         |          solving the eigenvalue problem ...
         |             using initial guess for the dominant eigenvalue
         |             number of iterations: 1
         |          post processing ...
         |          null space eigenvalue count: 2
         |       Solving with order 2 ...
         |          matrix size: 251
         |          solving the eigenvalue problem ...
         |             using initial guess for the dominant eigenvalue
         |             number of iterations: 1
         |          post processing ...
         |       Solving with order 3 ...
         |          matrix size: 521
         |          solving the eigenvalue problem ...
         |             using initial guess for the dominant eigenvalue
         |             number of iterations: 1
         |          post processing ...
         |          null space eigenvalue count: 3
         |          solve elapsed time: 0.230022 s
         |       Results:
         |          -------------------------------------------------------------------------------------------------------------------------
         |           mode     frequency           er,eff       alpha,dB/m  beta/1000,rad/m          beta/ko         Zo(real)         Zo(imag)
         |          -------------------------------------------------------------------------------------------------------------------------
         |           1        1.175e+10        1.0184476    5.4409764e-13       0.24852288        1.0091817        72.660165    4.1357751e-14
         |          -------------------------------------------------------------------------------------------------------------------------
         |       Finished
         |       cummulative elapsed time: 0.731112 s
         | Job Complete
         | Elapsed time: 0.731229 s
      building finite element spaces ...
      Driving S-port 1 ...
         solving E field in 3D volume ...
            using Cholesky preconditioner ...
               Converged: RTOL
         solving H field in 3D volume ...
            using Cholesky preconditioner ...
               Converged: RTOL
         post-processing ...
         radiation boundary currents ...
         radiation patterns ...
            INFO: Skipping Touchstone file output for non-renormalized data.
Converged
Job Complete
Elapsed time: 832.34 s
