$MeshFormat
2.2 0 8
$EndMeshFormat
$PhysicalNames
2
3 1 "fill_OPEM_RESERVED_1"
3 2 "air_OPEM_RESERVED_2"
$EndPhysicalNames
$Nodes
1835
1 -7.4999999999999993e-05 -6.4999999999999994e-05 -0.000125
2 -7.4999999999999993e-05 -4.4999999999999989e-05 -0.000125
3 -7.4999999999999993e-05 -6.4999999999999994e-05 2.4999999999999981e-05
4 7.4999999999999993e-05 -6.4999999999999994e-05 -0.000125
5 7.4999999999999993e-05 -4.4999999999999989e-05 -0.000125
6 -4.5000000000000003e-05 -4.5000000000000003e-05 -0.0001
7 4.5000000000000003e-05 -4.5000000000000003e-05 -8.0000000000000007e-05
8 4.5000000000000003e-05 -4.5000000000000003e-05 -0.0001
9 -4.5000000000000003e-05 4.5000000000000003e-05 -0.0001
10 4.5000000000000003e-05 4.5000000000000003e-05 -8.0000000000000007e-05
11 4.5000000000000003e-05 4.5000000000000003e-05 -0.0001
12 2.3069881814412101e-05 1.9177605509266699e-05 -0.0001000000000000003
13 -5.0733526475753237e-06 2.956790646821889e-05 -0.0001000000000000003
14 -2.8143234461987441e-05 1.0390300958952189e-05 -0.0001000000000000003
15 -2.3069881814412139e-05 -1.9177605509266699e-05 -0.0001000000000000003
16 5.0733526475752729e-06 -2.956790646821889e-05 -0.0001000000000000003
17 2.81432344619874e-05 -1.039030095895221e-05 -0.0001000000000000003
18 2.3069881814411901e-05 1.9177605509266499e-05 -0.00054999999999999797
19 -5.0733526475754101e-06 2.95679064682187e-05 -0.00054999999999999797
20 -2.8143234461987499e-05 1.0390300958952099e-05 -0.00054999999999999797
21 -2.30698818144122e-05 -1.9177605509266699e-05 -0.00054999999999999797
22 5.0733526475750501e-06 -2.95679064682189e-05 -0.00054999999999999797
23 2.8143234461987099e-05 -1.0390300958952299e-05 -0.00054999999999999797
24 2.3069881814411901e-05 1.9177605509266499e-05 -0.0010499999999999999
25 -5.0733526475754101e-06 2.95679064682187e-05 -0.0010499999999999999
26 -2.8143234461987499e-05 1.0390300958952099e-05 -0.0010499999999999999
27 -2.30698818144122e-05 -1.9177605509266699e-05 -0.0010499999999999999
28 5.0733526475750501e-06 -2.95679064682189e-05 -0.0010499999999999999
29 2.8143234461987099e-05 -1.0390300958952299e-05 -0.0010499999999999999
30 2.3069881814411901e-05 1.9177605509266499e-05 -0.0015499999999999999
31 -5.0733526475754101e-06 2.95679064682187e-05 -0.0015499999999999999
32 -2.8143234461987499e-05 1.0390300958952099e-05 -0.0015499999999999999
33 -2.30698818144122e-05 -1.9177605509266699e-05 -0.0015499999999999999
34 5.0733526475750501e-06 -2.95679064682189e-05 -0.0015499999999999999
35 2.8143234461987099e-05 -1.0390300958952299e-05 -0.0015499999999999999
36 -5.0733526475754101e-06 2.95679064682187e-05 -0.0020500000000000002
37 -2.8143234461987499e-05 1.0390300958952099e-05 -0.0020500000000000002
38 -1.6911175491917701e-05 9.8559688227396205e-05 -0.0015499999999999999
39 -9.3810781539958101e-05 3.4634336529840603e-05 -0.0015499999999999999
40 7.6899606048040498e-05 6.39253516975555e-05 -0.0015499999999999999
41 9.3810781539958101e-05 -3.4634336529840799e-05 -0.0015499999999999999
42 -1.6911175491917701e-05 9.8559688227396205e-05 -0.0010499999999999999
43 -9.3810781539958101e-05 3.4634336529840603e-05 -0.0010499999999999999
44 7.6899606048040498e-05 6.39253516975555e-05 -0.0010499999999999999
45 -7.6899606048040498e-05 -6.3925351697555704e-05 -0.0010499999999999999
46 9.3810781539958101e-05 -3.4634336529840799e-05 -0.0010499999999999999
47 1.6911175491917599e-05 -9.8559688227396394e-05 -0.0010499999999999999
48 -1.6911175491917701e-05 9.8559688227396205e-05 -0.00055000000000000003
49 -9.3810781539958101e-05 3.4634336529840603e-05 -0.00055000000000000003
50 7.6899606048040498e-05 6.39253516975555e-05 -0.00055000000000000003
51 -7.6899606048040403e-05 -6.3925351697555704e-05 -0.00055000000000000003
52 9.3810781539958101e-05 -3.4634336529840799e-05 -0.00055000000000000003
53 1.6911175491917701e-05 -9.8559688227396394e-05 -0.00055000000000000003
54 0 -6.4999999999999994e-05 -5.0000000000000009e-05
55 -4.9367750325868349e-05 -1.100720496293514e-05 -0.0015499999999999999
56 1.51513560403701e-05 4.8257328391356807e-05 -0.0015499999999999999
57 -3.0845609504173912e-05 4.0365027082278108e-05 -0.0015499999999999999
58 5.4058289402865987e-05 9.2754881364429183e-06 -0.0015499999999999999
59 -5.4791095911173458e-05 2.021183187004133e-05 -0.0015499999999999999
60 4.5138883708373697e-05 3.7523196341086808e-05 -0.0015499999999999999
61 5.1595929846976783e-05 -1.9048885091412479e-05 -0.0015499999999999999
62 -4.9367750325868362e-05 -1.100720496293514e-05 -0.0010499999999999999
63 1.51513560403701e-05 4.8257328391356807e-05 -0.0010499999999999999
64 -3.0845609504173912e-05 4.0365027082278122e-05 -0.0010499999999999999
65 3.4216394285497893e-05 -3.7250123428421967e-05 -0.0010499999999999999
66 5.0379943629786587e-05 6.530567884690003e-06 -0.0010499999999999999
67 -1.9534334125613011e-05 -4.6895594966968417e-05 -0.0010499999999999999
68 -5.4791095911173471e-05 2.021183187004133e-05 -0.0010499999999999999
69 9.8915880991106534e-06 -5.7556396895286543e-05 -0.0010499999999999999
70 4.4899507812062323e-05 3.7344565025244908e-05 -0.0010499999999999999
71 -4.9367750325868349e-05 -1.100720496293514e-05 -0.00055000000000000003
72 1.51513560403701e-05 4.8257328391356807e-05 -0.00055000000000000003
73 -3.0845609504173898e-05 4.0365027082278108e-05 -0.00055000000000000003
74 5.4058289402865987e-05 9.2754881364429183e-06 -0.00055000000000000003
75 3.5061953060093758e-05 -4.2178107839791759e-05 -0.00055000000000000003
76 -1.953433412561298e-05 -4.6895594966968417e-05 -0.00055000000000000003
77 -5.4791095911173458e-05 2.021183187004133e-05 -0.00055000000000000003
78 9.3780367684933867e-06 -5.4300324375593868e-05 -0.00055000000000000003
79 4.5138883708373697e-05 3.7523196341086808e-05 -0.00055000000000000003
80 5.276856461622625e-05 -1.948181429803549e-05 -0.00055000000000000003
81 0.0015351258825201169 0.0041580516109309858 -5.0000000000000348e-05
82 -7.5000000000000251e-05 -0.0038485410617270809 -4.9999999999999752e-05
83 0.0028586062773563879 0.00092661875911879564 -9.0000000000000006e-05
84 -0.002803785259396765 0.00088681730868781048 -5.0000000000000131e-05
85 0 0.001913519353676461 -0.0001030000000000001
86 0.0025238813804212318 -0.0030361269623456551 -0.0028
87 0.0016875273351800509 -0.0020300269583907122 -0.00040802801743309089
88 -0.00071718547662442738 -0.00194257308822062 -0.0023000000000000008
89 -0.00070500824697400236 -0.0019095897674772399 -0.00033935388111085699
90 0.0020409103814192598 0.00035018570212830502 -0.0023
91 0.00100507733415071 -0.0012090672791239369 -0.0023
92 0.00090137901263864426 0.0024414808571976412 0.0022000000000000001
93 0.0010003427934191819 -0.00120337181859999 0.001199999999999999
94 0.001961217755645834 0.00050567543768923471 0.0015903611291827359
95 0.001582386625270598 -5.4999999999999988e-05 -0.00027156866440268708
96 -0.0016320812841869429 -0.00028003754385140002 -0.0028
97 -0.0015448486619962351 -0.00026506990130890679 -0.0012999999999999999
98 -0.001028043575846212 0.0012366947366488309 -0.0018
99 -0.00042976837344876862 -0.00012525673517330911 -0.00031672057957099302
100 -0.00077508474981154163 -0.0001329914335253403 0.00023454838432892161
101 -0.00079498063588712782 0.00095632947011034541 0.00069999999999999902
102 -0.00033941033014453091 -3.7388468750775752e-05 0.00027726977819846819
103 -0.00064716861625186166 -0.0001094904570290833 -0.00076614754123696335
104 0.00065552751195291793 -0.001023096413524273 -0.001283929750409549
105 -0.00044108222410701829 -0.001194718083633885 -0.0012999999999999999
106 0.00066623327100687223 -0.00099019374332250175 -0.00038200768019214969
107 0 -0.00089488887125214404 0.00016701249054732061
108 0.00039727105309424269 0.0010760508705533599 0.00069999999999999902
109 0.001175741393374276 0.00020173733697888499 -0.0012999999999999999
110 0.00045871450591419621 0.0012424769929243521 -0.0012999999999999999
111 -0.00059501598082197459 0.00071578009823054073 -0.00055022774283859232
112 0.00062217217766531653 0.00010675422246072041 -0.0023
113 0.00024648796006112911 0.00066763883736019325 -0.0023
114 -0.00017896212939701441 -0.00048473794814357478 -0.0012999999999999999
115 0.00036194692715719009 -0.00043540747715199528 -0.0012999999999999999
116 -7.1821477175501764e-05 -0.00060606872722261955 -0.00084622322222863882
117 0.00033194619151169789 -0.00039931780863980849 -0.00079999999999999993
118 0.00056146291637360134 9.6337540040620292e-05 -0.00080000000000000004
119 0.00083142145029810625 0.00022936270565492429 -5.0000000000000131e-05
120 0.00022016183523063519 0.00059633173023142575 -0.00079999999999999993
121 0.00051213653852045344 8.7873967892028953e-05 -0.0012999999999999999
122 0.00050928602550931077 8.738486807200702e-05 -0.0018
123 -1.3552527156068811e-20 -0.00058080894787791628 -0.00029181348891655289
124 -0.00026877122261212562 0.00045735088063988451 0.00061120477681702603
125 -0.00050928386434802005 -8.7384497253283419e-05 -0.0012999999999999999
126 -0.00036195347511383042 0.00043541535407832691 -0.0012999999999999999
127 0.00031149065144906232 -0.00037471062337536272 0.00025066224492226381
128 0.00029177180191453979 0.00023369891608190669 -5.662160598648646e-05
129 -0.00025122563696529902 0.0001192239990200627 -5.3254225448903492e-05
130 0.00020093333084157791 0.0008085114780354433 -5.0000000000000097e-05
131 0.00044235917178623918 -0.00029723453163691169 -0.00033933435768642139
132 0.00018949300596217251 0.00051326194657579929 -0.0018
133 0.00017930977893327411 0.00048567959386184673 -0.0012999999999999999
134 -0.00040682745889060489 0.00034042576946021451 0.00012069816979910209
135 -2.9444444444444441e-05 0.00040420199313796702 -5.0000000000000097e-05
136 0.0002863547924567208 4.2525966813101959e-05 -0.00027624087696537898
137 -0.00033194683231327099 0.00039931857949811731 -0.0018
138 -0.00017664253187054139 0.00021249380334175779 -0.00031734573160252619
139 0.0001687078472643388 -0.0001406664358526714 -0.0012785137010905361
140 0.0002232932060850865 7.2164989410770458e-05 -0.00079540927869741103
141 -0.001023404211003254 -0.00092847448986456611 -0.002050000000000001
142 0.00032354443447873868 5.5514752626645167e-05 -0.00056228102491323942
143 0.001305101212645069 -0.00049505714276948604 0.002077627729118067
144 -0.0001086481498430701 -0.00033130561689802111 -0.00037049743416505819
145 -0.00080091193306190212 -0.0007024526902446209 -0.00033553537313143643
146 -7.4999999999999993e-05 -0.00034810168507688961 -5.0000000000000009e-05
147 0.0002333816443451239 -0.00028074865499207218 -0.001562442661317171
148 0.00023338164434512371 -0.00028074865499207218 -0.0010375573386828289
149 9.1217927309629641e-05 0.00022614618203731801 -0.0017431836926086581
150 0.001198123906549094 -0.00043926695420060542 -0.0019279997511083889
151 0.00035953441140651471 6.1690023944178685e-05 -0.00106317115646035
152 0.001200833117681692 -0.00050025051389342829 0.00043270246987914409
153 0.003099108903884356 -0.001261275195123014 0.00096333623923798117
154 0.0002935377139770742 -0.00028013151508092451 -5.0000000000000009e-05
155 0.00015495298341889 0.00041970662449242841 -0.00039842983879448477
156 0.00025826823749426701 0.00044027374248596678 0.00028426258453967699
157 0.0002079593142241432 -2.5799962208412389e-05 -5.4211859390084452e-05
158 -0.00014333333333333309 -2.9444444444444451e-05 -5.0000000000000097e-05
159 0.0001099758546804596 -0.00025352599422088818 -0.00067287168781966029
160 -6.6484345648876731e-05 -0.00019822783722152619 -0.001332736249243792
161 0.00024253427060973929 6.4180510234872093e-05 -0.001371688116004231
162 0.00033426696604977989 0.00026833335911219641 -0.001585706872188663
163 0.0021968660799382526 0.0025423351850248905 -7.0000000000000184e-05
164 0.0012182524475793806 0.0032997662340643135 0.001075
165 0.00096619846780717986 0.0026170512407421727 0.00032499999999999933
166 5.3199188375758219e-05 0.0016989051636539933 0.0014499999999999995
167 -0.0014018926296983825 0.0014001683311821358 -7.6500000000000125e-05
168 2.3069881814411901e-05 1.9177605509266499e-05 -0.0020500000000000002
169 -2.30698818144122e-05 -1.9177605509266699e-05 -0.0020500000000000002
170 5.0733526475750501e-06 -2.95679064682189e-05 -0.0020500000000000002
171 2.8143234461987099e-05 -1.0390300958952299e-05 -0.0020500000000000002
172 2.3069881814411901e-05 1.9177605509266499e-05 -0.0025500000000000002
173 -5.0733526475754101e-06 2.95679064682187e-05 -0.0025500000000000002
174 -2.8143234461987499e-05 1.0390300958952099e-05 -0.0025500000000000002
175 -2.30698818144122e-05 -1.9177605509266699e-05 -0.0025500000000000002
176 5.0733526475750501e-06 -2.95679064682189e-05 -0.0025500000000000002
177 2.8143234461987099e-05 -1.0390300958952299e-05 -0.0025500000000000002
178 2.3069881814412e-05 1.9177605509266601e-05 -0.0030500000000000002
179 -5.0733526475753898e-06 2.9567906468218798e-05 -0.0030500000000000002
180 -2.8143234461987499e-05 1.0390300958952099e-05 -0.0030500000000000002
181 -2.30698818144122e-05 -1.9177605509266699e-05 -0.0030500000000000002
182 5.0733526475751399e-06 -2.95679064682189e-05 -0.0030500000000000002
183 2.8143234461987299e-05 -1.0390300958952299e-05 -0.0030500000000000002
184 -2.30698818144122e-05 -1.9177605509266699e-05 -0.0035500000000000002
185 5.0733526475751399e-06 -2.95679064682189e-05 -0.0035500000000000002
186 2.8143234461987299e-05 -1.0390300958952299e-05 -0.0035500000000000002
187 7.6899606048040498e-05 6.39253516975555e-05 -0.0030500000000000002
188 -7.6899606048040403e-05 -6.3925351697555704e-05 -0.0030500000000000002
189 9.3810781539958101e-05 -3.4634336529840799e-05 -0.0030500000000000002
190 1.6911175491917701e-05 -9.8559688227396394e-05 -0.0030500000000000002
191 -1.6911175491917701e-05 9.8559688227396299e-05 -0.0025500000000000002
192 -9.3810781539958101e-05 3.4634336529840698e-05 -0.0025500000000000002
193 7.6899606048040498e-05 6.3925351697555595e-05 -0.0025500000000000002
194 -7.6899606048040403e-05 -6.3925351697555595e-05 -0.0025500000000000002
195 9.3810781539958101e-05 -3.4634336529840698e-05 -0.0025500000000000002
196 1.6911175491917701e-05 -9.8559688227396299e-05 -0.0025500000000000002
197 -1.6911175491917701e-05 9.8559688227396205e-05 -0.0020500000000000002
198 -9.3810781539958101e-05 3.4634336529840603e-05 -0.0020500000000000002
199 7.6899606048040498e-05 6.39253516975555e-05 -0.0020500000000000002
200 -7.6899606048040498e-05 -6.3925351697555704e-05 -0.0020500000000000002
201 9.3810781539958101e-05 -3.4634336529840799e-05 -0.0020500000000000002
202 1.6911175491917599e-05 -9.8559688227396394e-05 -0.0020500000000000002
203 -7.6899606048040403e-05 -6.3925351697555704e-05 -0.0015499999999999999
204 1.6911175491917701e-05 -9.8559688227396394e-05 -0.0015499999999999999
205 -4.9367750325868329e-05 -1.100720496293516e-05 -0.0030500000000000011
206 1.515135604037012e-05 4.8257328391356882e-05 -0.0030500000000000011
207 5.4058289402866129e-05 9.2754881364429522e-06 -0.0030500000000000011
208 -1.7996529166836941e-05 -4.8745511977485521e-05 -0.0030500000000000011
209 3.0371413983096011e-05 -4.0446391013299727e-05 -0.0030500000000000011
210 5.1595929846976899e-05 -1.9048885091412469e-05 -0.0030500000000000011
211 4.2294783326422192e-05 3.5158943433655482e-05 -0.0030500000000000011
212 1.51513560403701e-05 4.8257328391356841e-05 -0.0025500000000000002
213 -4.9367750325868342e-05 -1.1007204962935109e-05 -0.0025500000000000002
214 -3.0845609504173912e-05 4.0365027082278149e-05 -0.0025500000000000002
215 -1.7996529166836989e-05 -4.874551197748544e-05 -0.0025500000000000002
216 5.4058289402865987e-05 9.2754881364429522e-06 -0.0025500000000000002
217 3.0371413983095889e-05 -4.0446391013299679e-05 -0.0025500000000000002
218 -5.4791095911173458e-05 2.021183187004133e-05 -0.0025500000000000002
219 4.613976362882402e-05 3.83552110185331e-05 -0.0025500000000000002
220 5.1595929846976783e-05 -1.9048885091412431e-05 -0.0025500000000000002
221 -4.9367750325868362e-05 -1.100720496293514e-05 -0.0020500000000000002
222 1.51513560403701e-05 4.8257328391356807e-05 -0.0020500000000000002
223 -3.0845609504173912e-05 4.0365027082278122e-05 -0.0020500000000000002
224 3.4216394285497893e-05 -3.7250123428421967e-05 -0.0020500000000000002
225 5.0379943629786587e-05 6.530567884690003e-06 -0.0020500000000000002
226 -1.9534334125613011e-05 -4.6895594966968417e-05 -0.0020500000000000002
227 -5.4791095911173478e-05 2.021183187004133e-05 -0.0020500000000000002
228 9.8915880991106483e-06 -5.7556396895286543e-05 -0.0020500000000000002
229 4.4899507812062323e-05 3.7344565025244908e-05 -0.0020500000000000002
230 -1.7996529166836999e-05 -4.874551197748544e-05 -0.0015499999999999999
231 3.0371413983095879e-05 -4.0446391013299713e-05 -0.0015499999999999999
232 0.0011003228186647639 -0.00132364373498199 -0.0038
233 -0.0004496567218049081 -0.001217943021973863 -0.0033
234 -0.0012587424733496301 0.001514216155970306 -0.0033
235 -0.001152325536706896 -0.00019771957202327771 -0.0038
236 -0.0006735099893777209 0.00081020520774932364 -0.0028
237 0.0004081721976668705 0.0011055777792370941 -0.0028
238 -0.00017896473765573539 -0.00048474501288953489 -0.0033
239 0.00036195347511382999 -0.00043541535407832659 -0.0033
240 -0.00055805749538654216 -9.5753227397472044e-05 -0.0033
241 0.00062218505124918093 0.0001067564313499716 -0.0033
242 -0.00017896212941984779 -0.00048473794820542157 -0.0028
243 -0.00017896212939701419 -0.00048473794814357451 -0.0023
244 -0.00055804739978991536 -9.5751495163844632e-05 -0.0023
245 0.00036194692715718982 -0.0004354074771519948 -0.0023
246 -0.00040353795744489809 0.00048543980015568943 -0.0023
247 -0.0001789621293970146 -0.00048473794814357521 -0.0018
248 0.00033194619151169789 -0.00039931780863980822 -0.0028
249 -0.00051179246222145649 -8.7814930218721072e-05 -0.0028
250 -0.00068663959899883649 3.1923448789339342e-05 -0.0017368458606270749
251 0.00033194619151169822 -0.00039931780863980849 -0.0018
252 0.00052114775707406231 8.942014058288116e-05 -0.0028
253 -0.00033801399189178238 0.00040661712645997879 -0.0028
254 0.00018949300596217259 0.00051326194657579972 -0.0028
255 0.00018143669189255439 -0.00017739341176267219 -0.0032872438883129111
256 0.00025894296441260871 8.1112070279852161e-05 -0.0023084028788966562
257 -0.00027117797225617129 -6.8079343334211793e-05 -0.003309129993711741
258 -0.00029827603767775571 1.0494474406242221e-05 -0.0022247761488717239
259 0.00075124689925888753 -0.0032730222907194689 -0.0041187003657317126
260 -0.00016460874988594241 0.00012371788479242999 -0.0028007660256622571
261 5.5774192715760347e-05 -0.00041720653985112999 -0.0035117646787702901
262 0.0003019510090510756 -0.001185333525871055 -0.0036057375081649749
263 0.00020789000627536721 -2.856163953620398e-05 -0.0028008090937097141
264 0.00034117225148412919 5.8539387873357669e-05 -0.002560339869807957
265 8.8755614348145787e-05 0.00025182604137320399 -0.002732667424981189
266 -9.3797563831422831e-05 -0.00025199878030277451 -0.0032472875729037151
267 0.00016391352225152291 -0.0012541709795004399 -0.0025499999999204839
268 0.0002333809051938282 -0.00028074776582303452 -0.003037555337549435
269 5.5449719036627152e-05 -0.00030937568614447449 -0.0027867204809257861
270 -0.00016139317430183121 -0.00028709465946543538 -0.002943416953584372
271 -0.0001201616437243248 -0.0003254705831940117 -0.0025920921573065361
272 -0.00010033319289375819 -0.00020041954464629179 -0.0023619461404412001
273 -0.00029827471917501572 -7.0442968417797479e-05 -0.0029866519764643442
274 -0.00035982628947400921 -6.1740105283826255e-05 -0.002562442661317171
275 -0.00082421436639394164 -0.00068779384771367532 -0.0030137694284436659
276 0.0001301215181617127 -0.00019527582648473589 -0.0022629397504198749
277 -0.0001171854656002269 -0.00031740928842709161 -0.0021068763597852278
278 2.2522401739658822e-05 -0.0002174381534098911 -0.001769332075671788
279 0.00019111808399332981 -0.00021952003685390029 -0.001934310812198068
280 0.0012960135309235349 -0.00055020657548626067 -0.002983451957490493
281 -0.0002438573318125412 0.00029335048224737019 -0.0025394935960496539
282 0.00024326179415209189 -0.00029263407458970117 -0.0025338581294681931
283 -0.00052615347564256474 -0.0004567178326249611 -0.0025499999999876108
284 8.8511009275918785e-05 -0.00065946993327102652 -0.0030499989264702329
285 0.00035386454603017622 6.0717170943938002e-05 -0.0020287057360989171
286 -0.00049580990471442452 -0.00044374241406316679 -0.0030499989264702329
287 9.3482776494349651e-05 -0.0006854835472934616 -0.0025499999999876108
288 -0.0002080777224282582 -0.00021930915697488849 -0.001586214351555484
289 0.00037597763574490908 6.4511403125066361e-05 -0.0030605064039503469
290 2.3069881814412e-05 1.9177605509266601e-05 -0.0035500000000000002
291 -5.0733526475753898e-06 2.9567906468218798e-05 -0.0035500000000000002
292 -2.8143234461987499e-05 1.0390300958952099e-05 -0.0035500000000000002
293 2.3069881814412e-05 1.9177605509266601e-05 -0.0040499999999999998
294 -5.0733526475753898e-06 2.9567906468218798e-05 -0.0040499999999999998
295 -2.8143234461987499e-05 1.0390300958952099e-05 -0.0040499999999999998
296 -2.30698818144122e-05 -1.9177605509266699e-05 -0.0040499999999999998
297 5.0733526475751399e-06 -2.95679064682189e-05 -0.0040499999999999998
298 2.8143234461987299e-05 -1.0390300958952299e-05 -0.0040499999999999998
299 2.3069881814412101e-05 1.9177605509266601e-05 -0.0045500000000000002
300 -5.0733526475752898e-06 2.95679064682189e-05 -0.0045500000000000002
301 -2.8143234461987499e-05 1.0390300958952199e-05 -0.0045500000000000002
302 -2.30698818144122e-05 -1.9177605509266699e-05 -0.0045500000000000002
303 5.0733526475751399e-06 -2.95679064682189e-05 -0.0045500000000000002
304 2.8143234461987299e-05 -1.0390300958952299e-05 -0.0045500000000000002
305 -5.0733526475752898e-06 2.95679064682189e-05 -0.0050499999999999998
306 -2.8143234461987499e-05 1.0390300958952199e-05 -0.0050499999999999998
307 -2.30698818144122e-05 -1.9177605509266699e-05 -0.0050499999999999998
308 -1.6911175491917701e-05 9.8559688227396299e-05 -0.0045500000000000002
309 -9.3810781539958101e-05 3.4634336529840698e-05 -0.0045500000000000002
310 7.6899606048040498e-05 6.3925351697555595e-05 -0.0045500000000000002
311 -7.6899606048040498e-05 -6.3925351697555595e-05 -0.0045500000000000002
312 1.6911175491917599e-05 -9.8559688227396299e-05 -0.0045500000000000002
313 -1.6911175491917701e-05 9.8559688227396299e-05 -0.0040499999999999998
314 -9.3810781539958101e-05 3.4634336529840698e-05 -0.0040499999999999998
315 7.6899606048040498e-05 6.3925351697555595e-05 -0.0040499999999999998
316 -7.6899606048040403e-05 -6.3925351697555595e-05 -0.0040499999999999998
317 9.3810781539958101e-05 -3.4634336529840698e-05 -0.0040499999999999998
318 1.6911175491917701e-05 -9.8559688227396299e-05 -0.0040499999999999998
319 -1.6911175491917701e-05 9.8559688227396205e-05 -0.0035500000000000002
320 -9.3810781539958101e-05 3.4634336529840603e-05 -0.0035500000000000002
321 7.6899606048040498e-05 6.39253516975555e-05 -0.0035500000000000002
322 -7.6899606048040498e-05 -6.3925351697555704e-05 -0.0035500000000000002
323 9.3810781539958101e-05 -3.4634336529840799e-05 -0.0035500000000000002
324 1.6911175491917599e-05 -9.8559688227396394e-05 -0.0035500000000000002
325 -1.6911175491917701e-05 9.8559688227396205e-05 -0.0030500000000000002
326 -9.3810781539958101e-05 3.4634336529840603e-05 -0.0030500000000000002
327 -4.9367750325868383e-05 -1.100720496293507e-05 -0.0045500000000000002
328 -1.7996529166836951e-05 -4.8745511977485507e-05 -0.0045500000000000002
329 -3.5061953060094022e-05 4.2178107839791738e-05 -0.0045500000000000002
330 1.8996336342772229e-05 5.1453595976234743e-05 -0.0045500000000000002
331 3.3216587109562493e-05 -3.9958207427171149e-05 -0.0045500000000000002
332 5.0213309100464132e-05 6.079220551565208e-06 -0.0045500000000000002
333 -9.5125362142036964e-06 5.5439824627910419e-05 -0.0045500000000000002
334 -5.5065483116759768e-05 2.032982181937987e-05 -0.0045500000000000002
335 4.2294783326422233e-05 3.5158943433655537e-05 -0.0045500000000000002
336 -4.9367750325868322e-05 -1.100720496293512e-05 -0.0040499999999999998
337 1.515135604037012e-05 4.8257328391356923e-05 -0.0040499999999999998
338 5.4058289402866129e-05 9.2754881364429895e-06 -0.0040499999999999998
339 -1.7996529166836951e-05 -4.8745511977485507e-05 -0.0040499999999999998
340 -3.0845609504173898e-05 4.0365027082278183e-05 -0.0040499999999999998
341 3.0371413983096001e-05 -4.04463910132997e-05 -0.0040499999999999998
342 5.1595929846976878e-05 -1.9048885091412431e-05 -0.0040499999999999998
343 -5.4791095911173437e-05 2.021183187004132e-05 -0.0040499999999999998
344 4.2294783326422192e-05 3.5158943433655523e-05 -0.0040499999999999998
345 -4.9367750325868349e-05 -1.100720496293516e-05 -0.0035500000000000002
346 1.5151356040370131e-05 4.8257328391356889e-05 -0.0035500000000000002
347 -1.7996529166836951e-05 -4.8745511977485501e-05 -0.0035500000000000002
348 -3.0845609504173898e-05 4.0365027082278142e-05 -0.0035500000000000002
349 5.4058289402866129e-05 9.2754881364429505e-06 -0.0035500000000000002
350 3.0371413983095991e-05 -4.0446391013299727e-05 -0.0035500000000000002
351 5.1595929846976878e-05 -1.9048885091412469e-05 -0.0035500000000000002
352 -5.4791095911173458e-05 2.021183187004131e-05 -0.0035500000000000002
353 4.2294783326422192e-05 3.5158943433655489e-05 -0.0035500000000000002
354 -3.0845609504173898e-05 4.0365027082278142e-05 -0.0030500000000000011
355 -5.4791095911173458e-05 2.021183187004131e-05 -0.0030500000000000011
356 1.6357559871559218e-05 3.3002174538588647e-05 -0.0032760584677419351
357 0.001999289312378754 0.00034304423064676712 -0.0043
358 -0.00070255963782758779 -0.0019029574493581061 -0.0043
359 0.00081504747711866744 0.0022076427176480132 -0.0028
360 0.00054827590663005074 0.0014850635656374961 -0.0047999999999999996
361 -0.001044466129569219 -0.0001792127220589078 -0.0047999999999999996
362 -0.00075751196559418978 0.0009112561790269732 -0.0047999999999999996
363 -0.00067851693420947496 0.00081622835936040656 -0.0038
364 0.00033031431257217258 -0.00039735472444496028 -0.0043
365 0.00055804739978991622 9.5751495163844808e-05 -0.0043
366 -0.0001961004726327253 -0.00053115897231583971 -0.0043
367 -0.00062217217766531762 -0.0001067542224607206 -0.0043
368 0.00021863422022041961 0.00059219402261641166 -0.0043
369 -0.00017984627070975829 -0.00048713273885852908 -0.0038
370 -0.00040354630719103602 0.00048544984456172778 -0.0033
371 0.00024649340020417479 0.00066765357256582877 -0.0033
372 -0.00033078583911020921 -0.00054842908341724307 -0.0048079310989499391
373 0.00033031431257217269 -0.0003973547244449599 -0.0038
374 -0.00051179345020512109 -8.7815099740007132e-05 -0.0038
375 0.00051179246222145649 8.781493021872076e-05 -0.0047999999999999996
376 0.00051179246222145638 8.7814930218720489e-05 -0.0038
377 -0.00052114775707406242 -8.9420140582881132e-05 -0.0047999999999999996
378 -0.00037232581419657269 0.00044789285741743 -0.0047999999999999996
379 -0.00033309847988358267 0.00040070396482821551 -0.0043
380 -0.000330328267453274 0.00039737151160108261 -0.0038
381 0.00029670310249841931 -0.0013675377758016281 -0.0045499999998964303
382 0.00018313376518228021 0.00049603726704286033 -0.0047999999999999996
383 0.00018313376518228021 0.00049603726704286033 -0.0038
384 0.0012903072490635041 -0.00054157132705749558 -0.0045499999998964312
385 -0.00011652479759145609 -0.00023247877734692581 -0.0043006031031942414
386 -0.000137054039576625 0.00015914962577941229 -0.0047999998197626069
387 0.00025273510001900558 0.0001201492024452291 -0.0042388242008648503
388 -0.00012644464512888529 -0.00034248876027589818 -0.004037557338682829
389 -0.00012644464512888529 -0.00034248876027589801 -0.0045624426613171702
390 4.5604427115397892e-05 -0.00029471778364146569 -0.0047999994605778997
391 2.0478742252302891e-05 -0.00024072526958270589 -0.00379949102875706
392 -0.00028719709478971318 5.3239228687384638e-05 -0.0042325773874375729
393 0.00015982969150906201 0.00028353262039671428 -0.003317775549325407
394 0.0001353758485267165 -0.000178951148540332 -0.004353174224394336
395 -0.0001601082830582253 -0.00013519756538109989 -0.0048001393758655203
396 -0.00031176978513003433 -8.4973078378875155e-05 -0.0045602539465553127
397 -0.0002018551201250469 -0.0001119674809961939 -0.0038004780115398931
398 0.00020707072377040901 -4.1086887929503191e-05 -0.0048000019813650829
399 -0.0003226436919836175 -0.00028244740553025268 -0.0035181481598470571
400 0.00037956716641220453 -3.3116784180452052e-05 -0.0045454269384421972
401 -0.00083308773531534219 -0.00095353445538567537 -0.0046101011507411463
402 0.00013245249359317461 -0.00068402130905445644 -0.00454999999998657
403 -0.00023258641503673091 0.00027979202637902029 -0.0045342771946105948
404 0.00022178433888626089 -0.00026679756677241263 -0.0040079061404974681
405 0.00020500309696437131 -0.00024661041318590392 -0.003608366764740465
406 0.0001495139805749065 -0.00086433713375599539 -0.0040296957068703919
407 -0.00024385733181254109 0.00029335048224737019 -0.0030605064039503469
408 -0.00035509711243633348 -0.00015886736053420409 -0.0040602168067821326
409 -0.00073125618507902167 -0.00064234166315883844 -0.0040206105234598154
410 -0.00017994891176711551 0.00025046424257978248 -0.0034441007631481231
411 0.0012039326089331409 0.00098146736809291138 -0.0038125037257338949
412 -0.0001057586002101048 -0.0002864584090338727 -0.0036245900161927542
413 -0.014999999999999999 -0.014999999999999999 -0.015049999999999999
414 0.014999999999999999 -0.014999999999999999 -0.015049999999999999
415 -0.014999999999999999 0.014999999999999999 -0.015049999999999999
416 0.014999999999999999 0.014999999999999999 -0.015049999999999999
417 7.6899606048040498e-05 6.3925351697555595e-05 -0.0050499999999999998
418 9.3810781539958101e-05 -3.4634336529840698e-05 -0.0050499999999999998
419 9.3810781539958101e-05 -3.4634336529840698e-05 -0.0045500000000000002
420 -0.014999999999999999 -0.014999999999999999 -0.0050499999999999851
421 -0.014999999999999999 -0.014999999999999999 0.004950000000000036
422 0.014999999999999999 -0.014999999999999999 -0.0050499999999999851
423 0.014999999999999999 -0.014999999999999999 0.004950000000000036
424 -0.0049999999999999854 -0.014999999999999999 -0.015049999999999999
425 0.0050000000000000357 -0.014999999999999999 -0.015049999999999999
426 -0.014999999999999999 0.014999999999999999 -0.0050499999999999851
427 -0.014999999999999999 0.014999999999999999 0.004950000000000036
428 -0.014999999999999999 0.0049999999999999854 -0.015049999999999999
429 -0.014999999999999999 -0.0050000000000000357 -0.015049999999999999
430 0.014999999999999999 0.014999999999999999 -0.0050499999999999851
431 0.014999999999999999 -0.0049999999999999854 -0.015049999999999999
432 0.014999999999999999 0.0050000000000000357 -0.015049999999999999
433 0.0049999999999999854 0.014999999999999999 -0.015049999999999999
434 -0.0050000000000000357 0.014999999999999999 -0.015049999999999999
435 0.0060660499506840458 -0.014999999999999999 -4.9999999999977153e-05
436 -0.0060802990141717306 -0.014999999999999999 -4.9999999999978881e-05
437 -2.3748439146025618e-06 -0.014999999999999999 -0.0076268024514831358
438 -0.007730407354449422 -0.014999999999999999 -0.0077804073544494208
439 0.0077304073544494541 -0.014999999999999999 -0.0077804073544494399
440 -0.014999999999999999 -0.0060660499506840458 -4.9999999999977153e-05
441 -0.014999999999999999 0.0060802990141717306 -4.9999999999978881e-05
442 -0.014999999999999999 2.3748439146025618e-06 -0.0076268024514831358
443 -0.014999999999999999 0.007730407354449422 -0.0077804073544494208
444 -0.014999999999999999 -0.0077304073544494541 -0.0077804073544494399
445 0.014999999999999999 2.0816681711721691e-17 -0.0061302990141717303
446 0.014999999999999999 -0.0075768024514831379 -5.2374843914602259e-05
447 0.014999999999999999 -0.007730407354449422 -0.0077804073544494217
448 0.014999999999999999 0.0077304073544494263 -0.0077804073544494182
449 -0.0061442488111044932 -1.941774663273569e-17 -0.015049999999999999
450 0.006151518741455358 1.9016401588513141e-17 -0.015049999999999999
451 1.2116550584633139e-06 0.0075768024514831431 -0.015049999999999999
452 1.2116550584926589e-06 -0.0075768024514831439 -0.015049999999999999
453 -0.0077304073544494124 -0.0077304073544494246 -0.015049999999999999
454 0.0077304073544494168 0.0077304073544494272 -0.015049999999999999
455 -0.0077304073544494497 0.0077304073544494376 -0.015049999999999999
456 0.0077304073544494532 -0.0077304073544494402 -0.015049999999999999
457 -0.0060660499506840458 0.014999999999999999 -4.9999999999977153e-05
458 0.0060802990141717306 0.014999999999999999 -4.9999999999978881e-05
459 2.3748439146025618e-06 0.014999999999999999 -0.0076268024514831358
460 0.007730407354449422 0.014999999999999999 -0.0077804073544494208
461 -0.0077304073544494541 0.014999999999999999 -0.0077804073544494399
462 -0.003512875694201876 0.0042258470200984494 -5.0000000000000097e-05
463 0.0059915672721740391 0.0010280516044002699 -5.0000000000002523e-05
464 0.0054090422284259797 -0.006506858475040316 -0.0057999999999999979
465 -0.002624948205565593 -0.0071099512027277571 -0.0063
466 -0.0051523970949023763 0.0061981247858541111 -0.0076
467 0.0073556220945890406 0.0012621003407277921 -0.0073000000000000001
468 -0.0070478003319078301 -0.001209283332653224 -0.0053
469 0.0038778061612855489 0.0006653659492696193 -0.0038
470 0.0025467526126679808 0.0068981501284850104 -0.0073000000000000001
471 -0.0014053330018291229 -0.0038064937987738541 -0.0038000000000000009
472 -0.0013471565239165839 -0.0036489166251642302 -0.0076
473 0.002699972042658151 -0.0032479568888953681 -0.0067999999999999996
474 0.001441774607654942 0.0039051997612843778 -0.0043
475 0.0035421181634945819 0.00060776756657104762 -0.0073000000000000001
476 -0.0026113034220681419 0.0031412921336593691 -0.0037999999999999991
477 -0.0024872688707067809 0.0029920835977226192 -0.0076
478 -0.00373235000895452 -0.00064040813372972572 -0.0033
479 -0.0035316303124403661 -0.00060596802871839715 -0.0067999999999999996
480 0.0015464795103408461 -0.001860352144314052 -0.0053
481 0.0013401189307533921 -0.001612108734575764 -0.0073000000000000001
482 -0.00071718547662442771 -0.0019425730882206211 -0.0063
483 -0.00052065372818854488 -0.0014102459595545531 -0.0076
484 -0.001687543779874727 -0.00028955397003602488 -0.0073000000000000001
485 -0.0020793377060078951 -0.00035677918107990372 -0.0052999999999999992
486 -0.00152786730712533 0.0018379624185330991 -0.0057999999999999996
487 -0.001320529761099271 0.0012422425964760851 -0.0073770039103642797
488 0.0008491733845347511 0.002300076364895876 -0.0067999999999999996
489 0.00084643844273020095 -0.0010182311252322489 -0.0063
490 0.0017017172033619589 0.00022852980094101831 -0.0065051082027272802
491 0.00069239510609129748 -0.00083292323740235164 -0.0053
492 -0.00041894686122636221 -0.001134762100653936 -0.0053
493 0.001192206237031283 0.00020456242566918451 -0.0053
494 -0.0003456103832159273 -0.00093612245552548762 -0.0067999999999999996
495 -0.0010384013192985041 -0.0001781721031947675 -0.0057999999999999996
496 -0.00067851693420947442 0.00081622835936040591 -0.0057999999999999996
497 -0.0006735099893777209 0.00081020520774932386 -0.0067999999999999996
498 0.00024267099209106721 0.001135977396061706 -0.0067436544728524386
499 -0.00057432792726029819 0.00069089320865470282 -0.0076
500 -0.001838282788560572 -0.00039265002408510102 -0.012013827972534559
501 0.00049868222202587411 -0.00059989449253851389 -0.0067999999999999996
502 0.00056968703898154958 -0.00068531040823403052 -0.0076
503 -0.00021886864217818511 -0.00059282897940413949 -0.0063
504 0.00062283927735267807 0.00010686868548395501 -0.0063
505 0.00033031932494696542 -0.00039736075412859402 -0.0053
506 0.00055805791114002133 9.5753298733736996e-05 -0.0053
507 0.00033031431261785902 -0.0003973547244999193 -0.0047999999999999996
508 0.00021863893035622501 0.00059220678051984902 -0.0053
509 0.00024676979558306837 0.00066840221882575354 -0.0063
510 -0.0002229580385456867 -0.00060390554409974092 -0.0073000000000000001
511 -0.00071616676244290131 -0.0001228821034133898 -0.0073000000000000001
512 -0.001201855271158815 -0.00020621803672470741 -0.0089649060734250073
513 0.0014475406037638161 0.00024837348435444558 -0.01032785365779809
514 -0.00055804740053252175 -9.5751495291263717e-05 -0.0063
515 -0.00051179246229412373 -8.7814930231189437e-05 -0.0067999999999999996
516 -0.006148404045726359 -0.0077161626382944654 -4.9999999999998979e-05
517 0.00052127355776743559 8.9441725854110161e-05 -0.0067999999999999996
518 0.001010831908981805 0.00017344165868485081 -0.0076
519 0.00043446565164859553 0.0011767963938996071 -0.008750690432593411
520 -0.00028196411093610058 -0.00076372976252468163 -0.0081932173817200003
521 3.5713112324411777e-05 9.6732760435321383e-05 -0.0086934377472211721
522 -0.0043367054320499736 -0.003446988406298698 0.00083481276647381832
523 0.00059793060048439397 -0.0030951251796439861 -0.0096831126545193318
524 -0.00046620770367267813 -7.999335665817434e-05 -0.0076
525 0.00019901032276091571 -0.0011601393943146919 -0.005795970274943542
526 0.00022850623308826341 0.00012976720770028029 -0.0053016349351225024
527 -0.0089117540620283261 0.0013345108617176091 -4.9999999999999189e-05
528 0.00014628399709620769 -0.00017646467146524699 -0.0053352792250347739
529 0.0002217849974152369 -0.00026679835895606897 -0.0045920920872087028
530 0.00022178499741523679 -0.00026679835895606892 -0.0050079079127912981
531 -0.0015734598632098709 0.0093260029184695295 -0.0031989790388291979
532 -0.0028466829516457228 -0.0022477788519669919 -0.0013010013768096039
533 0.000132451216742346 -0.0006840200241044292 -0.0050499985266007682
534 0.0030806668565100288 -0.0013366145810940219 -0.0041187003657317152
535 0.0076933954623666064 -0.003131822318353788 -0.0026126842186272241
536 0.00037956499093979407 -3.3117747378498473e-05 -0.005054571760019993
537 0.001142585424868333 -0.00042177896167627273 -0.0058358736399286189
538 0.0003796535827236581 -3.3437839536078398e-05 -0.0055453849837000463
539 -0.001926012821841745 -0.0017830429750539309 -0.0033061259417674761
540 -0.00027249475269689122 -0.0083030086387877473 0.00204109101769795
541 -0.0025735576415290991 -0.0024902039466731152 -0.0052751312983246208
542 -0.0010129476595996749 -0.00077040815029818946 -0.0063607044235637466
543 0.00037732060055988763 -0.0015233004485991071 -0.0069422406316042443
544 0.00069068291569918832 -0.003480098046950817 -0.0062950559041566644
545 0.0016853292386898239 -0.0075215311102262636 -0.0084986688291718519
546 0.00080721804728907452 -0.0072606561111126294 -0.0025124375508972941
547 0.0069014612686024816 0.0055610867654574949 -0.003489567688258859
548 0.0027015582266728178 -0.001049366407563798 -0.0063445727942372391
549 -0.0065625862280080469 -0.0042516940924996931 -0.01037877211199871
550 1.4293505355593871e-05 -0.002332355353581987 -0.0053325324503869544
551 0.00081450447866696454 -0.00036314076443575148 -0.005049995558815505
552 -0.010533024975342023 0.010540149507085865 -4.9999999999978013e-05
553 -0.010076198547451188 0.0061392119000129204 -0.0038249999999999894
554 -0.0092564378471009373 0.0051530730171350896 -4.9999999999989492e-05
555 -0.0043326363945521262 0.0052119859029762803 -0.0038249999999999998
556 -0.0056092235227932115 0.010599062392927055 -0.0038249999999999886
557 -0.0047894628224429605 0.009612923510049224 -4.9999999999988625e-05
558 -7.12453174384238e-06 -0.014999999999999999 -4.9999999999978013e-05
559 -0.00013743479830574689 -0.011651504319393872 -0.0027928557168925929
560 0.0030318375533847216 -0.014999999999999999 -0.0038384012257415565
561 0.0028967775989935775 -0.011651504319393872 0.00099554550884898641
562 -0.0031763968834343107 -0.011651504319393872 0.00099554550884898554
563 -0.0030413369290431666 -0.014999999999999999 -0.0038384012257415574
564 -0.011955877031014164 0.0045324591080835152 -0.0039152036772247103
565 -0.010076198547451188 0.0031002498148843568 -0.0076134012257415683
566 -0.010076198547451188 0.0069642660701517665 -0.00769020367722471
567 -0.014999999999999999 0.0038663910991820123 -0.0077036049029662783
568 -0.011955877031014164 0.00066844285281610581 -0.0038384012257415673
569 -0.0070320755784653508 0.0037663178237858602 -0.0038249999999999994
570 -0.011365203677224727 0.010540149507085865 -0.0039152036772247094
571 -0.0068982286525667499 0.014999999999999999 -0.0039152036772247085
572 -0.0064414022246759156 0.010599062392927055 -0.0076902036772247204
573 0.011365203677224727 -0.011288401225741568 -0.0039163910991820211
574 0.0057375460895550123 -0.010753429237520158 -0.0029249999999999875
575 0.0068982286525667499 -0.014999999999999999 -0.0039152036772247085
576 0.0065697247914377165 -0.010753429237520158 -0.0067902036772247189
577 0.010533024975342023 -0.011288401225741568 -5.1187421957289703e-05
578 0.010204521114212989 -0.0070418304632617265 -0.0029261874219573001
579 -0.010540149507085865 -0.010533024975342023 -4.9999999999978013e-05
580 -0.010540149507085865 -0.014999999999999999 0.0024500000000000285
581 -0.010540149507085865 -0.014999999999999999 -0.002549999999999982
582 -0.014999999999999999 -0.014999999999999999 -4.9999999999974544e-05
583 -0.014999999999999999 -0.010533024975342023 0.0024500000000000294
584 -0.014999999999999999 -0.010533024975342023 -0.0025499999999999811
585 -0.014999999999999999 0.010540149507085865 0.0024500000000000285
586 -0.014999999999999999 0.010540149507085865 -0.002549999999999982
587 -0.014999999999999999 0.014999999999999999 -4.9999999999974544e-05
588 -0.010533024975342023 0.014999999999999999 0.0024500000000000294
589 -0.010533024975342023 0.014999999999999999 -0.0025499999999999811
590 0.01117781104729452 -0.0018689498296360968 -0.011174999999999999
591 0.01117781104729452 0.0031310501703639138 -0.011174999999999999
592 0.0067535704180221989 0.00063105017036390557 -0.011174999999999999
593 0.010575759370727678 0.0025000000000000274 -0.015049999999999999
594 0.010575759370727678 -0.0024999999999999831 -0.015049999999999999
595 0.014999999999999999 2.5153490401663703e-17 -0.015049999999999999
596 0.0073159343115259488 0.0066457470599534611 -0.0092697838441294297
597 0.0073159343115259522 0.010280543382728748 -0.0056349875213541397
598 0.011365203677224711 0.011365203677224713 -0.0077804073544494191
599 0.010950730634301241 0.0066457470599534611 -0.0056349875213541388
600 0.011365203677224708 0.0077304073544494263 -0.011415203677224709
601 0.0077304073544494194 0.011365203677224713 -0.011415203677224709
602 -0.010076198547451188 0.0055990623929270487 -0.011325
603 -0.0056483229530034347 0.003099062392927046 -0.011325
604 -0.010572124405552247 1.187421957291572e-06 -0.011338401225741567
605 -0.010572124405552247 0.0024999999999999831 -0.015049999999999999
606 -0.014999999999999999 0.002501187421957294 -0.011338401225741567
607 -0.014999999999999999 7.12453174384238e-06 -4.9999999999978013e-05
608 -0.014999999999999999 -0.0030318375533847216 -0.0038384012257415565
609 -0.011955877031014164 -0.0023657695444832183 -4.9999999999988171e-05
610 -0.011955877031014164 0.0037074049379446699 -4.9999999999989032e-05
611 -0.014999999999999999 0.0030413369290431666 -0.0038384012257415574
612 -0.0088124741027827969 -0.007420179278588606 -0.00704020367722472
613 -0.0069394057000878905 -0.011358081319147232 -0.0039152036772247103
614 -0.0043866761256459762 -0.0074130569205111112 -0.0031749999999999994
615 -0.0051776777800075077 -0.011054975601363879 -0.0070402036772247104
616 -0.01057420202286318 -0.0077232849963719593 -0.0039152036772247198
617 -0.011365203677224711 -0.011365203677224727 -0.0077804073544494303
618 0.010950730634301241 0.010280543382728748 -0.0042697838441294218
619 0.010540149507085865 0.014999999999999999 -0.002549999999999982
620 0.0069053531843105767 0.014999999999999999 -0.0039152036772246998
621 0.011365203677224711 0.014999999999999999 -0.0064152036772247029
622 0.0064908801413871061 0.010280543382728748 -0.001769783844129419
623 -0.011023900165953915 -0.0036376666416686348 -0.0026749999999999886
624 -0.0065981021888170946 -0.0044627229854738446 -0.0026749999999999994
625 -0.01057420202286318 -0.0068911062944892552 -4.9999999999988069e-05
626 -0.014999999999999999 -0.0068982286525667499 -0.0039152036772247085
627 -0.011023900165953915 -0.0044698453435513394 -0.0065402036772247204
628 -0.014999999999999999 -0.0038640162552674258 -0.0077036049029662879
629 -0.011023900165953915 -0.00060345424436931072 -0.0064634012257415684
630 0.0045889739791066166 0.0039893904194019366 -0.012688926828899045
631 0.0049511873536285111 0.0040801252346064016 -0.0073000000000000001
632 0.0044015813491764281 0.00075523691254111879 -0.0088139268288990446
633 0.0019971466082158986 0.0035732618064197282 -0.0088139268288990446
634 0.0075430147245192283 0.0044962538475886099 -0.011174999999999999
635 0.0051385799835586988 0.0073142787414672188 -0.011174999999999999
636 0.01117781104729452 0.0044962538475886091 -0.0075402036772247091
637 0.014999999999999999 0.0038652036772247236 -0.0069553531843105747
638 0.01117781104729452 0.00063105017036390644 -0.0067151495070858647
639 0.014999999999999999 0.0025000000000000282 -0.010590149507085865
640 0.014999999999999999 0.006365203677224731 -0.011415203677224709
641 0.014999999999999999 -0.0024999999999999823 -0.010590149507085865
642 0.0075430147245192473 -0.0032341535068608242 -0.011174999999999999
643 0.011365203677224727 -0.0077304073544494315 -0.011415203677224711
644 0.0065697247914377165 -0.0071186329147448785 -0.010424999999999999
645 0.010204521114212989 -0.007118632914744869 -0.0067902036772247102
646 0.01117781104729452 -0.0032341535068608151 -0.0075402036772247109
647 0.0063823321615075097 -0.0026223790671562621 -0.0065499999999999985
648 -0.011365203677224727 0.014999999999999999 -0.0064152036772247125
649 0.0027033336922556886 -0.010753429237520158 -0.0067134012257415668
650 0.0031081301378575272 -0.0068837572930764727 -0.004156218775448646
651 0.00040242160168723598 -0.011130328055556315 -0.005069620001190215
652 0.0034366339989865603 -0.011130328055556315 -0.0012812187754486356
653 -0.0063554951368672025 -0.0059839283653970793 -0.005214386055999355
654 -0.0043609808436277289 -0.0051031832924837905 -0.0026625656491623098
655 0.0052151896985538019 -0.0054891821216724044 -0.010924999999999999
656 0.0057802804849406688 -0.0032534292375201485 -0.010424999999999999
657 -0.0075300790538773421 -0.0031908258882884281 -4.9999999999999088e-05
658 -0.0065960245715061617 -0.00060464166632662175 -0.010175
659 0.0030801445638424336 -0.0048899403828798925 -0.0049593501828658557
660 -0.0026705929992186421 -0.0074884093747035474 -0.0012812187754486465
661 -0.0026365404834413279 -0.011130328055556315 -0.0012812187754486365
662 0.01049578363608702 0.00051402580220014538 -0.0030901495070858663
663 -0.007146496791228734 -0.0096258470462498458 -0.0090795897332240656
664 -0.0038124741027827889 -0.011054975601363879 -0.010675
665 0.0077304073544494541 -0.01136520367722472 -0.01141520367722472
666 -0.01057420202286318 -0.011358081319147232 -0.0025499999999999919
667 0.011365203677224727 -0.011365203677224711 -0.0077804073544494312
668 -0.0050761985474512064 0.010599062392927055 -0.011325
669 0.00021783865335352941 0.0043767994226913748 -0.011900345216296706
670 0.0043135258134198561 0.010949075064242504 -0.0036749999999999895
671 -0.011365203677224725 0.0077304073544494298 -0.011415203677224709
672 0.0012462736429894492 -0.0073910936106694469 -0.005505553190034573
673 -0.0025750111254938869 0.010599062392927055 -0.0076134012257415683
674 -0.011365203677224706 -0.011365203677224711 -0.015049999999999999
675 -0.014999999999999999 0.011365203677224711 -0.011415203677224709
676 0.014999999999999999 -0.011365203677224711 -0.011415203677224711
677 -0.0043526236098686616 -0.011054975601363879 -0.0031749999999999895
678 0.0033426646193449299 -0.011260765555113132 -0.011774334414585926
679 0.0037733763063339831 0.010949075064242504 -0.011174999999999999
680 -0.010781293114004022 -0.0021246596242925453 -0.0090027872817409239
681 0.011365203677224708 0.011365203677224713 -0.015049999999999999
682 0.011365203677224711 0.014999999999999999 -0.011415203677224709
683 -0.011365203677224711 -0.014999999999999999 -0.011415203677224709
684 -0.0047843450715050109 0.0036688786651821684 -0.013531913986267279
685 0.010950730634301241 0.0027805433827287579 -0.0048099333512152944
686 -0.0030318375533847216 0.014999999999999999 -0.0038384012257415565
687 0.0044257453920567543 -0.0016239784444476745 -0.010924999999999999
688 -0.0077304073544494176 -0.011365203677224711 -0.011415203677224709
689 0.0047078682965696391 -0.011260765555113132 -0.0081395380918106459
690 -0.0046519336088296625 0.012163001459234764 -0.0054896931966393189
691 0.011346697731183302 -0.0015659111591768836 -0.0043714916163994774
692 0.00072437612941113967 0.0039125879679187941 -0.012688926828899045
693 -0.0077304073544494523 0.011365203677224718 -0.01141520367722472
694 -0.01057420202286318 -0.011358081319147232 0.0024500000000000186
695 -0.014999999999999999 -0.0024988125780427166 -0.011338401225741567
696 -0.010572124405552247 -0.0025000000000000274 -0.015049999999999999
697 -0.011365203677224727 0.011365203677224711 -0.0077804073544494303
698 0.0030413369290431666 0.014999999999999999 -0.0038384012257415574
699 0.0030763651982569106 0.0037884012257415811 -0.015049999999999999
700 -0.0037768685237777409 -0.00576132821853416 -0.0019249999999999998
701 0.011346697731183302 -0.005431114836401605 -0.0051965457865383227
702 -0.0012430286078241588 0.0052844430246028811 -0.011325
703 3.6349651754323878e-06 -2.0067252211127463e-19 -0.015049999999999999
704 -0.0025755927199219565 0.0068874636186686267 -0.011325
705 1.7932494865329379e-06 0.011288401225741571 -0.011338401225741567
706 0.010533024975342023 -0.014999999999999999 -0.0025499999999999811
707 -5.8159442805495145e-07 -0.011288401225741571 -0.011338401225741567
708 7.12453174384238e-06 0.014999999999999999 -4.9999999999978013e-05
709 0.010533024975342023 -0.014999999999999999 0.0024500000000000294
710 -0.014999999999999999 -2.5153490401663703e-17 -0.015049999999999999
711 0.014999999999999999 0.011365203677224713 -0.011415203677224709
712 -0.011365203677224727 0.014999999999999999 -0.01141520367722472
713 -0.0031117020228631797 -0.0057823518500107734 -4.9999999999999365e-05
714 0.0022534195754809298 0.012163001459234764 -0.0016244895194145884
715 0.014999999999999999 -0.0037884012257415585 -0.0030913369290431663
716 0.003763346577347078 0.0025930516076656277 -5.0000000000001432e-05
717 0.011346697731183302 -0.0053543123849184634 -0.0013325295312709132
718 -0.0066242297470391499 -0.0010562387722905446 0.00039240638323690958
719 0.0042577243262976357 -0.0010040376789726925 -0.0014250000000000014
720 0.0026640007026963054 0.0074435448419635127 -0.0033442733635440283
721 0.0042182935755612997 0.0048595691881942408 -0.0017697838441294296
722 -1.9166990344877e-05 0.0067420272647002576 -0.0016244895194145992
723 -0.00098887490584087957 0.0041919493155147172 -5.0000000000000226e-05
724 0.014999999999999999 -0.011288401225741568 0.0024488125780427169
725 0.0027064660219028331 0.0024117087801003023 -0.0019250000000000001
726 -0.0056922528819789014 -0.0023281358694759611 -0.0022325936167630909
727 -0.00053808876977401248 0.0036496718722951772 -0.0019249999999999996
728 0.0018368268772375276 0.0015671307383834045 -0.0014449999999999999
729 -0.005879218506837024 -0.00045663399512469143 -0.00067550068840480158
730 0.014999999999999999 -0.014999999999999999 -4.9999999999974544e-05
731 0.0033682062193209684 0.00079599235419420752 -0.0019449999999999999
732 0.0034884575325849522 -0.00029795462292669733 -0.0014183318803810095
733 0.0045361170643420344 -0.00015428148834687599 -0.0020843501828658587
734 0.0049346867167297942 0.00084670877683494462 -0.0019250000000000014
735 0.0064465142703882608 0.0032945691849288823 -0.0017697838441294309
736 0.0057856008118260778 -0.0012332281845420844 -0.003206342109313612
737 0.0066735946833815403 0.001145075972564031 -0.0036750000000000012
738 0.0075245087784778231 -0.00093486098881299798 -0.0049563421093136118
739 0.0051966837525123785 -0.0031898896036245778 -0.0047063421093136116
740 0.0051974768445197123 -0.0020905943629587931 -0.0044786285064322313
741 -0.001756437847100938 0.0030696831868874553 -7.6500000000000098e-05
742 -0.0013056517110340709 0.0025274057436679149 -0.0019514999999999997
743 -0.002270459635024044 0.0027312708783736404 -0.00092500000000000004
744 -0.0027075443407324536 0.00201405472117359 -0.0019249999999999996
745 -0.003622612851578198 0.0017927194431843619 -0.0016750000000000001
746 -0.0057615287420482338 0.002237901497688489 -0.0019249999999999992
747 -0.006322052035491423 0.00034705136399394167 -0.0016749999999999996
748 2.3069881814412101e-05 1.9177605509266601e-05 -0.0060499999999999998
749 -5.0733526475752398e-06 2.9567906468218798e-05 -0.0060499999999999998
750 -2.81432344619874e-05 1.0390300958952199e-05 -0.0060499999999999998
751 2.8143234461987299e-05 -1.0390300958952299e-05 -0.0060499999999999998
752 2.3069881814412101e-05 1.9177605509266601e-05 -0.0065500000000000003
753 -5.0733526475752398e-06 2.9567906468218798e-05 -0.0065500000000000003
754 -2.81432344619874e-05 1.0390300958952199e-05 -0.0065500000000000003
755 -2.3069881814412101e-05 -1.9177605509266601e-05 -0.0065500000000000003
756 5.0733526475751899e-06 -2.9567906468218798e-05 -0.0065500000000000003
757 2.8143234461987299e-05 -1.0390300958952299e-05 -0.0065500000000000003
758 2.3069881814412101e-05 1.9177605509266601e-05 -0.0070499999999999998
759 -5.0733526475752398e-06 2.9567906468218798e-05 -0.0070499999999999998
760 -2.81432344619874e-05 1.0390300958952199e-05 -0.0070499999999999998
761 -2.3069881814412101e-05 -1.9177605509266601e-05 -0.0070499999999999998
762 5.0733526475751899e-06 -2.9567906468218798e-05 -0.0070499999999999998
763 2.8143234461987299e-05 -1.0390300958952299e-05 -0.0070499999999999998
764 2.3069881814412101e-05 1.9177605509266699e-05 -0.0075500000000000003
765 -5.0733526475753237e-06 2.956790646821889e-05 -0.0075500000000000003
766 -2.8143234461987441e-05 1.0390300958952189e-05 -0.0075500000000000003
767 -2.3069881814412139e-05 -1.9177605509266699e-05 -0.0075500000000000003
768 5.0733526475752729e-06 -2.956790646821889e-05 -0.0075500000000000003
769 2.81432344619874e-05 -1.039030095895221e-05 -0.0075500000000000003
770 -1.6911175491917701e-05 9.8559688227396299e-05 -0.0075500000000000003
771 -9.3810781539958101e-05 3.4634336529840698e-05 -0.0075500000000000003
772 7.6899606048040498e-05 6.3925351697555595e-05 -0.0075500000000000003
773 -7.6899606048040498e-05 -6.3925351697555704e-05 -0.0075500000000000003
774 9.3810781539958101e-05 -3.4634336529840698e-05 -0.0075500000000000003
775 1.6911175491917701e-05 -9.8559688227396299e-05 -0.0075500000000000003
776 -1.6911175491917701e-05 9.8559688227396299e-05 -0.0076499999999999997
777 -9.3810781539958101e-05 3.4634336529840698e-05 -0.0076499999999999997
778 7.6899606048040498e-05 6.3925351697555595e-05 -0.0076499999999999997
779 -7.6899606048040498e-05 -6.3925351697555704e-05 -0.0076499999999999997
780 9.3810781539958101e-05 -3.4634336529840698e-05 -0.0076499999999999997
781 1.6911175491917701e-05 -9.8559688227396299e-05 -0.0076499999999999997
782 2.3069881814412101e-05 1.9177605509266601e-05 -0.0076499999999999997
783 -5.0733526475752796e-06 2.9567906468218798e-05 -0.0076499999999999997
784 -2.81432344619874e-05 1.0390300958952199e-05 -0.0076499999999999997
785 -2.3069881814412101e-05 -1.9177605509266601e-05 -0.0076499999999999997
786 5.07335264757515e-06 -2.9567906468218798e-05 -0.0076499999999999997
787 2.8143234461987299e-05 -1.0390300958952299e-05 -0.0076499999999999997
788 -1.6911175491917701e-05 9.8559688227396299e-05 -0.0070499999999999998
789 -9.3810781539958101e-05 3.4634336529840698e-05 -0.0070499999999999998
790 7.6899606048040498e-05 6.3925351697555595e-05 -0.0070499999999999998
791 -7.6899606048040403e-05 -6.3925351697555595e-05 -0.0070499999999999998
792 9.3810781539958101e-05 -3.4634336529840698e-05 -0.0070499999999999998
793 1.6911175491917701e-05 -9.8559688227396299e-05 -0.0070499999999999998
794 7.6899606048040606e-05 6.3925351697555595e-05 -0.0060499999999999998
795 -1.6911175491917701e-05 9.8559688227396299e-05 -0.0065500000000000003
796 -9.3810781539958101e-05 3.4634336529840698e-05 -0.0065500000000000003
797 7.6899606048040498e-05 6.3925351697555595e-05 -0.0065500000000000003
798 9.3810781539958101e-05 -3.4634336529840698e-05 -0.0065500000000000003
799 1.6911175491917701e-05 -9.8559688227396299e-05 -0.0065500000000000003
800 -2.2489714740366549e-20 -4.7706263194641614e-21 -0.007550000000000002
801 -4.9367750325868322e-05 -1.100720496293512e-05 -0.0075500000000000003
802 -1.799652916683685e-05 -4.8745511977485568e-05 -0.0075500000000000003
803 1.515135604037018e-05 4.8257328391356997e-05 -0.0075500000000000003
804 5.405828940286619e-05 9.2754881364430623e-06 -0.0075500000000000003
805 -3.0845609504173878e-05 4.0365027082278237e-05 -0.0075500000000000003
806 3.0371413983096069e-05 -4.0446391013299673e-05 -0.0075500000000000003
807 4.2294783326422233e-05 3.5158943433655577e-05 -0.0075500000000000003
808 5.5065483116759633e-05 -2.0329821819379829e-05 -0.0075500000000000003
809 -5.4791095911173458e-05 2.0211831870041401e-05 -0.0075500000000000003
810 -4.9367750325868301e-05 -1.100720496293506e-05 -0.0076499999999999997
811 1.515135604037022e-05 4.8257328391356923e-05 -0.0076499999999999997
812 -1.799652916683689e-05 -4.8745511977485338e-05 -0.0076499999999999997
813 -3.0845609504173851e-05 4.0365027082278217e-05 -0.0076499999999999997
814 5.4058289402866163e-05 9.2754881364429776e-06 -0.0076499999999999997
815 3.0371413983096011e-05 -4.0446391013299659e-05 -0.0076499999999999997
816 4.6139763628824311e-05 3.8355211018533283e-05 -0.0076499999999999997
817 -5.479109591117341e-05 2.0211831870041449e-05 -0.0076499999999999997
818 5.1595929846976892e-05 -1.9048885091412421e-05 -0.0076499999999999997
819 -3.9382436599477522e-20 -1.7378697033911291e-20 -0.0076500000000000032
820 -4.9367750325868268e-05 -1.100720496293504e-05 -0.0070499999999999998
821 1.5151356040370231e-05 4.8257328391356923e-05 -0.0070499999999999998
822 -1.799652916683687e-05 -4.8745511977485372e-05 -0.0070499999999999998
823 5.4058289402866163e-05 9.2754881364429776e-06 -0.0070499999999999998
824 -3.0845609504173837e-05 4.0365027082278217e-05 -0.0070499999999999998
825 3.0371413983096011e-05 -4.0446391013299673e-05 -0.0070499999999999998
826 -5.4791095911173397e-05 2.0211831870041469e-05 -0.0070499999999999998
827 4.6139763628824297e-05 3.8355211018533242e-05 -0.0070499999999999998
828 5.1595929846976892e-05 -1.9048885091412421e-05 -0.0070499999999999998
829 5.405828940286619e-05 9.2754881364429759e-06 -0.0060500000000000024
830 4.6139763628824297e-05 3.8355211018533228e-05 -0.0060500000000000024
831 -4.9367750325868268e-05 -1.100720496293504e-05 -0.0065500000000000003
832 1.5151356040370231e-05 4.8257328391356923e-05 -0.0065500000000000003
833 5.4058289402866163e-05 9.2754881364429776e-06 -0.0065500000000000003
834 -3.0845609504173837e-05 4.0365027082278217e-05 -0.0065500000000000003
835 3.0371413983096011e-05 -4.0446391013299673e-05 -0.0065500000000000003
836 -5.4791095911173417e-05 2.0211831870041469e-05 -0.0065500000000000003
837 4.6139763628824297e-05 3.8355211018533242e-05 -0.0065500000000000003
838 5.1595929846976892e-05 -1.9048885091412421e-05 -0.0065500000000000003
839 -1.711346369817791e-06 -9.0728318356490424e-05 -0.0072991309412848487
840 0.000362286334383456 -0.00043581577028291443 -0.0063
841 -0.00033031431257217258 0.0003973547244449599 -0.0067999999999999996
842 0.00042297586212736822 8.374077794656335e-05 -0.0073035440282692597
843 0.0001961793698045103 0.00053137267369106594 -0.0073000000000000001
844 -0.00017545028273664311 -0.00047522573821358013 -0.0067999999999999996
845 -0.0001528957598660468 -0.00041413441585120582 -0.0076
846 0.00018133668681803459 -0.00028958561909943413 -0.0068086815251664776
847 0.0001798540061958001 0.00048715369124462593 -0.0067999999999999996
848 -0.00032468720539755849 0.00039058554268174908 -0.0073000000000000001
849 0.00027613099872265679 -0.00029764145230430958 -0.0073086038834196659
850 0.00020334542528195639 -0.00019830984373669981 -0.0063013949311049207
851 -0.00025450876991450397 0.00030616373038969288 -0.0076
852 0.00014026581214209409 -0.0003128255607315033 -0.0078704979875304278
853 -9.7223612232560046e-05 -0.00025335113897142461 -0.0072774305344589672
854 0.0002175527033332128 -0.0002617070807863852 -0.0065455141906450099
855 0.00017747427345534531 2.7270150275532948e-05 -0.0067947299750782042
856 -0.00012423290596777169 -0.00033649802968725723 -0.0065656645814565614
857 -3.5485330247969193e-05 3.8906107305049561e-05 -0.0075988879467577316
858 -5.9988430556100612e-06 -1.6248503992488989e-05 -0.0076010433610920504
859 4.8031158483746547e-05 1.528691140552372e-05 -0.0075985770519233966
860 0.00039474776510558802 6.7732039851230573e-05 -0.0076
861 0.0001437636204366032 0.00038939904561335301 -0.0076
862 0.00027854456810179351 0.0001205395913669717 -0.006285877768911141
863 2.7450644520220939e-05 0.00035426384807765168 -0.0063
864 0.0003449356534516939 5.9185123997981713e-05 -0.0065580464538968087
865 5.6487706848959623e-05 -0.0004353016237233151 -0.0070441445340498994
866 -0.00014154501578962921 -0.00016874912447548951 -0.0068468660300378568
867 -0.00016684589205202851 0.00012174717686288059 -0.0068075221612537862
868 -0.00023240227457979479 0.00027957051287585039 -0.0070364828894944748
869 -0.00023240227457979471 0.00027957051287585039 -0.0065635171105055262
870 -0.00032315040148155083 -0.00016528437578734899 -0.0064930102360033666
871 0.0001334287376552699 -0.00068997945578088923 -0.006576546111178274
872 -0.000113748487413706 0.0001697723179643069 -0.0073288930013196314
873 -0.00038526051910801049 -6.6104188902373781e-05 -0.0072102629468389729
874 -1.6853621461599191e-06 1.9338880066178261e-05 -0.0076147322354241619
875 -7.175457192076745e-05 0.0001619386832013408 -0.0063155704452869249
876 0.00040786233751053048 -0.0001206864109962501 -0.0070230348011022931
877 2.3069881814412101e-05 1.9177605509266601e-05 -0.0050499999999999998
878 5.0733526475751399e-06 -2.95679064682189e-05 -0.0050499999999999998
879 2.8143234461987299e-05 -1.0390300958952299e-05 -0.0050499999999999998
880 2.3069881814412101e-05 1.9177605509266601e-05 -0.0055500000000000002
881 -5.0733526475752898e-06 2.95679064682189e-05 -0.0055500000000000002
882 -2.8143234461987499e-05 1.0390300958952199e-05 -0.0055500000000000002
883 -2.30698818144122e-05 -1.9177605509266699e-05 -0.0055500000000000002
884 5.0733526475751399e-06 -2.95679064682189e-05 -0.0055500000000000002
885 2.8143234461987299e-05 -1.0390300958952299e-05 -0.0055500000000000002
886 -2.3069881814412101e-05 -1.9177605509266601e-05 -0.0060499999999999998
887 5.0733526475751899e-06 -2.9567906468218798e-05 -0.0060499999999999998
888 -1.6911175491917599e-05 9.8559688227396299e-05 -0.0060499999999999998
889 -9.3810781539958006e-05 3.4634336529840698e-05 -0.0060499999999999998
890 -7.6899606048040403e-05 -6.3925351697555595e-05 -0.0060499999999999998
891 9.3810781539958196e-05 -3.4634336529840698e-05 -0.0060499999999999998
892 1.6911175491917701e-05 -9.8559688227396299e-05 -0.0060499999999999998
893 -7.6899606048040403e-05 -6.3925351697555595e-05 -0.0065500000000000003
894 -1.6911175491917799e-05 9.8559688227396299e-05 -0.0055500000000000002
895 -9.3810781539958196e-05 3.4634336529840698e-05 -0.0055500000000000002
896 7.6899606048040403e-05 6.3925351697555595e-05 -0.0055500000000000002
897 -7.6899606048040498e-05 -6.3925351697555595e-05 -0.0055500000000000002
898 9.3810781539958006e-05 -3.4634336529840698e-05 -0.0055500000000000002
899 1.6911175491917599e-05 -9.8559688227396299e-05 -0.0055500000000000002
900 -1.6911175491917701e-05 9.8559688227396299e-05 -0.0050499999999999998
901 -9.3810781539958101e-05 3.4634336529840698e-05 -0.0050499999999999998
902 -7.6899606048040498e-05 -6.3925351697555595e-05 -0.0050499999999999998
903 1.6911175491917599e-05 -9.8559688227396299e-05 -0.0050499999999999998
904 -4.9367750325868268e-05 -1.100720496293503e-05 -0.0060500000000000024
905 1.5151356040370259e-05 4.8257328391356923e-05 -0.0060500000000000024
906 -1.799652916683686e-05 -4.8745511977485372e-05 -0.0060500000000000024
907 -3.0845609504173803e-05 4.0365027082278217e-05 -0.0060500000000000024
908 3.0371413983096021e-05 -4.0446391013299673e-05 -0.0060500000000000024
909 -5.4791095911173417e-05 2.0211831870041469e-05 -0.0060500000000000024
910 5.1595929846976919e-05 -1.9048885091412421e-05 -0.0060500000000000024
911 -1.799652916683687e-05 -4.8745511977485372e-05 -0.0065500000000000003
912 -4.9367750325868403e-05 -1.100720496293507e-05 -0.0055500000000000002
913 -1.7996529166836951e-05 -4.8745511977485507e-05 -0.0055500000000000002
914 -3.5061953060094062e-05 4.2178107839791731e-05 -0.0055500000000000002
915 4.936775032586822e-05 1.100720496293502e-05 -0.0055500000000000002
916 3.037141398309595e-05 -4.0446391013299713e-05 -0.0055500000000000002
917 1.9534334125612841e-05 4.6895594966968383e-05 -0.0055500000000000002
918 -9.3780367684935731e-06 5.4300324375593828e-05 -0.0055500000000000002
919 -5.6286468923974997e-05 2.078060191790447e-05 -0.0055500000000000002
920 5.042329507772737e-05 -1.861595588478942e-05 -0.0055500000000000002
921 -4.9367750325868383e-05 -1.100720496293507e-05 -0.0050499999999999998
922 -1.7996529166836951e-05 -4.8745511977485507e-05 -0.0050499999999999998
923 -3.5061953060094022e-05 4.2178107839791738e-05 -0.0050499999999999998
924 1.8996336342772219e-05 5.1453595976234743e-05 -0.0050499999999999998
925 3.3216587109562493e-05 -3.9958207427171162e-05 -0.0050499999999999998
926 5.0213309100464119e-05 6.0792205515652072e-06 -0.0050499999999999998
927 -9.5125362142036981e-06 5.5439824627910419e-05 -0.0050499999999999998
928 -5.5065483116759768e-05 2.032982181937987e-05 -0.0050499999999999998
929 4.2294783326422233e-05 3.5158943433655537e-05 -0.0050499999999999998
930 0.00033197955488461009 -0.00039935794342460448 -0.0057999999999999996
931 -0.0001961041663704342 -0.0005311689771970062 -0.0053
932 -0.00064861270535380489 -6.5665701099910402e-05 -0.0052156081973686362
933 -0.0001798466321906934 -0.00048713371796806082 -0.0057999999999999996
934 0.00051179349089565114 8.7815106721813717e-05 -0.0057999999999999996
935 -0.0003330984798835823 0.0004007039648282148 -0.0053
936 -0.000330328267453274 0.0003973715116010825 -0.0057999999999999996
937 -0.00033031431292628461 0.00039735472487094229 -0.0063
938 -0.00051179246229412351 -8.7814930231189193e-05 -0.0057999999999999996
939 0.000183134651626711 0.00049603966807181498 -0.0057999999999999996
940 -0.0001032525715147458 -0.00025428331474031118 -0.0052887915632202397
941 -0.0001126980891372774 -0.00022736201877477649 -0.0062758969865958939
942 4.903130135085845e-05 -0.00045631829071372332 -0.0060763764422380913
943 -0.0001264443203403641 -0.00034248788055166852 -0.0055624449279938863
944 -0.00012644422817044429 -0.00034248763089964469 -0.0050375552551434116
945 5.436830760940618e-05 -0.00027639419231553102 -0.0057830376275898
946 0.00022338044750537479 -0.00026871762072222039 -0.0055895547555253394
947 -0.000285753635131551 4.9044730886894111e-05 -0.0053656636887941247
948 0.00021738908788711519 -0.00026151025803900651 -0.0060546622858502997
949 0.00013149468077355061 -0.00068958340233170041 -0.0055494996864916398
950 -0.00031131177625265849 -8.4460928268270953e-05 -0.0050400256442880171
951 -0.00017646626234563221 -0.0001160421109819337 -0.0057950681194114308
952 -0.0002325864150367305 0.00027979202637901991 -0.0050657228053894053
953 -0.00026307448133531402 4.0573211714032461e-05 -0.0062203285034647974
954 0.00024933809956362871 -4.9856192466481559e-05 -0.0058248187414137002
955 0.00035518333387391849 6.0943452632356918e-05 -0.0060328723094295539
956 -0.0001093896998905322 -0.00029629362844328471 -0.0059808132740478016
957 -0.00033677547624318328 -0.00017067284132189851 -0.006098122077368596
958 -0.00039940254382505962 -0.00022262429471088779 -0.0055601783410486154
959 0.00063412670115813269 -0.00024884911176395219 -0.0060449079099968491
960 -5.0733526475750501e-06 2.9567906468219002e-05 0.0024499999999999999
961 -2.8143234461987201e-05 1.0390300958952399e-05 0.0024499999999999999
962 -2.3069881814412e-05 -1.9177605509266499e-05 0.0024499999999999999
963 5.0733526475753203e-06 -2.9567906468218798e-05 0.0024499999999999999
964 -5.0733526475750501e-06 2.9567906468219002e-05 0.0029499999999999999
965 2.3069881814412301e-05 1.9177605509266699e-05 0.0029499999999999999
966 -2.8143234461987201e-05 1.0390300958952399e-05 0.0029499999999999999
967 -2.3069881814412e-05 -1.9177605509266499e-05 0.0029499999999999999
968 5.0733526475753203e-06 -2.9567906468218798e-05 0.0029499999999999999
969 2.8143234461987499e-05 -1.0390300958952199e-05 0.0029499999999999999
970 -5.07335264757515e-06 2.95679064682189e-05 0.0034499999999999999
971 2.30698818144122e-05 1.9177605509266699e-05 0.0034499999999999999
972 -2.8143234461987299e-05 1.0390300958952299e-05 0.0034499999999999999
973 -2.3069881814412e-05 -1.9177605509266499e-05 0.0034499999999999999
974 5.0733526475753296e-06 -2.9567906468218798e-05 0.0034499999999999999
975 2.81432344619874e-05 -1.0390300958952199e-05 0.0034499999999999999
976 -5.07335264757515e-06 2.95679064682189e-05 0.0039500000000000004
977 2.30698818144122e-05 1.9177605509266699e-05 0.0039500000000000004
978 -2.8143234461987299e-05 1.0390300958952299e-05 0.0039500000000000004
979 -2.3069881814412e-05 -1.9177605509266499e-05 0.0039500000000000004
980 5.0733526475753296e-06 -2.9567906468218798e-05 0.0039500000000000004
981 2.81432344619874e-05 -1.0390300958952199e-05 0.0039500000000000004
982 -5.07335264757515e-06 2.95679064682189e-05 0.00445
983 2.30698818144122e-05 1.9177605509266699e-05 0.00445
984 5.0733526475753296e-06 -2.9567906468218798e-05 0.00445
985 2.81432344619874e-05 -1.0390300958952199e-05 0.00445
986 -1.6911175491917399e-05 9.8559688227396503e-05 0.0029499999999999999
987 -9.3810781539957803e-05 3.4634336529840901e-05 0.0029499999999999999
988 7.6899606048040796e-05 6.3925351697555798e-05 0.0029499999999999999
989 -7.6899606048040105e-05 -6.3925351697555405e-05 0.0029499999999999999
990 9.3810781539958399e-05 -3.4634336529840501e-05 0.0029499999999999999
991 1.6911175491917999e-05 -9.8559688227396096e-05 0.0029499999999999999
992 -1.6911175491917399e-05 9.8559688227396503e-05 0.0034499999999999999
993 -9.3810781539957803e-05 3.4634336529840901e-05 0.0034499999999999999
994 7.6899606048040796e-05 6.3925351697555798e-05 0.0034499999999999999
995 -7.68996060480402e-05 -6.3925351697555405e-05 0.0034499999999999999
996 9.3810781539958399e-05 -3.4634336529840501e-05 0.0034499999999999999
997 1.6911175491917901e-05 -9.8559688227396096e-05 0.0034499999999999999
998 -1.6911175491917399e-05 9.8559688227396503e-05 0.0039500000000000004
999 -9.3810781539957803e-05 3.4634336529840901e-05 0.0039500000000000004
1000 7.6899606048040796e-05 6.3925351697555798e-05 0.0039500000000000004
1001 -7.6899606048040105e-05 -6.3925351697555405e-05 0.0039500000000000004
1002 9.3810781539958399e-05 -3.4634336529840501e-05 0.0039500000000000004
1003 1.6911175491917999e-05 -9.8559688227396096e-05 0.0039500000000000004
1004 -3.4216394285497839e-05 3.7250123428422082e-05 0.0024499999999999991
1005 -3.4216394285497839e-05 3.7250123428422082e-05 0.0029499999999999991
1006 -5.1213116276399342e-05 -8.7873045503142064e-06 0.0029499999999999991
1007 1.899633634277247e-05 5.1453595976234858e-05 0.0029499999999999991
1008 -1.799652916683685e-05 -4.8745511977485338e-05 0.0029499999999999991
1009 3.0371413983096201e-05 -4.0446391013299557e-05 0.0029499999999999991
1010 -1.0146705295150259e-05 5.9135812936437888e-05 0.0029499999999999991
1011 -4.9367750325868139e-05 -1.100720496293492e-05 0.0034499999999999999
1012 1.515135604037039e-05 4.8257328391357051e-05 0.0034499999999999999
1013 -3.0845609504173668e-05 4.0365027082278359e-05 0.0034499999999999999
1014 -1.7996529166836829e-05 -4.8745511977485318e-05 0.0034499999999999999
1015 3.3216587109562649e-05 -3.9958207427170993e-05 0.0034499999999999999
1016 5.0213309100464288e-05 6.0792205515653562e-06 0.0034499999999999999
1017 -5.4791095911173302e-05 2.0211831870041581e-05 0.0034499999999999999
1018 4.1333538250821923e-05 3.4359876537436222e-05 0.0034499999999999999
1019 -4.9367750325868118e-05 -1.1007204962934909e-05 0.0039500000000000004
1020 -3.5061953060093791e-05 4.2178107839791813e-05 0.0039500000000000004
1021 1.8996336342772409e-05 5.1453595976234817e-05 0.0039500000000000004
1022 -1.7996529166836829e-05 -4.8745511977485318e-05 0.0039500000000000004
1023 3.3216587109562642e-05 -3.9958207427170993e-05 0.0039500000000000004
1024 5.0213309100464302e-05 6.0792205515653562e-06 0.0039500000000000004
1025 -5.1595929846976763e-05 1.904888509141252e-05 0.0039500000000000004
1026 4.2294783326422422e-05 3.5158943433655672e-05 0.0039500000000000004
1027 -9.512536214203483e-06 5.5439824627910507e-05 0.0039500000000000004
1028 0.0014772443321879869 0.0040012732800187457 0.0042000000000000006
1029 0.001590138459242954 -0.0019128720895609419 0.0047000000000000002
1030 -0.00057127458534823611 -0.0015473579313193789 0.0041999999999999997
1031 -0.001583927067002901 -0.00027177509464806459 0.0032000000000000002
1032 -0.00040423757960180481 -0.001094920448023977 0.0032000000000000002
1033 0.00099028413257613661 -0.00119127165746422 0.0027000000000000001
1034 0.0018461599699888271 0.00031676982547471262 0.0032000000000000002
1035 0.00067353235353434819 -0.00081023211092292539 0.0041999999999999997
1036 0.001161580913054147 0.00019930763806190981 0.0042000000000000006
1037 0.00053965716877920559 0.0014617187981412511 0.0037000000000000002
1038 -0.001202554982739422 0.0014466248830556801 0.0042000000000000006
1039 0.00054195532153074571 0.0014679435891238779 0.0051999999999999998
1040 0.00036232214034594688 -0.00043585884340393102 0.0047000000000000002
1041 0.00062290963079757091 0.0001068807569451624 0.0047000000000000002
1042 -0.00017896220434694289 -0.00048473815115342259 0.0041999999999999997
1043 -0.00055804768989476988 -9.5751544940930771e-05 0.0041999999999999997
1044 -0.00040353819738268588 0.00048544008879111992 0.0042000000000000006
1045 -0.00077814018203306969 0.00093607108697036181 0.0032000000000000002
1046 -0.00017896212939703271 -0.00048473794814362498 0.0037000000000000002
1047 0.00036194692715723698 -0.00043540747715205112 0.0037000000000000002
1048 0.00062217217766540912 0.0001067542224607363 0.0037000000000000002
1049 0.00024648796006116852 0.00066763883736029939 0.0037000000000000002
1050 0.00024679951027236692 0.00066848270421989103 0.0047000000000000002
1051 -0.0001789621293970139 -0.00048473794814357478 0.0032000000000000002
1052 -0.00055804739978991655 -9.5751495163844537e-05 0.0032000000000000002
1053 -0.00017896212939701411 -0.00048473794814357418 0.0027000000000000001
1054 0.0003619469271571902 -0.00043540747715199469 0.0027000000000000001
1055 0.0006221721776653174 0.0001067542224607205 0.0027000000000000001
1056 0.00043551555250473481 0.001179640161955306 0.0022000000000000001
1057 0.00024648796006112981 0.00066763883736019444 0.0027000000000000001
1058 -0.00051179246222145627 -8.7814930218720868e-05 0.0037000000000000002
1059 -0.00051179246222145583 -8.7814930218720814e-05 0.0027000000000000001
1060 -0.00036416221520007842 0.00043807237884212679 0.0027000000000000001
1061 0.00033194619151170272 -0.00039931780863981402 0.0042000000000000006
1062 0.0003319461915116986 -0.00039931780863980838 0.0032000000000000002
1063 0.00052114775707406253 8.9420140582881322e-05 0.0032000000000000002
1064 0.0005211477570740802 8.9420140582884222e-05 0.0042000000000000006
1065 0.000189493005962183 0.00051326194657582791 0.0042000000000000006
1066 0.00018949300596217289 0.00051326194657579994 0.0032000000000000002
1067 -0.00037091146455779471 0.00038723646086184592 0.0032248631335177799
1068 -0.00033032052841136479 0.00039736220184746919 0.0037000000000000002
1069 -0.0002313774786240537 -7.1396944168446638e-05 0.0032107074723721511
1070 -0.0002778570191908734 4.2044998256062718e-05 0.0041322352448638624
1071 0.00010544572784096871 -0.0002312872842742359 0.003684413334080401
1072 -0.00097998495999275601 -0.00081777034807139809 0.0045026968813568612
1073 -8.1177026708017537e-05 -0.00020183758080739389 0.0041375908785252543
1074 5.8348928777261437e-05 -0.00042030170476545399 0.0039145328896216377
1075 0.00015459210189856421 -0.0011519615217857181 0.0037796322525775199
1076 -0.00035876602556200911 -0.0002372285160006242 0.0039524823105483754
1077 0.000104043527593688 0.00029620054547289601 0.0036241072139318242
1078 -0.00035982628947400899 -6.1740105283825835e-05 0.0034624426613171712
1079 -0.00019578338700683499 -0.0001398872116146216 0.0036925079914353208
1080 0.0012894322147683061 -0.00054704731926913418 0.0033840889200403819
1081 -0.001353653842935522 0.0004268938864695575 0.003882491647416119
1082 -0.00088661329074141127 -0.00074011697801309485 0.0037579807801381769
1083 -4.7689456469863702e-05 -0.00029986015603811851 0.0032887773802525401
1084 -0.00011678385647532559 -0.00031632148742798518 0.003504386869611696
1085 -0.00011765720390431011 -0.00031868704176156882 0.0030045329937853321
1086 0.00023338164434511891 -0.00028074865499206578 0.0034375573386828148
1087 0.0001184955013069539 -0.00021166430774824271 0.0041601310087722911
1088 0.00019109471579920669 -0.00022987919460102269 0.0039169218265871497
1089 0.00030050360156677288 5.1702713936371189e-06 0.0036101343611696758
1090 0.00012536014769559301 -0.00016411500103751201 0.0031628018415777348
1091 0.00010849791686382021 -0.0002165683537672365 0.0027075935175837579
1092 0.00039432442558668871 -0.0001788152798436389 0.0029221728938979351
1093 -0.0001445622400520918 -0.0001405820826222569 0.002741529909006714
1094 0.00013802093318501481 -0.00033361001186762529 0.0029376370640522682
1095 0.00013549668440317929 -0.00094258009780329871 0.0029499999999999991
1096 -0.0013546074720159501 0.0004324506460913843 0.0025175079599368249
1097 0.00048817042362496628 -0.0031270231640105422 0.0035207304086994321
1098 0.00020679075276469429 5.6692315115098923e-05 0.0042142548040066414
1099 -0.00035982628947400861 -6.1740105283825998e-05 0.0029375573386828291
1100 0.00031420112942062147 7.2285345587960718e-06 0.0039261679829378348
1101 0.0002311670277349628 4.7146743842301412e-05 0.003238250884004775
1102 -0.00050221120346650061 -0.00044648066707599857 0.0034499999999999921
1103 0.0001144757833600315 -0.00071175610168968881 0.004449904111305583
1104 -0.00016675346464004319 0.0002005976564452053 0.0027000000000000001
1105 9.1597231314757561e-05 -0.00066571091787304539 0.0034499999999999921
1106 -4.4517663746928392e-05 -0.00026383208264952099 0.0043288310971867916
1107 9.1057946776046077e-05 0.00030349049152971538 0.0028075202862862781
1108 0.00028754417980316371 0.00029817536492196821 0.003434008642131824
1109 0.00090287403711074863 0.00070103037282267123 0.003362175647734016
1110 0.00032843131036018733 5.6353257872803691e-05 0.003002198084638235
1111 -3.9000979356618073e-05 0.00023025770786181299 0.0041987435733327923
1112 0.0001185688073647254 0.00032115621662225552 0.0039607618671956418
1113 -0.0009091981156535081 -0.00075905494445202765 0.0027092963693715758
1114 0.0010095998268593663 0.0027346084345713116 0.0047000000000000002
1115 0.0010084507504835962 0.0027314960390799983 0.0039500000000000004
1116 0.00013734467472428249 0.002723949081537213 0.0042000000000000006
1117 0.0011893116724133155 0.0032213770686081934 0.0032000000000000006
1118 -0.00015058798505038885 0.0019440528701266608 0.0032000000000000006
1119 -4.5000000000000003e-05 -4.5000000000000003e-05 -7.5000000000000102e-05
1120 -1.270549420881447e-20 -4.5000000000000003e-05 -7.5000000000000102e-05
1121 5.9292306307800888e-21 -4.5000000000000003e-05 -2.5000000000000099e-05
1122 -4.5000000000000003e-05 -4.5000000000000003e-05 -2.5000000000000099e-05
1123 4.5000000000000003e-05 -4.5000000000000003e-05 -7.5000000000000102e-05
1124 4.5000000000000003e-05 -4.5000000000000003e-05 -2.5000000000000099e-05
1125 4.5000000000000003e-05 4.5000000000000003e-05 -7.5000000000000102e-05
1126 4.5000000000000003e-05 4.5000000000000003e-05 -2.5000000000000099e-05
1127 -4.5000000000000003e-05 4.5000000000000003e-05 -7.5000000000000102e-05
1128 -4.5000000000000003e-05 4.5000000000000003e-05 -2.5000000000000099e-05
1129 -2.2500000000000001e-05 -4.5000000000000003e-05 -5.0000000000000097e-05
1130 2.2500000000000001e-05 -4.5000000000000003e-05 -5.0000000000000097e-05
1131 4.5000000000000003e-05 0 -5.0000000000000097e-05
1132 0 4.5000000000000003e-05 -5.0000000000000097e-05
1133 -4.5000000000000003e-05 0 -5.0000000000000097e-05
1134 9.1481298946567497e-22 9.1836734693877476e-07 -7.5000000000000102e-05
1135 2.9891793909047779e-21 9.1836734693877476e-07 -2.5000000000000099e-05
1136 -7.4999999999999993e-05 -4.4999999999999989e-05 2.4999999999999961e-05
1137 7.4999999999999993e-05 -6.4999999999999994e-05 2.4999999999999981e-05
1138 7.4999999999999993e-05 -4.4999999999999989e-05 2.4999999999999961e-05
1139 -4.5000000000000003e-05 -4.5000000000000003e-05 -8.0000000000000007e-05
1140 -1.3552527156068799e-20 -4.5000000000000003e-05 -8.0000000000000305e-05
1141 -4.5000000000000003e-05 -4.5000000000000003e-05 -2.0000000000000002e-05
1142 6.7762635780343997e-21 -4.5000000000000003e-05 -2.0000000000000002e-05
1143 -4.5000000000000003e-05 -4.5000000000000003e-05 0
1144 4.5000000000000003e-05 -4.5000000000000003e-05 0
1145 4.5000000000000003e-05 -4.5000000000000003e-05 -2.0000000000000002e-05
1146 -4.5000000000000003e-05 4.5000000000000003e-05 -8.0000000000000007e-05
1147 4.5000000000000003e-05 4.5000000000000003e-05 -2.0000000000000002e-05
1148 -4.5000000000000003e-05 4.5000000000000003e-05 -2.0000000000000002e-05
1149 -4.5000000000000003e-05 4.5000000000000003e-05 0
1150 4.5000000000000003e-05 4.5000000000000003e-05 0
1151 2.3069881814412101e-05 1.9177605509266699e-05 0
1152 -5.0733526475753144e-06 2.956790646821887e-05 0
1153 -2.8143234461987411e-05 1.0390300958952181e-05 0
1154 -2.3069881814412101e-05 -1.9177605509266699e-05 0
1155 5.0733526475753008e-06 -2.956790646821887e-05 0
1156 2.8143234461987411e-05 -1.0390300958952189e-05 0
1157 -5.0733526475750899e-06 2.9567906468219002e-05 0.00044999999999999901
1158 2.3069881814412301e-05 1.9177605509266801e-05 0.00044999999999999901
1159 -2.8143234461987201e-05 1.0390300958952299e-05 0.00044999999999999901
1160 -2.3069881814411901e-05 -1.9177605509266499e-05 0.00044999999999999901
1161 5.0733526475754601e-06 -2.95679064682187e-05 0.00044999999999999901
1162 2.81432344619876e-05 -1.0390300958952099e-05 0.00044999999999999901
1163 -5.0733526475750899e-06 2.9567906468219002e-05 0.00094999999999999902
1164 2.3069881814412301e-05 1.9177605509266801e-05 0.00094999999999999902
1165 -2.8143234461987201e-05 1.0390300958952299e-05 0.00094999999999999902
1166 -2.3069881814411901e-05 -1.9177605509266499e-05 0.00094999999999999902
1167 5.0733526475754601e-06 -2.95679064682187e-05 0.00094999999999999902
1168 2.81432344619876e-05 -1.0390300958952099e-05 0.00094999999999999902
1169 -5.0733526475750899e-06 2.9567906468219002e-05 0.0014499999999999999
1170 2.3069881814412301e-05 1.9177605509266801e-05 0.0014499999999999999
1171 -2.8143234461987201e-05 1.0390300958952299e-05 0.0014499999999999999
1172 -2.3069881814411901e-05 -1.9177605509266499e-05 0.0014499999999999999
1173 5.0733526475754601e-06 -2.95679064682187e-05 0.0014499999999999999
1174 2.81432344619876e-05 -1.0390300958952099e-05 0.0014499999999999999
1175 -2.8143234461987201e-05 1.0390300958952399e-05 0.0019499999999999999
1176 -2.3069881814412e-05 -1.9177605509266499e-05 0.0019499999999999999
1177 5.0733526475753203e-06 -2.9567906468218798e-05 0.0019499999999999999
1178 -1.6911175491917399e-05 9.8559688227396394e-05 0.00044999999999999901
1179 -9.3810781539957803e-05 3.4634336529840799e-05 0.00044999999999999901
1180 7.6899606048040796e-05 6.3925351697555704e-05 0.00044999999999999901
1181 -7.68996060480402e-05 -6.39253516975555e-05 0.00044999999999999901
1182 9.3810781539958399e-05 -3.4634336529840603e-05 0.00044999999999999901
1183 1.6911175491917901e-05 -9.8559688227396205e-05 0.00044999999999999901
1184 -1.6911175491917399e-05 9.8559688227396394e-05 0.00094999999999999902
1185 -9.3810781539957803e-05 3.4634336529840799e-05 0.00094999999999999902
1186 7.6899606048040796e-05 6.3925351697555704e-05 0.00094999999999999902
1187 -7.6899606048040105e-05 -6.39253516975555e-05 0.00094999999999999902
1188 9.3810781539958399e-05 -3.4634336529840603e-05 0.00094999999999999902
1189 1.6911175491917999e-05 -9.8559688227396205e-05 0.00094999999999999902
1190 -1.6911175491917399e-05 9.8559688227396394e-05 0.0014499999999999999
1191 -9.3810781539957803e-05 3.4634336529840799e-05 0.0014499999999999999
1192 7.6899606048040796e-05 6.3925351697555704e-05 0.0014499999999999999
1193 -7.68996060480402e-05 -6.39253516975555e-05 0.0014499999999999999
1194 9.3810781539958399e-05 -3.4634336529840603e-05 0.0014499999999999999
1195 1.6911175491917901e-05 -9.8559688227396205e-05 0.0014499999999999999
1196 -9.3810781539957803e-05 3.4634336529840799e-05 0.0019499999999999999
1197 9.1481298946567497e-22 9.1836734693877476e-07 -8.0000000000000007e-05
1198 2.9891793909047779e-21 9.1836734693877476e-07 -2.0000000000000002e-05
1199 -4.9367750325868037e-05 -1.100720496293496e-05 0.00044999999999999901
1200 1.515135604037042e-05 4.8257328391357078e-05 0.00044999999999999901
1201 -1.799652916683664e-05 -4.8745511977485318e-05 0.00044999999999999901
1202 -3.08456095041736e-05 4.0365027082278332e-05 0.00044999999999999901
1203 5.4058289402866427e-05 9.2754881364431538e-06 0.00044999999999999901
1204 3.0371413983096299e-05 -4.0446391013299537e-05 0.00044999999999999901
1205 5.1595929846977183e-05 -1.9048885091412269e-05 0.00044999999999999901
1206 4.2294783326422483e-05 3.5158943433655672e-05 0.00044999999999999901
1207 -5.4791095911173153e-05 2.021183187004152e-05 0.00044999999999999901
1208 -4.936775032586803e-05 -1.100720496293496e-05 0.00094999999999999913
1209 1.515135604037042e-05 4.8257328391357092e-05 0.00094999999999999913
1210 5.4058289402866421e-05 9.2754881364431538e-06 0.00094999999999999913
1211 -3.0845609504173607e-05 4.0365027082278339e-05 0.00094999999999999913
1212 -1.799652916683664e-05 -4.8745511977485318e-05 0.00094999999999999913
1213 3.0371413983096309e-05 -4.0446391013299537e-05 0.00094999999999999913
1214 5.2936083868976592e-05 -1.9543661327552859e-05 0.00094999999999999913
1215 -5.4791095911173173e-05 2.021183187004152e-05 0.00094999999999999913
1216 4.2294783326422483e-05 3.5158943433655693e-05 0.00094999999999999913
1217 -4.9367750325868037e-05 -1.100720496293496e-05 0.001449999999999999
1218 1.515135604037042e-05 4.8257328391357078e-05 0.001449999999999999
1219 -3.08456095041736e-05 4.0365027082278332e-05 0.001449999999999999
1220 5.4058289402866427e-05 9.2754881364431538e-06 0.001449999999999999
1221 -1.7996529166836619e-05 -4.8745511977485331e-05 0.001449999999999999
1222 3.0371413983096299e-05 -4.0446391013299537e-05 0.001449999999999999
1223 4.2294783326422483e-05 3.5158943433655672e-05 0.001449999999999999
1224 -5.4791095911173153e-05 2.021183187004151e-05 0.001449999999999999
1225 -2.0008354272098761e-05 -9.7928985758861069e-05 0.0016878242070294039
1226 -0.00036489865814680778 -0.00098836679819578775 0.001199999999999999
1227 -0.0004854485531573798 -9.1316830622186284e-05 0.00080116503900062776
1228 0.00046867150047412431 -0.00069532436642922408 0.001787953966681882
1229 0.00070398085161899407 0.00012679797812808189 0.00172326549597888
1230 -0.00012862072498824259 -0.00047580493471677439 0.0012079434345752191
1231 -0.00024151099155860561 -0.000509132430032383 0.00060230662073972757
1232 0.0005310529969644748 -0.00048999551256799685 0.0012144953140236451
1233 0.00033031912669228539 -0.00039736051563625242 0.00069999999999999902
1234 0.00055805749538654303 9.5753227397471936e-05 0.00069999999999999902
1235 0.00051179345020512142 8.7815099740007037e-05 0.001199999999999999
1236 -0.00081649035831793219 -0.0001400959356234562 0.0013801521584675951
1237 0.00018949300596217311 0.00051326194657580059 0.001199999999999999
1238 0.00017930977893327441 0.00048567959386184759 0.00069999999999999902
1239 -0.00011576044828978391 -0.00031354947758632562 0.00023795189686147091
1240 0.00032427920988393051 4.4333421490755103e-05 0.00016034926183707801
1241 -0.00028611913819225841 0.00049059226659133742 0.0010989264143993671
1242 -0.00047570330449721852 -8.1622641154027262e-05 0.0016999999999999999
1243 0.00021612055725375739 3.7303313266504593e-05 0.00070631324427086392
1244 -0.00032602151923359808 -6.1313317101329299e-05 0.001201187916927787
1245 0.00032396558449794712 5.5587014846741073e-05 0.00046259332884342078
1246 8.7345113393093822e-05 -0.00020213650950134219 0.0016908140985426299
1247 -0.00016284154857140371 -0.00015029503894888421 0.001727599228635525
1248 -0.00022685569638311549 -0.00024816523707479958 0.001457817519447661
1249 0.00020479006911162069 -0.00033777537429326518 0.0014778353933791099
1250 9.699333552673118e-05 0.0002335650726579439 0.0011391661293429531
1251 4.1354612897097878e-05 -0.00027279999083273552 0.001199999999999999
1252 0.00021179957856836621 -5.0692073504480973e-05 0.001208429881186252
1253 0.00011301864859713099 0.00020878008064507329 0.001675037411369276
1254 -0.00028440060963938149 0.0002345967965178542 0.0016611265909584961
1255 0.000111978413257299 0.00030330543373396999 0.0014302011052464501
1256 0.00035982540177014361 6.1739952968857065e-05 0.00096244483834336816
1257 0.00035448220158068762 6.0823150189572073e-05 0.0014281726534250501
1258 -5.0733526475750501e-06 2.9567906468219002e-05 0.0019499999999999999
1259 2.3069881814412301e-05 1.9177605509266699e-05 0.0019499999999999999
1260 2.8143234461987499e-05 -1.0390300958952199e-05 0.0019499999999999999
1261 2.3069881814412301e-05 1.9177605509266699e-05 0.0024499999999999999
1262 2.8143234461987499e-05 -1.0390300958952199e-05 0.0024499999999999999
1263 -1.6911175491917399e-05 9.8559688227396394e-05 0.0019499999999999999
1264 7.6899606048040796e-05 6.3925351697555704e-05 0.0019499999999999999
1265 -7.6899606048040105e-05 -6.39253516975555e-05 0.0019499999999999999
1266 9.3810781539958399e-05 -3.4634336529840603e-05 0.0019499999999999999
1267 1.6911175491917999e-05 -9.8559688227396205e-05 0.0019499999999999999
1268 -1.6911175491917399e-05 9.8559688227396503e-05 0.0024499999999999999
1269 -9.3810781539957803e-05 3.4634336529840901e-05 0.0024499999999999999
1270 7.6899606048040796e-05 6.3925351697555798e-05 0.0024499999999999999
1271 -7.68996060480402e-05 -6.3925351697555405e-05 0.0024499999999999999
1272 9.3810781539958399e-05 -3.4634336529840501e-05 0.0024499999999999999
1273 1.6911175491917901e-05 -9.8559688227396096e-05 0.0024499999999999999
1274 5.1595929846977183e-05 -1.9048885091412269e-05 0.001449999999999999
1275 1.5151356040370451e-05 4.8257328391357038e-05 0.0019499999999999999
1276 -3.3216587109562432e-05 3.9958207427171257e-05 0.0019499999999999999
1277 -5.1213116276399349e-05 -8.7873045503142097e-06 0.0019499999999999999
1278 5.4058289402866387e-05 9.2754881364430674e-06 0.0019499999999999999
1279 -1.799652916683685e-05 -4.8745511977485338e-05 0.0019499999999999999
1280 3.0371413983096211e-05 -4.0446391013299598e-05 0.0019499999999999999
1281 5.1595929846977122e-05 -1.904888509141234e-05 0.0019499999999999999
1282 4.613976362882448e-05 3.8355211018533283e-05 0.0019499999999999999
1283 -5.1213116276399342e-05 -8.7873045503142097e-06 0.0024499999999999991
1284 1.899633634277248e-05 5.1453595976234858e-05 0.0024499999999999991
1285 5.4058289402866387e-05 9.2754881364430996e-06 0.0024499999999999991
1286 -1.799652916683685e-05 -4.8745511977485338e-05 0.0024499999999999991
1287 3.0371413983096191e-05 -4.0446391013299557e-05 0.0024499999999999991
1288 -1.0146705295150259e-05 5.9135812936437929e-05 0.0024499999999999991
1289 5.1595929846977122e-05 -1.9048885091412289e-05 0.0024499999999999991
1290 4.3256028402022989e-05 3.5958010329875109e-05 0.0024499999999999991
1291 5.4058289402866387e-05 9.2754881364430962e-06 0.0029499999999999991
1292 5.1595929846977122e-05 -1.9048885091412289e-05 0.0029499999999999991
1293 4.3256028402022989e-05 3.5958010329875122e-05 0.0029499999999999991
1294 -8.1791328505358133e-05 -0.00012617814566015691 0.0022428940526610049
1295 -8.6857916678355224e-05 -9.3703039723592363e-06 0.002198555307174463
1296 -0.0014053330018291221 -0.0038064937987738528 0.003700000000000001
1297 -0.003530607277249798 -0.00060579249318299473 0.0037000000000000002
1298 -0.0017632335622486421 0.002121098479819367 0.0022000000000000001
1299 -0.00073665419764027394 -0.0019953061882904432 0.0022000000000000001
1300 -0.0019349341977312039 -0.00033200198145563492 0.0047000000000000002
1301 -0.0015428192602888011 -0.00026472169030058019 0.0016999999999999999
1302 -0.00036696055087057929 -0.00099395165378272552 0.0022000000000000001
1303 -0.00017896212939701419 -0.00048473794814357478 0.0022000000000000001
1304 -0.0005580473997899159 -9.5751495163844483e-05 0.0022000000000000001
1305 -0.00017896212939701419 -0.00048473794814357489 0.0016999999999999999
1306 0.00024648796006113019 0.00066763883736019607 0.0016999999999999999
1307 -0.00051521668358818777 0.00061978477935889964 0.0016999999999999999
1308 0.00044958091347302681 -0.00054110591381545956 0.002288296973309041
1309 0.00052114775707406285 8.9420140582881268e-05 0.0022000000000000001
1310 0.000189493005962173 0.00051326194657580048 0.0022000000000000001
1311 -0.00033216935778606201 0.00039958626861892621 0.0022000000000000001
1312 0.00027243960351554041 2.6221676727172619e-05 0.0017205608721563299
1313 0.00025382071232058103 1.162529461912088e-05 0.0026885154028127392
1314 -0.0022356284921614101 -0.0021271836075798371 0.0046568223875016416
1315 8.1436675989208468e-05 0.00020136091059045231 0.0021998270851620559
1316 -0.00026831846497558622 -2.4022908236965041e-05 0.0021936097432844861
1317 -0.00034191552119223849 -0.00028576247830351621 0.0019683997989502679
1318 0.00023343259987286321 -0.0002808099524257983 0.002437695292588634
1319 9.0918710461955501e-05 -0.00019880620393684489 0.0022040036724982441
1320 0.00023343259987286351 -0.00028080995242579841 0.0019623047074113649
1321 -0.0001129144101035948 -0.00030584068067292383 0.0025280928820558138
1322 0.00035683006597190251 6.1226004008056676e-05 0.001973853728150423
1323 0.0003263249939138815 -4.6268045298266743e-05 0.0023979269799175289
1324 0.00013739722466856369 0.00037215498603456121 0.001922919350799
1325 0.00013739722466856369 0.00037215498603456121 0.0024770806492009989
1326 -0.000121145541752799 -0.0002342265662109982 0.002099213491552023
1327 -8.1301697621401144e-06 -0.00035380199773635967 0.001871010338003861
1328 -0.001543703966329266 -0.0018398718428675931 0.003288923531141599
1329 -0.0062211806696390618 0.00036435918426730717 0.0018250000000000004
1330 -0.00011405383986426258 0.0031395750453751762 0.001075
1331 -0.00043092727480499891 0.0022812896685085043 0.0022000000000000001
1332 -0.00088161678112432104 0.0020173089167479139 0.0010485
1333 -2.8143234461987299e-05 1.0390300958952299e-05 0.00445
1334 -2.3069881814412e-05 -1.9177605509266499e-05 0.00445
1335 -5.0733526475752e-06 2.95679064682189e-05 0.0049500000000000004
1336 2.30698818144122e-05 1.9177605509266699e-05 0.0049500000000000004
1337 -2.81432344619874e-05 1.0390300958952299e-05 0.0049500000000000004
1338 -2.3069881814412101e-05 -1.9177605509266601e-05 0.0049500000000000004
1339 5.0733526475752796e-06 -2.95679064682189e-05 0.0049500000000000004
1340 2.81432344619874e-05 -1.0390300958952199e-05 0.0049500000000000004
1341 -5.0733526475752e-06 2.95679064682189e-05 0.00545
1342 2.30698818144122e-05 1.9177605509266699e-05 0.00545
1343 -2.81432344619874e-05 1.0390300958952299e-05 0.00545
1344 -2.3069881814412101e-05 -1.9177605509266601e-05 0.00545
1345 5.0733526475752796e-06 -2.95679064682189e-05 0.00545
1346 2.81432344619874e-05 -1.0390300958952199e-05 0.00545
1347 -5.0733526475752e-06 2.95679064682189e-05 0.0059500000000000004
1348 2.30698818144122e-05 1.9177605509266699e-05 0.0059500000000000004
1349 -2.81432344619874e-05 1.0390300958952299e-05 0.0059500000000000004
1350 -2.3069881814412101e-05 -1.9177605509266601e-05 0.0059500000000000004
1351 5.0733526475752796e-06 -2.95679064682189e-05 0.0059500000000000004
1352 2.81432344619874e-05 -1.0390300958952199e-05 0.0059500000000000004
1353 -1.6911175491917501e-05 9.8559688227396394e-05 0.00445
1354 -9.3810781539957897e-05 3.4634336529840799e-05 0.00445
1355 7.6899606048040701e-05 6.3925351697555704e-05 0.00445
1356 -7.6899606048040295e-05 -6.39253516975555e-05 0.00445
1357 9.3810781539958304e-05 -3.4634336529840603e-05 0.00445
1358 1.6911175491917799e-05 -9.8559688227396205e-05 0.00445
1359 -1.6911175491917501e-05 9.8559688227396394e-05 0.0049500000000000004
1360 -9.3810781539957897e-05 3.4634336529840799e-05 0.0049500000000000004
1361 7.6899606048040701e-05 6.3925351697555704e-05 0.0049500000000000004
1362 -7.68996060480402e-05 -6.39253516975555e-05 0.0049500000000000004
1363 9.3810781539958304e-05 -3.4634336529840603e-05 0.0049500000000000004
1364 1.6911175491917901e-05 -9.8559688227396205e-05 0.0049500000000000004
1365 -1.6911175491917501e-05 9.8559688227396394e-05 0.00545
1366 -9.3810781539957897e-05 3.4634336529840799e-05 0.00545
1367 7.6899606048040701e-05 6.3925351697555704e-05 0.00545
1368 -7.6899606048040295e-05 -6.39253516975555e-05 0.00545
1369 9.3810781539958304e-05 -3.4634336529840603e-05 0.00545
1370 1.6911175491917799e-05 -9.8559688227396205e-05 0.00545
1371 -1.6911175491917501e-05 9.8559688227396394e-05 0.0059500000000000004
1372 -9.3810781539957897e-05 3.4634336529840799e-05 0.0059500000000000004
1373 -7.68996060480402e-05 -6.39253516975555e-05 0.0059500000000000004
1374 1.6911175491917901e-05 -9.8559688227396205e-05 0.0059500000000000004
1375 1.5151356040370349e-05 4.8257328391357017e-05 0.0044500000000000008
1376 -4.9367750325868173e-05 -1.100720496293495e-05 0.0044500000000000008
1377 -3.0845609504173708e-05 4.0365027082278312e-05 0.0044500000000000008
1378 3.4216394285498137e-05 -3.7250123428421859e-05 0.0044500000000000008
1379 5.0379943629786851e-05 6.5305678846901783e-06 0.0044500000000000008
1380 -1.9534334125612791e-05 -4.6895594966968268e-05 0.0044500000000000008
1381 -5.4791095911173309e-05 2.021183187004156e-05 0.0044500000000000008
1382 9.8915880991108838e-06 -5.7556396895286523e-05 0.0044500000000000008
1383 4.4899507812062648e-05 3.7344565025245132e-05 0.0044500000000000008
1384 -4.9367750325868227e-05 -1.1007204962934991e-05 0.0049500000000000004
1385 1.5151356040370341e-05 4.8257328391357038e-05 0.0049500000000000004
1386 -3.0845609504173763e-05 4.0365027082278332e-05 0.0049500000000000004
1387 3.4216394285498157e-05 -3.72501234284219e-05 0.0049500000000000004
1388 5.0379943629786858e-05 6.5305678846901783e-06 0.0049500000000000004
1389 -1.9534334125612801e-05 -4.6895594966968363e-05 0.0049500000000000004
1390 9.8915880991108974e-06 -5.7556396895286679e-05 0.0049500000000000004
1391 -5.4791095911173437e-05 2.0211831870041581e-05 0.0049500000000000004
1392 4.4899507812062682e-05 3.7344565025245172e-05 0.0049500000000000004
1393 -4.9367750325868247e-05 -1.1007204962934991e-05 0.0054499999999999991
1394 1.5151356040370341e-05 4.8257328391357031e-05 0.0054499999999999991
1395 -3.0845609504173763e-05 4.0365027082278332e-05 0.0054499999999999991
1396 3.4216394285498137e-05 -3.7250123428421893e-05 0.0054499999999999991
1397 5.0379943629786851e-05 6.5305678846901791e-06 0.0054499999999999991
1398 -1.9534334125612831e-05 -4.6895594966968343e-05 0.0054499999999999991
1399 9.8915880991108804e-06 -5.7556396895286672e-05 0.0054499999999999991
1400 -5.4791095911173437e-05 2.0211831870041591e-05 0.0054499999999999991
1401 4.4899507812062682e-05 3.7344565025245172e-05 0.0054499999999999991
1402 -4.9367750325868227e-05 -1.1007204962934991e-05 0.0059500000000000004
1403 -3.0845609504173763e-05 4.0365027082278332e-05 0.0059500000000000004
1404 3.4216394285498157e-05 -3.72501234284219e-05 0.0059500000000000004
1405 -1.9534334125612801e-05 -4.6895594966968343e-05 0.0059500000000000004
1406 -5.4791095911173437e-05 2.0211831870041581e-05 0.0059500000000000004
1407 9.8915880991108991e-06 -5.7556396895286672e-05 0.0059500000000000004
1408 -0.0012556762825404869 -0.00021545281196596149 0.0057000000000000002
1409 -0.00036693501701343931 -0.00099388249261684052 0.0051999999999999998
1410 -0.00058408619724805376 -0.0001002193123955419 0.0061999999999999998
1411 -0.00075892083054162761 0.00085192178608503024 0.0055316081556259283
1412 -0.00042478119915136461 0.00051099455855795062 0.0061999999999999998
1413 -0.00018578742815989149 -0.00050322499525757203 0.0051999999999999998
1414 -0.00058408619724805344 -0.00010021931239554181 0.0051999999999999998
1415 -0.00042478119915136391 0.00051099455855794953 0.0051999999999999998
1416 -0.0001791116375249382 -0.00048514290679826249 0.0047000000000000002
1417 0.0003303380803461534 -0.00039738331611332341 0.0051999999999999998
1418 -0.00051179249060951879 -8.7814935089631862e-05 0.0047000000000000002
1419 -0.000514887181472169 -8.8345931699024174e-05 0.0057000000000000002
1420 0.0005212868549752483 8.9444007430066077e-05 0.0051999999999999998
1421 -0.00034239268858068651 0.00041188452102940858 0.0057000000000000002
1422 0.00018957513182425809 0.00051348439320185913 0.0051999999999999998
1423 0.00017931504070670771 0.00048569384593443008 0.0057000000000000002
1424 -8.6148844645877941e-05 -0.00032607098856794758 0.0057163741380339243
1425 -8.2383502137256838e-05 -0.00020041643031937361 0.0062064146585775106
1426 -8.8268900867837917e-05 -0.00020220756213844629 0.0051971985347378808
1427 -0.00033801403704609772 0.00040661718077878958 0.0047000000000000002
1428 -0.00011868211010265049 -0.00032146310913010672 0.0059602436520619917
1429 -0.0001186821101026506 -0.00032146310913010672 0.0054397563479380087
1430 0.00014473448614073879 -0.0001526821991835473 0.0047009773998980594
1431 -0.0001275879518087928 -0.00034558552793274589 0.0049445416221744216
1432 -0.0002072944626062368 -0.00019722542387965889 0.0047342038682145343
1433 0.0002090884834409295 -8.0061456318021216e-05 0.0051931103609391118
1434 0.00023050382591969571 -0.00027728675611601622 0.0049594979293546681
1435 -0.00028896793040098748 1.7230338413565779e-05 0.0051999999999999998
1436 -0.00024461038725228837 0.00011119297259411409 0.0062402002211487933
1437 0.00023565910737054449 -0.00028348835066511943 0.0054452261936280364
1438 0.0001646448313143684 -0.00013093385100872959 0.0056981408598656301
1439 -0.00031302039256278882 -0.00028078617474480607 0.0044114272717767564
1440 0.00017583103080327889 0.00017980814686015999 0.0052155726664129412
1441 0.0002333393998317032 -0.00028069783655535678 0.0044374429684489406
1442 7.4720258813844708e-05 0.0002988267053566839 0.004792586330637812
1443 5.723056705501274e-05 0.00031325026041937362 0.0061008747849891198
1444 0.00017226541746197941 0.0001217710228700972 0.0057003659293519511
1445 -0.00035976844781478932 -6.173018063341989e-05 0.004937455752831537
1446 -0.00035845593344007202 -0.00014972031104240041 0.0054718609121453847
1447 -0.00031313821472525729 -7.1172386590675978e-05 0.0059223577373805824
1448 -0.00031709450774453909 -5.4408054291110681e-05 0.0045152360201816703
1449 0.00011619971352478289 -0.00073069516550873037 0.0049454342062803464
1450 0.00029219907741970198 9.8043892412798318e-05 0.0048537234820442976
1451 0.00035133834110852828 6.0283716906827487e-05 0.0044912333767779021
1452 -0.00056464518093047179 -0.00047933161419727241 0.0049454342062803464
1453 0.00036293617308541867 6.2273708711940023e-05 0.0054555523886545077
1454 -0.0008091955755614123 -0.00058714907417422365 0.0054976471806640528
1455 0.00069961589286709949 -0.00025801015557441569 0.005451839496227396
1456 -0.0001174825827944117 0.00030500520397928969 0.0052283406512646079
1457 -0.0001053832118197915 -0.00028544162968122182 0.0045181576077392904
1458 -0.0001107235208589603 0.00019280446487208831 0.0056883111092816937
1459 0.00011857096746781421 0.00032116206749105457 0.0044392422544886042
1460 -5.0733526475752e-06 2.95679064682189e-05 0.00645
1461 2.30698818144122e-05 1.9177605509266699e-05 0.00645
1462 -2.81432344619874e-05 1.0390300958952299e-05 0.00645
1463 -2.3069881814412101e-05 -1.9177605509266601e-05 0.00645
1464 5.0733526475752796e-06 -2.95679064682189e-05 0.00645
1465 2.81432344619874e-05 -1.0390300958952199e-05 0.00645
1466 -5.0733526475752e-06 2.95679064682189e-05 0.0069499999999999996
1467 2.30698818144122e-05 1.9177605509266699e-05 0.0069499999999999996
1468 -2.81432344619874e-05 1.0390300958952299e-05 0.0069499999999999996
1469 -2.3069881814412101e-05 -1.9177605509266601e-05 0.0069499999999999996
1470 5.0733526475752796e-06 -2.95679064682189e-05 0.0069499999999999996
1471 2.81432344619874e-05 -1.0390300958952199e-05 0.0069499999999999996
1472 -5.0733526475752898e-06 2.956790646821888e-05 0.0074500000000000009
1473 2.3069881814412139e-05 1.9177605509266699e-05 0.0074500000000000009
1474 -2.8143234461987411e-05 1.039030095895222e-05 0.0074500000000000009
1475 -2.3069881814412101e-05 -1.9177605509266662e-05 0.0074500000000000009
1476 5.0733526475752796e-06 -2.956790646821888e-05 0.0074500000000000009
1477 2.8143234461987411e-05 -1.0390300958952189e-05 0.0074500000000000009
1478 7.6899606048040701e-05 6.3925351697555704e-05 0.0059500000000000004
1479 9.3810781539958304e-05 -3.4634336529840603e-05 0.0059500000000000004
1480 -1.6911175491917501e-05 9.8559688227396503e-05 0.00645
1481 -9.3810781539957897e-05 3.4634336529840901e-05 0.00645
1482 7.6899606048040701e-05 6.3925351697555798e-05 0.00645
1483 -7.6899606048040295e-05 -6.3925351697555405e-05 0.00645
1484 9.3810781539958304e-05 -3.4634336529840501e-05 0.00645
1485 1.6911175491917799e-05 -9.8559688227396096e-05 0.00645
1486 -1.6911175491917501e-05 9.8559688227396503e-05 0.0069499999999999996
1487 -9.3810781539957897e-05 3.4634336529840901e-05 0.0069499999999999996
1488 7.6899606048040701e-05 6.3925351697555798e-05 0.0069499999999999996
1489 -7.68996060480402e-05 -6.3925351697555405e-05 0.0069499999999999996
1490 9.3810781539958304e-05 -3.4634336529840501e-05 0.0069499999999999996
1491 1.6911175491917901e-05 -9.8559688227396096e-05 0.0069499999999999996
1492 -1.6911175491917501e-05 9.8559688227396489e-05 0.0074500000000000009
1493 -9.3810781539957897e-05 3.4634336529840901e-05 0.0074500000000000009
1494 7.6899606048040701e-05 6.3925351697555798e-05 0.0074500000000000009
1495 -7.6899606048040295e-05 -6.3925351697555405e-05 0.0074500000000000009
1496 9.3810781539958304e-05 -3.4634336529840501e-05 0.0074500000000000009
1497 1.6911175491917799e-05 -9.8559688227396096e-05 0.0074500000000000009
1498 8.6164647140940464e-22 4.7657551447457907e-21 0.00745
1499 1.5151356040370341e-05 4.8257328391357038e-05 0.0059500000000000004
1500 5.0379943629786838e-05 6.5305678846901808e-06 0.0059500000000000004
1501 4.4899507812062682e-05 3.7344565025245179e-05 0.0059500000000000004
1502 1.5151356040370341e-05 4.8257328391357078e-05 0.00645
1503 -4.9367750325868247e-05 -1.100720496293496e-05 0.00645
1504 -3.0845609504173763e-05 4.0365027082278373e-05 0.00645
1505 3.421639428549815e-05 -3.7250123428421859e-05 0.00645
1506 -1.9534334125612841e-05 -4.6895594966968322e-05 0.00645
1507 5.0379943629786851e-05 6.5305678846902173e-06 0.00645
1508 9.8915880991108872e-06 -5.7556396895286638e-05 0.00645
1509 -5.4791095911173437e-05 2.0211831870041591e-05 0.00645
1510 4.4899507812062682e-05 3.7344565025245179e-05 0.00645
1511 1.5151356040370341e-05 4.8257328391357072e-05 0.0069499999999999996
1512 -4.9367750325868227e-05 -1.100720496293496e-05 0.0069499999999999996
1513 -3.0845609504173763e-05 4.0365027082278373e-05 0.0069499999999999996
1514 -1.7996529166836921e-05 -4.8745511977485507e-05 0.0069499999999999996
1515 3.3216587109562703e-05 -3.9958207427171088e-05 0.0069499999999999996
1516 5.0213309100464288e-05 6.0792205515653486e-06 0.0069499999999999996
1517 -5.4791095911173437e-05 2.0211831870041601e-05 0.0069499999999999996
1518 4.1333538250821882e-05 3.4359876537436229e-05 0.0069499999999999996
1519 -1.5151356040370131e-05 -4.8257328391356909e-05 0.00745
1520 1.5151356040370249e-05 4.8257328391357031e-05 0.00745
1521 -5.4058289402866122e-05 -9.2754881364430064e-06 0.00745
1522 5.4058289402866251e-05 9.2754881364431402e-06 0.00745
1523 3.0845609504173932e-05 -4.0365027082278149e-05 0.00745
1524 -3.084560950417379e-05 4.0365027082278298e-05 0.00745
1525 4.2294783326422321e-05 3.5158943433655672e-05 0.00745
1526 -5.1714478727246321e-05 1.9028544108657091e-05 0.00745
1527 -4.2294783326422158e-05 -3.5158943433655503e-05 0.00745
1528 5.1714478727246477e-05 -1.9028544108656918e-05 0.00745
1529 -0.00057127458534823579 -0.0015473579313193789 0.0071999999999999998
1530 0.0011467322521837059 -0.0013794724016963219 0.0072000000000000007
1531 -0.0017544768613883511 -0.0004954750451010055 0.0073160711527494064
1532 -0.0013393007411778321 0.0016111244856923019 0.0066999999999999994
1533 0.00082300620468826529 0.00222919977714948 0.0071999999999999998
1534 -0.00040398052176716112 -0.0010942241795579091 0.0062000000000000006
1535 -0.00018578742815989131 -0.00050322499525757203 0.0062000000000000006
1536 0.00037883556910837561 -0.00045572382861889231 0.0062000000000000006
1537 0.00065492486848248274 0.00011237403023612351 0.0062000000000000006
1538 0.00043641262857731342 0.0011820699878420211 0.0066999999999999994
1539 -0.00017911163752493809 -0.00048514290679826228 0.0067000000000000002
1540 -0.00017896220434694289 -0.00048473815115342188 0.0071999999999999998
1541 -0.00037511839484758922 -0.0010160480412364 0.0086744092231120767
1542 0.00036194711531783752 -0.00043540770350162399 0.0072000000000000007
1543 0.0006221725475998223 0.0001067542859352248 0.0071999999999999998
1544 -0.00055804768989476674 -9.5751544940930148e-05 0.0071999999999999998
1545 0.0011770287325207299 0.00020195822260276309 0.0091498159857238224
1546 -0.00040353819738268252 0.0004854400887911158 0.0071999999999999998
1547 -0.00076341531753751151 0.00091835767204577099 0.0091498159857238241
1548 0.0002464881163894699 0.00066763926079211895 0.0071999999999999998
1549 0.0003319462099240629 -0.00039931783078913638 0.0066999999999999994
1550 0.00026017102774590032 0.00070470088046491869 0.0061999999999999998
1551 -0.00051179249060951813 -8.7814935089632024e-05 0.0066999999999999994
1552 8.1199565787331384e-06 0.00014130607211114071 0.0085263581426224012
1553 0.00052114782669269023 8.9420152528260334e-05 0.0067000000000000002
1554 -0.0003380140370460974 0.00040661718077878941 0.0066999999999999994
1555 0.0001894930471177839 0.00051326205805014684 0.0066999999999999994
1556 0.00017224693075104959 -0.0001488480047577558 0.0071976353275865854
1557 0.00026364114707556088 -0.00031714960981496412 0.0074950163851657406
1558 -0.00019302435827258101 -0.00052282698963204298 0.0077698543351769726
1559 -9.5340642014328817e-05 -7.1931373810435269e-05 0.0079588422799477688
1560 0.00025363956235312452 -0.001585889261569654 0.0070502887844500779
1561 -0.00012758795180879291 -0.00034558552793274578 0.0064554583778255788
1562 0.00022871025769238281 -0.0001136754127643648 0.0061902451974949297
1563 -0.00021734951107710811 -9.4218775484322683e-05 0.0072016986703403634
1564 -0.0002304171497937657 -0.00018892514054043091 0.0066647359348898276
1565 0.00024769371907704238 -0.00033265203639731562 0.0069441935498880244
1566 -0.00097998495999275514 -0.00081777034807139657 0.0068973031186431426
1567 0.00055085049198977647 9.4516627511600327e-05 0.0077656573450815012
1568 -0.00040648019243786179 -6.9745125942822798e-05 0.0074950163851657406
1569 -0.00054287085307554498 0.00068397033156611289 0.0077271055984130766
1570 0.0002333441285161384 -0.00028070352497099358 0.0064625442471684634
1571 -0.00031302039256278779 -0.00028078617474480499 0.0069885727282232449
1572 -3.1714023631303337e-05 -0.00029863814058118888 0.0070555154487113034
1573 -0.00011765727680805111 -0.00031868723922909899 0.0073954672151459368
1574 0.00012416844800434209 0.00016066102444986939 0.0066965999566483284
1575 0.0001030875062981037 0.00028507476804326198 0.0072722900944286236
1576 0.0001833609322373982 0.00049665257315569423 0.0076557307468740621
1577 0.00012471526384439939 -0.00071293842358712196 0.0064605660638279057
1578 -0.0001050865752213638 -0.00090075499560826882 0.0069633772997279367
1579 -0.001403953845818325 0.00043983592704520359 0.0065605246932201027
1580 -0.00017358744972372661 0.0001083018093156525 0.0067184234914375819
1581 -0.00035976844781478878 -6.173018063341943e-05 0.0064625442471684634
1582 -0.00031709450774453828 -5.4408054291110661e-05 0.0068847639798183318
1583 0.00024042711421459479 -7.9050273328604132e-05 0.00668731668739938
1584 0.00030331473299602922 9.5890441648811915e-05 0.007317688753429607
1585 0.00040692020330315162 -2.1231020317311761e-05 0.0069740022983167081
1586 0.00094622824612174638 -0.00038231722515496338 0.0069165715981174712
1587 -0.00056464518093047255 -0.00047933161419727263 0.006454565793719654
1588 0.00036293617308541878 6.2273708711940064e-05 0.0059444476113454927
1589 5.4573186121732061e-05 -0.00025884914037707142 0.0067291587838819219
1590 0.00011792646485252831 0.00031941636365773808 0.0069411710394872246
1591 0.00011824938029372681 0.00032029101445071759 0.0064582334119746088
1592 -0.000182406802657008 0.00025740739100830502 0.0072522667699795604
1593 0.00037790552273218018 6.4842195924401635e-05 0.0063482128185784661
1594 -0.014999999999999999 -0.014999999999999999 0.01495
1595 0.014999999999999999 -0.014999999999999999 0.01495
1596 -0.014999999999999999 0.014999999999999999 0.01495
1597 0.014999999999999999 0.014999999999999999 0.01495
1598 -0.0049999999999999854 -0.014999999999999999 0.01495
1599 0.0050000000000000357 -0.014999999999999999 0.01495
1600 -0.014999999999999999 0.0049999999999999854 0.01495
1601 -0.014999999999999999 -0.0050000000000000357 0.01495
1602 0.014999999999999999 0.014999999999999999 0.004950000000000036
1603 0.014999999999999999 -0.0049999999999999854 0.01495
1604 0.014999999999999999 0.0050000000000000357 0.01495
1605 0.0049999999999999854 0.014999999999999999 0.01495
1606 -0.0050000000000000357 0.014999999999999999 0.01495
1607 -2.374843914604297e-06 -0.014999999999999999 0.0075268024514831503
1608 -0.0077304073544494194 -0.014999999999999999 0.0076804073544494266
1609 0.0077304073544494437 -0.014999999999999999 0.007680407354449444
1610 -0.014999999999999999 2.374843914604297e-06 0.0075268024514831503
1611 -0.014999999999999999 0.0077304073544494194 0.0076804073544494266
1612 -0.014999999999999999 -0.0077304073544494437 0.007680407354449444
1613 0.014999999999999999 2.4286128663675299e-17 0.0060160499506840461
1614 0.014999999999999999 0.00757680245148315 -5.2374843914602259e-05
1615 0.014999999999999999 0.0077304073544494471 0.0076804073544494474
1616 0.014999999999999999 -0.0077304073544494411 0.0076804073544494544
1617 0.0061442488111044949 1.8514244822331099e-17 0.01495
1618 -0.0061515187414553562 -1.9919903398917729e-17 0.01495
1619 -1.2116550584624099e-06 -0.0075768024514831448 0.01495
1620 -1.211655058491756e-06 0.0075768024514831422 0.01495
1621 -0.007730407354449415 -0.0077304073544494289 0.01495
1622 0.0077304073544494133 0.0077304073544494237 0.01495
1623 0.0077304073544494506 -0.0077304073544494393 0.01495
1624 -0.0077304073544494506 0.0077304073544494376 0.01495
1625 2.374843914604297e-06 0.014999999999999999 0.0075268024514831503
1626 0.0077304073544494194 0.014999999999999999 0.0076804073544494266
1627 -0.0077304073544494437 0.014999999999999999 0.007680407354449444
1628 0.0054090422284259754 -0.0065068584750403169 0.0057000000000000002
1629 -0.0026249482055655921 -0.0071099512027277588 0.0062000000000000024
1630 -0.0048864686872801873 0.0058782236943453582 0.0071999999999999998
1631 0.0073556220945890484 0.0012621003407277929 0.0072000000000000007
1632 -0.0070478003319078336 -0.0012092833326532301 0.0051999999999999998
1633 0.0039802046664331719 0.00068293580081649295 0.0037000000000000002
1634 0.0040458807313341243 0.008105669022427011 0.0084860028064964576
1635 0.0025238813804212318 -0.0030361269623456538 0.0026999999999999988
1636 -0.0012490367414734469 -0.003383148765930342 0.0071999999999999998
1637 0.002454732935466962 -0.0029529441868956872 0.0066999999999999994
1638 -0.0037129205288917002 -0.00063707436357512287 0.0072000000000000007
1639 -0.0025802072306494602 0.0031038846762705559 0.0047000000000000002
1640 0.0035522897186153471 0.00060951283339125216 0.0071999999999999998
1641 -0.00074701742649376239 -0.0020233760950774701 0.0057000000000000002
1642 0.002051188468420612 0.00035194924801737091 0.0051999999999999998
1643 0.00077609388814855801 -0.000933609478400386 0.0062000000000000006
1644 0.0015496751765614249 0.00048499049852920238 0.0067368549972932736
1645 0.0011246248515945491 -0.0008021686920767695 0.0051663103549846262
1646 0.001045433501359991 0.00017937870669637899 0.0051999999999999998
1647 -0.00023139538517499391 -0.00062675899419360596 0.0057000000000000002
1648 0.00033395341190844551 -0.00040173241338835531 0.0057000000000000002
1649 0.00050944189223745332 8.741161216627513e-05 0.0057000000000000002
1650 0.0041861641657921838 -0.008262434989637555 -4.9999999999999697e-05
1651 0.00081962676622367972 -0.002663641153559783 0.0060805913368396861
1652 0.002044784751323712 -0.0029591295619185881 0.010083719262506549
1653 0.0002234870736826302 -0.00026884588768998177 0.0059495009226454296
1654 0.00043412866396775267 -0.002961554466917852 0.0084218355054535999
1655 0.00092433999215064283 -0.0062885861876425548 0.0066465229196452759
1656 0.00015816420865057839 -0.001191716306371418 0.0046518664492598543
1657 0.0076485851190641564 -0.0028215160463808419 0.00291477582022895
1658 0.0025750831126567109 -0.001116186129576239 0.0061199046891249166
1659 0.0069752439575830874 0.0071660971011926191 0.002263339689153421
1660 -0.002254439990789437 -0.001968952230331869 0.0084218355054535999
1661 0.0001117070676962192 -0.00068187534507847271 0.0059496618172547051
1662 0.00027464791679181552 -0.001664817692736395 0.0056621654055963684
1663 9.850528816593654e-05 -0.00067700133307751912 0.0054503381827452953
1664 -0.0016408808216218419 0.0093391633378471159 0.003082694844231037
1665 -0.001405415480125126 -0.0064094930686162694 0.01030265624111934
1666 -0.0069892309850288223 -0.0051372835802611779 0.0094528827071226548
1667 -0.0048257332761510452 -0.0041139157954032208 0.0064535477318426113
1668 -0.0006242389046073601 -0.0005067021717696902 0.0060258171097227033
1669 -0.00057058874722743153 -0.001098060608452002 0.01253939365227022
1670 0.0042405485679296584 -0.0044530375713134314 -4.9999999999999257e-05
1671 0.001506185107354052 0.0040796624454748657 0.002075
1672 -0.00014299461503032758 0.0030611858799190561 0.0032000000000000006
1673 0.014999999999999999 2.2551405187698495e-17 -5.7124531743842077e-05
1674 0.011346697731183302 -0.0015659111591768819 0.001701682866028411
1675 0.014999999999999999 -0.0037884012257415568 0.0029818375533847219
1676 0.0027576652744766444 0.0024204937058737394 0.0018249999999999998
1677 0.0027287244993105795 0.0023421045404176193 0.0039500000000000004
1678 0.0024407918395359081 0.0015622083290070671 0.0029500000000000004
1679 0.01049578363608702 0.0043024270279417099 -5.1187421957302388e-05
1680 0.014999999999999999 0.0037884012257415871 0.0029818375533847219
1681 0.01049578363608702 0.00051402580220014712 0.0029830249753420219
1682 0.014999999999999999 0.0037884012257415854 -0.0030913369290431663
1683 -0.0054762593189821166 0.010439111847172678 0.0035750000000000113
1684 -0.0041996721907410321 0.0050520353572219038 0.0035750000000000001
1685 -0.0099432343436400943 0.005979261354258544 0.0035750000000000105
1686 -0.011365203677224722 0.010540149507085865 0.0038152036772247325
1687 -0.0063084380208648155 0.010439111847172678 0.0074402036772247219
1688 -0.0068982286525667447 0.014999999999999999 0.0038152036772247334
1689 -0.01057420202286318 -0.0077232849963719541 0.0038152036772247226
1690 -0.011365203677224709 -0.011365203677224722 0.0076804073544494353
1691 -0.01099461549251441 -0.0064338454673553112 0.0085666450307860485
1692 -0.0073598191697391204 -0.010068641790130589 0.0085666450307860416
1693 -0.0069394057000878896 -0.011358081319147232 0.0038152036772247139
1694 -0.0065688175153775907 -0.0064267231092778217 0.0047014413535613276
1695 -0.0073891038431786425 0.0032605620108981039 0.010075000000000001
1696 -0.011365203677224725 0.0038663910991820209 0.011238401225741575
1697 -0.0069409630479524038 0.0038652036772247088 0.01495
1698 -0.010575759370727678 1.1874219572921884e-06 0.011238401225741575
1699 -0.0065996595366815949 -0.00060464166632662501 0.010075000000000001
1700 -0.011023900165953917 -0.00060345424436931288 0.006363401225741575
1701 -0.011955877031014164 0.00066844285281610668 0.0037384012257415757
1702 -0.014999999999999999 0.0030413369290431674 0.0037384012257415857
1703 -0.014999999999999999 -0.0030318375533847208 0.0037384012257415866
1704 0.011365203677224722 -0.011288401225741568 0.0038140162552674209
1705 0.011365203677224722 -0.01136520367722472 0.0076804073544494492
1706 0.0065697247914377095 -0.010753429237520158 0.0066902036772247221
1707 0.010204521114212987 -0.0071186329147448785 0.0066902036772247273
1708 0.010204521114212987 -0.0070418304632617274 0.002823812578042699
1709 0.014999999999999999 -0.0076536049029662899 0.0038140162552674261
1710 0.010540149507085865 0.011288401225741575 -5.118742195729057e-05
1711 0.010540149507085865 0.014999999999999999 0.0024500000000000285
1712 0.014999999999999999 0.014999999999999999 -4.9999999999974544e-05
1713 0.014999999999999999 0.011288401225741575 -0.0025511874219572937
1714 0.014999999999999999 0.011288401225741575 0.0024488125780427169
1715 -0.014999999999999999 0.0038663910991820118 0.0076036049029662885
1716 -0.011365203677224725 0.007730407354449428 0.011315203677224713
1717 -0.011023900165953917 0.0032605620108980948 0.0064402036772247132
1718 -0.0030413369290431674 -0.014999999999999999 0.0037384012257415857
1719 -0.00013743479830574776 -0.011651504319393872 0.0047839467345905506
1720 0.0030318375533847208 -0.014999999999999999 0.0037384012257415866
1721 0.010950730634301241 0.0065689446084703229 -0.0017709712660867306
1722 -0.011023900165953917 -0.0036376666416686378 0.0025750000000000113
1723 -0.0065981021888170963 -0.0044627229854738481 0.0025750000000000005
1724 -0.0079797771969680794 6.2613764532189501e-05 0.0025750000000000005
1725 0.011177811047294524 -0.0018689498296360963 0.011075
1726 0.010572124405552247 0.0025000000000000269 0.01495
1727 0.014999999999999999 2.5153490401663703e-17 0.01495
1728 0.010572124405552247 -0.0024999999999999836 0.01495
1729 0.011177811047294524 0.0031310501703639142 0.011075
1730 0.0067499354528467717 0.00063105017036390568 0.011075
1731 -0.014999999999999999 -2.5153490401663703e-17 0.01495
1732 -0.014999999999999999 -0.0024988125780427157 0.011238401225741575
1733 -0.014999999999999999 0.0025011874219572948 0.011238401225741575
1734 -0.010575759370727678 -0.0025000000000000278 0.01495
1735 -0.010575759370727678 0.0024999999999999827 0.01495
1736 -0.0099432343436400943 0.0068043155243973884 0.0074402036772247132
1737 -0.0077304073544494471 0.011365203677224718 0.011315203677224722
1738 -0.006308438020864819 0.0068043155243973979 0.011075
1739 -0.011365203677224722 0.011365203677224709 0.0076804073544494353
1740 0.0020918946609387898 -0.011631217494818777 0.0037384012257415753
1741 -0.0068991113746542567 0.0036063672780314838 0.0035750000000000005
1742 0.0034194054718947797 0.00080477727996764435 0.0018050000000000002
1743 -0.0057459806463388934 0.0022191977689940824 0.0023250000000000007
1744 0.0027033336922556855 -0.010753429237520158 0.0066134012257415753
1745 0.011177811047294524 -0.0032341535068608242 0.0074402036772247271
1746 -0.0045679114172872725 -0.010704746534308134 0.0089915317977843842
1747 0.0075430147245192491 -0.0032341535068608233 0.011075
1748 0.0095930820828960921 -0.0079196187205603473 -5.1187421957300978e-05
1749 0.0052045211142130055 -0.010753429237520158 0.010325000000000001
1750 0.010987621978791544 0.0035830485505963217 0.0041396948199187338
1751 0.0025147670254016671 0.002305393056704999 0.0057000000000000002
1752 0.0044164332133885178 0.0026316868103732692 0.0057000000000000002
1753 0.0054777243120081292 0.003924516451004556 0.0029816698445767108
1754 0.00046098257411801926 -0.010644293093821276 0.0070866626855642136
1755 -0.0043526236098686616 -0.011054975601363879 0.0030750000000000118
1756 0.0026671815679806228 0.0082526302195198679 0.0026730172666922288
1757 0.0077304073544494471 -0.01136520367722472 0.011315203677224722
1758 0.0071654330260860679 0.0042140987209602059 0.0047316698445767106
1759 -0.0049432343436401115 0.010439111847172678 0.011075
1760 0.0050950647712193096 0.004052834511213515 0.011718001403248229
1761 -0.0017020571919352419 0.0057301309088332412 0.0026413474221155184
1762 -0.011023900165953917 -0.0044698453435513368 0.0064402036772247219
1763 0.0027008920471866082 0.0082460500098310748 -0.00046781967483788844
1764 0.0037990852249747357 0.0043575909279091312 0.0078430014032482287
1765 0.005063089872752927 0.011552834511213505 0.0042180014032482394
1766 -0.0024420469216827915 0.010439111847172678 0.0073634012257415751
1767 0.0049858859693036051 0.00085549370260838145 0.0018249999999999987
1768 0.0057375460895550106 -0.010753429237520158 0.0028250000000000115
1769 -0.0077304073544494176 -0.011365203677224715 0.011315203677224713
1770 -0.011365203677224708 -0.011365203677224715 0.01495
1771 -0.014999999999999999 0.011365203677224709 0.011315203677224713
1772 0.010987621978791544 0.01108304855059631 0.0036066698445767287
1773 -0.011955877031014164 0.0045324591080835143 0.0038152036772247139
1774 0.0053738470114742566 -0.0020413956207519278 0.0019390560297334655
1775 0.0057007514129615864 0.0046838846815774023 0.0078430014032482287
1776 -0.01099461549251441 -0.0050686417901306072 0.012201441353561326
1777 -0.011365203677224709 -0.014999999999999999 0.011315203677224713
1778 0.004848269264859921 0.00030475641669563535 0.011075
1779 -0.0055189937143677713 0.0029391118471726691 0.011075
1780 0.011324292559532078 -0.0052759617004151417 0.0052975915873392024
1781 -0.011365203677224708 -0.0077304073544494367 0.011315203677224722
1782 -0.0030318375533847208 0.014999999999999999 0.0037384012257415866
1783 0.0029621699960753391 -0.010644293093821276 0.010798261459822638
1784 0.011324292559532078 -0.0051991592489319897 0.0014312004881571738
1785 -0.0046856440880356431 0.012169581668923558 0.0053815510993402409
1786 -5.2877469550862495e-05 0.0067486074743890508 0.0015163474221155182
1787 0.0042551849200516021 0.0056620743560618029 0.0011066698445767104
1788 0.011365203677224725 -0.0077304073544494402 0.011315203677224727
1789 -0.01099461549251441 -0.0025674543681732868 0.0084898425793029017
1790 -0.0024438401711693396 0.0067275130729142502 0.011075
1791 0.0022197090962749444 0.012169581668923558 0.0015163474221155291
1792 0.011365203677224725 -0.01136520367722472 0.01495
1793 0.0075430147245192309 0.0044962538475886082 0.011075
1794 -0.0030763651982569241 0.0037884012257415611 0.01495
1795 -0.00055148144923073664 0.003552578978144651 0.0044500000000000008
1796 0.0026114547319274271 0.004153813622514887 0.00881790939611014
1797 -3.6349651754306531e-06 -7.0282928829331497e-19 0.01495
1798 -1.7932494865333535e-06 -0.011288401225741571 0.011238401225741575
1799 0.0017642164003042996 0.0021766112640180585 0.0047000000000000002
1800 0.0095229403656670614 0.0079180381884382291 0.0080832050804729525
1801 -0.00070389516201986514 -0.010704746534308134 0.0089147293463012443
1802 0.0066735946833815438 0.0011450759725640314 0.0035749999999999992
1803 5.8159442805627049e-07 0.011288401225741571 0.011238401225741575
1804 0.00058790853873111912 0.0038893803370429526 0.012049907992861911
1805 0.00073283675034233205 0.0056047768493487837 0.0065930014032482293
1806 -0.00042029397797303152 0.0069919463583861842 0.0078430014032482287
1807 -0.00087860051298059745 0.002666542226710018 0.0059500000000000004
1808 0.011365203677224706 0.007730407354449435 0.011315203677224724
1809 0.0051160579200518492 -0.0017124929834565808 -5.000000000000089e-05
1810 0.0058143948927486637 -0.0010692901227821745 0.0033073879101144753
1811 0.0030715185780230015 0.0037884012257415802 0.01495
1812 0.011177811047294524 0.0044962538475886204 0.0074402036772247236
1813 0.011365203677224706 0.011365203677224711 0.01495
1814 0.0016412327068983064 0.0045120133472363912 0.00881790939611014
1815 0.014999999999999999 0.00250000000000003 0.010483024975342023
1816 -0.0021105440261356512 0.0062215240070588361 0.0038913474221155186
1817 -0.0032027077400625555 -0.010704746534308134 0.012626328120559669
1818 -0.0020317312412959608 0.0040537117357474194 0.0071999999999999998
1819 0.0051118341158604332 -0.0019688510879785404 0.0045173402546769331
1820 -0.00038231348629800166 0.0042475800617644563 0.012049907992861913
1821 0.0077304073544494159 0.011365203677224711 0.011315203677224713
1822 0.0075021036068266024 -0.0007797078528265245 0.0050573879101144751
1823 0.001150125268438126 0.0031152365285841126 0.0057000000000000002
1824 0.011324292559532078 -0.0014107580231904088 0.0044654128854564983
1825 -0.00028590020114296162 0.0032393709215155701 0.013744696826135109
1826 0.0024344434680111946 0.0051674343997882453 0.0078430014032482287
1827 0.0050516590272655596 -0.0028872301166382643 0.0048073879101144749
1828 0.0063823321615075115 -0.0026223790671562621 0.0064500000000000009
1829 0.0049051775150280048 -0.00084542192308394712 0.0069499999999999996
1830 0.00470020342295638 -0.00084851461059539757 0.0086418596312532753
1831 0.0048247953981778186 -0.0054799480231768737 -0.0029249999999999983
1832 0.0059397798140793951 -0.0056971286539956711 -0.0013313421093136119
1833 0.0059173746424281701 -0.0055419755180091982 0.0014323879101144751
1834 0.0047976031971090818 -0.0073846467323389359 -0.0029249999999999988
1835 0.0064834056148785632 0.0040970743527964449 0.0011066698445767091
$EndNodes
$Elements
10461
1 2 2 10 10 11 13 12
2 2 2 10 10 13 9 14
3 2 2 10 10 4 1 54
4 2 2 10 10 19 26 25
5 2 2 10 10 26 19 20
6 2 2 10 10 24 31 30
7 2 2 10 10 20 27 26
8 2 2 10 10 31 24 25
9 2 2 10 10 14 19 13
10 2 2 10 10 13 18 12
11 2 2 10 10 1 3 54
12 2 2 10 10 12 23 17
13 2 2 10 10 22 15 16
14 2 2 10 10 21 14 15
15 2 2 10 10 23 16 17
16 2 2 10 10 10 9 11
17 2 2 10 10 19 14 20
18 2 2 10 10 18 13 19
19 2 2 10 10 23 12 18
20 2 2 10 10 15 22 21
21 2 2 10 10 16 23 22
22 2 2 10 10 34 29 35
23 2 2 10 10 29 34 28
24 2 2 10 10 29 18 24
25 2 2 10 10 18 29 23
26 2 2 10 10 18 25 24
27 2 2 10 10 25 18 19
28 2 2 10 10 33 28 34
29 2 2 10 10 28 33 27
30 2 2 10 10 35 24 30
31 2 2 10 10 6 8 16
32 2 2 3 3 6 5 8
33 2 2 3 3 5 7 8
34 2 2 10 10 10 8 7
35 2 2 10 10 8 10 11
36 2 2 3 3 2 5 6
37 2 2 10 10 2 3 1
38 2 2 10 10 8 11 17
39 2 2 10 10 9 6 14
40 2 2 10 10 6 16 15
41 2 2 10 10 17 11 12
42 2 2 10 10 16 8 17
43 2 2 10 10 14 6 15
44 2 2 10 10 5 1 4
45 2 2 10 10 1 5 2
46 2 2 10 10 23 28 22
47 2 2 10 10 28 23 29
48 2 2 10 10 32 25 26
49 2 2 10 10 27 20 21
50 2 2 10 10 25 32 31
51 2 2 10 10 24 35 29
52 2 2 10 10 22 27 21
53 2 2 10 10 27 22 28
54 2 2 10 10 26 33 32
55 2 2 10 10 14 21 20
56 2 2 10 10 11 9 13
57 2 2 10 10 37 31 32
58 2 2 10 10 31 37 36
59 2 2 10 10 36 30 31
60 2 2 10 10 33 26 27
61 2 2 10 10 168 177 171
62 2 2 10 10 168 173 172
63 2 2 10 10 32 169 37
64 2 2 10 10 174 181 180
65 2 2 10 10 182 177 183
66 2 2 10 10 173 180 179
67 2 2 10 10 180 173 174
68 2 2 10 10 175 170 176
69 2 2 10 10 170 175 169
70 2 2 10 10 175 37 169
71 2 2 10 10 185 183 186
72 2 2 10 10 178 186 183
73 2 2 10 10 172 183 177
74 2 2 10 10 183 172 178
75 2 2 10 10 171 30 168
76 2 2 10 10 30 171 35
77 2 2 10 10 30 36 168
78 2 2 10 10 177 168 172
79 2 2 10 10 173 168 36
80 2 2 10 10 169 32 33
81 2 2 10 10 183 185 182
82 2 2 10 10 172 179 178
83 2 2 10 10 184 180 181
84 2 2 10 10 36 174 173
85 2 2 10 10 176 181 175
86 2 2 10 10 174 36 37
87 2 2 10 10 35 170 34
88 2 2 10 10 169 34 170
89 2 2 10 10 34 169 33
90 2 2 10 10 176 171 177
91 2 2 10 10 182 184 181
92 2 2 10 10 184 182 185
93 2 2 10 10 37 175 174
94 2 2 10 10 171 176 170
95 2 2 10 10 181 176 182
96 2 2 10 10 177 182 176
97 2 2 10 10 170 35 171
98 2 2 10 10 181 174 175
99 2 2 10 10 179 172 173
100 2 2 10 10 290 298 186
101 2 2 10 10 298 290 293
102 2 2 10 10 305 299 300
103 2 2 10 10 301 294 295
104 2 2 10 10 294 301 300
105 2 2 10 10 291 295 294
106 2 2 10 10 294 290 291
107 2 2 10 10 180 184 292
108 2 2 10 10 305 301 306
109 2 2 10 10 301 305 300
110 2 2 10 10 186 297 185
111 2 2 10 10 303 298 304
112 2 2 10 10 298 303 297
113 2 2 10 10 296 292 184
114 2 2 10 10 292 296 295
115 2 2 10 10 185 296 184
116 2 2 10 10 296 185 297
117 2 2 10 10 302 306 301
118 2 2 10 10 306 302 307
119 2 2 10 10 303 307 302
120 2 2 10 10 178 291 290
121 2 2 10 10 291 178 179
122 2 2 10 10 290 294 293
123 2 2 10 10 295 291 292
124 2 2 10 10 295 302 301
125 2 2 10 10 297 186 298
126 2 2 10 10 302 295 296
127 2 2 10 10 179 292 291
128 2 2 10 10 292 179 180
129 2 2 10 10 293 300 299
130 2 2 10 10 304 293 299
131 2 2 10 10 293 304 298
132 2 2 10 10 302 297 303
133 2 2 10 10 297 302 296
134 2 2 10 10 186 178 290
135 2 2 10 10 300 293 294
136 2 2 9 9 452 449 703
137 2 2 9 9 703 451 699
138 2 2 9 9 452 424 453
139 2 2 8 8 443 428 606
140 2 2 4 4 424 437 438
141 2 2 8 8 443 441 586
142 2 2 5 5 446 422 447
143 2 2 7 7 459 434 461
144 2 2 8 8 444 420 584
145 2 2 7 7 589 461 648
146 2 2 9 9 434 451 455
147 2 2 5 5 447 431 641
148 2 2 9 9 456 450 594
149 2 2 4 4 439 422 706
150 2 2 4 4 558 437 560
151 2 2 7 7 619 460 620
152 2 2 4 4 438 436 581
153 2 2 4 4 560 439 575
154 2 2 4 4 438 437 563
155 2 2 8 8 608 444 626
156 2 2 7 7 708 459 686
157 2 2 7 7 433 459 460
158 2 2 8 8 607 442 608
159 2 2 8 8 611 443 567
160 2 2 9 9 451 433 454
161 2 2 4 4 437 425 439
162 2 2 4 4 580 420 581
163 2 2 8 8 583 420 582
164 2 2 7 7 588 426 587
165 2 2 8 8 585 426 586
166 2 2 8 8 695 444 628
167 2 2 5 5 730 446 724
168 2 2 4 4 709 422 730
169 2 2 9 9 434 433 451
170 2 2 7 7 433 434 459
171 2 2 9 9 425 424 452
172 2 2 4 4 424 425 437
173 2 2 8 8 710 442 606
174 2 2 9 9 696 428 605
175 2 2 9 9 425 452 456
176 2 2 4 4 424 438 683
177 2 2 9 9 424 413 674
178 2 2 7 7 433 460 682
179 2 2 9 9 433 416 681
180 2 2 7 7 434 415 712
181 2 2 9 9 455 415 434
182 2 2 9 9 456 414 425
183 2 2 4 4 414 439 425
184 2 2 9 9 429 453 674
185 2 2 8 8 413 444 429
186 2 2 8 8 428 443 675
187 2 2 9 9 415 455 428
188 2 2 5 5 430 448 711
189 2 2 7 7 430 416 682
190 2 2 5 5 432 416 711
191 2 2 9 9 432 454 681
192 2 2 9 9 414 456 431
193 2 2 5 5 431 447 676
194 2 2 8 8 426 415 675
195 2 2 7 7 712 426 648
196 2 2 5 5 422 414 676
197 2 2 4 4 439 414 422
198 2 2 8 8 444 413 420
199 2 2 4 4 420 413 683
200 2 2 7 7 460 459 698
201 2 2 5 5 639 448 637
202 2 2 9 9 454 432 593
203 2 2 5 5 447 445 715
204 2 2 9 9 454 450 699
205 2 2 9 9 452 450 456
206 2 2 9 9 451 449 455
207 2 2 7 7 686 461 571
208 2 2 9 9 453 429 696
209 2 2 9 9 449 452 453
210 2 2 9 9 455 449 605
211 2 2 5 5 639 431 595
212 2 2 9 9 593 431 594
213 2 2 9 9 450 452 703
214 2 2 9 9 449 451 703
215 2 2 8 8 606 442 567
216 2 2 8 8 426 443 586
217 2 2 8 8 584 440 626
218 2 2 7 7 589 457 571
219 2 2 5 5 445 447 641
220 2 2 9 9 431 456 594
221 2 2 4 4 706 435 575
222 2 2 4 4 558 436 563
223 2 2 7 7 619 430 621
224 2 2 4 4 420 438 581
225 2 2 4 4 437 439 560
226 2 2 4 4 436 438 563
227 2 2 8 8 608 442 628
228 2 2 7 7 708 458 698
229 2 2 8 8 607 441 611
230 2 2 8 8 441 443 611
231 2 2 4 4 580 421 582
232 2 2 8 8 583 440 584
233 2 2 7 7 588 457 589
234 2 2 8 8 585 427 587
235 2 2 8 8 429 444 695
236 2 2 5 5 422 446 730
237 2 2 4 4 709 435 706
238 2 2 8 8 710 429 695
239 2 2 9 9 696 429 710
240 2 2 4 4 413 424 683
241 2 2 9 9 453 424 674
242 2 2 7 7 416 433 682
243 2 2 9 9 454 433 681
244 2 2 7 7 461 434 712
245 2 2 9 9 413 429 674
246 2 2 8 8 415 428 675
247 2 2 5 5 416 430 711
248 2 2 7 7 682 460 621
249 2 2 5 5 711 448 640
250 2 2 9 9 416 432 681
251 2 2 5 5 414 431 676
252 2 2 8 8 443 426 675
253 2 2 7 7 415 426 712
254 2 2 5 5 447 422 676
255 2 2 4 4 438 420 683
256 2 2 7 7 698 458 620
257 2 2 5 5 639 432 640
258 2 2 9 9 450 454 593
259 2 2 5 5 446 447 715
260 2 2 9 9 451 454 699
261 2 2 7 7 459 461 686
262 2 2 9 9 449 453 696
263 2 2 9 9 428 455 605
264 2 2 5 5 639 445 641
265 2 2 9 9 593 432 595
266 2 2 8 8 443 606 567
267 2 2 8 8 444 584 626
268 2 2 7 7 461 589 571
269 2 2 4 4 439 706 575
270 2 2 4 4 437 558 563
271 2 2 7 7 460 619 621
272 2 2 8 8 444 608 628
273 2 2 7 7 459 708 698
274 2 2 8 8 442 607 611
275 2 2 4 4 420 580 582
276 2 2 8 8 420 583 584
277 2 2 7 7 426 588 589
278 2 2 8 8 426 585 587
279 2 2 4 4 422 709 706
280 2 2 8 8 442 710 695
281 2 2 9 9 428 696 710
282 2 2 7 7 430 682 621
283 2 2 5 5 432 711 640
284 2 2 7 7 460 698 620
285 2 2 5 5 448 639 640
286 2 2 5 5 431 639 641
287 2 2 9 9 431 593 595
288 2 2 9 9 450 703 699
289 2 2 7 7 426 589 648
290 2 2 4 4 435 558 560
291 2 2 7 7 458 619 620
292 2 2 4 4 435 560 575
293 2 2 8 8 440 608 626
294 2 2 7 7 457 708 686
295 2 2 8 8 440 607 608
296 2 2 8 8 442 611 567
297 2 2 4 4 436 580 581
298 2 2 8 8 421 583 582
299 2 2 7 7 427 588 587
300 2 2 8 8 441 585 586
301 2 2 8 8 442 695 628
302 2 2 5 5 423 730 724
303 2 2 4 4 423 709 730
304 2 2 8 8 428 710 606
305 2 2 9 9 449 696 605
306 2 2 7 7 461 712 648
307 2 2 5 5 445 639 637
308 2 2 7 7 457 686 571
309 2 2 5 5 432 639 595
310 2 2 9 9 450 593 594
311 2 2 10 10 758 769 763
312 2 2 10 10 769 758 764
313 2 2 10 10 766 761 767
314 2 2 10 10 761 766 760
315 2 2 10 10 764 759 765
316 2 2 10 10 759 764 758
317 2 2 10 10 765 760 766
318 2 2 10 10 760 765 759
319 2 2 10 10 752 763 757
320 2 2 10 10 763 752 758
321 2 2 10 10 754 759 753
322 2 2 10 10 759 754 760
323 2 2 10 10 762 755 756
324 2 2 10 10 755 762 761
325 2 2 10 10 753 748 749
326 2 2 10 10 748 753 752
327 2 2 10 10 753 750 754
328 2 2 10 10 750 753 749
329 2 2 10 10 769 764 800
330 2 2 10 10 800 768 769
331 2 2 10 10 766 767 800
332 2 2 10 10 768 800 767
333 2 2 10 10 768 763 769
334 2 2 10 10 763 768 762
335 2 2 10 10 762 767 761
336 2 2 10 10 752 759 758
337 2 2 10 10 761 754 755
338 2 2 10 10 757 748 752
339 2 2 10 10 748 757 751
340 2 2 10 10 767 762 768
341 2 2 10 10 756 751 757
342 2 2 10 10 757 762 756
343 2 2 10 10 800 765 766
344 2 2 10 10 765 800 764
345 2 2 10 10 750 755 754
346 2 2 10 10 759 752 753
347 2 2 10 10 754 761 760
348 2 2 10 10 762 757 763
349 2 2 10 10 881 306 882
350 2 2 10 10 299 305 877
351 2 2 10 10 881 750 749
352 2 2 10 10 880 749 748
353 2 2 10 10 749 880 881
354 2 2 10 10 882 307 883
355 2 2 10 10 307 882 306
356 2 2 10 10 884 879 885
357 2 2 10 10 879 884 878
358 2 2 10 10 879 299 877
359 2 2 10 10 299 879 304
360 2 2 10 10 878 304 879
361 2 2 10 10 880 751 885
362 2 2 10 10 751 880 748
363 2 2 10 10 887 885 751
364 2 2 10 10 886 882 883
365 2 2 10 10 882 886 750
366 2 2 10 10 886 884 887
367 2 2 10 10 884 886 883
368 2 2 10 10 307 303 878
369 2 2 10 10 306 881 305
370 2 2 10 10 750 881 882
371 2 2 10 10 886 756 755
372 2 2 10 10 756 886 887
373 2 2 10 10 881 877 305
374 2 2 10 10 751 756 887
375 2 2 10 10 885 887 884
376 2 2 10 10 878 883 307
377 2 2 10 10 883 878 884
378 2 2 10 10 885 877 880
379 2 2 10 10 877 881 880
380 2 2 10 10 877 885 879
381 2 2 10 10 755 750 886
382 2 2 10 10 304 878 303
383 2 2 10 10 976 972 970
384 2 2 10 10 972 976 978
385 2 2 10 10 977 970 971
386 2 2 10 10 970 977 976
387 2 2 10 10 979 984 980
388 2 2 10 10 972 967 966
389 2 2 10 10 967 972 973
390 2 2 10 10 974 981 975
391 2 2 10 10 981 974 980
392 2 2 10 10 968 962 967
393 2 2 10 10 962 968 963
394 2 2 10 10 968 975 969
395 2 2 10 10 975 968 974
396 2 2 10 10 973 978 979
397 2 2 10 10 978 973 972
398 2 2 10 10 969 963 968
399 2 2 10 10 976 983 982
400 2 2 10 10 983 976 977
401 2 2 10 10 982 978 976
402 2 2 10 10 960 965 964
403 2 2 10 10 971 964 965
404 2 2 10 10 962 966 967
405 2 2 10 10 970 966 964
406 2 2 10 10 971 981 977
407 2 2 10 10 981 971 975
408 2 2 10 10 966 962 961
409 2 2 10 10 964 971 970
410 2 2 10 10 964 961 960
411 2 2 10 10 965 975 971
412 2 2 10 10 975 965 969
413 2 2 10 10 966 970 972
414 2 2 10 10 980 973 979
415 2 2 10 10 973 980 974
416 2 2 10 10 967 974 968
417 2 2 10 10 985 980 984
418 2 2 10 10 980 985 981
419 2 2 10 10 961 964 966
420 2 2 10 10 974 967 973
421 2 2 2 2 1120 1121 1129
422 2 2 2 2 1121 1120 1130
423 2 2 2 2 1119 1120 1129
424 2 2 2 2 1120 1123 1130
425 2 2 2 2 1121 1122 1129
426 2 2 2 2 1124 1121 1130
427 2 2 2 2 1122 1119 1129
428 2 2 2 2 1123 1124 1130
429 2 2 10 10 1152 1150 1151
430 2 2 10 10 1149 1152 1153
431 2 2 10 10 1137 4 54
432 2 2 10 10 3 1137 54
433 2 2 10 10 1167 1160 1166
434 2 2 10 10 1163 1159 1157
435 2 2 10 10 1159 1163 1165
436 2 2 10 10 1157 1153 1152
437 2 2 10 10 1151 1157 1152
438 2 2 10 10 1156 1158 1151
439 2 2 10 10 1160 1155 1154
440 2 2 10 10 1159 1154 1153
441 2 2 10 10 1161 1156 1155
442 2 2 10 10 1150 1148 1147
443 2 2 10 10 1148 1150 1149
444 2 2 10 10 9 10 1146
445 2 2 10 10 1157 1151 1158
446 2 2 10 10 1153 1157 1159
447 2 2 10 10 1158 1156 1162
448 2 2 10 10 1154 1159 1160
449 2 2 10 10 1156 1161 1162
450 2 2 10 10 1172 1175 1176
451 2 2 10 10 1175 1172 1171
452 2 2 10 10 1162 1164 1158
453 2 2 10 10 1164 1162 1168
454 2 2 10 10 1169 1165 1163
455 2 2 10 10 1144 1143 1155
456 2 2 3 3 1138 1143 1144
457 2 2 10 10 1170 1163 1164
458 2 2 10 10 1163 1170 1169
459 2 2 3 3 1145 1138 1144
460 2 2 10 10 1150 1145 1144
461 2 2 10 10 1147 1148 1198
462 2 2 10 10 10 7 1197
463 2 2 10 10 1145 1147 1198
464 2 2 10 10 1167 1174 1168
465 2 2 10 10 1174 1167 1173
466 2 2 3 3 1138 1136 1143
467 2 2 3 3 1120 1139 1140
468 2 2 10 10 1139 1197 1140
469 2 2 3 3 7 1120 1140
470 2 2 10 10 1197 7 1140
471 2 2 3 3 1139 2 6
472 2 2 10 10 6 1146 1139
473 2 2 10 10 1146 6 9
474 2 2 3 3 1136 1141 1143
475 2 2 10 10 1141 1149 1143
476 2 2 3 3 1139 1120 1119
477 2 2 3 3 1120 7 1123
478 2 2 10 10 1138 4 1137
479 2 2 10 10 4 1138 5
480 2 2 3 3 1145 1121 1124
481 2 2 10 10 3 2 1136
482 2 2 10 10 1150 1144 1156
483 2 2 10 10 1143 1149 1153
484 2 2 10 10 1155 1143 1154
485 2 2 10 10 1150 1156 1151
486 2 2 10 10 1144 1155 1156
487 2 2 10 10 1143 1153 1154
488 2 2 10 10 1137 1136 1138
489 2 2 10 10 1172 1177 1173
490 2 2 10 10 1165 1160 1159
491 2 2 10 10 1160 1167 1161
492 2 2 10 10 1160 1165 1166
493 2 2 10 10 1171 1166 1165
494 2 2 10 10 1155 1160 1161
495 2 2 10 10 1168 1161 1167
496 2 2 10 10 1157 1164 1163
497 2 2 10 10 1166 1171 1172
498 2 2 10 10 1164 1157 1158
499 2 2 10 10 1161 1168 1162
500 2 2 10 10 1173 1166 1172
501 2 2 10 10 1166 1173 1167
502 2 2 10 10 1146 10 1197
503 2 2 10 10 1139 1146 1197
504 2 2 3 3 1122 1142 1141
505 2 2 10 10 1198 1141 1142
506 2 2 10 10 1148 1141 1198
507 2 2 10 10 1170 1168 1174
508 2 2 10 10 1168 1170 1164
509 2 2 10 10 1145 1150 1147
510 2 2 3 3 1124 1138 1145
511 2 2 3 3 5 1123 7
512 2 2 3 3 1119 2 1139
513 2 2 3 3 1136 1122 1141
514 2 2 10 10 1149 1141 1148
515 2 2 10 10 1136 1137 3
516 2 2 3 3 5 1124 1123
517 2 2 3 3 5 1138 1124
518 2 2 3 3 1122 2 1119
519 2 2 3 3 1136 2 1122
520 2 2 10 10 1165 1169 1171
521 2 2 10 10 1177 1172 1176
522 2 2 10 10 1149 1150 1152
523 2 2 3 3 1121 1145 1142
524 2 2 10 10 1145 1198 1142
525 2 2 3 3 1142 1122 1121
526 2 2 10 10 1258 1171 1169
527 2 2 10 10 963 969 1262
528 2 2 10 10 1260 1173 1177
529 2 2 10 10 1173 1260 1174
530 2 2 10 10 1175 960 961
531 2 2 10 10 960 1175 1258
532 2 2 10 10 1262 1259 1260
533 2 2 10 10 1259 1262 1261
534 2 2 10 10 1261 1258 1259
535 2 2 10 10 1258 1261 960
536 2 2 10 10 1262 1177 963
537 2 2 10 10 1177 1262 1260
538 2 2 10 10 1169 1259 1258
539 2 2 10 10 1259 1169 1170
540 2 2 10 10 965 960 1261
541 2 2 10 10 961 1176 1175
542 2 2 10 10 1171 1258 1175
543 2 2 10 10 1261 969 965
544 2 2 10 10 969 1261 1262
545 2 2 10 10 1176 963 1177
546 2 2 10 10 1176 961 962
547 2 2 10 10 1174 1259 1170
548 2 2 10 10 1259 1174 1260
549 2 2 10 10 963 1176 962
550 2 2 10 10 1333 1335 1337
551 2 2 10 10 1335 1333 982
552 2 2 10 10 1341 1337 1335
553 2 2 10 10 1337 1341 1343
554 2 2 10 10 1349 1344 1343
555 2 2 10 10 1338 1343 1344
556 2 2 10 10 1344 1339 1338
557 2 2 10 10 1339 1344 1345
558 2 2 10 10 1351 1346 1345
559 2 2 10 10 1346 1351 1352
560 2 2 10 10 1336 1346 1342
561 2 2 10 10 1346 1336 1340
562 2 2 10 10 984 979 1334
563 2 2 10 10 984 1340 985
564 2 2 10 10 1340 984 1339
565 2 2 10 10 1333 979 978
566 2 2 10 10 1348 1341 1342
567 2 2 10 10 1341 1348 1347
568 2 2 10 10 977 985 983
569 2 2 10 10 985 977 981
570 2 2 10 10 978 982 1333
571 2 2 10 10 1343 1347 1349
572 2 2 10 10 1336 982 983
573 2 2 10 10 1339 1334 1338
574 2 2 10 10 982 1336 1335
575 2 2 10 10 1344 1349 1350
576 2 2 10 10 1347 1343 1341
577 2 2 10 10 983 1340 1336
578 2 2 10 10 1337 1334 1333
579 2 2 10 10 1334 1337 1338
580 2 2 10 10 1343 1338 1337
581 2 2 10 10 1335 1342 1341
582 2 2 10 10 1342 1335 1336
583 2 2 10 10 979 1333 1334
584 2 2 10 10 1342 1352 1348
585 2 2 10 10 1352 1342 1346
586 2 2 10 10 1340 1345 1346
587 2 2 10 10 1345 1340 1339
588 2 2 10 10 1334 1339 984
589 2 2 10 10 1350 1345 1344
590 2 2 10 10 1345 1350 1351
591 2 2 10 10 1340 983 985
592 2 2 10 10 1349 1460 1462
593 2 2 10 10 1460 1349 1347
594 2 2 10 10 1466 1473 1472
595 2 2 10 10 1351 1463 1464
596 2 2 10 10 1463 1351 1350
597 2 2 10 10 1469 1474 1475
598 2 2 10 10 1474 1469 1468
599 2 2 10 10 1461 1471 1467
600 2 2 10 10 1471 1461 1465
601 2 2 10 10 1467 1460 1461
602 2 2 10 10 1460 1467 1466
603 2 2 10 10 1470 1465 1464
604 2 2 10 10 1465 1470 1471
605 2 2 10 10 1468 1463 1462
606 2 2 10 10 1498 1473 1477
607 2 2 10 10 1473 1498 1472
608 2 2 10 10 1477 1476 1498
609 2 2 10 10 1498 1474 1472
610 2 2 10 10 1498 1476 1475
611 2 2 10 10 1475 1474 1498
612 2 2 10 10 1475 1470 1469
613 2 2 10 10 1470 1475 1476
614 2 2 10 10 1464 1352 1351
615 2 2 10 10 1348 1465 1461
616 2 2 10 10 1461 1347 1348
617 2 2 10 10 1473 1466 1467
618 2 2 10 10 1347 1461 1460
619 2 2 10 10 1467 1477 1473
620 2 2 10 10 1477 1467 1471
621 2 2 10 10 1472 1468 1466
622 2 2 10 10 1465 1348 1352
623 2 2 10 10 1462 1466 1468
624 2 2 10 10 1468 1472 1474
625 2 2 10 10 1462 1350 1349
626 2 2 10 10 1471 1476 1477
627 2 2 10 10 1476 1471 1470
628 2 2 10 10 1466 1462 1460
629 2 2 10 10 1463 1468 1469
630 2 2 10 10 1350 1462 1463
631 2 2 10 10 1464 1469 1470
632 2 2 10 10 1469 1464 1463
633 2 2 10 10 1352 1464 1465
634 2 2 6 6 1619 1617 1797
635 2 2 6 6 1797 1620 1794
636 2 2 6 6 1619 1599 1623
637 2 2 5 5 1673 1614 1680
638 2 2 7 7 1606 1625 1627
639 2 2 8 8 1611 427 585
640 2 2 6 6 1620 1606 1624
641 2 2 8 8 1733 1611 1715
642 2 2 5 5 1616 423 724
643 2 2 5 5 448 430 1713
644 2 2 5 5 1673 446 715
645 2 2 8 8 1612 440 583
646 2 2 7 7 588 1627 1688
647 2 2 4 4 1607 1598 1608
648 2 2 5 5 1613 1603 1616
649 2 2 6 6 1623 1603 1728
650 2 2 4 4 1609 435 709
651 2 2 6 6 1624 1600 1735
652 2 2 4 4 1608 421 580
653 2 2 4 4 1609 1607 1720
654 2 2 4 4 558 1607 1718
655 2 2 4 4 1608 436 1718
656 2 2 8 8 1612 1610 1703
657 2 2 5 5 1615 1614 1714
658 2 2 7 7 1625 1605 1626
659 2 2 8 8 607 1610 1702
660 2 2 8 8 1611 441 1702
661 2 2 6 6 1605 1620 1622
662 2 2 7 7 1625 458 708
663 2 2 7 7 1711 430 619
664 2 2 5 5 1712 1614 1713
665 2 2 4 4 1599 1598 1607
666 2 2 6 6 1598 1599 1619
667 2 2 6 6 1605 1606 1620
668 2 2 7 7 1606 1605 1625
669 2 2 6 6 1734 1600 1731
670 2 2 8 8 1731 1610 1732
671 2 2 7 7 1597 1626 1605
672 2 2 6 6 1605 1622 1813
673 2 2 6 6 1598 1621 1770
674 2 2 4 4 1598 1594 1777
675 2 2 6 6 1599 1595 1792
676 2 2 4 4 1609 1595 1599
677 2 2 7 7 1627 1596 1606
678 2 2 6 6 1596 1624 1606
679 2 2 8 8 1612 1601 1732
680 2 2 6 6 1624 1596 1600
681 2 2 8 8 1600 1596 1771
682 2 2 8 8 1612 1594 1601
683 2 2 6 6 1601 1594 1770
684 2 2 5 5 1597 1615 1602
685 2 2 7 7 1626 1597 1602
686 2 2 5 5 1615 1597 1604
687 2 2 6 6 1604 1597 1813
688 2 2 4 4 1595 1609 423
689 2 2 5 5 1616 1595 423
690 2 2 8 8 427 1611 1771
691 2 2 7 7 1596 1627 427
692 2 2 5 5 1595 1616 1603
693 2 2 6 6 1603 1623 1792
694 2 2 4 4 421 1608 1777
695 2 2 8 8 1594 1612 421
696 2 2 7 7 1626 1602 1711
697 2 2 5 5 1615 1613 1680
698 2 2 7 7 458 1625 1626
699 2 2 5 5 1615 1604 1815
700 2 2 6 6 1622 1617 1726
701 2 2 6 6 1598 1619 1621
702 2 2 6 6 1794 1624 1697
703 2 2 6 6 1622 1620 1811
704 2 2 5 5 1675 1616 1709
705 2 2 5 5 448 1614 1682
706 2 2 6 6 1621 1618 1734
707 2 2 6 6 1617 1619 1623
708 2 2 6 6 1619 1618 1621
709 2 2 7 7 1627 1625 1782
710 2 2 4 4 1599 1607 1609
711 2 2 6 6 1726 1603 1727
712 2 2 5 5 1603 1613 1815
713 2 2 6 6 1618 1619 1797
714 2 2 6 6 1797 1617 1811
715 2 2 5 5 1673 445 1682
716 2 2 8 8 441 1611 585
717 2 2 8 8 1600 1611 1733
718 2 2 5 5 724 446 1709
719 2 2 5 5 1614 448 1713
720 2 2 5 5 1673 1613 1675
721 2 2 8 8 421 1612 583
722 2 2 7 7 427 1627 588
723 2 2 6 6 1617 1623 1728
724 2 2 4 4 423 1609 709
725 2 2 6 6 1735 1618 1697
726 2 2 4 4 436 1608 580
727 2 2 4 4 435 1609 1720
728 2 2 4 4 558 435 1720
729 2 2 4 4 1607 1608 1718
730 2 2 8 8 440 1612 1703
731 2 2 5 5 1602 1615 1714
732 2 2 8 8 607 440 1703
733 2 2 8 8 1702 1610 1715
734 2 2 7 7 708 457 1782
735 2 2 7 7 1711 1602 1712
736 2 2 5 5 1712 1602 1714
737 2 2 6 6 1734 1618 1735
738 2 2 8 8 1731 1600 1733
739 2 2 6 6 1597 1605 1813
740 2 2 6 6 1594 1598 1770
741 2 2 4 4 1608 1598 1777
742 2 2 6 6 1623 1599 1792
743 2 2 8 8 1610 1612 1732
744 2 2 8 8 1611 1600 1771
745 2 2 6 6 1621 1601 1770
746 2 2 6 6 1622 1604 1813
747 2 2 8 8 1596 427 1771
748 2 2 6 6 1595 1603 1792
749 2 2 4 4 1594 421 1777
750 2 2 7 7 458 1626 1711
751 2 2 5 5 1614 1615 1680
752 2 2 5 5 1613 1615 1815
753 2 2 6 6 1604 1622 1726
754 2 2 6 6 1620 1624 1794
755 2 2 6 6 1617 1622 1811
756 2 2 5 5 1613 1616 1675
757 2 2 5 5 1682 445 637
758 2 2 6 6 1601 1621 1734
759 2 2 7 7 1782 457 1688
760 2 2 6 6 1726 1617 1728
761 2 2 5 5 1815 1604 1727
762 2 2 6 6 1620 1797 1811
763 2 2 5 5 1614 1673 1682
764 2 2 5 5 1616 724 1709
765 2 2 5 5 446 1673 1675
766 2 2 6 6 1624 1735 1697
767 2 2 4 4 1607 558 1720
768 2 2 8 8 1610 607 1703
769 2 2 8 8 1611 1702 1715
770 2 2 7 7 1625 708 1782
771 2 2 7 7 430 1711 1712
772 2 2 5 5 1614 1712 1714
773 2 2 6 6 1600 1734 1735
774 2 2 8 8 1610 1731 1733
775 2 2 5 5 448 1682 637
776 2 2 7 7 1627 1782 1688
777 2 2 6 6 1603 1726 1728
778 2 2 5 5 1603 1815 1727
779 2 2 6 6 1618 1797 1794
780 2 2 5 5 1613 1673 1680
781 2 2 8 8 1610 1733 1715
782 2 2 5 5 445 1673 715
783 2 2 7 7 457 588 1688
784 2 2 4 4 436 558 1718
785 2 2 8 8 441 607 1702
786 2 2 7 7 458 1711 619
787 2 2 5 5 430 1712 1713
788 2 2 6 6 1601 1734 1731
789 2 2 8 8 1601 1731 1732
790 2 2 6 6 1618 1794 1697
791 2 2 5 5 446 1675 1709
792 2 2 6 6 1604 1726 1727
793 4 2 2 2 114 45 47 160
794 4 2 2 2 139 28 69 65
795 4 2 2 2 18 140 79 74
796 4 2 2 2 23 140 74 80
797 4 2 2 2 24 140 66 70
798 4 2 2 2 45 116 47 159
799 4 2 2 2 62 160 27 67
800 4 2 2 2 1 53 4 144
801 4 2 2 2 136 144 4 53
802 4 2 2 2 161 35 58 61
803 4 2 2 2 30 161 58 60
804 4 2 2 2 29 139 66 65
805 4 2 2 2 125 39 43 160
806 4 2 2 2 140 65 29 66
807 4 2 2 2 126 42 43 39
808 4 2 2 2 126 38 42 39
809 4 2 2 2 99 51 2 1
810 4 2 2 2 148 160 47 139
811 4 2 2 2 131 53 52 159
812 4 2 2 2 58 149 30 60
813 4 2 2 2 90 87 95 150
814 4 2 2 2 42 111 43 48
815 4 2 2 2 111 43 48 49
816 4 2 2 2 53 131 52 136
817 4 2 2 2 104 114 116 115
818 4 2 2 2 63 73 25 19
819 4 2 2 2 109 132 122 162
820 4 2 2 2 45 125 43 160
821 4 2 2 2 26 73 25 64
822 4 2 2 2 24 56 25 63
823 4 2 2 2 116 104 115 117
824 4 2 2 2 149 30 60 56
825 4 2 2 2 22 16 2 5
826 4 2 2 2 90 153 83 95
827 4 2 2 2 153 90 87 95
828 4 2 2 2 38 133 42 161
829 4 2 2 2 122 115 121 147
830 4 2 2 2 72 12 11 13
831 4 2 2 2 118 104 106 117
832 4 2 2 2 86 153 90 87
833 4 2 2 2 73 14 13 9
834 4 2 2 2 46 159 47 148
835 4 2 2 2 115 116 117 148
836 4 2 2 2 104 118 115 117
837 4 2 2 2 13 73 72 19
838 4 2 2 2 116 45 47 114
839 4 2 2 2 122 147 161 41
840 4 2 2 2 90 113 112 109
841 4 2 2 2 116 115 114 148
842 4 2 2 2 46 161 44 151
843 4 2 2 2 130 83 108 119
844 4 2 2 2 106 118 117 131
845 4 2 2 2 120 48 42 140
846 4 2 2 2 109 119 120 118
847 4 2 2 2 148 114 47 160
848 4 2 2 2 131 144 53 159
849 4 2 2 2 115 118 121 151
850 4 2 2 2 86 88 87 91
851 4 2 2 2 42 133 44 161
852 4 2 2 2 150 86 87 91
853 4 2 2 2 35 139 61 161
854 4 2 2 2 90 95 109 150
855 4 2 2 2 90 86 87 150
856 4 2 2 2 109 115 118 121
857 4 2 2 2 83 110 119 130
858 4 2 2 2 148 139 47 46
859 4 2 2 2 87 88 89 105
860 4 2 2 2 39 137 38 149
861 4 2 2 2 99 116 51 144
862 4 2 2 2 103 116 45 51
863 4 2 2 2 83 110 90 109
864 4 2 2 2 47 116 148 159
865 4 2 2 2 41 162 40 161
866 4 2 2 2 159 46 140 148
867 4 2 2 2 44 120 42 140
868 4 2 2 2 46 140 151 44
869 4 2 2 2 38 162 40 149
870 4 2 2 2 106 109 104 118
871 4 2 2 2 117 142 140 159
872 4 2 2 2 161 46 139 151
873 4 2 2 2 114 125 45 160
874 4 2 2 2 63 19 25 140
875 4 2 2 2 161 115 139 147
876 4 2 2 2 150 87 95 104
877 4 2 2 2 56 24 30 161
878 4 2 2 2 161 147 139 41
879 4 2 2 2 19 140 72 18
880 4 2 2 2 140 25 63 24
881 4 2 2 2 87 150 91 104
882 4 2 2 2 52 140 50 142
883 4 2 2 2 116 125 45 114
884 4 2 2 2 47 116 114 148
885 4 2 2 2 22 2 21 76
886 4 2 2 2 148 151 139 46
887 4 2 2 2 87 107 93 106
888 4 2 2 2 133 109 121 162
889 4 2 2 2 5 22 23 75
890 4 2 2 2 82 86 88 87
891 4 2 2 2 141 89 88 105
892 4 2 2 2 103 51 49 99
893 4 2 2 2 151 117 140 148
894 4 2 2 2 84 96 98 97
895 4 2 2 2 140 148 46 151
896 4 2 2 2 92 83 94 108
897 4 2 2 2 105 104 114 116
898 4 2 2 2 52 131 159 142
899 4 2 2 2 89 93 87 107
900 4 2 2 2 95 150 104 109
901 4 2 2 2 144 131 53 136
902 4 2 2 2 83 108 119 94
903 4 2 2 2 140 155 50 142
904 4 2 2 2 138 103 49 99
905 4 2 2 2 154 136 4 157
906 4 2 2 2 27 160 28 67
907 4 2 2 2 43 111 103 49
908 4 2 2 2 104 109 115 118
909 4 2 2 2 121 150 115 122
910 4 2 2 2 4 146 54 1
911 4 2 2 2 102 146 158 3
912 4 2 2 2 87 88 82 89
913 4 2 2 2 45 103 43 125
914 4 2 2 2 131 144 4 136
915 4 2 2 2 99 51 1 144
916 4 2 2 2 28 139 29 65
917 4 2 2 2 120 109 118 121
918 4 2 2 2 147 121 122 161
919 4 2 2 2 140 29 24 66
920 4 2 2 2 119 83 94 95
921 4 2 2 2 117 140 148 159
922 4 2 2 2 99 146 1 158
923 4 2 2 2 23 140 18 74
924 4 2 2 2 113 109 110 132
925 4 2 2 2 99 116 103 51
926 4 2 2 2 107 152 106 127
927 4 2 2 2 161 122 41 162
928 4 2 2 2 43 126 39 125
929 4 2 2 2 109 106 95 118
930 4 2 2 2 106 95 118 131
931 4 2 2 2 90 110 113 109
932 4 2 2 2 35 161 58 30
933 4 2 2 2 119 110 109 120
934 4 2 2 2 93 106 107 152
935 4 2 2 2 106 89 107 123
936 4 2 2 2 159 142 140 52
937 4 2 2 2 97 126 103 125
938 4 2 2 2 149 35 58 30
939 4 2 2 2 89 87 106 107
940 4 2 2 2 120 121 118 151
941 4 2 2 2 85 83 108 130
942 4 2 2 2 111 49 48 138
943 4 2 2 2 87 95 104 106
944 4 2 2 2 120 109 121 133
945 4 2 2 2 123 105 145 116
946 4 2 2 2 89 97 105 141
947 4 2 2 2 83 90 95 109
948 4 2 2 2 120 151 140 44
949 4 2 2 2 116 125 103 45
950 4 2 2 2 133 151 44 161
951 4 2 2 2 131 52 136 142
952 4 2 2 2 50 136 52 142
953 4 2 2 2 119 110 120 130
954 4 2 2 2 155 136 48 50
955 4 2 2 2 111 100 103 99
956 4 2 2 2 26 73 19 25
957 4 2 2 2 73 26 19 20
958 4 2 2 2 56 24 31 30
959 4 2 2 2 20 62 26 27
960 4 2 2 2 24 56 31 25
961 4 2 2 2 111 42 43 126
962 4 2 2 2 134 138 135 129
963 4 2 2 2 83 85 110 130
964 4 2 2 2 89 106 105 123
965 4 2 2 2 11 135 10 128
966 4 2 2 2 28 34 139 160
967 4 2 2 2 100 146 99 102
968 4 2 2 2 120 138 48 155
969 4 2 2 2 109 162 122 121
970 4 2 2 2 109 112 150 122
971 4 2 2 2 133 126 38 42
972 4 2 2 2 82 93 87 89
973 4 2 2 2 155 11 136 128
974 4 2 2 2 115 121 147 161
975 4 2 2 2 125 141 114 105
976 4 2 2 2 118 117 140 151
977 4 2 2 2 111 42 120 48
978 4 2 2 2 117 118 140 142
979 4 2 2 2 14 73 13 19
980 4 2 2 2 12 72 18 13
981 4 2 2 2 54 146 3 1
982 4 2 2 2 144 131 4 154
983 4 2 2 2 12 23 5 17
984 4 2 2 2 15 22 16 2
985 4 2 2 2 95 104 106 109
986 4 2 2 2 123 117 116 159
987 4 2 2 2 121 120 133 151
988 4 2 2 2 93 87 106 152
989 4 2 2 2 149 133 38 162
990 4 2 2 2 4 131 136 154
991 4 2 2 2 21 14 2 15
992 4 2 2 2 23 16 5 17
993 4 2 2 2 126 38 39 137
994 4 2 2 2 142 117 131 159
995 4 2 2 2 49 99 2 138
996 4 2 2 2 135 11 10 9
997 4 2 2 2 109 110 132 162
998 4 2 2 2 14 73 19 20
999 4 2 2 2 18 13 72 19
1000 4 2 2 2 118 119 155 142
1001 4 2 2 2 150 121 115 109
1002 4 2 2 2 131 118 117 142
1003 4 2 2 2 123 116 144 159
1004 4 2 2 2 12 23 18 5
1005 4 2 2 2 148 116 117 159
1006 4 2 2 2 22 15 21 2
1007 4 2 2 2 119 142 131 136
1008 4 2 2 2 103 100 145 99
1009 4 2 2 2 119 118 131 142
1010 4 2 2 2 154 152 119 127
1011 4 2 2 2 117 123 131 159
1012 4 2 2 2 23 16 22 5
1013 4 2 2 2 144 131 123 159
1014 4 2 2 2 120 44 42 133
1015 4 2 2 2 146 99 1 144
1016 4 2 2 2 135 124 134 156
1017 4 2 2 2 119 120 118 155
1018 4 2 2 2 146 158 3 1
1019 4 2 2 2 131 95 118 119
1020 4 2 2 2 97 89 105 145
1021 4 2 2 2 87 95 106 152
1022 4 2 2 2 144 154 4 146
1023 4 2 2 2 83 85 108 163
1024 4 2 2 2 119 155 142 136
1025 4 2 2 2 152 131 154 119
1026 4 2 2 2 103 126 43 125
1027 4 2 2 2 108 92 163 165
1028 4 2 2 2 29 34 35 139
1029 4 2 2 2 34 29 28 139
1030 4 2 2 2 109 119 118 95
1031 4 2 2 2 95 153 94 152
1032 4 2 2 2 112 90 109 150
1033 4 2 2 2 144 4 1 146
1034 4 2 2 2 85 98 111 167
1035 4 2 2 2 18 29 24 140
1036 4 2 2 2 29 18 23 140
1037 4 2 2 2 100 124 102 134
1038 4 2 2 2 25 18 24 140
1039 4 2 2 2 18 25 19 140
1040 4 2 2 2 28 33 34 160
1041 4 2 2 2 33 28 27 160
1042 4 2 2 2 24 35 30 161
1043 4 2 2 2 119 155 136 128
1044 4 2 2 2 150 121 109 122
1045 4 2 2 2 127 106 107 154
1046 4 2 2 2 92 85 108 166
1047 4 2 2 2 111 84 101 167
1048 4 2 2 2 5 6 8 16
1049 4 2 2 2 145 146 144 99
1050 4 2 2 2 111 135 134 138
1051 4 2 2 2 5 10 8 7
1052 4 2 2 2 10 5 8 11
1053 4 2 2 2 155 156 135 128
1054 4 2 2 2 97 111 103 126
1055 4 2 2 2 153 83 95 94
1056 4 2 2 2 145 116 99 144
1057 4 2 2 2 97 145 125 103
1058 4 2 2 2 81 85 165 164
1059 4 2 2 2 153 95 87 152
1060 4 2 2 2 137 133 126 38
1061 4 2 2 2 109 104 115 150
1062 4 2 2 2 111 43 103 126
1063 4 2 2 2 111 103 49 138
1064 4 2 2 2 155 119 156 128
1065 4 2 2 2 120 151 44 133
1066 4 2 2 2 100 101 124 134
1067 4 2 2 2 120 119 130 155
1068 4 2 2 2 120 151 118 140
1069 4 2 2 2 94 119 95 152
1070 4 2 2 2 118 120 140 142
1071 4 2 2 2 122 161 121 162
1072 4 2 2 2 126 120 42 133
1073 4 2 2 2 110 109 133 162
1074 4 2 2 2 93 153 87 152
1075 4 2 2 2 106 107 154 123
1076 4 2 2 2 106 117 123 131
1077 4 2 2 2 133 121 151 161
1078 4 2 2 2 154 106 123 131
1079 4 2 2 2 5 2 6 16
1080 4 2 2 2 126 110 120 133
1081 4 2 2 2 135 101 134 124
1082 4 2 2 2 130 124 135 156
1083 4 2 2 2 162 110 132 133
1084 4 2 2 2 155 142 136 50
1085 4 2 2 2 105 97 145 125
1086 4 2 2 2 116 145 99 103
1087 4 2 2 2 123 89 107 145
1088 4 2 2 2 89 123 105 145
1089 4 2 2 2 145 146 123 144
1090 4 2 2 2 136 138 11 155
1091 4 2 2 2 120 111 48 138
1092 4 2 2 2 84 100 111 101
1093 4 2 2 2 116 145 123 144
1094 4 2 2 2 42 111 120 126
1095 4 2 2 2 118 155 120 142
1096 4 2 2 2 146 145 100 99
1097 4 2 2 2 98 110 126 137
1098 4 2 2 2 105 97 125 141
1099 4 2 2 2 111 110 120 126
1100 4 2 2 2 110 109 120 133
1101 4 2 2 2 135 11 9 138
1102 4 2 2 2 97 98 111 126
1103 4 2 2 2 111 101 100 134
1104 4 2 2 2 131 144 123 154
1105 4 2 2 2 136 138 155 48
1106 4 2 2 2 107 145 146 123
1107 4 2 2 2 111 99 103 138
1108 4 2 2 2 155 11 128 135
1109 4 2 2 2 122 132 149 162
1110 4 2 2 2 98 110 111 126
1111 4 2 2 2 98 84 97 111
1112 4 2 2 2 101 111 135 134
1113 4 2 2 2 154 144 123 146
1114 4 2 2 2 142 120 140 155
1115 4 2 2 2 133 149 132 162
1116 4 2 2 2 133 121 161 162
1117 4 2 2 2 119 108 130 156
1118 4 2 2 2 85 98 110 111
1119 4 2 2 2 101 130 124 135
1120 4 2 2 2 3 2 1 158
1121 4 2 2 2 101 111 130 135
1122 4 2 2 2 135 9 129 138
1123 4 2 2 2 120 111 138 155
1124 4 2 2 2 155 156 130 135
1125 4 2 2 2 119 130 155 156
1126 4 2 2 2 111 155 135 138
1127 4 2 2 2 130 111 120 155
1128 4 2 2 2 101 130 108 124
1129 4 2 2 2 11 155 138 135
1130 4 2 2 2 5 11 17 8
1131 4 2 2 2 85 101 111 130
1132 4 2 2 2 130 111 155 135
1133 4 2 2 2 9 2 14 6
1134 4 2 2 2 101 85 108 130
1135 4 2 2 2 16 2 6 15
1136 4 2 2 2 5 11 12 17
1137 4 2 2 2 5 16 8 17
1138 4 2 2 2 14 2 15 6
1139 4 2 2 2 76 2 71 51
1140 4 2 2 2 76 1 2 51
1141 4 2 2 2 2 21 76 71
1142 4 2 2 2 1 78 5 4
1143 4 2 2 2 5 22 75 78
1144 4 2 2 2 4 78 5 75
1145 4 2 2 2 49 2 51 71
1146 4 2 2 2 2 49 77 71
1147 4 2 2 2 64 39 68 43
1148 4 2 2 2 71 43 49 77
1149 4 2 2 2 56 64 25 63
1150 4 2 2 2 76 45 62 67
1151 4 2 2 2 76 62 27 67
1152 4 2 2 2 38 64 63 42
1153 4 2 2 2 73 63 25 64
1154 4 2 2 2 43 48 49 73
1155 4 2 2 2 73 43 77 49
1156 4 2 2 2 51 43 49 71
1157 4 2 2 2 39 42 64 38
1158 4 2 2 2 42 39 64 43
1159 4 2 2 2 64 39 38 57
1160 4 2 2 2 63 73 19 72
1161 4 2 2 2 38 64 57 56
1162 4 2 2 2 64 38 63 56
1163 4 2 2 2 63 48 73 72
1164 4 2 2 2 4 53 78 75
1165 4 2 2 2 23 5 75 80
1166 4 2 2 2 2 78 22 5
1167 4 2 2 2 1 78 2 5
1168 4 2 2 2 1 78 76 2
1169 4 2 2 2 78 2 22 76
1170 4 2 2 2 1 53 76 78
1171 4 2 2 2 1 53 78 4
1172 4 2 2 2 49 99 51 2
1173 4 2 2 2 43 103 51 49
1174 4 2 2 2 103 45 43 51
1175 4 2 2 2 136 74 50 52
1176 4 2 2 2 136 80 74 52
1177 4 2 2 2 5 75 80 136
1178 4 2 2 2 75 136 52 80
1179 4 2 2 2 4 75 5 136
1180 4 2 2 2 4 53 75 136
1181 4 2 2 2 53 136 52 75
1182 4 2 2 2 139 65 47 46
1183 4 2 2 2 69 139 65 47
1184 4 2 2 2 66 139 46 65
1185 4 2 2 2 140 74 52 50
1186 4 2 2 2 80 140 74 52
1187 4 2 2 2 140 79 74 50
1188 4 2 2 2 66 140 46 44
1189 4 2 2 2 66 140 44 70
1190 4 2 2 2 140 65 66 46
1191 4 2 2 2 140 63 44 70
1192 4 2 2 2 140 72 79 50
1193 4 2 2 2 48 63 42 140
1194 4 2 2 2 140 42 44 63
1195 4 2 2 2 63 48 72 140
1196 4 2 2 2 48 140 50 72
1197 4 2 2 2 72 140 79 18
1198 4 2 2 2 63 140 24 70
1199 4 2 2 2 19 63 72 140
1200 4 2 2 2 56 149 38 40
1201 4 2 2 2 60 149 56 40
1202 4 2 2 2 57 149 38 56
1203 4 2 2 2 149 58 40 60
1204 4 2 2 2 39 149 38 57
1205 4 2 2 2 41 149 58 40
1206 4 2 2 2 41 149 61 58
1207 4 2 2 2 61 149 35 58
1208 4 2 2 2 75 159 52 53
1209 4 2 2 2 75 159 53 78
1210 4 2 2 2 76 159 78 53
1211 4 2 2 2 67 159 47 69
1212 4 2 2 2 159 65 47 69
1213 4 2 2 2 159 65 46 47
1214 4 2 2 2 65 159 46 140
1215 4 2 2 2 45 159 47 67
1216 4 2 2 2 51 116 45 159
1217 4 2 2 2 76 45 67 159
1218 4 2 2 2 45 76 51 159
1219 4 2 2 2 51 159 76 53
1220 4 2 2 2 62 160 67 45
1221 4 2 2 2 160 67 45 47
1222 4 2 2 2 160 43 45 62
1223 4 2 2 2 160 69 67 47
1224 4 2 2 2 160 69 47 139
1225 4 2 2 2 160 43 62 68
1226 4 2 2 2 39 68 43 160
1227 4 2 2 2 58 161 41 40
1228 4 2 2 2 161 61 58 41
1229 4 2 2 2 61 139 41 161
1230 4 2 2 2 60 161 58 40
1231 4 2 2 2 56 161 60 40
1232 4 2 2 2 161 66 46 44
1233 4 2 2 2 66 161 46 139
1234 4 2 2 2 38 161 56 40
1235 4 2 2 2 66 161 70 44
1236 4 2 2 2 38 63 56 161
1237 4 2 2 2 161 42 63 44
1238 4 2 2 2 63 38 42 161
1239 4 2 2 2 63 161 44 70
1240 4 2 2 2 56 161 30 60
1241 4 2 2 2 161 24 66 70
1242 4 2 2 2 63 161 70 24
1243 4 2 2 2 24 56 63 161
1244 4 2 2 2 75 28 22 23
1245 4 2 2 2 75 29 28 23
1246 4 2 2 2 48 13 73 72
1247 4 2 2 2 48 11 13 72
1248 4 2 2 2 136 138 48 11
1249 4 2 2 2 144 159 51 53
1250 4 2 2 2 116 51 144 159
1251 4 2 2 2 14 73 77 9
1252 4 2 2 2 77 14 9 2
1253 4 2 2 2 73 14 77 20
1254 4 2 2 2 64 32 25 26
1255 4 2 2 2 76 62 21 27
1256 4 2 2 2 62 76 21 71
1257 4 2 2 2 62 20 21 27
1258 4 2 2 2 20 62 21 71
1259 4 2 2 2 56 64 31 25
1260 4 2 2 2 64 56 31 57
1261 4 2 2 2 64 32 31 25
1262 4 2 2 2 32 64 31 57
1263 4 2 2 2 49 9 2 77
1264 4 2 2 2 9 49 2 138
1265 4 2 2 2 9 49 73 77
1266 4 2 2 2 18 5 23 74
1267 4 2 2 2 5 23 74 80
1268 4 2 2 2 74 5 80 136
1269 4 2 2 2 79 5 18 74
1270 4 2 2 2 87 88 104 91
1271 4 2 2 2 88 87 104 105
1272 4 2 2 2 35 66 29 139
1273 4 2 2 2 35 66 139 161
1274 4 2 2 2 24 35 66 29
1275 4 2 2 2 35 24 66 161
1276 4 2 2 2 29 75 28 65
1277 4 2 2 2 160 28 69 139
1278 4 2 2 2 28 160 69 67
1279 4 2 2 2 109 83 119 95
1280 4 2 2 2 83 110 109 119
1281 4 2 2 2 38 162 161 40
1282 4 2 2 2 38 133 161 162
1283 4 2 2 2 106 152 154 127
1284 4 2 2 2 152 131 106 154
1285 4 2 2 2 79 12 18 5
1286 4 2 2 2 12 72 79 18
1287 4 2 2 2 140 155 48 50
1288 4 2 2 2 48 120 155 140
1289 4 2 2 2 109 132 112 122
1290 4 2 2 2 113 109 132 112
1291 4 2 2 2 22 27 76 21
1292 4 2 2 2 67 22 28 27
1293 4 2 2 2 67 22 27 76
1294 4 2 2 2 55 26 33 32
1295 4 2 2 2 41 162 149 40
1296 4 2 2 2 41 122 149 162
1297 4 2 2 2 14 71 77 20
1298 4 2 2 2 71 14 77 2
1299 4 2 2 2 71 14 21 20
1300 4 2 2 2 14 71 21 2
1301 4 2 2 2 87 105 89 106
1302 4 2 2 2 87 105 106 104
1303 4 2 2 2 136 4 157 5
1304 4 2 2 2 48 11 9 13
1305 4 2 2 2 11 48 9 138
1306 4 2 2 2 48 13 9 73
1307 4 2 2 2 99 102 146 158
1308 4 2 2 2 99 102 158 129
1309 4 2 2 2 115 114 148 160
1310 4 2 2 2 115 160 148 139
1311 4 2 2 2 2 99 1 158
1312 4 2 2 2 134 99 138 129
1313 4 2 2 2 99 111 134 138
1314 4 2 2 2 111 100 99 134
1315 4 2 2 2 137 133 149 132
1316 4 2 2 2 133 137 149 38
1317 4 2 2 2 114 145 105 116
1318 4 2 2 2 145 125 114 105
1319 4 2 2 2 100 99 134 102
1320 4 2 2 2 99 134 102 129
1321 4 2 2 2 115 118 151 117
1322 4 2 2 2 151 115 117 148
1323 4 2 2 2 145 84 103 97
1324 4 2 2 2 84 145 103 100
1325 4 2 2 2 103 84 111 97
1326 4 2 2 2 103 84 100 111
1327 4 2 2 2 115 151 139 148
1328 4 2 2 2 125 145 116 103
1329 4 2 2 2 145 125 116 114
1330 4 2 2 2 106 95 131 152
1331 4 2 2 2 95 131 152 119
1332 4 2 2 2 119 154 136 131
1333 4 2 2 2 153 143 152 93
1334 4 2 2 2 153 143 94 152
1335 4 2 2 2 110 98 113 137
1336 4 2 2 2 110 137 113 132
1337 4 2 2 2 154 107 146 123
1338 4 2 2 2 154 107 127 146
1339 4 2 2 2 137 110 133 132
1340 4 2 2 2 110 137 133 126
1341 4 2 2 2 108 124 130 156
1342 4 2 2 2 110 85 111 130
1343 4 2 2 2 111 110 130 120
1344 4 2 2 2 51 43 71 45
1345 4 2 2 2 43 71 45 62
1346 4 2 2 2 45 76 71 51
1347 4 2 2 2 76 45 71 62
1348 4 2 2 2 43 73 68 64
1349 4 2 2 2 68 73 26 64
1350 4 2 2 2 48 43 64 73
1351 4 2 2 2 43 48 64 42
1352 4 2 2 2 48 64 63 73
1353 4 2 2 2 64 48 63 42
1354 4 2 2 2 39 64 59 57
1355 4 2 2 2 64 39 59 68
1356 4 2 2 2 59 64 32 57
1357 4 2 2 2 12 72 11 79
1358 4 2 2 2 11 48 50 72
1359 4 2 2 2 48 11 50 136
1360 4 2 2 2 50 11 72 79
1361 4 2 2 2 1 53 51 76
1362 4 2 2 2 53 1 51 144
1363 4 2 2 2 39 37 57 59
1364 4 2 2 2 37 57 59 32
1365 4 2 2 2 67 22 76 78
1366 4 2 2 2 67 78 76 159
1367 4 2 2 2 67 75 28 22
1368 4 2 2 2 67 75 22 78
1369 4 2 2 2 67 75 78 159
1370 4 2 2 2 160 26 62 27
1371 4 2 2 2 55 68 160 26
1372 4 2 2 2 68 160 26 62
1373 4 2 2 2 39 68 55 59
1374 4 2 2 2 68 39 55 160
1375 4 2 2 2 20 62 68 26
1376 4 2 2 2 68 73 20 26
1377 4 2 2 2 48 9 49 73
1378 4 2 2 2 9 48 49 138
1379 4 2 2 2 57 37 31 32
1380 4 2 2 2 115 151 161 139
1381 4 2 2 2 151 115 161 121
1382 4 2 2 2 119 154 157 136
1383 4 2 2 2 157 119 136 128
1384 4 2 2 2 57 37 36 31
1385 4 2 2 2 36 30 56 31
1386 4 2 2 2 30 36 56 149
1387 4 2 2 2 57 36 56 31
1388 4 2 2 2 36 57 56 149
1389 4 2 2 2 71 43 68 62
1390 4 2 2 2 71 68 20 62
1391 4 2 2 2 64 59 26 68
1392 4 2 2 2 59 64 26 32
1393 4 2 2 2 55 68 26 59
1394 4 2 2 2 26 55 59 32
1395 4 2 2 2 28 75 69 65
1396 4 2 2 2 75 69 65 159
1397 4 2 2 2 67 75 69 28
1398 4 2 2 2 75 67 69 159
1399 4 2 2 2 29 75 80 23
1400 4 2 2 2 80 29 23 140
1401 4 2 2 2 52 29 75 80
1402 4 2 2 2 52 29 80 140
1403 4 2 2 2 65 52 75 159
1404 4 2 2 2 65 52 159 140
1405 4 2 2 2 52 29 65 75
1406 4 2 2 2 29 52 65 140
1407 4 2 2 2 116 106 117 123
1408 4 2 2 2 116 106 104 117
1409 4 2 2 2 105 106 116 123
1410 4 2 2 2 106 105 116 104
1411 4 2 2 2 12 79 11 5
1412 4 2 2 2 55 26 160 33
1413 4 2 2 2 33 26 160 27
1414 4 2 2 2 128 11 136 157
1415 4 2 2 2 11 136 157 5
1416 4 2 2 2 11 128 10 157
1417 4 2 2 2 11 157 10 5
1418 4 2 2 2 138 99 158 129
1419 4 2 2 2 99 138 158 2
1420 4 2 2 2 138 158 9 129
1421 4 2 2 2 158 138 9 2
1422 4 2 2 2 20 43 73 68
1423 4 2 2 2 43 20 73 77
1424 4 2 2 2 43 20 71 68
1425 4 2 2 2 20 43 71 77
1426 4 2 2 2 5 50 74 79
1427 4 2 2 2 50 5 74 136
1428 4 2 2 2 11 50 5 79
1429 4 2 2 2 50 11 5 136
1430 4 2 2 2 81 85 163 165
1431 4 2 2 2 92 83 108 163
1432 4 2 2 2 85 92 108 165
1433 4 2 2 2 85 108 163 165
1434 4 2 2 2 92 163 165 164
1435 4 2 2 2 85 92 165 164
1436 4 2 2 2 163 81 165 164
1437 4 2 2 2 98 84 111 167
1438 4 2 2 2 85 101 108 166
1439 4 2 2 2 101 85 111 167
1440 4 2 2 2 278 170 224 228
1441 4 2 2 2 170 278 226 228
1442 4 2 2 2 194 273 274 260
1443 4 2 2 2 200 250 198 258
1444 4 2 2 2 258 174 213 218
1445 4 2 2 2 35 139 231 61
1446 4 2 2 2 276 225 171 224
1447 4 2 2 2 194 273 270 274
1448 4 2 2 2 255 289 187 189
1449 4 2 2 2 182 269 208 209
1450 4 2 2 2 88 262 233 267
1451 4 2 2 2 250 200 203 288
1452 4 2 2 2 41 279 147 278
1453 4 2 2 2 174 260 213 218
1454 4 2 2 2 34 278 231 230
1455 4 2 2 2 199 132 197 149
1456 4 2 2 2 263 177 217 220
1457 4 2 2 2 183 263 209 210
1458 4 2 2 2 206 263 178 211
1459 4 2 2 2 104 247 114 115
1460 4 2 2 2 265 212 193 191
1461 4 2 2 2 225 149 229 168
1462 4 2 2 2 104 247 115 251
1463 4 2 2 2 55 160 230 33
1464 4 2 2 2 231 160 34 230
1465 4 2 2 2 229 212 172 168
1466 4 2 2 2 59 221 37 32
1467 4 2 2 2 194 269 196 271
1468 4 2 2 2 269 188 190 270
1469 4 2 2 2 260 174 214 218
1470 4 2 2 2 113 191 197 281
1471 4 2 2 2 175 272 213 215
1472 4 2 2 2 217 272 176 215
1473 4 2 2 2 281 244 249 274
1474 4 2 2 2 269 195 196 282
1475 4 2 2 2 263 172 216 219
1476 4 2 2 2 247 115 251 147
1477 4 2 2 2 289 239 248 268
1478 4 2 2 2 177 263 216 220
1479 4 2 2 2 178 263 207 211
1480 4 2 2 2 263 183 207 210
1481 4 2 2 2 189 269 190 268
1482 4 2 2 2 115 122 251 147
1483 4 2 2 2 104 267 247 251
1484 4 2 2 2 91 259 88 267
1485 4 2 2 2 114 147 247 288
1486 4 2 2 2 272 202 200 277
1487 4 2 2 2 285 245 251 279
1488 4 2 2 2 168 149 229 222
1489 4 2 2 2 244 247 243 277
1490 4 2 2 2 247 283 244 243
1491 4 2 2 2 112 248 245 282
1492 4 2 2 2 198 137 39 149
1493 4 2 2 2 115 247 114 147
1494 4 2 2 2 250 277 258 200
1495 4 2 2 2 125 203 39 160
1496 4 2 2 2 149 223 222 36
1497 4 2 2 2 112 251 122 285
1498 4 2 2 2 278 147 41 204
1499 4 2 2 2 122 147 41 279
1500 4 2 2 2 41 285 122 279
1501 4 2 2 2 284 280 239 248
1502 4 2 2 2 251 112 245 285
1503 4 2 2 2 263 282 195 269
1504 4 2 2 2 112 248 282 252
1505 4 2 2 2 190 255 189 268
1506 4 2 2 2 201 278 202 279
1507 4 2 2 2 278 288 204 203
1508 4 2 2 2 269 182 263 209
1509 4 2 2 2 285 41 122 149
1510 4 2 2 2 195 276 196 282
1511 4 2 2 2 250 198 258 137
1512 4 2 2 2 269 189 263 268
1513 4 2 2 2 250 277 247 244
1514 4 2 2 2 194 258 192 274
1515 4 2 2 2 139 147 204 41
1516 4 2 2 2 265 289 263 187
1517 4 2 2 2 197 137 198 149
1518 4 2 2 2 194 271 196 272
1519 4 2 2 2 201 256 199 285
1520 4 2 2 2 113 199 256 285
1521 4 2 2 2 237 90 112 252
1522 4 2 2 2 282 112 252 264
1523 4 2 2 2 147 247 288 278
1524 4 2 2 2 90 237 112 113
1525 4 2 2 2 285 245 276 256
1526 4 2 2 2 88 259 233 262
1527 4 2 2 2 277 258 200 272
1528 4 2 2 2 285 132 199 149
1529 4 2 2 2 139 34 231 160
1530 4 2 2 2 236 96 240 249
1531 4 2 2 2 266 268 255 190
1532 4 2 2 2 249 246 244 281
1533 4 2 2 2 258 194 272 274
1534 4 2 2 2 266 270 190 188
1535 4 2 2 2 283 267 242 287
1536 4 2 2 2 271 274 272 194
1537 4 2 2 2 272 282 271 196
1538 4 2 2 2 91 259 267 232
1539 4 2 2 2 198 250 39 137
1540 4 2 2 2 246 197 258 281
1541 4 2 2 2 125 203 160 288
1542 4 2 2 2 259 267 232 262
1543 4 2 2 2 246 249 253 281
1544 4 2 2 2 270 268 266 190
1545 4 2 2 2 233 283 242 275
1546 4 2 2 2 266 273 188 257
1547 4 2 2 2 256 195 193 264
1548 4 2 2 2 88 259 262 267
1549 4 2 2 2 160 115 147 139
1550 4 2 2 2 267 283 243 287
1551 4 2 2 2 243 282 272 276
1552 4 2 2 2 266 273 270 188
1553 4 2 2 2 256 282 276 195
1554 4 2 2 2 132 112 122 285
1555 4 2 2 2 178 255 207 183
1556 4 2 2 2 250 203 39 125
1557 4 2 2 2 243 282 271 272
1558 4 2 2 2 147 160 139 204
1559 4 2 2 2 249 271 270 274
1560 4 2 2 2 141 267 243 247
1561 4 2 2 2 281 260 191 192
1562 4 2 2 2 104 247 105 114
1563 4 2 2 2 285 245 279 276
1564 4 2 2 2 235 236 96 240
1565 4 2 2 2 263 282 264 195
1566 4 2 2 2 112 280 245 248
1567 4 2 2 2 262 280 239 284
1568 4 2 2 2 61 171 35 149
1569 4 2 2 2 282 112 264 256
1570 4 2 2 2 233 283 267 242
1571 4 2 2 2 249 236 246 253
1572 4 2 2 2 267 105 104 247
1573 4 2 2 2 251 247 278 279
1574 4 2 2 2 258 243 272 277
1575 4 2 2 2 277 250 247 200
1576 4 2 2 2 113 191 281 265
1577 4 2 2 2 86 88 91 259
1578 4 2 2 2 245 277 279 276
1579 4 2 2 2 251 247 147 278
1580 4 2 2 2 272 282 196 276
1581 4 2 2 2 193 263 264 195
1582 4 2 2 2 271 282 269 196
1583 4 2 2 2 280 267 248 284
1584 4 2 2 2 270 274 273 249
1585 4 2 2 2 202 272 276 277
1586 4 2 2 2 248 91 245 287
1587 4 2 2 2 256 282 195 264
1588 4 2 2 2 160 288 203 204
1589 4 2 2 2 276 285 256 201
1590 4 2 2 2 112 254 252 264
1591 4 2 2 2 147 288 160 204
1592 4 2 2 2 114 147 288 160
1593 4 2 2 2 258 281 192 274
1594 4 2 2 2 132 137 197 149
1595 4 2 2 2 112 280 248 252
1596 4 2 2 2 242 249 271 270
1597 4 2 2 2 199 113 197 132
1598 4 2 2 2 267 248 284 287
1599 4 2 2 2 96 98 244 246
1600 4 2 2 2 150 115 122 251
1601 4 2 2 2 268 270 269 190
1602 4 2 2 2 244 96 249 283
1603 4 2 2 2 276 279 201 202
1604 4 2 2 2 170 272 226 169
1605 4 2 2 2 248 241 239 289
1606 4 2 2 2 281 274 260 192
1607 4 2 2 2 254 246 253 281
1608 4 2 2 2 242 267 284 287
1609 4 2 2 2 139 34 35 231
1610 4 2 2 2 126 97 250 125
1611 4 2 2 2 285 276 279 201
1612 4 2 2 2 284 255 266 268
1613 4 2 2 2 250 98 126 137
1614 4 2 2 2 122 251 279 285
1615 4 2 2 2 256 245 276 282
1616 4 2 2 2 244 281 258 274
1617 4 2 2 2 252 90 112 280
1618 4 2 2 2 112 245 285 256
1619 4 2 2 2 160 33 34 230
1620 4 2 2 2 234 237 98 236
1621 4 2 2 2 241 90 252 280
1622 4 2 2 2 244 243 258 277
1623 4 2 2 2 273 274 260 249
1624 4 2 2 2 289 239 268 255
1625 4 2 2 2 255 289 189 268
1626 4 2 2 2 257 286 266 273
1627 4 2 2 2 112 245 256 282
1628 4 2 2 2 90 110 237 113
1629 4 2 2 2 238 262 261 284
1630 4 2 2 2 243 245 276 277
1631 4 2 2 2 181 260 180 205
1632 4 2 2 2 86 280 232 91
1633 4 2 2 2 171 149 225 168
1634 4 2 2 2 257 286 238 266
1635 4 2 2 2 250 277 244 258
1636 4 2 2 2 289 263 187 189
1637 4 2 2 2 243 276 272 277
1638 4 2 2 2 277 279 276 202
1639 4 2 2 2 270 271 242 269
1640 4 2 2 2 241 248 252 289
1641 4 2 2 2 263 182 183 209
1642 4 2 2 2 249 275 240 286
1643 4 2 2 2 250 203 125 288
1644 4 2 2 2 176 272 175 215
1645 4 2 2 2 283 287 242 243
1646 4 2 2 2 234 96 235 236
1647 4 2 2 2 168 177 225 171
1648 4 2 2 2 168 212 172 173
1649 4 2 2 2 32 221 37 169
1650 4 2 2 2 246 113 197 281
1651 4 2 2 2 267 141 243 283
1652 4 2 2 2 267 233 242 284
1653 4 2 2 2 244 137 250 258
1654 4 2 2 2 283 272 271 274
1655 4 2 2 2 289 268 263 189
1656 4 2 2 2 265 281 260 191
1657 4 2 2 2 104 267 251 91
1658 4 2 2 2 125 137 39 250
1659 4 2 2 2 263 248 282 269
1660 4 2 2 2 114 115 147 160
1661 4 2 2 2 267 280 262 284
1662 4 2 2 2 288 147 278 204
1663 4 2 2 2 250 141 244 247
1664 4 2 2 2 96 240 249 275
1665 4 2 2 2 248 263 268 269
1666 4 2 2 2 113 98 236 246
1667 4 2 2 2 98 96 236 246
1668 4 2 2 2 113 98 246 137
1669 4 2 2 2 245 243 276 282
1670 4 2 2 2 284 266 270 268
1671 4 2 2 2 254 112 113 264
1672 4 2 2 2 243 141 247 283
1673 4 2 2 2 112 132 113 285
1674 4 2 2 2 98 97 244 250
1675 4 2 2 2 114 141 247 105
1676 4 2 2 2 98 96 234 236
1677 4 2 2 2 113 112 285 256
1678 4 2 2 2 113 199 285 132
1679 4 2 2 2 122 251 147 279
1680 4 2 2 2 173 260 174 214
1681 4 2 2 2 114 125 160 288
1682 4 2 2 2 36 149 168 222
1683 4 2 2 2 286 266 273 270
1684 4 2 2 2 141 244 247 283
1685 4 2 2 2 150 112 251 122
1686 4 2 2 2 137 244 246 258
1687 4 2 2 2 112 113 264 256
1688 4 2 2 2 245 150 112 251
1689 4 2 2 2 105 267 141 247
1690 4 2 2 2 265 253 260 281
1691 4 2 2 2 263 172 177 216
1692 4 2 2 2 263 178 207 183
1693 4 2 2 2 246 254 113 281
1694 4 2 2 2 91 248 267 287
1695 4 2 2 2 249 253 260 273
1696 4 2 2 2 147 279 251 278
1697 4 2 2 2 283 272 243 271
1698 4 2 2 2 264 265 263 193
1699 4 2 2 2 262 239 261 284
1700 4 2 2 2 267 280 248 91
1701 4 2 2 2 181 174 180 260
1702 4 2 2 2 237 98 236 113
1703 4 2 2 2 91 248 245 280
1704 4 2 2 2 177 182 183 263
1705 4 2 2 2 266 284 270 238
1706 4 2 2 2 252 265 263 264
1707 4 2 2 2 287 269 271 282
1708 4 2 2 2 283 96 249 275
1709 4 2 2 2 262 238 233 284
1710 4 2 2 2 280 241 239 248
1711 4 2 2 2 244 97 141 250
1712 4 2 2 2 266 286 238 270
1713 4 2 2 2 255 284 239 268
1714 4 2 2 2 255 284 261 239
1715 4 2 2 2 280 112 245 150
1716 4 2 2 2 91 259 232 86
1717 4 2 2 2 180 173 179 260
1718 4 2 2 2 173 180 174 260
1719 4 2 2 2 270 284 268 269
1720 4 2 2 2 170 175 176 272
1721 4 2 2 2 175 170 169 272
1722 4 2 2 2 37 175 169 272
1723 4 2 2 2 183 185 186 255
1724 4 2 2 2 251 91 245 150
1725 4 2 2 2 244 246 258 281
1726 4 2 2 2 96 244 141 283
1727 4 2 2 2 186 178 183 255
1728 4 2 2 2 183 172 177 263
1729 4 2 2 2 172 183 178 263
1730 4 2 2 2 258 283 244 274
1731 4 2 2 2 240 238 257 286
1732 4 2 2 2 242 275 283 286
1733 4 2 2 2 98 237 110 113
1734 4 2 2 2 287 269 242 271
1735 4 2 2 2 115 150 104 251
1736 4 2 2 2 243 282 287 271
1737 4 2 2 2 286 257 240 273
1738 4 2 2 2 96 98 97 244
1739 4 2 2 2 280 252 241 248
1740 4 2 2 2 242 243 287 271
1741 4 2 2 2 286 249 270 273
1742 4 2 2 2 125 137 126 39
1743 4 2 2 2 243 242 283 271
1744 4 2 2 2 270 284 269 242
1745 4 2 2 2 30 171 168 149
1746 4 2 2 2 171 30 35 149
1747 4 2 2 2 249 242 286 270
1748 4 2 2 2 271 249 283 274
1749 4 2 2 2 240 96 235 275
1750 4 2 2 2 264 113 254 265
1751 4 2 2 2 36 30 168 149
1752 4 2 2 2 249 242 271 283
1753 4 2 2 2 262 280 232 239
1754 4 2 2 2 258 283 243 244
1755 4 2 2 2 90 112 280 150
1756 4 2 2 2 132 285 122 149
1757 4 2 2 2 113 281 254 265
1758 4 2 2 2 267 262 233 284
1759 4 2 2 2 284 287 269 242
1760 4 2 2 2 248 239 284 268
1761 4 2 2 2 236 237 113 254
1762 4 2 2 2 287 248 269 282
1763 4 2 2 2 245 248 287 282
1764 4 2 2 2 254 252 264 265
1765 4 2 2 2 269 284 268 248
1766 4 2 2 2 97 96 244 141
1767 4 2 2 2 91 251 104 150
1768 4 2 2 2 254 281 253 265
1769 4 2 2 2 245 243 282 287
1770 4 2 2 2 98 97 250 126
1771 4 2 2 2 240 249 286 273
1772 4 2 2 2 284 287 248 269
1773 4 2 2 2 239 241 255 289
1774 4 2 2 2 125 137 250 126
1775 4 2 2 2 267 105 141 88
1776 4 2 2 2 275 249 283 286
1777 4 2 2 2 125 141 97 250
1778 4 2 2 2 249 244 283 274
1779 4 2 2 2 96 141 275 283
1780 4 2 2 2 280 245 91 150
1781 4 2 2 2 249 242 283 286
1782 4 2 2 2 229 216 172 219
1783 4 2 2 2 221 39 55 59
1784 4 2 2 2 59 221 32 55
1785 4 2 2 2 200 39 221 198
1786 4 2 2 2 193 222 191 212
1787 4 2 2 2 197 193 199 222
1788 4 2 2 2 197 193 222 191
1789 4 2 2 2 191 222 214 212
1790 4 2 2 2 212 229 172 219
1791 4 2 2 2 223 191 197 222
1792 4 2 2 2 223 191 222 214
1793 4 2 2 2 222 214 36 223
1794 4 2 2 2 229 212 168 222
1795 4 2 2 2 225 177 216 220
1796 4 2 2 2 200 250 203 39
1797 4 2 2 2 200 250 39 198
1798 4 2 2 2 255 209 190 189
1799 4 2 2 2 255 210 209 189
1800 4 2 2 2 207 255 189 210
1801 4 2 2 2 255 187 207 189
1802 4 2 2 2 183 255 210 209
1803 4 2 2 2 183 255 207 210
1804 4 2 2 2 187 255 207 211
1805 4 2 2 2 216 256 195 193
1806 4 2 2 2 256 225 201 199
1807 4 2 2 2 216 229 225 256
1808 4 2 2 2 225 256 229 199
1809 4 2 2 2 258 213 194 192
1810 4 2 2 2 221 258 200 198
1811 4 2 2 2 221 258 198 227
1812 4 2 2 2 258 223 198 227
1813 4 2 2 2 213 258 218 192
1814 4 2 2 2 214 258 192 218
1815 4 2 2 2 258 197 198 223
1816 4 2 2 2 191 223 197 258
1817 4 2 2 2 223 191 214 258
1818 4 2 2 2 258 191 214 192
1819 4 2 2 2 174 258 214 218
1820 4 2 2 2 231 139 204 41
1821 4 2 2 2 231 139 41 61
1822 4 2 2 2 260 214 191 192
1823 4 2 2 2 260 214 192 218
1824 4 2 2 2 213 260 192 218
1825 4 2 2 2 260 194 213 192
1826 4 2 2 2 263 193 216 195
1827 4 2 2 2 187 263 207 189
1828 4 2 2 2 219 263 193 216
1829 4 2 2 2 207 263 210 189
1830 4 2 2 2 216 263 195 220
1831 4 2 2 2 263 217 195 220
1832 4 2 2 2 209 263 189 210
1833 4 2 2 2 263 211 187 207
1834 4 2 2 2 263 206 187 211
1835 4 2 2 2 208 266 190 188
1836 4 2 2 2 194 269 215 196
1837 4 2 2 2 269 188 208 190
1838 4 2 2 2 215 269 217 196
1839 4 2 2 2 189 269 209 190
1840 4 2 2 2 269 189 209 263
1841 4 2 2 2 195 269 196 217
1842 4 2 2 2 195 269 217 263
1843 4 2 2 2 269 208 209 190
1844 4 2 2 2 272 215 196 194
1845 4 2 2 2 272 213 215 194
1846 4 2 2 2 213 258 194 272
1847 4 2 2 2 217 272 215 196
1848 4 2 2 2 272 228 226 202
1849 4 2 2 2 170 272 228 226
1850 4 2 2 2 226 272 202 200
1851 4 2 2 2 260 274 194 192
1852 4 2 2 2 224 276 201 202
1853 4 2 2 2 276 224 228 202
1854 4 2 2 2 272 228 202 276
1855 4 2 2 2 225 276 201 224
1856 4 2 2 2 225 256 201 276
1857 4 2 2 2 220 276 217 195
1858 4 2 2 2 276 217 195 196
1859 4 2 2 2 217 276 272 196
1860 4 2 2 2 203 278 230 204
1861 4 2 2 2 201 278 224 202
1862 4 2 2 2 41 278 204 231
1863 4 2 2 2 278 200 226 202
1864 4 2 2 2 226 278 202 228
1865 4 2 2 2 278 231 230 204
1866 4 2 2 2 61 201 41 278
1867 4 2 2 2 61 278 41 231
1868 4 2 2 2 224 278 228 202
1869 4 2 2 2 201 41 278 279
1870 4 2 2 2 149 222 197 199
1871 4 2 2 2 223 149 222 197
1872 4 2 2 2 198 149 223 197
1873 4 2 2 2 149 229 222 199
1874 4 2 2 2 201 149 199 225
1875 4 2 2 2 225 149 199 229
1876 4 2 2 2 201 61 41 149
1877 4 2 2 2 61 201 225 149
1878 4 2 2 2 61 225 171 149
1879 4 2 2 2 191 258 281 192
1880 4 2 2 2 197 281 191 258
1881 4 2 2 2 149 285 201 199
1882 4 2 2 2 285 41 149 201
1883 4 2 2 2 41 285 279 201
1884 4 2 2 2 230 160 203 204
1885 4 2 2 2 231 160 230 204
1886 4 2 2 2 139 231 204 160
1887 4 2 2 2 160 55 230 203
1888 4 2 2 2 39 160 203 55
1889 4 2 2 2 200 288 278 203
1890 4 2 2 2 137 258 197 198
1891 4 2 2 2 197 246 258 137
1892 4 2 2 2 272 37 221 169
1893 4 2 2 2 272 169 221 226
1894 4 2 2 2 251 287 243 245
1895 4 2 2 2 251 243 277 245
1896 4 2 2 2 243 251 277 247
1897 4 2 2 2 277 251 245 279
1898 4 2 2 2 251 277 247 279
1899 4 2 2 2 168 216 177 172
1900 4 2 2 2 216 168 177 225
1901 4 2 2 2 216 168 229 172
1902 4 2 2 2 168 216 229 225
1903 4 2 2 2 225 177 276 171
1904 4 2 2 2 177 225 276 220
1905 4 2 2 2 222 214 173 36
1906 4 2 2 2 214 222 173 212
1907 4 2 2 2 173 168 222 36
1908 4 2 2 2 168 212 173 222
1909 4 2 2 2 226 55 169 221
1910 4 2 2 2 169 32 55 33
1911 4 2 2 2 32 221 169 55
1912 4 2 2 2 246 96 249 244
1913 4 2 2 2 246 96 236 249
1914 4 2 2 2 269 260 205 188
1915 4 2 2 2 205 269 188 208
1916 4 2 2 2 104 88 267 91
1917 4 2 2 2 88 104 267 105
1918 4 2 2 2 276 177 220 217
1919 4 2 2 2 170 276 224 228
1920 4 2 2 2 170 272 276 228
1921 4 2 2 2 276 171 170 224
1922 4 2 2 2 250 247 200 288
1923 4 2 2 2 200 288 247 278
1924 4 2 2 2 183 185 209 182
1925 4 2 2 2 185 183 209 255
1926 4 2 2 2 172 206 178 179
1927 4 2 2 2 206 172 178 263
1928 4 2 2 2 267 251 243 247
1929 4 2 2 2 251 267 243 287
1930 4 2 2 2 184 180 205 181
1931 4 2 2 2 180 184 205 257
1932 4 2 2 2 244 98 137 246
1933 4 2 2 2 98 244 137 250
1934 4 2 2 2 284 255 261 266
1935 4 2 2 2 261 284 266 238
1936 4 2 2 2 247 202 279 277
1937 4 2 2 2 202 247 279 278
1938 4 2 2 2 247 200 202 277
1939 4 2 2 2 200 247 202 278
1940 4 2 2 2 36 174 214 173
1941 4 2 2 2 247 250 125 288
1942 4 2 2 2 247 125 114 288
1943 4 2 2 2 125 141 250 247
1944 4 2 2 2 125 141 247 114
1945 4 2 2 2 176 181 215 175
1946 4 2 2 2 174 223 37 36
1947 4 2 2 2 174 223 36 214
1948 4 2 2 2 174 223 214 258
1949 4 2 2 2 35 170 231 34
1950 4 2 2 2 170 231 34 278
1951 4 2 2 2 226 34 170 169
1952 4 2 2 2 34 226 170 278
1953 4 2 2 2 34 226 33 169
1954 4 2 2 2 226 55 33 169
1955 4 2 2 2 34 226 230 33
1956 4 2 2 2 226 34 230 278
1957 4 2 2 2 226 55 230 33
1958 4 2 2 2 276 177 217 176
1959 4 2 2 2 276 176 217 272
1960 4 2 2 2 171 176 177 276
1961 4 2 2 2 182 184 208 181
1962 4 2 2 2 184 182 208 185
1963 4 2 2 2 208 184 185 266
1964 4 2 2 2 185 208 209 182
1965 4 2 2 2 284 286 270 238
1966 4 2 2 2 286 284 270 242
1967 4 2 2 2 112 237 254 113
1968 4 2 2 2 237 112 254 252
1969 4 2 2 2 113 137 246 197
1970 4 2 2 2 113 137 197 132
1971 4 2 2 2 236 254 246 253
1972 4 2 2 2 113 236 254 246
1973 4 2 2 2 281 249 260 274
1974 4 2 2 2 281 249 253 260
1975 4 2 2 2 267 232 280 91
1976 4 2 2 2 232 267 280 262
1977 4 2 2 2 86 150 280 91
1978 4 2 2 2 282 252 263 264
1979 4 2 2 2 282 252 248 263
1980 4 2 2 2 289 248 263 268
1981 4 2 2 2 289 248 252 263
1982 4 2 2 2 258 283 272 243
1983 4 2 2 2 283 258 272 274
1984 4 2 2 2 260 212 214 173
1985 4 2 2 2 233 242 284 275
1986 4 2 2 2 284 275 242 286
1987 4 2 2 2 275 284 233 238
1988 4 2 2 2 275 284 238 286
1989 4 2 2 2 213 37 175 174
1990 4 2 2 2 37 213 175 272
1991 4 2 2 2 171 176 276 170
1992 4 2 2 2 170 176 276 272
1993 4 2 2 2 265 289 252 263
1994 4 2 2 2 289 254 265 252
1995 4 2 2 2 215 182 181 176
1996 4 2 2 2 283 88 275 233
1997 4 2 2 2 88 283 275 141
1998 4 2 2 2 283 88 233 267
1999 4 2 2 2 283 88 267 141
2000 4 2 2 2 91 251 287 267
2001 4 2 2 2 251 91 287 245
2002 4 2 2 2 221 39 227 198
2003 4 2 2 2 200 39 55 221
2004 4 2 2 2 39 200 55 203
2005 4 2 2 2 37 39 221 59
2006 4 2 2 2 39 37 221 227
2007 4 2 2 2 255 211 178 207
2008 4 2 2 2 193 222 229 199
2009 4 2 2 2 193 229 256 199
2010 4 2 2 2 193 229 212 219
2011 4 2 2 2 222 193 229 212
2012 4 2 2 2 195 225 216 220
2013 4 2 2 2 225 195 216 256
2014 4 2 2 2 195 225 220 276
2015 4 2 2 2 195 225 276 256
2016 4 2 2 2 229 193 216 219
2017 4 2 2 2 193 229 216 256
2018 4 2 2 2 113 193 197 191
2019 4 2 2 2 193 113 265 191
2020 4 2 2 2 221 272 226 200
2021 4 2 2 2 221 272 200 258
2022 4 2 2 2 174 223 227 37
2023 4 2 2 2 223 174 227 258
2024 4 2 2 2 227 213 174 37
2025 4 2 2 2 213 227 174 258
2026 4 2 2 2 213 227 272 37
2027 4 2 2 2 227 213 272 258
2028 4 2 2 2 272 227 221 37
2029 4 2 2 2 227 272 221 258
2030 4 2 2 2 212 260 214 191
2031 4 2 2 2 212 260 191 265
2032 4 2 2 2 255 208 190 209
2033 4 2 2 2 208 255 190 266
2034 4 2 2 2 185 208 255 209
2035 4 2 2 2 208 185 255 266
2036 4 2 2 2 269 260 270 194
2037 4 2 2 2 260 269 270 188
2038 4 2 2 2 273 194 270 260
2039 4 2 2 2 270 260 188 273
2040 4 2 2 2 270 194 271 269
2041 4 2 2 2 274 270 194 271
2042 4 2 2 2 200 55 226 221
2043 4 2 2 2 223 39 198 227
2044 4 2 2 2 39 223 198 149
2045 4 2 2 2 37 39 223 227
2046 4 2 2 2 113 193 199 197
2047 4 2 2 2 193 113 199 256
2048 4 2 2 2 208 184 205 181
2049 4 2 2 2 212 263 219 172
2050 4 2 2 2 37 39 57 223
2051 4 2 2 2 223 39 57 149
2052 4 2 2 2 57 37 223 36
2053 4 2 2 2 57 36 223 149
2054 4 2 2 2 278 225 201 224
2055 4 2 2 2 201 61 225 278
2056 4 2 2 2 171 278 170 224
2057 4 2 2 2 225 278 171 224
2058 4 2 2 2 225 61 171 278
2059 4 2 2 2 212 263 193 219
2060 4 2 2 2 212 263 265 193
2061 4 2 2 2 184 188 208 205
2062 4 2 2 2 188 184 208 266
2063 4 2 2 2 184 188 205 257
2064 4 2 2 2 184 188 257 266
2065 4 2 2 2 230 200 55 226
2066 4 2 2 2 230 200 226 278
2067 4 2 2 2 230 200 203 55
2068 4 2 2 2 200 230 203 278
2069 4 2 2 2 194 181 205 260
2070 4 2 2 2 205 194 260 269
2071 4 2 2 2 194 181 208 205
2072 4 2 2 2 208 194 205 269
2073 4 2 2 2 182 215 181 208
2074 4 2 2 2 182 215 208 269
2075 4 2 2 2 181 194 208 215
2076 4 2 2 2 194 208 215 269
2077 4 2 2 2 182 177 176 263
2078 4 2 2 2 176 263 177 217
2079 4 2 2 2 182 215 269 263
2080 4 2 2 2 215 269 263 217
2081 4 2 2 2 182 215 263 176
2082 4 2 2 2 215 263 176 217
2083 4 2 2 2 172 206 212 263
2084 4 2 2 2 212 187 265 263
2085 4 2 2 2 187 212 206 263
2086 4 2 2 2 231 171 61 278
2087 4 2 2 2 231 171 278 170
2088 4 2 2 2 171 231 61 35
2089 4 2 2 2 171 231 35 170
2090 4 2 2 2 215 260 194 213
2091 4 2 2 2 181 194 215 260
2092 4 2 2 2 260 175 174 213
2093 4 2 2 2 174 181 175 260
2094 4 2 2 2 260 215 175 213
2095 4 2 2 2 215 181 260 175
2096 4 2 2 2 173 206 179 260
2097 4 2 2 2 206 172 173 179
2098 4 2 2 2 206 173 212 260
2099 4 2 2 2 206 172 212 173
2100 4 2 2 2 193 113 264 265
2101 4 2 2 2 113 193 264 256
2102 4 2 2 2 212 187 206 265
2103 4 2 2 2 206 212 265 260
2104 4 2 2 2 385 296 336 339
2105 4 2 2 2 341 385 339 297
2106 4 2 2 2 257 180 355 205
2107 4 2 2 2 292 257 352 345
2108 4 2 2 2 368 313 308 387
2109 4 2 2 2 374 410 257 320
2110 4 2 2 2 234 235 362 363
2111 4 2 2 2 320 399 322 257
2112 4 2 2 2 376 387 317 315
2113 4 2 2 2 325 319 410 393
2114 4 2 2 2 391 297 341 339
2115 4 2 2 2 185 391 350 347
2116 4 2 2 2 317 405 376 323
2117 4 2 2 2 295 397 343 336
2118 4 2 2 2 397 292 352 345
2119 4 2 2 2 298 394 342 341
2120 4 2 2 2 347 257 184 345
2121 4 2 2 2 390 311 389 312
2122 4 2 2 2 299 398 335 332
2123 4 2 2 2 320 399 397 322
2124 4 2 2 2 313 368 308 403
2125 4 2 2 2 260 180 205 355
2126 4 2 2 2 373 365 364 404
2127 4 2 2 2 310 368 308 387
2128 4 2 2 2 266 412 322 324
2129 4 2 2 2 394 404 317 318
2130 4 2 2 2 240 407 249 273
2131 4 2 2 2 385 318 316 388
2132 4 2 2 2 312 385 311 389
2133 4 2 2 2 338 186 298 342
2134 4 2 2 2 301 340 343 295
2135 4 2 2 2 327 343 295 301
2136 4 2 2 2 380 320 319 410
2137 4 2 2 2 382 310 308 386
2138 4 2 2 2 391 323 324 405
2139 4 2 2 2 180 260 354 355
2140 4 2 2 2 265 407 325 260
2141 4 2 2 2 186 338 290 349
2142 4 2 2 2 301 340 300 329
2143 4 2 2 2 340 346 291 294
2144 4 2 2 2 385 404 318 388
2145 4 2 2 2 373 388 391 404
2146 4 2 2 2 409 238 369 399
2147 4 2 2 2 391 317 404 318
2148 4 2 2 2 385 404 394 318
2149 4 2 2 2 395 302 327 328
2150 4 2 2 2 255 405 324 323
2151 4 2 2 2 206 260 354 179
2152 4 2 2 2 398 304 331 332
2153 4 2 2 2 397 296 339 336
2154 4 2 2 2 184 397 347 345
2155 4 2 2 2 360 363 368 383
2156 4 2 2 2 332 394 304 331
2157 4 2 2 2 378 367 396 403
2158 4 2 2 2 376 387 404 317
2159 4 2 2 2 394 328 303 331
2160 4 2 2 2 384 373 365 364
2161 4 2 2 2 404 387 394 317
2162 4 2 2 2 360 371 363 383
2163 4 2 2 2 380 383 319 313
2164 4 2 2 2 257 374 320 399
2165 4 2 2 2 396 366 389 385
2166 4 2 2 2 362 367 378 379
2167 4 2 2 2 367 362 363 379
2168 4 2 2 2 360 237 363 371
2169 4 2 2 2 369 373 388 391
2170 4 2 2 2 187 254 325 265
2171 4 2 2 2 403 313 379 392
2172 4 2 2 2 383 387 376 315
2173 4 2 2 2 365 373 376 404
2174 4 2 2 2 383 393 319 321
2175 4 2 2 2 266 184 347 257
2176 4 2 2 2 254 393 187 325
2177 4 2 2 2 323 241 321 255
2178 4 2 2 2 410 374 380 320
2179 4 2 2 2 367 378 379 403
2180 4 2 2 2 376 384 373 365
2181 4 2 2 2 239 376 373 405
2182 4 2 2 2 235 362 363 367
2183 4 2 2 2 362 235 361 367
2184 4 2 2 2 370 249 240 407
2185 4 2 2 2 385 396 311 389
2186 4 2 2 2 389 394 312 385
2187 4 2 2 2 360 234 362 363
2188 4 2 2 2 404 376 317 405
2189 4 2 2 2 388 364 385 404
2190 4 2 2 2 326 257 188 273
2191 4 2 2 2 386 403 309 308
2192 4 2 2 2 297 394 341 385
2193 4 2 2 2 367 363 374 380
2194 4 2 2 2 363 371 236 370
2195 4 2 2 2 397 297 391 339
2196 4 2 2 2 185 397 391 347
2197 4 2 2 2 362 368 363 379
2198 4 2 2 2 240 236 249 370
2199 4 2 2 2 249 370 253 407
2200 4 2 2 2 378 367 377 396
2201 4 2 2 2 362 368 378 382
2202 4 2 2 2 368 362 378 379
2203 4 2 2 2 376 383 315 321
2204 4 2 2 2 410 383 393 319
2205 4 2 2 2 363 367 379 380
2206 4 2 2 2 259 233 262 358
2207 4 2 2 2 392 311 385 396
2208 4 2 2 2 408 314 397 316
2209 4 2 2 2 364 366 388 385
2210 4 2 2 2 238 262 369 261
2211 4 2 2 2 379 383 380 313
2212 4 2 2 2 364 385 404 394
2213 4 2 2 2 314 374 408 397
2214 4 2 2 2 399 275 238 286
2215 4 2 2 2 364 381 406 402
2216 4 2 2 2 397 380 374 320
2217 4 2 2 2 380 397 374 314
2218 4 2 2 2 384 280 376 373
2219 4 2 2 2 361 378 367 377
2220 4 2 2 2 380 240 374 410
2221 4 2 2 2 381 366 406 402
2222 4 2 2 2 260 407 325 326
2223 4 2 2 2 311 392 309 396
2224 4 2 2 2 330 305 300 386
2225 4 2 2 2 378 368 379 403
2226 4 2 2 2 383 410 380 319
2227 4 2 2 2 266 324 255 261
2228 4 2 2 2 236 249 370 253
2229 4 2 2 2 403 382 308 386
2230 4 2 2 2 401 402 372 366
2231 4 2 2 2 387 364 404 394
2232 4 2 2 2 382 387 368 310
2233 4 2 2 2 238 257 266 399
2234 4 2 2 2 374 410 240 257
2235 4 2 2 2 367 385 396 392
2236 4 2 2 2 374 320 399 397
2237 4 2 2 2 241 405 255 323
2238 4 2 2 2 391 186 185 350
2239 4 2 2 2 363 237 236 371
2240 4 2 2 2 311 390 389 395
2241 4 2 2 2 409 233 369 238
2242 4 2 2 2 395 309 396 311
2243 4 2 2 2 404 388 391 318
2244 4 2 2 2 404 365 364 387
2245 4 2 2 2 266 322 399 257
2246 4 2 2 2 313 368 403 379
2247 4 2 2 2 376 393 383 321
2248 4 2 2 2 275 409 399 238
2249 4 2 2 2 374 367 392 408
2250 4 2 2 2 370 254 253 407
2251 4 2 2 2 396 386 309 395
2252 4 2 2 2 257 407 273 326
2253 4 2 2 2 367 385 392 408
2254 4 2 2 2 362 367 361 378
2255 4 2 2 2 235 363 240 374
2256 4 2 2 2 368 310 308 382
2257 4 2 2 2 408 385 316 388
2258 4 2 2 2 378 396 386 403
2259 4 2 2 2 396 386 403 309
2260 4 2 2 2 240 380 370 410
2261 4 2 2 2 401 367 366 372
2262 4 2 2 2 273 407 260 326
2263 4 2 2 2 235 234 236 363
2264 4 2 2 2 366 367 385 396
2265 4 2 2 2 385 297 296 339
2266 4 2 2 2 185 266 184 347
2267 4 2 2 2 300 386 301 329
2268 4 2 2 2 240 407 257 410
2269 4 2 2 2 373 369 261 391
2270 4 2 2 2 401 406 366 409
2271 4 2 2 2 393 254 407 325
2272 4 2 2 2 407 240 257 273
2273 4 2 2 2 357 376 365 384
2274 4 2 2 2 233 406 409 369
2275 4 2 2 2 406 409 369 366
2276 4 2 2 2 407 254 265 325
2277 4 2 2 2 255 185 186 350
2278 4 2 2 2 275 399 240 286
2279 4 2 2 2 395 303 302 328
2280 4 2 2 2 401 377 367 372
2281 4 2 2 2 363 235 367 374
2282 4 2 2 2 381 401 366 402
2283 4 2 2 2 90 411 241 252
2284 4 2 2 2 383 370 380 410
2285 4 2 2 2 280 357 376 241
2286 4 2 2 2 360 363 362 368
2287 4 2 2 2 292 257 345 184
2288 4 2 2 2 368 378 382 403
2289 4 2 2 2 266 412 324 261
2290 4 2 2 2 367 366 385 408
2291 4 2 2 2 400 368 387 365
2292 4 2 2 2 384 381 364 402
2293 4 2 2 2 373 280 239 232
2294 4 2 2 2 301 395 302 327
2295 4 2 2 2 232 239 373 262
2296 4 2 2 2 385 402 366 389
2297 4 2 2 2 275 409 240 399
2298 4 2 2 2 297 397 296 339
2299 4 2 2 2 397 185 184 347
2300 4 2 2 2 406 384 381 364
2301 4 2 2 2 412 266 322 399
2302 4 2 2 2 255 261 324 405
2303 4 2 2 2 394 298 297 341
2304 4 2 2 2 379 383 313 368
2305 4 2 2 2 404 406 388 364
2306 4 2 2 2 365 382 375 400
2307 4 2 2 2 365 383 387 376
2308 4 2 2 2 295 397 336 296
2309 4 2 2 2 397 292 345 184
2310 4 2 2 2 406 358 233 409
2311 4 2 2 2 408 366 385 388
2312 4 2 2 2 237 234 363 236
2313 4 2 2 2 233 369 238 262
2314 4 2 2 2 241 323 321 376
2315 4 2 2 2 249 407 253 273
2316 4 2 2 2 407 393 325 410
2317 4 2 2 2 365 404 376 387
2318 4 2 2 2 398 299 304 332
2319 4 2 2 2 401 381 366 406
2320 4 2 2 2 383 360 411 368
2321 4 2 2 2 392 403 309 396
2322 4 2 2 2 363 359 234 237
2323 4 2 2 2 360 237 371 411
2324 4 2 2 2 360 371 383 411
2325 4 2 2 2 254 393 289 187
2326 4 2 2 2 406 404 388 373
2327 4 2 2 2 338 186 290 298
2328 4 2 2 2 290 338 298 293
2329 4 2 2 2 330 305 299 300
2330 4 2 2 2 340 301 294 295
2331 4 2 2 2 301 340 294 300
2332 4 2 2 2 291 295 340 294
2333 4 2 2 2 294 290 346 291
2334 4 2 2 2 254 289 265 187
2335 4 2 2 2 396 389 395 311
2336 4 2 2 2 359 363 360 237
2337 4 2 2 2 373 262 239 261
2338 4 2 2 2 378 396 377 386
2339 4 2 2 2 234 360 359 363
2340 4 2 2 2 254 370 371 407
2341 4 2 2 2 371 410 383 393
2342 4 2 2 2 238 240 257 399
2343 4 2 2 2 376 239 241 405
2344 4 2 2 2 374 369 408 397
2345 4 2 2 2 400 368 382 387
2346 4 2 2 2 280 357 384 376
2347 4 2 2 2 241 321 255 289
2348 4 2 2 2 90 237 411 252
2349 4 2 2 2 261 406 369 373
2350 4 2 2 2 262 259 358 381
2351 4 2 2 2 374 257 240 399
2352 4 2 2 2 368 308 403 382
2353 4 2 2 2 304 394 303 331
2354 4 2 2 2 358 262 406 233
2355 4 2 2 2 273 253 260 407
2356 4 2 2 2 406 388 364 366
2357 4 2 2 2 384 280 373 232
2358 4 2 2 2 365 364 387 400
2359 4 2 2 2 409 388 408 369
2360 4 2 2 2 385 402 364 366
2361 4 2 2 2 358 406 401 409
2362 4 2 2 2 406 388 369 373
2363 4 2 2 2 365 383 368 387
2364 4 2 2 2 262 369 261 406
2365 4 2 2 2 369 374 399 397
2366 4 2 2 2 409 388 369 366
2367 4 2 2 2 260 179 180 354
2368 4 2 2 2 297 185 397 391
2369 4 2 2 2 370 371 393 410
2370 4 2 2 2 369 408 397 388
2371 4 2 2 2 376 393 321 241
2372 4 2 2 2 301 306 395 386
2373 4 2 2 2 388 409 408 366
2374 4 2 2 2 399 409 374 369
2375 4 2 2 2 369 238 261 412
2376 4 2 2 2 397 388 408 316
2377 4 2 2 2 405 412 324 391
2378 4 2 2 2 409 275 233 238
2379 4 2 2 2 241 405 239 255
2380 4 2 2 2 259 262 232 381
2381 4 2 2 2 370 393 407 410
2382 4 2 2 2 235 401 361 409
2383 4 2 2 2 241 405 323 376
2384 4 2 2 2 254 241 252 289
2385 4 2 2 2 241 357 376 411
2386 4 2 2 2 382 378 386 403
2387 4 2 2 2 388 406 369 366
2388 4 2 2 2 376 357 365 411
2389 4 2 2 2 373 376 404 405
2390 4 2 2 2 238 369 399 412
2391 4 2 2 2 404 405 391 373
2392 4 2 2 2 402 372 366 389
2393 4 2 2 2 370 383 371 410
2394 4 2 2 2 362 360 368 382
2395 4 2 2 2 239 373 261 405
2396 4 2 2 2 240 370 407 410
2397 4 2 2 2 373 232 262 406
2398 4 2 2 2 399 397 322 412
2399 4 2 2 2 358 262 381 406
2400 4 2 2 2 404 406 364 373
2401 4 2 2 2 233 406 369 262
2402 4 2 2 2 382 365 368 400
2403 4 2 2 2 411 90 241 280
2404 4 2 2 2 321 241 393 289
2405 4 2 2 2 386 377 395 396
2406 4 2 2 2 409 374 369 408
2407 4 2 2 2 371 370 393 407
2408 4 2 2 2 358 406 381 401
2409 4 2 2 2 184 180 292 257
2410 4 2 2 2 301 305 306 386
2411 4 2 2 2 305 301 300 386
2412 4 2 2 2 367 401 366 409
2413 4 2 2 2 297 186 185 391
2414 4 2 2 2 373 262 261 406
2415 4 2 2 2 407 371 254 393
2416 4 2 2 2 298 303 304 394
2417 4 2 2 2 303 298 297 394
2418 4 2 2 2 397 369 388 391
2419 4 2 2 2 261 373 391 405
2420 4 2 2 2 275 409 235 240
2421 4 2 2 2 241 254 371 289
2422 4 2 2 2 280 411 357 241
2423 4 2 2 2 408 409 367 366
2424 4 2 2 2 377 401 367 361
2425 4 2 2 2 241 383 376 393
2426 4 2 2 2 261 324 405 412
2427 4 2 2 2 238 412 266 261
2428 4 2 2 2 292 296 184 397
2429 4 2 2 2 296 292 295 397
2430 4 2 2 2 296 185 184 397
2431 4 2 2 2 185 296 297 397
2432 4 2 2 2 235 361 367 409
2433 4 2 2 2 369 261 391 412
2434 4 2 2 2 306 302 301 395
2435 4 2 2 2 302 306 307 395
2436 4 2 2 2 307 303 302 395
2437 4 2 2 2 371 289 254 393
2438 4 2 2 2 412 238 266 399
2439 4 2 2 2 237 236 371 254
2440 4 2 2 2 384 406 381 232
2441 4 2 2 2 239 405 261 255
2442 4 2 2 2 374 409 367 408
2443 4 2 2 2 364 406 366 402
2444 4 2 2 2 399 369 397 412
2445 4 2 2 2 397 369 391 412
2446 4 2 2 2 383 241 371 393
2447 4 2 2 2 238 240 399 286
2448 4 2 2 2 356 179 178 206
2449 4 2 2 2 409 361 367 401
2450 4 2 2 2 241 371 393 289
2451 4 2 2 2 391 261 405 412
2452 4 2 2 2 232 381 262 406
2453 4 2 2 2 367 235 409 374
2454 4 2 2 2 291 356 290 346
2455 4 2 2 2 290 338 353 349
2456 4 2 2 2 315 323 321 349
2457 4 2 2 2 317 349 315 338
2458 4 2 2 2 349 315 353 321
2459 4 2 2 2 320 340 343 314
2460 4 2 2 2 313 329 333 340
2461 4 2 2 2 329 313 333 308
2462 4 2 2 2 315 346 313 337
2463 4 2 2 2 320 313 340 314
2464 4 2 2 2 340 300 329 333
2465 4 2 2 2 340 346 294 337
2466 4 2 2 2 343 327 334 301
2467 4 2 2 2 315 349 353 338
2468 4 2 2 2 315 353 337 344
2469 4 2 2 2 346 340 291 348
2470 4 2 2 2 346 315 353 337
2471 4 2 2 2 353 315 338 344
2472 4 2 2 2 313 346 340 337
2473 4 2 2 2 333 313 340 337
2474 4 2 2 2 349 317 351 338
2475 4 2 2 2 315 323 349 317
2476 4 2 2 2 211 349 290 353
2477 4 2 2 2 315 346 353 321
2478 4 2 2 2 346 187 211 353
2479 4 2 2 2 187 346 211 206
2480 4 2 2 2 346 211 290 353
2481 4 2 2 2 187 346 321 353
2482 4 2 2 2 317 349 351 323
2483 4 2 2 2 186 338 349 351
2484 4 2 2 2 291 178 290 356
2485 4 2 2 2 317 351 338 342
2486 4 2 2 2 186 338 351 342
2487 4 2 2 2 178 291 179 356
2488 4 2 2 2 323 315 376 317
2489 4 2 2 2 315 323 376 321
2490 4 2 2 2 313 320 380 314
2491 4 2 2 2 320 313 380 319
2492 4 2 2 2 339 385 318 316
2493 4 2 2 2 336 385 339 316
2494 4 2 2 2 385 327 328 311
2495 4 2 2 2 385 328 312 311
2496 4 2 2 2 385 341 339 318
2497 4 2 2 2 350 255 324 323
2498 4 2 2 2 351 255 350 323
2499 4 2 2 2 349 255 351 323
2500 4 2 2 2 255 186 351 350
2501 4 2 2 2 321 255 349 323
2502 4 2 2 2 255 186 349 351
2503 4 2 2 2 386 329 308 309
2504 4 2 2 2 333 386 329 308
2505 4 2 2 2 330 386 333 308
2506 4 2 2 2 310 386 330 308
2507 4 2 2 2 386 334 329 309
2508 4 2 2 2 300 386 329 333
2509 4 2 2 2 386 301 329 334
2510 4 2 2 2 330 386 300 333
2511 4 2 2 2 257 205 326 188
2512 4 2 2 2 345 257 320 322
2513 4 2 2 2 347 257 345 322
2514 4 2 2 2 355 257 205 326
2515 4 2 2 2 257 352 345 320
2516 4 2 2 2 257 354 326 355
2517 4 2 2 2 257 354 355 180
2518 4 2 2 2 257 325 326 354
2519 4 2 2 2 387 338 317 315
2520 4 2 2 2 338 387 344 315
2521 4 2 2 2 332 387 310 335
2522 4 2 2 2 337 387 315 344
2523 4 2 2 2 387 330 310 335
2524 4 2 2 2 308 387 330 310
2525 4 2 2 2 313 387 315 337
2526 4 2 2 2 311 390 328 312
2527 4 2 2 2 390 331 328 312
2528 4 2 2 2 260 206 354 325
2529 4 2 2 2 354 260 325 326
2530 4 2 2 2 260 188 326 205
2531 4 2 2 2 354 260 326 355
2532 4 2 2 2 205 260 355 326
2533 4 2 2 2 317 391 341 318
2534 4 2 2 2 341 391 339 318
2535 4 2 2 2 323 391 324 350
2536 4 2 2 2 391 342 317 341
2537 4 2 2 2 391 350 347 324
2538 4 2 2 2 351 317 323 391
2539 4 2 2 2 351 391 323 350
2540 4 2 2 2 317 351 342 391
2541 4 2 2 2 186 391 351 350
2542 4 2 2 2 186 342 351 391
2543 4 2 2 2 329 392 309 334
2544 4 2 2 2 327 392 334 309
2545 4 2 2 2 392 327 311 309
2546 4 2 2 2 392 327 385 311
2547 4 2 2 2 308 392 309 329
2548 4 2 2 2 343 329 334 392
2549 4 2 2 2 329 313 308 392
2550 4 2 2 2 340 392 343 314
2551 4 2 2 2 329 343 340 392
2552 4 2 2 2 392 313 314 340
2553 4 2 2 2 313 329 340 392
2554 4 2 2 2 266 347 324 322
2555 4 2 2 2 347 266 257 322
2556 4 2 2 2 394 328 331 312
2557 4 2 2 2 328 385 312 394
2558 4 2 2 2 341 394 317 318
2559 4 2 2 2 341 394 318 385
2560 4 2 2 2 394 342 341 317
2561 4 2 2 2 309 395 327 311
2562 4 2 2 2 327 395 328 311
2563 4 2 2 2 390 311 328 395
2564 4 2 2 2 397 345 320 322
2565 4 2 2 2 347 397 322 345
2566 4 2 2 2 336 397 314 316
2567 4 2 2 2 397 380 320 314
2568 4 2 2 2 339 397 336 316
2569 4 2 2 2 352 397 345 320
2570 4 2 2 2 343 320 314 397
2571 4 2 2 2 397 343 336 314
2572 4 2 2 2 348 397 292 352
2573 4 2 2 2 335 398 310 332
2574 4 2 2 2 398 330 335 310
2575 4 2 2 2 398 330 299 335
2576 4 2 2 2 260 188 273 326
2577 4 2 2 2 308 392 403 309
2578 4 2 2 2 313 403 308 392
2579 4 2 2 2 317 405 323 391
2580 4 2 2 2 317 405 391 404
2581 4 2 2 2 394 338 298 342
2582 4 2 2 2 386 327 301 334
2583 4 2 2 2 301 395 327 386
2584 4 2 2 2 327 386 309 334
2585 4 2 2 2 386 327 309 395
2586 4 2 2 2 331 395 328 303
2587 4 2 2 2 331 390 328 395
2588 4 2 2 2 395 398 331 390
2589 4 2 2 2 350 266 185 347
2590 4 2 2 2 266 350 185 255
2591 4 2 2 2 350 266 347 324
2592 4 2 2 2 350 266 324 255
2593 4 2 2 2 380 392 313 314
2594 4 2 2 2 392 380 313 379
2595 4 2 2 2 313 368 383 387
2596 4 2 2 2 387 383 313 315
2597 4 2 2 2 290 337 294 346
2598 4 2 2 2 337 290 294 293
2599 4 2 2 2 353 337 290 346
2600 4 2 2 2 211 346 356 206
2601 4 2 2 2 211 346 290 356
2602 4 2 2 2 211 356 178 206
2603 4 2 2 2 290 211 356 178
2604 4 2 2 2 348 295 291 292
2605 4 2 2 2 295 348 291 340
2606 4 2 2 2 295 348 397 292
2607 4 2 2 2 366 377 367 396
2608 4 2 2 2 366 377 372 367
2609 4 2 2 2 289 321 187 393
2610 4 2 2 2 321 289 187 255
2611 4 2 2 2 327 295 302 301
2612 4 2 2 2 375 357 411 365
2613 4 2 2 2 357 375 384 365
2614 4 2 2 2 392 380 374 314
2615 4 2 2 2 374 392 314 408
2616 4 2 2 2 186 341 297 298
2617 4 2 2 2 341 186 297 391
2618 4 2 2 2 341 186 342 298
2619 4 2 2 2 186 341 342 391
2620 4 2 2 2 327 295 296 302
2621 4 2 2 2 179 292 348 291
2622 4 2 2 2 340 300 333 294
2623 4 2 2 2 294 333 340 337
2624 4 2 2 2 380 367 392 374
2625 4 2 2 2 367 380 392 379
2626 4 2 2 2 292 354 180 179
2627 4 2 2 2 354 292 180 257
2628 4 2 2 2 292 354 179 348
2629 4 2 2 2 293 330 299 300
2630 4 2 2 2 403 367 392 379
2631 4 2 2 2 367 403 392 396
2632 4 2 2 2 240 363 380 374
2633 4 2 2 2 363 240 380 370
2634 4 2 2 2 382 411 360 368
2635 4 2 2 2 363 383 370 380
2636 4 2 2 2 371 363 383 370
2637 4 2 2 2 236 235 363 240
2638 4 2 2 2 240 363 236 370
2639 4 2 2 2 236 371 254 370
2640 4 2 2 2 254 236 370 253
2641 4 2 2 2 411 382 365 368
2642 4 2 2 2 382 411 365 375
2643 4 2 2 2 385 402 394 364
2644 4 2 2 2 402 385 394 389
2645 4 2 2 2 363 368 383 379
2646 4 2 2 2 383 363 379 380
2647 4 2 2 2 280 376 239 241
2648 4 2 2 2 376 280 239 373
2649 4 2 2 2 240 409 235 374
2650 4 2 2 2 240 409 374 399
2651 4 2 2 2 406 384 373 232
2652 4 2 2 2 384 406 373 364
2653 4 2 2 2 365 411 383 376
2654 4 2 2 2 411 365 383 368
2655 4 2 2 2 407 254 253 265
2656 4 2 2 2 407 265 253 260
2657 4 2 2 2 411 252 237 254
2658 4 2 2 2 411 254 237 371
2659 4 2 2 2 411 252 254 241
2660 4 2 2 2 254 411 241 371
2661 4 2 2 2 400 384 365 364
2662 4 2 2 2 400 384 375 365
2663 4 2 2 2 241 411 383 371
2664 4 2 2 2 411 241 383 376
2665 4 2 2 2 293 332 304 299
2666 4 2 2 2 332 293 304 298
2667 4 2 2 2 332 298 304 394
2668 4 2 2 2 338 332 387 394
2669 4 2 2 2 332 293 298 338
2670 4 2 2 2 298 332 338 394
2671 4 2 2 2 328 297 385 394
2672 4 2 2 2 297 328 302 303
2673 4 2 2 2 297 328 303 394
2674 4 2 2 2 313 320 348 319
2675 4 2 2 2 320 313 348 340
2676 4 2 2 2 313 348 346 319
2677 4 2 2 2 348 313 346 340
2678 4 2 2 2 327 343 385 295
2679 4 2 2 2 343 385 295 336
2680 4 2 2 2 295 327 296 385
2681 4 2 2 2 295 385 296 336
2682 4 2 2 2 343 329 301 334
2683 4 2 2 2 340 301 343 329
2684 4 2 2 2 338 290 344 293
2685 4 2 2 2 290 338 344 353
2686 4 2 2 2 290 337 344 293
2687 4 2 2 2 337 353 290 344
2688 4 2 2 2 383 315 319 313
2689 4 2 2 2 315 383 319 321
2690 4 2 2 2 319 315 346 313
2691 4 2 2 2 315 319 346 321
2692 4 2 2 2 319 354 206 325
2693 4 2 2 2 343 327 392 334
2694 4 2 2 2 327 343 392 385
2695 4 2 2 2 349 187 321 353
2696 4 2 2 2 187 349 321 255
2697 4 2 2 2 187 349 211 353
2698 4 2 2 2 349 187 211 255
2699 4 2 2 2 354 320 319 348
2700 4 2 2 2 352 354 292 348
2701 4 2 2 2 354 352 292 257
2702 4 2 2 2 320 354 352 348
2703 4 2 2 2 354 320 352 257
2704 4 2 2 2 338 394 317 342
2705 4 2 2 2 338 394 387 317
2706 4 2 2 2 330 313 308 333
2707 4 2 2 2 313 330 308 387
2708 4 2 2 2 330 313 333 337
2709 4 2 2 2 330 313 337 387
2710 4 2 2 2 332 293 335 299
2711 4 2 2 2 293 330 335 299
2712 4 2 2 2 314 385 343 336
2713 4 2 2 2 385 314 343 392
2714 4 2 2 2 385 314 316 336
2715 4 2 2 2 187 319 321 346
2716 4 2 2 2 319 187 321 393
2717 4 2 2 2 319 187 206 346
2718 4 2 2 2 319 187 325 206
2719 4 2 2 2 187 319 325 393
2720 4 2 2 2 322 391 347 324
2721 4 2 2 2 391 322 347 397
2722 4 2 2 2 391 322 412 324
2723 4 2 2 2 391 322 397 412
2724 4 2 2 2 391 316 339 318
2725 4 2 2 2 316 391 339 397
2726 4 2 2 2 316 391 388 318
2727 4 2 2 2 388 397 391 316
2728 4 2 2 2 397 348 320 352
2729 4 2 2 2 325 320 410 319
2730 4 2 2 2 320 325 410 257
2731 4 2 2 2 320 325 354 319
2732 4 2 2 2 325 320 354 257
2733 4 2 2 2 407 257 325 326
2734 4 2 2 2 325 410 257 407
2735 4 2 2 2 297 328 296 302
2736 4 2 2 2 328 297 296 385
2737 4 2 2 2 296 328 327 302
2738 4 2 2 2 328 296 327 385
2739 4 2 2 2 290 255 186 349
2740 4 2 2 2 178 186 290 255
2741 4 2 2 2 349 211 290 255
2742 4 2 2 2 211 290 255 178
2743 4 2 2 2 319 206 348 346
2744 4 2 2 2 291 206 179 356
2745 4 2 2 2 291 206 356 346
2746 4 2 2 2 206 348 291 179
2747 4 2 2 2 348 206 291 346
2748 4 2 2 2 293 332 335 338
2749 4 2 2 2 335 338 332 387
2750 4 2 2 2 330 293 344 337
2751 4 2 2 2 344 330 337 387
2752 4 2 2 2 330 293 335 344
2753 4 2 2 2 330 344 335 387
2754 4 2 2 2 338 335 293 344
2755 4 2 2 2 338 335 344 387
2756 4 2 2 2 377 389 395 396
2757 4 2 2 2 366 377 389 372
2758 4 2 2 2 377 366 389 396
2759 4 2 2 2 293 333 300 294
2760 4 2 2 2 293 333 330 300
2761 4 2 2 2 333 293 337 294
2762 4 2 2 2 293 333 337 330
2763 4 2 2 2 303 398 304 331
2764 4 2 2 2 395 398 303 331
2765 4 2 2 2 295 320 340 343
2766 4 2 2 2 320 295 340 348
2767 4 2 2 2 320 295 397 343
2768 4 2 2 2 320 295 348 397
2769 4 2 2 2 354 319 206 348
2770 4 2 2 2 348 206 354 179
2771 4 2 2 2 385 314 408 316
2772 4 2 2 2 314 385 408 392
2773 4 2 2 2 206 265 187 325
2774 4 2 2 2 206 265 325 260
2775 4 2 2 2 485 362 235 361
2776 4 2 2 2 471 532 654 700
2777 4 2 2 2 472 484 482 483
2778 4 2 2 2 512 472 483 484
2779 4 2 2 2 473 475 481 548
2780 4 2 2 2 387 382 400 310
2781 4 2 2 2 469 90 732 731
2782 4 2 2 2 535 534 740 739
2783 4 2 2 2 382 526 536 417
2784 4 2 2 2 483 481 502 543
2785 4 2 2 2 485 234 235 362
2786 4 2 2 2 469 359 90 731
2787 4 2 2 2 483 511 494 510
2788 4 2 2 2 85 359 98 742
2789 4 2 2 2 234 485 486 362
2790 4 2 2 2 516 653 624 614
2791 4 2 2 2 484 497 514 515
2792 4 2 2 2 357 488 490 493
2793 4 2 2 2 468 532 541 478
2794 4 2 2 2 516 654 700 614
2795 4 2 2 2 477 512 519 487
2796 4 2 2 2 234 486 360 362
2797 4 2 2 2 479 476 485 486
2798 4 2 2 2 466 531 556 555
2799 4 2 2 2 484 482 483 542
2800 4 2 2 2 153 534 90 732
2801 4 2 2 2 476 479 477 486
2802 4 2 2 2 364 551 507 400
2803 4 2 2 2 462 476 569 555
2804 4 2 2 2 479 512 487 484
2805 4 2 2 2 478 98 96 234
2806 4 2 2 2 544 464 473 659
2807 4 2 2 2 357 488 493 360
2808 4 2 2 2 495 497 496 514
2809 4 2 2 2 153 534 86 90
2810 4 2 2 2 441 553 554 610
2811 4 2 2 2 509 490 493 504
2812 4 2 2 2 476 462 745 744
2813 4 2 2 2 456 523 545 655
2814 4 2 2 2 541 532 624 654
2815 4 2 2 2 486 498 496 497
2816 4 2 2 2 464 545 473 655
2817 4 2 2 2 507 364 400 529
2818 4 2 2 2 81 725 716 163
2819 4 2 2 2 484 499 511 524
2820 4 2 2 2 516 612 653 614
2821 4 2 2 2 477 474 476 486
2822 4 2 2 2 495 484 497 514
2823 4 2 2 2 513 473 475 481
2824 4 2 2 2 476 359 98 234
2825 4 2 2 2 477 531 476 474
2826 4 2 2 2 462 476 742 743
2827 4 2 2 2 360 476 486 234
2828 4 2 2 2 83 725 728 163
2829 4 2 2 2 466 468 476 569
2830 4 2 2 2 478 234 96 235
2831 4 2 2 2 472 543 483 482
2832 4 2 2 2 360 498 493 509
2833 4 2 2 2 500 477 479 512
2834 4 2 2 2 468 465 541 624
2835 4 2 2 2 490 481 501 502
2836 4 2 2 2 486 484 487 497
2837 4 2 2 2 477 479 512 487
2838 4 2 2 2 479 472 512 484
2839 4 2 2 2 498 360 496 509
2840 4 2 2 2 479 476 478 485
2841 4 2 2 2 476 468 478 746
2842 4 2 2 2 476 485 486 234
2843 4 2 2 2 541 532 471 539
2844 4 2 2 2 468 476 478 479
2845 4 2 2 2 549 468 616 653
2846 4 2 2 2 473 467 656 687
2847 4 2 2 2 534 153 86 719
2848 4 2 2 2 478 476 746 745
2849 4 2 2 2 375 310 398 400
2850 4 2 2 2 402 491 533 507
2851 4 2 2 2 417 375 398 536
2852 4 2 2 2 477 474 486 488
2853 4 2 2 2 259 82 88 471
2854 4 2 2 2 234 478 485 235
2855 4 2 2 2 469 732 734 731
2856 4 2 2 2 457 552 556 557
2857 4 2 2 2 546 649 672 650
2858 4 2 2 2 497 484 511 515
2859 4 2 2 2 493 498 490 509
2860 4 2 2 2 419 387 400 310
2861 4 2 2 2 535 464 646 701
2862 4 2 2 2 468 527 657 726
2863 4 2 2 2 546 82 471 660
2864 4 2 2 2 444 612 616 617
2865 4 2 2 2 438 612 663 617
2866 4 2 2 2 490 481 489 501
2867 4 2 2 2 485 362 495 496
2868 4 2 2 2 490 501 504 517
2869 4 2 2 2 543 480 481 489
2870 4 2 2 2 400 310 398 419
2871 4 2 2 2 476 359 727 742
2872 4 2 2 2 543 550 489 525
2873 4 2 2 2 526 536 417 418
2874 4 2 2 2 464 86 473 659
2875 4 2 2 2 417 536 398 418
2876 4 2 2 2 469 534 733 732
2877 4 2 2 2 110 83 90 728
2878 4 2 2 2 465 452 472 545
2879 4 2 2 2 389 394 529 312
2880 4 2 2 2 544 546 259 471
2881 4 2 2 2 462 531 476 555
2882 4 2 2 2 479 482 484 542
2883 4 2 2 2 532 516 522 624
2884 4 2 2 2 500 466 477 704
2885 4 2 2 2 465 452 549 472
2886 4 2 2 2 513 473 481 523
2887 4 2 2 2 467 642 646 647
2888 4 2 2 2 532 541 478 539
2889 4 2 2 2 437 465 545 707
2890 4 2 2 2 82 471 532 88
2891 4 2 2 2 468 466 479 658
2892 4 2 2 2 549 541 465 472
2893 4 2 2 2 534 464 86 473
2894 4 2 2 2 541 549 479 472
2895 4 2 2 2 497 484 499 511
2896 4 2 2 2 473 467 475 548
2897 4 2 2 2 456 656 655 644
2898 4 2 2 2 475 357 488 490
2899 4 2 2 2 528 536 526 418
2900 4 2 2 2 479 486 484 487
2901 4 2 2 2 362 485 495 361
2902 4 2 2 2 529 389 312 390
2903 4 2 2 2 529 394 419 312
2904 4 2 2 2 467 475 631 632
2905 4 2 2 2 472 479 482 484
2906 4 2 2 2 482 503 525 494
2907 4 2 2 2 470 477 519 488
2908 4 2 2 2 469 488 475 357
2909 4 2 2 2 439 573 667 576
2910 4 2 2 2 536 528 530 418
2911 4 2 2 2 546 544 259 659
2912 4 2 2 2 473 467 548 740
2913 4 2 2 2 81 474 359 727
2914 4 2 2 2 514 484 515 542
2915 4 2 2 2 472 452 523 545
2916 4 2 2 2 437 559 560 651
2917 4 2 2 2 475 470 519 488
2918 4 2 2 2 519 500 702 669
2919 4 2 2 2 475 481 490 518
2920 4 2 2 2 486 360 362 496
2921 4 2 2 2 523 450 513 687
2922 4 2 2 2 487 498 497 499
2923 4 2 2 2 483 484 494 511
2924 4 2 2 2 449 565 658 603
2925 4 2 2 2 496 498 509 497
2926 4 2 2 2 447 578 701 645
2927 4 2 2 2 548 357 490 493
2928 4 2 2 2 436 559 661 562
2929 4 2 2 2 476 478 485 234
2930 4 2 2 2 471 465 660 700
2931 4 2 2 2 531 474 720 722
2932 4 2 2 2 450 452 500 703
2933 4 2 2 2 452 549 472 523
2934 4 2 2 2 469 474 359 725
2935 4 2 2 2 490 502 501 518
2936 4 2 2 2 534 464 473 739
2937 4 2 2 2 546 465 661 660
2938 4 2 2 2 477 519 488 487
2939 4 2 2 2 477 531 466 476
2940 4 2 2 2 485 486 362 496
2941 4 2 2 2 465 468 541 549
2942 4 2 2 2 550 472 541 482
2943 4 2 2 2 523 456 450 655
2944 4 2 2 2 544 465 471 472
2945 4 2 2 2 546 544 465 471
2946 4 2 2 2 461 570 697 572
2947 4 2 2 2 485 235 401 361
2948 4 2 2 2 85 727 742 741
2949 4 2 2 2 465 437 661 677
2950 4 2 2 2 259 82 86 88
2951 4 2 2 2 357 474 360 411
2952 4 2 2 2 357 474 488 360
2953 4 2 2 2 446 573 577 578
2954 4 2 2 2 449 451 500 703
2955 4 2 2 2 479 549 468 658
2956 4 2 2 2 477 470 519 702
2957 4 2 2 2 531 462 476 722
2958 4 2 2 2 548 384 493 537
2959 4 2 2 2 437 424 664 707
2960 4 2 2 2 485 492 542 495
2961 4 2 2 2 478 84 96 98
2962 4 2 2 2 480 543 550 489
2963 4 2 2 2 535 662 691 738
2964 4 2 2 2 492 485 401 495
2965 4 2 2 2 472 550 544 482
2966 4 2 2 2 492 541 358 401
2967 4 2 2 2 453 465 549 663
2968 4 2 2 2 473 464 647 739
2969 4 2 2 2 400 382 375 310
2970 4 2 2 2 489 550 480 525
2971 4 2 2 2 382 536 375 417
2972 4 2 2 2 463 535 719 733
2973 4 2 2 2 488 469 474 357
2974 4 2 2 2 382 398 375 310
2975 4 2 2 2 398 382 375 417
2976 4 2 2 2 467 534 548 740
2977 4 2 2 2 465 453 452 664
2978 4 2 2 2 466 602 565 566
2979 4 2 2 2 483 502 510 543
2980 4 2 2 2 465 437 545 651
2981 4 2 2 2 494 484 542 511
2982 4 2 2 2 483 542 482 494
2983 4 2 2 2 511 542 494 515
2984 4 2 2 2 472 471 544 550
2985 4 2 2 2 437 424 438 664
2986 4 2 2 2 531 476 474 722
2987 4 2 2 2 544 464 545 473
2988 4 2 2 2 359 469 90 411
2989 4 2 2 2 453 424 664 688
2990 4 2 2 2 441 570 552 553
2991 4 2 2 2 551 400 375 507
2992 4 2 2 2 364 387 400 394
2993 4 2 2 2 512 472 523 483
2994 4 2 2 2 469 733 736 734
2995 4 2 2 2 481 513 502 518
2996 4 2 2 2 503 482 542 494
2997 4 2 2 2 473 86 480 259
2998 4 2 2 2 497 484 487 499
2999 4 2 2 2 456 545 665 644
3000 4 2 2 2 464 86 659 650
3001 4 2 2 2 549 468 604 680
3002 4 2 2 2 539 485 235 401
3003 4 2 2 2 358 482 492 550
3004 4 2 2 2 501 490 504 537
3005 4 2 2 2 495 484 514 542
3006 4 2 2 2 453 465 452 549
3007 4 2 2 2 479 477 486 487
3008 4 2 2 2 541 549 468 479
3009 4 2 2 2 443 602 671 566
3010 4 2 2 2 394 402 389 529
3011 4 2 2 2 526 505 536 528
3012 4 2 2 2 538 551 506 505
3013 4 2 2 2 470 475 519 633
3014 4 2 2 2 550 491 525 381
3015 4 2 2 2 456 431 590 643
3016 4 2 2 2 468 616 623 627
3017 4 2 2 2 454 596 601 635
3018 4 2 2 2 440 623 609 625
3019 4 2 2 2 523 512 483 520
3020 4 2 2 2 516 666 616 613
3021 4 2 2 2 475 547 474 469
3022 4 2 2 2 443 553 564 566
3023 4 2 2 2 439 667 665 576
3024 4 2 2 2 535 463 737 736
3025 4 2 2 2 492 541 482 358
3026 4 2 2 2 489 490 501 537
3027 4 2 2 2 503 482 525 542
3028 4 2 2 2 439 437 649 689
3029 4 2 2 2 461 556 690 571
3030 4 2 2 2 525 480 489 491
3031 4 2 2 2 474 476 486 360
3032 4 2 2 2 451 434 668 705
3033 4 2 2 2 466 470 477 704
3034 4 2 2 2 259 546 82 471
3035 4 2 2 2 508 536 526 506
3036 4 2 2 2 474 476 360 234
3037 4 2 2 2 486 479 484 485
3038 4 2 2 2 531 477 470 474
3039 4 2 2 2 443 426 570 697
3040 4 2 2 2 541 492 485 401
3041 4 2 2 2 86 473 480 534
3042 4 2 2 2 467 547 596 631
3043 4 2 2 2 500 477 512 519
3044 4 2 2 2 534 467 548 469
3045 4 2 2 2 465 541 471 472
3046 4 2 2 2 516 540 661 660
3047 4 2 2 2 472 471 550 541
3048 4 2 2 2 484 483 494 542
3049 4 2 2 2 454 630 634 635
3050 4 2 2 2 475 488 518 490
3051 4 2 2 2 463 662 737 735
3052 4 2 2 2 477 488 486 487
3053 4 2 2 2 442 627 680 629
3054 4 2 2 2 490 481 502 518
3055 4 2 2 2 447 422 573 667
3056 4 2 2 2 464 534 86 535
3057 4 2 2 2 442 623 568 608
3058 4 2 2 2 548 357 493 384
3059 4 2 2 2 525 381 491 533
3060 4 2 2 2 382 506 375 536
3061 4 2 2 2 451 470 705 704
3062 4 2 2 2 516 540 660 713
3063 4 2 2 2 450 456 642 656
3064 4 2 2 2 474 234 360 359
3065 4 2 2 2 454 596 600 601
3066 4 2 2 2 522 540 516 713
3067 4 2 2 2 548 493 490 537
3068 4 2 2 2 448 596 636 599
3069 4 2 2 2 549 523 500 472
3070 4 2 2 2 481 501 502 543
3071 4 2 2 2 543 472 544 482
3072 4 2 2 2 459 470 531 673
3073 4 2 2 2 381 525 492 533
3074 4 2 2 2 493 488 490 498
3075 4 2 2 2 434 459 461 668
3076 4 2 2 2 547 470 474 720
3077 4 2 2 2 477 470 474 488
3078 4 2 2 2 451 470 669 692
3079 4 2 2 2 482 479 541 542
3080 4 2 2 2 469 474 357 411
3081 4 2 2 2 387 419 400 394
3082 4 2 2 2 543 510 483 494
3083 4 2 2 2 447 445 646 701
3084 4 2 2 2 537 480 384 491
3085 4 2 2 2 500 519 513 669
3086 4 2 2 2 460 618 598 621
3087 4 2 2 2 481 475 490 548
3088 4 2 2 2 479 472 482 541
3089 4 2 2 2 492 381 533 402
3090 4 2 2 2 467 548 469 475
3091 4 2 2 2 440 666 584 626
3092 4 2 2 2 457 570 589 571
3093 4 2 2 2 466 455 668 704
3094 4 2 2 2 359 85 98 110
3095 4 2 2 2 438 663 688 617
3096 4 2 2 2 505 537 538 551
3097 4 2 2 2 390 402 529 389
3098 4 2 2 2 436 438 613 677
3099 4 2 2 2 454 451 630 635
3100 4 2 2 2 544 465 545 672
3101 4 2 2 2 491 507 505 533
3102 4 2 2 2 384 537 491 551
3103 4 2 2 2 445 447 590 641
3104 4 2 2 2 546 86 259 82
3105 4 2 2 2 458 670 622 714
3106 4 2 2 2 443 671 697 566
3107 4 2 2 2 431 456 590 594
3108 4 2 2 2 480 537 489 491
3109 4 2 2 2 508 536 382 526
3110 4 2 2 2 435 573 706 575
3111 4 2 2 2 464 544 545 672
3112 4 2 2 2 545 472 465 544
3113 4 2 2 2 507 375 398 400
3114 4 2 2 2 456 523 452 545
3115 4 2 2 2 437 558 559 563
3116 4 2 2 2 474 486 488 360
3117 4 2 2 2 375 507 398 536
3118 4 2 2 2 359 81 110 728
3119 4 2 2 2 470 475 474 488
3120 4 2 2 2 547 618 597 622
3121 4 2 2 2 469 721 725 734
3122 4 2 2 2 466 500 684 704
3123 4 2 2 2 501 481 489 543
3124 4 2 2 2 536 507 398 530
3125 4 2 2 2 470 459 531 670
3126 4 2 2 2 485 484 495 542
3127 4 2 2 2 473 259 480 544
3128 4 2 2 2 505 506 526 536
3129 4 2 2 2 516 436 666 613
3130 4 2 2 2 471 532 88 539
3131 4 2 2 2 481 544 480 543
3132 4 2 2 2 450 500 523 513
3133 4 2 2 2 507 400 398 529
3134 4 2 2 2 534 467 469 738
3135 4 2 2 2 486 488 360 496
3136 4 2 2 2 543 482 525 494
3137 4 2 2 2 464 574 649 576
3138 4 2 2 2 485 401 495 361
3139 4 2 2 2 459 433 679 705
3140 4 2 2 2 462 84 744 743
3141 4 2 2 2 486 488 496 498
3142 4 2 2 2 402 394 364 529
3143 4 2 2 2 88 259 471 358
3144 4 2 2 2 505 536 528 530
3145 4 2 2 2 501 490 518 517
3146 4 2 2 2 461 673 690 572
3147 4 2 2 2 381 491 533 402
3148 4 2 2 2 488 493 360 498
3149 4 2 2 2 454 600 681 601
3150 4 2 2 2 453 444 674 688
3151 4 2 2 2 455 415 675 693
3152 4 2 2 2 447 676 667 643
3153 4 2 2 2 425 452 707 678
3154 4 2 2 2 421 579 694 580
3155 4 2 2 2 420 579 666 584
3156 4 2 2 2 476 474 359 234
3157 4 2 2 2 411 469 90 357
3158 4 2 2 2 474 475 469 488
3159 4 2 2 2 436 438 677 563
3160 4 2 2 2 394 400 529 419
3161 4 2 2 2 525 542 482 492
3162 4 2 2 2 475 513 481 518
3163 4 2 2 2 480 381 384 491
3164 4 2 2 2 444 623 627 628
3165 4 2 2 2 461 434 668 693
3166 4 2 2 2 448 591 600 640
3167 4 2 2 2 472 500 512 523
3168 4 2 2 2 550 543 482 525
3169 4 2 2 2 483 482 543 494
3170 4 2 2 2 456 545 678 665
3171 4 2 2 2 550 491 480 525
3172 4 2 2 2 357 475 548 490
3173 4 2 2 2 81 474 721 725
3174 4 2 2 2 449 549 604 696
3175 4 2 2 2 381 384 491 402
3176 4 2 2 2 484 515 542 511
3177 4 2 2 2 512 487 484 499
3178 4 2 2 2 496 488 360 498
3179 4 2 2 2 477 531 470 466
3180 4 2 2 2 398 536 530 418
3181 4 2 2 2 531 459 708 714
3182 4 2 2 2 490 493 504 537
3183 4 2 2 2 459 433 460 679
3184 4 2 2 2 493 360 508 382
3185 4 2 2 2 384 548 480 537
3186 4 2 2 2 442 607 568 611
3187 4 2 2 2 549 452 500 523
3188 4 2 2 2 398 400 419 529
3189 4 2 2 2 527 564 568 610
3190 4 2 2 2 462 84 743 741
3191 4 2 2 2 454 433 679 601
3192 4 2 2 2 433 451 454 679
3193 4 2 2 2 474 469 359 411
3194 4 2 2 2 425 437 439 678
3195 4 2 2 2 541 550 482 358
3196 4 2 2 2 507 505 533 530
3197 4 2 2 2 467 547 469 737
3198 4 2 2 2 401 381 492 402
3199 4 2 2 2 493 384 375 551
3200 4 2 2 2 440 579 583 584
3201 4 2 2 2 457 552 588 589
3202 4 2 2 2 544 471 259 550
3203 4 2 2 2 467 630 592 632
3204 4 2 2 2 549 429 444 680
3205 4 2 2 2 533 390 507 530
3206 4 2 2 2 537 506 538 551
3207 4 2 2 2 450 500 513 699
3208 4 2 2 2 534 90 357 280
3209 4 2 2 2 452 450 500 523
3210 4 2 2 2 435 577 709 706
3211 4 2 2 2 449 479 549 500
3212 4 2 2 2 460 670 597 620
3213 4 2 2 2 434 433 459 705
3214 4 2 2 2 425 424 437 707
3215 4 2 2 2 429 604 710 695
3216 4 2 2 2 456 545 452 678
3217 4 2 2 2 471 88 358 539
3218 4 2 2 2 235 478 485 539
3219 4 2 2 2 491 550 480 381
3220 4 2 2 2 413 424 674 683
3221 4 2 2 2 416 433 681 682
3222 4 2 2 2 461 434 693 712
3223 4 2 2 2 439 414 425 665
3224 4 2 2 2 390 402 507 529
3225 4 2 2 2 550 541 471 358
3226 4 2 2 2 542 479 485 484
3227 4 2 2 2 364 400 529 394
3228 4 2 2 2 512 499 484 524
3229 4 2 2 2 534 473 480 548
3230 4 2 2 2 453 444 429 674
3231 4 2 2 2 443 428 675 671
3232 4 2 2 2 530 551 507 505
3233 4 2 2 2 416 430 682 711
3234 4 2 2 2 448 600 711 640
3235 4 2 2 2 447 431 676 643
3236 4 2 2 2 415 426 675 712
3237 4 2 2 2 414 439 422 676
3238 4 2 2 2 413 444 420 683
3239 4 2 2 2 551 530 536 505
3240 4 2 2 2 470 460 459 670
3241 4 2 2 2 364 507 402 529
3242 4 2 2 2 449 500 684 603
3243 4 2 2 2 401 541 358 539
3244 4 2 2 2 432 591 639 640
3245 4 2 2 2 475 547 470 474
3246 4 2 2 2 450 454 591 593
3247 4 2 2 2 544 480 543 550
3248 4 2 2 2 537 384 493 551
3249 4 2 2 2 551 530 507 536
3250 4 2 2 2 506 382 508 536
3251 4 2 2 2 446 447 701 715
3252 4 2 2 2 473 523 544 481
3253 4 2 2 2 502 483 510 520
3254 4 2 2 2 488 518 490 498
3255 4 2 2 2 547 475 467 469
3256 4 2 2 2 451 454 630 699
3257 4 2 2 2 480 481 489 548
3258 4 2 2 2 534 280 384 232
3259 4 2 2 2 507 491 505 551
3260 4 2 2 2 472 545 523 544
3261 4 2 2 2 523 545 473 544
3262 4 2 2 2 473 480 481 544
3263 4 2 2 2 481 490 489 548
3264 4 2 2 2 110 81 85 163
3265 4 2 2 2 444 453 429 549
3266 4 2 2 2 487 519 498 499
3267 4 2 2 2 359 90 110 237
3268 4 2 2 2 456 523 450 452
3269 4 2 2 2 507 398 530 390
3270 4 2 2 2 259 232 480 381
3271 4 2 2 2 541 468 478 479
3272 4 2 2 2 480 86 232 259
3273 4 2 2 2 232 480 381 384
3274 4 2 2 2 539 485 401 541
3275 4 2 2 2 507 398 390 529
3276 4 2 2 2 525 550 381 492
3277 4 2 2 2 537 505 491 551
3278 4 2 2 2 489 548 490 537
3279 4 2 2 2 475 469 357 548
3280 4 2 2 2 479 541 542 485
3281 4 2 2 2 492 358 381 401
3282 4 2 2 2 482 544 543 550
3283 4 2 2 2 479 478 541 485
3284 4 2 2 2 375 551 507 536
3285 4 2 2 2 523 512 520 521
3286 4 2 2 2 359 98 234 237
3287 4 2 2 2 534 280 357 384
3288 4 2 2 2 481 513 523 502
3289 4 2 2 2 451 449 500 684
3290 4 2 2 2 448 685 636 637
3291 4 2 2 2 480 473 481 548
3292 4 2 2 2 548 489 480 537
3293 4 2 2 2 483 512 484 520
3294 4 2 2 2 280 86 232 534
3295 4 2 2 2 492 482 525 550
3296 4 2 2 2 452 449 549 500
3297 4 2 2 2 550 471 259 358
3298 4 2 2 2 359 90 237 411
3299 4 2 2 2 551 506 505 536
3300 4 2 2 2 357 90 411 280
3301 4 2 2 2 357 360 493 411
3302 4 2 2 2 551 375 506 536
3303 4 2 2 2 86 480 232 534
3304 4 2 2 2 519 475 488 518
3305 4 2 2 2 358 550 492 381
3306 4 2 2 2 548 357 384 534
3307 4 2 2 2 461 459 686 690
3308 4 2 2 2 548 469 357 534
3309 4 2 2 2 259 358 381 550
3310 4 2 2 2 449 453 549 696
3311 4 2 2 2 375 493 551 506
3312 4 2 2 2 384 534 232 480
3313 4 2 2 2 480 259 381 550
3314 4 2 2 2 359 81 85 110
3315 4 2 2 2 519 487 512 499
3316 4 2 2 2 475 547 467 631
3317 4 2 2 2 384 548 534 480
3318 4 2 2 2 359 98 237 110
3319 4 2 2 2 478 541 485 539
3320 4 2 2 2 452 449 453 549
3321 4 2 2 2 513 502 518 521
3322 4 2 2 2 490 498 518 517
3323 4 2 2 2 360 359 237 411
3324 4 2 2 2 534 90 469 357
3325 4 2 2 2 411 474 360 359
3326 4 2 2 2 471 541 539 358
3327 4 2 2 2 544 259 480 550
3328 4 2 2 2 537 506 551 493
3329 4 2 2 2 512 484 520 524
3330 4 2 2 2 475 513 518 519
3331 4 2 2 2 488 519 518 498
3332 4 2 2 2 488 487 519 498
3333 4 2 2 2 523 513 512 521
3334 4 2 2 2 512 513 519 521
3335 4 2 2 2 512 519 499 521
3336 4 2 2 2 499 512 521 524
3337 4 2 2 2 519 500 513 512
3338 4 2 2 2 500 523 513 512
3339 4 2 2 2 513 518 519 521
3340 4 2 2 2 512 524 520 521
3341 4 2 2 2 332 387 419 310
3342 4 2 2 2 394 331 419 312
3343 4 2 2 2 332 394 331 419
3344 4 2 2 2 387 332 419 394
3345 4 2 2 2 331 398 332 419
3346 4 2 2 2 398 310 332 419
3347 4 2 2 2 90 86 150 534
3348 4 2 2 2 534 150 90 280
3349 4 2 2 2 479 466 476 477
3350 4 2 2 2 466 468 479 476
3351 4 2 2 2 478 468 729 747
3352 4 2 2 2 468 532 729 726
3353 4 2 2 2 411 493 357 375
3354 4 2 2 2 357 375 493 384
3355 4 2 2 2 466 564 565 569
3356 4 2 2 2 442 565 568 629
3357 4 2 2 2 485 497 486 496
3358 4 2 2 2 485 497 496 495
3359 4 2 2 2 484 486 485 497
3360 4 2 2 2 497 485 484 495
3361 4 2 2 2 516 532 713 700
3362 4 2 2 2 516 532 522 713
3363 4 2 2 2 476 478 98 744
3364 4 2 2 2 478 476 98 234
3365 4 2 2 2 442 602 604 606
3366 4 2 2 2 428 455 602 605
3367 4 2 2 2 544 523 472 481
3368 4 2 2 2 481 472 544 543
3369 4 2 2 2 472 481 523 483
3370 4 2 2 2 472 481 483 543
3371 4 2 2 2 411 493 382 360
3372 4 2 2 2 493 411 382 375
3373 4 2 2 2 502 523 481 483
3374 4 2 2 2 502 523 483 520
3375 4 2 2 2 500 466 479 477
3376 4 2 2 2 466 500 479 603
3377 4 2 2 2 435 574 560 652
3378 4 2 2 2 483 511 510 524
3379 4 2 2 2 483 524 510 520
3380 4 2 2 2 484 483 524 511
3381 4 2 2 2 520 484 483 524
3382 4 2 2 2 493 382 506 375
3383 4 2 2 2 382 493 506 508
3384 4 2 2 2 150 86 280 534
3385 4 2 2 2 486 488 498 487
3386 4 2 2 2 498 486 487 497
3387 4 2 2 2 472 500 479 512
3388 4 2 2 2 549 500 479 472
3389 4 2 2 2 491 364 551 507
3390 4 2 2 2 491 364 384 551
3391 4 2 2 2 364 491 402 507
3392 4 2 2 2 402 384 491 364
3393 4 2 2 2 467 590 591 638
3394 4 2 2 2 432 590 593 595
3395 4 2 2 2 400 384 364 551
3396 4 2 2 2 384 400 375 551
3397 4 2 2 2 541 542 492 482
3398 4 2 2 2 542 541 492 485
3399 4 2 2 2 490 498 504 509
3400 4 2 2 2 498 490 504 517
3401 4 2 2 2 450 513 687 592
3402 4 2 2 2 467 473 475 632
3403 4 2 2 2 513 523 502 521
3404 4 2 2 2 521 523 502 520
3405 4 2 2 2 390 419 312 529
3406 4 2 2 2 390 419 529 398
3407 4 2 2 2 390 419 331 312
3408 4 2 2 2 419 390 331 398
3409 4 2 2 2 418 390 530 398
3410 4 2 2 2 398 382 417 310
3411 4 2 2 2 401 533 402 492
3412 4 2 2 2 402 533 390 507
3413 4 2 2 2 466 552 553 555
3414 4 2 2 2 553 462 552 554
3415 4 2 2 2 552 441 553 554
3416 4 2 2 2 462 553 552 555
3417 4 2 2 2 556 462 552 555
3418 4 2 2 2 552 466 556 555
3419 4 2 2 2 462 556 552 557
3420 4 2 2 2 540 558 559 561
3421 4 2 2 2 435 558 559 560
3422 4 2 2 2 558 437 559 560
3423 4 2 2 2 558 435 559 561
3424 4 2 2 2 436 558 559 562
3425 4 2 2 2 558 540 559 562
3426 4 2 2 2 558 436 559 563
3427 4 2 2 2 442 564 565 567
3428 4 2 2 2 443 564 565 566
3429 4 2 2 2 564 466 565 566
3430 4 2 2 2 564 443 565 567
3431 4 2 2 2 527 564 565 568
3432 4 2 2 2 564 442 565 568
3433 4 2 2 2 564 527 565 569
3434 4 2 2 2 466 570 556 572
3435 4 2 2 2 461 570 556 571
3436 4 2 2 2 570 457 556 571
3437 4 2 2 2 570 461 556 572
3438 4 2 2 2 466 570 552 556
3439 4 2 2 2 570 457 552 556
3440 4 2 2 2 570 466 552 553
3441 4 2 2 2 464 573 574 576
3442 4 2 2 2 439 573 574 575
3443 4 2 2 2 573 435 574 575
3444 4 2 2 2 573 439 574 576
3445 4 2 2 2 464 573 577 574
3446 4 2 2 2 573 435 577 574
3447 4 2 2 2 573 464 577 578
3448 4 2 2 2 421 579 580 582
3449 4 2 2 2 580 420 579 581
3450 4 2 2 2 579 436 580 581
3451 4 2 2 2 420 580 579 582
3452 4 2 2 2 583 420 579 582
3453 4 2 2 2 579 421 583 582
3454 4 2 2 2 420 583 579 584
3455 4 2 2 2 427 552 585 587
3456 4 2 2 2 585 426 552 586
3457 4 2 2 2 552 441 585 586
3458 4 2 2 2 426 585 552 587
3459 4 2 2 2 588 426 552 587
3460 4 2 2 2 552 427 588 587
3461 4 2 2 2 426 588 552 589
3462 4 2 2 2 432 590 591 593
3463 4 2 2 2 450 590 591 592
3464 4 2 2 2 590 467 591 592
3465 4 2 2 2 590 450 591 593
3466 4 2 2 2 431 590 593 594
3467 4 2 2 2 590 450 593 594
3468 4 2 2 2 590 431 593 595
3469 4 2 2 2 547 596 597 599
3470 4 2 2 2 448 596 597 598
3471 4 2 2 2 596 460 597 598
3472 4 2 2 2 596 448 597 599
3473 4 2 2 2 460 596 600 598
3474 4 2 2 2 596 448 600 598
3475 4 2 2 2 596 460 600 601
3476 4 2 2 2 442 602 565 604
3477 4 2 2 2 449 602 565 603
3478 4 2 2 2 602 466 565 603
3479 4 2 2 2 602 449 565 604
3480 4 2 2 2 428 602 604 605
3481 4 2 2 2 602 449 604 605
3482 4 2 2 2 602 428 604 606
3483 4 2 2 2 527 607 568 609
3484 4 2 2 2 440 607 568 608
3485 4 2 2 2 607 442 568 608
3486 4 2 2 2 607 440 568 609
3487 4 2 2 2 441 607 568 610
3488 4 2 2 2 607 527 568 610
3489 4 2 2 2 607 441 568 611
3490 4 2 2 2 438 612 613 615
3491 4 2 2 2 465 612 613 614
3492 4 2 2 2 612 516 613 614
3493 4 2 2 2 612 465 613 615
3494 4 2 2 2 438 612 616 613
3495 4 2 2 2 612 516 616 613
3496 4 2 2 2 612 438 616 617
3497 4 2 2 2 430 618 619 621
3498 4 2 2 2 460 618 619 620
3499 4 2 2 2 618 458 619 620
3500 4 2 2 2 618 460 619 621
3501 4 2 2 2 458 618 597 620
3502 4 2 2 2 618 460 597 620
3503 4 2 2 2 618 458 597 622
3504 4 2 2 2 440 616 623 625
3505 4 2 2 2 516 616 623 624
3506 4 2 2 2 616 468 623 624
3507 4 2 2 2 616 516 623 625
3508 4 2 2 2 444 616 623 626
3509 4 2 2 2 616 440 623 626
3510 4 2 2 2 616 444 623 627
3511 4 2 2 2 442 623 608 628
3512 4 2 2 2 444 623 608 626
3513 4 2 2 2 623 440 608 626
3514 4 2 2 2 623 444 608 628
3515 4 2 2 2 442 623 627 629
3516 4 2 2 2 623 468 627 629
3517 4 2 2 2 623 442 627 628
3518 4 2 2 2 470 630 631 633
3519 4 2 2 2 513 630 631 632
3520 4 2 2 2 630 467 631 632
3521 4 2 2 2 630 513 631 633
3522 4 2 2 2 470 630 634 631
3523 4 2 2 2 630 467 634 631
3524 4 2 2 2 630 470 634 635
3525 4 2 2 2 467 591 636 638
3526 4 2 2 2 445 591 636 637
3527 4 2 2 2 591 448 636 637
3528 4 2 2 2 591 445 636 638
3529 4 2 2 2 448 591 639 637
3530 4 2 2 2 591 445 639 637
3531 4 2 2 2 591 448 639 640
3532 4 2 2 2 445 590 639 641
3533 4 2 2 2 431 590 639 595
3534 4 2 2 2 590 432 639 595
3535 4 2 2 2 590 431 639 641
3536 4 2 2 2 445 590 591 639
3537 4 2 2 2 590 432 591 639
3538 4 2 2 2 590 445 591 638
3539 4 2 2 2 447 642 643 645
3540 4 2 2 2 643 464 642 644
3541 4 2 2 2 642 456 643 644
3542 4 2 2 2 464 643 642 645
3543 4 2 2 2 646 464 642 645
3544 4 2 2 2 642 447 646 645
3545 4 2 2 2 464 646 642 647
3546 4 2 2 2 457 570 552 589
3547 4 2 2 2 426 570 552 586
3548 4 2 2 2 570 441 552 586
3549 4 2 2 2 570 426 552 589
3550 4 2 2 2 461 570 589 648
3551 4 2 2 2 570 426 589 648
3552 4 2 2 2 570 461 589 571
3553 4 2 2 2 437 574 649 651
3554 4 2 2 2 649 546 574 650
3555 4 2 2 2 574 464 649 650
3556 4 2 2 2 546 649 574 651
3557 4 2 2 2 560 546 574 651
3558 4 2 2 2 574 437 560 651
3559 4 2 2 2 546 560 574 652
3560 4 2 2 2 465 468 549 653
3561 4 2 2 2 541 465 471 654
3562 4 2 2 2 462 531 556 557
3563 4 2 2 2 476 462 569 746
3564 4 2 2 2 466 553 569 555
3565 4 2 2 2 532 468 541 624
3566 4 2 2 2 464 545 655 644
3567 4 2 2 2 516 612 616 653
3568 4 2 2 2 527 468 569 746
3569 4 2 2 2 516 624 654 614
3570 4 2 2 2 468 549 616 627
3571 4 2 2 2 467 473 656 647
3572 4 2 2 2 546 649 651 672
3573 4 2 2 2 464 535 646 647
3574 4 2 2 2 468 657 624 726
3575 4 2 2 2 549 465 612 663
3576 4 2 2 2 531 466 476 555
3577 4 2 2 2 522 532 624 726
3578 4 2 2 2 466 479 658 603
3579 4 2 2 2 473 656 655 687
3580 4 2 2 2 513 475 631 633
3581 4 2 2 2 446 447 573 578
3582 4 2 2 2 546 544 659 650
3583 4 2 2 2 546 540 559 652
3584 4 2 2 2 449 565 604 658
3585 4 2 2 2 535 578 701 717
3586 4 2 2 2 546 559 661 651
3587 4 2 2 2 465 546 471 660
3588 4 2 2 2 436 516 661 677
3589 4 2 2 2 450 523 655 687
3590 4 2 2 2 441 443 570 553
3591 4 2 2 2 437 465 661 651
3592 4 2 2 2 479 449 549 658
3593 4 2 2 2 467 662 737 738
3594 4 2 2 2 453 465 663 688
3595 4 2 2 2 535 647 739 738
3596 4 2 2 2 442 602 606 567
3597 4 2 2 2 545 465 651 672
3598 4 2 2 2 438 437 664 615
3599 4 2 2 2 438 664 688 615
3600 4 2 2 2 439 665 689 576
3601 4 2 2 2 86 546 259 659
3602 4 2 2 2 468 549 604 658
3603 4 2 2 2 455 428 602 671
3604 4 2 2 2 475 513 519 633
3605 4 2 2 2 456 590 642 643
3606 4 2 2 2 460 470 596 597
3607 4 2 2 2 516 623 657 624
3608 4 2 2 2 438 420 666 617
3609 4 2 2 2 527 553 564 610
3610 4 2 2 2 456 667 643 644
3611 4 2 2 2 545 464 649 689
3612 4 2 2 2 531 466 556 690
3613 4 2 2 2 426 443 570 586
3614 4 2 2 2 467 596 634 631
3615 4 2 2 2 540 516 661 562
3616 4 2 2 2 445 662 685 638
3617 4 2 2 2 549 444 627 680
3618 4 2 2 2 422 446 447 573
3619 4 2 2 2 527 468 623 568
3620 4 2 2 2 540 82 546 660
3621 4 2 2 2 464 642 656 647
3622 4 2 2 2 448 596 600 636
3623 4 2 2 2 459 461 668 673
3624 4 2 2 2 470 519 669 633
3625 4 2 2 2 445 646 691 638
3626 4 2 2 2 513 500 669 692
3627 4 2 2 2 460 618 597 598
3628 4 2 2 2 444 666 616 626
3629 4 2 2 2 451 434 455 668
3630 4 2 2 2 444 453 549 663
3631 4 2 2 2 465 613 677 614
3632 4 2 2 2 513 630 692 633
3633 4 2 2 2 447 445 590 646
3634 4 2 2 2 531 470 670 720
3635 4 2 2 2 461 671 693 572
3636 4 2 2 2 467 590 642 592
3637 4 2 2 2 435 573 577 706
3638 4 2 2 2 464 544 672 650
3639 4 2 2 2 458 670 714 698
3640 4 2 2 2 420 438 666 581
3641 4 2 2 2 437 439 574 560
3642 4 2 2 2 531 459 673 690
3643 4 2 2 2 460 600 682 598
3644 4 2 2 2 438 674 683 617
3645 4 2 2 2 455 675 671 693
3646 4 2 2 2 456 414 676 665
3647 4 2 2 2 516 579 694 625
3648 4 2 2 2 516 436 579 666
3649 4 2 2 2 465 437 677 615
3650 4 2 2 2 455 466 668 693
3651 4 2 2 2 454 591 600 634
3652 4 2 2 2 439 425 678 665
3653 4 2 2 2 442 604 680 695
3654 4 2 2 2 441 443 564 611
3655 4 2 2 2 460 470 679 601
3656 4 2 2 2 470 451 679 635
3657 4 2 2 2 545 437 678 689
3658 4 2 2 2 467 630 634 592
3659 4 2 2 2 429 444 680 695
3660 4 2 2 2 422 446 577 730
3661 4 2 2 2 547 470 670 597
3662 4 2 2 2 429 604 696 710
3663 4 2 2 2 452 425 456 678
3664 4 2 2 2 438 424 674 688
3665 4 2 2 2 460 433 681 601
3666 4 2 2 2 414 456 425 665
3667 4 2 2 2 444 413 429 674
3668 4 2 2 2 455 415 428 675
3669 4 2 2 2 448 430 682 598
3670 4 2 2 2 416 432 600 681
3671 4 2 2 2 456 414 431 676
3672 4 2 2 2 461 675 697 648
3673 4 2 2 2 439 422 676 667
3674 4 2 2 2 444 420 683 617
3675 4 2 2 2 458 670 698 620
3676 4 2 2 2 466 455 684 603
3677 4 2 2 2 454 450 591 634
3678 4 2 2 2 450 513 630 699
3679 4 2 2 2 449 451 455 684
3680 4 2 2 2 467 547 685 636
3681 4 2 2 2 531 457 686 690
3682 4 2 2 2 547 475 470 631
3683 4 2 2 2 527 468 565 569
3684 4 2 2 2 449 455 602 603
3685 4 2 2 2 449 479 500 603
3686 4 2 2 2 513 473 687 632
3687 4 2 2 2 473 513 475 632
3688 4 2 2 2 531 457 556 557
3689 4 2 2 2 462 527 553 569
3690 4 2 2 2 545 456 655 644
3691 4 2 2 2 549 444 612 616
3692 4 2 2 2 465 541 624 654
3693 4 2 2 2 549 444 616 627
3694 4 2 2 2 473 464 656 647
3695 4 2 2 2 545 437 649 651
3696 4 2 2 2 535 646 647 738
3697 4 2 2 2 522 516 657 624
3698 4 2 2 2 465 612 663 615
3699 4 2 2 2 479 449 658 603
3700 4 2 2 2 450 456 656 655
3701 4 2 2 2 475 470 631 633
3702 4 2 2 2 447 573 578 645
3703 4 2 2 2 544 464 659 650
3704 4 2 2 2 540 559 652 561
3705 4 2 2 2 468 565 604 629
3706 4 2 2 2 437 559 661 563
3707 4 2 2 2 516 661 677 614
3708 4 2 2 2 523 473 655 687
3709 4 2 2 2 443 570 553 566
3710 4 2 2 2 465 546 661 651
3711 4 2 2 2 465 663 688 615
3712 4 2 2 2 443 428 602 606
3713 4 2 2 2 465 546 651 672
3714 4 2 2 2 437 465 664 615
3715 4 2 2 2 465 453 664 688
3716 4 2 2 2 464 545 665 689
3717 4 2 2 2 549 449 604 658
3718 4 2 2 2 428 443 602 671
3719 4 2 2 2 447 590 642 646
3720 4 2 2 2 470 547 596 597
3721 4 2 2 2 468 527 623 657
3722 4 2 2 2 420 444 666 617
3723 4 2 2 2 441 443 553 564
3724 4 2 2 2 643 464 667 645
3725 4 2 2 2 464 649 689 576
3726 4 2 2 2 466 556 690 572
3727 4 2 2 2 443 441 570 586
3728 4 2 2 2 470 596 634 635
3729 4 2 2 2 516 436 661 562
3730 4 2 2 2 467 547 662 685
3731 4 2 2 2 444 627 680 628
3732 4 2 2 2 468 623 568 629
3733 4 2 2 2 467 642 656 592
3734 4 2 2 2 467 596 600 634
3735 4 2 2 2 673 461 668 572
3736 4 2 2 2 519 513 669 633
3737 4 2 2 2 467 646 691 738
3738 4 2 2 2 448 618 597 599
3739 4 2 2 2 440 666 616 625
3740 4 2 2 2 516 436 613 677
3741 4 2 2 2 470 451 630 692
3742 4 2 2 2 445 590 646 638
3743 4 2 2 2 466 455 671 693
3744 4 2 2 2 450 456 590 642
3745 4 2 2 2 422 446 573 577
3746 4 2 2 2 544 546 672 650
3747 4 2 2 2 438 436 666 581
3748 4 2 2 2 560 439 574 575
3749 4 2 2 2 459 461 673 690
3750 4 2 2 2 448 600 682 711
3751 4 2 2 2 444 413 674 683
3752 4 2 2 2 461 675 671 697
3753 4 2 2 2 414 439 676 665
3754 4 2 2 2 440 579 694 583
3755 4 2 2 2 436 579 666 581
3756 4 2 2 2 437 438 677 615
3757 4 2 2 2 466 668 693 572
3758 4 2 2 2 467 591 600 636
3759 4 2 2 2 425 456 678 665
3760 4 2 2 2 429 549 604 680
3761 4 2 2 2 443 564 611 567
3762 4 2 2 2 470 679 601 635
3763 4 2 2 2 451 454 679 635
3764 4 2 2 2 437 439 678 689
3765 4 2 2 2 450 454 630 634
3766 4 2 2 2 695 444 680 628
3767 4 2 2 2 470 460 670 597
3768 4 2 2 2 428 604 696 605
3769 4 2 2 2 424 453 674 688
3770 4 2 2 2 433 454 681 601
3771 4 2 2 2 598 430 682 621
3772 4 2 2 2 432 454 600 681
3773 4 2 2 2 426 443 675 697
3774 4 2 2 2 422 447 676 667
3775 4 2 2 2 420 438 683 617
3776 4 2 2 2 460 459 670 698
3777 4 2 2 2 455 449 684 603
3778 4 2 2 2 450 591 634 592
3779 4 2 2 2 513 630 699 692
3780 4 2 2 2 547 685 636 599
3781 4 2 2 2 457 686 690 571
3782 4 2 2 2 468 466 565 569
3783 4 2 2 2 455 466 602 603
3784 4 2 2 2 473 467 687 632
3785 4 2 2 2 612 438 663 615
3786 4 2 2 2 573 464 578 645
3787 4 2 2 2 559 435 652 561
3788 4 2 2 2 565 442 604 629
3789 4 2 2 2 559 436 661 563
3790 4 2 2 2 661 465 677 614
3791 4 2 2 2 570 466 553 566
3792 4 2 2 2 663 438 688 615
3793 4 2 2 2 590 467 642 646
3794 4 2 2 2 667 447 643 645
3795 4 2 2 2 649 439 689 576
3796 4 2 2 2 556 461 690 572
3797 4 2 2 2 596 454 634 635
3798 4 2 2 2 627 442 680 628
3799 4 2 2 2 623 442 568 629
3800 4 2 2 2 642 450 656 592
3801 4 2 2 2 596 454 600 634
3802 4 2 2 2 668 466 673 572
3803 4 2 2 2 618 547 597 599
3804 4 2 2 2 666 516 616 625
3805 4 2 2 2 590 467 646 638
3806 4 2 2 2 574 435 560 575
3807 4 2 2 2 675 443 671 697
3808 4 2 2 2 579 421 694 583
3809 4 2 2 2 579 420 666 581
3810 4 2 2 2 668 461 693 572
3811 4 2 2 2 591 448 600 636
3812 4 2 2 2 564 442 611 567
3813 4 2 2 2 679 454 601 635
3814 4 2 2 2 680 442 695 628
3815 4 2 2 2 604 449 696 605
3816 4 2 2 2 682 460 598 621
3817 4 2 2 2 591 467 634 592
3818 4 2 2 2 630 451 699 692
3819 4 2 2 2 685 448 636 599
3820 4 2 2 2 686 461 690 571
3821 4 2 2 2 532 541 471 654
3822 4 2 2 2 465 468 653 624
3823 4 2 2 2 465 471 654 700
3824 4 2 2 2 531 462 556 555
3825 4 2 2 2 476 466 569 555
3826 4 2 2 2 473 259 544 659
3827 4 2 2 2 527 462 553 554
3828 4 2 2 2 545 523 473 655
3829 4 2 2 2 532 516 624 654
3830 4 2 2 2 465 549 612 653
3831 4 2 2 2 468 616 653 624
3832 4 2 2 2 467 656 687 592
3833 4 2 2 2 464 545 649 672
3834 4 2 2 2 464 646 701 645
3835 4 2 2 2 82 471 660 713
3836 4 2 2 2 444 549 612 663
3837 4 2 2 2 473 86 259 659
3838 4 2 2 2 464 473 656 655
3839 4 2 2 2 475 513 631 632
3840 4 2 2 2 464 573 667 645
3841 4 2 2 2 546 559 560 652
3842 4 2 2 2 500 477 519 702
3843 4 2 2 2 513 473 523 687
3844 4 2 2 2 466 468 565 658
3845 4 2 2 2 464 535 578 701
3846 4 2 2 2 540 546 559 661
3847 4 2 2 2 465 660 700 614
3848 4 2 2 2 465 661 660 614
3849 4 2 2 2 466 570 697 566
3850 4 2 2 2 437 661 677 563
3851 4 2 2 2 451 500 703 699
3852 4 2 2 2 451 470 702 669
3853 4 2 2 2 452 465 664 707
3854 4 2 2 2 467 662 691 638
3855 4 2 2 2 424 452 453 664
3856 4 2 2 2 565 443 602 567
3857 4 2 2 2 424 438 664 688
3858 4 2 2 2 545 464 665 644
3859 4 2 2 2 86 546 659 650
3860 4 2 2 2 468 604 680 629
3861 4 2 2 2 466 455 602 671
3862 4 2 2 2 431 447 590 643
3863 4 2 2 2 470 460 596 601
3864 4 2 2 2 516 623 609 657
3865 4 2 2 2 438 666 616 617
3866 4 2 2 2 466 553 564 569
3867 4 2 2 2 665 464 667 644
3868 4 2 2 2 437 545 649 689
3869 4 2 2 2 457 531 556 690
3870 4 2 2 2 459 668 705 673
3871 4 2 2 2 451 470 704 702
3872 4 2 2 2 426 570 697 648
3873 4 2 2 2 547 470 596 631
3874 4 2 2 2 540 546 661 660
3875 4 2 2 2 468 549 627 680
3876 4 2 2 2 422 439 573 667
3877 4 2 2 2 440 623 568 609
3878 4 2 2 2 466 470 705 673
3879 4 2 2 2 456 642 656 644
3880 4 2 2 2 547 467 596 636
3881 4 2 2 2 470 466 531 673
3882 4 2 2 2 470 669 692 633
3883 4 2 2 2 445 646 701 691
3884 4 2 2 2 430 448 618 598
3885 4 2 2 2 444 420 666 584
3886 4 2 2 2 455 451 668 704
3887 4 2 2 2 444 453 663 688
3888 4 2 2 2 438 613 677 615
3889 4 2 2 2 451 470 630 635
3890 4 2 2 2 544 546 465 672
3891 4 2 2 2 447 431 590 641
3892 4 2 2 2 531 670 622 720
3893 4 2 2 2 697 466 671 572
3894 4 2 2 2 456 450 590 594
3895 4 2 2 2 439 422 573 706
3896 4 2 2 2 451 455 684 704
3897 4 2 2 2 436 438 666 613
3898 4 2 2 2 439 437 574 649
3899 4 2 2 2 451 470 679 705
3900 4 2 2 2 466 531 673 690
3901 4 2 2 2 460 600 681 682
3902 4 2 2 2 688 444 674 617
3903 4 2 2 2 415 675 693 712
3904 4 2 2 2 456 676 667 665
3905 4 2 2 2 545 437 707 678
3906 4 2 2 2 436 516 579 694
3907 4 2 2 2 440 579 666 625
3908 4 2 2 2 438 437 677 563
3909 4 2 2 2 434 455 668 693
3910 4 2 2 2 432 454 591 600
3911 4 2 2 2 545 678 665 689
3912 4 2 2 2 549 429 604 696
3913 4 2 2 2 459 531 708 686
3914 4 2 2 2 460 470 459 679
3915 4 2 2 2 441 564 568 611
3916 4 2 2 2 433 460 679 601
3917 4 2 2 2 513 450 630 592
3918 4 2 2 2 451 500 699 692
3919 4 2 2 2 422 577 709 730
3920 4 2 2 2 458 670 597 622
3921 4 2 2 2 433 434 451 705
3922 4 2 2 2 424 425 452 707
3923 4 2 2 2 442 604 710 606
3924 4 2 2 2 424 438 674 683
3925 4 2 2 2 433 460 681 682
3926 4 2 2 2 415 455 434 693
3927 4 2 2 2 428 455 675 671
3928 4 2 2 2 432 416 600 711
3929 4 2 2 2 431 456 676 643
3930 4 2 2 2 712 426 675 648
3931 4 2 2 2 500 466 684 603
3932 4 2 2 2 454 432 591 593
3933 4 2 2 2 445 701 715 691
3934 4 2 2 2 454 450 630 699
3935 4 2 2 2 445 685 636 638
3936 4 2 2 2 459 531 686 690
3937 4 2 2 2 429 549 453 696
3938 4 2 2 2 468 527 565 568
3939 4 2 2 2 471 82 532 713
3940 4 2 2 2 82 522 532 713
3941 4 2 2 2 455 449 602 605
3942 4 2 2 2 513 687 592 632
3943 4 2 2 2 553 462 569 555
3944 4 2 2 2 612 549 616 653
3945 4 2 2 2 624 465 654 614
3946 4 2 2 2 649 545 651 672
3947 4 2 2 2 656 450 655 687
3948 4 2 2 2 565 468 604 658
3949 4 2 2 2 446 447 578 701
3950 4 2 2 2 559 437 661 651
3951 4 2 2 2 443 606 602 567
3952 4 2 2 2 664 465 688 615
3953 4 2 2 2 665 464 689 576
3954 4 2 2 2 590 447 642 643
3955 4 2 2 2 623 468 657 624
3956 4 2 2 2 553 441 564 610
3957 4 2 2 2 464 643 667 644
3958 4 2 2 2 596 470 634 631
3959 4 2 2 2 662 467 685 638
3960 4 2 2 2 642 467 656 647
3961 4 2 2 2 596 467 600 636
3962 4 2 2 2 646 467 691 638
3963 4 2 2 2 500 451 669 692
3964 4 2 2 2 618 448 597 598
3965 4 2 2 2 666 440 616 626
3966 4 2 2 2 613 516 677 614
3967 4 2 2 2 630 470 692 633
3968 4 2 2 2 466 693 671 572
3969 4 2 2 2 590 450 642 592
3970 4 2 2 2 573 422 577 706
3971 4 2 2 2 459 531 670 714
3972 4 2 2 2 600 448 682 598
3973 4 2 2 2 444 683 674 617
3974 4 2 2 2 675 461 671 693
3975 4 2 2 2 579 440 694 625
3976 4 2 2 2 591 467 600 634
3977 4 2 2 2 604 429 680 695
3978 4 2 2 2 630 450 634 592
3979 4 2 2 2 604 428 696 710
3980 4 2 2 2 426 697 675 648
3981 4 2 2 2 670 460 698 620
3982 4 2 2 2 600 416 682 711
3983 4 2 2 2 616 516 653 624
3984 4 2 2 2 656 450 687 592
3985 4 2 2 2 646 447 701 645
3986 4 2 2 2 713 471 660 700
3987 4 2 2 2 573 447 667 645
3988 4 2 2 2 559 435 560 652
3989 4 2 2 2 660 516 700 614
3990 4 2 2 2 661 516 660 614
3991 4 2 2 2 570 443 697 566
3992 4 2 2 2 661 436 677 563
3993 4 2 2 2 500 450 703 699
3994 4 2 2 2 470 519 702 669
3995 4 2 2 2 465 437 664 707
3996 4 2 2 2 662 445 691 638
3997 4 2 2 2 602 442 565 567
3998 4 2 2 2 604 442 680 629
3999 4 2 2 2 623 527 609 657
4000 4 2 2 2 666 444 616 617
4001 4 2 2 2 553 527 564 569
4002 4 2 2 2 667 456 665 644
4003 4 2 2 2 466 668 705 704
4004 4 2 2 2 470 477 704 702
4005 4 2 2 2 570 461 697 648
4006 4 2 2 2 623 527 568 609
4007 4 2 2 2 470 459 705 673
4008 4 2 2 2 642 464 656 644
4009 4 2 2 2 669 513 692 633
4010 4 2 2 2 646 535 701 691
4011 4 2 2 2 613 465 677 615
4012 4 2 2 2 671 461 697 572
4013 4 2 2 2 455 466 684 704
4014 4 2 2 2 470 459 679 705
4015 4 2 2 2 600 416 681 682
4016 4 2 2 2 674 438 688 617
4017 4 2 2 2 675 461 693 712
4018 4 2 2 2 676 439 667 665
4019 4 2 2 2 437 425 707 678
4020 4 2 2 2 579 516 666 625
4021 4 2 2 2 678 439 665 689
4022 4 2 2 2 531 457 708 686
4023 4 2 2 2 564 442 568 611
4024 4 2 2 2 500 513 699 692
4025 4 2 2 2 670 547 597 622
4026 4 2 2 2 604 428 710 606
4027 4 2 2 2 675 461 712 648
4028 4 2 2 2 535 701 715 717
4029 4 2 2 2 685 467 636 638
4030 4 2 2 2 687 467 592 632
4031 4 2 2 2 660 516 713 700
4032 4 2 2 2 668 451 705 704
4033 4 2 2 2 532 516 654 700
4034 4 2 2 2 653 465 624 614
4035 4 2 2 2 654 465 700 614
4036 4 2 2 2 553 527 554 610
4037 4 2 2 2 612 465 653 614
4038 4 2 2 2 649 464 672 650
4039 4 2 2 2 612 444 663 617
4040 4 2 2 2 477 500 704 702
4041 4 2 2 2 465 452 545 707
4042 4 2 2 2 656 464 655 644
4043 4 2 2 2 573 464 667 576
4044 4 2 2 2 559 546 560 651
4045 4 2 2 2 500 451 702 669
4046 4 2 2 2 565 466 658 603
4047 4 2 2 2 578 464 701 645
4048 4 2 2 2 559 540 661 562
4049 4 2 2 2 452 449 500 703
4050 4 2 2 2 570 466 697 572
4051 4 2 2 2 424 452 664 707
4052 4 2 2 2 443 565 602 566
4053 4 2 2 2 602 466 671 566
4054 4 2 2 2 470 601 596 635
4055 4 2 2 2 623 516 609 625
4056 4 2 2 2 666 438 616 613
4057 4 2 2 2 553 466 564 566
4058 4 2 2 2 464 665 667 576
4059 4 2 2 2 556 457 690 571
4060 4 2 2 2 434 459 668 705
4061 4 2 2 2 627 468 680 629
4062 4 2 2 2 623 440 568 608
4063 4 2 2 2 470 466 705 704
4064 4 2 2 2 540 82 660 713
4065 4 2 2 2 540 522 82 713
4066 4 2 2 2 596 547 636 599
4067 4 2 2 2 618 430 598 621
4068 4 2 2 2 666 444 584 626
4069 4 2 2 2 663 444 688 617
4070 4 2 2 2 670 531 622 714
4071 4 2 2 2 466 697 671 566
4072 4 2 2 2 573 439 706 575
4073 4 2 2 2 500 451 684 704
4074 4 2 2 2 439 649 574 576
4075 4 2 2 2 433 451 679 705
4076 4 2 2 2 673 466 690 572
4077 4 2 2 2 600 460 681 601
4078 4 2 2 2 676 456 667 643
4079 4 2 2 2 452 545 707 678
4080 4 2 2 2 579 436 694 580
4081 4 2 2 2 579 440 666 584
4082 4 2 2 2 591 432 600 640
4083 4 2 2 2 459 708 714 698
4084 4 2 2 2 564 441 568 610
4085 4 2 2 2 630 513 592 632
4086 4 2 2 2 577 422 709 706
4087 4 2 2 2 670 458 597 620
4088 4 2 2 2 604 442 710 695
4089 4 2 2 2 434 415 693 712
4090 4 2 2 2 430 448 682 711
4091 4 2 2 2 432 711 600 640
4092 4 2 2 2 447 445 701 715
4093 4 2 2 2 685 445 636 637
4094 4 2 2 2 468 568 565 629
4095 4 2 2 2 532 471 713 700
4096 4 2 2 2 670 459 714 698
4097 4 2 2 2 668 466 705 673
4098 4 2 2 2 701 535 715 691
4099 4 2 2 2 500 451 704 702
4100 4 2 2 2 708 458 714 698
4101 4 2 2 2 463 83 725 734
4102 4 2 2 2 83 725 731 728
4103 4 2 2 2 534 153 719 733
4104 4 2 2 2 527 657 726 718
4105 4 2 2 2 81 474 720 721
4106 4 2 2 2 474 81 359 725
4107 4 2 2 2 462 727 723 741
4108 4 2 2 2 81 722 727 723
4109 4 2 2 2 535 534 86 719
4110 4 2 2 2 476 474 722 727
4111 4 2 2 2 470 531 474 720
4112 4 2 2 2 81 110 728 163
4113 4 2 2 2 463 721 735 734
4114 4 2 2 2 547 474 469 721
4115 4 2 2 2 85 83 110 163
4116 4 2 2 2 522 729 726 718
4117 4 2 2 2 657 522 624 726
4118 4 2 2 2 532 468 624 726
4119 4 2 2 2 578 446 701 717
4120 4 2 2 2 470 547 670 720
4121 4 2 2 2 446 577 730 724
4122 4 2 2 2 670 547 622 720
4123 4 2 2 2 577 423 709 730
4124 4 2 2 2 701 446 715 717
4125 4 2 2 2 359 469 725 731
4126 4 2 2 2 657 522 726 718
4127 4 2 2 2 474 547 720 721
4128 4 2 2 2 85 81 727 723
4129 4 2 2 2 462 476 722 727
4130 4 2 2 2 474 81 722 727
4131 4 2 2 2 110 83 728 163
4132 4 2 2 2 527 468 729 726
4133 4 2 2 2 577 423 730 724
4134 4 2 2 2 153 90 83 732
4135 4 2 2 2 359 90 731 728
4136 4 2 2 2 90 534 469 732
4137 4 2 2 2 83 463 725 716
4138 4 2 2 2 81 359 725 728
4139 4 2 2 2 463 153 83 732
4140 4 2 2 2 81 359 85 727
4141 4 2 2 2 153 463 733 732
4142 4 2 2 2 90 359 110 728
4143 4 2 2 2 474 476 359 727
4144 4 2 2 2 474 81 720 722
4145 4 2 2 2 535 534 719 733
4146 4 2 2 2 535 534 733 736
4147 4 2 2 2 463 721 725 716
4148 4 2 2 2 474 469 721 725
4149 4 2 2 2 468 532 478 729
4150 4 2 2 2 532 522 729 726
4151 4 2 2 2 734 83 725 731
4152 4 2 2 2 725 359 731 728
4153 4 2 2 2 153 463 719 733
4154 4 2 2 2 722 462 727 723
4155 4 2 2 2 469 547 721 735
4156 4 2 2 2 729 527 726 718
4157 4 2 2 2 90 83 731 728
4158 4 2 2 2 463 733 732 734
4159 4 2 2 2 721 81 725 716
4160 4 2 2 2 725 469 734 731
4161 4 2 2 2 733 469 732 734
4162 4 2 2 2 90 83 732 731
4163 4 2 2 2 83 716 725 163
4164 4 2 2 2 725 81 728 163
4165 4 2 2 2 83 463 732 734
4166 4 2 2 2 534 153 733 732
4167 4 2 2 2 463 535 733 736
4168 4 2 2 2 535 737 738 736
4169 4 2 2 2 547 467 662 737
4170 4 2 2 2 721 463 725 734
4171 4 2 2 2 469 534 738 736
4172 4 2 2 2 547 469 737 735
4173 4 2 2 2 535 463 662 737
4174 4 2 2 2 467 473 647 739
4175 4 2 2 2 646 467 647 738
4176 4 2 2 2 646 535 691 738
4177 4 2 2 2 721 469 735 734
4178 4 2 2 2 534 469 733 736
4179 4 2 2 2 469 467 737 738
4180 4 2 2 2 534 535 738 736
4181 4 2 2 2 735 469 737 734
4182 4 2 2 2 737 463 735 734
4183 4 2 2 2 534 473 548 740
4184 4 2 2 2 83 734 732 731
4185 4 2 2 2 473 467 740 739
4186 4 2 2 2 464 534 535 739
4187 4 2 2 2 662 467 691 738
4188 4 2 2 2 464 535 647 739
4189 4 2 2 2 467 534 740 738
4190 4 2 2 2 733 463 736 734
4191 4 2 2 2 463 737 736 734
4192 4 2 2 2 662 547 737 735
4193 4 2 2 2 662 535 737 738
4194 4 2 2 2 647 467 739 738
4195 4 2 2 2 737 469 738 736
4196 4 2 2 2 467 740 739 738
4197 4 2 2 2 534 535 740 738
4198 4 2 2 2 737 469 736 734
4199 4 2 2 2 740 535 739 738
4200 4 2 2 2 534 473 740 739
4201 4 2 2 2 98 85 742 743
4202 4 2 2 2 359 85 727 742
4203 4 2 2 2 462 476 727 742
4204 4 2 2 2 84 98 743 167
4205 4 2 2 2 727 85 723 741
4206 4 2 2 2 85 742 743 741
4207 4 2 2 2 98 85 743 167
4208 4 2 2 2 742 462 743 741
4209 4 2 2 2 359 476 98 742
4210 4 2 2 2 476 98 742 743
4211 4 2 2 2 727 462 742 741
4212 4 2 2 2 98 476 744 743
4213 4 2 2 2 84 743 741 167
4214 4 2 2 2 478 84 98 744
4215 4 2 2 2 476 462 744 743
4216 4 2 2 2 743 85 741 167
4217 4 2 2 2 84 478 745 744
4218 4 2 2 2 478 746 747 745
4219 4 2 2 2 84 98 744 743
4220 4 2 2 2 462 527 569 746
4221 4 2 2 2 468 476 569 746
4222 4 2 2 2 478 476 745 744
4223 4 2 2 2 462 527 746 747
4224 4 2 2 2 462 84 745 744
4225 4 2 2 2 527 468 746 747
4226 4 2 2 2 476 462 746 745
4227 4 2 2 2 468 527 729 747
4228 4 2 2 2 746 462 747 745
4229 4 2 2 2 468 478 746 747
4230 4 2 2 2 801 872 766 809
4231 4 2 2 2 846 798 799 854
4232 4 2 2 2 752 875 837 832
4233 4 2 2 2 876 502 501 849
4234 4 2 2 2 840 517 854 864
4235 4 2 2 2 865 791 866 793
4236 4 2 2 2 872 820 760 826
4237 4 2 2 2 872 766 809 805
4238 4 2 2 2 872 873 791 789
4239 4 2 2 2 825 855 828 763
4240 4 2 2 2 855 835 838 757
4241 4 2 2 2 851 776 771 777
4242 4 2 2 2 776 851 771 770
4243 4 2 2 2 502 501 849 865
4244 4 2 2 2 855 832 752 837
4245 4 2 2 2 855 821 827 758
4246 4 2 2 2 832 867 753 834
4247 4 2 2 2 821 867 824 759
4248 4 2 2 2 774 852 775 780
4249 4 2 2 2 852 775 780 781
4250 4 2 2 2 790 843 772 872
4251 4 2 2 2 873 866 853 791
4252 4 2 2 2 846 856 799 866
4253 4 2 2 2 851 872 771 770
4254 4 2 2 2 754 867 831 836
4255 4 2 2 2 867 760 820 826
4256 4 2 2 2 761 866 820 822
4257 4 2 2 2 765 872 803 805
4258 4 2 2 2 867 754 834 836
4259 4 2 2 2 760 867 824 826
4260 4 2 2 2 853 866 865 791
4261 4 2 2 2 760 872 826 824
4262 4 2 2 2 748 833 752 837
4263 4 2 2 2 779 802 781 812
4264 4 2 2 2 752 855 837 833
4265 4 2 2 2 758 855 823 827
4266 4 2 2 2 763 855 828 823
4267 4 2 2 2 757 855 833 838
4268 4 2 2 2 850 799 798 854
4269 4 2 2 2 776 771 777 857
4270 4 2 2 2 771 776 770 857
4271 4 2 2 2 823 769 828 763
4272 4 2 2 2 769 825 828 763
4273 4 2 2 2 502 842 849 876
4274 4 2 2 2 823 764 804 769
4275 4 2 2 2 850 856 799 854
4276 4 2 2 2 840 517 501 854
4277 4 2 2 2 810 771 773 801
4278 4 2 2 2 811 772 770 803
4279 4 2 2 2 806 780 781 815
4280 4 2 2 2 872 759 821 824
4281 4 2 2 2 771 810 777 857
4282 4 2 2 2 865 791 793 853
4283 4 2 2 2 846 856 854 799
4284 4 2 2 2 777 857 810 817
4285 4 2 2 2 864 840 850 854
4286 4 2 2 2 517 501 854 846
4287 4 2 2 2 841 511 848 868
4288 4 2 2 2 770 811 803 857
4289 4 2 2 2 865 866 846 793
4290 4 2 2 2 843 790 788 872
4291 4 2 2 2 796 875 834 795
4292 4 2 2 2 795 847 797 855
4293 4 2 2 2 790 847 788 855
4294 4 2 2 2 869 870 867 796
4295 4 2 2 2 831 875 754 836
4296 4 2 2 2 518 501 517 876
4297 4 2 2 2 873 773 872 853
4298 4 2 2 2 511 494 510 844
4299 4 2 2 2 790 876 855 792
4300 4 2 2 2 843 841 848 868
4301 4 2 2 2 854 855 846 798
4302 4 2 2 2 792 774 842 849
4303 4 2 2 2 873 844 853 866
4304 4 2 2 2 770 771 857 805
4305 4 2 2 2 777 776 857 813
4306 4 2 2 2 872 861 772 770
4307 4 2 2 2 841 511 868 515
4308 4 2 2 2 494 511 515 844
4309 4 2 2 2 872 868 789 788
4310 4 2 2 2 780 806 774 808
4311 4 2 2 2 779 775 802 773
4312 4 2 2 2 775 779 802 781
4313 4 2 2 2 811 772 803 859
4314 4 2 2 2 853 872 873 791
4315 4 2 2 2 868 511 848 873
4316 4 2 2 2 867 873 868 789
4317 4 2 2 2 811 803 857 874
4318 4 2 2 2 871 850 854 856
4319 4 2 2 2 779 845 775 773
4320 4 2 2 2 845 779 775 781
4321 4 2 2 2 867 795 869 796
4322 4 2 2 2 777 773 810 771
4323 4 2 2 2 777 773 779 810
4324 4 2 2 2 780 775 774 806
4325 4 2 2 2 772 776 811 770
4326 4 2 2 2 776 772 811 778
4327 4 2 2 2 780 775 806 781
4328 4 2 2 2 788 867 868 789
4329 4 2 2 2 844 873 515 866
4330 4 2 2 2 854 517 846 864
4331 4 2 2 2 850 864 854 798
4332 4 2 2 2 517 790 876 855
4333 4 2 2 2 497 843 841 848
4334 4 2 2 2 843 497 499 848
4335 4 2 2 2 511 868 515 873
4336 4 2 2 2 517 840 504 864
4337 4 2 2 2 875 754 836 834
4338 4 2 2 2 497 511 841 515
4339 4 2 2 2 511 497 841 848
4340 4 2 2 2 517 847 790 855
4341 4 2 2 2 823 764 758 872
4342 4 2 2 2 873 844 510 853
4343 4 2 2 2 774 778 780 859
4344 4 2 2 2 778 774 772 859
4345 4 2 2 2 504 501 840 517
4346 4 2 2 2 510 543 502 865
4347 4 2 2 2 811 770 776 857
4348 4 2 2 2 497 511 499 848
4349 4 2 2 2 865 543 501 871
4350 4 2 2 2 855 854 864 798
4351 4 2 2 2 776 857 813 811
4352 4 2 2 2 770 857 803 805
4353 4 2 2 2 753 875 832 834
4354 4 2 2 2 510 543 865 494
4355 4 2 2 2 864 863 797 862
4356 4 2 2 2 774 772 859 804
4357 4 2 2 2 778 780 859 814
4358 4 2 2 2 851 873 872 848
4359 4 2 2 2 871 850 840 854
4360 4 2 2 2 868 843 788 872
4361 4 2 2 2 844 853 866 865
4362 4 2 2 2 845 502 852 849
4363 4 2 2 2 868 873 872 789
4364 4 2 2 2 865 543 502 501
4365 4 2 2 2 777 857 817 813
4366 4 2 2 2 771 857 805 809
4367 4 2 2 2 772 811 778 859
4368 4 2 2 2 843 497 841 847
4369 4 2 2 2 846 844 856 866
4370 4 2 2 2 808 780 818 859
4371 4 2 2 2 797 863 795 875
4372 4 2 2 2 847 863 795 797
4373 4 2 2 2 855 864 797 798
4374 4 2 2 2 850 864 798 862
4375 4 2 2 2 843 841 868 847
4376 4 2 2 2 847 869 867 795
4377 4 2 2 2 868 847 867 788
4378 4 2 2 2 852 845 775 781
4379 4 2 2 2 501 518 502 876
4380 4 2 2 2 748 837 752 875
4381 4 2 2 2 762 866 761 822
4382 4 2 2 2 849 793 853 865
4383 4 2 2 2 543 865 494 871
4384 4 2 2 2 862 798 797 864
4385 4 2 2 2 778 859 811 816
4386 4 2 2 2 870 844 866 856
4387 4 2 2 2 852 849 860 774
4388 4 2 2 2 844 515 870 866
4389 4 2 2 2 810 857 784 817
4390 4 2 2 2 779 520 781 845
4391 4 2 2 2 517 501 846 876
4392 4 2 2 2 843 790 772 842
4393 4 2 2 2 811 857 813 874
4394 4 2 2 2 864 846 854 855
4395 4 2 2 2 504 847 517 864
4396 4 2 2 2 872 764 765 803
4397 4 2 2 2 872 767 801 766
4398 4 2 2 2 850 504 864 862
4399 4 2 2 2 841 509 869 847
4400 4 2 2 2 860 778 774 772
4401 4 2 2 2 778 860 774 780
4402 4 2 2 2 520 524 510 845
4403 4 2 2 2 847 864 797 855
4404 4 2 2 2 869 515 841 867
4405 4 2 2 2 515 868 841 867
4406 4 2 2 2 518 517 842 876
4407 4 2 2 2 497 509 841 847
4408 4 2 2 2 845 853 775 773
4409 4 2 2 2 865 876 793 846
4410 4 2 2 2 504 840 850 864
4411 4 2 2 2 844 846 865 866
4412 4 2 2 2 865 494 871 844
4413 4 2 2 2 758 872 759 821
4414 4 2 2 2 761 872 820 760
4415 4 2 2 2 494 865 510 844
4416 4 2 2 2 515 869 870 867
4417 4 2 2 2 874 813 811 783
4418 4 2 2 2 846 871 854 856
4419 4 2 2 2 524 773 777 771
4420 4 2 2 2 779 524 773 777
4421 4 2 2 2 853 844 510 865
4422 4 2 2 2 853 852 845 775
4423 4 2 2 2 792 842 790 876
4424 4 2 2 2 863 847 864 797
4425 4 2 2 2 872 524 851 771
4426 4 2 2 2 860 852 774 780
4427 4 2 2 2 774 859 808 804
4428 4 2 2 2 520 781 845 852
4429 4 2 2 2 790 843 788 847
4430 4 2 2 2 753 867 754 834
4431 4 2 2 2 867 759 760 824
4432 4 2 2 2 524 499 848 851
4433 4 2 2 2 787 874 782 819
4434 4 2 2 2 823 769 763 758
4435 4 2 2 2 823 764 769 758
4436 4 2 2 2 502 518 842 876
4437 4 2 2 2 515 868 867 873
4438 4 2 2 2 766 872 765 805
4439 4 2 2 2 499 498 497 843
4440 4 2 2 2 863 797 862 875
4441 4 2 2 2 847 842 517 790
4442 4 2 2 2 859 772 803 807
4443 4 2 2 2 869 875 796 795
4444 4 2 2 2 873 848 868 872
4445 4 2 2 2 847 863 869 795
4446 4 2 2 2 780 859 814 818
4447 4 2 2 2 863 869 795 875
4448 4 2 2 2 842 792 849 876
4449 4 2 2 2 752 875 832 753
4450 4 2 2 2 803 811 859 874
4451 4 2 2 2 842 774 772 860
4452 4 2 2 2 846 871 856 844
4453 4 2 2 2 857 784 817 813
4454 4 2 2 2 853 852 849 845
4455 4 2 2 2 846 517 855 864
4456 4 2 2 2 780 808 774 859
4457 4 2 2 2 861 872 851 770
4458 4 2 2 2 873 771 773 524
4459 4 2 2 2 872 760 759 824
4460 4 2 2 2 502 520 510 845
4461 4 2 2 2 867 873 866 515
4462 4 2 2 2 855 752 757 833
4463 4 2 2 2 758 855 763 823
4464 4 2 2 2 872 524 771 873
4465 4 2 2 2 521 502 860 852
4466 4 2 2 2 524 851 771 777
4467 4 2 2 2 509 869 847 863
4468 4 2 2 2 761 766 767 872
4469 4 2 2 2 766 761 760 872
4470 4 2 2 2 759 764 765 872
4471 4 2 2 2 764 759 758 872
4472 4 2 2 2 842 517 790 876
4473 4 2 2 2 524 510 853 873
4474 4 2 2 2 865 871 846 844
4475 4 2 2 2 781 521 780 852
4476 4 2 2 2 843 868 848 872
4477 4 2 2 2 760 765 766 872
4478 4 2 2 2 765 760 759 872
4479 4 2 2 2 843 868 788 847
4480 4 2 2 2 847 504 509 864
4481 4 2 2 2 511 499 848 524
4482 4 2 2 2 504 509 864 862
4483 4 2 2 2 865 871 501 846
4484 4 2 2 2 501 854 846 871
4485 4 2 2 2 851 873 524 872
4486 4 2 2 2 861 772 776 778
4487 4 2 2 2 772 861 776 770
4488 4 2 2 2 867 870 515 866
4489 4 2 2 2 763 752 757 855
4490 4 2 2 2 752 763 758 855
4491 4 2 2 2 521 499 524 851
4492 4 2 2 2 521 785 786 819
4493 4 2 2 2 785 521 784 819
4494 4 2 2 2 521 786 787 819
4495 4 2 2 2 847 869 841 867
4496 4 2 2 2 868 847 841 867
4497 4 2 2 2 812 521 785 786
4498 4 2 2 2 521 784 819 783
4499 4 2 2 2 787 521 819 782
4500 4 2 2 2 521 819 782 783
4501 4 2 2 2 521 812 815 786
4502 4 2 2 2 812 521 810 785
4503 4 2 2 2 810 521 784 785
4504 4 2 2 2 815 521 786 787
4505 4 2 2 2 501 840 854 871
4506 4 2 2 2 842 847 843 790
4507 4 2 2 2 810 521 817 784
4508 4 2 2 2 521 815 818 787
4509 4 2 2 2 784 521 813 783
4510 4 2 2 2 521 787 814 782
4511 4 2 2 2 521 817 784 813
4512 4 2 2 2 818 521 787 814
4513 4 2 2 2 861 851 776 770
4514 4 2 2 2 849 860 774 842
4515 4 2 2 2 521 779 781 812
4516 4 2 2 2 782 521 783 811
4517 4 2 2 2 814 521 782 816
4518 4 2 2 2 509 864 862 863
4519 4 2 2 2 520 524 845 779
4520 4 2 2 2 521 777 810 817
4521 4 2 2 2 521 851 777 776
4522 4 2 2 2 521 782 816 811
4523 4 2 2 2 848 861 872 851
4524 4 2 2 2 524 853 773 873
4525 4 2 2 2 780 521 815 818
4526 4 2 2 2 521 779 812 810
4527 4 2 2 2 781 521 812 815
4528 4 2 2 2 778 859 816 814
4529 4 2 2 2 521 813 783 811
4530 4 2 2 2 779 521 777 810
4531 4 2 2 2 521 781 780 815
4532 4 2 2 2 759 754 753 867
4533 4 2 2 2 754 759 760 867
4534 4 2 2 2 875 754 834 753
4535 4 2 2 2 780 521 818 814
4536 4 2 2 2 510 524 853 845
4537 4 2 2 2 777 521 813 817
4538 4 2 2 2 521 814 778 816
4539 4 2 2 2 755 762 756 866
4540 4 2 2 2 762 755 761 866
4541 4 2 2 2 521 499 851 861
4542 4 2 2 2 816 521 811 778
4543 4 2 2 2 780 521 814 778
4544 4 2 2 2 524 845 779 773
4545 4 2 2 2 813 521 776 811
4546 4 2 2 2 497 843 498 847
4547 4 2 2 2 777 521 776 813
4548 4 2 2 2 810 874 785 784
4549 4 2 2 2 517 846 855 876
4550 4 2 2 2 779 802 812 858
4551 4 2 2 2 802 781 812 858
4552 4 2 2 2 748 753 749 875
4553 4 2 2 2 753 748 752 875
4554 4 2 2 2 521 860 780 852
4555 4 2 2 2 857 810 784 874
4556 4 2 2 2 843 772 872 861
4557 4 2 2 2 750 753 754 875
4558 4 2 2 2 753 750 749 875
4559 4 2 2 2 776 521 778 811
4560 4 2 2 2 874 811 782 783
4561 4 2 2 2 773 810 801 858
4562 4 2 2 2 781 806 815 858
4563 4 2 2 2 521 524 779 777
4564 4 2 2 2 519 498 499 843
4565 4 2 2 2 859 818 787 814
4566 4 2 2 2 499 519 843 861
4567 4 2 2 2 517 847 855 864
4568 4 2 2 2 502 520 845 852
4569 4 2 2 2 521 860 778 780
4570 4 2 2 2 524 521 851 777
4571 4 2 2 2 511 510 524 873
4572 4 2 2 2 524 853 845 773
4573 4 2 2 2 772 859 804 807
4574 4 2 2 2 848 524 851 873
4575 4 2 2 2 808 818 858 859
4576 4 2 2 2 509 497 498 847
4577 4 2 2 2 787 859 814 782
4578 4 2 2 2 518 521 502 860
4579 4 2 2 2 848 511 524 873
4580 4 2 2 2 858 818 815 787
4581 4 2 2 2 763 839 825 762
4582 4 2 2 2 802 779 773 858
4583 4 2 2 2 781 802 775 858
4584 4 2 2 2 874 785 784 819
4585 4 2 2 2 858 815 812 786
4586 4 2 2 2 810 858 812 785
4587 4 2 2 2 811 859 782 816
4588 4 2 2 2 810 773 779 858
4589 4 2 2 2 806 781 775 858
4590 4 2 2 2 773 858 801 802
4591 4 2 2 2 775 858 802 806
4592 4 2 2 2 851 521 861 776
4593 4 2 2 2 874 782 819 783
4594 4 2 2 2 781 858 815 812
4595 4 2 2 2 858 779 810 812
4596 4 2 2 2 787 859 782 874
4597 4 2 2 2 521 861 776 778
4598 4 2 2 2 509 864 863 847
4599 4 2 2 2 842 861 860 772
4600 4 2 2 2 860 861 778 772
4601 4 2 2 2 857 784 813 874
4602 4 2 2 2 498 519 518 843
4603 4 2 2 2 518 502 842 860
4604 4 2 2 2 521 860 861 778
4605 4 2 2 2 519 518 843 861
4606 4 2 2 2 772 843 842 861
4607 4 2 2 2 848 861 843 872
4608 4 2 2 2 782 859 814 816
4609 4 2 2 2 502 521 520 852
4610 4 2 2 2 818 858 859 787
4611 4 2 2 2 859 811 782 874
4612 4 2 2 2 784 874 819 783
4613 4 2 2 2 813 874 784 783
4614 4 2 2 2 815 858 787 786
4615 4 2 2 2 518 519 860 861
4616 4 2 2 2 521 781 520 852
4617 4 2 2 2 787 858 819 786
4618 4 2 2 2 779 521 781 520
4619 4 2 2 2 521 524 520 779
4620 4 2 2 2 858 786 785 819
4621 4 2 2 2 858 812 785 786
4622 4 2 2 2 810 857 858 874
4623 4 2 2 2 874 810 785 858
4624 4 2 2 2 858 787 819 874
4625 4 2 2 2 860 519 521 861
4626 4 2 2 2 519 499 521 861
4627 4 2 2 2 518 519 521 860
4628 4 2 2 2 858 859 787 874
4629 4 2 2 2 839 769 806 768
4630 4 2 2 2 785 874 858 819
4631 4 2 2 2 803 857 765 805
4632 4 2 2 2 803 874 765 857
4633 4 2 2 2 808 858 806 769
4634 4 2 2 2 859 765 803 874
4635 4 2 2 2 806 858 802 768
4636 4 2 2 2 858 801 802 767
4637 4 2 2 2 858 808 859 769
4638 4 2 2 2 808 859 769 804
4639 4 2 2 2 859 803 764 807
4640 4 2 2 2 766 857 809 805
4641 4 2 2 2 765 858 857 874
4642 4 2 2 2 765 859 858 874
4643 4 2 2 2 859 800 858 769
4644 4 2 2 2 764 859 807 804
4645 4 2 2 2 859 800 769 764
4646 4 2 2 2 765 859 803 764
4647 4 2 2 2 801 858 766 767
4648 4 2 2 2 858 806 769 768
4649 4 2 2 2 765 857 766 805
4650 4 2 2 2 769 859 764 804
4651 4 2 2 2 769 858 768 800
4652 4 2 2 2 858 766 767 800
4653 4 2 2 2 858 802 768 767
4654 4 2 2 2 768 858 767 800
4655 4 2 2 2 769 825 763 839
4656 4 2 2 2 763 768 769 839
4657 4 2 2 2 768 763 762 839
4658 4 2 2 2 774 823 804 808
4659 4 2 2 2 835 850 799 798
4660 4 2 2 2 838 850 835 798
4661 4 2 2 2 833 850 838 798
4662 4 2 2 2 853 802 775 773
4663 4 2 2 2 806 853 802 775
4664 4 2 2 2 855 823 790 792
4665 4 2 2 2 833 855 797 798
4666 4 2 2 2 855 821 790 827
4667 4 2 2 2 827 855 823 790
4668 4 2 2 2 855 837 833 797
4669 4 2 2 2 838 855 833 798
4670 4 2 2 2 832 855 797 837
4671 4 2 2 2 855 828 823 792
4672 4 2 2 2 855 835 798 838
4673 4 2 2 2 788 855 821 790
4674 4 2 2 2 795 855 797 832
4675 4 2 2 2 798 846 799 855
4676 4 2 2 2 855 825 828 792
4677 4 2 2 2 799 855 835 798
4678 4 2 2 2 793 855 792 825
4679 4 2 2 2 866 820 822 791
4680 4 2 2 2 793 866 822 791
4681 4 2 2 2 824 867 789 826
4682 4 2 2 2 820 867 826 789
4683 4 2 2 2 867 834 795 796
4684 4 2 2 2 824 867 788 789
4685 4 2 2 2 867 834 796 836
4686 4 2 2 2 831 867 796 836
4687 4 2 2 2 832 867 834 795
4688 4 2 2 2 867 821 824 788
4689 4 2 2 2 872 805 771 770
4690 4 2 2 2 824 872 789 788
4691 4 2 2 2 809 872 805 771
4692 4 2 2 2 872 826 824 789
4693 4 2 2 2 821 872 824 788
4694 4 2 2 2 872 790 788 821
4695 4 2 2 2 872 803 805 770
4696 4 2 2 2 872 801 771 809
4697 4 2 2 2 872 772 803 770
4698 4 2 2 2 790 872 827 821
4699 4 2 2 2 772 827 790 872
4700 4 2 2 2 773 872 801 771
4701 4 2 2 2 872 791 820 789
4702 4 2 2 2 820 872 789 826
4703 4 2 2 2 872 807 764 803
4704 4 2 2 2 872 772 807 803
4705 4 2 2 2 827 872 758 821
4706 4 2 2 2 823 872 758 827
4707 4 2 2 2 771 873 773 872
4708 4 2 2 2 875 836 796 834
4709 4 2 2 2 831 875 836 796
4710 4 2 2 2 875 832 834 795
4711 4 2 2 2 797 875 795 832
4712 4 2 2 2 797 875 832 837
4713 4 2 2 2 837 748 830 875
4714 4 2 2 2 845 865 849 853
4715 4 2 2 2 865 845 510 853
4716 4 2 2 2 865 502 845 849
4717 4 2 2 2 502 510 865 845
4718 4 2 2 2 806 780 818 808
4719 4 2 2 2 780 806 818 815
4720 4 2 2 2 818 806 808 858
4721 4 2 2 2 818 806 858 815
4722 4 2 2 2 876 793 855 792
4723 4 2 2 2 793 876 855 846
4724 4 2 2 2 762 767 822 761
4725 4 2 2 2 844 511 873 510
4726 4 2 2 2 511 844 873 515
4727 4 2 2 2 849 793 876 792
4728 4 2 2 2 876 865 793 849
4729 4 2 2 2 866 825 793 822
4730 4 2 2 2 825 866 762 822
4731 4 2 2 2 771 810 809 801
4732 4 2 2 2 810 771 809 857
4733 4 2 2 2 809 810 858 801
4734 4 2 2 2 810 809 858 857
4735 4 2 2 2 858 809 801 766
4736 4 2 2 2 809 858 857 766
4737 4 2 2 2 752 821 832 855
4738 4 2 2 2 752 821 758 759
4739 4 2 2 2 821 752 758 855
4740 4 2 2 2 761 754 866 755
4741 4 2 2 2 866 754 831 755
4742 4 2 2 2 754 866 831 867
4743 4 2 2 2 748 833 757 752
4744 4 2 2 2 833 748 757 751
4745 4 2 2 2 767 762 822 768
4746 4 2 2 2 835 751 757 756
4747 4 2 2 2 762 839 825 822
4748 4 2 2 2 822 768 762 839
4749 4 2 2 2 757 762 835 756
4750 4 2 2 2 835 762 866 756
4751 4 2 2 2 502 842 860 849
4752 4 2 2 2 502 860 852 849
4753 4 2 2 2 499 861 848 851
4754 4 2 2 2 843 499 861 848
4755 4 2 2 2 504 498 847 509
4756 4 2 2 2 498 504 847 517
4757 4 2 2 2 849 501 876 865
4758 4 2 2 2 501 876 865 846
4759 4 2 2 2 518 843 861 842
4760 4 2 2 2 861 518 842 860
4761 4 2 2 2 858 765 766 800
4762 4 2 2 2 858 765 857 766
4763 4 2 2 2 765 859 800 858
4764 4 2 2 2 859 765 800 764
4765 4 2 2 2 823 772 827 790
4766 4 2 2 2 823 772 774 804
4767 4 2 2 2 850 748 751 829
4768 4 2 2 2 748 833 850 751
4769 4 2 2 2 774 823 828 792
4770 4 2 2 2 823 774 828 808
4771 4 2 2 2 825 774 828 792
4772 4 2 2 2 823 769 808 828
4773 4 2 2 2 769 823 808 804
4774 4 2 2 2 772 823 807 804
4775 4 2 2 2 792 772 823 790
4776 4 2 2 2 772 792 823 774
4777 4 2 2 2 772 792 842 790
4778 4 2 2 2 772 792 774 842
4779 4 2 2 2 825 808 769 828
4780 4 2 2 2 825 774 808 828
4781 4 2 2 2 751 833 838 757
4782 4 2 2 2 833 751 838 850
4783 4 2 2 2 835 751 838 757
4784 4 2 2 2 751 835 838 850
4785 4 2 2 2 839 825 822 793
4786 4 2 2 2 866 873 789 791
4787 4 2 2 2 873 867 866 789
4788 4 2 2 2 866 789 820 791
4789 4 2 2 2 867 820 866 789
4790 4 2 2 2 867 870 866 796
4791 4 2 2 2 866 796 831 867
4792 4 2 2 2 788 847 795 855
4793 4 2 2 2 847 867 788 795
4794 4 2 2 2 788 832 821 855
4795 4 2 2 2 832 788 821 867
4796 4 2 2 2 832 788 795 855
4797 4 2 2 2 788 832 795 867
4798 4 2 2 2 823 772 872 827
4799 4 2 2 2 772 823 872 807
4800 4 2 2 2 823 764 807 804
4801 4 2 2 2 764 823 807 872
4802 4 2 2 2 853 801 802 773
4803 4 2 2 2 853 872 801 773
4804 4 2 2 2 837 794 875 830
4805 4 2 2 2 837 794 797 875
4806 4 2 2 2 794 797 875 862
4807 4 2 2 2 750 831 754 755
4808 4 2 2 2 831 750 754 875
4809 4 2 2 2 774 839 808 806
4810 4 2 2 2 825 774 839 808
4811 4 2 2 2 808 839 769 806
4812 4 2 2 2 808 825 769 839
4813 4 2 2 2 839 791 793 822
4814 4 2 2 2 793 853 791 839
4815 4 2 2 2 802 791 801 853
4816 4 2 2 2 801 791 872 853
4817 4 2 2 2 801 822 767 761
4818 4 2 2 2 801 761 767 872
4819 4 2 2 2 801 791 822 820
4820 4 2 2 2 801 791 820 872
4821 4 2 2 2 801 822 761 820
4822 4 2 2 2 761 801 820 872
4823 4 2 2 2 762 799 835 866
4824 4 2 2 2 799 762 825 866
4825 4 2 2 2 799 825 793 866
4826 4 2 2 2 825 799 793 855
4827 4 2 2 2 799 793 846 866
4828 4 2 2 2 793 799 846 855
4829 4 2 2 2 752 821 753 832
4830 4 2 2 2 821 752 753 759
4831 4 2 2 2 821 753 832 867
4832 4 2 2 2 821 753 867 759
4833 4 2 2 2 791 767 801 822
4834 4 2 2 2 791 767 802 801
4835 4 2 2 2 768 791 839 822
4836 4 2 2 2 791 768 767 822
4837 4 2 2 2 768 791 767 802
4838 4 2 2 2 791 768 853 802
4839 4 2 2 2 768 791 853 839
4840 4 2 2 2 806 853 768 802
4841 4 2 2 2 853 806 768 839
4842 4 2 2 2 866 760 761 820
4843 4 2 2 2 761 754 760 866
4844 4 2 2 2 867 760 866 820
4845 4 2 2 2 760 754 867 866
4846 4 2 2 2 825 757 763 762
4847 4 2 2 2 757 825 763 855
4848 4 2 2 2 762 799 825 835
4849 4 2 2 2 799 825 835 855
4850 4 2 2 2 825 757 762 835
4851 4 2 2 2 825 757 835 855
4852 4 2 2 2 518 498 843 847
4853 4 2 2 2 518 847 843 842
4854 4 2 2 2 518 498 847 517
4855 4 2 2 2 847 518 517 842
4856 4 2 2 2 794 837 829 830
4857 4 2 2 2 829 837 748 830
4858 4 2 2 2 833 748 829 837
4859 4 2 2 2 748 833 829 850
4860 4 2 2 2 833 794 837 829
4861 4 2 2 2 833 794 829 850
4862 4 2 2 2 833 794 797 837
4863 4 2 2 2 849 806 853 839
4864 4 2 2 2 806 849 774 839
4865 4 2 2 2 793 849 853 839
4866 4 2 2 2 852 853 849 775
4867 4 2 2 2 849 852 775 774
4868 4 2 2 2 849 806 775 853
4869 4 2 2 2 806 849 775 774
4870 4 2 2 2 849 825 839 793
4871 4 2 2 2 825 774 849 839
4872 4 2 2 2 849 825 793 792
4873 4 2 2 2 774 825 849 792
4874 4 2 2 2 794 833 862 850
4875 4 2 2 2 833 794 862 797
4876 4 2 2 2 862 833 798 850
4877 4 2 2 2 833 862 798 797
4878 4 2 2 2 921 940 307 922
4879 4 2 2 2 912 940 913 883
4880 4 2 2 2 925 940 922 878
4881 4 2 2 2 526 877 926 929
4882 4 2 2 2 894 508 900 526
4883 4 2 2 2 495 931 933 958
4884 4 2 2 2 936 888 889 937
4885 4 2 2 2 951 882 919 912
4886 4 2 2 2 938 953 889 957
4887 4 2 2 2 750 951 909 904
4888 4 2 2 2 496 514 497 937
4889 4 2 2 2 390 902 903 944
4890 4 2 2 2 398 877 929 926
4891 4 2 2 2 937 888 889 875
4892 4 2 2 2 528 530 418 903
4893 4 2 2 2 954 748 830 829
4894 4 2 2 2 526 880 917 915
4895 4 2 2 2 508 894 900 952
4896 4 2 2 2 917 954 915 880
4897 4 2 2 2 514 841 937 869
4898 4 2 2 2 941 956 892 890
4899 4 2 2 2 866 755 831 911
4900 4 2 2 2 953 936 938 889
4901 4 2 2 2 953 831 796 875
4902 4 2 2 2 953 936 889 937
4903 4 2 2 2 526 939 538 896
4904 4 2 2 2 954 885 916 920
4905 4 2 2 2 751 954 908 910
4906 4 2 2 2 940 530 528 903
4907 4 2 2 2 750 875 909 907
4908 4 2 2 2 954 939 794 896
4909 4 2 2 2 954 751 829 910
4910 4 2 2 2 856 942 850 941
4911 4 2 2 2 940 530 903 944
4912 4 2 2 2 914 306 928 882
4913 4 2 2 2 885 954 915 920
4914 4 2 2 2 899 940 897 943
4915 4 2 2 2 940 903 902 944
4916 4 2 2 2 799 866 856 893
4917 4 2 2 2 417 382 900 386
4918 4 2 2 2 885 528 916 920
4919 4 2 2 2 892 850 891 948
4920 4 2 2 2 330 877 305 924
4921 4 2 2 2 514 841 869 515
4922 4 2 2 2 850 856 941 799
4923 4 2 2 2 880 905 881 917
4924 4 2 2 2 931 495 932 958
4925 4 2 2 2 875 749 905 907
4926 4 2 2 2 799 941 893 856
4927 4 2 2 2 514 496 936 937
4928 4 2 2 2 892 951 890 956
4929 4 2 2 2 307 395 921 922
4930 4 2 2 2 930 505 538 946
4931 4 2 2 2 514 497 937 841
4932 4 2 2 2 495 933 938 958
4933 4 2 2 2 496 360 508 939
4934 4 2 2 2 931 933 958 943
4935 4 2 2 2 501 537 504 959
4936 4 2 2 2 362 932 496 935
4937 4 2 2 2 503 844 870 856
4938 4 2 2 2 939 936 888 894
4939 4 2 2 2 514 497 841 515
4940 4 2 2 2 879 398 925 926
4941 4 2 2 2 883 951 913 912
4942 4 2 2 2 951 886 906 904
4943 4 2 2 2 493 360 939 508
4944 4 2 2 2 894 952 935 947
4945 4 2 2 2 492 503 933 525
4946 4 2 2 2 932 378 950 952
4947 4 2 2 2 495 362 932 496
4948 4 2 2 2 492 495 931 933
4949 4 2 2 2 509 360 496 939
4950 4 2 2 2 944 505 940 530
4951 4 2 2 2 932 362 378 935
4952 4 2 2 2 950 931 940 944
4953 4 2 2 2 936 495 514 938
4954 4 2 2 2 932 496 935 936
4955 4 2 2 2 360 509 493 939
4956 4 2 2 2 495 362 361 932
4957 4 2 2 2 378 932 935 952
4958 4 2 2 2 508 362 496 935
4959 4 2 2 2 863 794 888 875
4960 4 2 2 2 943 528 899 940
4961 4 2 2 2 850 942 892 941
4962 4 2 2 2 386 952 900 901
4963 4 2 2 2 542 492 503 933
4964 4 2 2 2 932 401 931 372
4965 4 2 2 2 940 950 944 902
4966 4 2 2 2 505 940 530 528
4967 4 2 2 2 870 869 953 796
4968 4 2 2 2 951 957 889 890
4969 4 2 2 2 937 889 953 875
4970 4 2 2 2 528 878 940 925
4971 4 2 2 2 850 955 891 948
4972 4 2 2 2 525 494 503 871
4973 4 2 2 2 501 504 840 959
4974 4 2 2 2 362 508 378 935
4975 4 2 2 2 943 528 946 899
4976 4 2 2 2 935 939 894 936
4977 4 2 2 2 508 362 378 382
4978 4 2 2 2 932 378 377 950
4979 4 2 2 2 495 492 931 932
4980 4 2 2 2 869 953 796 875
4981 4 2 2 2 525 542 492 503
4982 4 2 2 2 951 936 938 895
4983 4 2 2 2 936 951 938 889
4984 4 2 2 2 401 932 377 372
4985 4 2 2 2 509 496 497 937
4986 4 2 2 2 933 542 938 957
4987 4 2 2 2 542 933 503 957
4988 4 2 2 2 902 947 940 950
4989 4 2 2 2 942 850 892 948
4990 4 2 2 2 526 538 898 896
4991 4 2 2 2 841 509 937 869
4992 4 2 2 2 840 525 930 942
4993 4 2 2 2 895 958 951 897
4994 4 2 2 2 946 528 898 899
4995 4 2 2 2 934 896 954 538
4996 4 2 2 2 954 896 898 538
4997 4 2 2 2 943 946 945 899
4998 4 2 2 2 505 537 930 538
4999 4 2 2 2 508 378 935 952
5000 4 2 2 2 882 940 912 883
5001 4 2 2 2 940 306 921 307
5002 4 2 2 2 378 361 932 377
5003 4 2 2 2 863 955 794 862
5004 4 2 2 2 942 892 941 956
5005 4 2 2 2 893 953 796 870
5006 4 2 2 2 944 530 903 390
5007 4 2 2 2 939 863 794 888
5008 4 2 2 2 947 902 901 950
5009 4 2 2 2 382 952 900 386
5010 4 2 2 2 957 889 890 953
5011 4 2 2 2 501 537 959 489
5012 4 2 2 2 895 958 897 947
5013 4 2 2 2 850 871 942 856
5014 4 2 2 2 938 895 958 951
5015 4 2 2 2 942 856 503 941
5016 4 2 2 2 948 956 945 892
5017 4 2 2 2 936 863 888 937
5018 4 2 2 2 959 501 489 840
5019 4 2 2 2 844 542 503 870
5020 4 2 2 2 508 894 952 935
5021 4 2 2 2 892 945 951 956
5022 4 2 2 2 390 902 944 395
5023 4 2 2 2 542 844 515 870
5024 4 2 2 2 932 940 947 950
5025 4 2 2 2 901 395 950 902
5026 4 2 2 2 525 871 942 840
5027 4 2 2 2 525 503 933 942
5028 4 2 2 2 933 503 957 956
5029 4 2 2 2 869 514 870 953
5030 4 2 2 2 492 932 401 931
5031 4 2 2 2 889 938 957 951
5032 4 2 2 2 496 509 936 937
5033 4 2 2 2 877 330 299 398
5034 4 2 2 2 495 496 936 514
5035 4 2 2 2 933 930 942 945
5036 4 2 2 2 497 509 937 841
5037 4 2 2 2 930 489 840 959
5038 4 2 2 2 953 938 514 957
5039 4 2 2 2 866 756 755 911
5040 4 2 2 2 386 950 901 395
5041 4 2 2 2 869 514 953 937
5042 4 2 2 2 386 950 952 901
5043 4 2 2 2 950 378 386 952
5044 4 2 2 2 940 958 947 897
5045 4 2 2 2 362 361 932 378
5046 4 2 2 2 939 504 934 955
5047 4 2 2 2 954 794 955 891
5048 4 2 2 2 528 949 943 946
5049 4 2 2 2 932 940 958 947
5050 4 2 2 2 940 958 897 943
5051 4 2 2 2 525 871 503 942
5052 4 2 2 2 505 526 538 528
5053 4 2 2 2 884 940 883 913
5054 4 2 2 2 940 878 307 922
5055 4 2 2 2 386 305 306 923
5056 4 2 2 2 496 932 495 936
5057 4 2 2 2 939 954 794 955
5058 4 2 2 2 932 931 940 950
5059 4 2 2 2 496 360 362 508
5060 4 2 2 2 940 533 505 944
5061 4 2 2 2 509 869 863 937
5062 4 2 2 2 492 933 931 949
5063 4 2 2 2 542 492 933 495
5064 4 2 2 2 525 543 494 871
5065 4 2 2 2 509 496 936 939
5066 4 2 2 2 871 850 942 840
5067 4 2 2 2 936 863 939 888
5068 4 2 2 2 878 395 307 922
5069 4 2 2 2 940 949 931 943
5070 4 2 2 2 378 508 382 952
5071 4 2 2 2 538 939 934 896
5072 4 2 2 2 953 893 941 870
5073 4 2 2 2 930 840 942 948
5074 4 2 2 2 939 954 934 896
5075 4 2 2 2 489 930 840 525
5076 4 2 2 2 885 526 915 880
5077 4 2 2 2 533 940 931 944
5078 4 2 2 2 306 395 921 307
5079 4 2 2 2 951 884 883 913
5080 4 2 2 2 887 951 886 906
5081 4 2 2 2 542 957 503 514
5082 4 2 2 2 875 748 905 749
5083 4 2 2 2 931 932 940 958
5084 4 2 2 2 398 878 879 925
5085 4 2 2 2 794 863 862 875
5086 4 2 2 2 941 953 957 890
5087 4 2 2 2 528 879 878 925
5088 4 2 2 2 939 863 955 794
5089 4 2 2 2 508 538 506 526
5090 4 2 2 2 933 957 951 956
5091 4 2 2 2 954 887 751 908
5092 4 2 2 2 503 957 956 941
5093 4 2 2 2 951 882 912 883
5094 4 2 2 2 750 951 904 886
5095 4 2 2 2 959 850 948 955
5096 4 2 2 2 935 939 508 894
5097 4 2 2 2 528 949 946 505
5098 4 2 2 2 542 515 514 870
5099 4 2 2 2 869 514 515 870
5100 4 2 2 2 888 937 863 875
5101 4 2 2 2 947 952 950 901
5102 4 2 2 2 949 945 943 946
5103 4 2 2 2 504 537 934 959
5104 4 2 2 2 959 862 850 955
5105 4 2 2 2 398 877 926 879
5106 4 2 2 2 956 941 957 890
5107 4 2 2 2 870 542 503 514
5108 4 2 2 2 892 942 948 956
5109 4 2 2 2 537 506 934 538
5110 4 2 2 2 958 931 943 940
5111 4 2 2 2 504 493 934 537
5112 4 2 2 2 538 537 930 959
5113 4 2 2 2 503 870 941 856
5114 4 2 2 2 844 542 515 494
5115 4 2 2 2 954 880 885 915
5116 4 2 2 2 505 944 533 530
5117 4 2 2 2 537 505 930 491
5118 4 2 2 2 306 914 881 882
5119 4 2 2 2 877 330 305 299
5120 4 2 2 2 844 542 494 503
5121 4 2 2 2 881 750 907 749
5122 4 2 2 2 905 880 749 748
5123 4 2 2 2 880 905 749 881
5124 4 2 2 2 955 948 954 891
5125 4 2 2 2 748 954 751 829
5126 4 2 2 2 390 533 944 530
5127 4 2 2 2 944 950 395 902
5128 4 2 2 2 489 491 930 525
5129 4 2 2 2 850 959 948 840
5130 4 2 2 2 940 949 505 931
5131 4 2 2 2 938 933 957 951
5132 4 2 2 2 930 525 491 949
5133 4 2 2 2 950 378 377 386
5134 4 2 2 2 942 525 930 949
5135 4 2 2 2 538 528 526 898
5136 4 2 2 2 506 939 934 538
5137 4 2 2 2 750 875 907 749
5138 4 2 2 2 930 491 505 949
5139 4 2 2 2 940 533 931 505
5140 4 2 2 2 933 930 945 949
5141 4 2 2 2 933 542 495 938
5142 4 2 2 2 866 870 856 893
5143 4 2 2 2 401 932 361 377
5144 4 2 2 2 933 492 525 949
5145 4 2 2 2 525 871 840 489
5146 4 2 2 2 525 533 491 949
5147 4 2 2 2 941 893 856 870
5148 4 2 2 2 900 508 952 382
5149 4 2 2 2 525 942 933 949
5150 4 2 2 2 942 871 503 856
5151 4 2 2 2 885 528 884 916
5152 4 2 2 2 933 938 958 951
5153 4 2 2 2 930 538 954 946
5154 4 2 2 2 538 508 939 526
5155 4 2 2 2 533 525 492 949
5156 4 2 2 2 506 505 526 538
5157 4 2 2 2 528 538 946 898
5158 4 2 2 2 489 871 840 501
5159 4 2 2 2 503 933 942 956
5160 4 2 2 2 505 930 949 946
5161 4 2 2 2 949 945 933 943
5162 4 2 2 2 945 949 930 946
5163 4 2 2 2 958 933 951 943
5164 4 2 2 2 953 869 937 875
5165 4 2 2 2 505 538 946 528
5166 4 2 2 2 525 543 871 489
5167 4 2 2 2 378 382 386 952
5168 4 2 2 2 897 958 951 943
5169 4 2 2 2 946 954 898 538
5170 4 2 2 2 942 949 930 933
5171 4 2 2 2 537 538 934 959
5172 4 2 2 2 489 930 537 959
5173 4 2 2 2 933 931 949 943
5174 4 2 2 2 491 489 930 537
5175 4 2 2 2 533 372 390 944
5176 4 2 2 2 372 533 931 944
5177 4 2 2 2 951 957 890 956
5178 4 2 2 2 504 939 509 955
5179 4 2 2 2 372 402 390 389
5180 4 2 2 2 956 503 941 942
5181 4 2 2 2 930 954 948 945
5182 4 2 2 2 360 362 508 382
5183 4 2 2 2 492 533 949 931
5184 4 2 2 2 844 503 871 856
5185 4 2 2 2 942 840 850 948
5186 4 2 2 2 307 882 883 940
5187 4 2 2 2 882 307 306 940
5188 4 2 2 2 543 501 871 489
5189 4 2 2 2 509 504 955 862
5190 4 2 2 2 930 942 945 948
5191 4 2 2 2 377 386 395 950
5192 4 2 2 2 862 959 850 504
5193 4 2 2 2 939 506 508 538
5194 4 2 2 2 930 954 945 946
5195 4 2 2 2 955 509 862 863
5196 4 2 2 2 840 504 850 959
5197 4 2 2 2 879 884 885 528
5198 4 2 2 2 884 879 878 528
5199 4 2 2 2 933 951 943 945
5200 4 2 2 2 954 959 930 948
5201 4 2 2 2 942 933 945 956
5202 4 2 2 2 372 390 395 389
5203 4 2 2 2 390 372 395 944
5204 4 2 2 2 942 945 948 956
5205 4 2 2 2 503 494 844 871
5206 4 2 2 2 933 951 945 956
5207 4 2 2 2 299 879 877 398
5208 4 2 2 2 879 299 304 398
5209 4 2 2 2 304 878 879 398
5210 4 2 2 2 954 959 948 955
5211 4 2 2 2 840 930 959 948
5212 4 2 2 2 751 880 885 954
5213 4 2 2 2 880 751 748 954
5214 4 2 2 2 885 887 751 954
5215 4 2 2 2 957 870 953 941
5216 4 2 2 2 882 886 883 951
5217 4 2 2 2 886 882 750 951
5218 4 2 2 2 884 886 887 951
5219 4 2 2 2 886 884 883 951
5220 4 2 2 2 303 307 878 395
5221 4 2 2 2 954 939 934 955
5222 4 2 2 2 533 491 949 505
5223 4 2 2 2 505 931 949 533
5224 4 2 2 2 506 537 934 493
5225 4 2 2 2 862 959 504 955
5226 4 2 2 2 955 509 863 939
5227 4 2 2 2 959 954 934 955
5228 4 2 2 2 869 863 937 875
5229 4 2 2 2 870 957 953 514
5230 4 2 2 2 934 504 959 955
5231 4 2 2 2 912 928 882 919
5232 4 2 2 2 928 914 882 919
5233 4 2 2 2 914 888 918 907
5234 4 2 2 2 914 888 894 918
5235 4 2 2 2 881 905 918 917
5236 4 2 2 2 881 907 914 918
5237 4 2 2 2 914 889 888 907
5238 4 2 2 2 888 918 907 905
5239 4 2 2 2 306 914 928 923
5240 4 2 2 2 850 910 908 891
5241 4 2 2 2 850 908 892 891
5242 4 2 2 2 829 850 891 910
5243 4 2 2 2 911 850 799 835
5244 4 2 2 2 751 850 910 908
5245 4 2 2 2 751 850 829 910
5246 4 2 2 2 922 940 903 902
5247 4 2 2 2 940 913 899 897
5248 4 2 2 2 921 940 922 902
5249 4 2 2 2 940 925 922 903
5250 4 2 2 2 940 912 913 897
5251 4 2 2 2 923 386 900 901
5252 4 2 2 2 386 927 923 900
5253 4 2 2 2 928 386 923 901
5254 4 2 2 2 386 924 927 900
5255 4 2 2 2 386 305 923 927
5256 4 2 2 2 306 386 923 928
5257 4 2 2 2 417 386 900 924
5258 4 2 2 2 386 924 305 927
5259 4 2 2 2 305 330 924 386
5260 4 2 2 2 941 911 799 893
5261 4 2 2 2 911 850 941 799
5262 4 2 2 2 906 941 892 890
5263 4 2 2 2 526 926 418 417
5264 4 2 2 2 915 526 898 896
5265 4 2 2 2 926 526 929 417
5266 4 2 2 2 526 900 924 417
5267 4 2 2 2 526 920 915 898
5268 4 2 2 2 924 526 417 929
5269 4 2 2 2 917 526 915 896
5270 4 2 2 2 894 526 917 896
5271 4 2 2 2 877 526 924 929
5272 4 2 2 2 526 918 894 917
5273 4 2 2 2 918 924 917 526
5274 4 2 2 2 925 390 922 903
5275 4 2 2 2 390 902 922 903
5276 4 2 2 2 528 916 898 899
5277 4 2 2 2 920 528 916 898
5278 4 2 2 2 526 920 898 528
5279 4 2 2 2 925 940 528 903
5280 4 2 2 2 925 528 418 903
5281 4 2 2 2 914 947 895 919
5282 4 2 2 2 912 947 919 895
5283 4 2 2 2 947 912 897 895
5284 4 2 2 2 940 947 912 897
5285 4 2 2 2 947 894 914 895
5286 4 2 2 2 923 947 928 901
5287 4 2 2 2 914 900 894 947
5288 4 2 2 2 947 900 901 923
5289 4 2 2 2 900 914 923 947
5290 4 2 2 2 395 921 922 902
5291 4 2 2 2 902 390 922 395
5292 4 2 2 2 901 395 902 921
5293 4 2 2 2 895 951 912 897
5294 4 2 2 2 951 913 912 897
5295 4 2 2 2 936 951 889 895
5296 4 2 2 2 889 951 890 904
5297 4 2 2 2 951 906 890 904
5298 4 2 2 2 951 899 913 897
5299 4 2 2 2 951 919 895 912
5300 4 2 2 2 892 951 906 890
5301 4 2 2 2 951 914 895 919
5302 4 2 2 2 889 914 895 951
5303 4 2 2 2 909 951 889 904
5304 4 2 2 2 914 951 882 919
5305 4 2 2 2 907 951 909 750
5306 4 2 2 2 417 398 926 418
5307 4 2 2 2 925 398 418 926
5308 4 2 2 2 398 929 417 926
5309 4 2 2 2 924 398 929 417
5310 4 2 2 2 924 398 877 929
5311 4 2 2 2 330 877 924 398
5312 4 2 2 2 947 900 952 901
5313 4 2 2 2 952 894 900 947
5314 4 2 2 2 953 831 893 796
5315 4 2 2 2 904 953 890 889
5316 4 2 2 2 904 953 889 909
5317 4 2 2 2 954 829 891 910
5318 4 2 2 2 908 954 891 910
5319 4 2 2 2 915 954 896 898
5320 4 2 2 2 794 954 829 891
5321 4 2 2 2 916 954 920 898
5322 4 2 2 2 915 954 898 920
5323 4 2 2 2 954 830 794 829
5324 4 2 2 2 954 917 915 896
5325 4 2 2 2 905 954 830 794
5326 4 2 2 2 905 954 748 830
5327 4 2 2 2 799 866 893 911
5328 4 2 2 2 831 866 911 893
5329 4 2 2 2 905 875 907 888
5330 4 2 2 2 889 875 888 907
5331 4 2 2 2 794 875 905 888
5332 4 2 2 2 909 875 889 907
5333 4 2 2 2 875 909 889 953
5334 4 2 2 2 794 875 830 905
5335 4 2 2 2 875 748 830 905
5336 4 2 2 2 916 951 913 884
5337 4 2 2 2 951 954 916 945
5338 4 2 2 2 951 954 908 887
5339 4 2 2 2 954 951 908 945
5340 4 2 2 2 951 908 906 887
5341 4 2 2 2 386 921 901 928
5342 4 2 2 2 921 386 901 395
5343 4 2 2 2 921 386 306 928
5344 4 2 2 2 306 395 386 921
5345 4 2 2 2 936 947 894 935
5346 4 2 2 2 947 936 894 895
5347 4 2 2 2 395 925 922 878
5348 4 2 2 2 925 390 395 922
5349 4 2 2 2 395 398 925 878
5350 4 2 2 2 398 395 925 390
5351 4 2 2 2 885 526 920 915
5352 4 2 2 2 526 885 920 528
5353 4 2 2 2 528 926 879 925
5354 4 2 2 2 528 926 925 418
5355 4 2 2 2 926 528 526 418
5356 4 2 2 2 750 953 904 909
5357 4 2 2 2 750 875 953 909
5358 4 2 2 2 526 382 900 417
5359 4 2 2 2 382 526 900 508
5360 4 2 2 2 939 526 894 896
5361 4 2 2 2 526 939 894 508
5362 4 2 2 2 881 923 306 305
5363 4 2 2 2 914 306 881 923
5364 4 2 2 2 881 923 918 914
5365 4 2 2 2 924 881 918 917
5366 4 2 2 2 907 881 905 918
5367 4 2 2 2 881 907 905 749
5368 4 2 2 2 943 951 899 945
5369 4 2 2 2 951 943 899 897
5370 4 2 2 2 914 750 881 882
5371 4 2 2 2 750 914 881 907
5372 4 2 2 2 750 914 951 882
5373 4 2 2 2 750 914 907 951
5374 4 2 2 2 880 905 954 748
5375 4 2 2 2 880 905 917 954
5376 4 2 2 2 835 866 799 911
5377 4 2 2 2 866 835 756 911
5378 4 2 2 2 916 940 913 899
5379 4 2 2 2 916 940 899 528
5380 4 2 2 2 916 940 884 913
5381 4 2 2 2 940 916 884 528
5382 4 2 2 2 377 931 932 950
5383 4 2 2 2 377 931 372 932
5384 4 2 2 2 886 756 911 755
5385 4 2 2 2 886 911 831 755
5386 4 2 2 2 936 947 938 895
5387 4 2 2 2 947 938 895 958
5388 4 2 2 2 911 887 756 886
5389 4 2 2 2 911 887 886 906
5390 4 2 2 2 936 932 947 935
5391 4 2 2 2 514 936 953 937
5392 4 2 2 2 936 514 953 938
5393 4 2 2 2 936 509 863 937
5394 4 2 2 2 509 936 863 939
5395 4 2 2 2 952 932 947 950
5396 4 2 2 2 932 935 952 947
5397 4 2 2 2 924 881 877 305
5398 4 2 2 2 938 542 495 514
5399 4 2 2 2 938 542 514 957
5400 4 2 2 2 495 401 492 932
5401 4 2 2 2 495 401 932 361
5402 4 2 2 2 751 756 908 887
5403 4 2 2 2 911 908 756 887
5404 4 2 2 2 908 911 906 887
5405 4 2 2 2 835 751 756 908
5406 4 2 2 2 835 751 908 850
5407 4 2 2 2 911 908 835 756
5408 4 2 2 2 908 911 835 850
5409 4 2 2 2 495 947 932 958
5410 4 2 2 2 495 947 958 938
5411 4 2 2 2 936 495 947 932
5412 4 2 2 2 495 936 947 938
5413 4 2 2 2 885 887 916 884
5414 4 2 2 2 887 885 916 954
5415 4 2 2 2 916 887 951 884
5416 4 2 2 2 887 916 951 954
5417 4 2 2 2 940 949 528 505
5418 4 2 2 2 949 940 528 943
5419 4 2 2 2 496 939 935 936
5420 4 2 2 2 508 496 939 935
5421 4 2 2 2 878 883 940 307
5422 4 2 2 2 493 939 504 934
5423 4 2 2 2 509 493 939 504
5424 4 2 2 2 878 883 884 940
5425 4 2 2 2 884 878 940 528
5426 4 2 2 2 493 939 506 508
5427 4 2 2 2 939 493 506 934
5428 4 2 2 2 959 538 954 930
5429 4 2 2 2 538 959 954 934
5430 4 2 2 2 885 877 526 880
5431 4 2 2 2 957 503 870 941
5432 4 2 2 2 503 514 957 870
5433 4 2 2 2 924 880 881 917
5434 4 2 2 2 924 880 917 526
5435 4 2 2 2 880 924 881 877
5436 4 2 2 2 880 924 877 526
5437 4 2 2 2 885 877 926 526
5438 4 2 2 2 926 885 526 528
5439 4 2 2 2 877 885 926 879
5440 4 2 2 2 885 926 879 528
5441 4 2 2 2 750 831 755 886
5442 4 2 2 2 750 831 953 875
5443 4 2 2 2 917 888 918 894
5444 4 2 2 2 888 917 918 905
5445 4 2 2 2 914 928 923 947
5446 4 2 2 2 914 928 947 919
5447 4 2 2 2 918 900 526 894
5448 4 2 2 2 914 900 918 894
5449 4 2 2 2 881 924 927 305
5450 4 2 2 2 924 881 927 918
5451 4 2 2 2 923 881 927 305
5452 4 2 2 2 881 923 927 918
5453 4 2 2 2 918 900 923 927
5454 4 2 2 2 900 914 918 923
5455 4 2 2 2 894 889 914 895
5456 4 2 2 2 889 894 914 888
5457 4 2 2 2 889 894 936 895
5458 4 2 2 2 894 889 936 888
5459 4 2 2 2 914 889 907 951
5460 4 2 2 2 907 951 889 909
5461 4 2 2 2 939 888 896 894
5462 4 2 2 2 794 939 888 896
5463 4 2 2 2 896 888 917 894
5464 4 2 2 2 905 896 954 794
5465 4 2 2 2 905 896 917 954
5466 4 2 2 2 888 896 905 794
5467 4 2 2 2 896 888 905 917
5468 4 2 2 2 928 912 947 919
5469 4 2 2 2 900 918 924 927
5470 4 2 2 2 918 900 924 526
5471 4 2 2 2 916 951 899 913
5472 4 2 2 2 945 916 951 899
5473 4 2 2 2 951 908 892 906
5474 4 2 2 2 945 908 892 951
5475 4 2 2 2 390 418 530 903
5476 4 2 2 2 418 390 925 903
5477 4 2 2 2 390 418 925 398
5478 4 2 2 2 382 417 310 386
5479 4 2 2 2 794 850 891 829
5480 4 2 2 2 891 945 908 892
5481 4 2 2 2 945 891 908 954
5482 4 2 2 2 945 891 948 892
5483 4 2 2 2 891 945 948 954
5484 4 2 2 2 945 898 899 946
5485 4 2 2 2 945 898 946 954
5486 4 2 2 2 945 898 916 899
5487 4 2 2 2 954 916 945 898
5488 4 2 2 2 870 866 796 893
5489 4 2 2 2 796 866 831 893
5490 4 2 2 2 533 401 402 372
5491 4 2 2 2 533 401 931 492
5492 4 2 2 2 401 533 931 372
5493 4 2 2 2 372 402 533 390
5494 4 2 2 2 911 892 906 941
5495 4 2 2 2 892 911 850 941
5496 4 2 2 2 911 892 908 906
5497 4 2 2 2 892 911 908 850
5498 4 2 2 2 904 941 906 890
5499 4 2 2 2 941 904 953 890
5500 4 2 2 2 911 886 941 906
5501 4 2 2 2 941 886 904 906
5502 4 2 2 2 377 389 372 395
5503 4 2 2 2 944 377 372 395
5504 4 2 2 2 944 377 395 950
5505 4 2 2 2 377 931 944 372
5506 4 2 2 2 931 377 944 950
5507 4 2 2 2 911 886 831 941
5508 4 2 2 2 941 831 911 893
5509 4 2 2 2 953 831 941 893
5510 4 2 2 2 878 304 303 398
5511 4 2 2 2 303 878 398 395
5512 4 2 2 2 750 831 904 953
5513 4 2 2 2 831 750 904 886
5514 4 2 2 2 904 831 941 953
5515 4 2 2 2 831 886 904 941
5516 4 2 2 2 306 912 882 940
5517 4 2 2 2 912 928 306 882
5518 4 2 2 2 921 947 901 928
5519 4 2 2 2 912 921 947 940
5520 4 2 2 2 928 912 921 947
5521 4 2 2 2 912 306 921 940
5522 4 2 2 2 928 912 306 921
5523 4 2 2 2 947 921 902 940
5524 4 2 2 2 921 947 902 901
5525 4 2 2 2 417 330 310 386
5526 4 2 2 2 417 330 386 924
5527 4 2 2 2 417 330 398 310
5528 4 2 2 2 417 330 924 398
5529 4 2 2 2 850 955 794 891
5530 4 2 2 2 955 850 794 862
5531 4 2 2 2 986 1066 992 1101
5532 4 2 2 2 1099 1051 1053 1085
5533 4 2 2 2 1098 977 1026 1024
5534 4 2 2 2 1108 992 1101 994
5535 4 2 2 2 971 1101 1018 1016
5536 4 2 2 2 1070 1058 999 1076
5537 4 2 2 2 1074 1001 1073 1003
5538 4 2 2 2 1074 1079 1001 1003
5539 4 2 2 2 1069 1005 966 1006
5540 4 2 2 2 1069 967 1008 1006
5541 4 2 2 2 994 1000 1089 1077
5542 4 2 2 2 1024 1071 1023 981
5543 4 2 2 2 1016 1071 975 1015
5544 4 2 2 2 1071 980 1022 1023
5545 4 2 2 2 974 1071 1014 1015
5546 4 2 2 2 1076 999 1001 1079
5547 4 2 2 2 979 1079 1022 1019
5548 4 2 2 2 1079 973 1014 1011
5549 4 2 2 2 1053 1052 1051 1099
5550 4 2 2 2 1111 976 1020 1027
5551 4 2 2 2 1066 986 988 1101
5552 4 2 2 2 1015 1101 975 1016
5553 4 2 2 2 1007 1104 964 1010
5554 4 2 2 2 1079 1068 999 993
5555 4 2 2 2 1067 986 992 1069
5556 4 2 2 2 1076 999 1070 1001
5557 4 2 2 2 1093 967 1006 1008
5558 4 2 2 2 997 1079 995 1084
5559 4 2 2 2 976 1111 1021 1027
5560 4 2 2 2 1090 1008 968 1009
5561 4 2 2 2 1013 978 1025 972
5562 4 2 2 2 1012 977 971 1018
5563 4 2 2 2 1068 1070 1058 999
5564 4 2 2 2 993 1079 1078 995
5565 4 2 2 2 1052 1053 1059 1099
5566 4 2 2 2 978 1013 1020 976
5567 4 2 2 2 977 1012 976 1021
5568 4 2 2 2 1104 964 1010 1005
5569 4 2 2 2 1089 1101 996 994
5570 4 2 2 2 1079 997 1071 1084
5571 4 2 2 2 1048 1062 1047 1086
5572 4 2 2 2 1067 992 993 1069
5573 4 2 2 2 986 1067 987 1069
5574 4 2 2 2 1048 1062 1086 1063
5575 4 2 2 2 1090 1086 996 997
5576 4 2 2 2 1037 1034 1036 1109
5577 4 2 2 2 1047 1061 1100 1088
5578 4 2 2 2 1061 1048 1047 1100
5579 4 2 2 2 993 1069 995 1078
5580 4 2 2 2 1104 1099 1093 987
5581 4 2 2 2 1048 1061 1064 1100
5582 4 2 2 2 1052 1068 1058 1078
5583 4 2 2 2 1035 1048 1061 1064
5584 4 2 2 2 1101 990 988 1110
5585 4 2 2 2 1035 1048 1047 1061
5586 4 2 2 2 1036 1029 1035 1080
5587 4 2 2 2 1067 1104 986 987
5588 4 2 2 2 986 1066 988 1107
5589 4 2 2 2 1041 1035 1061 1064
5590 4 2 2 2 1041 1035 1040 1061
5591 4 2 2 2 1074 1079 1003 1071
5592 4 2 2 2 1105 1080 1062 1047
5593 4 2 2 2 1071 1002 1003 1088
5594 4 2 2 2 996 1071 997 1086
5595 4 2 2 2 992 1068 998 1077
5596 4 2 2 2 1073 1088 1003 1087
5597 4 2 2 2 1053 1051 1094 1085
5598 4 2 2 2 1071 1100 1002 1088
5599 4 2 2 2 1078 1083 1069 995
5600 4 2 2 2 995 1083 997 1084
5601 4 2 2 2 1101 1086 1089 996
5602 4 2 2 2 1098 1100 1002 1000
5603 4 2 2 2 1069 987 989 1099
5604 4 2 2 2 1078 1083 995 1084
5605 4 2 2 2 1044 1037 1050 1065
5606 4 2 2 2 1083 1094 1085 1090
5607 4 2 2 2 1058 999 1076 1079
5608 4 2 2 2 1069 1051 1085 1083
5609 4 2 2 2 991 1083 1085 1090
5610 4 2 2 2 1091 990 991 1094
5611 4 2 2 2 1068 1079 1078 993
5612 4 2 2 2 1080 1055 1054 1092
5613 4 2 2 2 1090 975 1015 1101
5614 4 2 2 2 1107 1067 1104 986
5615 4 2 2 2 1074 1076 1073 1001
5616 4 2 2 2 1083 1086 1090 997
5617 4 2 2 2 1025 972 978 1079
5618 4 2 2 2 1084 1086 1083 997
5619 4 2 2 2 1093 1085 991 989
5620 4 2 2 2 1065 1048 1064 1100
5621 4 2 2 2 1086 1084 1071 997
5622 4 2 2 2 1042 1087 1074 1073
5623 4 2 2 2 1074 1076 1001 1079
5624 4 2 2 2 1066 1067 986 992
5625 4 2 2 2 1075 1082 1042 1046
5626 4 2 2 2 990 1094 1090 991
5627 4 2 2 2 1100 1061 1087 1088
5628 4 2 2 2 1066 1055 1063 1110
5629 4 2 2 2 988 1066 1101 1110
5630 4 2 2 2 1053 1099 1085 1093
5631 4 2 2 2 1095 1080 1062 1105
5632 4 2 2 2 1086 1101 1090 996
5633 4 2 2 2 1058 1070 1043 1076
5634 4 2 2 2 1095 1097 1075 1032
5635 4 2 2 2 1060 1052 1059 1099
5636 4 2 2 2 1085 1099 1069 989
5637 4 2 2 2 1076 1070 1073 1001
5638 4 2 2 2 999 1044 1070 1111
5639 4 2 2 2 1068 1052 1067 1078
5640 4 2 2 2 1037 1044 1049 1065
5641 4 2 2 2 1034 1056 1055 1109
5642 4 2 2 2 1080 1054 1062 1092
5643 4 2 2 2 1042 1082 1076 1046
5644 4 2 2 2 1078 1067 993 1069
5645 4 2 2 2 1063 1086 1089 1101
5646 4 2 2 2 978 1079 979 1019
5647 4 2 2 2 972 1079 1011 973
5648 4 2 2 2 1086 1048 1063 1089
5649 4 2 2 2 1002 1087 1003 1088
5650 4 2 2 2 1003 1074 1071 1088
5651 4 2 2 2 1079 1068 1058 999
5652 4 2 2 2 1043 1068 1070 1058
5653 4 2 2 2 1048 1112 1077 1100
5654 4 2 2 2 1089 1086 1071 996
5655 4 2 2 2 1099 1085 1093 989
5656 4 2 2 2 1084 1078 1079 995
5657 4 2 2 2 1071 1046 1079 1084
5658 4 2 2 2 1042 1075 1046 1074
5659 4 2 2 2 1104 1067 1099 987
5660 4 2 2 2 988 1066 1110 1107
5661 4 2 2 2 1080 1075 1047 1105
5662 4 2 2 2 1055 1080 1063 1092
5663 4 2 2 2 1069 1102 1083 1078
5664 4 2 2 2 1112 1098 1111 1000
5665 4 2 2 2 1090 1110 990 1101
5666 4 2 2 2 1051 1113 1052 1053
5667 4 2 2 2 1045 1049 1044 1068
5668 4 2 2 2 1100 1087 1098 1002
5669 4 2 2 2 1048 1086 1047 1089
5670 4 2 2 2 1067 1099 987 1069
5671 4 2 2 2 1097 1032 1030 1075
5672 4 2 2 2 980 1073 979 1022
5673 4 2 2 2 1077 1067 1066 992
5674 4 2 2 2 1035 1036 1048 1064
5675 4 2 2 2 1087 1100 1088 1002
5676 4 2 2 2 992 1066 1077 1108
5677 4 2 2 2 1062 1083 1086 1090
5678 4 2 2 2 1094 1051 1083 1085
5679 4 2 2 2 92 1034 1037 1109
5680 4 2 2 2 1069 972 1011 973
5681 4 2 2 2 1036 1035 1041 1064
5682 4 2 2 2 1069 966 967 1006
5683 4 2 2 2 979 1070 978 1019
5684 4 2 2 2 1077 1100 1000 1089
5685 4 2 2 2 1109 1056 1055 1057
5686 4 2 2 2 1071 981 980 1023
5687 4 2 2 2 975 1071 974 1015
5688 4 2 2 2 969 1091 1009 968
5689 4 2 2 2 1073 1088 1074 1003
5690 4 2 2 2 1000 1077 998 1112
5691 4 2 2 2 999 1044 1068 1070
5692 4 2 2 2 1092 1080 1063 1062
5693 4 2 2 2 1104 965 1007 964
5694 4 2 2 2 1037 1036 1050 1065
5695 4 2 2 2 975 1101 971 1016
5696 4 2 2 2 1042 1030 1103 1072
5697 4 2 2 2 1108 992 994 1077
5698 4 2 2 2 1090 975 974 1015
5699 4 2 2 2 1098 1112 1100 1000
5700 4 2 2 2 1111 978 1020 976
5701 4 2 2 2 1069 1102 1051 1083
5702 4 2 2 2 1093 968 967 1008
5703 4 2 2 2 1098 981 977 1024
5704 4 2 2 2 1047 1089 1086 1071
5705 4 2 2 2 1101 1062 1086 1090
5706 4 2 2 2 1046 1058 1076 1079
5707 4 2 2 2 1082 1043 1076 1058
5708 4 2 2 2 1060 1052 1099 1067
5709 4 2 2 2 1095 1097 1033 1075
5710 4 2 2 2 1000 1111 1112 998
5711 4 2 2 2 1110 1057 1055 1107
5712 4 2 2 2 1113 1052 1053 1059
5713 4 2 2 2 1105 1071 1086 1084
5714 4 2 2 2 1042 1030 1075 1103
5715 4 2 2 2 1066 992 1101 1108
5716 4 2 2 2 1077 1067 992 1068
5717 4 2 2 2 1053 1094 1091 1093
5718 4 2 2 2 1046 1047 1071 1074
5719 4 2 2 2 1067 1107 1066 986
5720 4 2 2 2 1051 1113 1102 1052
5721 4 2 2 2 1081 1052 1068 1058
5722 4 2 2 2 992 1067 993 1068
5723 4 2 2 2 1100 1077 1000 1112
5724 4 2 2 2 1080 1035 1048 1047
5725 4 2 2 2 1062 1101 1092 1090
5726 4 2 2 2 969 1090 968 1009
5727 4 2 2 2 1080 1048 1062 1047
5728 4 2 2 2 1071 1105 1046 1084
5729 4 2 2 2 1063 1080 1048 1062
5730 4 2 2 2 968 963 1091 1093
5731 4 2 2 2 1075 1080 1095 1105
5732 4 2 2 2 1074 1079 1071 1046
5733 4 2 2 2 1057 1110 1066 1107
5734 4 2 2 2 1038 1039 1037 1116
5735 4 2 2 2 1102 1083 1078 1084
5736 4 2 2 2 1080 1075 1035 1047
5737 4 2 2 2 1085 1090 1094 991
5738 4 2 2 2 1077 1048 1100 1089
5739 4 2 2 2 1086 1063 1062 1101
5740 4 2 2 2 976 972 1013 970
5741 4 2 2 2 978 1013 976 972
5742 4 2 2 2 1012 977 970 971
5743 4 2 2 2 977 1012 970 976
5744 4 2 2 2 1042 1061 1074 1087
5745 4 2 2 2 1036 1037 1049 1065
5746 4 2 2 2 1111 977 976 1021
5747 4 2 2 2 1075 1042 1103 1074
5748 4 2 2 2 92 1037 1116 1118
5749 4 2 2 2 1045 1056 1057 1060
5750 4 2 2 2 1104 1059 1093 1099
5751 4 2 2 2 1045 1037 1044 1049
5752 4 2 2 2 1061 1075 1103 1074
5753 4 2 2 2 1055 1066 1057 1110
5754 4 2 2 2 1093 1094 1091 991
5755 4 2 2 2 1031 1059 1052 1113
5756 4 2 2 2 1074 1076 1042 1073
5757 4 2 2 2 1048 1047 1100 1089
5758 4 2 2 2 1036 1039 1037 1050
5759 4 2 2 2 1101 1092 1090 1110
5760 4 2 2 2 1059 1053 1093 1099
5761 4 2 2 2 1083 1105 1086 1084
5762 4 2 2 2 1080 1109 1063 1048
5763 4 2 2 2 1029 1033 1097 1075
5764 4 2 2 2 1034 92 1056 1109
5765 4 2 2 2 983 977 1111 1098
5766 4 2 2 2 1081 1082 1058 1043
5767 4 2 2 2 1067 1081 1052 1068
5768 4 2 2 2 1054 1053 1094 1091
5769 4 2 2 2 1065 1068 1049 1112
5770 4 2 2 2 1045 92 1037 1056
5771 4 2 2 2 1068 1079 1058 1078
5772 4 2 2 2 1030 1042 1075 1082
5773 4 2 2 2 1045 1052 1060 1067
5774 4 2 2 2 1063 1034 1055 1109
5775 4 2 2 2 1045 1056 1037 1057
5776 4 2 2 2 1074 1103 1061 1042
5777 4 2 2 2 1034 1063 1055 1080
5778 4 2 2 2 1068 1112 998 1077
5779 4 2 2 2 1102 1031 1052 1113
5780 4 2 2 2 1075 1082 1046 1032
5781 4 2 2 2 1065 1100 1098 1112
5782 4 2 2 2 1037 1045 1057 1066
5783 4 2 2 2 1068 1065 1044 1112
5784 4 2 2 2 1094 1093 1085 991
5785 4 2 2 2 1049 1048 1112 1077
5786 4 2 2 2 1090 1092 990 1110
5787 4 2 2 2 1102 1069 1052 1078
5788 4 2 2 2 1046 1032 1082 1102
5789 4 2 2 2 1079 1102 1078 1084
5790 4 2 2 2 1052 1067 1078 1069
5791 4 2 2 2 1055 1109 1066 1063
5792 4 2 2 2 1076 1074 1046 1079
5793 4 2 2 2 1083 1102 1051 1084
5794 4 2 2 2 1068 1078 1067 993
5795 4 2 2 2 1051 1113 1053 1032
5796 4 2 2 2 1046 1042 1074 1076
5797 4 2 2 2 1042 1030 1072 1082
5798 4 2 2 2 1088 1073 1074 1087
5799 4 2 2 2 1046 1058 1079 1102
5800 4 2 2 2 1053 1094 1093 1085
5801 4 2 2 2 1083 1105 1084 1051
5802 4 2 2 2 1043 1068 1044 1070
5803 4 2 2 2 1101 1089 1108 994
5804 4 2 2 2 1105 1062 1083 1086
5805 4 2 2 2 1077 1048 1089 1108
5806 4 2 2 2 1091 1092 990 1094
5807 4 2 2 2 1032 1046 1105 1102
5808 4 2 2 2 1082 1076 1046 1102
5809 4 2 2 2 1037 1038 1044 1050
5810 4 2 2 2 1065 1098 1111 1112
5811 4 2 2 2 1052 1051 1069 1102
5812 4 2 2 2 1099 1067 1052 1069
5813 4 2 2 2 1105 1071 1047 1086
5814 4 2 2 2 1066 1063 1101 1110
5815 4 2 2 2 984 979 980 1073
5816 4 2 2 2 1045 1057 1066 1067
5817 4 2 2 2 1032 1046 1075 1105
5818 4 2 2 2 1092 1090 990 1094
5819 4 2 2 2 1036 1049 1109 1048
5820 4 2 2 2 1061 1047 1074 1088
5821 4 2 2 2 1035 1036 1080 1048
5822 4 2 2 2 1047 1046 1071 1105
5823 4 2 2 2 967 972 966 1069
5824 4 2 2 2 972 967 973 1069
5825 4 2 2 2 981 974 975 1071
5826 4 2 2 2 974 981 980 1071
5827 4 2 2 2 1031 1058 1052 1081
5828 4 2 2 2 962 968 967 1093
5829 4 2 2 2 968 962 963 1093
5830 4 2 2 2 1065 1100 1064 1098
5831 4 2 2 2 975 968 969 1090
5832 4 2 2 2 968 975 974 1090
5833 4 2 2 2 1105 1032 1102 1051
5834 4 2 2 2 1051 1095 1053 1094
5835 4 2 2 2 1096 1052 1059 1060
5836 4 2 2 2 1045 1037 1049 1066
5837 4 2 2 2 1102 1079 1046 1084
5838 4 2 2 2 978 973 979 1079
5839 4 2 2 2 973 978 972 1079
5840 4 2 2 2 963 969 968 1091
5841 4 2 2 2 1062 1095 1051 1094
5842 4 2 2 2 1076 1082 1058 1102
5843 4 2 2 2 1062 1051 1105 1083
5844 4 2 2 2 1074 1075 1046 1105
5845 4 2 2 2 1113 1051 1102 1032
5846 4 2 2 2 1063 1062 1101 1092
5847 4 2 2 2 1032 1053 1051 1095
5848 4 2 2 2 1068 1066 1049 1077
5849 4 2 2 2 1092 1101 1063 1110
5850 4 2 2 2 1076 1102 1058 1046
5851 4 2 2 2 1037 1036 1049 1109
5852 4 2 2 2 983 976 982 1111
5853 4 2 2 2 976 983 977 1111
5854 4 2 2 2 978 982 976 1111
5855 4 2 2 2 1068 1049 1112 1077
5856 4 2 2 2 1033 1075 1080 1095
5857 4 2 2 2 1066 1068 1067 1077
5858 4 2 2 2 1075 1074 1047 1105
5859 4 2 2 2 1079 1102 1058 1078
5860 4 2 2 2 1052 1058 1102 1078
5861 4 2 2 2 1057 1045 1060 1067
5862 4 2 2 2 1053 1095 1054 1094
5863 4 2 2 2 1039 1038 1037 1050
5864 4 2 2 2 1107 1067 1060 1104
5865 4 2 2 2 1075 1061 1103 1035
5866 4 2 2 2 1109 1055 1066 1057
5867 4 2 2 2 1089 1077 1108 994
5868 4 2 2 2 965 960 964 1104
5869 4 2 2 2 1061 1074 1087 1088
5870 4 2 2 2 1095 1062 1054 1094
5871 4 2 2 2 1031 1102 1082 1113
5872 4 2 2 2 1035 1040 1061 1103
5873 4 2 2 2 1049 1048 1077 1108
5874 4 2 2 2 1089 1063 1101 1108
5875 4 2 2 2 1075 1082 1032 1030
5876 4 2 2 2 1057 1037 1066 1109
5877 4 2 2 2 1063 1055 1092 1110
5878 4 2 2 2 1046 1047 1074 1105
5879 4 2 2 2 1044 1112 1065 1111
5880 4 2 2 2 1059 1031 1052 1096
5881 4 2 2 2 1047 1062 1105 1086
5882 4 2 2 2 1044 1049 1065 1068
5883 4 2 2 2 1113 1082 1032 1102
5884 4 2 2 2 1081 1082 1031 1058
5885 4 2 2 2 1056 1037 1057 1109
5886 4 2 2 2 92 1109 1037 1056
5887 4 2 2 2 1063 1066 1101 1108
5888 4 2 2 2 1060 1099 1059 1104
5889 4 2 2 2 1074 1047 1071 1088
5890 4 2 2 2 1095 1062 1051 1105
5891 4 2 2 2 1034 1063 1080 1109
5892 4 2 2 2 1104 1067 1060 1099
5893 4 2 2 2 1054 1062 1092 1094
5894 4 2 2 2 1048 1063 1089 1108
5895 4 2 2 2 1081 1067 1052 1045
5896 4 2 2 2 1048 1109 1063 1108
5897 4 2 2 2 1109 1066 1063 1108
5898 4 2 2 2 1038 1037 1044 1045
5899 4 2 2 2 1037 1066 1109 1049
5900 4 2 2 2 1096 1113 1059 1031
5901 4 2 2 2 1105 1032 1051 1095
5902 4 2 2 2 1081 1096 1052 1031
5903 4 2 2 2 1075 1095 1032 1105
5904 4 2 2 2 1067 1081 1068 1045
5905 4 2 2 2 1049 1109 1048 1108
5906 4 2 2 2 1044 1045 1068 1081
5907 4 2 2 2 1052 1096 1045 1060
5908 4 2 2 2 1090 1092 1062 1094
5909 4 2 2 2 1066 1049 1077 1108
5910 4 2 2 2 1066 1109 1049 1108
5911 4 2 2 2 1096 1081 1052 1045
5912 4 2 2 2 1092 1091 1054 1094
5913 4 2 2 2 1044 1038 1045 1081
5914 4 2 2 2 976 1013 1020 1027
5915 4 2 2 2 1013 978 1020 1025
5916 4 2 2 2 992 1027 1013 1012
5917 4 2 2 2 1020 992 1027 1013
5918 4 2 2 2 1020 992 998 1027
5919 4 2 2 2 1013 1025 1017 972
5920 4 2 2 2 992 1020 993 1013
5921 4 2 2 2 1010 992 1013 1012
5922 4 2 2 2 994 1021 1018 1026
5923 4 2 2 2 1007 992 986 1010
5924 4 2 2 2 976 1012 1027 1021
5925 4 2 2 2 994 1021 1012 1018
5926 4 2 2 2 970 1010 1013 1012
5927 4 2 2 2 1012 977 1018 1021
5928 4 2 2 2 1007 992 1010 1012
5929 4 2 2 2 1024 1018 977 1026
5930 4 2 2 2 1018 1021 977 1026
5931 4 2 2 2 994 1021 1026 1000
5932 4 2 2 2 1006 1069 987 989
5933 4 2 2 2 1069 1011 993 995
5934 4 2 2 2 1008 1069 1006 989
5935 4 2 2 2 1017 1069 1011 993
5936 4 2 2 2 1069 1005 1006 987
5937 4 2 2 2 1069 972 1017 1011
5938 4 2 2 2 992 1069 1013 993
5939 4 2 2 2 1069 1013 993 1017
5940 4 2 2 2 986 1069 987 1005
5941 4 2 2 2 1013 1069 972 1017
5942 4 2 2 2 1070 1019 1001 999
5943 4 2 2 2 1019 1070 1025 999
5944 4 2 2 2 1070 978 1019 1025
5945 4 2 2 2 1023 1071 1002 1003
5946 4 2 2 2 1022 1071 1023 1003
5947 4 2 2 2 1071 1015 996 997
5948 4 2 2 2 1016 1071 1015 996
5949 4 2 2 2 1014 1071 997 1015
5950 4 2 2 2 1071 1024 1023 1002
5951 4 2 2 2 1073 1022 1003 1001
5952 4 2 2 2 1077 1021 1000 998
5953 4 2 2 2 994 1021 1000 1077
5954 4 2 2 2 1012 1077 994 992
5955 4 2 2 2 1021 994 1012 1077
5956 4 2 2 2 999 1079 1019 1001
5957 4 2 2 2 993 1079 995 1011
5958 4 2 2 2 1022 1079 1001 1019
5959 4 2 2 2 997 1079 1014 995
5960 4 2 2 2 1079 997 1014 1071
5961 4 2 2 2 1003 1079 1001 1022
5962 4 2 2 2 1022 1071 1003 1079
5963 4 2 2 2 1017 1079 993 1011
5964 4 2 2 2 1079 1014 995 1011
5965 4 2 2 2 1079 1025 999 1019
5966 4 2 2 2 972 1025 1017 1079
5967 4 2 2 2 972 1079 1017 1011
5968 4 2 2 2 1079 978 1025 1019
5969 4 2 2 2 1087 1023 1002 1003
5970 4 2 2 2 1090 1009 990 991
5971 4 2 2 2 1008 1090 991 1009
5972 4 2 2 2 1015 1090 996 997
5973 4 2 2 2 1009 1091 990 991
5974 4 2 2 2 991 1093 989 1008
5975 4 2 2 2 1006 1093 1008 989
5976 4 2 2 2 1093 987 989 1006
5977 4 2 2 2 1024 1098 1002 1000
5978 4 2 2 2 1026 1098 1024 1000
5979 4 2 2 2 1093 1099 989 987
5980 4 2 2 2 1101 1016 996 994
5981 4 2 2 2 1101 1018 1016 994
5982 4 2 2 2 1101 1015 996 1016
5983 4 2 2 2 1090 1015 996 1101
5984 4 2 2 2 1101 1012 971 1018
5985 4 2 2 2 1012 1101 994 1018
5986 4 2 2 2 986 1101 1007 988
5987 4 2 2 2 992 1007 986 1101
5988 4 2 2 2 1101 992 1012 994
5989 4 2 2 2 1007 992 1012 1101
5990 4 2 2 2 1104 1005 986 987
5991 4 2 2 2 1010 1104 1005 986
5992 4 2 2 2 1007 1104 1010 986
5993 4 2 2 2 1021 1111 998 1027
5994 4 2 2 2 1111 1000 1021 998
5995 4 2 2 2 1020 1111 1027 998
5996 4 2 2 2 999 1111 1020 998
5997 4 2 2 2 1070 1022 1001 1019
5998 4 2 2 2 1070 1022 1073 1001
5999 4 2 2 2 1022 1070 979 1019
6000 4 2 2 2 1070 1022 979 1073
6001 4 2 2 2 1022 1087 1003 1023
6002 4 2 2 2 1087 1022 1003 1073
6003 4 2 2 2 980 1087 1022 1023
6004 4 2 2 2 1087 980 1022 1073
6005 4 2 2 2 1090 1014 1015 974
6006 4 2 2 2 1021 1098 977 1026
6007 4 2 2 2 1111 977 1021 1098
6008 4 2 2 2 1098 1021 1000 1026
6009 4 2 2 2 1021 1098 1000 1111
6010 4 2 2 2 1091 968 1008 1009
6011 4 2 2 2 968 1091 1008 1093
6012 4 2 2 2 1091 1008 991 1009
6013 4 2 2 2 1008 1091 991 1093
6014 4 2 2 2 970 1005 1010 964
6015 4 2 2 2 1005 970 1010 1013
6016 4 2 2 2 1013 976 1012 1027
6017 4 2 2 2 976 1013 1012 970
6018 4 2 2 2 1024 971 1018 1016
6019 4 2 2 2 971 1024 1018 977
6020 4 2 2 2 1007 971 964 965
6021 4 2 2 2 971 1007 1101 965
6022 4 2 2 2 971 1007 1012 1101
6023 4 2 2 2 1111 1025 999 1020
6024 4 2 2 2 1025 1111 999 1070
6025 4 2 2 2 1111 978 1025 1020
6026 4 2 2 2 978 1111 1025 1070
6027 4 2 2 2 962 966 1093 967
6028 4 2 2 2 966 1093 967 1006
6029 4 2 2 2 973 1069 1014 1011
6030 4 2 2 2 1111 1068 1112 998
6031 4 2 2 2 1068 1111 1112 1044
6032 4 2 2 2 1068 1111 999 998
6033 4 2 2 2 1044 999 1068 1111
6034 4 2 2 2 1052 1051 1099 1069
6035 4 2 2 2 1051 1099 1069 1085
6036 4 2 2 2 1087 1042 1106 1073
6037 4 2 2 2 1042 1061 1087 1106
6038 4 2 2 2 1005 970 966 964
6039 4 2 2 2 1024 971 981 977
6040 4 2 2 2 1024 971 1016 975
6041 4 2 2 2 1024 975 1016 1071
6042 4 2 2 2 1024 971 975 981
6043 4 2 2 2 975 1024 981 1071
6044 4 2 2 2 1036 1065 1048 1064
6045 4 2 2 2 1049 1036 1065 1048
6046 4 2 2 2 1062 1051 1083 1094
6047 4 2 2 2 1083 1062 1094 1090
6048 4 2 2 2 1036 1050 1065 1041
6049 4 2 2 2 1065 1036 1041 1064
6050 4 2 2 2 1048 1065 1112 1100
6051 4 2 2 2 1048 1065 1049 1112
6052 4 2 2 2 1029 1080 1075 1035
6053 4 2 2 2 1029 1033 1075 1080
6054 4 2 2 2 1047 1100 1071 1088
6055 4 2 2 2 1100 1047 1071 1089
6056 4 2 2 2 962 966 961 1093
6057 4 2 2 2 1102 1105 1084 1046
6058 4 2 2 2 1105 1102 1084 1051
6059 4 2 2 2 1061 1042 1103 1106
6060 4 2 2 2 1010 971 970 964
6061 4 2 2 2 971 1010 970 1012
6062 4 2 2 2 971 1010 1007 964
6063 4 2 2 2 1010 971 1007 1012
6064 4 2 2 2 1093 1005 1006 966
6065 4 2 2 2 964 1004 960 961
6066 4 2 2 2 1004 964 960 1104
6067 4 2 2 2 964 1004 1005 1104
6068 4 2 2 2 1005 1004 1093 1104
6069 4 2 2 2 1031 1058 1102 1052
6070 4 2 2 2 1058 1031 1102 1082
6071 4 2 2 2 965 975 1101 971
6072 4 2 2 2 1081 1068 1043 1058
6073 4 2 2 2 1068 1081 1043 1044
6074 4 2 2 2 965 975 969 1101
6075 4 2 2 2 975 969 1101 1090
6076 4 2 2 2 92 1045 1037 1118
6077 4 2 2 2 1095 1080 1054 1062
6078 4 2 2 2 1067 1057 1107 1060
6079 4 2 2 2 1057 1067 1107 1066
6080 4 2 2 2 1075 1061 1035 1047
6081 4 2 2 2 1075 1061 1047 1074
6082 4 2 2 2 970 1005 972 1013
6083 4 2 2 2 1005 972 1013 1069
6084 4 2 2 2 1005 970 972 966
6085 4 2 2 2 972 1005 966 1069
6086 4 2 2 2 973 1022 980 979
6087 4 2 2 2 973 1022 979 1079
6088 4 2 2 2 1022 973 980 974
6089 4 2 2 2 1022 974 980 1071
6090 4 2 2 2 1049 1045 1066 1068
6091 4 2 2 2 1045 1066 1068 1067
6092 4 2 2 2 1109 1080 1036 1048
6093 4 2 2 2 1080 1109 1036 1034
6094 4 2 2 2 1025 993 1079 999
6095 4 2 2 2 1025 993 1017 1079
6096 4 2 2 2 1020 993 1025 999
6097 4 2 2 2 993 1020 1025 1013
6098 4 2 2 2 1025 993 1013 1017
6099 4 2 2 2 992 1027 1012 1077
6100 4 2 2 2 1027 1012 1077 1021
6101 4 2 2 2 1027 992 998 1077
6102 4 2 2 2 1077 1027 1021 998
6103 4 2 2 2 992 1005 986 1010
6104 4 2 2 2 1005 992 986 1069
6105 4 2 2 2 992 1005 1010 1013
6106 4 2 2 2 992 1005 1013 1069
6107 4 2 2 2 994 1024 1000 1026
6108 4 2 2 2 1024 994 1018 1026
6109 4 2 2 2 1024 994 1016 1018
6110 4 2 2 2 1014 1069 995 1011
6111 4 2 2 2 1069 1090 991 1008
6112 4 2 2 2 991 1083 1090 1069
6113 4 2 2 2 1069 991 989 1008
6114 4 2 2 2 1090 1014 997 1015
6115 4 2 2 2 1093 1005 987 1006
6116 4 2 2 2 1104 1093 1005 987
6117 4 2 2 2 1104 988 986 1007
6118 4 2 2 2 988 1104 986 1107
6119 4 2 2 2 1061 1064 1100 1098
6120 4 2 2 2 1100 1061 1098 1087
6121 4 2 2 2 974 1008 967 968
6122 4 2 2 2 974 1008 968 1090
6123 4 2 2 2 1008 1014 1069 1090
6124 4 2 2 2 1008 974 1014 1090
6125 4 2 2 2 981 1087 1073 980
6126 4 2 2 2 1087 981 1023 980
6127 4 2 2 2 1002 994 1024 1000
6128 4 2 2 2 1002 994 1000 1089
6129 4 2 2 2 1089 1000 1002 1100
6130 4 2 2 2 1002 1089 1100 1071
6131 4 2 2 2 997 1069 995 1014
6132 4 2 2 2 997 1069 1083 995
6133 4 2 2 2 1090 1069 997 1014
6134 4 2 2 2 1069 1090 997 1083
6135 4 2 2 2 1024 1087 981 1023
6136 4 2 2 2 1098 981 1024 1087
6137 4 2 2 2 1024 1087 1023 1002
6138 4 2 2 2 1024 1098 1087 1002
6139 4 2 2 2 985 980 1073 984
6140 4 2 2 2 985 980 981 1073
6141 4 2 2 2 1004 966 1005 1093
6142 4 2 2 2 1004 966 1093 961
6143 4 2 2 2 964 1004 966 1005
6144 4 2 2 2 1004 964 966 961
6145 4 2 2 2 1022 973 974 1014
6146 4 2 2 2 1022 973 1014 1079
6147 4 2 2 2 1022 974 1071 1014
6148 4 2 2 2 1022 1014 1071 1079
6149 4 2 2 2 974 967 1069 973
6150 4 2 2 2 1069 974 973 1014
6151 4 2 2 2 1008 974 967 1069
6152 4 2 2 2 1008 974 1069 1014
6153 4 2 2 2 993 998 1068 999
6154 4 2 2 2 998 993 1068 992
6155 4 2 2 2 998 993 1020 999
6156 4 2 2 2 993 998 1020 992
6157 4 2 2 2 1002 994 1016 1024
6158 4 2 2 2 1016 1002 1024 1071
6159 4 2 2 2 1002 994 1089 996
6160 4 2 2 2 1002 996 1089 1071
6161 4 2 2 2 1002 994 996 1016
6162 4 2 2 2 1002 1016 996 1071
6163 4 2 2 2 1069 991 1085 989
6164 4 2 2 2 991 1083 1069 1085
6165 4 2 2 2 1039 1037 1116 1114
6166 4 2 2 2 1037 92 1116 1115
6167 4 2 2 2 1038 1037 1045 1118
6168 4 2 2 2 1114 1037 1116 1115
6169 4 2 2 2 92 1116 1115 1117
6170 4 2 2 2 1116 1028 1114 1115
6171 4 2 2 2 1116 1028 1115 1117
6172 4 2 2 2 1037 1038 1116 1118
6173 4 2 1 1 1125 1127 1134 1132
6174 4 2 1 1 1128 1126 1135 1132
6175 4 2 1 1 1127 1119 1134 1133
6176 4 2 1 1 1123 1125 1134 1131
6177 4 2 1 1 1121 1134 1120 1129
6178 4 2 1 1 1121 1134 1130 1120
6179 4 2 1 1 1126 1124 1135 1131
6180 4 2 1 1 1122 1128 1135 1133
6181 4 2 1 1 1134 1121 1130 1135
6182 4 2 1 1 1121 1134 1129 1135
6183 4 2 1 1 1129 1135 1134 1133
6184 4 2 1 1 1130 1134 1135 1131
6185 4 2 1 1 1132 1133 1134 1135
6186 4 2 1 1 1131 1132 1134 1135
6187 4 2 1 1 1134 1123 1131 1130
6188 4 2 1 1 1134 1119 1129 1133
6189 4 2 1 1 1134 1119 1120 1129
6190 4 2 1 1 1123 1134 1120 1130
6191 4 2 1 1 1132 1133 1135 1128
6192 4 2 1 1 1132 1131 1126 1135
6193 4 2 1 1 1131 1132 1125 1134
6194 4 2 1 1 1132 1133 1127 1134
6195 4 2 1 1 1135 1122 1133 1129
6196 4 2 1 1 1135 1124 1130 1131
6197 4 2 1 1 1122 1135 1121 1129
6198 4 2 1 1 1135 1124 1121 1130
6199 4 2 1 1 1132 1133 1128 1127
6200 4 2 1 1 1131 1132 1126 1125
6201 4 2 1 1 1119 1133 1122 1129
6202 4 2 1 1 1124 1131 1123 1130
6203 4 2 2 2 1200 1243 1158 1206
6204 4 2 2 2 1188 1233 1189 1243
6205 4 2 2 2 1233 1182 1183 1243
6206 4 2 2 2 1204 1243 1205 1162
6207 4 2 2 2 1243 1209 1164 1216
6208 4 2 2 2 1213 1243 1168 1214
6209 4 2 2 2 1181 1136 3 102
6210 4 2 2 2 1158 1243 1203 1206
6211 4 2 2 2 1168 1243 1210 1214
6212 4 2 2 2 1243 1162 1203 1205
6213 4 2 2 2 1164 1243 1216 1210
6214 4 2 2 2 1253 1170 1218 1223
6215 4 2 2 2 1187 1193 1244 1251
6216 4 2 2 2 1182 127 1183 1240
6217 4 2 2 2 1219 1253 1169 1218
6218 4 2 2 2 127 1137 1183 1240
6219 4 2 2 2 3 1183 1181 1239
6220 4 2 2 2 124 1184 1179 1178
6221 4 2 2 2 1185 124 1184 1179
6222 4 2 2 2 1168 1252 1213 1214
6223 4 2 2 2 1200 1211 1157 1163
6224 4 2 2 2 1159 1211 1157 1202
6225 4 2 2 2 1252 1168 1210 1214
6226 4 2 2 2 1250 1170 1223 1218
6227 4 2 2 2 1164 1250 1216 1209
6228 4 2 2 2 1183 3 1137 1239
6229 4 2 2 2 1238 1184 1178 1243
6230 4 2 2 2 1172 1247 1217 1221
6231 4 2 2 2 1151 1200 1150 1152
6232 4 2 2 2 1153 1202 1152 1149
6233 4 2 2 2 1182 1233 1183 127
6234 4 2 2 2 1250 1219 1169 1218
6235 4 2 2 2 1211 1250 1163 1209
6236 4 2 2 2 1202 1152 1200 1157
6237 4 2 2 2 100 1226 1227 1236
6238 4 2 2 2 1231 1189 1233 1183
6239 4 2 2 2 1238 1250 1184 1186
6240 4 2 2 2 1226 100 1227 1231
6241 4 2 2 2 1194 1251 1249 1195
6242 4 2 2 2 1242 1193 1191 1247
6243 4 2 2 2 1232 1234 1233 1256
6244 4 2 2 2 1248 1251 1193 1195
6245 4 2 2 2 1188 1232 1256 1252
6246 4 2 2 2 1234 1232 1235 1256
6247 4 2 2 2 1228 1226 1230 1232
6248 4 2 2 2 1238 1186 1184 1243
6249 4 2 2 2 1238 1178 1180 1243
6250 4 2 2 2 1249 1194 1195 1246
6251 4 2 2 2 1256 1233 1188 1243
6252 4 2 2 2 1196 1191 1247 1254
6253 4 2 2 2 1231 1251 1233 1189
6254 4 2 2 2 1195 1247 1193 1248
6255 4 2 2 2 152 107 1233 127
6256 4 2 2 2 1226 93 1233 1232
6257 4 2 2 2 146 1137 4 54
6258 4 2 2 2 1235 152 1232 1234
6259 4 2 2 2 1232 1188 1251 1252
6260 4 2 2 2 1241 1191 1185 1250
6261 4 2 2 2 1233 1245 1182 1243
6262 4 2 2 2 1233 1230 1232 1251
6263 4 2 2 2 1232 152 1233 1234
6264 4 2 2 2 102 1227 1181 1179
6265 4 2 2 2 107 1226 1233 1231
6266 4 2 2 2 1196 1191 1254 1253
6267 4 2 2 2 1232 1188 1256 1233
6268 4 2 2 2 1233 1239 1183 127
6269 4 2 2 2 93 1226 1228 1232
6270 4 2 2 2 1137 127 1183 1239
6271 4 2 2 2 1242 1244 1191 1193
6272 4 2 2 2 1249 1230 1248 1251
6273 4 2 2 2 145 1226 1231 100
6274 4 2 2 2 1187 1231 1227 1181
6275 4 2 2 2 1248 1246 1195 1247
6276 4 2 2 2 1242 1193 1247 1248
6277 4 2 2 2 1244 1251 1193 1248
6278 4 2 2 2 1256 1243 1188 1186
6279 4 2 2 2 1185 1227 1187 1244
6280 4 2 2 2 1234 127 1233 1245
6281 4 2 2 2 119 127 1245 1240
6282 4 2 2 2 145 1226 107 1231
6283 4 2 2 2 1226 1227 1230 1231
6284 4 2 2 2 1229 1237 1235 1257
6285 4 2 2 2 1159 1136 1160 1199
6286 4 2 2 2 1161 1138 1162 1204
6287 4 2 2 2 1237 1234 1235 1256
6288 4 2 2 2 119 127 1234 1245
6289 4 2 2 2 1236 1230 1227 1244
6290 4 2 2 2 1238 1256 1250 1186
6291 4 2 2 2 1252 1186 1256 1188
6292 4 2 2 2 1233 1245 127 1182
6293 4 2 2 2 93 107 1226 1233
6294 4 2 2 2 1248 1249 1195 1246
6295 4 2 2 2 1245 127 1182 1240
6296 4 2 2 2 1235 94 1229 143
6297 4 2 2 2 1240 154 1137 157
6298 4 2 2 2 146 1137 54 3
6299 4 2 2 2 1232 1230 1249 1251
6300 4 2 2 2 1227 1239 102 1181
6301 4 2 2 2 1191 1241 1190 1250
6302 4 2 2 2 1241 1185 1184 1250
6303 4 2 2 2 1231 1251 1230 1233
6304 4 2 2 2 1253 1254 1190 1191
6305 4 2 2 2 1243 1182 1180 1245
6306 4 2 2 2 1183 1231 1181 1239
6307 4 2 2 2 1230 1187 1244 1251
6308 4 2 2 2 143 93 1228 1232
6309 4 2 2 2 119 127 1240 154
6310 4 2 2 2 1169 1253 1170 1218
6311 4 2 2 2 1233 1239 1231 1183
6312 4 2 2 2 1250 1165 1211 1163
6313 4 2 2 2 1171 1247 1217 1172
6314 4 2 2 2 1191 1241 1185 1244
6315 4 2 2 2 1250 1257 1192 1252
6316 4 2 2 2 1243 1162 1158 1203
6317 4 2 2 2 1250 1256 1252 1186
6318 4 2 2 2 1168 1243 1164 1210
6319 4 2 2 2 1173 1252 1174 1222
6320 4 2 2 2 1252 1167 1168 1213
6321 4 2 2 2 1226 1227 1236 1230
6322 4 2 2 2 93 107 1233 152
6323 4 2 2 2 1238 1256 1186 1243
6324 4 2 2 2 1137 154 4 157
6325 4 2 2 2 1160 1212 1167 1166
6326 4 2 2 2 3 1181 102 1239
6327 4 2 2 2 1242 1244 1193 1248
6328 4 2 2 2 1159 1211 1163 1157
6329 4 2 2 2 1211 1159 1163 1165
6330 4 2 2 2 1150 156 1240 128
6331 4 2 2 2 1234 1237 1238 1256
6332 4 2 2 2 135 1150 1147 128
6333 4 2 2 2 1227 124 1185 1179
6334 4 2 2 2 1252 1170 1174 1220
6335 4 2 2 2 1164 1252 1168 1210
6336 4 2 2 2 1248 1249 1251 1195
6337 4 2 2 2 1250 1190 1192 1255
6338 4 2 2 2 135 1147 1126 128
6339 4 2 2 2 135 10 128 1125
6340 4 2 2 2 119 94 108 1234
6341 4 2 2 2 1253 1257 1192 1255
6342 4 2 2 2 1249 1252 1251 1194
6343 4 2 2 2 135 1126 1128 1132
6344 4 2 2 2 1125 135 1127 1132
6345 4 2 2 2 1178 134 1179 124
6346 4 2 2 2 1245 1238 1180 1243
6347 4 2 2 2 1125 135 1126 128
6348 4 2 2 2 101 1236 100 1227
6349 4 2 2 2 1256 1232 1235 1252
6350 4 2 2 2 152 94 1234 1235
6351 4 2 2 2 102 124 1179 134
6352 4 2 2 2 1240 1180 1182 1245
6353 4 2 2 2 152 94 1235 143
6354 4 2 2 2 135 1125 1126 1132
6355 4 2 2 2 1153 1202 1157 1152
6356 4 2 2 2 1200 1151 1157 1152
6357 4 2 2 2 1190 1253 1192 1255
6358 4 2 2 2 1250 1257 1255 1192
6359 4 2 2 2 1158 1156 1151 1138
6360 4 2 2 2 1250 1169 1170 1218
6361 4 2 2 2 1163 1250 1164 1209
6362 4 2 2 2 127 1137 1240 154
6363 4 2 2 2 100 146 102 1239
6364 4 2 2 2 1155 1160 1154 1136
6365 4 2 2 2 1184 124 1238 1178
6366 4 2 2 2 1227 1239 1181 1231
6367 4 2 2 2 1233 93 152 1232
6368 4 2 2 2 1233 152 127 1234
6369 4 2 2 2 1128 135 1132 1127
6370 4 2 2 2 1154 1159 1153 1136
6371 4 2 2 2 1156 1161 1155 1138
6372 4 2 2 2 135 1150 1148 1147
6373 4 2 2 2 1150 135 1148 1149
6374 4 2 2 2 10 135 9 1146
6375 4 2 2 2 1200 1151 1158 1157
6376 4 2 2 2 1153 1202 1159 1157
6377 4 2 2 2 1147 135 1126 1148
6378 4 2 2 2 135 1126 1148 1128
6379 4 2 2 2 1156 1158 1162 1138
6380 4 2 2 2 94 119 152 1234
6381 4 2 2 2 1177 1246 1247 1225
6382 4 2 2 2 1234 119 1245 156
6383 4 2 2 2 1236 1230 1244 1248
6384 4 2 2 2 1154 1159 1136 1160
6385 4 2 2 2 1156 1161 1138 1162
6386 4 2 2 2 1148 1126 1198 1135
6387 4 2 2 2 1145 1126 1135 1198
6388 4 2 2 2 1123 10 1197 1134
6389 4 2 2 2 124 1227 102 1179
6390 4 2 2 2 154 146 1137 4
6391 4 2 2 2 1233 1234 1243 1256
6392 4 2 2 2 1254 1255 1253 1190
6393 4 2 2 2 1126 157 1131 1125
6394 4 2 2 2 1234 1233 1243 1245
6395 4 2 2 2 119 1245 156 1240
6396 4 2 2 2 124 1244 1227 1185
6397 4 2 2 2 1227 1239 100 102
6398 4 2 2 2 1175 1172 1176 1247
6399 4 2 2 2 1172 1175 1171 1247
6400 4 2 2 2 1239 154 1137 127
6401 4 2 2 2 156 119 1240 128
6402 4 2 2 2 1244 1254 1242 1191
6403 4 2 2 2 1234 108 156 1238
6404 4 2 2 2 135 1149 129 1148
6405 4 2 2 2 9 135 129 1146
6406 4 2 2 2 108 1234 1237 1238
6407 4 2 2 2 1241 1190 1250 1255
6408 4 2 2 2 127 1231 1233 1239
6409 4 2 2 2 1241 1254 1191 1190
6410 4 2 2 2 1164 1162 1158 1243
6411 4 2 2 2 1162 1164 1168 1243
6412 4 2 2 2 102 146 3 1239
6413 4 2 2 2 1244 1230 1251 1248
6414 4 2 2 2 135 129 1146 1127
6415 4 2 2 2 129 135 1148 1128
6416 4 2 2 2 1165 1169 1163 1250
6417 4 2 2 2 1143 1138 1144 1155
6418 4 2 2 2 1163 1170 1164 1250
6419 4 2 2 2 1170 1163 1169 1250
6420 4 2 2 2 129 135 1128 1127
6421 4 2 2 2 1239 154 146 1137
6422 4 2 2 2 1233 107 1231 127
6423 4 2 2 2 1128 158 1127 1133
6424 4 2 2 2 1127 1139 1134 1119
6425 4 2 2 2 1178 1238 1180 156
6426 4 2 2 2 152 119 127 1234
6427 4 2 2 2 1138 1150 1145 1144
6428 4 2 2 2 1148 1126 1135 1128
6429 4 2 2 2 1126 1148 1198 1147
6430 4 2 2 2 1123 10 1134 1125
6431 4 2 2 2 1123 10 7 1197
6432 4 2 2 2 1145 1126 1198 1147
6433 4 2 2 2 1236 1248 1244 1242
6434 4 2 2 2 1231 100 1227 1239
6435 4 2 2 2 156 1234 1238 1245
6436 4 2 2 2 1174 1167 1168 1252
6437 4 2 2 2 1167 1174 1173 1252
6438 4 2 2 2 1137 1239 3 146
6439 4 2 2 2 124 1185 1184 1241
6440 4 2 2 2 1235 1250 1252 1257
6441 4 2 2 2 108 119 1234 156
6442 4 2 2 2 1250 1235 1252 1256
6443 4 2 2 2 1191 1242 1247 1254
6444 4 2 2 2 145 1239 107 146
6445 4 2 2 2 124 1244 1185 1241
6446 4 2 2 2 1237 1256 1235 1250
6447 4 2 2 2 1122 1148 1135 1128
6448 4 2 2 2 1126 1145 1135 1124
6449 4 2 2 2 1236 101 124 1227
6450 4 2 2 2 1136 1138 1143 1155
6451 4 2 2 2 1139 1197 1120 1140
6452 4 2 2 2 1197 7 1120 1140
6453 4 2 2 2 134 1150 1149 135
6454 4 2 2 2 128 1150 1147 157
6455 4 2 2 2 128 1126 1125 157
6456 4 2 2 2 1241 1254 1244 1191
6457 4 2 2 2 1234 1238 1243 1256
6458 4 2 2 2 156 1180 1240 1245
6459 4 2 2 2 1231 127 107 1239
6460 4 2 2 2 134 156 124 1178
6461 4 2 2 2 1256 1237 1238 1250
6462 4 2 2 2 1146 2 6 1139
6463 4 2 2 2 128 1147 1126 157
6464 4 2 2 2 1238 1234 1243 1245
6465 4 2 2 2 100 124 1227 102
6466 4 2 2 2 10 128 1125 157
6467 4 2 2 2 2 1146 6 9
6468 4 2 2 2 1149 1136 1141 1143
6469 4 2 2 2 145 1239 146 100
6470 4 2 2 2 1241 1254 1190 1255
6471 4 2 2 2 100 101 1227 124
6472 4 2 2 2 1134 1139 1197 1120
6473 4 2 2 2 1123 1197 1120 1134
6474 4 2 2 2 1238 1241 124 1184
6475 4 2 2 2 1238 1245 1180 156
6476 4 2 2 2 156 1150 135 128
6477 4 2 2 2 101 1236 124 1241
6478 4 2 2 2 1252 1232 1249 1251
6479 4 2 2 2 1149 129 1148 158
6480 4 2 2 2 1128 129 1127 158
6481 4 2 2 2 124 156 1238 1178
6482 4 2 2 2 1148 129 1128 158
6483 4 2 2 2 129 1146 1127 158
6484 4 2 2 2 127 107 1239 146
6485 4 2 2 2 1239 154 127 146
6486 4 2 2 2 1134 1139 1120 1119
6487 4 2 2 2 1123 1197 7 1120
6488 4 2 2 2 157 1137 1138 4
6489 4 2 2 2 1138 157 4 5
6490 4 2 2 2 1149 134 135 129
6491 4 2 2 2 1255 1241 1237 1250
6492 4 2 2 2 1135 1145 1121 1124
6493 4 2 2 2 2 3 1136 158
6494 4 2 2 2 101 108 1241 124
6495 4 2 2 2 134 156 1150 135
6496 4 2 2 2 1150 1138 1156 1144
6497 4 2 2 2 1136 1149 1153 1143
6498 4 2 2 2 1136 1155 1143 1154
6499 4 2 2 2 1138 1150 1156 1151
6500 4 2 2 2 1155 1138 1144 1156
6501 4 2 2 2 1153 1136 1143 1154
6502 4 2 2 2 1181 1189 1183 1201
6503 4 2 2 2 1212 1199 1160 1201
6504 4 2 2 2 1200 1211 1163 1209
6505 4 2 2 2 1207 1211 1159 1202
6506 4 2 2 2 1184 1179 1211 1185
6507 4 2 2 2 1160 1136 1201 1199
6508 4 2 2 2 1136 1159 1207 1199
6509 4 2 2 2 1137 1201 1183 1204
6510 4 2 2 2 1189 1201 1212 1213
6511 4 2 2 2 1179 1187 1208 1185
6512 4 2 2 2 1211 1200 1157 1202
6513 4 2 2 2 1179 1211 1185 1215
6514 4 2 2 2 1212 1181 1199 1201
6515 4 2 2 2 1179 1211 1207 1202
6516 4 2 2 2 1208 1179 1185 1215
6517 4 2 2 2 1191 1187 1217 1193
6518 4 2 2 2 1201 1189 1204 1213
6519 4 2 2 2 1189 1181 1187 1212
6520 4 2 2 2 1179 1136 1207 1199
6521 4 2 2 2 1136 1201 1199 1181
6522 4 2 2 2 1137 1201 1138 1136
6523 4 2 2 2 1179 1136 1199 1181
6524 4 2 2 2 1189 1181 1212 1201
6525 4 2 2 2 1138 1162 1204 1205
6526 4 2 2 2 1201 1213 1204 1161
6527 4 2 2 2 1189 1201 1204 1183
6528 4 2 2 2 1177 1172 1173 1225
6529 4 2 2 2 1200 1184 1211 1209
6530 4 2 2 2 1179 1136 1181 102
6531 4 2 2 2 1179 1227 1181 1187
6532 4 2 2 2 1227 1179 1185 1187
6533 4 2 2 2 1189 1231 1187 1181
6534 4 2 2 2 1189 1231 1181 1183
6535 4 2 2 2 1203 1240 1180 1182
6536 4 2 2 2 1205 1240 1203 1182
6537 4 2 2 2 1204 1137 1138 1240
6538 4 2 2 2 1204 1138 1205 1240
6539 4 2 2 2 1240 1204 1182 1205
6540 4 2 2 2 1203 1243 1182 1180
6541 4 2 2 2 1243 1210 1188 1186
6542 4 2 2 2 1214 1243 1210 1188
6543 4 2 2 2 1243 1205 1203 1182
6544 4 2 2 2 1243 1213 1188 1214
6545 4 2 2 2 1189 1243 1213 1188
6546 4 2 2 2 1233 1183 1189 1243
6547 4 2 2 2 1243 1216 1210 1186
6548 4 2 2 2 1206 1243 1203 1180
6549 4 2 2 2 1204 1243 1182 1205
6550 4 2 2 2 1189 1204 1213 1243
6551 4 2 2 2 1243 1183 1204 1182
6552 4 2 2 2 1204 1189 1183 1243
6553 4 2 2 2 1200 1243 1206 1180
6554 4 2 2 2 1209 1243 1186 1216
6555 4 2 2 2 1184 1200 1178 1243
6556 4 2 2 2 1178 1243 1200 1180
6557 4 2 2 2 1200 1184 1209 1243
6558 4 2 2 2 1184 1243 1186 1209
6559 4 2 2 2 1191 1187 1193 1244
6560 4 2 2 2 1187 1191 1185 1244
6561 4 2 2 2 1246 1222 1194 1195
6562 4 2 2 2 1177 1173 1246 1225
6563 4 2 2 2 1195 1247 1221 1193
6564 4 2 2 2 1247 1217 1221 1193
6565 4 2 2 2 1191 1247 1193 1217
6566 4 2 2 2 1224 1196 1191 1247
6567 4 2 2 2 1224 1247 1191 1217
6568 4 2 2 2 1171 1247 1224 1217
6569 4 2 2 2 1250 1209 1184 1186
6570 4 2 2 2 1250 1216 1209 1186
6571 4 2 2 2 1218 1250 1190 1192
6572 4 2 2 2 1250 1211 1184 1209
6573 4 2 2 2 1223 1250 1218 1192
6574 4 2 2 2 1219 1250 1190 1218
6575 4 2 2 2 1185 1250 1211 1184
6576 4 2 2 2 1191 1250 1190 1219
6577 4 2 2 2 1251 1187 1212 1189
6578 4 2 2 2 1213 1251 1212 1189
6579 4 2 2 2 1251 1193 1195 1221
6580 4 2 2 2 1251 1222 1221 1195
6581 4 2 2 2 1213 1252 1188 1214
6582 4 2 2 2 1252 1210 1188 1214
6583 4 2 2 2 1252 1186 1188 1210
6584 4 2 2 2 1253 1218 1190 1192
6585 4 2 2 2 1253 1219 1190 1218
6586 4 2 2 2 1253 1191 1190 1219
6587 4 2 2 2 1253 1218 1192 1223
6588 4 2 2 2 1220 1253 1192 1223
6589 4 2 2 2 1170 1253 1220 1223
6590 4 2 2 2 1233 1251 1188 1189
6591 4 2 2 2 1188 1232 1251 1233
6592 4 2 2 2 1251 1231 1230 1187
6593 4 2 2 2 1251 1231 1187 1189
6594 4 2 2 2 1223 1252 1192 1220
6595 4 2 2 2 1223 1250 1192 1252
6596 4 2 2 2 1170 1252 1223 1220
6597 4 2 2 2 1250 1170 1252 1223
6598 4 2 2 2 1252 1216 1186 1210
6599 4 2 2 2 1252 1216 1250 1186
6600 4 2 2 2 1252 1164 1216 1210
6601 4 2 2 2 1164 1252 1216 1250
6602 4 2 2 2 1221 1246 1195 1222
6603 4 2 2 2 1247 1195 1221 1246
6604 4 2 2 2 1173 1246 1221 1222
6605 4 2 2 2 1188 1251 1213 1189
6606 4 2 2 2 1251 1188 1213 1252
6607 4 2 2 2 1251 1194 1222 1195
6608 4 2 2 2 1194 1251 1222 1252
6609 4 2 2 2 1199 1165 1160 1159
6610 4 2 2 2 1201 1213 1167 1212
6611 4 2 2 2 1213 1201 1167 1161
6612 4 2 2 2 1212 1160 1167 1201
6613 4 2 2 2 1160 1167 1201 1161
6614 4 2 2 2 1199 1212 1166 1208
6615 4 2 2 2 1212 1199 1166 1160
6616 4 2 2 2 1165 1199 1166 1208
6617 4 2 2 2 1199 1165 1166 1160
6618 4 2 2 2 1208 1171 1166 1165
6619 4 2 2 2 1171 1208 1215 1165
6620 4 2 2 2 1155 1201 1138 1161
6621 4 2 2 2 1201 1155 1138 1136
6622 4 2 2 2 1155 1160 1201 1161
6623 4 2 2 2 1160 1155 1201 1136
6624 4 2 2 2 1158 1138 1203 1162
6625 4 2 2 2 1162 1138 1203 1205
6626 4 2 2 2 1138 1203 1205 1240
6627 4 2 2 2 1230 1228 1232 1249
6628 4 2 2 2 1207 1153 1159 1136
6629 4 2 2 2 1153 1202 1207 1159
6630 4 2 2 2 1153 1207 1149 1136
6631 4 2 2 2 1202 1153 1207 1149
6632 4 2 2 2 1235 1228 1229 1257
6633 4 2 2 2 1237 94 1229 1235
6634 4 2 2 2 1168 1161 1213 1167
6635 4 2 2 2 1200 1164 1209 1163
6636 4 2 2 2 1164 1200 1209 1243
6637 4 2 2 2 1164 1200 1157 1163
6638 4 2 2 2 1171 1208 1172 1217
6639 4 2 2 2 1208 1171 1172 1166
6640 4 2 2 2 1164 1200 1158 1157
6641 4 2 2 2 1200 1164 1158 1243
6642 4 2 2 2 1204 1168 1161 1213
6643 4 2 2 2 1204 1168 1213 1243
6644 4 2 2 2 1204 1168 1162 1161
6645 4 2 2 2 1168 1204 1162 1243
6646 4 2 2 2 1173 1166 1221 1172
6647 4 2 2 2 1208 1221 1166 1172
6648 4 2 2 2 1221 1208 1217 1172
6649 4 2 2 2 1173 1166 1167 1221
6650 4 2 2 2 1208 1221 1212 1166
6651 4 2 2 2 1167 1221 1166 1212
6652 4 2 2 2 1240 1137 1138 157
6653 4 2 2 2 94 108 1234 1237
6654 4 2 2 2 94 1237 1234 1235
6655 4 2 2 2 1226 1233 1230 1232
6656 4 2 2 2 1233 1226 1230 1231
6657 4 2 2 2 158 102 3 1136
6658 4 2 2 2 1241 1238 1250 1184
6659 4 2 2 2 1238 1241 1250 1237
6660 4 2 2 2 10 135 1127 1125
6661 4 2 2 2 135 10 1127 1146
6662 4 2 2 2 10 1127 1134 1125
6663 4 2 2 2 10 1127 1197 1134
6664 4 2 2 2 1127 10 1197 1146
6665 4 2 2 2 1127 1139 1197 1134
6666 4 2 2 2 1139 1127 1197 1146
6667 4 2 2 2 1231 145 1239 107
6668 4 2 2 2 145 1231 1239 100
6669 4 2 2 2 1198 1122 1142 1141
6670 4 2 2 2 1148 1122 1198 1141
6671 4 2 2 2 1122 1148 1198 1135
6672 4 2 2 2 1227 1230 1231 1187
6673 4 2 2 2 1227 1230 1187 1244
6674 4 2 2 2 1170 1168 1252 1174
6675 4 2 2 2 1170 1168 1164 1252
6676 4 2 2 2 1164 1170 1252 1250
6677 4 2 2 2 1147 1138 1150 1145
6678 4 2 2 2 157 1150 1147 1138
6679 4 2 2 2 1138 1126 1124 1145
6680 4 2 2 2 1126 1138 1147 1145
6681 4 2 2 2 157 1147 1126 1138
6682 4 2 2 2 10 5 1123 7
6683 4 2 2 2 1257 1237 1250 1255
6684 4 2 2 2 1237 1235 1257 1250
6685 4 2 2 2 2 1127 1119 1139
6686 4 2 2 2 1127 2 1146 1139
6687 4 2 2 2 158 1146 1127 2
6688 4 2 2 2 1148 1136 1122 1141
6689 4 2 2 2 1136 1148 1149 1141
6690 4 2 2 2 1149 158 1148 1136
6691 4 2 2 2 1254 1236 1244 1242
6692 4 2 2 2 1236 1241 1254 1244
6693 4 2 2 2 108 124 156 1238
6694 4 2 2 2 1241 108 1238 124
6695 4 2 2 2 108 1241 1238 1237
6696 4 2 2 2 124 1236 1244 1241
6697 4 2 2 2 1236 124 1244 1227
6698 4 2 2 2 1179 1187 1199 1208
6699 4 2 2 2 1187 1179 1199 1181
6700 4 2 2 2 1199 1187 1212 1208
6701 4 2 2 2 1181 1212 1199 1187
6702 4 2 2 2 1208 1191 1215 1185
6703 4 2 2 2 1187 1191 1208 1185
6704 4 2 2 2 1191 1187 1208 1217
6705 4 2 2 2 1136 1183 1181 3
6706 4 2 2 2 1183 1136 1181 1201
6707 4 2 2 2 1183 1136 1137 3
6708 4 2 2 2 1136 1183 1137 1201
6709 4 2 2 2 1208 1191 1224 1215
6710 4 2 2 2 1191 1208 1224 1217
6711 4 2 2 2 1208 1224 1171 1215
6712 4 2 2 2 1224 1208 1171 1217
6713 4 2 2 2 1165 1199 1207 1159
6714 4 2 2 2 1207 1211 1165 1159
6715 4 2 2 2 1184 1179 1202 1211
6716 4 2 2 2 1179 1184 1202 1178
6717 4 2 2 2 1184 1202 1200 1211
6718 4 2 2 2 1202 1184 1200 1178
6719 4 2 2 2 1196 1219 1224 1191
6720 4 2 2 2 1196 1219 1191 1253
6721 4 2 2 2 1201 1137 1138 1204
6722 4 2 2 2 1138 1201 1204 1161
6723 4 2 2 2 1183 1240 1137 1204
6724 4 2 2 2 1183 1240 1204 1182
6725 4 2 2 2 1179 1149 1202 1207
6726 4 2 2 2 1149 1179 1136 1207
6727 4 2 2 2 1178 134 1150 1149
6728 4 2 2 2 1178 1150 1180 1200
6729 4 2 2 2 1150 1180 1200 1206
6730 4 2 2 2 1171 1196 1219 1224
6731 4 2 2 2 1171 1196 1224 1247
6732 4 2 2 2 1219 1215 1171 1224
6733 4 2 2 2 1191 1215 1219 1224
6734 4 2 2 2 1221 1187 1193 1217
6735 4 2 2 2 1187 1221 1193 1251
6736 4 2 2 2 1187 1221 1208 1217
6737 4 2 2 2 1187 1221 1212 1208
6738 4 2 2 2 1221 1187 1212 1251
6739 4 2 2 2 5 1124 1131 1123
6740 4 2 2 2 1125 5 1131 1123
6741 4 2 2 2 157 1125 5 1131
6742 4 2 2 2 5 1125 10 1123
6743 4 2 2 2 10 157 1125 5
6744 4 2 2 2 5 1138 1131 1124
6745 4 2 2 2 1131 157 1138 5
6746 4 2 2 2 1138 1126 1131 1124
6747 4 2 2 2 157 1126 1131 1138
6748 4 2 2 2 1122 2 1133 1119
6749 4 2 2 2 2 1127 1133 1119
6750 4 2 2 2 1127 158 2 1133
6751 4 2 2 2 1136 2 1133 1122
6752 4 2 2 2 1136 2 158 1133
6753 4 2 2 2 1128 1136 1133 1122
6754 4 2 2 2 158 1128 1136 1133
6755 4 2 2 2 1136 1128 1148 1122
6756 4 2 2 2 1148 158 1128 1136
6757 4 2 2 2 1252 1221 1222 1173
6758 4 2 2 2 1222 1251 1221 1252
6759 4 2 2 2 1167 1221 1252 1173
6760 4 2 2 2 1212 1252 1213 1167
6761 4 2 2 2 1252 1212 1213 1251
6762 4 2 2 2 1167 1221 1212 1252
6763 4 2 2 2 1221 1212 1252 1251
6764 4 2 2 2 1235 143 1228 1232
6765 4 2 2 2 143 1235 1228 1229
6766 4 2 2 2 1149 1178 1179 1202
6767 4 2 2 2 134 1178 1179 1149
6768 4 2 2 2 1138 1206 1158 1203
6769 4 2 2 2 143 152 93 1232
6770 4 2 2 2 152 143 1235 1232
6771 4 2 2 2 1219 1165 1169 1171
6772 4 2 2 2 1165 1219 1169 1250
6773 4 2 2 2 1219 1215 1165 1171
6774 4 2 2 2 119 154 1240 157
6775 4 2 2 2 119 157 1240 128
6776 4 2 2 2 134 1149 102 129
6777 4 2 2 2 1149 1179 102 1136
6778 4 2 2 2 1179 134 1149 102
6779 4 2 2 2 1240 1150 128 157
6780 4 2 2 2 1240 1150 157 1138
6781 4 2 2 2 1149 102 158 1136
6782 4 2 2 2 102 1149 158 129
6783 4 2 2 2 1179 1165 1211 1215
6784 4 2 2 2 1165 1179 1211 1207
6785 4 2 2 2 1165 1179 1208 1215
6786 4 2 2 2 1177 1172 1247 1176
6787 4 2 2 2 1172 1177 1247 1225
6788 4 2 2 2 1180 1138 1203 1206
6789 4 2 2 2 1138 1180 1203 1240
6790 4 2 2 2 1180 1150 1138 1206
6791 4 2 2 2 1150 1180 1138 1240
6792 4 2 2 2 1211 1191 1185 1215
6793 4 2 2 2 1191 1211 1185 1250
6794 4 2 2 2 1219 1215 1211 1165
6795 4 2 2 2 1219 1165 1211 1250
6796 4 2 2 2 1211 1191 1215 1219
6797 4 2 2 2 1211 1191 1219 1250
6798 4 2 2 2 1173 1246 1225 1221
6799 4 2 2 2 1221 1247 1246 1225
6800 4 2 2 2 1172 1225 1221 1173
6801 4 2 2 2 1247 1172 1225 1221
6802 4 2 2 2 1151 1200 1206 1150
6803 4 2 2 2 1200 1151 1206 1158
6804 4 2 2 2 1206 1151 1150 1138
6805 4 2 2 2 1206 1151 1138 1158
6806 4 2 2 2 1152 1178 1202 1200
6807 4 2 2 2 1178 1152 1202 1149
6808 4 2 2 2 1150 1178 1152 1200
6809 4 2 2 2 1178 1150 1152 1149
6810 4 2 2 2 1253 1174 1170 1220
6811 4 2 2 2 1249 1235 1252 1257
6812 4 2 2 2 1249 1235 1232 1252
6813 4 2 2 2 1228 1235 1249 1257
6814 4 2 2 2 1235 1228 1249 1232
6815 4 2 2 2 1145 1198 1121 1142
6816 4 2 2 2 1135 1145 1198 1121
6817 4 2 2 2 1198 1122 1121 1142
6818 4 2 2 2 1122 1198 1121 1135
6819 4 2 2 2 9 129 158 1146
6820 4 2 2 2 158 9 1146 2
6821 4 2 2 2 1179 1165 1199 1207
6822 4 2 2 2 1165 1179 1199 1208
6823 4 2 2 2 156 134 1150 1178
6824 4 2 2 2 1150 156 1178 1180
6825 4 2 2 2 1150 156 1180 1240
6826 4 2 2 2 1260 1246 1281 1280
6827 4 2 2 2 1246 1174 1274 1222
6828 4 2 2 2 1059 1316 1269 1271
6829 4 2 2 2 1259 1253 1275 1282
6830 4 2 2 2 1272 1322 1323 1319
6831 4 2 2 2 1285 1315 1261 1290
6832 4 2 2 2 1273 1093 1271 1321
6833 4 2 2 2 1315 1278 1259 1282
6834 4 2 2 2 1322 1272 1323 1315
6835 4 2 2 2 1315 1004 960 1288
6836 4 2 2 2 1090 969 1292 1009
6837 4 2 2 2 963 1091 1286 1287
6838 4 2 2 2 1253 1276 1258 1275
6839 4 2 2 2 94 1056 1229 1309
6840 4 2 2 2 1319 963 1286 1287
6841 4 2 2 2 1177 1319 1279 1280
6842 4 2 2 2 1104 1284 960 1288
6843 4 2 2 2 1302 1033 1228 1308
6844 4 2 2 2 1322 1319 1266 1320
6845 4 2 2 2 1319 1323 1272 1318
6846 4 2 2 2 1302 1308 1327 1303
6847 4 2 2 2 960 1315 1288 1284
6848 4 2 2 2 1261 1315 1284 1290
6849 4 2 2 2 1315 1259 1275 1282
6850 4 2 2 2 1252 1174 1222 1274
6851 4 2 2 2 960 1104 1288 1004
6852 4 2 2 2 1174 1252 1220 1274
6853 4 2 2 2 1303 1054 1308 1318
6854 4 2 2 2 1228 1226 1302 1305
6855 4 2 2 2 94 1309 1229 143
6856 4 2 2 2 462 1297 84 1298
6857 4 2 2 2 1228 1302 1308 1327
6858 4 2 2 2 1302 1228 1305 1327
6859 4 2 2 2 1276 1315 1258 1275
6860 4 2 2 2 1059 1316 1271 1321
6861 4 2 2 2 89 1299 93 1226
6862 4 2 2 2 1299 532 1301 89
6863 4 2 2 2 89 1301 1299 1226
6864 4 2 2 2 1247 1176 1277 1279
6865 4 2 2 2 145 1301 1226 100
6866 4 2 2 2 93 89 1226 107
6867 4 2 2 2 153 1080 1034 143
6868 4 2 2 2 1236 1302 1305 1317
6869 4 2 2 2 1093 963 1091 1286
6870 4 2 2 2 1272 1319 1318 1273
6871 4 2 2 2 1319 1266 1320 1267
6872 4 2 2 2 1059 1271 1093 1321
6873 4 2 2 2 1324 1229 1309 1322
6874 4 2 2 2 1055 1325 1309 1323
6875 4 2 2 2 1317 1196 1316 1265
6876 4 2 2 2 89 1301 1226 145
6877 4 2 2 2 1229 1253 1257 1312
6878 4 2 2 2 1302 93 1226 1228
6879 4 2 2 2 1313 1110 988 990
6880 4 2 2 2 82 1097 93 1299
6881 4 2 2 2 93 1097 1033 1299
6882 4 2 2 2 1304 1053 1303 1321
6883 4 2 2 2 1297 462 84 1329
6884 4 2 2 2 1249 1312 1194 1246
6885 4 2 2 2 1095 1303 1054 1308
6886 4 2 2 2 1303 1095 1054 1053
6887 4 2 2 2 1312 1264 1266 1322
6888 4 2 2 2 1323 1313 1270 1272
6889 4 2 2 2 1318 1313 1272 1091
6890 4 2 2 2 1320 1312 1246 1266
6891 4 2 2 2 532 1301 89 145
6892 4 2 2 2 100 1301 1226 1236
6893 4 2 2 2 1228 1226 1305 1230
6894 4 2 2 2 1091 1272 1318 1273
6895 4 2 2 2 1246 1320 1266 1267
6896 4 2 2 2 93 1302 1033 1228
6897 4 2 2 2 1297 1038 1300 1081
6898 4 2 2 2 1093 1273 1091 1321
6899 4 2 2 2 1297 1096 1081 1031
6900 4 2 2 2 1303 1318 1319 1321
6901 4 2 2 2 1311 1104 1269 1268
6902 4 2 2 2 1229 1310 1324 1309
6903 4 2 2 2 1310 1055 1325 1309
6904 4 2 2 2 1056 94 1229 1306
6905 4 2 2 2 1327 1308 1228 1320
6906 4 2 2 2 1053 1304 1059 1321
6907 4 2 2 2 93 1299 1302 1226
6908 4 2 2 2 1301 522 1299 1328
6909 4 2 2 2 93 1299 1033 1302
6910 4 2 2 2 1289 1260 1262 1315
6911 4 2 2 2 1059 1311 1269 1316
6912 4 2 2 2 1107 1055 1110 1313
6913 4 2 2 2 1323 1054 1313 1318
6914 4 2 2 2 1228 1322 1312 1320
6915 4 2 2 2 1260 1289 1262 1319
6916 4 2 2 2 88 259 358 233
6917 4 2 2 2 462 84 747 745
6918 4 2 2 2 1236 1302 1226 1305
6919 4 2 2 2 522 82 1299 1296
6920 4 2 2 2 1320 1312 1266 1322
6921 4 2 2 2 1313 1318 1272 1323
6922 4 2 2 2 1257 1228 1312 1249
6923 4 2 2 2 1304 1236 1242 1317
6924 4 2 2 2 1302 1033 1308 1095
6925 4 2 2 2 1302 1308 1303 1095
6926 4 2 2 2 1311 1059 1269 1104
6927 4 2 2 2 153 1034 94 143
6928 4 2 2 2 84 1297 1301 1096
6929 4 2 2 2 1322 1308 1323 1319
6930 4 2 2 2 1045 1056 1060 1311
6931 4 2 2 2 1312 1249 1194 1257
6932 4 2 2 2 1305 1249 1248 1246
6933 4 2 2 2 1308 1303 1318 1319
6934 4 2 2 2 1262 1319 1287 963
6935 4 2 2 2 1319 1260 1280 1177
6936 4 2 2 2 1236 1305 1242 1317
6937 4 2 2 2 1296 82 1299 1097
6938 4 2 2 2 527 84 1329 718
6939 4 2 2 2 145 84 1301 100
6940 4 2 2 2 1219 1258 1169 1253
6941 4 2 2 2 1265 1327 1247 1267
6942 4 2 2 2 1299 1033 1302 1095
6943 4 2 2 2 963 1093 962 1286
6944 4 2 2 2 1321 1054 1318 1091
6945 4 2 2 2 108 1056 1307 1306
6946 4 2 2 2 1319 1321 1318 1273
6947 4 2 2 2 1192 1252 1257 1194
6948 4 2 2 2 1322 1308 1319 1320
6949 4 2 2 2 1308 1323 1319 1318
6950 4 2 2 2 1301 1297 1031 1096
6951 4 2 2 2 1315 1325 1268 1270
6952 4 2 2 2 1324 1315 1263 1264
6953 4 2 2 2 1301 1297 1328 1031
6954 4 2 2 2 1254 1263 1196 1253
6955 4 2 2 2 522 1301 1297 1328
6956 4 2 2 2 93 82 1299 89
6957 4 2 2 2 522 1301 1299 532
6958 4 2 2 2 1263 1253 1324 1264
6959 4 2 2 2 1302 1304 1303 1317
6960 4 2 2 2 1055 1325 1313 1107
6961 4 2 2 2 969 1101 1291 965
6962 4 2 2 2 153 1033 143 93
6963 4 2 2 2 1318 1321 1091 1273
6964 4 2 2 2 1110 1107 1313 988
6965 4 2 2 2 522 1314 1296 1328
6966 4 2 2 2 1228 1033 143 1308
6967 4 2 2 2 1299 522 1296 1328
6968 4 2 2 2 539 401 235 409
6969 4 2 2 2 84 522 1301 1297
6970 4 2 2 2 1299 1030 1032 1328
6971 4 2 2 2 1055 143 1308 1309
6972 4 2 2 2 1314 522 1297 1328
6973 4 2 2 2 1262 1091 963 1287
6974 4 2 2 2 1246 1260 1177 1280
6975 4 2 2 2 1246 1174 1222 1173
6976 4 2 2 2 532 82 88 89
6977 4 2 2 2 1034 92 94 1056
6978 4 2 2 2 1054 1053 1091 1321
6979 4 2 2 2 1253 1258 1259 1275
6980 4 2 2 2 143 1054 1055 1308
6981 4 2 2 2 1261 1104 1284 960
6982 4 2 2 2 1033 1054 1308 1095
6983 4 2 2 2 1095 1303 1302 1053
6984 4 2 2 2 1328 1301 1031 1113
6985 4 2 2 2 1315 1175 1276 1258
6986 4 2 2 2 961 1315 1004 960
6987 4 2 2 2 1324 1312 1264 1253
6988 4 2 2 2 1315 1262 1285 1261
6989 4 2 2 2 1260 1315 1278 1259
6990 4 2 2 2 1301 532 84 145
6991 4 2 2 2 1312 1228 1246 1249
6992 4 2 2 2 1313 1054 1091 1318
6993 4 2 2 2 1228 1312 1246 1320
6994 4 2 2 2 1056 1060 1311 1057
6995 4 2 2 2 1308 1327 1303 1319
6996 4 2 2 2 1229 1324 1312 1322
6997 4 2 2 2 1055 1325 1323 1313
6998 4 2 2 2 108 94 1056 1306
6999 4 2 2 2 1325 1323 1313 1270
7000 4 2 2 2 1312 1324 1264 1322
7001 4 2 2 2 1236 1305 1230 1248
7002 4 2 2 2 1310 1055 1057 1325
7003 4 2 2 2 1229 1310 1306 1324
7004 4 2 2 2 1254 1316 1242 1196
7005 4 2 2 2 1091 1053 1093 1321
7006 4 2 2 2 1095 1097 1032 1299
7007 4 2 2 2 1175 1247 1176 1277
7008 4 2 2 2 1228 1229 1312 1322
7009 4 2 2 2 1054 1055 1323 1313
7010 4 2 2 2 1092 1091 990 1313
7011 4 2 2 2 1323 1325 1315 1270
7012 4 2 2 2 1324 1322 1315 1264
7013 4 2 2 2 108 94 1306 1237
7014 4 2 2 2 84 478 96 97
7015 4 2 2 2 1228 1229 1257 1312
7016 4 2 2 2 1313 1325 1270 1107
7017 4 2 2 2 1097 1032 1299 1030
7018 4 2 2 2 1300 1328 1082 1072
7019 4 2 2 2 1308 1327 1319 1320
7020 4 2 2 2 1056 1045 1307 1311
7021 4 2 2 2 1228 1305 1246 1249
7022 4 2 2 2 1316 1242 1196 1317
7023 4 2 2 2 1258 1171 1219 1169
7024 4 2 2 2 1303 1316 1321 1326
7025 4 2 2 2 1095 1299 1032 1302
7026 4 2 2 2 1299 1301 1302 1226
7027 4 2 2 2 143 1309 1229 1308
7028 4 2 2 2 1311 1056 1057 1310
7029 4 2 2 2 1113 1303 1304 1053
7030 4 2 2 2 1321 1326 1319 1303
7031 4 2 2 2 1300 1328 1031 1082
7032 4 2 2 2 1257 1306 1237 1255
7033 4 2 2 2 1304 1321 1303 1316
7034 4 2 2 2 1302 1301 1304 1317
7035 4 2 2 2 1104 1311 1325 1268
7036 4 2 2 2 1307 108 1306 1237
7037 4 2 2 2 532 84 145 97
7038 4 2 2 2 1056 101 108 1307
7039 4 2 2 2 1301 1328 1299 1113
7040 4 2 2 2 1080 143 1054 1055
7041 4 2 2 2 1053 1059 1093 1321
7042 4 2 2 2 1327 1247 1267 1246
7043 4 2 2 2 539 409 275 233
7044 4 2 2 2 522 84 1301 532
7045 4 2 2 2 143 1229 1228 1308
7046 4 2 2 2 101 1056 108 166
7047 4 2 2 2 1258 1315 1259 1275
7048 4 2 2 2 235 539 409 275
7049 4 2 2 2 1237 1229 1306 1257
7050 4 2 2 2 1315 960 1261 1284
7051 4 2 2 2 1327 1265 1326 1267
7052 4 2 2 2 1097 1095 1033 1299
7053 4 2 2 2 1322 1308 1309 1323
7054 4 2 2 2 1236 1307 1304 1242
7055 4 2 2 2 1301 1299 1302 1113
7056 4 2 2 2 1311 1306 1310 1324
7057 4 2 2 2 1297 84 1298 1096
7058 4 2 2 2 1316 1317 1265 1326
7059 4 2 2 2 88 358 539 233
7060 4 2 2 2 532 96 97 141
7061 4 2 2 2 1304 1113 1053 1059
7062 4 2 2 2 1326 1247 1265 1327
7063 4 2 2 2 1298 723 1330 1332
7064 4 2 2 2 101 1301 100 1236
7065 4 2 2 2 1311 1325 1268 1315
7066 4 2 2 2 1324 1311 1263 1315
7067 4 2 2 2 1081 1297 1031 1300
7068 4 2 2 2 1254 1306 1253 1255
7069 4 2 2 2 478 235 96 539
7070 4 2 2 2 1305 1236 1242 1248
7071 4 2 2 2 1054 1313 1091 1092
7072 4 2 2 2 539 409 233 358
7073 4 2 2 2 1321 1304 1059 1316
7074 4 2 2 2 92 85 1330 164
7075 4 2 2 2 94 92 108 1056
7076 4 2 2 2 1249 1257 1252 1194
7077 4 2 2 2 1309 1315 1322 1323
7078 4 2 2 2 1226 1236 1305 1230
7079 4 2 2 2 990 1092 1313 1110
7080 4 2 2 2 539 401 409 358
7081 4 2 2 2 1301 1302 1236 1317
7082 4 2 2 2 532 96 141 539
7083 4 2 2 2 1054 1055 1313 1092
7084 4 2 2 2 1033 93 1228 143
7085 4 2 2 2 1305 1228 1246 1327
7086 4 2 2 2 1316 1254 1311 1196
7087 4 2 2 2 89 1226 107 145
7088 4 2 2 2 1242 1305 1248 1247
7089 4 2 2 2 1301 1302 1226 1236
7090 4 2 2 2 1327 1319 1320 1267
7091 4 2 2 2 1032 1302 1053 1095
7092 4 2 2 2 1113 1303 1302 1304
7093 4 2 2 2 1311 1254 1263 1196
7094 4 2 2 2 1246 1248 1305 1247
7095 4 2 2 2 1303 1113 1302 1053
7096 4 2 2 2 1319 1327 1326 1267
7097 4 2 2 2 1328 1072 1030 1082
7098 4 2 2 2 1038 1096 1045 1081
7099 4 2 2 2 1328 1297 1300 1031
7100 4 2 2 2 97 478 96 532
7101 4 2 2 2 84 478 97 532
7102 4 2 2 2 1311 1045 1096 1060
7103 4 2 2 2 539 235 96 275
7104 4 2 2 2 1056 1298 101 1307
7105 4 2 2 2 1317 1301 1304 1236
7106 4 2 2 2 969 963 1262 1091
7107 4 2 2 2 1173 1260 1177 1246
7108 4 2 2 2 1260 1173 1174 1246
7109 4 2 2 2 89 532 141 88
7110 4 2 2 2 960 1175 961 1315
7111 4 2 2 2 1175 960 1258 1315
7112 4 2 2 2 1259 1262 1260 1315
7113 4 2 2 2 1262 1259 1261 1315
7114 4 2 2 2 1246 1320 1267 1327
7115 4 2 2 2 84 1298 101 167
7116 4 2 2 2 1254 1324 1263 1253
7117 4 2 2 2 1301 1302 1304 1113
7118 4 2 2 2 1054 143 1033 1308
7119 4 2 2 2 1258 1261 1259 1315
7120 4 2 2 2 1261 1258 960 1315
7121 4 2 2 2 1254 1306 1324 1253
7122 4 2 2 2 1247 1326 1265 1317
7123 4 2 2 2 1316 1303 1317 1326
7124 4 2 2 2 1328 1097 1299 1030
7125 4 2 2 2 539 88 233 275
7126 4 2 2 2 1177 1262 963 1319
7127 4 2 2 2 1262 1177 1260 1319
7128 4 2 2 2 532 145 89 97
7129 4 2 2 2 1302 1032 1053 1113
7130 4 2 2 2 1305 1246 1247 1327
7131 4 2 2 2 143 1034 1055 1080
7132 4 2 2 2 1055 1057 1325 1107
7133 4 2 2 2 1311 1059 1304 1316
7134 4 2 2 2 1259 1169 1258 1253
7135 4 2 2 2 1169 1259 1170 1253
7136 4 2 2 2 1299 1032 1302 1113
7137 4 2 2 2 88 532 141 539
7138 4 2 2 2 960 965 1261 1104
7139 4 2 2 2 1325 1060 1104 1107
7140 4 2 2 2 1096 1113 1304 1059
7141 4 2 2 2 1030 1296 1314 1328
7142 4 2 2 2 89 532 97 141
7143 4 2 2 2 1296 1030 1097 1328
7144 4 2 2 2 85 741 167 1332
7145 4 2 2 2 1242 1196 1247 1254
7146 4 2 2 2 96 532 478 539
7147 4 2 2 2 1059 1311 1060 1104
7148 4 2 2 2 1328 1300 1314 1072
7149 4 2 2 2 143 1080 1054 1033
7150 4 2 2 2 141 539 96 275
7151 4 2 2 2 1328 1030 1032 1082
7152 4 2 2 2 1045 1307 1311 1096
7153 4 2 2 2 1311 1254 1324 1263
7154 4 2 2 2 539 141 88 275
7155 4 2 2 2 1298 1056 101 166
7156 4 2 2 2 1031 1328 1113 1082
7157 4 2 2 2 1113 1328 1032 1082
7158 4 2 2 2 1031 1300 1082 1081
7159 4 2 2 2 1082 1300 1072 1081
7160 4 2 2 2 1304 1254 1316 1242
7161 4 2 2 2 1298 1056 1045 1307
7162 4 2 2 2 1056 1298 1045 1331
7163 4 2 2 2 1314 1072 1030 1328
7164 4 2 2 2 84 1301 100 101
7165 4 2 2 2 1303 1319 1327 1326
7166 4 2 2 2 1328 1297 1314 1300
7167 4 2 2 2 1299 1296 1097 1328
7168 4 2 2 2 1303 1304 1316 1317
7169 4 2 2 2 1092 1055 1313 1110
7170 4 2 2 2 1305 1242 1317 1247
7171 4 2 2 2 1057 1060 1325 1107
7172 4 2 2 2 1096 1236 1307 1304
7173 4 2 2 2 1246 1228 1320 1327
7174 4 2 2 2 1254 1304 1316 1311
7175 4 2 2 2 1299 1032 1113 1328
7176 4 2 2 2 1306 1311 1307 1324
7177 4 2 2 2 92 1332 166 1331
7178 4 2 2 2 1307 1304 1242 1254
7179 4 2 2 2 1325 1311 1310 1315
7180 4 2 2 2 1242 1316 1304 1317
7181 4 2 2 2 1311 1324 1310 1315
7182 4 2 2 2 1236 101 1307 1241
7183 4 2 2 2 1104 1311 1060 1325
7184 4 2 2 2 1038 1298 1045 1096
7185 4 2 2 2 1298 101 1307 1096
7186 4 2 2 2 1304 1307 1311 1254
7187 4 2 2 2 1247 1326 1317 1327
7188 4 2 2 2 1303 1327 1317 1326
7189 4 2 2 2 1307 1096 1304 1311
7190 4 2 2 2 1113 1301 1096 1304
7191 4 2 2 2 1236 1096 1301 1304
7192 4 2 2 2 1307 1306 1254 1255
7193 4 2 2 2 1301 1031 1113 1096
7194 4 2 2 2 1298 1307 1045 1096
7195 4 2 2 2 1317 1305 1247 1327
7196 4 2 2 2 1255 1307 1241 1254
7197 4 2 2 2 1236 1307 1242 1254
7198 4 2 2 2 1307 1306 1324 1254
7199 4 2 2 2 1307 1324 1311 1254
7200 4 2 2 2 1307 1236 1241 1254
7201 4 2 2 2 1176 961 1175 1295
7202 4 2 2 2 1291 1261 1290 1285
7203 4 2 2 2 1291 1313 988 990
7204 4 2 2 2 1290 1313 1285 1270
7205 4 2 2 2 1290 1291 1285 1313
7206 4 2 2 2 1313 1285 1270 1272
7207 4 2 2 2 1284 1315 1268 1270
7208 4 2 2 2 1290 1315 1284 1270
7209 4 2 2 2 1315 1275 1264 1282
7210 4 2 2 2 1315 1288 1284 1268
7211 4 2 2 2 1315 1275 1263 1264
7212 4 2 2 2 1272 1315 1285 1270
7213 4 2 2 2 1285 1315 1290 1270
7214 4 2 2 2 1278 1315 1264 1282
7215 4 2 2 2 1266 1315 1264 1278
7216 4 2 2 2 1004 1315 1268 1288
7217 4 2 2 2 1276 1315 1275 1263
7218 4 2 2 2 1272 1315 1289 1285
7219 4 2 2 2 1266 1315 1278 1281
7220 4 2 2 2 1315 1281 1260 1278
7221 4 2 2 2 1289 1315 1262 1285
7222 4 2 2 2 1283 1316 1271 1269
7223 4 2 2 2 1316 1277 1265 1196
7224 4 2 2 2 1004 1316 1283 1269
7225 4 2 2 2 1276 1316 1196 1277
7226 4 2 2 2 1292 1090 1009 990
7227 4 2 2 2 1091 1287 1272 1273
7228 4 2 2 2 1091 1292 1009 990
7229 4 2 2 2 969 1091 1292 1009
7230 4 2 2 2 1286 1091 1273 1287
7231 4 2 2 2 1289 1091 1287 1272
7232 4 2 2 2 1091 1262 1289 1287
7233 4 2 2 2 1093 1283 1286 1271
7234 4 2 2 2 1273 1093 1286 1271
7235 4 2 2 2 1093 1273 1286 1091
7236 4 2 2 2 962 1093 1283 1286
7237 4 2 2 2 1280 1246 1266 1267
7238 4 2 2 2 1274 1246 1222 1194
7239 4 2 2 2 1246 1281 1280 1266
7240 4 2 2 2 1278 1246 1266 1281
7241 4 2 2 2 1220 1246 1274 1194
7242 4 2 2 2 1220 1246 1174 1274
7243 4 2 2 2 1246 1278 1260 1281
7244 4 2 2 2 1267 1247 1265 1279
7245 4 2 2 2 1196 1247 1277 1265
7246 4 2 2 2 1247 1277 1265 1279
7247 4 2 2 2 1247 1276 1196 1277
7248 4 2 2 2 1276 1247 1175 1277
7249 4 2 2 2 1319 1280 1266 1267
7250 4 2 2 2 1287 1319 1272 1273
7251 4 2 2 2 1286 1319 1287 1273
7252 4 2 2 2 1279 1319 1267 1280
7253 4 2 2 2 1281 1319 1280 1266
7254 4 2 2 2 1319 1289 1287 1272
7255 4 2 2 2 1319 1260 1281 1280
7256 4 2 2 2 1262 1319 1289 1287
7257 4 2 2 2 1101 1007 988 1293
7258 4 2 2 2 1293 1101 1291 988
7259 4 2 2 2 1291 1101 990 988
7260 4 2 2 2 965 1101 1291 1293
7261 4 2 2 2 1007 1101 965 1293
7262 4 2 2 2 1315 1322 1266 1264
7263 4 2 2 2 1322 1272 1315 1266
7264 4 2 2 2 1322 1272 1266 1319
7265 4 2 2 2 1315 1323 1270 1272
7266 4 2 2 2 1192 1252 1194 1220
7267 4 2 2 2 1252 1222 1194 1274
7268 4 2 2 2 1220 1252 1194 1274
7269 4 2 2 2 1004 1104 1268 1269
7270 4 2 2 2 1104 1288 1004 1268
7271 4 2 2 2 1104 1284 1288 1268
7272 4 2 2 2 1275 1253 1263 1264
7273 4 2 2 2 1253 1275 1282 1264
7274 4 2 2 2 1276 1253 1263 1275
7275 4 2 2 2 1196 1253 1263 1276
7276 4 2 2 2 1258 1219 1276 1253
7277 4 2 2 2 1253 1259 1278 1282
7278 4 2 2 2 1270 1104 1268 1284
7279 4 2 2 2 1246 1279 1267 1280
7280 4 2 2 2 1279 1246 1267 1247
7281 4 2 2 2 1246 1177 1279 1280
7282 4 2 2 2 1177 1246 1279 1247
7283 4 2 2 2 1291 1261 1293 1290
7284 4 2 2 2 1261 1291 1293 965
7285 4 2 2 2 1321 1316 1271 1294
7286 4 2 2 2 1316 1321 1326 1294
7287 4 2 2 2 1326 1321 1319 1294
7288 4 2 2 2 1059 1269 1093 1271
7289 4 2 2 2 1059 1269 1104 1093
7290 4 2 2 2 1093 1269 1283 1271
7291 4 2 2 2 1171 1276 1247 1175
7292 4 2 2 2 1276 1171 1258 1175
7293 4 2 2 2 1171 1276 1258 1219
7294 4 2 2 2 1055 94 1034 143
7295 4 2 2 2 1055 94 143 1309
7296 4 2 2 2 1056 1034 1055 94
7297 4 2 2 2 94 1055 1056 1309
7298 4 2 2 2 1295 1004 1283 961
7299 4 2 2 2 1316 1004 1283 1295
7300 4 2 2 2 1175 961 1315 1295
7301 4 2 2 2 1315 961 1004 1295
7302 4 2 2 2 1316 1315 1004 1295
7303 4 2 2 2 1294 962 1283 1286
7304 4 2 2 2 1283 1316 1295 1294
7305 4 2 2 2 1175 1315 1276 1295
7306 4 2 2 2 1315 1316 1276 1295
7307 4 2 2 2 1327 1302 1317 1305
7308 4 2 2 2 1302 1327 1317 1303
7309 4 2 2 2 1101 1292 1291 990
7310 4 2 2 2 1101 1292 990 1090
7311 4 2 2 2 969 1101 1292 1291
7312 4 2 2 2 1101 969 1292 1090
7313 4 2 2 2 527 84 729 747
7314 4 2 2 2 522 84 532 729
7315 4 2 2 2 1322 1228 1308 1320
7316 4 2 2 2 1323 1308 1054 1318
7317 4 2 2 2 1291 1261 969 965
7318 4 2 2 2 1262 1291 1285 1261
7319 4 2 2 2 1262 1291 1261 969
7320 4 2 2 2 94 1237 1229 1306
7321 4 2 2 2 1055 1056 1310 1057
7322 4 2 2 2 1056 1055 1310 1309
7323 4 2 2 2 1229 1056 1310 1309
7324 4 2 2 2 1056 1229 1310 1306
7325 4 2 2 2 1054 1303 1321 1318
7326 4 2 2 2 1054 1303 1053 1321
7327 4 2 2 2 1176 963 1319 1177
7328 4 2 2 2 1319 1176 1177 1279
7329 4 2 2 2 1319 1176 1279 1294
7330 4 2 2 2 1247 1177 1176 1279
7331 4 2 2 2 1093 961 962 1283
7332 4 2 2 2 532 1299 82 89
7333 4 2 2 2 82 522 1299 532
7334 4 2 2 2 1196 1317 1247 1265
7335 4 2 2 2 1242 1196 1317 1247
7336 4 2 2 2 1228 1230 1305 1249
7337 4 2 2 2 1230 1305 1249 1248
7338 4 2 2 2 1080 153 1033 143
7339 4 2 2 2 1004 1093 1283 961
7340 4 2 2 2 1096 84 101 1301
7341 4 2 2 2 1096 84 1298 101
7342 4 2 2 2 1325 1309 1315 1310
7343 4 2 2 2 1309 1325 1315 1323
7344 4 2 2 2 1324 1309 1315 1322
7345 4 2 2 2 1309 1324 1315 1310
7346 4 2 2 2 1306 1229 1253 1257
7347 4 2 2 2 1306 1257 1253 1255
7348 4 2 2 2 1306 1229 1324 1253
7349 4 2 2 2 1229 1324 1253 1312
7350 4 2 2 2 92 1045 1118 1331
7351 4 2 2 2 1080 1095 1054 1033
7352 4 2 2 2 1220 1260 1174 1246
7353 4 2 2 2 1311 1057 1325 1310
7354 4 2 2 2 1311 1057 1060 1325
7355 4 2 2 2 1096 1311 1059 1304
7356 4 2 2 2 1311 1096 1059 1060
7357 4 2 2 2 1056 1311 1306 1310
7358 4 2 2 2 1307 1056 1311 1306
7359 4 2 2 2 1297 1298 1038 1096
7360 4 2 2 2 1038 1297 1096 1081
7361 4 2 2 2 1307 1237 1306 1255
7362 4 2 2 2 1307 1237 1255 1241
7363 4 2 2 2 108 1307 1241 1237
7364 4 2 2 2 108 1307 101 1241
7365 4 2 2 2 1096 101 1236 1301
7366 4 2 2 2 101 1096 1236 1307
7367 4 2 2 2 1196 1219 1253 1276
7368 4 2 2 2 1246 1253 1194 1220
7369 4 2 2 2 1253 1246 1194 1312
7370 4 2 2 2 1194 1253 1192 1220
7371 4 2 2 2 1253 1278 1264 1282
7372 4 2 2 2 988 1290 1291 1293
7373 4 2 2 2 1290 988 1291 1313
7374 4 2 2 2 1268 1316 1004 1269
7375 4 2 2 2 1316 1315 1268 1004
7376 4 2 2 2 1269 1311 1268 1316
7377 4 2 2 2 1268 1311 1315 1316
7378 4 2 2 2 1311 1196 1263 1316
7379 4 2 2 2 1311 1263 1315 1316
7380 4 2 2 2 1316 1263 1276 1196
7381 4 2 2 2 1316 1315 1276 1263
7382 4 2 2 2 1281 1272 1266 1315
7383 4 2 2 2 1281 1272 1319 1266
7384 4 2 2 2 1260 1272 1281 1315
7385 4 2 2 2 1260 1272 1315 1289
7386 4 2 2 2 1260 1272 1319 1281
7387 4 2 2 2 1260 1272 1289 1319
7388 4 2 2 2 1294 1283 1271 1286
7389 4 2 2 2 1316 1283 1271 1294
7390 4 2 2 2 1262 1291 969 1292
7391 4 2 2 2 1262 1292 969 1091
7392 4 2 2 2 990 1285 1291 1313
7393 4 2 2 2 1262 990 1285 1291
7394 4 2 2 2 1262 990 1291 1292
7395 4 2 2 2 1262 990 1292 1091
7396 4 2 2 2 1313 1289 1285 1272
7397 4 2 2 2 1289 1091 1272 1313
7398 4 2 2 2 1285 990 1289 1313
7399 4 2 2 2 990 1289 1313 1091
7400 4 2 2 2 990 1262 1285 1289
7401 4 2 2 2 990 1262 1289 1091
7402 4 2 2 2 1171 1196 1276 1219
7403 4 2 2 2 1196 1171 1276 1247
7404 4 2 2 2 1004 1093 1269 1283
7405 4 2 2 2 1004 1093 1104 1269
7406 4 2 2 2 1104 988 1007 1293
7407 4 2 2 2 1104 1313 1270 1107
7408 4 2 2 2 1313 1104 988 1107
7409 4 2 2 2 1265 1319 1267 1279
7410 4 2 2 2 1319 1265 1267 1326
7411 4 2 2 2 1265 1319 1279 1294
7412 4 2 2 2 1265 1319 1294 1326
7413 4 2 2 2 1316 1265 1294 1326
7414 4 2 2 2 961 1294 962 1283
7415 4 2 2 2 961 1295 1294 1283
7416 4 2 2 2 1176 961 1294 962
7417 4 2 2 2 961 1176 1294 1295
7418 4 2 2 2 1253 1266 1264 1278
7419 4 2 2 2 1266 1253 1264 1312
7420 4 2 2 2 1253 1246 1266 1278
7421 4 2 2 2 1246 1253 1266 1312
7422 4 2 2 2 1294 1321 1273 1271
7423 4 2 2 2 1319 1321 1273 1294
7424 4 2 2 2 1294 1273 1286 1271
7425 4 2 2 2 1286 1319 1273 1294
7426 4 2 2 2 1270 988 1313 1104
7427 4 2 2 2 988 1290 1270 1313
7428 4 2 2 2 1293 1284 1261 1104
7429 4 2 2 2 1284 1293 1261 1290
7430 4 2 2 2 988 1284 1293 1104
7431 4 2 2 2 1284 988 1293 1290
7432 4 2 2 2 1284 988 1270 1104
7433 4 2 2 2 988 1284 1270 1290
7434 4 2 2 2 1104 1325 1270 1268
7435 4 2 2 2 1107 1270 1104 1325
7436 4 2 2 2 1293 1104 965 1007
7437 4 2 2 2 1293 1261 965 1104
7438 4 2 2 2 1176 1294 1277 1279
7439 4 2 2 2 1176 1295 1175 1277
7440 4 2 2 2 1277 1316 1294 1295
7441 4 2 2 2 1294 1176 1277 1295
7442 4 2 2 2 1276 1316 1277 1295
7443 4 2 2 2 1276 1295 1277 1175
7444 4 2 2 2 1308 1229 1228 1322
7445 4 2 2 2 1308 1229 1322 1309
7446 4 2 2 2 1308 1055 1323 1054
7447 4 2 2 2 1308 1055 1309 1323
7448 4 2 2 2 1174 1259 1253 1170
7449 4 2 2 2 1260 1220 1174 1253
7450 4 2 2 2 1174 1259 1260 1253
7451 4 2 2 2 1253 1260 1278 1259
7452 4 2 2 2 1294 963 962 1286
7453 4 2 2 2 963 1319 1286 1294
7454 4 2 2 2 963 1176 1294 962
7455 4 2 2 2 963 1176 1319 1294
7456 4 2 2 2 1246 1253 1260 1278
7457 4 2 2 2 1260 1220 1253 1246
7458 4 2 2 2 1253 1257 1194 1192
7459 4 2 2 2 1257 1253 1194 1312
7460 4 2 2 2 1277 1294 1265 1279
7461 4 2 2 2 1277 1316 1265 1294
7462 4 2 2 2 527 84 462 1329
7463 4 2 2 2 84 522 1297 1329
7464 4 2 2 2 85 723 741 1332
7465 4 2 2 2 85 92 1330 1332
7466 4 2 2 2 1298 1056 166 1331
7467 4 2 2 2 1045 92 1056 1331
7468 4 2 2 2 101 85 1332 166
7469 4 2 2 2 522 84 729 718
7470 4 2 2 2 1298 1038 1045 1118
7471 4 2 2 2 1298 462 723 741
7472 4 2 2 2 92 1330 1332 1331
7473 4 2 2 2 1056 92 166 1331
7474 4 2 2 2 85 92 1332 166
7475 4 2 2 2 84 527 729 718
7476 4 2 2 2 1330 1298 1332 1331
7477 4 2 2 2 84 522 1329 718
7478 4 2 2 2 92 108 1056 166
7479 4 2 2 2 85 81 723 1330
7480 4 2 2 2 85 81 1330 164
7481 4 2 2 2 1298 101 167 1332
7482 4 2 2 2 462 1298 84 741
7483 4 2 2 2 1298 101 1332 166
7484 4 2 2 2 84 478 532 729
7485 4 2 2 2 1045 1298 1118 1331
7486 4 2 2 2 723 1298 741 1332
7487 4 2 2 2 101 85 167 1332
7488 4 2 2 2 723 85 1330 1332
7489 4 2 2 2 1298 84 741 167
7490 4 2 2 2 1332 1298 166 1331
7491 4 2 2 2 741 1298 167 1332
7492 4 2 2 2 84 527 462 747
7493 4 2 2 2 84 478 729 747
7494 4 2 2 2 84 478 747 745
7495 4 2 2 2 1360 1448 1432 1445
7496 4 2 2 2 1458 1343 1400 1395
7497 4 2 2 2 1425 1351 1407 1405
7498 4 2 2 2 1345 1426 1399 1398
7499 4 2 2 2 1426 1339 1390 1389
7500 4 2 2 2 1365 1359 1456 1440
7501 4 2 2 2 1405 1438 1351 1407
7502 4 2 2 2 1440 1450 1363 1361
7503 4 2 2 2 1379 1430 985 1378
7504 4 2 2 2 1388 1430 1387 1340
7505 4 2 2 2 1342 1440 1394 1401
7506 4 2 2 2 1440 1336 1385 1392
7507 4 2 2 2 1450 1434 1433 1363
7508 4 2 2 2 1345 1438 1399 1396
7509 4 2 2 2 1364 1432 1431 1362
7510 4 2 2 2 1425 1402 1350 1405
7511 4 2 2 2 1426 1393 1398 1344
7512 4 2 2 2 1426 1384 1338 1389
7513 4 2 2 2 1431 1426 1364 1362
7514 4 2 2 2 1098 983 1379 1383
7515 4 2 2 2 1438 1351 1407 1404
7516 4 2 2 2 1358 1432 1356 1457
7517 4 2 2 2 1424 1368 1370 1429
7518 4 2 2 2 1427 1354 1360 1448
7519 4 2 2 2 1444 1342 1394 1401
7520 4 2 2 2 1429 1438 1370 1424
7521 4 2 2 2 1438 1346 1397 1396
7522 4 2 2 2 1432 1354 1356 1448
7523 4 2 2 2 1087 1357 1358 1441
7524 4 2 2 2 1374 1425 1373 1428
7525 4 2 2 2 1426 1370 1368 1429
7526 4 2 2 2 1431 1430 1432 1364
7527 4 2 2 2 1426 1437 1433 1370
7528 4 2 2 2 1337 1395 1400 1343
7529 4 2 2 2 1406 1393 1343 1349
7530 4 2 2 2 1378 1098 985 1379
7531 4 2 2 2 1342 1444 1397 1401
7532 4 2 2 2 1346 1433 1397 1396
7533 4 2 2 2 1433 1340 1388 1387
7534 4 2 2 2 1415 1300 1414 1408
7535 4 2 2 2 1437 1438 1369 1370
7536 4 2 2 2 1434 1426 1433 1364
7537 4 2 2 2 1333 1386 982 1377
7538 4 2 2 2 1337 1395 1335 1386
7539 4 2 2 2 1446 1413 1426 1429
7540 4 2 2 2 1426 1437 1370 1429
7541 4 2 2 2 1070 1448 1356 1354
7542 4 2 2 2 1432 1360 1445 1362
7543 4 2 2 2 1429 1438 1437 1370
7544 4 2 2 2 1417 1041 1040 1434
7545 4 2 2 2 1433 1437 1369 1370
7546 4 2 2 2 982 1111 1377 1375
7547 4 2 2 2 1426 1434 1431 1364
7548 4 2 2 2 1341 1458 1394 1395
7549 4 2 2 2 1413 1445 1426 1431
7550 4 2 2 2 1041 1061 1040 1441
7551 4 2 2 2 1440 1442 1450 1361
7552 4 2 2 2 1434 1413 1426 1431
7553 4 2 2 2 1421 1371 1372 1458
7554 4 2 2 2 1416 1434 1430 1431
7555 4 2 2 2 1425 1447 1373 1428
7556 4 2 2 2 1421 1443 1371 1458
7557 4 2 2 2 1446 1426 1368 1429
7558 4 2 2 2 1445 1426 1431 1362
7559 4 2 2 2 1417 1041 1434 1420
7560 4 2 2 2 1364 1433 1434 1363
7561 4 2 2 2 1432 1358 1430 1457
7562 4 2 2 2 1072 1103 1042 1416
7563 4 2 2 2 1041 1061 1441 1064
7564 4 2 2 2 1430 1434 1363 1364
7565 4 2 2 2 1441 1041 1064 1451
7566 4 2 2 2 1427 1456 1360 1359
7567 4 2 2 2 1435 1427 1360 1445
7568 4 2 2 2 1427 1359 1353 1442
7569 4 2 2 2 1430 1431 1434 1364
7570 4 2 2 2 1430 1441 1358 1357
7571 4 2 2 2 1414 1421 1419 1446
7572 4 2 2 2 1429 1417 1426 1437
7573 4 2 2 2 1421 1410 1419 1447
7574 4 2 2 2 1414 1300 1418 1452
7575 4 2 2 2 1426 1445 1435 1362
7576 4 2 2 2 1446 1426 1435 1368
7577 4 2 2 2 1425 1447 1436 1373
7578 4 2 2 2 1424 1447 1428 1373
7579 4 2 2 2 1424 1446 1368 1429
7580 4 2 2 2 1427 1414 1418 1445
7581 4 2 2 2 1081 1414 1300 1418
7582 4 2 2 2 1435 1427 1456 1360
7583 4 2 2 2 1358 1087 1441 1106
7584 4 2 2 2 1453 1438 1444 1369
7585 4 2 2 2 1362 1435 1360 1445
7586 4 2 2 2 1413 1417 1426 1429
7587 4 2 2 2 1368 1435 1446 1366
7588 4 2 2 2 1436 1373 1447 1372
7589 4 2 2 2 1453 1437 1438 1369
7590 4 2 2 2 1043 1427 1418 1448
7591 4 2 2 2 1098 1441 1357 1087
7592 4 2 2 2 1040 1455 1041 1417
7593 4 2 2 2 1429 1438 1424 1437
7594 4 2 2 2 1457 1040 1441 1430
7595 4 2 2 2 1042 1072 1416 1439
7596 4 2 2 2 1411 1300 1415 1408
7597 4 2 2 2 1044 1448 1070 1354
7598 4 2 2 2 1423 1440 1453 1367
7599 4 2 2 2 1408 1452 1414 1454
7600 4 2 2 2 1434 1413 1417 1426
7601 4 2 2 2 1411 1422 1423 1415
7602 4 2 2 2 1440 1369 1453 1367
7603 4 2 2 2 1061 1106 1441 1087
7604 4 2 2 2 1414 1426 1445 1435
7605 4 2 2 2 1300 1415 1414 1081
7606 4 2 2 2 1426 1414 1446 1435
7607 4 2 2 2 1444 1453 1369 1367
7608 4 2 2 2 1425 1410 1436 1447
7609 4 2 2 2 1455 1041 1417 1420
7610 4 2 2 2 1040 1416 1430 1457
7611 4 2 2 2 1445 1427 1360 1448
7612 4 2 2 2 1426 1417 1433 1437
7613 4 2 2 2 1300 1043 1418 1072
7614 4 2 2 2 1423 1453 1444 1367
7615 4 2 2 2 1417 1426 1433 1434
7616 4 2 2 2 1416 1040 1430 1434
7617 4 2 2 2 1441 1457 1430 1358
7618 4 2 2 2 1413 1414 1426 1445
7619 4 2 2 2 1414 1413 1426 1446
7620 4 2 2 2 1444 1341 1458 1394
7621 4 2 2 2 1430 1416 1431 1432
7622 4 2 2 2 1437 1453 1433 1369
7623 4 2 2 2 1421 1446 1366 1458
7624 4 2 2 2 1447 1421 1372 1458
7625 4 2 2 2 1458 1419 1446 1447
7626 4 2 2 2 1041 1065 1064 1451
7627 4 2 2 2 1430 1416 1432 1457
7628 4 2 2 2 1044 1354 1070 1111
7629 4 2 2 2 1431 1445 1362 1432
7630 4 2 2 2 1423 1456 1365 1458
7631 4 2 2 2 1437 1420 1433 1453
7632 4 2 2 2 1454 1429 1413 1446
7633 4 2 2 2 1410 1421 1412 1447
7634 4 2 2 2 1073 984 1334 1380
7635 4 2 2 2 1422 1450 1420 1440
7636 4 2 2 2 1441 1457 1358 1106
7637 4 2 2 2 1434 1450 1430 1363
7638 4 2 2 2 1450 1422 1442 1440
7639 4 2 2 2 1451 1441 1430 1357
7640 4 2 2 2 1421 1414 1415 1446
7641 4 2 2 2 1451 1098 1357 1355
7642 4 2 2 2 1426 1343 1393 1344
7643 4 2 2 2 1427 1456 1359 1442
7644 4 2 2 2 1418 1416 1439 1432
7645 4 2 2 2 1038 1050 1415 1427
7646 4 2 2 2 1423 1411 1415 1421
7647 4 2 2 2 1041 1434 1420 1450
7648 4 2 2 2 1437 1420 1417 1433
7649 4 2 2 2 1433 1453 1440 1369
7650 4 2 2 2 1420 1434 1417 1433
7651 4 2 2 2 1434 1041 1040 1450
7652 4 2 2 2 1414 1427 1415 1445
7653 4 2 2 2 1098 1441 1451 1357
7654 4 2 2 2 1300 1411 1415 1081
7655 4 2 2 2 1434 1420 1450 1433
7656 4 2 2 2 1098 1061 1441 1087
7657 4 2 2 2 1418 1300 1072 1452
7658 4 2 2 2 1072 1043 1418 1439
7659 4 2 2 2 1072 1409 1416 1452
7660 4 2 2 2 1103 1106 1457 1441
7661 4 2 2 2 1414 1300 1452 1408
7662 4 2 2 2 984 1430 1378 985
7663 4 2 2 2 1339 1430 1340 1387
7664 4 2 2 2 1450 1040 1434 1430
7665 4 2 2 2 1443 1421 1423 1458
7666 4 2 2 2 1451 1050 1065 1459
7667 4 2 2 2 1439 1076 1070 1073
7668 4 2 2 2 1412 1371 1421 1443
7669 4 2 2 2 1343 1458 1341 1395
7670 4 2 2 2 1333 1111 1377 982
7671 4 2 2 2 1342 1433 1397 1346
7672 4 2 2 2 1336 1433 1340 1388
7673 4 2 2 2 1359 1422 1456 1440
7674 4 2 2 2 1422 1365 1456 1440
7675 4 2 2 2 1441 1064 1098 1451
7676 4 2 2 2 1356 1106 1358 1457
7677 4 2 2 2 1422 1041 1420 1450
7678 4 2 2 2 1442 1355 1353 1459
7679 4 2 2 2 1447 1412 1410 1436
7680 4 2 2 2 1106 1103 1457 1042
7681 4 2 2 2 1111 1355 1459 1353
7682 4 2 2 2 1445 1415 1414 1435
7683 4 2 2 2 1415 1446 1414 1435
7684 4 2 2 2 1434 1416 1449 1431
7685 4 2 2 2 1351 1425 1350 1405
7686 4 2 2 2 1345 1426 1398 1344
7687 4 2 2 2 1339 1426 1338 1389
7688 4 2 2 2 1359 1422 1442 1456
7689 4 2 2 2 1456 1423 1421 1458
7690 4 2 2 2 1341 1444 1342 1394
7691 4 2 2 2 1427 1422 1456 1442
7692 4 2 2 2 1050 1038 1044 1427
7693 4 2 2 2 1441 1064 1061 1098
7694 4 2 2 2 1416 1042 1439 1457
7695 4 2 2 2 1356 1432 1448 1457
7696 4 2 2 2 1072 1416 1439 1452
7697 4 2 2 2 1043 1300 1418 1081
7698 4 2 2 2 1413 1434 1449 1431
7699 4 2 2 2 985 1098 983 1379
7700 4 2 2 2 1111 983 1375 982
7701 4 2 2 2 1333 1386 1337 1335
7702 4 2 2 2 1333 1386 1335 982
7703 4 2 2 2 1395 1337 1335 1341
7704 4 2 2 2 1337 1395 1343 1341
7705 4 2 2 2 1393 1349 1344 1343
7706 4 2 2 2 1345 1438 1396 1346
7707 4 2 2 2 1445 1413 1452 1431
7708 4 2 2 2 1050 1451 1442 1459
7709 4 2 2 2 1454 1413 1414 1446
7710 4 2 2 2 1427 1043 1044 1448
7711 4 2 2 2 1098 1459 1111 1355
7712 4 2 2 2 1044 1448 1043 1070
7713 4 2 2 2 1418 1072 1439 1452
7714 4 2 2 2 1452 1432 1445 1431
7715 4 2 2 2 1409 1416 1413 1449
7716 4 2 2 2 1438 1351 1404 1352
7717 4 2 2 2 1442 1451 1450 1355
7718 4 2 2 2 1333 978 1070 1111
7719 4 2 2 2 1065 1041 1050 1451
7720 4 2 2 2 1453 1422 1420 1440
7721 4 2 2 2 1416 1409 1413 1452
7722 4 2 2 2 1050 1450 1422 1442
7723 4 2 2 2 1459 1098 1451 1355
7724 4 2 2 2 1336 1342 1433 1440
7725 4 2 2 2 1413 1416 1431 1449
7726 4 2 2 2 1446 1421 1419 1458
7727 4 2 2 2 1421 1447 1419 1458
7728 4 2 2 2 1076 1439 1042 1073
7729 4 2 2 2 1412 1408 1411 1421
7730 4 2 2 2 1300 1454 1452 1408
7731 4 2 2 2 1445 1448 1432 1418
7732 4 2 2 2 1459 1427 1353 1442
7733 4 2 2 2 1432 1452 1416 1431
7734 4 2 2 2 1413 1416 1452 1431
7735 4 2 2 2 1439 1452 1416 1418
7736 4 2 2 2 1300 1454 1072 1452
7737 4 2 2 2 1408 1415 1411 1421
7738 4 2 2 2 1427 1065 1050 1459
7739 4 2 2 2 1044 1448 1354 1427
7740 4 2 2 2 1457 1040 1103 1441
7741 4 2 2 2 1423 1456 1422 1365
7742 4 2 2 2 1423 1412 1421 1443
7743 4 2 2 2 1065 1427 1044 1459
7744 4 2 2 2 1072 1081 1043 1082
7745 4 2 2 2 1343 1338 1344 1426
7746 4 2 2 2 1072 1454 1409 1452
7747 4 2 2 2 1413 1434 1417 1449
7748 4 2 2 2 1339 1344 1338 1426
7749 4 2 2 2 1344 1339 1345 1426
7750 4 2 2 2 1042 1416 1103 1457
7751 4 2 2 2 1427 1422 1415 1456
7752 4 2 2 2 1040 1416 1457 1103
7753 4 2 2 2 1418 1416 1432 1452
7754 4 2 2 2 1043 1418 1439 1448
7755 4 2 2 2 1442 1451 1355 1459
7756 4 2 2 2 1346 1351 1345 1438
7757 4 2 2 2 1351 1346 1352 1438
7758 4 2 2 2 1041 1422 1050 1450
7759 4 2 2 2 1416 1040 1434 1449
7760 4 2 2 2 1346 1336 1342 1433
7761 4 2 2 2 1336 1346 1340 1433
7762 4 2 2 2 1427 1445 1418 1448
7763 4 2 2 2 979 984 1334 1073
7764 4 2 2 2 1340 984 985 1430
7765 4 2 2 2 984 1340 1339 1430
7766 4 2 2 2 979 1333 978 1070
7767 4 2 2 2 1427 1435 1415 1445
7768 4 2 2 2 1081 1411 1415 1038
7769 4 2 2 2 1415 1081 1038 1427
7770 4 2 2 2 1416 1439 1432 1457
7771 4 2 2 2 1413 1414 1445 1452
7772 4 2 2 2 1439 1076 1043 1070
7773 4 2 2 2 1454 1446 1414 1419
7774 4 2 2 2 1432 1452 1445 1418
7775 4 2 2 2 1341 1348 1342 1444
7776 4 2 2 2 1348 1341 1347 1444
7777 4 2 2 2 1073 1439 1042 1106
7778 4 2 2 2 1457 1042 1439 1106
7779 4 2 2 2 985 977 983 1098
7780 4 2 2 2 977 985 981 1098
7781 4 2 2 2 1439 1418 1432 1448
7782 4 2 2 2 1423 1440 1422 1453
7783 4 2 2 2 1098 1065 1111 1459
7784 4 2 2 2 1417 1040 1449 1434
7785 4 2 2 2 1435 1427 1415 1456
7786 4 2 2 2 1300 1043 1072 1081
7787 4 2 2 2 1422 1427 1050 1442
7788 4 2 2 2 982 978 1333 1111
7789 4 2 2 2 1300 1038 1411 1081
7790 4 2 2 2 1050 1427 1459 1442
7791 4 2 2 2 1413 1454 1414 1452
7792 4 2 2 2 1040 1061 1103 1441
7793 4 2 2 2 1439 1070 1043 1448
7794 4 2 2 2 1415 1050 1422 1427
7795 4 2 2 2 1437 1420 1453 1455
7796 4 2 2 2 1420 1440 1433 1453
7797 4 2 2 2 1408 1414 1419 1454
7798 4 2 2 2 1050 1044 1065 1427
7799 4 2 2 2 1420 1437 1417 1455
7800 4 2 2 2 1459 1044 1065 1111
7801 4 2 2 2 1414 1418 1445 1452
7802 4 2 2 2 1454 1413 1409 1452
7803 4 2 2 2 1416 1040 1449 1103
7804 4 2 2 2 1432 1439 1448 1457
7805 4 2 2 2 1427 1038 1044 1081
7806 4 2 2 2 1386 1354 1353 1377
7807 4 2 2 2 1386 1354 1381 1391
7808 4 2 2 2 1353 1386 1375 1385
7809 4 2 2 2 1386 1354 1377 1381
7810 4 2 2 2 1386 1354 1391 1360
7811 4 2 2 2 1381 1386 1333 1377
7812 4 2 2 2 1393 1406 1402 1349
7813 4 2 2 2 1393 1372 1402 1406
7814 4 2 2 2 1393 1372 1373 1402
7815 4 2 2 2 1375 1386 1377 982
7816 4 2 2 2 1386 1353 1359 1385
7817 4 2 2 2 1395 1385 1335 1386
7818 4 2 2 2 1353 1386 1377 1375
7819 4 2 2 2 1388 1383 1336 1392
7820 4 2 2 2 1425 1405 1374 1373
7821 4 2 2 2 1425 1402 1405 1373
7822 4 2 2 2 1407 1425 1405 1374
7823 4 2 2 2 1404 1425 1407 1374
7824 4 2 2 2 1404 1425 1351 1407
7825 4 2 2 2 1426 1389 1364 1362
7826 4 2 2 2 1390 1426 1389 1364
7827 4 2 2 2 1398 1426 1370 1368
7828 4 2 2 2 1426 1384 1389 1362
7829 4 2 2 2 1426 1399 1398 1370
7830 4 2 2 2 1393 1426 1398 1368
7831 4 2 2 2 1430 1387 1364 1363
7832 4 2 2 2 1388 1430 1363 1387
7833 4 2 2 2 1378 1430 1358 1357
7834 4 2 2 2 1379 1430 1378 1357
7835 4 2 2 2 1361 1430 1363 1388
7836 4 2 2 2 1430 1382 1378 1358
7837 4 2 2 2 1390 1430 1387 1364
7838 4 2 2 2 984 1430 1382 1378
7839 4 2 2 2 1355 1430 1379 1357
7840 4 2 2 2 1430 1339 1390 1387
7841 4 2 2 2 1430 1355 1379 1383
7842 4 2 2 2 1430 1389 1390 1339
7843 4 2 2 2 1430 1380 984 1382
7844 4 2 2 2 1376 1070 1356 1354
7845 4 2 2 2 1376 1070 1354 1381
7846 4 2 2 2 1333 1070 1376 1381
7847 4 2 2 2 1354 1432 1356 1376
7848 4 2 2 2 1432 1358 1356 1380
7849 4 2 2 2 1432 1376 1380 1356
7850 4 2 2 2 1364 1432 1362 1389
7851 4 2 2 2 1384 1432 1389 1362
7852 4 2 2 2 1360 1432 1384 1362
7853 4 2 2 2 1354 1391 1360 1432
7854 4 2 2 2 1432 1391 1360 1384
7855 4 2 2 2 1433 1370 1369 1396
7856 4 2 2 2 1397 1433 1369 1396
7857 4 2 2 2 1433 1364 1387 1363
7858 4 2 2 2 1388 1433 1387 1363
7859 4 2 2 2 1435 1384 1362 1360
7860 4 2 2 2 1384 1435 1362 1426
7861 4 2 2 2 1435 1395 1366 1400
7862 4 2 2 2 1384 1435 1391 1360
7863 4 2 2 2 1386 1435 1360 1391
7864 4 2 2 2 1403 1436 1372 1406
7865 4 2 2 2 1402 1436 1406 1372
7866 4 2 2 2 1373 1436 1402 1372
7867 4 2 2 2 1436 1373 1402 1425
7868 4 2 2 2 1371 1436 1372 1403
7869 4 2 2 2 1396 1438 1370 1369
7870 4 2 2 2 1438 1399 1396 1370
7871 4 2 2 2 1438 1398 1399 1370
7872 4 2 2 2 1407 1438 1404 1374
7873 4 2 2 2 1405 1438 1407 1374
7874 4 2 2 2 1438 1397 1369 1396
7875 4 2 2 2 1373 1438 1405 1374
7876 4 2 2 2 1398 1438 1399 1345
7877 4 2 2 2 1388 1440 1361 1392
7878 4 2 2 2 1440 1365 1394 1367
7879 4 2 2 2 1394 1440 1367 1401
7880 4 2 2 2 1385 1440 1392 1361
7881 4 2 2 2 1397 1440 1401 1367
7882 4 2 2 2 1359 1440 1385 1361
7883 4 2 2 2 1365 1385 1359 1440
7884 4 2 2 2 1444 1369 1397 1367
7885 4 2 2 2 1397 1438 1369 1444
7886 4 2 2 2 1397 1444 1367 1401
7887 4 2 2 2 1444 1394 1367 1401
7888 4 2 2 2 1378 1087 1357 1358
7889 4 2 2 2 1378 1087 1358 1382
7890 4 2 2 2 1360 1354 1432 1448
7891 4 2 2 2 1361 1430 1450 1363
7892 4 2 2 2 1098 1379 1357 1355
7893 4 2 2 2 1378 1098 1379 1357
7894 4 2 2 2 1087 1378 1357 1098
7895 4 2 2 2 1379 1098 1383 1355
7896 4 2 2 2 1403 1458 1372 1371
7897 4 2 2 2 1458 1395 1366 1365
7898 4 2 2 2 1458 1394 1395 1365
7899 4 2 2 2 1400 1458 1395 1366
7900 4 2 2 2 1111 1355 1353 1375
7901 4 2 2 2 1377 1111 1353 1375
7902 4 2 2 2 1354 1111 1353 1377
7903 4 2 2 2 1456 1386 1360 1359
7904 4 2 2 2 1386 1456 1360 1435
7905 4 2 2 2 1073 1376 1380 1334
7906 4 2 2 2 1403 1343 1347 1349
7907 4 2 2 2 1343 1403 1406 1349
7908 4 2 2 2 1396 1426 1399 1345
7909 4 2 2 2 1426 1387 1390 1339
7910 4 2 2 2 1440 1369 1397 1433
7911 4 2 2 2 1369 1440 1397 1367
7912 4 2 2 2 1440 1363 1388 1361
7913 4 2 2 2 1363 1440 1388 1433
7914 4 2 2 2 1435 1337 1384 1391
7915 4 2 2 2 1436 1349 1402 1406
7916 4 2 2 2 1375 1098 1355 1383
7917 4 2 2 2 1111 1355 1375 1098
7918 4 2 2 2 1098 1375 983 1383
7919 4 2 2 2 983 1111 1375 1098
7920 4 2 2 2 984 1073 1382 1380
7921 4 2 2 2 1386 1381 1337 1391
7922 4 2 2 2 1381 1386 1337 1333
7923 4 2 2 2 1388 1383 983 1336
7924 4 2 2 2 1375 1336 982 983
7925 4 2 2 2 1336 1375 1383 983
7926 4 2 2 2 1428 1438 1373 1374
7927 4 2 2 2 1438 1428 1373 1424
7928 4 2 2 2 1339 1334 1389 1338
7929 4 2 2 2 1375 1336 1335 982
7930 4 2 2 2 1336 1375 1335 1385
7931 4 2 2 2 1386 1375 1335 982
7932 4 2 2 2 1375 1386 1335 1385
7933 4 2 2 2 1395 1385 1341 1335
7934 4 2 2 2 1344 1349 1402 1350
7935 4 2 2 2 1349 1393 1344 1402
7936 4 2 2 2 1403 1341 1444 1347
7937 4 2 2 2 1341 1403 1444 1458
7938 4 2 2 2 1403 1343 1341 1347
7939 4 2 2 2 1343 1403 1341 1458
7940 4 2 2 2 1456 1458 1366 1365
7941 4 2 2 2 1456 1421 1366 1458
7942 4 2 2 2 1442 1440 1359 1361
7943 4 2 2 2 1422 1359 1442 1440
7944 4 2 2 2 1073 1098 1378 1087
7945 4 2 2 2 1073 1378 1382 1087
7946 4 2 2 2 1378 1073 1382 984
7947 4 2 2 2 1381 1070 1354 1111
7948 4 2 2 2 1381 1111 1354 1377
7949 4 2 2 2 1070 1333 1111 1381
7950 4 2 2 2 1333 1111 1381 1377
7951 4 2 2 2 1440 1342 1397 1401
7952 4 2 2 2 1342 1433 1440 1397
7953 4 2 2 2 1440 1336 1388 1433
7954 4 2 2 2 1336 1440 1388 1392
7955 4 2 2 2 1111 1427 1459 1044
7956 4 2 2 2 1427 1111 1459 1353
7957 4 2 2 2 1427 1111 1354 1044
7958 4 2 2 2 1111 1427 1354 1353
7959 4 2 2 2 1041 1441 1040 1430
7960 4 2 2 2 1041 1441 1430 1451
7961 4 2 2 2 1041 1040 1450 1430
7962 4 2 2 2 1041 1430 1450 1451
7963 4 2 2 2 1450 1433 1440 1363
7964 4 2 2 2 1420 1450 1433 1440
7965 4 2 2 2 1082 1439 1076 1043
7966 4 2 2 2 1439 1082 1076 1042
7967 4 2 2 2 1439 1082 1072 1043
7968 4 2 2 2 1082 1439 1072 1042
7969 4 2 2 2 1388 983 1340 1336
7970 4 2 2 2 1426 1400 1393 1343
7971 4 2 2 2 1376 1337 1334 1333
7972 4 2 2 2 1337 1376 1381 1333
7973 4 2 2 2 1337 1376 1334 1338
7974 4 2 2 2 1376 1391 1337 1381
7975 4 2 2 2 1376 1337 1384 1338
7976 4 2 2 2 1376 1391 1384 1337
7977 4 2 2 2 1391 1376 1384 1432
7978 4 2 2 2 1408 1421 1410 1419
7979 4 2 2 2 1412 1408 1421 1410
7980 4 2 2 2 1408 1415 1421 1414
7981 4 2 2 2 1421 1408 1414 1419
7982 4 2 2 2 1451 1065 1064 1098
7983 4 2 2 2 1451 1065 1098 1459
7984 4 2 2 2 1384 1343 1338 1337
7985 4 2 2 2 1343 1384 1338 1426
7986 4 2 2 2 1384 1400 1343 1337
7987 4 2 2 2 1400 1384 1343 1426
7988 4 2 2 2 1384 1400 1337 1435
7989 4 2 2 2 1384 1400 1435 1426
7990 4 2 2 2 1385 1342 1341 1335
7991 4 2 2 2 1342 1385 1336 1335
7992 4 2 2 2 1385 1342 1336 1440
7993 4 2 2 2 1414 1081 1427 1418
7994 4 2 2 2 1081 1414 1427 1415
7995 4 2 2 2 979 1333 1376 1334
7996 4 2 2 2 1333 979 1376 1070
7997 4 2 2 2 979 1376 1073 1334
7998 4 2 2 2 979 1376 1070 1073
7999 4 2 2 2 1448 1106 1457 1439
8000 4 2 2 2 1106 1448 1457 1356
8001 4 2 2 2 1106 1103 1061 1441
8002 4 2 2 2 1440 1423 1365 1367
8003 4 2 2 2 1423 1440 1365 1422
8004 4 2 2 2 1081 1427 1043 1044
8005 4 2 2 2 1427 1081 1043 1418
8006 4 2 2 2 1041 1050 1451 1450
8007 4 2 2 2 1050 1451 1450 1442
8008 4 2 2 2 1423 1415 1456 1421
8009 4 2 2 2 1415 1423 1456 1422
8010 4 2 2 2 1342 1352 1444 1348
8011 4 2 2 2 1342 1352 1346 1444
8012 4 2 2 2 1352 1346 1444 1438
8013 4 2 2 2 1444 1346 1342 1397
8014 4 2 2 2 1346 1444 1438 1397
8015 4 2 2 2 1340 1345 1433 1346
8016 4 2 2 2 1433 1345 1396 1346
8017 4 2 2 2 1345 1433 1396 1426
8018 4 2 2 2 1340 1345 1339 1433
8019 4 2 2 2 1345 1339 1433 1426
8020 4 2 2 2 1339 1433 1387 1340
8021 4 2 2 2 1433 1426 1339 1387
8022 4 2 2 2 1447 1412 1372 1421
8023 4 2 2 2 1412 1447 1372 1436
8024 4 2 2 2 1412 1371 1372 1421
8025 4 2 2 2 1371 1412 1372 1436
8026 4 2 2 2 1411 1423 1412 1421
8027 4 2 2 2 1386 1365 1385 1359
8028 4 2 2 2 1365 1386 1385 1395
8029 4 2 2 2 1365 1386 1456 1359
8030 4 2 2 2 1337 1395 1435 1400
8031 4 2 2 2 1427 1354 1359 1360
8032 4 2 2 2 1354 1427 1359 1353
8033 4 2 2 2 1359 1354 1386 1360
8034 4 2 2 2 1354 1359 1386 1353
8035 4 2 2 2 1375 1392 1336 1383
8036 4 2 2 2 1392 1375 1336 1385
8037 4 2 2 2 1375 1361 1392 1383
8038 4 2 2 2 1361 1375 1392 1385
8039 4 2 2 2 1430 983 1379 985
8040 4 2 2 2 1388 1383 1430 983
8041 4 2 2 2 1383 1430 983 1379
8042 4 2 2 2 1430 1442 1450 1355
8043 4 2 2 2 1442 1430 1450 1361
8044 4 2 2 2 1361 1383 1388 1392
8045 4 2 2 2 1383 1361 1388 1430
8046 4 2 2 2 1380 1430 1358 1382
8047 4 2 2 2 1432 1358 1380 1430
8048 4 2 2 2 1430 1389 1364 1390
8049 4 2 2 2 1432 1430 1389 1364
8050 4 2 2 2 1354 1391 1376 1381
8051 4 2 2 2 1391 1354 1376 1432
8052 4 2 2 2 1396 1426 1370 1399
8053 4 2 2 2 1396 1426 1433 1370
8054 4 2 2 2 1426 1387 1364 1390
8055 4 2 2 2 1426 1433 1364 1387
8056 4 2 2 2 1337 1395 1386 1435
8057 4 2 2 2 1337 1435 1386 1391
8058 4 2 2 2 1398 1424 1368 1370
8059 4 2 2 2 1398 1424 1370 1438
8060 4 2 2 2 1398 1373 1424 1438
8061 4 2 2 2 1398 1402 1344 1393
8062 4 2 2 2 1398 1373 1402 1393
8063 4 2 2 2 1402 1398 1344 1350
8064 4 2 2 2 1398 1373 1405 1402
8065 4 2 2 2 1373 1398 1405 1438
8066 4 2 2 2 1398 1402 1405 1350
8067 4 2 2 2 1353 1361 1359 1385
8068 4 2 2 2 1361 1353 1359 1442
8069 4 2 2 2 1361 1353 1375 1385
8070 4 2 2 2 1447 1366 1458 1372
8071 4 2 2 2 1366 1447 1458 1446
8072 4 2 2 2 1451 1430 1355 1357
8073 4 2 2 2 1450 1355 1451 1430
8074 4 2 2 2 1073 1382 1358 1087
8075 4 2 2 2 1358 1073 1087 1106
8076 4 2 2 2 1073 1382 1380 1358
8077 4 2 2 2 1376 1070 1073 1356
8078 4 2 2 2 1376 1073 1380 1356
8079 4 2 2 2 1389 1376 1338 1334
8080 4 2 2 2 1380 1389 1432 1430
8081 4 2 2 2 1376 1389 1380 1334
8082 4 2 2 2 1389 1376 1380 1432
8083 4 2 2 2 1389 1376 1384 1338
8084 4 2 2 2 1376 1389 1384 1432
8085 4 2 2 2 1380 1339 984 1334
8086 4 2 2 2 1339 1380 984 1430
8087 4 2 2 2 1380 1339 1334 1389
8088 4 2 2 2 1380 1339 1389 1430
8089 4 2 2 2 1385 1342 1394 1341
8090 4 2 2 2 1342 1385 1394 1440
8091 4 2 2 2 1395 1385 1394 1341
8092 4 2 2 2 1350 1345 1398 1344
8093 4 2 2 2 1345 1405 1350 1398
8094 4 2 2 2 1345 1405 1398 1438
8095 4 2 2 2 1345 1405 1351 1350
8096 4 2 2 2 1405 1345 1351 1438
8097 4 2 2 2 1446 1415 1366 1435
8098 4 2 2 2 1415 1446 1366 1421
8099 4 2 2 2 1366 1415 1456 1435
8100 4 2 2 2 1415 1366 1456 1421
8101 4 2 2 2 1411 1050 1422 1415
8102 4 2 2 2 1038 1050 1411 1415
8103 4 2 2 2 1378 981 985 1098
8104 4 2 2 2 981 1378 1073 1098
8105 4 2 2 2 1098 1073 981 1087
8106 4 2 2 2 1349 1436 1403 1406
8107 4 2 2 2 1393 1458 1343 1400
8108 4 2 2 2 1393 1372 1458 1366
8109 4 2 2 2 1458 1393 1366 1400
8110 4 2 2 2 1426 1366 1368 1393
8111 4 2 2 2 1366 1426 1368 1435
8112 4 2 2 2 1366 1426 1400 1393
8113 4 2 2 2 1426 1366 1400 1435
8114 4 2 2 2 1447 1366 1368 1446
8115 4 2 2 2 1368 1447 1446 1424
8116 4 2 2 2 1393 1447 1366 1368
8117 4 2 2 2 1380 1073 1358 1356
8118 4 2 2 2 1073 1358 1356 1106
8119 4 2 2 2 1386 1365 1435 1395
8120 4 2 2 2 1365 1386 1435 1456
8121 4 2 2 2 1435 1365 1366 1395
8122 4 2 2 2 1365 1435 1366 1456
8123 4 2 2 2 1423 1365 1444 1458
8124 4 2 2 2 1367 1423 1365 1444
8125 4 2 2 2 1444 1365 1394 1458
8126 4 2 2 2 1365 1444 1394 1367
8127 4 2 2 2 1371 1423 1444 1458
8128 4 2 2 2 1423 1371 1443 1458
8129 4 2 2 2 1444 1403 1371 1458
8130 4 2 2 2 985 1073 1378 984
8131 4 2 2 2 981 1378 985 1073
8132 4 2 2 2 1340 983 1430 985
8133 4 2 2 2 983 1388 1340 1430
8134 4 2 2 2 1393 1447 1372 1366
8135 4 2 2 2 1447 1393 1372 1373
8136 4 2 2 2 1403 1343 1406 1458
8137 4 2 2 2 1458 1406 1403 1372
8138 4 2 2 2 1406 1393 1458 1343
8139 4 2 2 2 1393 1372 1406 1458
8140 4 2 2 2 1361 1375 1355 1383
8141 4 2 2 2 1361 1383 1355 1430
8142 4 2 2 2 1355 1361 1430 1442
8143 4 2 2 2 1385 1365 1394 1440
8144 4 2 2 2 1385 1365 1395 1394
8145 4 2 2 2 1447 1368 1373 1424
8146 4 2 2 2 1393 1447 1368 1373
8147 4 2 2 2 1398 1373 1368 1424
8148 4 2 2 2 1373 1398 1368 1393
8149 4 2 2 2 1361 1353 1355 1375
8150 4 2 2 2 1353 1361 1355 1442
8151 4 2 2 2 1448 1073 1070 1356
8152 4 2 2 2 1448 1073 1356 1106
8153 4 2 2 2 1448 1073 1439 1070
8154 4 2 2 2 1073 1448 1439 1106
8155 4 2 2 2 1556 1471 1516 1515
8156 4 2 2 2 1592 1487 1486 1563
8157 4 2 2 2 1464 1425 1508 1506
8158 4 2 2 2 1563 1474 1526 1521
8159 4 2 2 2 1475 1563 1527 1521
8160 4 2 2 2 1580 1592 1582 1487
8161 4 2 2 2 1468 1563 1517 1512
8162 4 2 2 2 1564 1487 1512 1580
8163 4 2 2 2 1481 1564 1503 1580
8164 4 2 2 2 1464 1589 1506 1508
8165 4 2 2 2 1589 1464 1505 1508
8166 4 2 2 2 1503 1425 1463 1506
8167 4 2 2 2 1485 1564 1483 1561
8168 4 2 2 2 1562 1482 1484 1593
8169 4 2 2 2 1574 1467 1516 1518
8170 4 2 2 2 1574 1504 1580 1480
8171 4 2 2 2 1465 1583 1505 1507
8172 4 2 2 2 1425 1561 1485 1483
8173 4 2 2 2 1553 1536 1549 1570
8174 4 2 2 2 1461 1574 1507 1510
8175 4 2 2 2 1583 1471 1515 1516
8176 4 2 2 2 1478 1482 1593 1443
8177 4 2 2 2 1480 1554 1481 1580
8178 4 2 2 2 1494 1488 1575 1584
8179 4 2 2 2 1348 1444 1499 1501
8180 4 2 2 2 1582 1592 1563 1487
8181 4 2 2 2 1486 1492 1575 1592
8182 4 2 2 2 1572 1589 1491 1565
8183 4 2 2 2 1530 1541 1567 1557
8184 4 2 2 2 1580 1462 1503 1509
8185 4 2 2 2 1468 1580 1512 1517
8186 4 2 2 2 1530 1557 1542 1560
8187 4 2 2 2 1444 1348 1500 1501
8188 4 2 2 2 1473 1516 1467 1518
8189 4 2 2 2 1462 1580 1504 1509
8190 4 2 2 2 1580 1468 1513 1517
8191 4 2 2 2 1436 1554 1581 1481
8192 4 2 2 2 1467 1574 1511 1518
8193 4 2 2 2 1574 1461 1502 1510
8194 4 2 2 2 1487 1564 1489 1582
8195 4 2 2 2 1570 1425 1561 1485
8196 4 2 2 2 1535 1570 1425 1561
8197 4 2 2 2 1513 1520 1472 1466
8198 4 2 2 2 1349 1504 1347 1403
8199 4 2 2 2 1425 1570 1562 1485
8200 4 2 2 2 1497 1558 1495 1573
8201 4 2 2 2 1542 1572 1556 1565
8202 4 2 2 2 1583 1593 1484 1482
8203 4 2 2 2 1568 1541 1558 1559
8204 4 2 2 2 1495 1572 1497 1573
8205 4 2 2 2 1504 1574 1460 1502
8206 4 2 2 2 1564 1481 1483 1581
8207 4 2 2 2 1581 1535 1425 1561
8208 4 2 2 2 1574 1593 1583 1482
8209 4 2 2 2 1562 1485 1570 1484
8210 4 2 2 2 1589 1470 1514 1515
8211 4 2 2 2 1569 1541 1568 1559
8212 4 2 2 2 1425 1581 1561 1483
8213 4 2 2 2 1540 1566 1539 1578
8214 4 2 2 2 1563 1582 1487 1489
8215 4 2 2 2 1410 1554 1551 1581
8216 4 2 2 2 1554 1581 1481 1580
8217 4 2 2 2 1475 1572 1527 1563
8218 4 2 2 2 1591 1580 1480 1574
8219 4 2 2 2 1590 1580 1574 1486
8220 4 2 2 2 1541 1531 1569 1568
8221 4 2 2 2 1425 1536 1562 1570
8222 4 2 2 2 1541 1560 1529 1558
8223 4 2 2 2 1581 1425 1436 1483
8224 4 2 2 2 1578 1534 1539 1577
8225 4 2 2 2 1574 1585 1488 1583
8226 4 2 2 2 1490 1565 1491 1589
8227 4 2 2 2 1593 1478 1588 1562
8228 4 2 2 2 1566 1541 1529 1558
8229 4 2 2 2 1535 1536 1425 1570
8230 4 2 2 2 1471 1583 1574 1516
8231 4 2 2 2 1465 1583 1507 1574
8232 4 2 2 2 1585 1488 1583 1490
8233 4 2 2 2 1497 1572 1556 1573
8234 4 2 2 2 1554 1544 1551 1582
8235 4 2 2 2 1571 1589 1564 1489
8236 4 2 2 2 1592 1544 1582 1563
8237 4 2 2 2 1483 1436 1581 1481
8238 4 2 2 2 1578 1558 1557 1540
8239 4 2 2 2 1592 1554 1590 1486
8240 4 2 2 2 1465 1589 1505 1583
8241 4 2 2 2 1593 1536 1570 1562
8242 4 2 2 2 1593 1574 1591 1482
8243 4 2 2 2 1471 1583 1515 1589
8244 4 2 2 2 1563 1540 1572 1573
8245 4 2 2 2 1495 1572 1573 1563
8246 4 2 2 2 1553 1570 1549 1583
8247 4 2 2 2 1578 1586 1549 1542
8248 4 2 2 2 1566 1540 1539 1571
8249 4 2 2 2 1444 1588 1478 1479
8250 4 2 2 2 1561 1589 1485 1564
8251 4 2 2 2 1559 1494 1496 1522
8252 4 2 2 2 1494 1559 1525 1522
8253 4 2 2 2 1585 1590 1574 1488
8254 4 2 2 2 1531 1568 1566 1544
8255 4 2 2 2 1410 1425 1436 1581
8256 4 2 2 2 1480 1412 1443 1436
8257 4 2 2 2 1412 1371 1443 1436
8258 4 2 2 2 1496 1559 1522 1528
8259 4 2 2 2 1494 1559 1520 1525
8260 4 2 2 2 1423 1588 1478 1444
8261 4 2 2 2 1578 1589 1572 1565
8262 4 2 2 2 1570 1561 1589 1485
8263 4 2 2 2 1554 1410 1412 1581
8264 4 2 2 2 1587 1579 1551 1410
8265 4 2 2 2 1531 1546 1544 1579
8266 4 2 2 2 1410 1535 1425 1581
8267 4 2 2 2 1496 1559 1528 1523
8268 4 2 2 2 1494 1559 1492 1520
8269 4 2 2 2 1545 1530 1567 1586
8270 4 2 2 2 1589 1571 1539 1572
8271 4 2 2 2 1544 1554 1546 1582
8272 4 2 2 2 1496 1559 1523 1497
8273 4 2 2 2 1561 1581 1564 1483
8274 4 2 2 2 1540 1566 1544 1571
8275 4 2 2 2 1529 1558 1540 1566
8276 4 2 2 2 1492 1559 1524 1520
8277 4 2 2 2 1563 1540 1571 1572
8278 4 2 2 2 1583 1593 1570 1484
8279 4 2 2 2 1540 1539 1571 1572
8280 4 2 2 2 1524 1559 1493 1526
8281 4 2 2 2 1593 1478 1443 1588
8282 4 2 2 2 1592 1554 1580 1582
8283 4 2 2 2 1553 1570 1583 1593
8284 4 2 2 2 1589 1578 1572 1539
8285 4 2 2 2 1586 1560 1542 1578
8286 4 2 2 2 1475 1572 1476 1519
8287 4 2 2 2 1558 1557 1540 1573
8288 4 2 2 2 1559 1523 1497 1519
8289 4 2 2 2 1559 1492 1524 1493
8290 4 2 2 2 1556 1470 1471 1515
8291 4 2 2 2 1493 1559 1521 1526
8292 4 2 2 2 1559 1519 1495 1527
8293 4 2 2 2 1412 1480 1443 1591
8294 4 2 2 2 1555 1537 1553 1593
8295 4 2 2 2 1539 1534 1535 1577
8296 4 2 2 2 1521 1559 1495 1527
8297 4 2 2 2 1537 1536 1562 1588
8298 4 2 2 2 1570 1593 1562 1484
8299 4 2 2 2 1565 1585 1490 1556
8300 4 2 2 2 1539 1551 1571 1564
8301 4 2 2 2 1423 1588 1443 1478
8302 4 2 2 2 1532 1538 1546 1554
8303 4 2 2 2 1589 1463 1464 1506
8304 4 2 2 2 1497 1559 1519 1495
8305 4 2 2 2 1554 1591 1580 1480
8306 4 2 2 2 1568 1558 1540 1573
8307 4 2 2 2 1482 1443 1480 1591
8308 4 2 2 2 1543 1555 1553 1590
8309 4 2 2 2 1590 1554 1580 1486
8310 4 2 2 2 1465 1589 1464 1505
8311 4 2 2 2 1540 1529 1566 1578
8312 4 2 2 2 1493 1559 1495 1521
8313 4 2 2 2 1571 1489 1563 1572
8314 4 2 2 2 1572 1578 1540 1539
8315 4 2 2 2 1468 1563 1512 1469
8316 4 2 2 2 1570 1535 1577 1561
8317 4 2 2 2 1555 1546 1554 1590
8318 4 2 2 2 1574 1465 1461 1507
8319 4 2 2 2 1471 1574 1467 1516
8320 4 2 2 2 1584 1590 1585 1488
8321 4 2 2 2 1474 1563 1475 1521
8322 4 2 2 2 1471 1589 1515 1470
8323 4 2 2 2 1574 1589 1465 1583
8324 4 2 2 2 1589 1574 1471 1583
8325 4 2 2 2 1538 1532 1412 1554
8326 4 2 2 2 1584 1590 1488 1575
8327 4 2 2 2 1534 1539 1535 1587
8328 4 2 2 2 1463 1580 1462 1503
8329 4 2 2 2 1575 1488 1486 1590
8330 4 2 2 2 1583 1565 1490 1589
8331 4 2 2 2 1564 1487 1580 1582
8332 4 2 2 2 1574 1480 1591 1482
8333 4 2 2 2 1412 1581 1410 1436
8334 4 2 2 2 1486 1574 1590 1488
8335 4 2 2 2 1554 1551 1580 1582
8336 4 2 2 2 1590 1592 1486 1575
8337 4 2 2 2 1412 1480 1591 1554
8338 4 2 2 2 1542 1584 1585 1556
8339 4 2 2 2 1534 1566 1539 1587
8340 4 2 2 2 1464 1425 1506 1463
8341 4 2 2 2 1550 1593 1555 1591
8342 4 2 2 2 1580 1581 1481 1564
8343 4 2 2 2 1412 1555 1554 1591
8344 4 2 2 2 1444 1347 1348 1499
8345 4 2 2 2 1589 1577 1561 1570
8346 4 2 2 2 1566 1551 1544 1571
8347 4 2 2 2 1531 1551 1544 1566
8348 4 2 2 2 1540 1544 1563 1571
8349 4 2 2 2 1536 1537 1562 1593
8350 4 2 2 2 1563 1582 1489 1571
8351 4 2 2 2 1349 1504 1462 1460
8352 4 2 2 2 1349 1504 1460 1347
8353 4 2 2 2 1466 1473 1520 1472
8354 4 2 2 2 1535 1539 1577 1561
8355 4 2 2 2 1566 1579 1551 1587
8356 4 2 2 2 1582 1546 1544 1592
8357 4 2 2 2 1581 1554 1551 1580
8358 4 2 2 2 1489 1564 1571 1582
8359 4 2 2 2 1543 1590 1553 1585
8360 4 2 2 2 1571 1589 1539 1564
8361 4 2 2 2 1585 1542 1556 1565
8362 4 2 2 2 1553 1549 1585 1583
8363 4 2 2 2 1535 1581 1587 1561
8364 4 2 2 2 1585 1549 1565 1583
8365 4 2 2 2 1593 1550 1443 1591
8366 4 2 2 2 1539 1566 1571 1587
8367 4 2 2 2 1577 1589 1561 1539
8368 4 2 2 2 1460 1574 1461 1502
8369 4 2 2 2 1574 1466 1467 1511
8370 4 2 2 2 1564 1587 1581 1561
8371 4 2 2 2 1535 1536 1570 1577
8372 4 2 2 2 1586 1565 1549 1542
8373 4 2 2 2 1545 1530 1541 1567
8374 4 2 2 2 1547 1545 1541 1552
8375 4 2 2 2 1560 1586 1542 1530
8376 4 2 2 2 1574 1593 1553 1583
8377 4 2 2 2 1539 1535 1587 1561
8378 4 2 2 2 1581 1412 1554 1436
8379 4 2 2 2 1546 1582 1554 1592
8380 4 2 2 2 1565 1586 1549 1585
8381 4 2 2 2 1583 1565 1585 1490
8382 4 2 2 2 1587 1564 1539 1561
8383 4 2 2 2 1578 1549 1539 1589
8384 4 2 2 2 1555 1543 1548 1590
8385 4 2 2 2 1471 1465 1574 1589
8386 4 2 2 2 1566 1551 1571 1587
8387 4 2 2 2 1546 1555 1548 1590
8388 4 2 2 2 1586 1565 1542 1585
8389 4 2 2 2 1589 1577 1570 1549
8390 4 2 2 2 1537 1555 1550 1593
8391 4 2 2 2 1590 1543 1584 1585
8392 4 2 2 2 1549 1578 1542 1565
8393 4 2 2 2 1574 1554 1591 1580
8394 4 2 2 2 1571 1587 1551 1539
8395 4 2 2 2 1554 1574 1590 1580
8396 4 2 2 2 1577 1589 1539 1549
8397 4 2 2 2 1463 1351 1464 1425
8398 4 2 2 2 1351 1463 1350 1425
8399 4 2 2 2 1588 1550 1423 1443
8400 4 2 2 2 1578 1549 1589 1565
8401 4 2 2 2 1551 1531 1544 1579
8402 4 2 2 2 1556 1557 1496 1497
8403 4 2 2 2 1557 1558 1497 1573
8404 4 2 2 2 1593 1443 1482 1591
8405 4 2 2 2 1585 1574 1553 1583
8406 4 2 2 2 1550 1537 1443 1588
8407 4 2 2 2 1559 1525 1522 1473
8408 4 2 2 2 1532 1554 1546 1579
8409 4 2 2 2 1555 1412 1550 1591
8410 4 2 2 2 1522 1559 1477 1528
8411 4 2 2 2 1525 1559 1520 1473
8412 4 2 2 2 1543 1542 1584 1585
8413 4 2 2 2 1539 1551 1564 1587
8414 4 2 2 2 1528 1559 1477 1523
8415 4 2 2 2 1590 1546 1554 1592
8416 4 2 2 2 1549 1536 1577 1570
8417 4 2 2 2 1520 1559 1524 1472
8418 4 2 2 2 1443 1537 1593 1588
8419 4 2 2 2 1558 1568 1495 1573
8420 4 2 2 2 1589 1561 1539 1564
8421 4 2 2 2 1474 1469 1475 1563
8422 4 2 2 2 1469 1474 1468 1563
8423 4 2 2 2 1590 1553 1585 1574
8424 4 2 2 2 1554 1532 1412 1579
8425 4 2 2 2 1562 1537 1588 1593
8426 4 2 2 2 1412 1550 1591 1443
8427 4 2 2 2 1559 1524 1474 1526
8428 4 2 2 2 1559 1523 1519 1476
8429 4 2 2 2 1471 1461 1467 1574
8430 4 2 2 2 1461 1471 1465 1574
8431 4 2 2 2 1410 1535 1581 1587
8432 4 2 2 2 1474 1559 1526 1521
8433 4 2 2 2 1545 1533 1567 1576
8434 4 2 2 2 1460 1467 1461 1574
8435 4 2 2 2 1467 1460 1466 1574
8436 4 2 2 2 1559 1475 1519 1527
8437 4 2 2 2 1412 1423 1550 1443
8438 4 2 2 2 1475 1559 1521 1527
8439 4 2 2 2 1551 1544 1571 1582
8440 4 2 2 2 1573 1557 1556 1497
8441 4 2 2 2 1537 1550 1443 1593
8442 4 2 2 2 1557 1559 1496 1497
8443 4 2 2 2 1557 1584 1556 1496
8444 4 2 2 2 1564 1587 1551 1581
8445 4 2 2 2 1465 1470 1464 1589
8446 4 2 2 2 1470 1465 1471 1589
8447 4 2 2 2 1586 1553 1549 1585
8448 4 2 2 2 1584 1542 1557 1556
8449 4 2 2 2 1568 1563 1493 1495
8450 4 2 2 2 1551 1571 1564 1582
8451 4 2 2 2 1558 1497 1495 1559
8452 4 2 2 2 1553 1555 1574 1590
8453 4 2 2 2 1549 1578 1539 1577
8454 4 2 2 2 1567 1496 1494 1584
8455 4 2 2 2 1554 1555 1574 1591
8456 4 2 2 2 1555 1554 1574 1590
8457 4 2 2 2 1463 1468 1462 1580
8458 4 2 2 2 1533 1547 1569 1576
8459 4 2 2 2 1542 1586 1585 1543
8460 4 2 2 2 1493 1569 1492 1592
8461 4 2 2 2 1568 1573 1563 1495
8462 4 2 2 2 1531 1551 1566 1579
8463 4 2 2 2 1549 1583 1570 1589
8464 4 2 2 2 1592 1568 1563 1493
8465 4 2 2 2 1565 1583 1549 1589
8466 4 2 2 2 1544 1582 1563 1571
8467 4 2 2 2 1541 1545 1567 1552
8468 4 2 2 2 1551 1410 1581 1587
8469 4 2 2 2 1553 1586 1543 1585
8470 4 2 2 2 1559 1568 1493 1495
8471 4 2 2 2 1547 1533 1545 1576
8472 4 2 2 2 1580 1551 1564 1582
8473 4 2 2 2 1544 1592 1568 1563
8474 4 2 2 2 1551 1580 1564 1581
8475 4 2 2 2 1576 1584 1494 1575
8476 4 2 2 2 1494 1576 1575 1492
8477 4 2 2 2 1592 1576 1492 1575
8478 4 2 2 2 1559 1522 1477 1473
8479 4 2 2 2 1559 1473 1477 1498
8480 4 2 2 2 1559 1473 1498 1472
8481 4 2 2 2 1559 1477 1476 1498
8482 4 2 2 2 1559 1520 1473 1472
8483 4 2 2 2 1559 1472 1498 1474
8484 4 2 2 2 1559 1498 1476 1475
8485 4 2 2 2 1559 1477 1523 1476
8486 4 2 2 2 1498 1559 1474 1475
8487 4 2 2 2 1472 1559 1524 1474
8488 4 2 2 2 1476 1559 1475 1519
8489 4 2 2 2 1545 1547 1576 1552
8490 4 2 2 2 1559 1474 1475 1521
8491 4 2 2 2 1548 1584 1576 1575
8492 4 2 2 2 1592 1548 1576 1575
8493 4 2 2 2 1559 1567 1496 1494
8494 4 2 2 2 1559 1576 1494 1492
8495 4 2 2 2 1559 1557 1558 1497
8496 4 2 2 2 1576 1546 1548 1592
8497 4 2 2 2 1576 1545 1552 1567
8498 4 2 2 2 1559 1569 1492 1493
8499 4 2 2 2 1558 1568 1559 1495
8500 4 2 2 2 1496 1567 1557 1584
8501 4 2 2 2 1569 1493 1568 1592
8502 4 2 2 2 1576 1547 1569 1552
8503 4 2 2 2 1559 1567 1557 1496
8504 4 2 2 2 1567 1494 1576 1584
8505 4 2 2 2 1492 1569 1576 1592
8506 4 2 2 2 1576 1569 1546 1592
8507 4 2 2 2 1559 1569 1493 1568
8508 4 2 2 2 1569 1552 1559 1576
8509 4 2 2 2 1559 1576 1567 1494
8510 4 2 2 2 1576 1552 1559 1567
8511 4 2 2 2 1569 1559 1492 1576
8512 4 2 2 2 1518 1520 1473 1525
8513 4 2 2 2 1504 1371 1480 1502
8514 4 2 2 2 1524 1486 1492 1520
8515 4 2 2 2 1520 1488 1494 1525
8516 4 2 2 2 1513 1520 1524 1472
8517 4 2 2 2 1524 1486 1520 1513
8518 4 2 2 2 1478 1510 1499 1501
8519 4 2 2 2 1513 1520 1466 1511
8520 4 2 2 2 1486 1520 1513 1511
8521 4 2 2 2 1499 1504 1403 1347
8522 4 2 2 2 1371 1504 1403 1499
8523 4 2 2 2 1504 1371 1502 1499
8524 4 2 2 2 1506 1425 1485 1483
8525 4 2 2 2 1503 1425 1506 1483
8526 4 2 2 2 1425 1508 1506 1485
8527 4 2 2 2 1505 1425 1485 1508
8528 4 2 2 2 1425 1505 1464 1508
8529 4 2 2 2 1556 1523 1497 1496
8530 4 2 2 2 1556 1523 1496 1528
8531 4 2 2 2 1556 1477 1523 1528
8532 4 2 2 2 1522 1556 1496 1528
8533 4 2 2 2 1516 1556 1515 1490
8534 4 2 2 2 1488 1556 1516 1490
8535 4 2 2 2 1477 1556 1522 1528
8536 4 2 2 2 1485 1562 1505 1484
8537 4 2 2 2 1562 1485 1505 1425
8538 4 2 2 2 1562 1482 1507 1484
8539 4 2 2 2 1507 1562 1484 1505
8540 4 2 2 2 1478 1562 1500 1479
8541 4 2 2 2 1512 1563 1487 1489
8542 4 2 2 2 1563 1521 1493 1495
8543 4 2 2 2 1563 1527 1521 1495
8544 4 2 2 2 1563 1517 1512 1487
8545 4 2 2 2 1513 1563 1487 1517
8546 4 2 2 2 1526 1563 1521 1493
8547 4 2 2 2 1563 1486 1513 1487
8548 4 2 2 2 1563 1513 1468 1517
8549 4 2 2 2 1485 1564 1506 1483
8550 4 2 2 2 1564 1487 1489 1512
8551 4 2 2 2 1564 1481 1503 1483
8552 4 2 2 2 1506 1564 1503 1483
8553 4 2 2 2 1436 1483 1503 1481
8554 4 2 2 2 1425 1436 1483 1503
8555 4 2 2 2 1504 1436 1509 1481
8556 4 2 2 2 1503 1436 1481 1509
8557 4 2 2 2 1504 1371 1403 1436
8558 4 2 2 2 1371 1504 1480 1436
8559 4 2 2 2 1436 1480 1481 1504
8560 4 2 2 2 1514 1572 1489 1491
8561 4 2 2 2 1572 1519 1495 1497
8562 4 2 2 2 1527 1572 1519 1495
8563 4 2 2 2 1527 1572 1495 1563
8564 4 2 2 2 1572 1475 1527 1519
8565 4 2 2 2 1574 1502 1480 1482
8566 4 2 2 2 1574 1502 1482 1510
8567 4 2 2 2 1511 1574 1486 1488
8568 4 2 2 2 1574 1504 1480 1502
8569 4 2 2 2 1507 1574 1482 1510
8570 4 2 2 2 1511 1574 1488 1518
8571 4 2 2 2 1574 1516 1488 1518
8572 4 2 2 2 1371 1480 1443 1436
8573 4 2 2 2 1488 1520 1494 1575
8574 4 2 2 2 1520 1486 1492 1575
8575 4 2 2 2 1575 1520 1494 1492
8576 4 2 2 2 1479 1444 1500 1478
8577 4 2 2 2 1499 1444 1478 1501
8578 4 2 2 2 1500 1444 1501 1478
8579 4 2 2 2 1503 1580 1509 1481
8580 4 2 2 2 1504 1580 1481 1509
8581 4 2 2 2 1504 1580 1480 1481
8582 4 2 2 2 1580 1513 1486 1487
8583 4 2 2 2 1512 1580 1487 1517
8584 4 2 2 2 1580 1513 1487 1517
8585 4 2 2 2 1488 1583 1490 1516
8586 4 2 2 2 1488 1583 1516 1574
8587 4 2 2 2 1583 1482 1484 1507
8588 4 2 2 2 1583 1482 1507 1574
8589 4 2 2 2 1583 1515 1490 1516
8590 4 2 2 2 1583 1505 1507 1484
8591 4 2 2 2 1488 1494 1556 1584
8592 4 2 2 2 1562 1478 1588 1479
8593 4 2 2 2 1490 1589 1491 1515
8594 4 2 2 2 1515 1583 1490 1589
8595 4 2 2 2 1514 1589 1515 1491
8596 4 2 2 2 1506 1589 1485 1508
8597 4 2 2 2 1589 1506 1485 1564
8598 4 2 2 2 1589 1505 1485 1508
8599 4 2 2 2 1489 1589 1514 1491
8600 4 2 2 2 1478 1482 1562 1593
8601 4 2 2 2 1503 1589 1506 1463
8602 4 2 2 2 1589 1503 1506 1564
8603 4 2 2 2 1580 1589 1503 1463
8604 4 2 2 2 1589 1580 1503 1564
8605 4 2 2 2 1580 1589 1512 1564
8606 4 2 2 2 1589 1571 1572 1489
8607 4 2 2 2 1572 1589 1489 1491
8608 4 2 2 2 1554 1436 1480 1481
8609 4 2 2 2 1480 1412 1436 1554
8610 4 2 2 2 1541 1530 1560 1557
8611 4 2 2 2 1560 1541 1557 1558
8612 4 2 2 2 1563 1469 1514 1512
8613 4 2 2 2 1514 1475 1469 1563
8614 4 2 2 2 1514 1475 1563 1572
8615 4 2 2 2 1514 1475 1470 1469
8616 4 2 2 2 1558 1560 1578 1557
8617 4 2 2 2 1557 1560 1578 1542
8618 4 2 2 2 1514 1556 1515 1470
8619 4 2 2 2 1514 1475 1476 1470
8620 4 2 2 2 1475 1514 1476 1572
8621 4 2 2 2 1543 1533 1538 1548
8622 4 2 2 2 1505 1404 1562 1425
8623 4 2 2 2 1464 1404 1505 1425
8624 4 2 2 2 1464 1404 1351 1352
8625 4 2 2 2 1404 1464 1351 1425
8626 4 2 2 2 1507 1348 1465 1461
8627 4 2 2 2 1349 1504 1509 1462
8628 4 2 2 2 1499 1461 1347 1348
8629 4 2 2 2 1510 1499 1461 1502
8630 4 2 2 2 1467 1520 1466 1473
8631 4 2 2 2 1520 1467 1466 1511
8632 4 2 2 2 1520 1467 1518 1473
8633 4 2 2 2 1467 1520 1518 1511
8634 4 2 2 2 1499 1461 1460 1347
8635 4 2 2 2 1461 1499 1460 1502
8636 4 2 2 2 1504 1499 1460 1347
8637 4 2 2 2 1499 1504 1460 1502
8638 4 2 2 2 1529 1558 1578 1540
8639 4 2 2 2 1558 1560 1529 1578
8640 4 2 2 2 1403 1444 1499 1347
8641 4 2 2 2 1523 1572 1497 1519
8642 4 2 2 2 1572 1523 1497 1556
8643 4 2 2 2 1476 1572 1523 1519
8644 4 2 2 2 1536 1553 1593 1570
8645 4 2 2 2 1536 1553 1537 1593
8646 4 2 2 2 1541 1566 1568 1558
8647 4 2 2 2 1541 1531 1568 1566
8648 4 2 2 2 1566 1568 1540 1544
8649 4 2 2 2 1558 1566 1568 1540
8650 4 2 2 2 1592 1554 1486 1580
8651 4 2 2 2 1592 1580 1486 1487
8652 4 2 2 2 1536 1586 1553 1549
8653 4 2 2 2 1586 1537 1536 1553
8654 4 2 2 2 1542 1578 1572 1565
8655 4 2 2 2 1516 1473 1477 1522
8656 4 2 2 2 1477 1516 1522 1556
8657 4 2 2 2 1516 1473 1467 1477
8658 4 2 2 2 1477 1467 1516 1471
8659 4 2 2 2 1516 1477 1471 1556
8660 4 2 2 2 1472 1468 1513 1466
8661 4 2 2 2 1352 1507 1562 1500
8662 4 2 2 2 1348 1507 1352 1500
8663 4 2 2 2 1507 1348 1352 1465
8664 4 2 2 2 1462 1466 1580 1468
8665 4 2 2 2 1466 1580 1468 1513
8666 4 2 2 2 1468 1524 1472 1513
8667 4 2 2 2 1468 1524 1474 1472
8668 4 2 2 2 1579 1554 1410 1412
8669 4 2 2 2 1554 1579 1410 1551
8670 4 2 2 2 1544 1579 1554 1551
8671 4 2 2 2 1579 1546 1544 1554
8672 4 2 2 2 1402 1462 1350 1349
8673 4 2 2 2 1529 1534 1566 1578
8674 4 2 2 2 1534 1566 1578 1539
8675 4 2 2 2 1593 1555 1574 1553
8676 4 2 2 2 1555 1593 1574 1591
8677 4 2 2 2 1537 1538 1555 1553
8678 4 2 2 2 1538 1537 1555 1550
8679 4 2 2 2 1514 1523 1476 1572
8680 4 2 2 2 1514 1523 1572 1556
8681 4 2 2 2 1471 1523 1477 1476
8682 4 2 2 2 1523 1471 1477 1556
8683 4 2 2 2 1523 1471 1470 1476
8684 4 2 2 2 1471 1523 1470 1556
8685 4 2 2 2 1514 1523 1470 1476
8686 4 2 2 2 1523 1514 1470 1556
8687 4 2 2 2 1557 1541 1559 1558
8688 4 2 2 2 1531 1532 1569 1546
8689 4 2 2 2 1531 1532 1546 1579
8690 4 2 2 2 1412 1538 1555 1550
8691 4 2 2 2 1538 1412 1555 1554
8692 4 2 2 2 1543 1538 1555 1548
8693 4 2 2 2 1538 1543 1555 1553
8694 4 2 2 2 1580 1460 1462 1504
8695 4 2 2 2 1580 1460 1504 1574
8696 4 2 2 2 1462 1466 1460 1580
8697 4 2 2 2 1466 1460 1580 1574
8698 4 2 2 2 1546 1538 1555 1554
8699 4 2 2 2 1538 1546 1555 1548
8700 4 2 2 2 1512 1463 1589 1580
8701 4 2 2 2 1463 1468 1512 1469
8702 4 2 2 2 1468 1463 1512 1580
8703 4 2 2 2 1567 1541 1559 1557
8704 4 2 2 2 1567 1541 1552 1559
8705 4 2 2 2 1557 1572 1556 1542
8706 4 2 2 2 1557 1572 1573 1556
8707 4 2 2 2 1540 1557 1572 1573
8708 4 2 2 2 1352 1444 1348 1500
8709 4 2 2 2 1402 1462 1463 1350
8710 4 2 2 2 1463 1402 1350 1425
8711 4 2 2 2 1402 1503 1436 1425
8712 4 2 2 2 1402 1462 1503 1463
8713 4 2 2 2 1402 1463 1503 1425
8714 4 2 2 2 1543 1548 1590 1584
8715 4 2 2 2 1584 1548 1590 1575
8716 4 2 2 2 1548 1546 1590 1592
8717 4 2 2 2 1548 1592 1590 1575
8718 4 2 2 2 1540 1568 1563 1544
8719 4 2 2 2 1568 1540 1563 1573
8720 4 2 2 2 1514 1463 1512 1469
8721 4 2 2 2 1463 1514 1512 1589
8722 4 2 2 2 1464 1469 1514 1470
8723 4 2 2 2 1514 1464 1470 1589
8724 4 2 2 2 1469 1464 1514 1463
8725 4 2 2 2 1464 1514 1463 1589
8726 4 2 2 2 1547 1541 1569 1552
8727 4 2 2 2 1541 1569 1552 1559
8728 4 2 2 2 1443 1502 1482 1480
8729 4 2 2 2 1502 1371 1480 1443
8730 4 2 2 2 1520 1488 1518 1511
8731 4 2 2 2 1488 1520 1518 1525
8732 4 2 2 2 1510 1443 1502 1482
8733 4 2 2 2 1510 1478 1443 1482
8734 4 2 2 2 1371 1502 1499 1443
8735 4 2 2 2 1499 1443 1478 1371
8736 4 2 2 2 1499 1510 1443 1502
8737 4 2 2 2 1510 1478 1499 1443
8738 4 2 2 2 1501 1507 1348 1500
8739 4 2 2 2 1488 1522 1494 1525
8740 4 2 2 2 1522 1488 1494 1556
8741 4 2 2 2 1522 1488 1518 1525
8742 4 2 2 2 1522 1488 1516 1518
8743 4 2 2 2 1488 1522 1516 1556
8744 4 2 2 2 1478 1507 1482 1510
8745 4 2 2 2 1507 1478 1482 1562
8746 4 2 2 2 1507 1478 1501 1510
8747 4 2 2 2 1507 1478 1500 1501
8748 4 2 2 2 1478 1507 1500 1562
8749 4 2 2 2 1589 1512 1489 1514
8750 4 2 2 2 1564 1512 1489 1589
8751 4 2 2 2 1349 1504 1436 1509
8752 4 2 2 2 1563 1514 1489 1512
8753 4 2 2 2 1563 1514 1572 1489
8754 4 2 2 2 1514 1556 1491 1515
8755 4 2 2 2 1556 1514 1491 1572
8756 4 2 2 2 1515 1556 1491 1490
8757 4 2 2 2 1511 1580 1513 1486
8758 4 2 2 2 1580 1511 1574 1486
8759 4 2 2 2 1511 1580 1466 1513
8760 4 2 2 2 1466 1574 1580 1511
8761 4 2 2 2 1488 1520 1486 1511
8762 4 2 2 2 1520 1488 1486 1575
8763 4 2 2 2 1494 1556 1496 1522
8764 4 2 2 2 1494 1556 1584 1496
8765 4 2 2 2 1585 1556 1488 1490
8766 4 2 2 2 1584 1488 1585 1556
8767 4 2 2 2 1578 1557 1572 1540
8768 4 2 2 2 1557 1578 1572 1542
8769 4 2 2 2 1349 1504 1403 1436
8770 4 2 2 2 1499 1510 1461 1501
8771 4 2 2 2 1461 1499 1501 1348
8772 4 2 2 2 1507 1501 1461 1510
8773 4 2 2 2 1501 1507 1461 1348
8774 4 2 2 2 1486 1493 1524 1492
8775 4 2 2 2 1493 1486 1592 1492
8776 4 2 2 2 1486 1493 1592 1563
8777 4 2 2 2 1468 1524 1526 1474
8778 4 2 2 2 1526 1468 1474 1563
8779 4 2 2 2 1493 1468 1524 1526
8780 4 2 2 2 1493 1468 1526 1563
8781 4 2 2 2 1486 1493 1513 1524
8782 4 2 2 2 1493 1486 1513 1563
8783 4 2 2 2 1493 1468 1513 1524
8784 4 2 2 2 1468 1493 1513 1563
8785 4 2 2 2 1484 1589 1570 1583
8786 4 2 2 2 1484 1589 1485 1570
8787 4 2 2 2 1589 1484 1505 1583
8788 4 2 2 2 1484 1589 1505 1485
8789 4 2 2 2 1444 1371 1499 1478
8790 4 2 2 2 1423 1478 1371 1444
8791 4 2 2 2 1478 1423 1371 1443
8792 4 2 2 2 1402 1509 1349 1436
8793 4 2 2 2 1509 1402 1349 1462
8794 4 2 2 2 1509 1402 1503 1436
8795 4 2 2 2 1402 1509 1503 1462
8796 4 2 2 2 1532 1538 1569 1546
8797 4 2 2 2 1533 1532 1538 1569
8798 4 2 2 2 1569 1548 1576 1546
8799 4 2 2 2 1533 1569 1548 1576
8800 4 2 2 2 1569 1538 1548 1546
8801 4 2 2 2 1533 1569 1538 1548
8802 4 2 2 2 1464 1404 1465 1505
8803 4 2 2 2 1404 1464 1465 1352
8804 4 2 2 2 1465 1404 1562 1505
8805 4 2 2 2 1465 1404 1352 1562
8806 4 2 2 2 1465 1562 1507 1505
8807 4 2 2 2 1352 1507 1465 1562
8808 4 2 2 2 1530 1557 1586 1542
8809 4 2 2 2 1530 1567 1586 1557
8810 4 2 2 2 1586 1557 1543 1542
8811 4 2 2 2 1567 1586 1557 1543
8812 4 2 2 2 1557 1543 1542 1584
8813 4 2 2 2 1543 1557 1567 1584
8814 4 2 2 2 1403 1444 1371 1499
8815 4 2 2 2 1569 1544 1592 1568
8816 4 2 2 2 1544 1569 1592 1546
8817 4 2 2 2 1569 1531 1544 1568
8818 4 2 2 2 1531 1569 1544 1546
8819 4 2 2 2 1567 1548 1584 1576
8820 4 2 2 2 1567 1548 1543 1584
8821 4 2 2 2 1567 1533 1548 1576
8822 4 2 2 2 1533 1567 1548 1543
8823 4 2 2 2 1522 1518 1473 1525
8824 4 2 2 2 1473 1516 1518 1522
8825 4 2 2 2 1491 1565 1556 1572
8826 4 2 2 2 1565 1490 1491 1556
8827 4 2 2 2 1536 1588 1648 1653
8828 4 2 2 2 1645 1041 1035 1040
8829 4 2 2 2 1618 1619 1669 1797
8830 4 2 2 2 1036 1029 1645 1035
8831 4 2 2 2 1566 1641 1454 1534
8832 4 2 2 2 1640 1533 1545 1796
8833 4 2 2 2 1641 1408 1566 1454
8834 4 2 2 2 1630 1547 1532 1818
8835 4 2 2 2 1653 1535 1425 1428
8836 4 2 2 2 1352 1438 1500 1404
8837 4 2 2 2 1666 1632 1667 1694
8838 4 2 2 2 1531 1314 1408 1566
8839 4 2 2 2 1566 1314 1408 1641
8840 4 2 2 2 1535 1447 1425 1428
8841 4 2 2 2 457 1664 1683 557
8842 4 2 2 2 1097 1637 1029 1651
8843 4 2 2 2 1637 1635 1029 1658
8844 4 2 2 2 1579 1300 1411 1408
8845 4 2 2 2 1425 1653 1428 1374
8846 4 2 2 2 1297 462 1639 1298
8847 4 2 2 2 1657 535 463 1674
8848 4 2 2 2 1645 1036 1035 1041
8849 4 2 2 2 1653 1425 1562 1374
8850 4 2 2 2 1617 1669 1797 1811
8851 4 2 2 2 527 462 1685 1741
8852 4 2 2 2 1667 516 1629 1694
8853 4 2 2 2 1631 1828 1830 1829
8854 4 2 2 2 1428 1438 1374 1653
8855 4 2 2 2 1588 1536 1562 1653
8856 4 2 2 2 1562 1374 1479 1653
8857 4 2 2 2 1532 1038 1039 1411
8858 4 2 2 2 1630 1547 1638 1532
8859 4 2 2 2 1537 1648 1536 1588
8860 4 2 2 2 1438 1374 1653 1479
8861 4 2 2 2 1296 1636 1651 1641
8862 4 2 2 2 1642 1037 1034 1036
8863 4 2 2 2 446 578 1748 717
8864 4 2 2 2 1037 1633 1642 1034
8865 4 2 2 2 1036 1645 1646 1041
8866 4 2 2 2 1536 1425 1562 1653
8867 4 2 2 2 516 522 657 1723
8868 4 2 2 2 1633 1676 1742 1678
8869 4 2 2 2 1628 1623 1783 1749
8870 4 2 2 2 1633 1676 1767 1742
8871 4 2 2 2 1655 1623 1628 1652
8872 4 2 2 2 1533 1532 1818 1807
8873 4 2 2 2 1611 1717 1773 1736
8874 4 2 2 2 1645 1642 1036 1646
8875 4 2 2 2 1648 1537 1649 1588
8876 4 2 2 2 1641 1072 1454 1409
8877 4 2 2 2 527 462 1743 1329
8878 4 2 2 2 92 1034 94 1678
8879 4 2 2 2 1649 1422 1420 1453
8880 4 2 2 2 1655 1619 1652 1665
8881 4 2 2 2 1547 1533 1806 1814
8882 4 2 2 2 1623 1628 1652 1747
8883 4 2 2 2 1643 1537 1455 1536
8884 4 2 2 2 1661 1645 1663 1648
8885 4 2 2 2 1650 1628 1708 1833
8886 4 2 2 2 1455 1658 1643 1645
8887 4 2 2 2 1536 1535 1425 1653
8888 4 2 2 2 1628 540 1650 1740
8889 4 2 2 2 527 462 1741 1743
8890 4 2 2 2 1665 1655 1798 1801
8891 4 2 2 2 1618 1638 1699 1779
8892 4 2 2 2 441 552 1685 554
8893 4 2 2 2 1645 1041 1040 1455
8894 4 2 2 2 1635 1637 1029 1097
8895 4 2 2 2 1424 1648 1438 1653
8896 4 2 2 2 83 92 94 1742
8897 4 2 2 2 1632 1639 1297 1743
8898 4 2 2 2 1608 1629 1693 1692
8899 4 2 2 2 1050 1036 1646 1041
8900 4 2 2 2 1641 1560 1534 1529
8901 4 2 2 2 1424 1648 1437 1438
8902 4 2 2 2 1547 1638 1532 1531
8903 4 2 2 2 1637 1635 1658 1827
8904 4 2 2 2 1314 1660 1641 1566
8905 4 2 2 2 1635 1633 1029 1658
8906 4 2 2 2 540 1628 1655 1744
8907 4 2 2 2 1438 1588 1444 1479
8908 4 2 2 2 1649 1422 1453 1423
8909 4 2 2 2 1422 1646 1649 1420
8910 4 2 2 2 1631 1745 1828 1822
8911 4 2 2 2 1612 1689 1762 1691
8912 4 2 2 2 1560 1549 1577 1578
8913 4 2 2 2 1662 1097 1030 1656
8914 4 2 2 2 446 577 1708 1748
8915 4 2 2 2 1438 1428 1424 1653
8916 4 2 2 2 435 1650 577 574
8917 4 2 2 2 1617 1545 1760 1778
8918 4 2 2 2 1314 1408 1641 1454
8919 4 2 2 2 1648 1453 1437 1438
8920 4 2 2 2 522 1629 540 1296
8921 4 2 2 2 1648 1588 1438 1653
8922 4 2 2 2 1639 1638 1300 1579
8923 4 2 2 2 1629 522 1667 1296
8924 4 2 2 2 1666 1629 1665 1746
8925 4 2 2 2 1314 1660 1566 1531
8926 4 2 2 2 1588 1438 1653 1479
8927 4 2 2 2 1039 1532 1533 1807
8928 4 2 2 2 1455 1643 1536 1648
8929 4 2 2 2 1623 1628 1747 1788
8930 4 2 2 2 1646 1423 1422 1649
8931 4 2 2 2 1455 1536 1537 1648
8932 4 2 2 2 1655 1097 1651 1637
8933 4 2 2 2 527 1717 1701 1724
8934 4 2 2 2 1080 1642 1034 1036
8935 4 2 2 2 445 1673 662 691
8936 4 2 2 2 1638 1532 1531 1579
8937 4 2 2 2 1641 1566 1529 1534
8938 4 2 2 2 1097 1641 1662 1030
8939 4 2 2 2 1639 1632 1741 1743
8940 4 2 2 2 81 1676 1671 164
8941 4 2 2 2 1300 1638 1408 1579
8942 4 2 2 2 1642 1029 1645 1036
8943 4 2 2 2 1298 1330 1672 1331
8944 4 2 2 2 1646 1537 1649 1455
8945 4 2 2 2 1408 1638 1531 1579
8946 4 2 2 2 1643 1029 1662 1645
8947 4 2 2 2 1642 1029 1036 1080
8948 4 2 2 2 1560 1641 1534 1662
8949 4 2 2 2 1535 1410 1425 1447
8950 4 2 2 2 1628 1704 1708 1707
8951 4 2 2 2 1537 1423 1649 1588
8952 4 2 2 2 1607 1599 1783 1798
8953 4 2 2 2 1072 1641 1030 1409
8954 4 2 2 2 1664 531 1763 1786
8955 4 2 2 2 516 1667 522 1723
8956 4 2 2 2 457 531 1664 557
8957 4 2 2 2 446 1748 1784 717
8958 4 2 2 2 1028 1799 1823 1114
8959 4 2 2 2 1645 1040 1417 1455
8960 4 2 2 2 1037 1642 1039 1036
8961 4 2 2 2 1635 1655 1637 1097
8962 4 2 2 2 1599 1619 1623 1783
8963 4 2 2 2 1632 1639 1638 1297
8964 4 2 2 2 1645 1661 1643 1648
8965 4 2 2 2 1029 1075 1656 1035
8966 4 2 2 2 1630 1686 1736 1687
8967 4 2 2 2 435 1650 652 561
8968 4 2 2 2 1633 1635 1029 1080
8969 4 2 2 2 1537 1455 1648 1649
8970 4 2 2 2 1638 1639 1532 1579
8971 4 2 2 2 1613 1674 1675 1824
8972 4 2 2 2 1630 1638 1639 1532
8973 4 2 2 2 522 540 82 1296
8974 4 2 2 2 1314 1408 1454 1300
8975 4 2 2 2 1628 1652 1637 1655
8976 4 2 2 2 547 1763 720 721
8977 4 2 2 2 1637 1658 1829 1827
8978 4 2 2 2 1662 1647 1661 1663
8979 4 2 2 2 1532 1039 1538 1411
8980 4 2 2 2 1655 1623 1652 1619
8981 4 2 2 2 1644 1567 1543 1586
8982 4 2 2 2 1639 1638 1297 1300
8983 4 2 2 2 1039 1646 1550 1423
8984 4 2 2 2 547 1659 1679 1721
8985 4 2 2 2 540 1635 82 1097
8986 4 2 2 2 1651 1296 1641 1097
8987 4 2 2 2 1607 1629 1746 1801
8988 4 2 2 2 1547 1630 1638 1779
8989 4 2 2 2 435 1609 1704 1768
8990 4 2 2 2 1560 1586 1549 1578
8991 4 2 2 2 1656 1072 1416 1103
8992 4 2 2 2 1577 1662 1534 1661
8993 4 2 2 2 1623 1599 1749 1757
8994 4 2 2 2 516 1689 1693 1694
8995 4 2 2 2 463 1750 1679 1835
8996 4 2 2 2 1655 1296 1636 1651
8997 4 2 2 2 1642 1533 1039 1644
8998 4 2 2 2 1296 1636 1641 1314
8999 4 2 2 2 463 1679 662 735
9000 4 2 2 2 1632 1630 1638 1639
9001 4 2 2 2 1616 1708 1780 1709
9002 4 2 2 2 1533 1039 1644 1538
9003 4 2 2 2 1529 1651 1641 1560
9004 4 2 2 2 1537 1643 1586 1536
9005 4 2 2 2 1643 1644 1537 1586
9006 4 2 2 2 1424 1661 1653 1428
9007 4 2 2 2 1659 1750 1758 1835
9008 4 2 2 2 1642 1037 1039 1799
9009 4 2 2 2 1638 1314 1300 1408
9010 4 2 2 2 1657 1635 1819 1810
9011 4 2 2 2 1634 1659 1800 1775
9012 4 2 2 2 1097 540 1296 82
9013 4 2 2 2 1667 522 1297 1314
9014 4 2 2 2 1640 1633 1642 1751
9015 4 2 2 2 1650 1670 1833 1832
9016 4 2 2 2 1631 1633 1640 1752
9017 4 2 2 2 1314 1638 1531 1408
9018 4 2 2 2 522 1667 1296 1314
9019 4 2 2 2 1665 1629 1655 1801
9020 4 2 2 2 1588 1653 1562 1479
9021 4 2 2 2 1620 1804 1825 1820
9022 4 2 2 2 1642 1533 1751 1799
9023 4 2 2 2 463 1657 1681 1802
9024 4 2 2 2 1618 1638 1666 1699
9025 4 2 2 2 1644 1545 1567 1586
9026 4 2 2 2 457 1686 1683 1688
9027 4 2 2 2 82 1635 87 93
9028 4 2 2 2 1041 1645 1646 1455
9029 4 2 2 2 1614 1673 1679 1682
9030 4 2 2 2 1424 1663 1429 1437
9031 4 2 2 2 1587 1408 1410 1668
9032 4 2 2 2 1454 1429 1446 1647
9033 4 2 2 2 1635 540 1655 1097
9034 4 2 2 2 1560 1549 1643 1577
9035 4 2 2 2 1647 1662 1409 1663
9036 4 2 2 2 1659 1753 1787 1835
9037 4 2 2 2 1607 1629 1754 1719
9038 4 2 2 2 1662 1577 1643 1661
9039 4 2 2 2 1454 1641 1409 1534
9040 4 2 2 2 1656 1097 1030 1075
9041 4 2 2 2 1029 1633 1642 1658
9042 4 2 2 2 1314 1454 1641 1072
9043 4 2 2 2 1615 1626 1659 1800
9044 4 2 2 2 1314 1660 1636 1641
9045 4 2 2 2 1631 1828 1829 1822
9046 4 2 2 2 1656 1072 1409 1416
9047 4 2 2 2 1633 153 94 1742
9048 4 2 2 2 1097 1641 1651 1662
9049 4 2 2 2 1620 1759 1803 1790
9050 4 2 2 2 1535 1653 1661 1428
9051 4 2 2 2 1635 1628 1637 1655
9052 4 2 2 2 435 1650 1740 1768
9053 4 2 2 2 1419 1424 1446 1447
9054 4 2 2 2 1039 1036 1646 1050
9055 4 2 2 2 1630 1664 1683 1687
9056 4 2 2 2 1534 1409 1454 1647
9057 4 2 2 2 1655 1296 1651 1097
9058 4 2 2 2 1635 82 1097 93
9059 4 2 2 2 1611 441 1685 1773
9060 4 2 2 2 1618 1638 1547 1660
9061 4 2 2 2 1579 1587 1408 1410
9062 4 2 2 2 1411 1538 1412 1550
9063 4 2 2 2 1662 1647 1534 1661
9064 4 2 2 2 1640 1533 1642 1644
9065 4 2 2 2 1648 1643 1536 1661
9066 4 2 2 2 1631 1725 1747 1745
9067 4 2 2 2 1632 1689 1722 1723
9068 4 2 2 2 522 1632 1297 1329
9069 4 2 2 2 1622 1634 1800 1793
9070 4 2 2 2 1629 516 540 1755
9071 4 2 2 2 1641 1560 1651 1662
9072 4 2 2 2 1643 1645 1648 1455
9073 4 2 2 2 1454 1314 1300 1072
9074 4 2 2 2 436 1755 1718 562
9075 4 2 2 2 1628 1635 1637 1827
9076 4 2 2 2 1658 1631 1633 1640
9077 4 2 2 2 527 1722 657 1724
9078 4 2 2 2 1643 1549 1536 1577
9079 4 2 2 2 540 1670 82 1635
9080 4 2 2 2 1662 1097 1656 1029
9081 4 2 2 2 1664 462 1761 1816
9082 4 2 2 2 1659 1028 1756 1787
9083 4 2 2 2 1612 421 694 1690
9084 4 2 2 2 1633 1753 1676 1677
9085 4 2 2 2 1429 1454 1413 1647
9086 4 2 2 2 540 1628 1635 1655
9087 4 2 2 2 1609 1757 1705 1706
9088 4 2 2 2 1618 1666 1698 1699
9089 4 2 2 2 1636 1651 1641 1529
9090 4 2 2 2 1633 153 1034 94
9091 4 2 2 2 1631 1633 1758 1802
9092 4 2 2 2 1641 1296 1030 1097
9093 4 2 2 2 1630 1759 1766 1687
9094 4 2 2 2 1662 1449 1409 1663
9095 4 2 2 2 1547 1790 1820 1814
9096 4 2 2 2 1645 1662 1661 1663
9097 4 2 2 2 1625 1634 1803 1766
9098 4 2 2 2 1296 1667 1636 1314
9099 4 2 2 2 1640 1631 1760 1778
9100 4 2 2 2 93 1097 1635 1033
9101 4 2 2 2 441 1611 1686 585
9102 4 2 2 2 1665 1621 1666 1746
9103 4 2 2 2 1622 1800 1821 1808
9104 4 2 2 2 1618 1547 1779 1794
9105 4 2 2 2 1620 1634 1760 1804
9106 4 2 2 2 516 1667 1629 522
9107 4 2 2 2 1639 1805 1807 1795
9108 4 2 2 2 1606 1620 1624 1759
9109 4 2 2 2 1028 1761 1672 1795
9110 4 2 2 2 1639 462 1684 1816
9111 4 2 2 2 1600 1611 1696 1733
9112 4 2 2 2 446 1704 724 1709
9113 4 2 2 2 1453 1648 1649 1438
9114 4 2 2 2 1647 1662 1534 1409
9115 4 2 2 2 1610 1722 1701 1700
9116 4 2 2 2 1080 1635 1029 1033
9117 4 2 2 2 1560 1534 1529 1578
9118 4 2 2 2 1447 1668 1428 1535
9119 4 2 2 2 1643 1029 1651 1662
9120 4 2 2 2 1648 1588 1649 1438
9121 4 2 2 2 1631 1747 1730 1830
9122 4 2 2 2 1029 1643 1658 1645
9123 4 2 2 2 1668 1424 1447 1428
9124 4 2 2 2 1560 1586 1643 1549
9125 4 2 2 2 1039 1646 1423 1422
9126 4 2 2 2 1662 1645 1449 1663
9127 4 2 2 2 1532 1039 1533 1538
9128 4 2 2 2 1651 1530 1643 1560
9129 4 2 2 2 1560 1662 1534 1577
9130 4 2 2 2 1097 540 1655 1296
9131 4 2 2 2 448 1614 618 599
9132 4 2 2 2 1656 1029 1035 1645
9133 4 2 2 2 1670 546 86 1831
9134 4 2 2 2 1424 1661 1648 1653
9135 4 2 2 2 1534 1560 1577 1578
9136 4 2 2 2 1028 1677 1799 1115
9137 4 2 2 2 535 1673 1674 717
9138 4 2 2 2 1630 1664 1766 1806
9139 4 2 2 2 1586 1643 1549 1536
9140 4 2 2 2 1607 1740 1720 1719
9141 4 2 2 2 1644 1039 1642 1646
9142 4 2 2 2 1611 1736 1739 1716
9143 4 2 2 2 1610 1612 1762 1789
9144 4 2 2 2 1028 1758 1752 1677
9145 4 2 2 2 1631 1633 1802 1822
9146 4 2 2 2 1417 1429 1663 1437
9147 4 2 2 2 1652 1640 1530 1545
9148 4 2 2 2 1666 1669 1665 1660
9149 4 2 2 2 1651 1658 1643 1530
9150 4 2 2 2 1634 1806 1805 1826
9151 4 2 2 2 1670 1628 1635 1650
9152 4 2 2 2 1624 1606 1759 1737
9153 4 2 2 2 1663 1424 1648 1437
9154 4 2 2 2 458 618 1710 622
9155 4 2 2 2 1639 1039 1532 1038
9156 4 2 2 2 540 1628 1650 1635
9157 4 2 2 2 1296 1641 1030 1314
9158 4 2 2 2 516 694 1689 625
9159 4 2 2 2 1409 1656 1416 1449
9160 4 2 2 2 441 1686 552 585
9161 4 2 2 2 1598 1607 1608 1746
9162 4 2 2 2 1560 1662 1577 1643
9163 4 2 2 2 1642 1039 1036 1646
9164 4 2 2 2 436 516 1693 1755
9165 4 2 2 2 1538 1411 1039 1550
9166 4 2 2 2 1658 1586 1643 1530
9167 4 2 2 2 1454 1534 1647 1668
9168 4 2 2 2 1533 1039 1807 1823
9169 4 2 2 2 1652 1640 1545 1778
9170 4 2 2 2 1643 1651 1560 1662
9171 4 2 2 2 1631 1613 1725 1745
9172 4 2 2 2 458 1763 1791 714
9173 4 2 2 2 1638 1547 1660 1531
9174 4 2 2 2 86 153 87 1670
9175 4 2 2 2 1614 1659 1710 1721
9176 4 2 2 2 1617 1623 1725 1728
9177 4 2 2 2 446 1704 577 724
9178 4 2 2 2 1654 1545 1530 1541
9179 4 2 2 2 1649 1438 1444 1453
9180 4 2 2 2 1618 1696 1735 1697
9181 4 2 2 2 1667 1297 1638 1314
9182 4 2 2 2 1640 1533 1764 1751
9183 4 2 2 2 1657 1745 1824 1822
9184 4 2 2 2 1608 1598 1746 1769
9185 4 2 2 2 1454 1446 1419 1647
9186 4 2 2 2 458 1659 1765 1791
9187 4 2 2 2 1662 1029 1656 1645
9188 4 2 2 2 1665 1667 1660 1636
9189 4 2 2 2 1424 1668 1419 1647
9190 4 2 2 2 1423 1537 1550 1588
9191 4 2 2 2 458 1659 1763 622
9192 4 2 2 2 1655 1296 1629 1636
9193 4 2 2 2 1097 1656 1029 1075
9194 4 2 2 2 81 1786 722 723
9195 4 2 2 2 82 1670 86 87
9196 4 2 2 2 1664 531 708 1791
9197 4 2 2 2 1608 436 694 1693
9198 4 2 2 2 1297 1638 1314 1300
9199 4 2 2 2 522 1667 1297 1632
9200 4 2 2 2 1627 1625 1766 1785
9201 4 2 2 2 1297 1639 1300 1038
9202 4 2 2 2 153 463 83 1767
9203 4 2 2 2 435 1609 1768 1720
9204 4 2 2 2 1621 1666 1769 1781
9205 4 2 2 2 1438 1649 1444 1588
9206 4 2 2 2 1598 1619 1798 1817
9207 4 2 2 2 1536 1535 1653 1661
9208 4 2 2 2 1618 1638 1660 1666
9209 4 2 2 2 1648 1417 1663 1437
9210 4 2 2 2 1605 1634 1620 1803
9211 4 2 2 2 1296 1667 1629 1636
9212 4 2 2 2 1538 1644 1543 1553
9213 4 2 2 2 1654 1651 1529 1560
9214 4 2 2 2 435 558 1720 561
9215 4 2 2 2 1594 1612 1770 1777
9216 4 2 2 2 1616 1595 1757 1705
9217 4 2 2 2 1597 1626 1615 1813
9218 4 2 2 2 1627 1596 1771 1737
9219 4 2 2 2 1408 1412 1579 1410
9220 4 2 2 2 1608 1629 1607 1755
9221 4 2 2 2 1629 516 522 540
9222 4 2 2 2 1657 1819 1822 1810
9223 4 2 2 2 1413 1417 1429 1663
9224 4 2 2 2 1664 1625 1765 1791
9225 4 2 2 2 440 1612 1722 1703
9226 4 2 2 2 1645 1662 1643 1661
9227 4 2 2 2 1615 1729 1808 1812
9228 4 2 2 2 82 1670 87 1635
9229 4 2 2 2 1628 1670 1657 1833
9230 4 2 2 2 1039 1411 1422 1423
9231 4 2 2 2 1660 1314 1638 1531
9232 4 2 2 2 1411 1039 1550 1423
9233 4 2 2 2 1534 1661 1647 1535
9234 4 2 2 2 1601 1698 1776 1732
9235 4 2 2 2 1644 1538 1537 1553
9236 4 2 2 2 1645 1663 1648 1417
9237 4 2 2 2 1602 1615 1772 1714
9238 4 2 2 2 86 535 1670 1831
9239 4 2 2 2 1605 1634 1625 1626
9240 4 2 2 2 1633 1635 153 1774
9241 4 2 2 2 1097 1651 1029 1662
9242 4 2 2 2 1615 1626 1602 1772
9243 4 2 2 2 1610 607 1701 1703
9244 4 2 2 2 1602 1710 1772 1711
9245 4 2 2 2 1610 1773 1702 1715
9246 4 2 2 2 1579 1566 1408 1587
9247 4 2 2 2 1424 1661 1428 1647
9248 4 2 2 2 1656 1645 1040 1449
9249 4 2 2 2 1605 1634 1626 1821
9250 4 2 2 2 1666 1638 1660 1667
9251 4 2 2 2 1656 1416 1449 1103
9252 4 2 2 2 1634 1605 1620 1622
9253 4 2 2 2 153 1670 1809 1774
9254 4 2 2 2 1657 463 1774 1810
9255 4 2 2 2 546 1670 86 82
9256 4 2 2 2 464 1832 1831 1834
9257 4 2 2 2 1642 1029 1658 1645
9258 4 2 2 2 1545 1533 1644 1567
9259 4 2 2 2 457 1664 708 1782
9260 4 2 2 2 1664 1634 1028 1756
9261 4 2 2 2 1658 1644 1643 1586
9262 4 2 2 2 82 1650 546 1670
9263 4 2 2 2 1651 1654 1530 1560
9264 4 2 2 2 1617 1545 1669 1811
9265 4 2 2 2 1041 1455 1646 1420
9266 4 2 2 2 1641 1314 1072 1030
9267 4 2 2 2 1534 1647 1668 1535
9268 4 2 2 2 1638 1666 1632 1667
9269 4 2 2 2 1626 1659 1634 1765
9270 4 2 2 2 1651 1658 1029 1643
9271 4 2 2 2 1631 1640 1775 1752
9272 4 2 2 2 1655 1652 1637 1654
9273 4 2 2 2 1662 1449 1656 1409
9274 4 2 2 2 1538 1532 1411 1412
9275 4 2 2 2 1663 1424 1429 1647
9276 4 2 2 2 1602 1710 1712 1714
9277 4 2 2 2 1424 1668 1447 1419
9278 4 2 2 2 1645 1656 1040 1035
9279 4 2 2 2 1634 1664 1028 1805
9280 4 2 2 2 540 1670 1635 1650
9281 4 2 2 2 1661 1663 1424 1648
9282 4 2 2 2 1615 1659 1750 1812
9283 4 2 2 2 1598 1599 1607 1798
9284 4 2 2 2 1606 1605 1620 1803
9285 4 2 2 2 1618 1698 1734 1735
9286 4 2 2 2 1622 1605 1813 1821
9287 4 2 2 2 1621 1598 1770 1769
9288 4 2 2 2 1623 1599 1757 1792
9289 4 2 2 2 1624 1596 1606 1737
9290 4 2 2 2 1661 1534 1577 1535
9291 4 2 2 2 1665 1660 1654 1636
9292 4 2 2 2 1408 1410 1668 1419
9293 4 2 2 2 1669 1654 1660 1541
9294 4 2 2 2 1666 1776 1789 1691
9295 4 2 2 2 1596 1624 1600 1771
9296 4 2 2 2 1594 1612 1601 1770
9297 4 2 2 2 1669 1547 1794 1825
9298 4 2 2 2 1532 1547 1531 1569
9299 4 2 2 2 1626 1597 1615 1602
9300 4 2 2 2 1597 1615 1604 1813
9301 4 2 2 2 1609 1595 423 1705
9302 4 2 2 2 1611 427 1771 1739
9303 4 2 2 2 1623 1603 1792 1788
9304 4 2 2 2 1608 421 1777 1690
9305 4 2 2 2 1628 1670 1635 1657
9306 4 2 2 2 1643 1661 1577 1536
9307 4 2 2 2 1423 1453 1649 1444
9308 4 2 2 2 458 1626 1772 1711
9309 4 2 2 2 1662 1645 1656 1449
9310 4 2 2 2 1615 1659 1614 1750
9311 4 2 2 2 1634 1625 1626 1765
9312 4 2 2 2 1647 1535 1661 1428
9313 4 2 2 2 1646 1039 1050 1422
9314 4 2 2 2 540 1670 1650 82
9315 4 2 2 2 1040 1656 1449 1103
9316 4 2 2 2 1668 1424 1428 1647
9317 4 2 2 2 1654 1655 1651 1637
9318 4 2 2 2 1655 540 1629 1296
9319 4 2 2 2 1588 1423 1649 1444
9320 4 2 2 2 1072 1656 1030 1103
9321 4 2 2 2 1667 1665 1629 1636
9322 4 2 2 2 1615 1613 1729 1812
9323 4 2 2 2 1655 1654 1651 1636
9324 4 2 2 2 1635 87 93 153
9325 4 2 2 2 1631 1729 1793 1730
9326 4 2 2 2 1621 1665 1619 1817
9327 4 2 2 2 1656 1040 1035 1103
9328 4 2 2 2 546 1670 1650 1831
9329 4 2 2 2 1028 1795 1116 1114
9330 4 2 2 2 1535 1410 1447 1668
9331 4 2 2 2 1413 1647 1663 1429
9332 4 2 2 2 1633 1640 1642 1658
9333 4 2 2 2 1617 1652 1778 1730
9334 4 2 2 2 1038 1298 1672 1118
9335 4 2 2 2 1622 1617 1760 1793
9336 4 2 2 2 1630 1779 1790 1738
9337 4 2 2 2 1641 1409 1534 1662
9338 4 2 2 2 1547 1660 1531 1541
9339 4 2 2 2 1648 1453 1455 1437
9340 4 2 2 2 82 1650 540 546
9341 4 2 2 2 1417 1648 1455 1437
9342 4 2 2 2 1663 1661 1424 1647
9343 4 2 2 2 1536 1648 1661 1653
9344 4 2 2 2 1072 1656 1409 1030
9345 4 2 2 2 547 1787 721 735
9346 4 2 2 2 1647 1409 1413 1663
9347 4 2 2 2 1648 1645 1417 1455
9348 4 2 2 2 1617 1622 1760 1811
9349 4 2 2 2 1613 1616 1780 1675
9350 4 2 2 2 1428 1668 1647 1535
9351 4 2 2 2 1635 93 1033 153
9352 4 2 2 2 1586 1560 1643 1530
9353 4 2 2 2 1651 1636 1654 1529
9354 4 2 2 2 1413 1454 1409 1647
9355 4 2 2 2 1449 1645 1040 1417
9356 4 2 2 2 1639 1630 1806 1816
9357 4 2 2 2 445 685 1682 637
9358 4 2 2 2 1631 1775 1758 1752
9359 4 2 2 2 1533 1640 1545 1644
9360 4 2 2 2 1657 535 1670 1809
9361 4 2 2 2 1654 1637 1651 1530
9362 4 2 2 2 1531 1547 1541 1569
9363 4 2 2 2 1601 1621 1781 1776
9364 4 2 2 2 1587 1534 1668 1535
9365 4 2 2 2 1670 153 1635 1774
9366 4 2 2 2 1547 1618 1660 1669
9367 4 2 2 2 1652 1530 1637 1654
9368 4 2 2 2 1639 1297 1298 1038
9369 4 2 2 2 1297 1667 1638 1632
9370 4 2 2 2 1030 1103 1656 1075
9371 4 2 2 2 1666 1660 1665 1667
9372 4 2 2 2 1533 1547 1532 1569
9373 4 2 2 2 1666 1669 1660 1618
9374 4 2 2 2 1666 1621 1734 1776
9375 4 2 2 2 1651 1658 1530 1637
9376 4 2 2 2 1618 1665 1621 1666
9377 4 2 2 2 1654 1660 1541 1529
9378 4 2 2 2 1669 1660 1547 1541
9379 4 2 2 2 1619 1617 1623 1652
9380 4 2 2 2 1535 1536 1577 1661
9381 4 2 2 2 1654 1665 1636 1655
9382 4 2 2 2 1652 1655 1665 1654
9383 4 2 2 2 1419 1454 1647 1668
9384 4 2 2 2 1619 1617 1652 1669
9385 4 2 2 2 1618 1619 1665 1669
9386 4 2 2 2 1408 1531 1566 1579
9387 4 2 2 2 1665 1669 1654 1660
9388 4 2 2 2 1409 1663 1449 1413
9389 4 2 2 2 1298 1639 1038 1672
9390 4 2 2 2 1537 1644 1553 1586
9391 4 2 2 2 1644 1543 1553 1586
9392 4 2 2 2 1670 87 1635 153
9393 4 2 2 2 1417 1413 1449 1663
9394 4 2 2 2 1619 1618 1665 1621
9395 4 2 2 2 1618 1665 1666 1669
9396 4 2 2 2 1665 1629 1636 1655
9397 4 2 2 2 1635 1029 1033 1097
9398 4 2 2 2 1627 1782 1785 1688
9399 4 2 2 2 1668 1447 1419 1410
9400 4 2 2 2 1663 1645 1449 1417
9401 4 2 2 2 1411 1579 1408 1412
9402 4 2 2 2 1637 1029 1651 1658
9403 4 2 2 2 1629 1666 1665 1667
9404 4 2 2 2 1648 1453 1649 1455
9405 4 2 2 2 1654 1660 1529 1636
9406 4 2 2 2 1652 1545 1530 1654
9407 4 2 2 2 1545 1617 1669 1652
9408 4 2 2 2 1668 1408 1419 1454
9409 4 2 2 2 1654 1669 1652 1541
9410 4 2 2 2 1649 1420 1455 1453
9411 4 2 2 2 1410 1535 1587 1668
9412 4 2 2 2 1665 1669 1652 1654
9413 4 2 2 2 1075 1656 1035 1103
9414 4 2 2 2 1646 1649 1420 1455
9415 4 2 2 2 1640 1642 1658 1644
9416 4 2 2 2 1412 1532 1411 1579
9417 4 2 2 2 1545 1652 1541 1654
9418 4 2 2 2 1652 1619 1669 1665
9419 4 2 2 2 1652 1669 1545 1541
9420 4 2 2 2 1545 1669 1547 1541
9421 4 2 2 2 1374 1562 1479 1404
9422 4 2 2 2 1425 1404 1562 1374
9423 4 2 2 2 1500 1562 1404 1479
9424 4 2 2 2 1562 1352 1500 1404
9425 4 2 2 2 1438 1404 1374 1479
9426 4 2 2 2 1500 1438 1479 1404
9427 4 2 2 2 1438 1500 1479 1444
9428 4 2 2 2 1633 1029 1642 1080
9429 4 2 2 2 1633 1080 1642 1034
9430 4 2 2 2 1533 1567 1543 1644
9431 4 2 2 2 1543 1533 1644 1538
9432 4 2 2 2 1647 1419 1424 1446
9433 4 2 2 2 1647 1446 1424 1429
9434 4 2 2 2 1628 1749 1744 1706
9435 4 2 2 2 1599 1607 1783 1749
9436 4 2 2 2 1668 1566 1534 1587
9437 4 2 2 2 1566 1454 1668 1534
9438 4 2 2 2 1408 1566 1668 1587
9439 4 2 2 2 1566 1454 1408 1668
9440 4 2 2 2 1658 1652 1530 1637
9441 4 2 2 2 1652 1640 1658 1530
9442 4 2 2 2 1637 1658 1830 1829
9443 4 2 2 2 1640 1652 1658 1830
9444 4 2 2 2 1620 1634 1804 1820
9445 4 2 2 2 1533 1547 1545 1814
9446 4 2 2 2 1632 1630 1695 1699
9447 4 2 2 2 1610 1695 1698 1700
9448 4 2 2 2 1611 1695 1736 1716
9449 4 2 2 2 1632 1695 1717 1700
9450 4 2 2 2 1038 1579 1300 1411
9451 4 2 2 2 1579 1038 1532 1411
9452 4 2 2 2 1300 1639 1579 1038
9453 4 2 2 2 1639 1579 1038 1532
9454 4 2 2 2 1660 1641 1529 1636
9455 4 2 2 2 1660 1641 1566 1529
9456 4 2 2 2 1635 1633 153 1080
9457 4 2 2 2 1633 153 1080 1034
9458 4 2 2 2 1662 1030 1641 1409
9459 4 2 2 2 1662 1030 1409 1656
9460 4 2 2 2 1646 1422 1041 1420
9461 4 2 2 2 1050 1646 1422 1041
9462 4 2 2 2 81 1761 723 1330
9463 4 2 2 2 1664 1028 1761 1786
9464 4 2 2 2 1550 1646 1537 1423
9465 4 2 2 2 1646 1537 1423 1649
9466 4 2 2 2 1633 1037 1677 1678
9467 4 2 2 2 1034 92 1037 1678
9468 4 2 2 2 435 1650 574 652
9469 4 2 2 2 153 1080 1033 1635
9470 4 2 2 2 1654 1529 1541 1560
9471 4 2 2 2 1541 1530 1654 1560
9472 4 2 2 2 463 153 719 1809
9473 4 2 2 2 535 86 1670 719
9474 4 2 2 2 1644 1039 1646 1538
9475 4 2 2 2 1646 1538 1039 1550
9476 4 2 2 2 1538 1646 1644 1537
9477 4 2 2 2 1538 1646 1537 1550
9478 4 2 2 2 1660 1667 1314 1636
9479 4 2 2 2 1667 1660 1314 1638
9480 4 2 2 2 1545 1640 1586 1644
9481 4 2 2 2 1640 1530 1545 1586
9482 4 2 2 2 1586 1640 1658 1644
9483 4 2 2 2 1640 1530 1586 1658
9484 4 2 2 2 1631 1725 1729 1730
9485 4 2 2 2 1604 1725 1815 1727
9486 4 2 2 2 1444 1352 1438 1500
9487 4 2 2 2 1550 1411 1423 1412
9488 4 2 2 2 1566 1660 1541 1531
9489 4 2 2 2 1660 1566 1541 1529
9490 4 2 2 2 1658 1646 1642 1645
9491 4 2 2 2 1658 1646 1645 1455
9492 4 2 2 2 1658 1646 1644 1642
9493 4 2 2 2 1537 1658 1646 1644
9494 4 2 2 2 1658 1537 1646 1455
9495 4 2 2 2 1537 1658 1644 1643
9496 4 2 2 2 1537 1658 1643 1455
9497 4 2 2 2 1039 1411 1050 1422
9498 4 2 2 2 1038 1039 1411 1050
9499 4 2 2 2 1028 1330 1671 1117
9500 4 2 2 2 1671 92 1330 164
9501 4 2 2 2 1330 81 1671 164
9502 4 2 2 2 92 1671 1330 1117
9503 4 2 2 2 1672 92 1330 1117
9504 4 2 2 2 1330 1028 1672 1117
9505 4 2 2 2 92 1672 1330 1331
9506 4 2 2 2 446 1673 715 717
9507 4 2 2 2 535 1673 715 691
9508 4 2 2 2 1673 445 715 691
9509 4 2 2 2 1673 535 715 717
9510 4 2 2 2 446 1673 1674 1675
9511 4 2 2 2 1673 1613 1674 1675
9512 4 2 2 2 1673 446 1674 717
9513 4 2 2 2 1028 1676 1677 1117
9514 4 2 2 2 1677 92 1676 1678
9515 4 2 2 2 1676 1633 1677 1678
9516 4 2 2 2 92 1677 1676 1117
9517 4 2 2 2 1671 92 1676 1117
9518 4 2 2 2 1676 1028 1671 1117
9519 4 2 2 2 92 1671 1676 164
9520 4 2 2 2 463 1673 1679 1681
9521 4 2 2 2 1613 1673 1679 1680
9522 4 2 2 2 1673 1614 1679 1680
9523 4 2 2 2 1673 1613 1679 1681
9524 4 2 2 2 445 1673 1679 662
9525 4 2 2 2 1673 463 1679 662
9526 4 2 2 2 1673 445 1679 1682
9527 4 2 2 2 1630 552 1683 1684
9528 4 2 2 2 1683 462 552 557
9529 4 2 2 2 552 457 1683 557
9530 4 2 2 2 462 1683 552 1684
9531 4 2 2 2 1685 462 552 1684
9532 4 2 2 2 552 1630 1685 1684
9533 4 2 2 2 462 1685 552 554
9534 4 2 2 2 457 1686 552 1683
9535 4 2 2 2 1630 1686 552 1685
9536 4 2 2 2 1686 441 552 1685
9537 4 2 2 2 1686 1630 552 1683
9538 4 2 2 2 1627 1686 1683 1687
9539 4 2 2 2 1686 1630 1683 1687
9540 4 2 2 2 1686 1627 1683 1688
9541 4 2 2 2 1608 1689 1690 1692
9542 4 2 2 2 1690 1666 1689 1691
9543 4 2 2 2 1689 1612 1690 1691
9544 4 2 2 2 1666 1690 1689 1692
9545 4 2 2 2 1693 1666 1689 1692
9546 4 2 2 2 1689 1608 1693 1692
9547 4 2 2 2 1666 1693 1689 1694
9548 4 2 2 2 1610 1695 1696 1698
9549 4 2 2 2 1618 1695 1696 1697
9550 4 2 2 2 1695 1624 1696 1697
9551 4 2 2 2 1695 1618 1696 1698
9552 4 2 2 2 1632 1695 1698 1699
9553 4 2 2 2 1695 1618 1698 1699
9554 4 2 2 2 1695 1632 1698 1700
9555 4 2 2 2 527 607 1701 610
9556 4 2 2 2 441 607 1701 1702
9557 4 2 2 2 607 1610 1701 1702
9558 4 2 2 2 607 441 1701 610
9559 4 2 2 2 440 607 1701 609
9560 4 2 2 2 607 527 1701 609
9561 4 2 2 2 607 440 1701 1703
9562 4 2 2 2 1616 1704 1705 1707
9563 4 2 2 2 1628 1704 1705 1706
9564 4 2 2 2 1704 1609 1705 1706
9565 4 2 2 2 1704 1628 1705 1707
9566 4 2 2 2 1616 1704 1708 1709
9567 4 2 2 2 1704 446 1708 1709
9568 4 2 2 2 1704 1616 1708 1707
9569 4 2 2 2 1602 1710 1711 1712
9570 4 2 2 2 430 1710 1711 619
9571 4 2 2 2 1710 458 1711 619
9572 4 2 2 2 1710 430 1711 1712
9573 4 2 2 2 1614 1710 1712 1713
9574 4 2 2 2 1710 430 1712 1713
9575 4 2 2 2 1710 1614 1712 1714
9576 4 2 2 2 1624 1695 1696 1716
9577 4 2 2 2 1611 1695 1696 1715
9578 4 2 2 2 1695 1610 1696 1715
9579 4 2 2 2 1695 1611 1696 1716
9580 4 2 2 2 1610 1695 1717 1715
9581 4 2 2 2 1695 1611 1717 1715
9582 4 2 2 2 1695 1610 1717 1700
9583 4 2 2 2 1607 558 1718 1719
9584 4 2 2 2 1718 540 558 562
9585 4 2 2 2 558 436 1718 562
9586 4 2 2 2 540 1718 558 1719
9587 4 2 2 2 1720 540 558 1719
9588 4 2 2 2 558 1607 1720 1719
9589 4 2 2 2 540 1720 558 561
9590 4 2 2 2 1614 618 1710 1713
9591 4 2 2 2 430 618 1710 619
9592 4 2 2 2 618 458 1710 619
9593 4 2 2 2 618 430 1710 1713
9594 4 2 2 2 547 618 1710 1721
9595 4 2 2 2 618 1614 1710 1721
9596 4 2 2 2 618 547 1710 622
9597 4 2 2 2 527 1722 609 657
9598 4 2 2 2 516 1722 609 625
9599 4 2 2 2 1722 440 609 625
9600 4 2 2 2 1722 516 609 657
9601 4 2 2 2 1632 1722 657 1723
9602 4 2 2 2 1722 516 657 1723
9603 4 2 2 2 1722 1632 657 1724
9604 4 2 2 2 1617 1725 1726 1728
9605 4 2 2 2 1603 1725 1726 1727
9606 4 2 2 2 1725 1604 1726 1727
9607 4 2 2 2 1725 1603 1726 1728
9608 4 2 2 2 1617 1725 1729 1726
9609 4 2 2 2 1725 1604 1729 1726
9610 4 2 2 2 1725 1617 1729 1730
9611 4 2 2 2 1600 1698 1731 1733
9612 4 2 2 2 1610 1698 1731 1732
9613 4 2 2 2 1698 1601 1731 1732
9614 4 2 2 2 1698 1610 1731 1733
9615 4 2 2 2 1600 1698 1734 1731
9616 4 2 2 2 1698 1601 1734 1731
9617 4 2 2 2 1698 1600 1734 1735
9618 4 2 2 2 1624 1736 1737 1738
9619 4 2 2 2 1630 1736 1737 1687
9620 4 2 2 2 1736 1627 1737 1687
9621 4 2 2 2 1736 1630 1737 1738
9622 4 2 2 2 1624 1736 1739 1737
9623 4 2 2 2 1736 1627 1739 1737
9624 4 2 2 2 1736 1624 1739 1716
9625 4 2 2 2 1632 1667 1694 1723
9626 4 2 2 2 462 1664 1683 1684
9627 4 2 2 2 463 1657 1674 1681
9628 4 2 2 2 462 527 1685 554
9629 4 2 2 2 1629 1666 1667 1694
9630 4 2 2 2 535 464 578 1832
9631 4 2 2 2 527 657 718 1724
9632 4 2 2 2 83 92 1676 163
9633 4 2 2 2 463 83 1676 716
9634 4 2 2 2 1630 1632 1717 1741
9635 4 2 2 2 1633 94 1034 1678
9636 4 2 2 2 1650 1708 1748 1833
9637 4 2 2 2 1628 540 1740 1744
9638 4 2 2 2 1630 1639 1741 1684
9639 4 2 2 2 1630 1632 1638 1699
9640 4 2 2 2 92 94 1742 1678
9641 4 2 2 2 1297 1632 1743 1329
9642 4 2 2 2 1666 1629 1693 1694
9643 4 2 2 2 1655 540 1744 1754
9644 4 2 2 2 1616 1745 1780 1707
9645 4 2 2 2 516 1689 1694 1723
9646 4 2 2 2 1628 1650 577 1768
9647 4 2 2 2 464 577 578 1834
9648 4 2 2 2 1666 1629 1746 1692
9649 4 2 2 2 1616 1747 1745 1707
9650 4 2 2 2 527 1717 1773 1701
9651 4 2 2 2 1613 1673 1674 1681
9652 4 2 2 2 1632 1630 1639 1741
9653 4 2 2 2 522 1667 1632 1723
9654 4 2 2 2 531 462 1664 557
9655 4 2 2 2 1657 535 1748 1833
9656 4 2 2 2 1630 1686 1685 1736
9657 4 2 2 2 1650 540 546 652
9658 4 2 2 2 1657 535 1674 1784
9659 4 2 2 2 1659 547 1679 1835
9660 4 2 2 2 1629 1608 1607 1746
9661 4 2 2 2 435 1704 577 1768
9662 4 2 2 2 1609 1749 1757 1706
9663 4 2 2 2 1614 1750 1679 1680
9664 4 2 2 2 547 1679 685 1721
9665 4 2 2 2 1657 1628 1708 1780
9666 4 2 2 2 1613 1631 1750 1681
9667 4 2 2 2 1633 1642 1751 1677
9668 4 2 2 2 1028 1752 1751 1677
9669 4 2 2 2 1533 1640 1642 1751
9670 4 2 2 2 1613 1631 1681 1824
9671 4 2 2 2 1666 1638 1632 1699
9672 4 2 2 2 81 1753 1676 716
9673 4 2 2 2 540 1655 1629 1754
9674 4 2 2 2 153 83 94 1742
9675 4 2 2 2 1628 1740 1768 1744
9676 4 2 2 2 1664 457 1683 1785
9677 4 2 2 2 527 1685 1773 1741
9678 4 2 2 2 1616 1603 1725 1788
9679 4 2 2 2 440 1612 1689 1722
9680 4 2 2 2 522 1632 1329 718
9681 4 2 2 2 436 516 1755 562
9682 4 2 2 2 540 1629 1755 1719
9683 4 2 2 2 81 1756 1786 1671
9684 4 2 2 2 1612 694 1689 1690
9685 4 2 2 2 81 1753 1787 1671
9686 4 2 2 2 1616 1757 1788 1707
9687 4 2 2 2 1610 1698 1789 1700
9688 4 2 2 2 1659 1758 1753 1835
9689 4 2 2 2 1625 1606 1627 1759
9690 4 2 2 2 1631 1640 1760 1775
9691 4 2 2 2 1627 427 1686 1739
9692 4 2 2 2 1621 1666 1746 1769
9693 4 2 2 2 1620 1760 1811 1804
9694 4 2 2 2 1620 1624 1759 1790
9695 4 2 2 2 1639 1761 1816 1795
9696 4 2 2 2 1664 1630 1684 1816
9697 4 2 2 2 1611 1600 1696 1716
9698 4 2 2 2 1609 423 1704 1705
9699 4 2 2 2 527 1722 1701 609
9700 4 2 2 2 1623 1652 1617 1747
9701 4 2 2 2 1614 448 618 1713
9702 4 2 2 2 1633 1037 1642 1677
9703 4 2 2 2 540 1650 1740 561
9704 4 2 2 2 1666 1632 1762 1789
9705 4 2 2 2 1633 1758 1753 1677
9706 4 2 2 2 1627 1759 1737 1687
9707 4 2 2 2 421 1612 694 583
9708 4 2 2 2 427 1627 1686 588
9709 4 2 2 2 1598 1607 1746 1817
9710 4 2 2 2 1629 1608 1693 1755
9711 4 2 2 2 1603 1613 1616 1725
9712 4 2 2 2 1664 1763 1791 1756
9713 4 2 2 2 547 1659 1710 622
9714 4 2 2 2 1623 1617 1725 1747
9715 4 2 2 2 423 1609 1704 709
9716 4 2 2 2 1618 1696 1698 1735
9717 4 2 2 2 1634 1028 1764 1826
9718 4 2 2 2 1657 1745 1780 1824
9719 4 2 2 2 1665 1621 1746 1817
9720 4 2 2 2 1659 1634 1765 1756
9721 4 2 2 2 547 1763 622 720
9722 4 2 2 2 436 1608 694 580
9723 4 2 2 2 1627 1766 1687 1785
9724 4 2 2 2 83 153 1767 1742
9725 4 2 2 2 1607 1609 1768 1744
9726 4 2 2 2 1612 1769 1690 1691
9727 4 2 2 2 1608 1770 1769 1690
9728 4 2 2 2 1595 1616 1757 1792
9729 4 2 2 2 1627 1771 1739 1737
9730 4 2 2 2 1607 1608 1755 1718
9731 4 2 2 2 1625 1634 1664 1765
9732 4 2 2 2 1632 1722 1762 1700
9733 4 2 2 2 1622 1604 1729 1808
9734 4 2 2 2 1601 1698 1734 1776
9735 4 2 2 2 1659 1615 1614 1772
9736 4 2 2 2 1626 1615 1659 1772
9737 4 2 2 2 1659 1614 1710 1772
9738 4 2 2 2 1610 1773 1701 1702
9739 4 2 2 2 463 153 1774 1767
9740 4 2 2 2 1634 1659 1028 1756
9741 4 2 2 2 1659 1626 458 1765
9742 4 2 2 2 1634 1028 1775 1764
9743 4 2 2 2 1631 1613 1750 1812
9744 4 2 2 2 1608 1598 1770 1777
9745 4 2 2 2 1595 1609 1599 1757
9746 4 2 2 2 1596 1627 1606 1737
9747 4 2 2 2 1610 1612 1776 1732
9748 4 2 2 2 1624 1600 1771 1716
9749 4 2 2 2 1612 1601 1770 1781
9750 4 2 2 2 1595 1616 423 1705
9751 4 2 2 2 1627 1596 427 1771
9752 4 2 2 2 1612 1594 421 1777
9753 4 2 2 2 1626 1659 458 1772
9754 4 2 2 2 1614 1615 1750 1680
9755 4 2 2 2 1625 458 1626 1765
9756 4 2 2 2 1613 1615 1729 1815
9757 4 2 2 2 1604 1622 1729 1726
9758 4 2 2 2 1652 1640 1778 1830
9759 4 2 2 2 1038 1672 1116 1118
9760 4 2 2 2 1631 1760 1793 1775
9761 4 2 2 2 1620 1624 1779 1794
9762 4 2 2 2 1622 1620 1634 1760
9763 4 2 2 2 446 1780 1675 1784
9764 4 2 2 2 547 685 599 1721
9765 4 2 2 2 1659 1634 1028 1775
9766 4 2 2 2 1666 1781 1776 1691
9767 4 2 2 2 1635 1657 1670 1774
9768 4 2 2 2 1621 1618 1666 1734
9769 4 2 2 2 1639 1038 1672 1795
9770 4 2 2 2 1664 1625 1782 1785
9771 4 2 2 2 1607 1599 1609 1749
9772 4 2 2 2 1607 1783 1744 1754
9773 4 2 2 2 1630 1695 1779 1738
9774 4 2 2 2 1611 1695 1717 1736
9775 4 2 2 2 81 1761 1786 723
9776 4 2 2 2 81 1761 1330 1671
9777 4 2 2 2 1028 1677 1115 1117
9778 4 2 2 2 1037 1633 1034 1678
9779 4 2 2 2 464 574 1834 650
9780 4 2 2 2 1604 1725 1729 1815
9781 4 2 2 2 1667 516 1694 1723
9782 4 2 2 2 1664 1630 1683 1684
9783 4 2 2 2 1657 1674 1681 1824
9784 4 2 2 2 527 1685 554 610
9785 4 2 2 2 1632 522 657 718
9786 4 2 2 2 163 92 1676 164
9787 4 2 2 2 716 83 1676 163
9788 4 2 2 2 1632 1717 1741 1724
9789 4 2 2 2 1657 1708 1748 1784
9790 4 2 2 2 540 1740 1744 1719
9791 4 2 2 2 1639 462 1741 1684
9792 4 2 2 2 94 1633 1742 1678
9793 4 2 2 2 1632 1743 1329 1724
9794 4 2 2 2 1629 516 1693 1694
9795 4 2 2 2 540 1744 1754 1719
9796 4 2 2 2 1628 1657 1745 1780
9797 4 2 2 2 1632 1666 1689 1694
9798 4 2 2 2 1650 435 577 1768
9799 4 2 2 2 578 1650 577 1748
9800 4 2 2 2 1629 1608 1746 1692
9801 4 2 2 2 1745 1628 1747 1828
9802 4 2 2 2 1610 1717 1773 1715
9803 4 2 2 2 463 535 1673 1674
9804 4 2 2 2 1611 441 1686 1685
9805 4 2 2 2 535 1674 1784 717
9806 4 2 2 2 1628 1704 577 1708
9807 4 2 2 2 1628 1623 1749 1757
9808 4 2 2 2 1613 1750 1679 1681
9809 4 2 2 2 1614 1679 685 1682
9810 4 2 2 2 1628 1708 1780 1707
9811 4 2 2 2 1631 1750 1681 1802
9812 4 2 2 2 1677 1642 1751 1799
9813 4 2 2 2 1633 1640 1752 1751
9814 4 2 2 2 1676 463 1753 1767
9815 4 2 2 2 1607 1740 1768 1720
9816 4 2 2 2 457 1683 1785 1688
9817 4 2 2 2 1630 1685 1773 1736
9818 4 2 2 2 1612 1689 1722 1762
9819 4 2 2 2 1632 1329 718 1724
9820 4 2 2 2 516 540 1755 562
9821 4 2 2 2 1629 1607 1755 1719
9822 4 2 2 2 1028 1664 1756 1786
9823 4 2 2 2 1608 694 1689 1693
9824 4 2 2 2 1028 1659 1753 1787
9825 4 2 2 2 1628 1623 1757 1788
9826 4 2 2 2 1632 1666 1698 1789
9827 4 2 2 2 463 1758 1753 1767
9828 4 2 2 2 1640 1760 1775 1764
9829 4 2 2 2 427 1611 1686 1739
9830 4 2 2 2 1769 1666 1746 1692
9831 4 2 2 2 1790 1624 1759 1738
9832 4 2 2 2 1600 1624 1696 1716
9833 4 2 2 2 423 1616 1704 1705
9834 4 2 2 2 440 1722 1701 1703
9835 4 2 2 2 448 430 618 1713
9836 4 2 2 2 1650 435 1740 561
9837 4 2 2 2 1632 1762 1789 1700
9838 4 2 2 2 1028 1659 1758 1753
9839 4 2 2 2 1630 1759 1737 1738
9840 4 2 2 2 1627 1686 588 1688
9841 4 2 2 2 1608 436 1693 1755
9842 4 2 2 2 1659 458 1763 1791
9843 4 2 2 2 1659 458 1710 622
9844 4 2 2 2 1617 1725 1747 1730
9845 4 2 2 2 1600 1696 1698 1733
9846 4 2 2 2 1613 1616 1745 1780
9847 4 2 2 2 1634 1664 1765 1756
9848 4 2 2 2 531 1763 622 714
9849 4 2 2 2 1664 1630 1766 1687
9850 4 2 2 2 153 1633 1767 1742
9851 4 2 2 2 1744 1609 1768 1706
9852 4 2 2 2 1690 1666 1769 1692
9853 4 2 2 2 1769 1612 1770 1781
9854 4 2 2 2 1616 1757 1792 1788
9855 4 2 2 2 1624 1771 1739 1716
9856 4 2 2 2 1608 436 1755 1718
9857 4 2 2 2 1610 1612 1722 1762
9858 4 2 2 2 1666 1618 1698 1734
9859 4 2 2 2 1614 1710 1772 1714
9860 4 2 2 2 441 1773 1701 610
9861 4 2 2 2 153 1633 1774 1767
9862 4 2 2 2 1028 1775 1764 1751
9863 4 2 2 2 1598 1594 1770 1777
9864 4 2 2 2 1612 1601 1776 1732
9865 4 2 2 2 1600 1611 1771 1716
9866 4 2 2 2 1601 1621 1770 1781
9867 4 2 2 2 1615 1613 1750 1680
9868 4 2 2 2 1622 1617 1729 1726
9869 4 2 2 2 92 1672 1116 1117
9870 4 2 2 2 1634 1622 1760 1793
9871 4 2 2 2 1794 1624 1779 1697
9872 4 2 2 2 1657 1780 1675 1824
9873 4 2 2 2 1614 448 685 599
9874 4 2 2 2 1612 1601 1781 1776
9875 4 2 2 2 1795 1038 1672 1116
9876 4 2 2 2 1625 1627 1782 1785
9877 4 2 2 2 1655 1628 1783 1744
9878 4 2 2 2 1624 1695 1779 1697
9879 4 2 2 2 1630 1632 1695 1717
9880 4 2 2 2 462 1664 1761 1786
9881 4 2 2 2 1330 1028 1761 1672
9882 4 2 2 2 92 1037 1677 1115
9883 4 2 2 2 1613 1631 1725 1729
9884 4 2 2 2 1685 441 554 610
9885 4 2 2 2 1676 81 163 164
9886 4 2 2 2 1676 81 716 163
9887 4 2 2 2 1717 527 1741 1724
9888 4 2 2 2 1708 446 1748 1784
9889 4 2 2 2 1740 1607 1744 1719
9890 4 2 2 2 1743 527 1329 1724
9891 4 2 2 2 1744 1607 1754 1719
9892 4 2 2 2 577 446 578 1748
9893 4 2 2 2 1717 1611 1773 1715
9894 4 2 2 2 1674 446 1784 717
9895 4 2 2 2 1704 446 577 1708
9896 4 2 2 2 1750 463 1679 1681
9897 4 2 2 2 1679 445 685 1682
9898 4 2 2 2 1708 1616 1780 1707
9899 4 2 2 2 1753 1633 1676 1767
9900 4 2 2 2 1740 435 1768 1720
9901 4 2 2 2 1683 1627 1785 1688
9902 4 2 2 2 1685 1611 1773 1736
9903 4 2 2 2 1689 1632 1722 1762
9904 4 2 2 2 1329 527 718 1724
9905 4 2 2 2 694 516 1689 1693
9906 4 2 2 2 1758 1633 1753 1767
9907 4 2 2 2 1760 1634 1775 1764
9908 4 2 2 2 1746 1608 1769 1692
9909 4 2 2 2 1759 1630 1790 1738
9910 4 2 2 2 1722 1610 1701 1703
9911 4 2 2 2 1762 1610 1789 1700
9912 4 2 2 2 1759 1624 1737 1738
9913 4 2 2 2 1686 457 588 1688
9914 4 2 2 2 1725 1631 1747 1730
9915 4 2 2 2 1696 1610 1698 1733
9916 4 2 2 2 1768 1628 1744 1706
9917 4 2 2 2 1769 1608 1690 1692
9918 4 2 2 2 1770 1621 1769 1781
9919 4 2 2 2 1757 1623 1792 1788
9920 4 2 2 2 1771 1611 1739 1716
9921 4 2 2 2 1710 1602 1772 1714
9922 4 2 2 2 1773 527 1701 610
9923 4 2 2 2 1775 1640 1764 1751
9924 4 2 2 2 1672 1028 1116 1117
9925 4 2 2 2 1779 1618 1794 1697
9926 4 2 2 2 1672 1028 1795 1116
9927 4 2 2 2 1695 1618 1779 1697
9928 4 2 2 2 1761 1298 1330 1672
9929 4 2 2 2 1640 1533 1796 1764
9930 4 2 2 2 1664 462 1683 557
9931 4 2 2 2 1620 1797 1794 1825
9932 4 2 2 2 462 1685 1741 1684
9933 4 2 2 2 535 578 1748 1832
9934 4 2 2 2 522 1632 657 1723
9935 4 2 2 2 92 83 1676 1742
9936 4 2 2 2 1623 1655 1628 1783
9937 4 2 2 2 83 463 1676 1767
9938 4 2 2 2 1630 1717 1773 1741
9939 4 2 2 2 462 1297 1639 1743
9940 4 2 2 2 1628 1652 1747 1828
9941 4 2 2 2 462 1639 1741 1743
9942 4 2 2 2 1655 1619 1665 1798
9943 4 2 2 2 1638 1630 1699 1779
9944 4 2 2 2 1629 1666 1693 1692
9945 4 2 2 2 1666 1632 1689 1762
9946 4 2 2 2 1650 1628 577 1708
9947 4 2 2 2 574 1650 577 1834
9948 4 2 2 2 1634 1760 1796 1764
9949 4 2 2 2 1788 1628 1747 1707
9950 4 2 2 2 1632 1717 1701 1700
9951 4 2 2 2 535 463 1673 662
9952 4 2 2 2 1632 1741 1743 1724
9953 4 2 2 2 1619 1655 1783 1798
9954 4 2 2 2 1664 1763 1756 1786
9955 4 2 2 2 535 1657 1748 1784
9956 4 2 2 2 1655 1623 1619 1783
9957 4 2 2 2 1627 1686 1736 1739
9958 4 2 2 2 1650 540 652 561
9959 4 2 2 2 1657 1674 1675 1784
9960 4 2 2 2 81 1763 1787 721
9961 4 2 2 2 1659 1614 1679 1721
9962 4 2 2 2 1638 1618 1547 1779
9963 4 2 2 2 1609 1704 1768 1706
9964 4 2 2 2 1599 1609 1749 1757
9965 4 2 2 2 1659 1614 1750 1679
9966 4 2 2 2 547 1679 662 685
9967 4 2 2 2 446 1708 1780 1784
9968 4 2 2 2 463 1750 1758 1802
9969 4 2 2 2 1028 1799 1114 1115
9970 4 2 2 2 1631 1800 1812 1758
9971 4 2 2 2 1607 1629 1801 1754
9972 4 2 2 2 1533 1751 1799 1823
9973 4 2 2 2 1787 463 1753 716
9974 4 2 2 2 1629 540 1754 1719
9975 4 2 2 2 1659 1626 1634 1800
9976 4 2 2 2 1625 1606 1759 1803
9977 4 2 2 2 1650 1628 1740 1768
9978 4 2 2 2 1664 1683 1687 1785
9979 4 2 2 2 441 1685 1773 610
9980 4 2 2 2 1616 1725 1747 1788
9981 4 2 2 2 516 1689 1722 625
9982 4 2 2 2 1622 1800 1808 1793
9983 4 2 2 2 540 1755 1718 1719
9984 4 2 2 2 462 1639 1298 1761
9985 4 2 2 2 1787 1028 1756 1671
9986 4 2 2 2 421 1608 694 1690
9987 4 2 2 2 1676 1028 1753 1671
9988 4 2 2 2 1705 1628 1757 1707
9989 4 2 2 2 1666 1632 1698 1699
9990 4 2 2 2 1633 1758 1802 1767
9991 4 2 2 2 1627 1625 1759 1766
9992 4 2 2 2 1634 1790 1806 1814
9993 4 2 2 2 1630 1803 1790 1806
9994 4 2 2 2 1631 1760 1778 1730
9995 4 2 2 2 1626 1634 1800 1821
9996 4 2 2 2 1620 1779 1790 1820
9997 4 2 2 2 1634 1760 1804 1796
9998 4 2 2 2 1533 1805 1826 1823
9999 4 2 2 2 1639 1298 1761 1672
10000 4 2 2 2 1611 1696 1733 1715
10001 4 2 2 2 1616 423 1704 724
10002 4 2 2 2 1632 1722 1701 1724
10003 4 2 2 2 1652 1617 1747 1730
10004 4 2 2 2 1614 618 599 1721
10005 4 2 2 2 1037 1642 1677 1799
10006 4 2 2 2 1634 1625 1664 1766
10007 4 2 2 2 540 1740 1720 561
10008 4 2 2 2 1612 1762 1789 1691
10009 4 2 2 2 1633 1631 1758 1752
10010 4 2 2 2 1633 1802 1810 1767
10011 4 2 2 2 1630 1639 1806 1818
10012 4 2 2 2 1606 1627 1759 1737
10013 4 2 2 2 440 1612 694 1689
10014 4 2 2 2 427 1686 552 588
10015 4 2 2 2 516 1629 1693 1755
10016 4 2 2 2 1028 1807 1795 1114
10017 4 2 2 2 1545 1617 1652 1778
10018 4 2 2 2 1613 1616 1725 1745
10019 4 2 2 2 531 1664 1763 1791
10020 4 2 2 2 1659 547 1710 1721
10021 4 2 2 2 1623 1603 1725 1728
10022 4 2 2 2 423 1704 577 709
10023 4 2 2 2 1624 1600 1696 1735
10024 4 2 2 2 1533 1764 1751 1823
10025 4 2 2 2 1598 1621 1746 1769
10026 4 2 2 2 1659 1765 1791 1756
10027 4 2 2 2 1659 547 1763 622
10028 4 2 2 2 462 531 1664 1786
10029 4 2 2 2 531 457 1664 708
10030 4 2 2 2 436 516 694 1693
10031 4 2 2 2 1625 1664 1766 1785
10032 4 2 2 2 1609 1607 1768 1720
10033 4 2 2 2 1781 1666 1769 1691
10034 4 2 2 2 1665 1798 1817 1801
10035 4 2 2 2 1634 1605 1625 1803
10036 4 2 2 2 1777 1612 1770 1690
10037 4 2 2 2 1595 1609 1757 1705
10038 4 2 2 2 1596 1624 1771 1737
10039 4 2 2 2 1625 458 1765 1791
10040 4 2 2 2 1612 1610 1722 1703
10041 4 2 2 2 1631 1729 1808 1793
10042 4 2 2 2 1610 1698 1776 1789
10043 4 2 2 2 1615 1614 1772 1714
10044 4 2 2 2 1633 1635 1774 1810
10045 4 2 2 2 458 1659 1710 1772
10046 4 2 2 2 1611 441 1773 1702
10047 4 2 2 2 1657 463 1809 1774
10048 4 2 2 2 463 1774 1810 1767
10049 4 2 2 2 458 1625 708 1791
10050 4 2 2 2 1545 1669 1811 1804
10051 4 2 2 2 1640 1775 1752 1751
10052 4 2 2 2 1664 1028 1805 1816
10053 4 2 2 2 1659 1750 1812 1758
10054 4 2 2 2 1599 1598 1619 1798
10055 4 2 2 2 1605 1606 1625 1803
10056 4 2 2 2 1598 1608 1770 1769
10057 4 2 2 2 1599 1595 1757 1792
10058 4 2 2 2 1612 1610 1776 1789
10059 4 2 2 2 1547 1618 1669 1794
10060 4 2 2 2 1615 1604 1813 1808
10061 4 2 2 2 427 1627 1771 1739
10062 4 2 2 2 1616 1595 1603 1792
10063 4 2 2 2 421 1612 1777 1690
10064 4 2 2 2 1626 1602 1772 1711
10065 4 2 2 2 1613 1631 1729 1812
10066 4 2 2 2 1617 1622 1729 1793
10067 4 2 2 2 1639 1039 1038 1795
10068 4 2 2 2 1652 1778 1730 1830
10069 4 2 2 2 1298 1672 1118 1331
10070 4 2 2 2 1617 1760 1793 1730
10071 4 2 2 2 1624 1620 1779 1790
10072 4 2 2 2 463 1787 1835 735
10073 4 2 2 2 1622 1620 1760 1811
10074 4 2 2 2 1616 1780 1675 1709
10075 4 2 2 2 1639 1806 1805 1816
10076 4 2 2 2 448 1614 685 1682
10077 4 2 2 2 1028 1659 1775 1758
10078 4 2 2 2 535 1657 463 1809
10079 4 2 2 2 1621 1666 1781 1776
10080 4 2 2 2 1621 1601 1734 1776
10081 4 2 2 2 457 1664 1782 1785
10082 4 2 2 2 1609 1607 1749 1744
10083 4 2 2 2 1607 1783 1749 1744
10084 4 2 2 2 1634 1804 1814 1796
10085 4 2 2 2 1545 1533 1814 1796
10086 4 2 2 2 1630 1695 1699 1779
10087 4 2 2 2 1624 1695 1736 1738
10088 4 2 2 2 1298 462 1761 723
10089 4 2 2 2 1786 1028 1761 1671
10090 4 2 2 2 1037 92 1677 1678
10091 4 2 2 2 1650 546 574 652
10092 4 2 2 2 86 153 1670 719
10093 4 2 2 2 1670 535 719 1809
10094 4 2 2 2 1603 1613 1725 1815
10095 4 2 2 2 657 1632 718 1724
10096 4 2 2 2 1745 1628 1780 1707
10097 4 2 2 2 1689 1632 1694 1723
10098 4 2 2 2 1628 1745 1747 1707
10099 4 2 2 2 1717 1610 1773 1701
10100 4 2 2 2 1673 463 1674 1681
10101 4 2 2 2 1686 1611 1685 1736
10102 4 2 2 2 1704 1628 577 1768
10103 4 2 2 2 1749 1628 1757 1706
10104 4 2 2 2 1750 1613 1679 1680
10105 4 2 2 2 1679 1614 685 1721
10106 4 2 2 2 1752 1633 1751 1677
10107 4 2 2 2 463 1676 1753 716
10108 4 2 2 2 1740 1607 1768 1744
10109 4 2 2 2 1685 1630 1773 1741
10110 4 2 2 2 1603 1623 1725 1788
10111 4 2 2 2 1028 1786 1756 1671
10112 4 2 2 2 694 1608 1689 1690
10113 4 2 2 2 1028 1787 1753 1671
10114 4 2 2 2 1628 1788 1757 1707
10115 4 2 2 2 1698 1632 1789 1700
10116 4 2 2 2 1545 1617 1760 1811
10117 4 2 2 2 1028 1664 1761 1816
10118 4 2 2 2 1630 1639 1684 1816
10119 4 2 2 2 1722 440 1701 609
10120 4 2 2 2 1758 1028 1753 1677
10121 4 2 2 2 1759 1630 1737 1687
10122 4 2 2 2 1607 1746 1817 1801
10123 4 2 2 2 1763 1659 1791 1756
10124 4 2 2 2 1696 1600 1698 1735
10125 4 2 2 2 1621 1598 1746 1817
10126 4 2 2 2 1766 1664 1687 1785
10127 4 2 2 2 1666 1690 1769 1691
10128 4 2 2 2 1612 1769 1770 1690
10129 4 2 2 2 1771 1624 1739 1737
10130 4 2 2 2 1722 1610 1762 1700
10131 4 2 2 2 1604 1615 1729 1808
10132 4 2 2 2 1698 1666 1734 1776
10133 4 2 2 2 1773 441 1701 1702
10134 4 2 2 2 1613 1615 1750 1812
10135 4 2 2 2 1615 1604 1729 1815
10136 4 2 2 2 1672 92 1116 1118
10137 4 2 2 2 1760 1634 1793 1775
10138 4 2 2 2 1780 1657 1675 1784
10139 4 2 2 2 685 1614 599 1721
10140 4 2 2 2 1781 1612 1776 1691
10141 4 2 2 2 1783 1655 1744 1754
10142 4 2 2 2 1695 1624 1779 1738
10143 4 2 2 2 1695 1630 1717 1736
10144 4 2 2 2 1761 462 1786 723
10145 4 2 2 2 1028 1330 1761 1671
10146 4 2 2 2 1677 92 1115 1117
10147 4 2 2 2 1725 1613 1729 1815
10148 4 2 2 2 1750 463 1681 1802
10149 4 2 2 2 1751 1028 1677 1799
10150 4 2 2 2 1533 1796 1764 1826
10151 4 2 2 2 1669 1618 1797 1794
10152 4 2 2 2 1685 1630 1741 1684
10153 4 2 2 2 1717 527 1773 1741
10154 4 2 2 2 1640 1545 1760 1796
10155 4 2 2 2 1747 1616 1788 1707
10156 4 2 2 2 1717 1610 1701 1700
10157 4 2 2 2 1741 527 1743 1724
10158 4 2 2 2 1655 1783 1798 1754
10159 4 2 2 2 81 1763 1756 1787
10160 4 2 2 2 1686 1611 1736 1739
10161 4 2 2 2 1674 446 1675 1784
10162 4 2 2 2 547 1659 1763 1787
10163 4 2 2 2 1704 1628 1768 1706
10164 4 2 2 2 1679 445 662 685
10165 4 2 2 2 1708 1657 1780 1784
10166 4 2 2 2 1750 1631 1758 1802
10167 4 2 2 2 1037 1039 1799 1114
10168 4 2 2 2 1659 1615 1800 1812
10169 4 2 2 2 1629 1655 1801 1754
10170 4 2 2 2 1753 81 1787 716
10171 4 2 2 2 1606 1620 1759 1803
10172 4 2 2 2 1683 1627 1687 1785
10173 4 2 2 2 1685 527 1773 610
10174 4 2 2 2 1725 1623 1747 1788
10175 4 2 2 2 1689 440 1722 625
10176 4 2 2 2 1631 1800 1808 1812
10177 4 2 2 2 1755 1607 1718 1719
10178 4 2 2 2 1756 81 1787 1671
10179 4 2 2 2 1753 81 1676 1671
10180 4 2 2 2 1757 1616 1705 1707
10181 4 2 2 2 1758 463 1802 1767
10182 4 2 2 2 1547 1630 1790 1806
10183 4 2 2 2 1634 1620 1803 1790
10184 4 2 2 2 1760 1617 1778 1730
10185 4 2 2 2 1547 1630 1779 1790
10186 4 2 2 2 1760 1545 1804 1796
10187 4 2 2 2 1696 1610 1733 1715
10188 4 2 2 2 1722 527 1701 1724
10189 4 2 2 2 618 547 599 1721
10190 4 2 2 2 1740 435 1720 561
10191 4 2 2 2 1762 1666 1789 1691
10192 4 2 2 2 463 1657 1802 1810
10193 4 2 2 2 1639 1806 1818 1807
10194 4 2 2 2 1686 457 552 588
10195 4 2 2 2 1039 1639 1807 1795
10196 4 2 2 2 1765 1664 1791 1756
10197 4 2 2 2 1769 1612 1781 1691
10198 4 2 2 2 1607 1598 1798 1817
10199 4 2 2 2 1770 1608 1777 1690
10200 4 2 2 2 1729 1622 1808 1793
10201 4 2 2 2 1698 1666 1776 1789
10202 4 2 2 2 1635 1657 1774 1810
10203 4 2 2 2 463 153 1809 1774
10204 4 2 2 2 1774 1633 1810 1767
10205 4 2 2 2 1625 1664 708 1791
10206 4 2 2 2 1804 1669 1811 1825
10207 4 2 2 2 1775 1028 1752 1751
10208 4 2 2 2 1816 1028 1805 1795
10209 4 2 2 2 1750 1631 1812 1758
10210 4 2 2 2 1604 1622 1813 1808
10211 4 2 2 2 1672 92 1118 1331
10212 4 2 2 2 1760 1631 1793 1730
10213 4 2 2 2 1780 446 1675 1709
10214 4 2 2 2 1664 1634 1806 1805
10215 4 2 2 2 1783 1628 1749 1744
10216 4 2 2 2 1545 1547 1804 1814
10217 4 2 2 2 1533 1814 1796 1826
10218 4 2 2 2 1695 1618 1699 1779
10219 4 2 2 2 1695 1630 1736 1738
10220 4 2 2 2 1761 81 1786 1671
10221 4 2 2 2 535 463 719 1809
10222 4 2 2 2 1746 1665 1817 1801
10223 4 2 2 2 1783 1607 1798 1754
10224 4 2 2 2 1763 1659 1756 1787
10225 4 2 2 2 1800 1615 1808 1812
10226 4 2 2 2 1806 1533 1818 1807
10227 4 2 2 2 1805 1639 1816 1795
10228 4 2 2 2 1619 1617 1669 1797
10229 4 2 2 2 1547 1533 1532 1818
10230 4 2 2 2 1811 1669 1797 1825
10231 4 2 2 2 578 535 1748 717
10232 4 2 2 2 92 1742 1676 1678
10233 4 2 2 2 1623 1599 1783 1749
10234 4 2 2 2 83 1767 1676 1742
10235 4 2 2 2 1630 1532 1639 1818
10236 4 2 2 2 1717 1630 1773 1736
10237 4 2 2 2 462 1297 1743 1329
10238 4 2 2 2 1533 1547 1806 1818
10239 4 2 2 2 1655 1798 1801 1754
10240 4 2 2 2 1689 1666 1762 1691
10241 4 2 2 2 1650 1708 577 1748
10242 4 2 2 2 1545 1640 1760 1778
10243 4 2 2 2 1039 1639 1532 1807
10244 4 2 2 2 1717 1632 1701 1724
10245 4 2 2 2 1673 535 662 691
10246 4 2 2 2 1599 1619 1783 1798
10247 4 2 2 2 531 1763 1786 722
10248 4 2 2 2 535 1784 1748 717
10249 4 2 2 2 1533 1642 1039 1799
10250 4 2 2 2 1686 1627 1736 1687
10251 4 2 2 2 1629 1665 1746 1801
10252 4 2 2 2 1708 446 1780 1709
10253 4 2 2 2 1635 1633 1658 1819
10254 4 2 2 2 1775 1659 1800 1758
10255 4 2 2 2 1669 1545 1547 1804
10256 4 2 2 2 1657 1681 1802 1822
10257 4 2 2 2 1630 1759 1803 1766
10258 4 2 2 2 1725 1616 1747 1745
10259 4 2 2 2 1689 516 1722 1723
10260 4 2 2 2 1634 1800 1793 1775
10261 4 2 2 2 1755 540 1718 562
10262 4 2 2 2 462 1639 1761 1816
10263 4 2 2 2 1028 1676 1753 1677
10264 4 2 2 2 1628 1705 1757 1706
10265 4 2 2 2 1627 1766 1759 1687
10266 4 2 2 2 1634 1620 1790 1820
10267 4 2 2 2 1766 1634 1803 1806
10268 4 2 2 2 1615 1626 1800 1821
10269 4 2 2 2 1794 1547 1779 1820
10270 4 2 2 2 1807 1028 1805 1823
10271 4 2 2 2 1761 1639 1672 1795
10272 4 2 2 2 462 1664 1684 1816
10273 4 2 2 2 1704 1616 724 1709
10274 4 2 2 2 1722 1632 1701 1700
10275 4 2 2 2 1677 1037 1799 1115
10276 4 2 2 2 1664 1634 1766 1806
10277 4 2 2 2 1740 540 1720 1719
10278 4 2 2 2 1758 1633 1752 1677
10279 4 2 2 2 1633 1802 1822 1810
10280 4 2 2 2 1533 1806 1805 1807
10281 4 2 2 2 694 440 1689 625
10282 4 2 2 2 1823 1039 1807 1114
10283 4 2 2 2 1704 423 577 724
10284 4 2 2 2 1696 1624 1735 1697
10285 4 2 2 2 1631 1613 1745 1824
10286 4 2 2 2 462 531 1786 722
10287 4 2 2 2 531 708 1791 714
10288 4 2 2 2 1619 1665 1798 1817
10289 4 2 2 2 1626 1615 1813 1821
10290 4 2 2 2 1631 1658 1633 1819
10291 4 2 2 2 1729 1631 1808 1812
10292 4 2 2 2 1698 1610 1776 1732
10293 4 2 2 2 1710 458 1772 1711
10294 4 2 2 2 1773 1611 1702 1715
10295 4 2 2 2 1634 1605 1622 1821
10296 4 2 2 2 1670 1657 1809 1774
10297 4 2 2 2 1664 1625 708 1782
10298 4 2 2 2 1626 1597 1605 1813
10299 4 2 2 2 1612 1789 1776 1691
10300 4 2 2 2 1547 1794 1825 1820
10301 4 2 2 2 1603 1616 1792 1788
10302 4 2 2 2 1729 1617 1793 1730
10303 4 2 2 2 1619 1598 1621 1817
10304 4 2 2 2 1039 1038 1795 1116
10305 4 2 2 2 1624 1790 1779 1738
10306 4 2 2 2 463 1787 721 716
10307 4 2 2 2 1630 1664 1806 1816
10308 4 2 2 2 1028 1758 1775 1752
10309 4 2 2 2 1782 457 1785 1688
10310 4 2 2 2 1609 1744 1749 1706
10311 4 2 2 2 1634 1804 1820 1814
10312 4 2 2 2 1695 1624 1736 1716
10313 4 2 2 2 1761 1298 723 1330
10314 4 2 2 2 153 1670 719 1809
10315 4 2 2 2 1725 1603 1815 1727
10316 4 2 2 2 1631 1681 1824 1822
10317 4 2 2 2 1760 1545 1811 1804
10318 4 2 2 2 1761 1028 1816 1795
10319 4 2 2 2 1028 1764 1826 1823
10320 4 2 2 2 1745 1613 1780 1824
10321 4 2 2 2 1674 1613 1681 1824
10322 4 2 2 2 1780 1613 1675 1824
10323 4 2 2 2 1669 1794 1797 1825
10324 4 2 2 2 1760 1640 1796 1764
10325 4 2 2 2 1763 81 1756 1786
10326 4 2 2 2 1763 547 1787 721
10327 4 2 2 2 1799 1037 1114 1115
10328 4 2 2 2 1659 1812 1800 1758
10329 4 2 2 2 1751 1028 1799 1823
10330 4 2 2 2 1800 1631 1808 1793
10331 4 2 2 2 1790 1547 1806 1814
10332 4 2 2 2 1634 1790 1803 1806
10333 4 2 2 2 1634 1622 1800 1821
10334 4 2 2 2 1547 1790 1779 1820
10335 4 2 2 2 1028 1634 1805 1826
10336 4 2 2 2 1802 463 1810 1767
10337 4 2 2 2 1039 1795 1807 1114
10338 4 2 2 2 1764 1028 1751 1823
10339 4 2 2 2 1798 1607 1817 1801
10340 4 2 2 2 1806 1664 1805 1816
10341 4 2 2 2 1804 1545 1814 1796
10342 4 2 2 2 1796 1634 1764 1826
10343 4 2 2 2 1811 1620 1804 1825
10344 4 2 2 2 1814 1634 1796 1826
10345 4 2 2 2 1797 1620 1811 1825
10346 4 2 2 2 1547 1630 1806 1818
10347 4 2 2 2 1798 1607 1801 1754
10348 4 2 2 2 1763 81 1786 722
10349 4 2 2 2 1800 1631 1775 1758
10350 4 2 2 2 1681 1631 1802 1822
10351 4 2 2 2 1759 1625 1803 1766
10352 4 2 2 2 1800 1631 1793 1775
10353 4 2 2 2 1803 1630 1766 1806
10354 4 2 2 2 1779 1620 1794 1820
10355 4 2 2 2 1805 1533 1807 1823
10356 4 2 2 2 1802 1657 1822 1810
10357 4 2 2 2 1806 1639 1805 1807
10358 4 2 2 2 1807 1028 1823 1114
10359 4 2 2 2 1821 1615 1813 1808
10360 4 2 2 2 1794 1620 1825 1820
10361 4 2 2 2 1787 81 721 716
10362 4 2 2 2 1804 1547 1820 1814
10363 4 2 2 2 1681 1657 1824 1822
10364 4 2 2 2 1764 1533 1826 1823
10365 4 2 2 2 1813 1622 1821 1808
10366 4 2 2 2 1532 1639 1818 1807
10367 4 2 2 2 1533 1806 1814 1826
10368 4 2 2 2 1657 1635 1827 1819
10369 4 2 2 2 1657 1628 1745 1828
10370 4 2 2 2 1039 1533 1799 1823
10371 4 2 2 2 1674 1657 1675 1824
10372 4 2 2 2 81 1763 720 722
10373 4 2 2 2 1658 1631 1829 1819
10374 4 2 2 2 1635 1633 1819 1810
10375 4 2 2 2 1547 1669 1804 1825
10376 4 2 2 2 1657 1628 1828 1827
10377 4 2 2 2 1759 1630 1803 1790
10378 4 2 2 2 1635 1628 1657 1827
10379 4 2 2 2 1790 1634 1820 1814
10380 4 2 2 2 1800 1615 1821 1808
10381 4 2 2 2 1028 1807 1805 1795
10382 4 2 2 2 1806 1533 1805 1826
10383 4 2 2 2 1745 1631 1824 1822
10384 4 2 2 2 1786 462 722 723
10385 4 2 2 2 1633 1631 1819 1822
10386 4 2 2 2 1605 1626 1813 1821
10387 4 2 2 2 1795 1039 1116 1114
10388 4 2 2 2 1658 1652 1637 1830
10389 4 2 2 2 1658 1631 1640 1830
10390 4 2 2 2 1763 531 622 720
10391 4 2 2 2 1640 1631 1778 1830
10392 4 2 2 2 1747 1631 1745 1828
10393 4 2 2 2 1828 1652 1747 1830
10394 4 2 2 2 1028 1826 1805 1823
10395 4 2 2 2 1778 1631 1730 1830
10396 4 2 2 2 1806 1634 1814 1826
10397 4 2 2 2 1635 1658 1827 1819
10398 4 2 2 2 1763 531 720 722
10399 4 2 2 2 1631 1829 1819 1822
10400 4 2 2 2 1628 1637 1828 1827
10401 4 2 2 2 1747 1631 1828 1830
10402 4 2 2 2 1829 1657 1819 1822
10403 4 2 2 2 1652 1628 1637 1828
10404 4 2 2 2 1745 1657 1828 1822
10405 4 2 2 2 1039 1823 1799 1114
10406 4 2 2 2 1763 81 720 721
10407 4 2 2 2 1658 1829 1827 1819
10408 4 2 2 2 1547 1825 1804 1820
10409 4 2 2 2 1657 1828 1829 1827
10410 4 2 2 2 1747 1652 1730 1830
10411 4 2 2 2 1633 1822 1819 1810
10412 4 2 2 2 1658 1631 1830 1829
10413 4 2 2 2 1829 1657 1827 1819
10414 4 2 2 2 1828 1637 1829 1827
10415 4 2 2 2 1637 1652 1828 1830
10416 4 2 2 2 1828 1657 1829 1822
10417 4 2 2 2 1637 1830 1828 1829
10418 4 2 2 2 1611 427 1686 585
10419 4 2 2 2 546 86 1831 650
10420 4 2 2 2 1686 427 552 585
10421 4 2 2 2 1763 531 1791 714
10422 4 2 2 2 86 464 535 1831
10423 4 2 2 2 1670 535 1832 1831
10424 4 2 2 2 1650 546 1831 1834
10425 4 2 2 2 685 448 1682 637
10426 4 2 2 2 464 578 1832 1834
10427 4 2 2 2 1833 535 1748 1832
10428 4 2 2 2 1612 440 694 583
10429 4 2 2 2 1609 435 1704 709
10430 4 2 2 2 1608 421 694 580
10431 4 2 2 2 546 1650 574 1834
10432 4 2 2 2 1763 458 622 714
10433 4 2 2 2 578 1650 1748 1832
10434 4 2 2 2 577 464 574 1834
10435 4 2 2 2 1704 435 577 709
10436 4 2 2 2 708 458 1791 714
10437 4 2 2 2 86 464 1831 650
10438 4 2 2 2 535 464 1832 1831
10439 4 2 2 2 546 1831 1834 650
10440 4 2 2 2 578 1650 1832 1834
10441 4 2 2 2 1748 1650 1833 1832
10442 4 2 2 2 1831 464 1834 650
10443 4 2 2 2 1628 1657 1708 1833
10444 4 2 2 2 535 1657 1670 1833
10445 4 2 2 2 1670 1628 1650 1833
10446 4 2 2 2 1650 1670 1832 1831
10447 4 2 2 2 1708 1657 1748 1833
10448 4 2 2 2 1650 578 577 1834
10449 4 2 2 2 574 546 1834 650
10450 4 2 2 2 1670 535 1833 1832
10451 4 2 2 2 1832 1650 1831 1834
10452 4 2 2 2 1679 547 662 735
10453 4 2 2 2 1787 463 721 735
10454 4 2 2 2 547 1679 1835 735
10455 4 2 2 2 1758 463 1753 1835
10456 4 2 2 2 547 1659 1787 1835
10457 4 2 2 2 1679 463 1835 735
10458 4 2 2 2 1750 1659 1679 1835
10459 4 2 2 2 1750 463 1758 1835
10460 4 2 2 2 463 1787 1753 1835
10461 4 2 2 2 1787 547 1835 735
$EndElements
