$MeshFormat
2.2 0 8
$EndMeshFormat
$PhysicalNames
2
3 1 "air_OPEM_RESERVED_1"
3 2 "teflon_OPEM_RESERVED_2"
$EndPhysicalNames
$Nodes
5203
1 -0.15 -0.15 -0.11
2 -0.15 -0.15 0.19
3 0.15 -0.15 -0.11
4 0.15 -0.15 0.19
5 -0.15 0.15 -0.11
6 -0.15 0.15 0.19
7 0.15 0.15 -0.11
8 0.15 0.15 0.19
9 -0.075 -0.075 0
10 -0.075 -0.075 0.0002
11 0.075 -0.075 0
12 0.075 -0.075 0.0002
13 -0.07000000000000001 -0.075 0
14 -0.055 -0.075 0
15 0.055 -0.075 0
16 0.07000000000000001 -0.075 0
17 -0.07000000000000001 -0.075 0.0002
18 -0.055 -0.075 0.0002
19 0.055 -0.075 0.0002
20 0.07000000000000001 -0.075 0.0002
21 -0.075 0.075 0
22 -0.075 0.075 0.0002
23 -0.075 0.07000000000000001 0
24 -0.075 0.055 0
25 -0.075 -0.055 0
26 -0.075 -0.07000000000000001 0
27 -0.075 0.07000000000000001 0.0002
28 -0.075 0.055 0.0002
29 -0.075 -0.055 0.0002
30 -0.075 -0.07000000000000001 0.0002
31 0.075 0.075 0
32 0.075 0.075 0.0002
33 0.075 -0.07000000000000001 0
34 0.075 -0.055 0
35 0.075 0.055 0
36 0.075 0.07000000000000001 0
37 0.075 -0.07000000000000001 0.0002
38 0.075 -0.055 0.0002
39 0.075 0.055 0.0002
40 0.075 0.07000000000000001 0.0002
41 -0.0725 -0.0706698729810778 0
42 -0.0706698729810778 -0.0725 0
43 -0.065 -0.0576794919243112 0
44 -0.0576794919243112 -0.065 0
45 -0.065 0.0576794919243112 0
46 -0.0576794919243112 0.065 0
47 -0.055 0.075 0
48 0.055 0.075 0
49 0.0576794919243112 0.065 0
50 0.065 0.0576794919243112 0
51 0.065 -0.0576794919243112 0
52 0.0576794919243112 -0.065 0
53 0.006 0 0
54 0.005543277195067721 0.002296100594190539 0
55 0.005543277195067719 -0.002296100594190542 0
56 0.004242640687119286 0.004242640687119285 0
57 0.004242640687119284 -0.004242640687119287 0
58 0.002296100594190539 0.005543277195067721 0
59 0.00229610059419054 -0.00554327719506772 0
60 6.661338147750939e-19 0.006 0
61 -1.332267629550188e-18 -0.006 0
62 -0.002296100594190538 0.005543277195067721 0
63 -0.002296100594190542 -0.005543277195067719 0
64 -0.004242640687119285 0.004242640687119286 0
65 -0.004242640687119287 -0.004242640687119285 0
66 -0.005543277195067721 0.002296100594190539 0
67 -0.005543277195067722 -0.002296100594190538 0
68 -0.006 7.347880794884119e-19 0
69 -0.0241301270189222 -0.0002 -2.710505431213761e-20
70 -0.0158698729810778 -0.0002 0
71 0.0158698729810778 -0.0002 0
72 0.0241301270189222 -0.0002 0
73 -0.0241301270189222 0 -2.710505431213761e-20
74 -0.0158698729810778 0 0
75 0.0158698729810778 0 0
76 0.0241301270189222 0 0
77 0.0725 -0.0706698729810778 0
78 0.0706698729810778 -0.0725 0
79 -0.0725 -0.0706698729810778 0.0002
80 -0.0706698729810778 -0.0725 0.0002
81 -0.065 -0.0576794919243112 0.0002
82 -0.0576794919243112 -0.065 0.0002
83 -0.065 0.0576794919243112 0.0002
84 -0.0576794919243112 0.065 0.0002
85 -0.055 0.075 0.0002
86 0.055 0.075 0.0002
87 0.0576794919243112 0.065 0.0002
88 0.065 0.0576794919243112 0.0002
89 0.065 -0.0576794919243112 0.0002
90 0.0576794919243112 -0.065 0.0002
91 0.00414 0 0.0002
92 0.003824861264596727 0.001584309409991471 0.0002
93 0.002927422074112307 0.002927422074112306 0.0002
94 0.001584309409991472 0.003824861264596727 0.0002
95 4.596323321948148e-19 0.00414 0.0002
96 -0.001584309409991471 0.003824861264596727 0.0002
97 -0.002927422074112306 0.002927422074112307 0.0002
98 -0.003824861264596727 0.001584309409991472 0.0002
99 -0.00414 5.070037748470042e-19 0.0002
100 -0.003824861264596727 -0.001584309409991471 0.0002
101 -0.002927422074112307 -0.002927422074112306 0.0002
102 -0.001584309409991474 -0.003824861264596726 0.0002
103 -9.192646643896295e-19 -0.00414 0.0002
104 0.001584309409991473 -0.003824861264596726 0.0002
105 0.002927422074112306 -0.002927422074112307 0.0002
106 0.003824861264596726 -0.001584309409991474 0.0002
107 -0.0243301270189222 -0.0002 0.000200000000000001
108 -0.0156698729810778 -0.0002 0.000199999999999999
109 0.0156698729810778 -0.0002 0.000200000000000002
110 0.0243301270189222 -0.0002 0.000199999999999999
111 -0.0243301270189222 0 0.000200000000000001
112 -0.0156698729810778 0 0.000199999999999999
113 0.0156698729810778 0 0.000200000000000002
114 0.0243301270189222 0 0.000199999999999999
115 0.0725 -0.0706698729810778 0.0002
116 0.0706698729810778 -0.0725 0.0002
117 0.07000000000000001 0.075 0
118 -0.07000000000000001 0.075 0
119 0.07000000000000001 0.075 0.0002
120 -0.07000000000000001 0.075 0.0002
121 -0.0706698729810778 0.0725 0
122 -0.0725 0.0706698729810778 0
123 -0.0706698729810778 0.0725 0.0002
124 -0.0725 0.0706698729810778 0.0002
125 0.0706698729810778 0.0725 0
126 0.0725 0.0706698729810778 0
127 0.0706698729810778 0.0725 0.0002
128 0.0725 0.0706698729810778 0.0002
129 0.005543277195067721 0.002296100594190539 -0.0018
130 0.006 0 -0.0018
131 0.005543277195067719 -0.002296100594190542 -0.0018
132 0.004242640687119286 0.004242640687119285 -0.0018
133 0.004242640687119284 -0.004242640687119287 -0.0018
134 0.002296100594190539 0.005543277195067721 -0.0018
135 0.00229610059419054 -0.00554327719506772 -0.0018
136 6.661338147750939e-19 0.006 -0.0018
137 -1.332267629550188e-18 -0.006 -0.0018
138 -0.002296100594190538 0.005543277195067721 -0.0018
139 -0.002296100594190542 -0.005543277195067719 -0.0018
140 -0.004242640687119285 0.004242640687119286 -0.0018
141 -0.004242640687119287 -0.004242640687119285 -0.0018
142 -0.005543277195067721 0.002296100594190539 -0.0018
143 -0.005543277195067722 -0.002296100594190538 -0.0018
144 -0.006 7.347880794884119e-19 -0.0018
145 0.0012 0 0.0002
146 0.001108655439013544 0.0004592201188381077 0.0002
147 0.000848528137423857 0.0008485281374238569 0.0002
148 0.0004592201188381077 0.001108655439013544 0.0002
149 1.332267629550188e-19 0.0012 0.0002
150 -0.0004592201188381075 0.001108655439013544 0.0002
151 -0.0008485281374238569 0.000848528137423857 0.0002
152 -0.001108655439013544 0.0004592201188381078 0.0002
153 -0.0012 1.469576158976824e-19 0.0002
154 -0.001108655439013544 -0.0004592201188381076 0.0002
155 -0.0008485281374238571 -0.0008485281374238569 0.0002
156 -0.0004592201188381083 -0.001108655439013544 0.0002
157 -2.664535259100375e-19 -0.0012 0.0002
158 0.000459220118838108 -0.001108655439013544 0.0002
159 0.0008485281374238568 -0.0008485281374238571 0.0002
160 0.001108655439013544 -0.0004592201188381084 0.0002
161 -0.001 0 0.0002
162 -0.001 -0.0002 0.0002
163 0.001 0 0.0002
164 0.001 -0.0002 0.0002
165 -0.001 2.7755575615629e-19 0.0027
166 -0.001 -0.0001999999999999997 0.0027
167 -0.001 2.710505431213761e-19 0.0019
168 -0.001 -0.0001999999999999997 0.0019
169 -0.0006000000000000003 2.710505431213761e-19 0.002007179676972449
170 -0.0003071796769724494 2.710505431213761e-19 0.0023
171 -0.0002000000000000001 2.710505431213761e-19 0.0027
172 -0.0003071796769724489 2.710505431213761e-19 0.0031
173 -0.0005999999999999998 2.710505431213761e-19 0.00339282032302755
174 -0.001 2.710505431213761e-19 0.0035
175 -0.001399999999999999 2.710505431213761e-19 0.003392820323027551
176 -0.001692820323027551 2.710505431213761e-19 0.0031
177 -0.0018 2.710505431213761e-19 0.0027
178 -0.015 0 0.0027
179 -0.0156698729810778 0 0.0052
180 -0.0175 0 0.0070301270189222
181 -0.02 0 0.0077
182 -0.02 4.44089209850063e-18 0.0377
183 -0.0175 4.44089209850063e-18 0.0383698729810778
184 -0.0156698729810778 4.44089209850063e-18 0.0402
185 -0.015 4.44089209850063e-18 0.0427
186 0.015 4.44089209850063e-18 0.0427
187 0.0156698729810778 4.44089209850063e-18 0.0402
188 0.0175 4.44089209850063e-18 0.0383698729810778
189 0.02 4.44089209850063e-18 0.0377
190 0.02 0 0.0077
191 0.0175 0 0.0070301270189222
192 0.0156698729810778 0 0.0052
193 0.015 0 0.0027
194 0.0018 2.710505431213761e-19 0.0027
195 0.001692820323027551 2.710505431213761e-19 0.0031
196 0.0014 2.710505431213761e-19 0.003392820323027551
197 0.001 2.710505431213761e-19 0.003500000000000001
198 0.0006000000000000003 2.710505431213761e-19 0.003392820323027551
199 0.0003071796769724491 2.710505431213761e-19 0.0031
200 0.0002 2.710505431213761e-19 0.0027
201 0.0003071796769724491 2.710505431213761e-19 0.0023
202 0.0005999999999999998 2.710505431213761e-19 0.002007179676972449
203 0.001 2.710505431213761e-19 0.0019
204 -0.0006000000000000003 -0.0001999999999999997 0.002007179676972449
205 -0.0003071796769724494 -0.0001999999999999997 0.0023
206 -0.0002000000000000001 -0.0001999999999999997 0.0027
207 -0.0003071796769724489 -0.0001999999999999997 0.0031
208 -0.0005999999999999998 -0.0001999999999999997 0.00339282032302755
209 -0.001 -0.0001999999999999997 0.0035
210 -0.001399999999999999 -0.0001999999999999997 0.003392820323027551
211 -0.001692820323027551 -0.0001999999999999997 0.0031
212 -0.0018 -0.0001999999999999997 0.0027
213 -0.015 -0.0002 0.0027
214 -0.0156698729810778 -0.0002 0.0052
215 -0.0175 -0.0002 0.0070301270189222
216 -0.02 -0.0002 0.0077
217 -0.02 -0.000199999999999996 0.0377
218 -0.0175 -0.000199999999999996 0.0383698729810778
219 -0.0156698729810778 -0.000199999999999996 0.0402
220 -0.015 -0.000199999999999996 0.0427
221 0.015 -0.000199999999999996 0.0427
222 0.0156698729810778 -0.000199999999999996 0.0402
223 0.0175 -0.000199999999999996 0.0383698729810778
224 0.02 -0.000199999999999996 0.0377
225 0.02 -0.0002 0.0077
226 0.0175 -0.0002 0.0070301270189222
227 0.0156698729810778 -0.0002 0.0052
228 0.015 -0.0002 0.0027
229 0.0018 -0.0001999999999999997 0.0027
230 0.001692820323027551 -0.0001999999999999997 0.0031
231 0.0014 -0.0001999999999999997 0.003392820323027551
232 0.001 -0.0001999999999999997 0.003500000000000001
233 0.0006000000000000003 -0.0001999999999999997 0.003392820323027551
234 0.0003071796769724491 -0.0001999999999999997 0.0031
235 0.0002 -0.0001999999999999997 0.0027
236 0.0003071796769724491 -0.0001999999999999997 0.0023
237 0.0005999999999999998 -0.0001999999999999997 0.002007179676972449
238 0.001 -0.0001999999999999997 0.0019
239 0.001 2.7755575615629e-19 0.0027
240 0.001 -0.0001999999999999997 0.0027
241 -0.02 0 0.0027
242 -0.019 0 0.0027
243 -0.02 -0.0002 0.0027
244 -0.019 -0.0002 0.0027
245 -0.0191339745962156 0 0.0032
246 -0.0195 0 0.00356602540378444
247 -0.02 0 0.0037
248 -0.02 4.44089209850064e-18 0.0427
249 -0.02 -0.0001999999999999956 0.0427
250 -0.02 4.44089209850063e-18 0.0417
251 -0.02 -0.000199999999999996 0.0417
252 -0.02 -0.0002 0.0037
253 -0.0195 4.44089209850063e-18 0.0418339745962156
254 -0.0191339745962156 4.44089209850063e-18 0.0422
255 -0.019 4.44089209850063e-18 0.0427
256 0.02 4.44089209850064e-18 0.0427
257 0.02 -0.0001999999999999956 0.0427
258 0.019 4.44089209850063e-18 0.0427
259 0.019 -0.000199999999999996 0.0427
260 -0.019 -0.000199999999999996 0.0427
261 0.0191339745962156 4.44089209850063e-18 0.0422
262 0.0195 4.44089209850063e-18 0.0418339745962156
263 0.02 4.44089209850063e-18 0.0417
264 0.02 0 0.0027
265 0.02 -0.0002 0.0027
266 0.02 0 0.0037
267 0.02 -0.0002 0.0037
268 0.02 -0.000199999999999996 0.0417
269 0.0195 0 0.00356602540378444
270 0.0191339745962156 0 0.0032
271 0.019 0 0.0027
272 0.019 -0.0002 0.0027
273 -0.0191339745962156 -0.0002 0.0032
274 -0.0195 -0.0002 0.00356602540378444
275 -0.0195 -0.000199999999999996 0.0418339745962156
276 -0.0191339745962156 -0.000199999999999996 0.0422
277 0.0191339745962156 -0.000199999999999996 0.0422
278 0.0195 -0.000199999999999996 0.0418339745962156
279 0.0195 -0.0002 0.00356602540378444
280 0.0191339745962156 -0.0002 0.0032
281 -0.0191339745962156 4.44089209850063e-18 0.0432
282 -0.0195 4.44089209850063e-18 0.0435660254037844
283 -0.02 4.44089209850063e-18 0.0437
284 -0.0205 4.44089209850063e-18 0.0435660254037844
285 -0.0208660254037844 4.44089209850063e-18 0.0432
286 -0.021 4.44089209850063e-18 0.0427
287 -0.0208660254037844 4.44089209850063e-18 0.0422
288 -0.0205 4.44089209850063e-18 0.0418339745962156
289 -0.0225 4.44089209850063e-18 0.0383698729810778
290 -0.0243301270189222 4.44089209850063e-18 0.0402
291 -0.025 4.44089209850063e-18 0.0427
292 -0.0243301270189222 4.44089209850063e-18 0.0452
293 -0.0225 4.44089209850063e-18 0.0470301270189222
294 -0.02 4.44089209850063e-18 0.0477
295 -0.0175 4.44089209850063e-18 0.0470301270189222
296 -0.0156698729810778 4.44089209850063e-18 0.0452
297 -0.0191339745962156 -0.000199999999999996 0.0432
298 -0.0195 -0.000199999999999996 0.0435660254037844
299 -0.02 -0.000199999999999996 0.0437
300 -0.0205 -0.000199999999999996 0.0435660254037844
301 -0.0208660254037844 -0.000199999999999996 0.0432
302 -0.021 -0.000199999999999996 0.0427
303 -0.0208660254037844 -0.000199999999999996 0.0422
304 -0.0205 -0.000199999999999996 0.0418339745962156
305 -0.0225 -0.000199999999999996 0.0383698729810778
306 -0.0243301270189222 -0.000199999999999996 0.0402
307 -0.025 -0.000199999999999996 0.0427
308 -0.0243301270189222 -0.000199999999999996 0.0452
309 -0.0225 -0.000199999999999996 0.0470301270189222
310 -0.02 -0.000199999999999996 0.0477
311 -0.0175 -0.000199999999999996 0.0470301270189222
312 -0.0156698729810778 -0.000199999999999996 0.0452
313 0.0243301270189222 4.44089209850063e-18 0.0402
314 0.025 4.44089209850063e-18 0.0427
315 0.0225 4.44089209850063e-18 0.0383698729810778
316 0.0205 4.44089209850063e-18 0.0418339745962156
317 0.0208660254037844 4.44089209850063e-18 0.0422
318 0.021 4.44089209850063e-18 0.0427
319 0.0208660254037844 4.44089209850063e-18 0.0432
320 0.0205 4.44089209850063e-18 0.0435660254037844
321 0.02 4.44089209850063e-18 0.0437
322 0.0195 4.44089209850063e-18 0.0435660254037844
323 0.0191339745962156 4.44089209850063e-18 0.0432
324 0.0156698729810778 4.44089209850063e-18 0.0452
325 0.0175 4.44089209850063e-18 0.0470301270189222
326 0.02 4.44089209850063e-18 0.0477
327 0.0225 4.44089209850063e-18 0.0470301270189222
328 0.0243301270189222 4.44089209850063e-18 0.0452
329 0.0243301270189222 -0.000199999999999996 0.0402
330 0.025 -0.000199999999999996 0.0427
331 0.0225 -0.000199999999999996 0.0383698729810778
332 0.0205 -0.000199999999999996 0.0418339745962156
333 0.0208660254037844 -0.000199999999999996 0.0422
334 0.021 -0.000199999999999996 0.0427
335 0.0208660254037844 -0.000199999999999996 0.0432
336 0.0205 -0.000199999999999996 0.0435660254037844
337 0.02 -0.000199999999999996 0.0437
338 0.0195 -0.000199999999999996 0.0435660254037844
339 0.0191339745962156 -0.000199999999999996 0.0432
340 0.0156698729810778 -0.000199999999999996 0.0452
341 0.0175 -0.000199999999999996 0.0470301270189222
342 0.02 -0.000199999999999996 0.0477
343 0.0225 -0.000199999999999996 0.0470301270189222
344 0.0243301270189222 -0.000199999999999996 0.0452
345 0.025 0 0.0027
346 0.0191339745962156 0 0.0022
347 0.0195 0 0.00183397459621557
348 0.02 0 0.0017
349 0.0205 0 0.00183397459621557
350 0.0208660254037844 0 0.0022
351 0.021 0 0.0027
352 0.0208660254037844 0 0.0032
353 0.0205 0 0.00356602540378444
354 0.0225 0 0.00703012701892219
355 0.0243301270189222 0 0.0052
356 0.025 -0.0002 0.0027
357 0.0191339745962156 -0.0002 0.0022
358 0.0195 -0.0002 0.00183397459621557
359 0.02 -0.0002 0.0017
360 0.0205 -0.0002 0.00183397459621557
361 0.0208660254037844 -0.0002 0.0022
362 0.021 -0.0002 0.0027
363 0.0208660254037844 -0.0002 0.0032
364 0.0205 -0.0002 0.00356602540378444
365 0.0225 -0.0002 0.00703012701892219
366 0.0243301270189222 -0.0002 0.0052
367 0.0225 -0.0002 -0.00163012701892219
368 0.02 -0.0002 -0.0023
369 0.0175 -0.0002 -0.00163012701892219
370 0.0225 0 -0.00163012701892219
371 0.02 0 -0.0023
372 0.0175 0 -0.00163012701892219
373 -0.025 0 0.0027
374 -0.0243301270189222 0 0.0052
375 -0.0225 0 0.00703012701892219
376 -0.0205 0 0.00356602540378444
377 -0.0208660254037844 0 0.0032
378 -0.021 0 0.0027
379 -0.0208660254037844 0 0.0022
380 -0.0205 0 0.00183397459621556
381 -0.02 0 0.0017
382 -0.0195 0 0.00183397459621557
383 -0.0191339745962156 0 0.0022
384 -0.025 -0.0002 0.0027
385 -0.0243301270189222 -0.0002 0.0052
386 -0.0225 -0.0002 0.00703012701892219
387 -0.0205 -0.0002 0.00356602540378444
388 -0.0208660254037844 -0.0002 0.0032
389 -0.021 -0.0002 0.0027
390 -0.0208660254037844 -0.0002 0.0022
391 -0.0205 -0.0002 0.00183397459621556
392 -0.02 -0.0002 0.0017
393 -0.0195 -0.0002 0.00183397459621557
394 -0.0191339745962156 -0.0002 0.0022
395 -0.0175 -0.0002 -0.00163012701892219
396 -0.02 -0.0002 -0.0023
397 -0.0225 -0.0002 -0.0016301270189222
398 -0.0175 0 -0.00163012701892219
399 -0.02 0 -0.0023
400 -0.0225 0 -0.0016301270189222
401 -0.0706698729810778 0.0775 0
402 -0.0725 0.0793301270189222 0
403 -0.075 0.08 0
404 -0.0775 0.0793301270189222 0
405 -0.0793301270189222 0.0775 0
406 -0.08 0.075 0
407 -0.0793301270189222 0.0725 0
408 -0.0775 0.0706698729810778 0
409 -0.08500000000000001 0.0576794919243112 0
410 -0.0923205080756888 0.065 0
411 -0.095 0.075 0
412 -0.0923205080756888 0.08500000000000001 0
413 -0.08500000000000001 0.0923205080756888 0
414 -0.075 0.095 0
415 -0.065 0.0923205080756888 0
416 -0.0576794919243112 0.08500000000000001 0
417 -0.0706698729810778 0.0775 0.0002
418 -0.0725 0.0793301270189222 0.0002
419 -0.075 0.08 0.0002
420 -0.0775 0.0793301270189222 0.0002
421 -0.0793301270189222 0.0775 0.0002
422 -0.08 0.075 0.0002
423 -0.0793301270189222 0.0725 0.0002
424 -0.0775 0.0706698729810778 0.0002
425 -0.08500000000000001 0.0576794919243112 0.0002
426 -0.0923205080756888 0.065 0.0002
427 -0.095 0.075 0.0002
428 -0.0923205080756888 0.08500000000000001 0.0002
429 -0.08500000000000001 0.0923205080756888 0.0002
430 -0.075 0.095 0.0002
431 -0.065 0.0923205080756888 0.0002
432 -0.0576794919243112 0.08500000000000001 0.0002
433 0.0923205080756888 0.065 0
434 0.095 0.075 0
435 0.08500000000000001 0.0576794919243112 0
436 0.0775 0.0706698729810778 0
437 0.0793301270189222 0.0725 0
438 0.08 0.075 0
439 0.0793301270189222 0.0775 0
440 0.0775 0.0793301270189222 0
441 0.075 0.08 0
442 0.0725 0.0793301270189222 0
443 0.0706698729810778 0.0775 0
444 0.0576794919243112 0.08500000000000001 0
445 0.065 0.0923205080756888 0
446 0.075 0.095 0
447 0.08500000000000001 0.0923205080756888 0
448 0.0923205080756888 0.08500000000000001 0
449 0.0923205080756888 0.065 0.0002
450 0.095 0.075 0.0002
451 0.08500000000000001 0.0576794919243112 0.0002
452 0.0775 0.0706698729810778 0.0002
453 0.0793301270189222 0.0725 0.0002
454 0.08 0.075 0.0002
455 0.0793301270189222 0.0775 0.0002
456 0.0775 0.0793301270189222 0.0002
457 0.075 0.08 0.0002
458 0.0725 0.0793301270189222 0.0002
459 0.0706698729810778 0.0775 0.0002
460 0.0576794919243112 0.08500000000000001 0.0002
461 0.065 0.0923205080756888 0.0002
462 0.075 0.095 0.0002
463 0.08500000000000001 0.0923205080756888 0.0002
464 0.0923205080756888 0.08500000000000001 0.0002
465 0.0923205080756888 -0.08500000000000001 0
466 0.095 -0.075 0
467 0.08500000000000001 -0.0923205080756888 0
468 0.075 -0.095 0
469 0.065 -0.0923205080756888 0
470 0.0576794919243112 -0.08500000000000001 0
471 0.0706698729810778 -0.0775 0
472 0.0725 -0.0793301270189222 0
473 0.075 -0.08 0
474 0.0775 -0.0793301270189222 0
475 0.0793301270189222 -0.0775 0
476 0.08 -0.075 0
477 0.0793301270189222 -0.0725 0
478 0.0775 -0.0706698729810778 0
479 0.08500000000000001 -0.0576794919243112 0
480 0.0923205080756888 -0.065 0
481 0.0923205080756888 -0.08500000000000001 0.0002
482 0.095 -0.075 0.0002
483 0.08500000000000001 -0.0923205080756888 0.0002
484 0.075 -0.095 0.0002
485 0.065 -0.0923205080756888 0.0002
486 0.0576794919243112 -0.08500000000000001 0.0002
487 0.0706698729810778 -0.0775 0.0002
488 0.0725 -0.0793301270189222 0.0002
489 0.075 -0.08 0.0002
490 0.0775 -0.0793301270189222 0.0002
491 0.0793301270189222 -0.0775 0.0002
492 0.08 -0.075 0.0002
493 0.0793301270189222 -0.0725 0.0002
494 0.0775 -0.0706698729810778 0.0002
495 0.08500000000000001 -0.0576794919243112 0.0002
496 0.0923205080756888 -0.065 0.0002
497 -0.0576794919243112 -0.08500000000000001 0
498 -0.065 -0.0923205080756888 0
499 -0.075 -0.095 0
500 -0.08500000000000001 -0.0923205080756888 0
501 -0.0923205080756888 -0.08500000000000001 0
502 -0.095 -0.075 0
503 -0.0923205080756888 -0.065 0
504 -0.08500000000000001 -0.0576794919243112 0
505 -0.0775 -0.0706698729810778 0
506 -0.0793301270189222 -0.0725 0
507 -0.08 -0.075 0
508 -0.0793301270189222 -0.0775 0
509 -0.0775 -0.0793301270189222 0
510 -0.075 -0.08 0
511 -0.0725 -0.0793301270189222 0
512 -0.0706698729810778 -0.0775 0
513 -0.0576794919243112 -0.08500000000000001 0.0002
514 -0.065 -0.0923205080756888 0.0002
515 -0.075 -0.095 0.0002
516 -0.08500000000000001 -0.0923205080756888 0.0002
517 -0.0923205080756888 -0.08500000000000001 0.0002
518 -0.095 -0.075 0.0002
519 -0.0923205080756888 -0.065 0.0002
520 -0.08500000000000001 -0.0576794919243112 0.0002
521 -0.0775 -0.0706698729810778 0.0002
522 -0.0793301270189222 -0.0725 0.0002
523 -0.08 -0.075 0.0002
524 -0.0793301270189222 -0.0775 0.0002
525 -0.0775 -0.0793301270189222 0.0002
526 -0.075 -0.08 0.0002
527 -0.0725 -0.0793301270189222 0.0002
528 -0.0706698729810778 -0.0775 0.0002
529 0.001692820323027551 -0.0001999999999999997 0.0023
530 0.0014 -0.0001999999999999997 0.002007179676972449
531 0.001692820323027551 2.710505431213761e-19 0.0023
532 0.0014 2.710505431213761e-19 0.002007179676972449
533 -0.0014 -0.0001999999999999997 0.002007179676972449
534 -0.001692820323027551 -0.0001999999999999997 0.0023
535 -0.0014 2.710505431213761e-19 0.002007179676972449
536 -0.001692820323027551 2.710505431213761e-19 0.0023
537 -0.15 -0.15 -0.05999999999999998
538 -0.15 -0.15 -0.01000000000000002
539 -0.15 -0.15 0.03999999999999999
540 -0.15 -0.15 0.08999999999999993
541 -0.15 -0.15 0.14
542 0.15 -0.15 -0.05999999999999998
543 0.15 -0.15 -0.01000000000000002
544 0.15 -0.15 0.03999999999999999
545 0.15 -0.15 0.08999999999999993
546 0.15 -0.15 0.14
547 -0.09999999999999998 -0.15 -0.11
548 -0.05000000000000002 -0.15 -0.11
549 0 -0.15 -0.11
550 0.04999999999999993 -0.15 -0.11
551 0.09999999999999998 -0.15 -0.11
552 -0.09999999999999998 -0.15 0.19
553 -0.05000000000000002 -0.15 0.19
554 0 -0.15 0.19
555 0.04999999999999993 -0.15 0.19
556 0.09999999999999998 -0.15 0.19
557 -0.15 0.15 -0.05999999999999998
558 -0.15 0.15 -0.01000000000000002
559 -0.15 0.15 0.03999999999999999
560 -0.15 0.15 0.08999999999999993
561 -0.15 0.15 0.14
562 -0.15 0.09999999999999998 -0.11
563 -0.15 0.05000000000000002 -0.11
564 -0.15 0 -0.11
565 -0.15 -0.04999999999999993 -0.11
566 -0.15 -0.09999999999999998 -0.11
567 -0.15 0.09999999999999998 0.19
568 -0.15 0.05000000000000002 0.19
569 -0.15 0 0.19
570 -0.15 -0.04999999999999993 0.19
571 -0.15 -0.09999999999999998 0.19
572 0.15 0.15 -0.05999999999999998
573 0.15 0.15 -0.01000000000000002
574 0.15 0.15 0.03999999999999999
575 0.15 0.15 0.08999999999999993
576 0.15 0.15 0.14
577 0.15 -0.09999999999999998 -0.11
578 0.15 -0.05000000000000002 -0.11
579 0.15 0 -0.11
580 0.15 0.04999999999999993 -0.11
581 0.15 0.09999999999999998 -0.11
582 0.15 -0.09999999999999998 0.19
583 0.15 -0.05000000000000002 0.19
584 0.15 0 0.19
585 0.15 0.04999999999999993 0.19
586 0.15 0.09999999999999998 0.19
587 0.09999999999999998 0.15 -0.11
588 0.05000000000000002 0.15 -0.11
589 0 0.15 -0.11
590 -0.04999999999999993 0.15 -0.11
591 -0.09999999999999998 0.15 -0.11
592 0.09999999999999998 0.15 0.19
593 0.05000000000000002 0.15 0.19
594 0 0.15 0.19
595 -0.04999999999999993 0.15 0.19
596 -0.09999999999999998 0.15 0.19
597 -0.01833333333333343 -0.075 0
598 0.01833333333333326 -0.075 0
599 -0.01833333333333343 -0.075 0.0002
600 0.01833333333333326 -0.075 0.0002
601 -0.075 0.01833333333333343 0
602 -0.075 -0.01833333333333326 0
603 -0.075 0.01833333333333343 0.0002
604 -0.075 -0.01833333333333326 0.0002
605 0.075 -0.01833333333333343 0
606 0.075 0.01833333333333326 0
607 0.075 -0.01833333333333343 0.0002
608 0.075 0.01833333333333326 0.0002
609 0.01833333333333343 0.075 0
610 -0.01833333333333326 0.075 0
611 0.01833333333333343 0.075 0.0002
612 -0.01833333333333326 0.075 0.0002
613 -0.1023898098553384 -0.15 0.06322955387814817
614 0.02445328705021615 -0.15 0.1447472057173742
615 0.02459134911936114 -0.15 -0.06693466450671952
616 0.09952088532601558 -0.15 0.06424477184036533
617 -0.1047151376279604 -0.15 -0.03040871904712993
618 0.1071073806914169 -0.15 -0.03665154287158984
619 -0.07128773241457299 -0.15 0.1446075729569306
620 -0.02465945759946767 -0.15 -0.06697398695604306
621 -1.135141335109613e-05 -0.15 -0.02348265826175729
622 0.05746175680579133 -0.15 -0.01933593359043978
623 0.02499999999999999 -0.15 0.01990381056766564
624 -0.02500189190222514 -0.15 0.01988961079429884
625 -3.153170375358449e-07 -0.15 0.06231983991019079
626 -0.0490833328549056 -0.15 0.06229984286712166
627 -0.02412726483900379 -0.15 0.1082253725708948
628 -0.0746160871977565 -0.15 0.01776880481181374
629 0.04999999999999996 -0.15 0.06320508075688754
630 -0.05025867007615466 -0.15 -0.02522021444087402
631 0.1050646862565651 -0.15 0.01053085888401412
632 0.1077382454352217 -0.15 0.1156238974190705
633 0.07579226932978342 -0.15 0.1489075521577792
634 0.0746039730424912 -0.15 -0.06902309663782488
635 -0.1087687372754433 -0.15 0.1146785601049706
636 -0.07346978002904048 -0.15 -0.06898509419440793
637 0.02345526996771208 -0.15 0.09601559263105362
638 -0.02419234204067211 -0.15 0.15551603024904
639 -0.07113137544785281 -0.15 0.09860818047561316
640 0.06349332618482481 -0.15 0.1054573500870884
641 -0.1165063509461096 -0.15 0.015
642 0.06658739369615127 -0.15 0.02565199884774765
643 -0.1133974596215561 -0.15 -0.07339745962155614
644 -0.1133974596215562 -0.15 0.1533974596215562
645 0.1133974596215561 -0.15 -0.07339745962155618
646 0.1133974596215562 -0.15 0.1533974596215562
647 -0.15 -0.02453990004917134 0.145572848964095
648 -0.15 -0.02322955387814821 -0.06238980985533833
649 -0.15 0.1069346645067195 0.06459134911936114
650 -0.15 -0.1066987298107781 0.06499999999999996
651 -0.15 0.1078151847792411 -0.03306624327025931
652 -0.15 -0.1046075729569306 -0.03128773241457297
653 -0.15 0.07040871904712995 0.1447151376279604
654 -0.15 0.1069241280881788 0.01525418430818364
655 -0.15 0.06347434845044658 0.03997425557125749
656 -0.15 0.0648540748092319 0.09030480617245772
657 -0.15 0.02035177343509537 0.06504651029061918
658 -0.15 0.0201516015709429 0.01500346097697951
659 -0.15 -0.02227037384885702 0.04000832854459983
660 -0.15 -0.02228472979602578 -0.009081000064765199
661 -0.15 -0.0665063509461094 0.01500000000000019
662 -0.15 0.02107203952331357 -0.03382894998153886
663 -0.15 -0.02249225763787008 0.09126782416615935
664 -0.15 0.02164443621928794 0.1154063664485001
665 -0.15 -0.06715558738271482 0.1095193760284281
666 -0.15 0.06380579367227986 -0.009443882065896206
667 -0.15 0.06872721108519868 -0.0637489836979086
668 -0.15 -0.07467856010497062 -0.06876873727544329
669 -0.15 0.1089368248990549 0.1134671642690638
670 -0.15 -0.05702465992526587 0.06415910574783747
671 -0.15 -0.1155625307427636 0.01574245351708543
672 -0.15 -0.1124498309001064 0.1149999999999999
673 -0.15 -0.05826135353643694 -0.03130545592202393
674 -0.15 0.02413976497248616 -0.07624471715062364
675 -0.15 0.02350265104344931 0.1571388706081111
676 -0.15 -0.07798238260590171 0.1506402003826568
677 -0.15 0.1133974596215561 -0.07339745962155614
678 -0.15 -0.1133974596215561 -0.07339745962155618
679 -0.15 0.1133974596215562 0.1533974596215562
680 -0.15 -0.1137489773034178 0.1537489773034178
681 0.15 0.0221796510103805 0.1416519649958339
682 0.15 0.02322955387814821 -0.06238980985533833
683 0.15 -0.1069346645067195 0.06459134911936114
684 0.15 0.1019032745106219 0.05967692613444887
685 0.15 -0.1078151847792411 -0.03306624327025938
686 0.15 0.1046075729569306 -0.03128773241457294
687 0.15 -0.07665154287158983 0.1471073806914169
688 0.15 -0.1069241280881788 0.01525418430818358
689 0.15 -0.0634743484504466 0.03997425557125743
690 0.15 -0.05933474647453826 0.09745970066073538
691 0.15 -0.0200961894323344 0.06500000000000002
692 0.15 -0.02010900423714942 0.01499570926187632
693 0.15 0.0220230799269841 0.0379556987005031
694 0.15 0.02225061369801254 -0.009424396991298503
695 0.15 0.06916536686970889 0.01393585690219851
696 0.15 -0.02107062598401685 -0.03388747475514502
697 0.15 0.0232050807568874 0.09000000000000009
698 0.15 -0.02981313006833314 0.1454195235106922
699 0.15 0.1008742939215107 0.1145201880285567
700 0.15 -0.06379845852676483 -0.009454928147347844
701 0.15 -0.0687259612730827 -0.06375892239148828
702 0.15 0.07254809471616716 0.1481143379864265
703 0.15 0.07467856010497062 -0.06876873727544328
704 0.15 -0.1090229553145033 0.1146037282633179
705 0.15 0.06807610500071201 0.08908077183393683
706 0.15 0.1151352428674522 0.0144650101244149
707 0.15 0.06033583110388716 -0.02939317590792351
708 0.15 -0.02413949320193379 -0.07625170321870384
709 0.15 -0.01507214207425103 0.1062980947161671
710 0.15 -0.1133974596215561 -0.07339745962155614
711 0.15 -0.1133974596215562 0.1533974596215562
712 0.15 0.1133974596215561 -0.07339745962155618
713 0.15 0.1133974596215562 0.1533974596215562
714 0.15 0.05942716077150417 0.05273848294114171
715 0.15 0.05160695927550299 0.1194688513369649
716 0.02445328705021616 -0.1047472057173742 -0.11
717 -0.1051851937522286 0.02933628273532905 -0.11
718 0.025 0.1066987298107781 -0.11
719 0.1051851937522286 0.029336282735329 -0.11
720 -0.109310921910507 -0.07623605115799237 -0.11
721 -0.07478813153595613 0.1076613977472084 -0.11
722 0.1083486063607967 -0.07568811750067206 -0.11
723 -0.02496468858932599 0.1068591744668498 -0.11
724 5.885235112322584e-06 0.06342420039756819 -0.11
725 0.05780050166999063 0.05912490985388651 -0.11
726 0.02499999999999993 0.02009618943233434 -0.11
727 -0.02354870158017581 0.01926330500198912 -0.11
728 0.0002418830699706138 -0.02246102061080946 -0.11
729 0.04999999999999984 -0.02320508075688757 -0.11
730 -0.04801461149275283 -0.02356579676327988 -0.11
731 -0.01786946039189678 -0.06492347645452548 -0.11
732 -0.09937040682728886 -0.02387946845867039 -0.11
733 0.09954036253908252 -0.02372360537827154 -0.11
734 0.07536669211547387 0.1076831528667066 -0.11
735 -0.0575561804178811 0.05916637101990895 -0.11
736 0.1084790783722229 0.07543538480908087 -0.11
737 0.07586493134473279 -0.1089151974055889 -0.11
738 -0.1083811162494102 0.07543773076700042 -0.11
739 -0.07745783076702011 -0.1106078198578053 -0.11
740 -0.02820221343776082 -0.1094505250685403 -0.11
741 0.02475527053453508 -0.05538344954790353 -0.11
742 -0.06504263895601847 -0.06500146164039598 -0.11
743 0.06382707630489383 -0.06527710938444961 -0.11
744 0.06661231714330505 0.01435723086616755 -0.11
745 -0.06673501881406545 0.01206413870705537 -0.11
746 -0.1133974596215561 0.1133974596215561 -0.11
747 0.1133974596215561 0.1133974596215561 -0.11
748 0.1133974596215561 -0.1133974596215561 -0.11
749 -0.1136520367722472 -0.1136520367722472 -0.11
750 0.02459134911936118 -0.1069346645067195 0.19
751 0.1023898098553384 0.02322955387814815 0.19
752 -0.09952088532601555 0.02424477184036532 0.19
753 -0.02445328705021616 0.1047472057173742 0.19
754 -0.1071073806914169 -0.07665154287158978 0.19
755 0.1047151376279603 -0.07040871904712992 0.19
756 0.07128773241457298 0.1046075729569306 0.19
757 -0.02465945759946764 -0.1069739869560431 0.19
758 -1.13514133510649e-05 -0.06348265826175731 0.19
759 -0.0574747298496211 -0.05934155108320026 0.19
760 -0.02499999999999995 -0.0200961894323344 0.19
761 0.02499810809777481 -0.02011038920570125 0.19
762 -3.153170374930551e-07 0.02231983991019072 0.19
763 -0.04999999999999988 0.02320508075688747 0.19
764 0.04908259711515137 0.02229984286712159 0.19
765 0.0241271652490746 0.06822537257089478 0.19
766 0.07461533394038906 -0.02223119518818629 0.19
767 -0.1050668484305368 -0.02947007736477926 0.19
768 -0.1077382454352216 0.07562389741907044 0.19
769 0.05024277868138356 -0.06521366069932011 0.19
770 0.1087687372754433 0.07467856010497058 0.19
771 -0.0757922693297834 0.1089075521577791 0.19
772 0.07345978004393597 -0.108979632743113 0.19
773 -0.07461362560486461 -0.1090284466309301 0.19
774 0.02419232212268629 0.1155160302490399 0.19
775 -0.02345541601251291 0.05601559263105357 0.19
776 0.07113120838191611 0.05860818047561314 0.19
777 -0.06349335052562492 0.06545735008708836 0.19
778 0.1165063509461096 -0.02500000000000002 0.19
779 -0.06658818166042664 -0.01434834235079226 0.19
780 -0.1133974596215561 -0.1133974596215561 0.19
781 0.1133974596215561 -0.1133974596215561 0.19
782 -0.1133974596215561 0.1133974596215561 0.19
783 0.1133974596215561 0.1133974596215561 0.19
784 -0.0221796510103805 0.15 0.1416519649958339
785 -0.02322955387814821 0.15 -0.06238980985533833
786 0.1069346645067195 0.15 0.06459134911936114
787 -0.1019032745106219 0.15 0.05967692613444887
788 0.1078151847792411 0.15 -0.03306624327025938
789 -0.1046075729569306 0.15 -0.03128773241457294
790 0.07665154287158983 0.15 0.1471073806914169
791 0.1069241280881788 0.15 0.01525418430818358
792 0.0634743484504466 0.15 0.03997425557125743
793 0.05933474647453826 0.15 0.09745970066073538
794 0.0200961894323344 0.15 0.06500000000000002
795 0.02010900423714942 0.15 0.01499570926187632
796 -0.0220230799269841 0.15 0.0379556987005031
797 -0.02225061369801254 0.15 -0.009424396991298503
798 -0.06916536686970889 0.15 0.01393585690219851
799 0.02107062598401685 0.15 -0.03388747475514502
800 -0.0232050807568874 0.15 0.09000000000000009
801 0.02981313006833314 0.15 0.1454195235106922
802 -0.1008742939215107 0.15 0.1145201880285567
803 0.06379845852676483 0.15 -0.009454928147347844
804 0.0687259612730827 0.15 -0.06375892239148828
805 -0.07254809471616716 0.15 0.1481143379864265
806 -0.07467856010497062 0.15 -0.06876873727544328
807 0.1090229553145033 0.15 0.1146037282633179
808 -0.06807610500071201 0.15 0.08908077183393683
809 -0.1151352428674522 0.15 0.0144650101244149
810 -0.06033583110388716 0.15 -0.02939317590792351
811 0.02413949320193379 0.15 -0.07625170321870384
812 0.01507214207425103 0.15 0.1062980947161671
813 0.1133974596215561 0.15 -0.07339745962155614
814 -0.1133974596215561 0.15 -0.07339745962155618
815 0.1133974596215562 0.15 0.1533974596215562
816 -0.1133974596215562 0.15 0.1533974596215562
817 -0.05942716077150417 0.15 0.05273848294114171
818 -0.05160695927550299 0.15 0.1194688513369649
819 -0.0727870884204619 -0.0727870884204619 0
820 -0.07165063509461086 -0.0625 0
821 -0.06250000000000001 -0.07165063509461096 0
822 -0.06648224367686313 -0.06667160368497368 0
823 -0.06963953907541214 -0.06994251508838902 0
824 -0.0710544835693772 -0.0679567983508881 0
825 -0.06785833114667061 -0.07115295077359472 0
826 0.05499999999999999 0.055 0
827 -0.05487859329920011 0.05475981307771551 0
828 -0.055 -0.055 0
829 0.05489089484187261 -0.0547252010842451 0
830 0.007689213558517752 0.001650160330226706 0
831 -0.007702771127857539 0.00134038403996101 0
832 0.007631670828218502 -0.001648253923003854 0
833 -0.008111862277205034 -0.0004920473684304571 0
834 -0.009562908663589898 0.0005657652373450388 0
835 -0.009245212362960397 0.002316332154770936 0
836 -0.009752874868520708 -0.001016184938521258 0
837 -0.01057466109712085 0.00178763408471064 0
838 -0.01055704254270666 0.003212002472359354 0
839 -0.009257610891611992 0.003917463921759863 0
840 -0.01065386440702357 0.004779107390120487 0
841 -0.0120866297632334 0.003687815323710621 0
842 -0.01220120033224824 0.005540628872564215 0
843 -0.01356207449859377 0.00452804058342739 0
844 -0.0138891661021187 0.006357890569738813 0
845 -0.01358986288306026 0.00282416746784597 0
846 -0.01469446417497135 0.003562567601832864 0
847 -0.01471534685934343 0.00235999058684708 0
848 -0.01560995612590623 0.002755325118380171 0
849 -0.01583265341489453 0.003831917080531543 0
850 -0.01662121807351591 0.003113353080434908 0
851 -0.01695466898644551 0.00419678627671497 0
852 -0.01777069896854563 0.003272119637692866 0
853 -0.01815513849902472 0.00455166626482731 0
854 -0.01898128142045336 0.003621007788345826 0
855 -0.01939971620275764 0.004918915241908824 0
856 -0.01872293272906618 0.002482881887146176 0
857 -0.0196987161385061 0.002797282318797038 0
858 -0.01954850955811932 0.001944694146505659 0
859 -0.02029890752863688 0.002176093553800425 0
860 -0.02005062641795416 0.001452664322360321 0
861 -0.01951343786630196 0.001180706333124057 0
862 -0.01994283558727914 0.0008157344863018763 0
863 -0.0193305019620706 0.0007022409368734612 0
864 -0.01973603033919068 0.000441826937351971 0
865 -0.02039300624124834 0.001019909820290776 0
866 -0.01902611748903499 0.001011927712170067 0
867 -0.01897210249042988 0.0005789842296697288 0
868 -0.01865328972269368 0.0008048628836849938 0
869 -0.0186179265230644 0.0004269208177808285 0
870 -0.01831758860181433 0.0006225600465043318 0
871 -0.01830706945832845 0.0003560366538869375 0
872 -0.0186233815199038 0.0001334285121348704 0
873 -0.01800746304375986 0.0004789738289415486 0
874 -0.01778483077057961 0.0002373781333031829 0
875 -0.01770999171179648 0.000409682777482345 0
876 -0.02060440550720275 0.002988416553932363 0
877 -0.02117278799026644 0.002299174884164521 0
878 -0.01802941435867338 0.0008068503041912659 0
879 -0.01341386123270741 0.001627407010649758 0
880 -0.01441932524660954 0.001276763290146628 0
881 -0.01636619285282548 0.002131841267331697 0
882 -0.01718367624775953 0.005548274702760271 0
883 0.04908210595086722 -0.06128605130564339 0
884 0.04380311366058302 -0.05121287715498487 0
885 -0.06103869458787823 -0.04921252920409656 0
886 -0.05129074986130233 -0.0445420368789033 0
887 0.06103619069437958 0.04921200658824127 0
888 0.05128841801167739 0.04454321472532702 0
889 -0.04910762823236878 0.0612444754739077 0
890 -0.04380141807815684 0.05121104592285189 0
891 -0.01856515017741522 0.001252087989201263 0
892 -0.002329234934204526 0.04064137638070246 0
893 -0.001200204301078479 0.00794301365999435 0
894 -0.01203596370060534 0.007585256890398041 0
895 -0.01446596013339064 0.008697137169321158 0
896 -0.009105282845310748 0.00583045084671082 0
897 0.0006376940534361008 -0.04405003554455908 0
898 0.001628631899842634 -0.008161763576429028 0
899 -0.01250384401853557 0.002280167941278347 0
900 -0.01263227919662658 0.001206208587297622 0
901 -0.01778144004823719 0.002308194312531477 0
902 -0.02028272902140977 0.0005653383958176624 0
903 -0.02063516778729138 0.0006476572312336447 0
904 -0.02053930405359398 0.0003766837865411951 0
905 -0.02083174924102886 0.0003771739265701995 0
906 -0.02073833094342716 8.593321538083878e-05 0
907 -0.02098949938953798 0.0002572595974167908 0
908 -0.0211105161101489 0.0004188679988299223 0
909 -0.02118855265676577 0.0002467531856044316 0
910 -0.02137258901189533 0.0004433858577069102 0
911 -0.02154870984507915 0.0001973357268736048 0
912 -0.02166448404954423 0.0004542840962763499 0
913 -0.02122282949279589 0.0006707605490813415 0
914 -0.0202796420798323 0.0003177797462491964 0
915 -0.02082084114571416 0.00105632110247699 0
916 -0.01898528017711647 0.0003043749230831941 0
917 -0.01094180776680768 0.0005853364752488021 0
918 -0.01124764666012374 -0.001173215557020158 0
919 0.0456012193845485 0.05128048251473887 0
920 0.04017440747034513 0.04218140745985064 0
921 0.04579983878699886 0.03486146321089988 0
922 0.03466924514969499 0.03202175358844726 0
923 0.004390729529965326 0.006149518658925047 0
924 0.04296028828196861 0.02455876974410381 0
925 0.03389955512469811 0.0197350095843008 0
926 0.0400928247717542 0.01274602647806248 0
927 0.02750193116176443 0.02551590505694327 0
928 0.02925106652281394 0.04197091125263788 0
929 0.03224314886570571 0.009132580715248096 0
930 0.006519461211311368 0.005272620381338726 0
931 0.006551316554674716 0.007696375819139029 0
932 0.008848815778943322 0.00641835075787369 0
933 0.008933412823791191 0.009288353870297375 0
934 0.01177652165511379 0.007358601750735855 0
935 0.005031662232573251 0.01046352838019327 0
936 0.01168465998636242 0.01104817291963976 0
937 0.01452215348499738 0.009102659281800868 0
938 0.01437052177107758 0.006076269062910706 0
939 0.01672763002168861 0.006912175037645984 0
940 0.01678675704165143 0.004473795783941067 0
941 0.01888662640044185 0.005499404399427086 0
942 0.01878426930167477 0.00315974367617921 0
943 0.02044200505566706 0.004531263946468766 0
944 0.02036201494756341 0.002538232313649229 0
945 0.01969522848869042 0.008395792104293831 0
946 0.01448389598791638 0.003706744059347309 0
947 0.01705102353209788 0.002630040942460241 0
948 0.01571322267208522 0.01311561238666687 0
949 0.01102870310530337 0.01525941029416559 0
950 0.002413289880995478 0.007943952460118898 0
951 0.0006673269940402437 0.01127191682377169 0
952 -0.04560033945395426 -0.05127897943296294 0
953 -0.04017318491832182 -0.04217645936421847 0
954 -0.04580389995971557 -0.03485754315498079 0
955 -0.03485270725944969 -0.03198131576831806 0
956 -0.004490267409064662 -0.006338861434835367 0
957 -0.04392301786935646 -0.02246386344429959 0
958 -0.0334115718568815 -0.01941833457267629 0
959 -0.041232294946719 -0.01261157654992857 0
960 -0.02751724841368993 -0.02581630965566303 0
961 -0.03005927789412919 -0.04204348646167516 0
962 -0.03099550599943066 -0.009871040904216557 0
963 -0.00629371297891143 -0.004747206218629352 0
964 -0.006877613999625246 -0.006696183701831815 0
965 -0.005085489334600964 -0.009156616562634104 0
966 -0.008697100117245426 -0.005320745978005111 0
967 -0.009349570367567343 -0.007899018246810992 0
968 -0.0111878378783149 -0.00651099257031777 0
969 -0.008500242291404256 -0.01151691902563049 0
970 -0.004380953156647334 -0.01268268997766226 0
971 -0.01177016960146135 -0.009469122868691093 0
972 -0.01372196953350759 -0.006838785334046936 0
973 -0.01508900716846749 -0.01061112145863968 0
974 -0.01822462975096265 -0.00892432223014903 0
975 -0.01726442983935986 -0.005157842148712596 0
976 -0.01996605086481249 -0.006155426199876416 0
977 -0.01944429416689697 -0.003350063621277106 0
978 -0.02104037119763935 -0.009491272276087596 0
979 -0.02303644221613608 -0.006839220694786687 0
980 -0.02436834045807519 -0.009821328577712621 0
981 -0.02168894465327685 -0.01351839886716205 0
982 -0.01386925761494735 -0.00462101571088711 0
983 -0.01143049299676992 -0.003578170323836261 0
984 -0.008617862136640606 -0.00215815084189878 0
985 -0.01927140189063821 0.0004502347940534487 0
986 0.01093653179585237 0.004792002766994828 0
987 -0.001707204239668922 -0.007641316137152003 0
988 -0.05054987112745937 0.04437379371564643 0
989 -0.04020202305710106 0.0392378179081078 0
990 -0.03304233463686236 0.04587320885118001 0
991 -0.02895630211438796 0.03400520215531776 0
992 -0.03703308071624271 0.0280106102416819 0
993 -0.02471172629492956 0.02707739316404287 0
994 -0.03177250440891025 0.01913517169095477 0
995 -0.05128770454031197 0.02799220468188952 0
996 -0.04554809204569007 0.01656625339427618 0
997 0.05125617127639788 -0.04216478526237327 0
998 0.03884044954466552 -0.03868477381531102 0
999 0.03273804242205235 -0.04616773216604064 0
1000 0.02824491807438811 -0.0343891231043156 0
1001 0.03499978595982717 -0.02729362533004139 0
1002 0.02452113512339598 -0.02595420040702348 0
1003 0.03044318037991594 -0.02059940204146232 0
1004 -0.006273092951563952 0.004555669125368376 0
1005 -0.007207105198652833 0.006616996070360999 0
1006 -0.01198641934427224 0.0103185182759889 0
1007 -0.01507638406646692 0.01180902286390042 0
1008 -0.01092885437378529 0.01371880990001114 0
1009 -0.01757767880739143 0.009365321528924067 0
1010 -0.01847911853106063 0.01307894973027865 0
1011 -0.02136178416685173 0.01039060949486881 0
1012 -0.02148814358323744 0.003133587793387984 0
1013 -0.02206992205680682 0.002424978121007951 0
1014 -0.02241367487191613 0.003329677702540885 0
1015 -0.02299896261484871 0.002602959560833771 0
1016 -0.0234057299973725 0.003551438383159789 0
1017 -0.0226768765589612 0.004458770538303554 0
1018 -0.02400102834956549 0.00473788203553239 0
1019 -0.02270382945158897 0.001699155055271555 0
1020 -0.02346544155808974 0.001897619927931243 0
1021 -0.02324075045599284 0.001141906179063686 0
1022 -0.02390732020179466 0.001253521358791232 0
1023 -0.02365944343893868 0.0007013784833819228 0
1024 -0.02185656847830137 0.0002461974330199385 0
1025 -0.02300173493568647 0.0006829533008662575 0
1026 -0.02198542863658172 0.0004858969643308081 0
1027 -0.02214182925189253 0.0003386973401710314 0
1028 -0.02337623200026817 0.0003816527248920994 0
1029 -0.02177643268852066 0.0007640015599620148 0
1030 -0.02212696343716106 0.0007887296148470584 0
1031 -0.02191419661532601 0.001156824671794543 0
1032 -0.02210526480787227 0.01429852571069789 0
1033 -0.02458754024607243 0.01201751488683315 0
1034 -0.01843835675600219 0.01817104269183062 0
1035 -0.02303115743324146 0.005929503161140438 0
1036 -0.02481298442695396 0.006498680254545278 0
1037 -0.02575997409251532 0.004446344376740414 0
1038 -0.02712153678959851 0.006433905404064003 0
1039 -0.02877760289863172 0.003459754860734124 0
1040 -0.03000194378582188 0.007838456365551007 0
1041 -0.03353126852042618 0.004118587909563283 0
1042 -0.03097350329295554 -0.0001605945573040123 0
1043 -0.02419698081599428 0.001889017418394598 0
1044 -0.02090940759499509 0.003895124843528585 0
1045 -0.02272632322266861 0.001018071314789351 0
1046 -0.02265771279749938 0.0005841724340276365 0
1047 -0.02291734819849401 0.0004157676690203096 0
1048 -0.02269672038310207 0.0003599413367636989 0
1049 -0.01909590180937694 0.03084877395657651 0
1050 0.00880962917927483 0.003834397223308467 0
1051 0.01075704076937371 0.002743132988938948 0
1052 -0.02613564853858903 0.01613810902501022 0
1053 -0.02674652142364254 -0.01326169419814986 0
1054 0.04711067401859038 -0.0300312831790926 0
1055 0.03962947172860295 -0.0192276710026031 0
1056 0.03595232314985296 -0.009929441881904148 0
1057 0.02727089679774371 -0.01249769773376496 0
1058 0.04332647756230874 -0.009827332025377163 0
1059 0.03758179665571844 -0.001309592156449686 0
1060 0.03080656635965125 -0.00465000315420877 0
1061 0.05310945165311481 -0.01881752618935083 0
1062 0.05192729627695974 0.0003251498986405405 0
1063 -0.01970574676526116 0.007675619127616307 0
1064 0.01264910482576338 0.00317502220002539 0
1065 0.01206088114409768 0.001583515413190626 0
1066 0.01067002446369962 0.001072126130252329 0
1067 0.01186466350845216 0.0002692507083411556 0
1068 0.0130300166122049 0.0006676524024173142 0
1069 0.01294711752439901 -0.0004032197961894529 0
1070 0.01181867331452226 -0.0008356002941275791 0
1071 0.01265698655795902 -0.001402333761474367 0
1072 0.01169732380004088 -0.001965887511231698 0
1073 0.01264003175414679 -0.002625096261965854 0
1074 0.01156775788913897 -0.003345737987757514 0
1075 0.01281304962996533 -0.004184419812074563 0
1076 0.01127133893164559 -0.00497268644406895 0
1077 0.0127512429613713 -0.006181936738378667 0
1078 0.0147464672764332 -0.00501021926581382 0
1079 0.01488316831694145 -0.007336181413513406 0
1080 0.01655681667175592 -0.005681293229361631 0
1081 0.01243099006920827 -0.008768549800395833 0
1082 0.01528226373026164 -0.01030239538747619 0
1083 0.01230645962203727 -0.01213134792499712 0
1084 0.01343212355915796 -0.00109377476984616 0
1085 0.01674408423913944 -0.004137768445176713 0
1086 0.01811940200885113 -0.004537479032907498 0
1087 0.01818776903602786 -0.003043885911208082 0
1088 0.01946475358207935 -0.003410380771444424 0
1089 0.01944362154386777 -0.002277051029615932 0
1090 0.02055819970360518 -0.002945792058618575 0
1091 0.02045449698754418 -0.002038730149851655 0
1092 0.01954774811723656 -0.001437947766278462 0
1093 0.02122903377134424 -0.002213153993843577 0
1094 0.02125532265123559 -0.001514952834626742 0
1095 0.02149491994994073 -0.003343453021964077 0
1096 0.02183204433997999 -0.001663975989416105 0
1097 0.02185814787637932 -0.001126402923133692 0
1098 0.02125738615995245 -0.0008132556054227157 0
1099 0.02230928151995893 -0.00122603953748312 0
1100 0.02233545583000481 -0.0008112268427112603 0
1101 0.02272068100108663 -0.0008408392237701844 0
1102 0.02284144183585297 -0.001483825493363524 0
1103 0.02267970972048011 -0.0005158346057363222 0
1104 0.02223283879036273 -0.0003943495449327047 0
1105 0.01999929809118598 -0.004925778948115198 0
1106 0.02308030700446365 -0.0006926853980505435 0
1107 0.02298408603080663 -0.0003124130347673011 0
1108 0.01687371192958669 -0.002401903480819375 0
1109 0.007239561258810091 -0.003651629715769722 0
1110 0.006129714739524324 -0.005917732445663802 0
1111 0.01077803828994916 -0.001275113915493608 0
1112 0.02050135211687206 -0.001078537731103981 0
1113 0.01837045899907791 -0.001916491557963592 0
1114 0.02186185921417812 -0.0005492695581319594 0
1115 0.01335224758961941 0.001761455044496417 0
1116 0.01403029203820892 0.000911503414665203 0
1117 0.009231264930506078 -0.009962327398681843 0
1118 0.008855257945948075 -0.01437392738522452 0
1119 0.01493003941444817 -0.003166040340828075 0
1120 0.0139429881285158 5.212739891366078e-05 0
1121 0.01451664781408303 0.0004236819996095191 0
1122 0.0148564556473329 0.0009199442735178794 0
1123 0.01534838086301521 0.000558194256882166 0
1124 0.01552195522414019 0.001049616165956525 0
1125 0.01510346626735015 -0.0001033984710867885 0
1126 0.01589704275370666 0.0006725564470404967 0
1127 0.01613662520296902 0.001194065143396212 0
1128 0.01654523851122274 0.0007927489879059784 0
1129 0.01569803705776949 0.00186638015992536 0
1130 0.01637132100867094 0.0004231369329409304 0
1131 0.01447294334744226 -0.000522514343437657 0
1132 0.01671307219255676 0.001277655925770093 0
1133 0.01710043107816595 0.0008073026519541891 0
1134 0.01675879304572075 0.0004262985154160435 0
1135 0.01738651155309272 0.0005523944012313025 0
1136 0.01722331819949556 0.0001210144854024995 0
1137 0.01757395547746358 0.0007717729278050782 0
1138 0.01786041959606065 0.000561668242806949 0
1139 0.01802675105738269 0.0008739765723787714 0
1140 0.01834362886414837 0.0005962275620982057 0
1141 0.01812761683469736 0.0001687537069536173 0
1142 0.01855510968475509 0.0008591735503715167 0
1143 0.01884569134537922 0.0006060632926701815 0
1144 0.01903496933691919 0.0009413810462808364 0
1145 0.01934356139032985 0.0006357386944414504 0
1146 0.01911767634742498 0.0001909982079314409 0
1147 0.01955929024264566 0.0009048927833036664 0
1148 0.01985601020306154 0.0006421309895155151 0
1149 0.02004991427235348 0.0009870463321610863 0
1150 0.02036760974532139 0.0006727249844312741 0
1151 0.02013572574325248 0.0002147217384056222 0
1152 0.02058916434508001 0.0009500562644947341 0
1153 0.02089503825990675 0.0006799839723854593 0
1154 0.02109414390827755 0.001035602035984819 0
1155 0.021422035244612 0.0007122329902628587 0
1156 0.02165006344442892 0.0009985562768715912 0
1157 0.02127217563790314 0.0002558208091810337 0
1158 0.02196655593005756 0.0007203834589270098 0
1159 0.02217180269388282 0.00108863439381691 0
1160 0.02251235964065262 0.0007546094809303172 0
1161 0.02277177372851065 0.001131872763341608 0
1162 0.02238003580759626 0.0003078013095609965 0
1163 0.02313372694159849 0.0007212134028688748 0
1164 0.02353900711552045 0.001223574923028901 0
1165 0.02234431329971401 0.001803820693428266 0
1166 0.01841188860314627 0.001405186307055407 0
1167 0.019391125467861 0.001461465833120531 0
1168 0.01861922746286877 0.0001797153983003702 0
1169 0.01962309279498333 0.0002026627093380538 0
1170 0.02281044203196136 0.0003211706487628053 0
1171 0.02097496244671713 0.0002353785170731542 0
1172 0.02150998152519178 0.001614196245323588 0
1173 0.02192312992641673 0.0003023984959272001 0
1174 0.02178827414849413 0.002344651031509293 0
1175 0.02275838751533085 0.002872329689873982 0
1176 0.01765709043820209 0.0002415619308089114 0
1177 0.01438754059574631 0.00171483842558645 0
1178 0.004534655406469814 -0.01149518292973152 0
1179 0.005318573361744541 -0.01703941223214063 0
1180 0.009739776536089106 -0.01974847327246043 0
1181 0.01572086905748122 -0.01410327454025642 0
1182 0.01901362082668435 -0.01137240102918459 0
1183 0.01772637439801769 -0.03274129933912662 0
1184 0.01941994378006149 -0.01634920708216385 0
1185 0.004784712625298925 -0.02285491791946171 0
1186 -0.02338587534779845 0.008154286128872274 0
1187 -0.01349062670656178 0.0007575724501823539 0
1188 -0.01419856676062242 0.0005097974022479265 0
1189 -0.01261417548645001 0.0001627356755794966 0
1190 -0.01368459521448497 -4.320247138916233e-05 0
1191 -0.01424090734561335 -0.0004786064609129944 0
1192 -0.01369556493731451 -0.0009312333322525176 0
1193 -0.01453773495315846 -0.001086813183100178 0
1194 -0.01488933174643388 6.225596481336655e-05 0
1195 -0.01396425121400334 -0.001965338470594746 0
1196 -0.01498346537754006 -0.001905196430165259 0
1197 -0.01554980397330739 -0.001535951337375057 0
1198 -0.01588099469800908 -0.002285718861506911 0
1199 -0.01668528139917346 -0.001761310286693792 0
1200 -0.01684428444961567 -0.002449465787711217 0
1201 -0.01749021910373511 -0.001981104700076843 0
1202 -0.01729070607524043 -0.000966208722747001 0
1203 -0.01620703454544247 -0.0008885951215776815 0
1204 -0.01520221013207114 -0.0006547190878757369 0
1205 -0.01270272192411175 -0.001474688608210618 0
1206 0.008990400934209771 -0.003049973257151048 0
1207 0.008861278819166563 -0.005098087408430036 0
1208 -0.03677783810954908 -0.000824712756010135 0
1209 -0.04662507185758127 -0.003415311793216075 0
1210 -0.01549634901717853 0.001836427079811823 0
1211 -0.0160735880429597 0.00136833913988299 0
1212 -0.0167131040926789 0.001426877452156356 0
1213 -0.01649544366164472 0.0008243747137002465 0
1214 -0.01701881782611322 0.0009516969621967841 0
1215 -0.01688342960059053 0.0005307197127637878 0
1216 -0.01640331764893808 0.0004290183465897274 0
1217 -0.01675458670817696 0.0002868600072212503 0
1218 -0.01547990533372301 0.00109289273624715 0
1219 -0.0157400873811613 0.0006369888934598481 0
1220 -0.01725574675931885 0.0006040131309310368 0
1221 -0.01712722974030288 0.0002471865666640222 0
1222 -0.01750965531604267 0.001036052809329331 0
1223 -0.01529000418088561 0.0005976493888346606 0
1224 0.05896990754904603 0.0345791229387383 0
1225 -0.05898059578440625 -0.03458004043558854 0
1226 -0.000848607631928857 -0.01077242392990925 0
1227 -0.01802060335488266 -0.002832432782951976 0
1228 -0.01842396316672082 -0.001803345091349892 0
1229 -0.0200977747716297 -0.00231860642212684 0
1230 -0.01832130369422088 -0.0012152038626378 0
1231 -0.02157344209777431 0.005202546204516784 0
1232 -0.02190907034068632 -0.004437718033615863 0
1233 -0.02428076317274099 -0.00436443909359745 0
1234 -0.02364985981977469 -0.002339662964632046 0
1235 -0.02561813177689919 -0.002624361666864125 0
1236 -0.02719853330135734 -0.004900221640450264 0
1237 -0.02763848297127262 0.0005819330499847988 0
1238 -0.02175296807743726 -0.002626559906734751 0
1239 -0.01559527197922791 0.0003047944202386084 0
1240 -0.02285240876565758 -0.01846487551947277 0
1241 -0.008237747790263069 -0.01659556185025429 0
1242 -0.01920543913744132 -0.02525705085830536 0
1243 -0.0162306188025229 -0.01653323374301888 0
1244 0.01736013223982289 0.001405976601337235 0
1245 -0.02147440094696419 0.001028969417744191 0
1246 -0.02166412694381711 0.001464658344635611 0
1247 -0.01955768407456821 0.04323199044702598 0
1248 -0.003080402540986062 0.0285857916764611 0
1249 0.008845779981734504 0.03158607510308098 0
1250 -0.01749540887120965 0.0004209598887773148 0
1251 -0.01592898363666128 0.000376388439349487 0
1252 -0.01763939959281046 0.0006343430541008182 0
1253 -0.03337625639911119 -0.05250569715514931 0
1254 0.03338164444950002 0.05250726044755423 0
1255 0.01580015906458492 0.04919763336436229 0
1256 -0.02456684852172254 -0.001500600911873147 0
1257 -0.02361406553727529 -0.001279601630867304 0
1258 -0.02894773997974837 0.01275767014285914 0
1259 -0.01639987771458365 -0.003577646429029567 0
1260 -0.02234525427990111 0.0005132508020338792 0
1261 -0.01300373474117217 -0.003045953747762905 0
1262 -0.01170658015465038 -0.002364252611989475 0
1263 -0.01028540519270299 -0.002666322923998777 0
1264 -0.02652716030707261 0.002387189226844571 0
1265 -0.02066675543237511 0.001635955118723565 0
1266 -0.03417863786017573 0.06025151836897116 0
1267 -0.01613651391085841 0.0006018217690799516 0
1268 -0.03472184234096096 0.01192536176758114 0
1269 -0.041893163074347 0.006549910726051868 0
1270 0.02317529637836569 -0.01334393729659529 0
1271 0.02239064174481239 -0.009496379031487546 0
1272 0.02404878157270667 -0.01922329500526242 0
1273 0.01971176628934349 -0.008414804539342837 0
1274 -0.0095165741068016 0.008321646835414361 0
1275 -0.006497837335412509 0.009653281450611732 0
1276 0.01907263464960375 -0.02289343560074798 0
1277 0.03403702932756929 -0.06049217828898697 0
1278 -0.01628085400022182 -0.04881524019613365 0
1279 0.01565184252740666 0.0003876085677565343 0
1280 0.01878021079686424 0.00215648853217847 0
1281 -0.01509949235058039 0.005265937186354878 0
1282 -0.01830731998515388 0.001742961677513987 0
1283 -0.01773048983168012 0.001587671720337201 0
1284 -0.01220804036464416 -0.0006228546041039648 0
1285 0.01819260080881024 -0.04448368972161681 0
1286 -0.004399404664790159 0.006700009464864144 0
1287 0.01800090538945931 0.002401590838679538 0
1288 -0.015959676807112 0.006843452182820251 0
1289 -0.01330884075826176 0.02412591203433143 0
1290 -0.02244355265966399 -0.002127894697489924 0
1291 -0.0225273548051004 -0.0009621121021605897 0
1292 0.02211821280521015 -0.002547167854136539 0
1293 0.02258306483368689 -0.003644099923683795 0
1294 0.02169348111459444 -0.004586356160747732 0
1295 0.02307894107690062 -0.005208038408660885 0
1296 0.02429625924434442 -0.003687258857551217 0
1297 0.02521045336851522 -0.005940482980316156 0
1298 0.02137275103984707 -0.006501779631848705 0
1299 0.02698688952570524 -0.004203788593875026 0
1300 0.02559376820415993 -0.002354509560418354 0
1301 0.02808559005458455 -0.002051461960100596 0
1302 0.02422545713286139 -0.002280785076019763 0
1303 0.0246663986272832 -0.001385560361387402 0
1304 0.02589680967054598 -0.000725075417908176 0
1305 0.02785375155361674 0.0004158681141253482 0
1306 0.02583836569390041 0.001693163932456604 0
1307 0.03136292677084829 -0.0008337482233159422 0
1308 0.03089852827104038 0.003359093199869137 0
1309 0.03751834258197648 0.005567432590425192 0
1310 0.02740219071448644 0.007407904227157676 0
1311 0.02735577776030991 0.01184593496370113 0
1312 0.02328623060254305 0.00943823770202587 0
1313 0.02350060236710406 0.01412142567895954 0
1314 0.02421750470925067 0.00597404712926703 0
1315 0.02822436008757956 -0.00703359012007383 0
1316 0.02770288809877896 0.0174795518994364 0
1317 0.02192615201986726 0.01946745232928361 0
1318 0.01598766710699004 0.01847397034646893 0
1319 0.009813576235414533 0.02164618019904413 0
1320 0.004946182357589627 0.01547738214835709 0
1321 -0.001618845777826004 0.01542014015602448 0
1322 0.02136936446778136 0.00638004493324108 0
1323 -0.0211782300175971 0.001466625831065301 0
1324 -0.01474138929233311 0.0009042536654258522 0
1325 -0.01719025934951921 0.001399691557108994 0
1326 -0.01710568921459042 0.001935621709877002 0
1327 -0.007669748631166345 0.003170247396320134 0
1328 0.04416594818194886 0.06229795716038217 0
1329 -0.04416490351845168 -0.06229744609801871 0
1330 0.01041559672694609 -0.007012956351332947 0
1331 0.0204565950620453 0.001652438777270995 0
1332 -0.01168889601891345 0.001562130618607415 0
1333 -0.01187888656077016 0.0006555166545210649 0
1334 -0.01541008224478469 -0.005184008787303219 0
1335 0.0223503861820964 0.004488551168267928 0
1336 0.02412250977201914 0.003983988214534243 0
1337 0.02438026651852652 0.002382847122919921 0
1338 0.02457369783783934 0.001143597858088563 0
1339 0.02395248498757721 0.0006933552512193608 0
1340 0.0236218830383705 0.0003829293049209661 0
1341 0.02512985108863525 0.0002587181850655424 0
1342 0.02653755966877899 0.003782070464026739 0
1343 0.02600439220241822 -0.009064588152970458 0
1344 -0.0124110430690704 -0.02277612837299635 0
1345 -0.01102110872355039 -0.03268842167789605 0
1346 0.009404372178565643 0.001887446945686678 0
1347 0.009260454768288665 0.0002173402523336126 0
1348 -0.01195374461086951 -0.01303216110476446 0
1349 0.02380479889819528 -0.001583395303483657 0
1350 0.02407310980371724 -0.0009368322863270072 0
1351 0.0245863240246619 -0.0005037342940738347 0
1352 0.02374503909740176 -0.0005520026469363714 0
1353 0.02358225518564725 -0.001023087805044223 0
1354 0.02408228699432887 -0.0005295233518840595 0
1355 -0.02391756970081544 0.002693567432173523 0
1356 0.02351626541175879 0.0006653812056541331 0
1357 -0.01154995836308319 0.002663349630219556 0
1358 -0.007842505742309857 0.01944398176836379 0
1359 -0.01894724463418192 0.001602543290943535 0
1360 -0.02234390399216126 0.0011933856752246 0
1361 0.02243531304235754 -0.001893913999667426 0
1362 0.02320322589742105 -0.002314874860310389 0
1363 -0.03117163895582381 -0.004789110528671536 0
1364 0.02344641362590242 -0.007207805149844996 0
1365 0.05379006337594572 0.01810848047857568 0
1366 0.004236454881321698 -0.007356527895635507 0
1367 -0.02581903235204766 0.0009955229735890993 0
1368 -0.02470985880360261 0.00123041785078179 0
1369 -0.02423249385339046 0.0007587133294816635 0
1370 -0.02492295247005481 0.0002792931171942631 0
1371 -0.02389824728301869 0.0004175480050209466 0
1372 -0.02585594739126498 -0.0007213206421472137 0
1373 -0.02466602724556208 -0.0004706602532195378 0
1374 -0.02428642825658299 0.0003082385489834728 0
1375 -0.02379240934475822 0.0002160747012533349 0
1376 -0.02401492236683784 0.0001975473336339919 0
1377 -0.02363401599258748 0.0003618006546630303 0
1378 -0.02336668687225241 0.0001157337907413463 0
1379 -0.02297684234830958 0.0003100539390570895 0
1380 0.009278315070274374 -0.00151317132571966 0
1381 -0.004438044525810674 -0.02366047759006795 0
1382 -0.01868109084428616 0.005989090120496491 0
1383 0.01863184221115045 -0.006501323341526261 0
1384 0.01715678929400269 -0.008231445712650899 0
1385 -0.02001511035232932 0.0004589866876736878 0
1386 -0.01983207799678038 0.0001861044274813332 0
1387 -0.01932590991249855 0.0003266387981595488 0
1388 -0.01831364126602116 0.0009427633966791768 0
1389 0.01494593648770967 0.002366878738524497 0
1390 0.01591551598590413 0.002952104379792795 0
1391 0.01396589041679168 0.002591381432126688 0
1392 -0.02205993819670067 0.001666576924961563 0
1393 0.01075478918810057 -0.0001267865840545024 0
1394 -0.01482759302934611 0.001548801297971401 0
1395 0.02340368526108766 -0.0006564479628685839 0
1396 0.02342821304559945 -0.0003996564053003119 0
1397 0.006499702777485915 -0.008567659140694198 0
1398 0.007113015150609133 0.003278836902314733 0
1399 -0.009080842380697117 -0.003614988474980449 0
1400 0.02034185698670187 0.0118355893665173 0
1401 -0.02232061901680275 0.0002103585439403679 0
1402 0.0178706355988669 0.0251657261496853 0
1403 0.02222987647994464 0.033946501402975 0
1404 0.01741214392911644 0.0100566587636341 0
1405 -0.008943728873657117 0.01114495243992786 0
1406 -0.0180027634695092 0.001227455759814029 0
1407 0.02450666626707411 0.0005063508823705678 0
1408 -0.06195269482782857 0.04302310612214934 0
1409 -0.03636627145800223 -0.007677460809290308 0
1410 0.02315907073002374 -0.0005141168089643842 0
1411 0.007731989645448785 -7.228014483236698e-19 0
1412 -0.0208151561349082 0.02313442340989164 0
1413 0.06184414490659418 -0.04846068613755836 0
1414 -0.02001618930541697 0.003857079171953438 0
1415 0.03198370280768771 -0.01486237727718031 0
1416 -0.01522800494820111 0.0002046321155971247 0
1417 -0.01552670795414842 -3.307404962988016e-05 0
1418 -0.01519094646893836 -0.0002129836039907248 0
1419 -0.01552130486827826 -0.0004257698654700264 0
1420 -0.003151449834094683 0.01075793798962056 0
1421 -0.006294848099561779 0.01345822827081324 0
1422 0.01612295688159687 -0.00288864470046348 0
1423 0.01583725795223974 -0.002024339357574439 0
1424 0.01672009905480935 -0.001391742416743479 0
1425 0.01448523194612446 -0.002207019667698986 0
1426 -0.02785023996209867 -0.008240797899417042 0
1427 -0.03278464908609089 -0.01353008725491972 0
1428 -0.02150214723794406 0.0006722802961541615 0
1429 -0.01475130688131135 -0.0003801843809459481 0
1430 0.001843964085602789 0.0220265918418886 0
1431 -0.02096125281149001 0.000694365886129733 0
1432 -0.000356634034555928 -0.01617267293240796 0
1433 0.01526001126489724 -0.01910216556361205 0
1434 0.01224359066005547 -0.02575627644840919 0
1435 -0.02631831537157623 0.02100194100322868 0
1436 -0.02446678394017127 0.00372580703648864 0
1437 -0.01564238444672045 -0.000924359045384249 0
1438 -0.01588728057465682 -0.000611110491759615 0
1439 -0.01631258060411336 -0.0004407194141560658 0
1440 -0.0165399121139688 -0.0006990219703837747 0
1441 -0.01667898949807852 -0.0003413758660747244 0
1442 -0.01696959426506446 -0.0006952705620153054 0
1443 -0.007119400136105856 -0.001732344109541495 0
1444 -0.02347731882486024 -0.03371772687453468 0
1445 -0.01478738051500576 -0.003226411205321388 0
1446 -0.0107025770783979 0.006411418167041585 0
1447 0.0128433152071447 0.005021727968002818 0
1448 0.06178781584382413 -0.03412884183867641 0
1449 0.0135476670761256 -0.001926377724213554 0
1450 0.0143216224546149 -0.001183909004455234 0
1451 0.01500663071888402 -0.0008780024445803641 0
1452 0.01525049614055997 -0.001549263029013793 0
1453 0.01563084590314449 -0.0009705089651754103 0
1454 0.01543687623245135 -0.0005372497666757835 0
1455 0.01583130578940348 -0.0005970716642543183 0
1456 0.01612746615317795 -0.0008631837294865583 0
1457 0.01618068111659468 -0.0005449541439058269 0
1458 0.01649122180605122 -0.000716802440500497 0
1459 0.01644049368666491 -0.0004566696088966278 0
1460 0.0167774700151813 -0.0005865326222257694 0
1461 0.01679704839372701 -0.0009116857971698748 0
1462 0.01709404162671224 -0.0007066309738963522 0
1463 0.01720522534320508 -0.0004589870210242035 0
1464 0.01745072972580061 -0.0006256459307763623 0
1465 0.01746886672223323 -0.0009392344865897408 0
1466 0.01776955340899248 -0.0007041864235899238 0
1467 0.01768247845237904 -0.0004113367832045249 0
1468 0.01810469002689427 -0.0005593365709828305 0
1469 0.01810533185574239 -0.0008250871897710362 0
1470 0.01840065433986801 -0.0006548945260586509 0
1471 0.01845370939976282 -0.000937676415447598 0
1472 0.01871635798556478 -0.0006696478859773001 0
1473 0.01861572388112027 -0.0003182619041647952 0
1474 0.01890443412532718 -0.0005299557362894347 0
1475 0.01903764000794369 -0.0007389667530850857 0
1476 0.01924077752248911 -0.0004381141622171167 0
1477 0.01937098269026527 -0.0007498595110814239 0
1478 0.01963144991802067 -0.0004970142129469147 0
1479 0.01974719339653745 -0.0008166879649646134 0
1480 0.02000824462114631 -0.0005601025784490662 0
1481 0.01696531792513698 -0.0003342801231359258 0
1482 0.0188287145021331 -0.001045815091968928 0
1483 0.02018170862125068 -0.000852477288066264 0
1484 0.02032188857668193 -0.0005721436481832828 0
1485 0.02071642351837761 -0.0007667232927456115 0
1486 0.01811307969849197 -0.001292158149767566 0
1487 0.02007265204845934 -0.001316185117043019 0
1488 0.01713276516048457 -0.001157480818106817 0
1489 0.01755120309786937 -0.001385719397841223 0
1490 0.01524984900894898 -0.002332637441997162 0
1491 0.01608843592917139 -0.00139027274864393 0
1492 0.01375000618475049 -0.003046132879840722 0
1493 0.0164530218152429 -0.00105553858186427 0
1494 0.01566243753330376 -0.0003802608223725742 0
1495 0.01563565622049526 -0.0001098149092070334 0
1496 0.02 -0.0001 0
1497 0.01780160695666589 -0.001029277129511898 0
1498 -0.02587177757335564 0.009096107350999159 0
1499 0.03225883892424937 0.01418782072814978 0
1500 0.01566304457700462 0.0001111989917251255 0
1501 0.01599524945626002 0.000297680462367845 0
1502 0.01644371093824501 0.0002536260792254637 0
1503 0.03030517000095763 -0.009833126007254195 0
1504 -0.02165169620715661 0.007201241322078367 0
1505 -0.02025255018097046 0.005984856716970795 0
1506 0.01043829904088193 -0.00251602990035072 0
1507 0.02066448528030738 -0.003900726080184399 0
1508 -0.02807603961492891 -0.002102279330908726 0
1509 -0.01845471431457385 -0.01181566971501145 0
1510 0.01922169156467089 -0.001087084686770397 0
1511 0.01900027701624299 -0.001590550372630795 0
1512 0.01856237605026119 -0.001401746018332281 0
1513 0.02745717504959748 -0.01627138255860943 0
1514 -0.02312052049469054 0.0004865654940367415 0
1515 0.01563815591511267 -0.004078639273934244 0
1516 -0.01782157389436206 0.007084351532523478 0
1517 0.01539574953492641 0.0001039777782359399 0
1518 -0.02821329117783266 -0.01825216713116039 0
1519 -0.01687349162188639 -0.0009673950129179719 0
1520 -0.01729954753517368 -0.0006822714054480818 0
1521 -0.01770464684091779 -0.0009092033940536017 0
1522 -0.01760101707420829 -0.0006403984869137817 0
1523 -0.01807668780048875 -0.0008124906124559741 0
1524 -0.01799104928205236 -0.0005597755136208921 0
1525 -0.01846422812878546 -0.0007782033327185556 0
1526 -0.01840518563403461 -0.0005007642584422964 0
1527 -0.01880466347048578 -0.0007387781849656516 0
1528 -0.01851263154564613 -0.000444462728732025 0
1529 -0.01919904880699698 -0.0007072939870967262 0
1530 -0.01906237696402853 -0.0004182229307089484 0
1531 -0.01952206940671717 -0.0006786884477174904 0
1532 -0.01947733949031039 -0.0003850170686026031 0
1533 -0.0198417157451553 -0.0006495833640573447 0
1534 -0.01979318431409385 -0.0003613019539519589 0
1535 -0.02016074081599967 -0.0006168688067756085 0
1536 -0.02009459844134202 -0.0003377315243819457 0
1537 -0.02046992444578486 -0.0005841156876949401 0
1538 -0.02064790798452802 -0.0002900662795368908 0
1539 -0.02082924314635423 -0.0005991497257461226 0
1540 -0.0206880758084231 -0.0009286442360579131 0
1541 -0.02109577376591344 -0.0008358074573917 0
1542 -0.02113068689133226 -0.0005613794178632179 0
1543 -0.02005578362330757 -0.0009943613546083321 0
1544 -0.01937965011540965 -0.001117032466408528 0
1545 -0.02146640370221682 -0.0007492476324849005 0
1546 -0.02140173165721863 -0.0005042138727805942 0
1547 -0.02100074805009897 -0.00136139538690312 0
1548 -0.02179735594515211 -0.0006635439637051299 0
1549 -0.02231605199025736 -0.0004046361651491917 0
1550 -0.02176096761469875 -0.001021762252271652 0
1551 -0.02224760957010452 -0.0006315178153087404 0
1552 -0.0198070167695415 -0.00145774566791615 0
1553 -0.02042384460346581 -0.001438102958438545 0
1554 -0.0209144249302863 -0.002103215605807285 0
1555 -0.02077116277976379 -0.003247296191163778 0
1556 -0.021633202645972 -0.001674278836172693 0
1557 -0.01917609239245617 -0.00161861911710434 0
1558 -0.01882413568215368 -0.001139782291754499 0
1559 -0.01657858929501363 -0.001120220313009735 0
1560 -0.02018858071554543 -0.004374736531889465 0
1561 -0.01946541051422564 0.0005244472492382129 0
1562 0.01957550218398258 0.002360877873128945 0
1563 0.01501975281661464 -0.0004216895528030491 0
1564 0.01647906770185336 0.001887703858780323 0
1565 -0.02215228629444546 -0.0008943827226913836 0
1566 -0.02263349248416287 -0.000631700784697903 0
1567 -0.02223117507337872 -0.001348608610788262 0
1568 -0.01401234337131444 0.01672461983145267 0
1569 0.02315827161249965 -0.001015906376279041 0
1570 0.01947112696688246 0.01560979019828578 0
1571 -0.01298101958540108 -0.0005818486680753532 0
1572 0.02391639463202221 -0.0003837327441722206 0
1573 0.02366001580851775 -0.0003363735409875869 0
1574 -0.0392375648653553 0.02057105543276655 0
1575 -0.007558699157444693 -0.003311589369540954 0
1576 0.0194981318282162 -0.00104894470093419 0
1577 0.02299657164990183 0.001886597255873253 0
1578 -0.02244817957234667 0.0008462623095149474 0
1579 -0.02181230894137684 0.004003941416455559 0
1580 -0.01854730610934684 -0.00424135795228952 0
1581 0.01237647488529058 -0.01589183773731011 0
1582 -0.02139141915577999 -0.001128498313044813 0
1583 -0.02442713240200886 -1.662571740836039e-05 0
1584 -0.02143444403322636 -9.999999999999998e-05 0
1585 -0.02404609586813495 -0.0007746886958333196 0
1586 -0.02371170578213815 -0.0003895866559088512 0
1587 -0.02355908487529286 -0.0007856677658381297 0
1588 -0.02304263760347439 -0.0006195023671636037 0
1589 -0.05847621373921957 0.006348993498897717 0
1590 -0.01972124713202623 -0.0009794822601415689 0
1591 -0.022805688080299 0.01825977533889124 0
1592 -0.02048451591043301 0.00488267584626789 0
1593 -0.01661269490031579 -0.007145251026454645 0
1594 -0.01569342836101417 -0.0002168958463778369 0
1595 -0.01907437145098511 -0.0001 0
1596 0.01717881960964712 0.0004323854497126717 0
1597 0.01741414296219292 0.0003507198493305033 0
1598 0.0176294363335903 0.0004558331066024551 0
1599 0.01787876505037238 0.0003715461971233324 0
1600 -0.02036865959354106 -0.0008962957094297518 0
1601 0.01468058574383379 -4.815527769871986e-05 0
1602 -0.01775668548493 -0.001294810724757759 0
1603 -0.01928620983852578 -0.002321510312653093 0
1604 0.01800196501331022 0.003720447400008949 0
1605 0.01536008166856176 -0.00023547213160862 0
1606 -0.02114641309196089 0.0009954145085863003 0
1607 -0.02503240959099842 0.002484963332700541 0
1608 -0.01618852001536595 0.0003310453086625116 0
1609 -0.01635644676967297 0.0002302148037177044 0
1610 -0.01611418282456755 0.0001937577180631271 0
1611 0.01995408931373923 0.003366693740509417 0
1612 0.02124971864729951 0.003216113696023279 0
1613 -0.006710899634060561 0.05722041976017697 0
1614 -0.02290981013011896 -0.001490633411693678 0
1615 -0.02304774090590413 -0.0009615363437368679 0
1616 0.024710306780835 -0.01110065055370456 0
1617 0.02631907874385258 0.0004395953040188891 0
1618 0.01992036689848215 -0.001868738989495605 0
1619 0.02010670744490257 -0.002437392379375371 0
1620 0.01536862928361258 0.004794085237048218 0
1621 -0.02272049825004793 -0.00325829448950504 0
1622 0.00544654561375105 -0.03231930260587677 0
1623 -0.01479900126168818 0.0003947247703849183 0
1624 -0.0157813821135524 0.0001963716838676825 0
1625 0.02331362179227797 0.0004392106765774697 0
1626 0.02322585115968305 0.0001151638951460106 0
1627 0.02305891036513644 0.0004351189892657903 0
1628 0.02109287336820551 0.002371073981884341 0
1629 0.00609774503159894 -0.05797352395854941 0
1630 0.01508198500253971 0.001583531552702143 0
1631 0.01706641242382659 -0.001715181582411578 0
1632 0.01764113672169514 -0.002067272485882455 0
1633 0.02960359579315238 -0.02646278046141809 0
1634 0.0172916763215611 -0.003212228897559936 0
1635 -0.0170521409904704 -0.001362031752934214 0
1636 -0.01617736522033918 0.005054821726672719 0
1637 0.01877320319645247 -0.002495278806918634 0
1638 0.02145532540216546 -0.001155185741006661 0
1639 0.02099076197453932 -0.001067302217971431 0
1640 0.02108334996816347 -0.0004868161690013999 0
1641 0.02075060325833245 -0.001538143674073401 0
1642 0.02159796510745248 -0.0007612982434493939 0
1643 0.02148461518351485 -0.0004797271330612464 0
1644 0.0212889298694389 -0.000609148807070078 0
1645 0.02101422835172654 -0.000681999280684816 0
1646 0.02071842949267345 -0.0003269718568341915 0
1647 0.02081444540507085 -0.0005543976280737231 0
1648 0.0206057041520296 -0.00060199435895651 0
1649 0.02045733376734414 -0.0007897353689457412 0
1650 0.0220152561955775 -0.0008336161729196372 0
1651 0.02218073141675779 -0.0006293500442549248 0
1652 0.02243798726657481 -0.0006154537809376458 0
1653 0.02331799868592324 -0.001484217967696167 0
1654 -0.01155470577465025 -0.0001153888782244766 0
1655 -0.01615192128349931 -0.001386446397699711 0
1656 0.01382335900282599 -0.0006302581030029688 0
1657 0.008324924101123971 0.01230736952253061 0
1658 -0.05539698911118168 -0.01451163826286736 0
1659 -0.009910170075247134 0.03254168369402407 0
1660 -0.01402602568801211 0.000916663918526127 0
1661 -0.02163890077802797 0.00192041906707217 0
1662 0.008227511598725794 -0.007311752548960564 0
1663 0.01623326996930615 0.0006260899724198928 0
1664 -0.01515729785462984 -0.001209915467965729 0
1665 -0.01058645534756522 -0.0002998246224840585 0
1666 -0.03001636970022672 0.02553023009631233 0
1667 -0.01655011069109178 0.0002726311192187558 0
1668 -0.01683847703478105 8.645672635569526e-05 0
1669 -0.01663421572937628 0.000445810947294458 0
1670 -0.02382603640069266 0.0001323389564071683 0
1671 0.01560892390300185 0.0006536973640540233 0
1672 0.01810141911144479 0.0004733481968481244 0
1673 0.01836051016234619 0.0003724938322329665 0
1674 -0.01712904783154293 0.00255222600157359 0
1675 0.01498354764509025 0.0003090407599099994 0
1676 0.01859841173728001 0.0004823280694809988 0
1677 0.01885796266798666 0.0003836967059625254 0
1678 0.02280478859553673 0.0006236179772190195 0
1679 0.02255251850136885 0.0005134753997048199 0
1680 0.01909467050534428 0.000508502270394893 0
1681 0.01935858314610362 0.0004025495094891933 0
1682 -0.01580149648458248 -0.0003694009920884097 0
1683 -0.01600150543451822 -0.0004517242065627447 0
1684 -0.01616352414366028 -0.0006276167195434818 0
1685 0.0196029413661612 0.0005157319472025836 0
1686 0.01986879991788535 0.0004132182827867581 0
1687 -0.02239018578845331 -0.0007799283562146541 0
1688 0.02225496643109725 0.0005601775820509613 0
1689 0.02204682154955999 0.0004865859797701653 0
1690 0.02011191065048629 0.0005416655933715369 0
1691 0.02044724383456647 0.0004343771290156122 0
1692 0.01645147902853844 -0.001968680714442714 0
1693 0.02064601058705505 0.0005073948117964732 0
1694 0.02099234329372522 0.0004406200598905524 0
1695 0.02172164786405359 0.0005613696255811855 0
1696 0.0215025036420059 0.0004712688219937839 0
1697 0.02117352953704403 0.0005245221890166415 0
1698 0.01022581512300857 -0.003796502999551654 0
1699 -0.02551470093493458 -0.006787925717610538 0
1700 -0.01041762196089502 -0.004493745219731278 0
1701 -0.007996527257936471 0.004595534541870085 0
1702 -0.02331196513443383 0.0006556984515448135 0
1703 -0.03492613634984439 -0.02491995586023924 0
1704 0.03475775492953153 0.02545785949344878 0
1705 0.01927383517638217 0.004131685018801356 0
1706 -0.01600593636585411 0.0009164224640513041 0
1707 -0.01227181912093449 -0.004848110484430376 0
1708 -0.01779530818425893 0.0009261754818588609 0
1709 -0.02380174433351957 0.00991462946539335 0
1710 -0.01416533582317981 0.001758965595331161 0
1711 0.022908431327553 -0.0005333595858259114 0
1712 0.009990174010152321 -0.0006869004567259011 0
1713 -0.01443283508930014 3.335821775422579e-05 0
1714 -0.01962975682748702 0.0007174664169083902 0
1715 0.0170105137275589 -0.0005216076850705628 0
1716 0.07165063509461089 -0.0625 0
1717 0.06250000000000001 -0.07165063509461095 0
1718 0.06667160368497366 -0.06648224367686312 0
1719 0.06994251508838899 -0.06963953907541214 0
1720 0.07115295077359471 -0.06785833114667061 0
1721 0.0679567983508881 -0.07105448356937724 0
1722 0.07278708842046192 -0.0727870884204619 0
1723 -0.0727870884204619 -0.0727870884204619 0.0002
1724 -0.07165063509461086 -0.0625 0.0002
1725 -0.06250000000000001 -0.07165063509461098 0.0002
1726 -0.0664822436768631 -0.06667160368497366 0.0002
1727 -0.06963953907541212 -0.06994251508838899 0.0002
1728 -0.0710544835693772 -0.06795679835088808 0.0002
1729 -0.06785833114667061 -0.07115295077359472 0.0002
1730 0.005337691299819358 0.0011599865156168 0.0002
1731 -0.005354735871683078 0.0009558253287148768 0.0002
1732 -0.05487413029195707 0.05477476661660775 0.0002
1733 0.055 0.055 0.0002
1734 -0.055 -0.055 0.0002
1735 0.05343459702727869 -0.05602606180272234 0.0002
1736 -0.001121243110234497 -0.005378734186555834 0.0002
1737 0.001036418884285765 0.005378210444570407 0.0002
1738 0.005403021817310972 -0.00113298727635639 0.0002
1739 0.004941127257201862 0.002564032445692877 0.0002
1740 0.006429442016594275 0.002073956509359832 0.0002
1741 0.006746140079355099 0.0007820041727848937 0.0002
1742 0.007720579479952953 0.001609035130404722 0.0002
1743 0.007519149166369113 0.002910963589598569 0.0002
1744 0.008009837026871872 0.0003927532694284321 0.0002
1745 0.008857165111430225 0.001144022508999435 0.0002
1746 0.009116226130120636 0.0001030412958962543 0.0002
1747 0.009854529586301522 0.0007495823494102714 0.0002
1748 0.0100765284809773 -0.0001912582716589282 0.0002
1749 0.01073641794921674 0.0004337642375136483 0.0002
1750 0.01089740871418349 -0.0004063000651019812 0.0002
1751 0.01056867126359823 0.001325088677686735 0.0002
1752 0.01137945642563991 0.0009596129105551454 0.0002
1753 0.009395091318329747 -0.000841833607636348 0.0002
1754 -0.005669865895738916 -0.0004091074599414118 0.0002
1755 -0.006617217007592599 0.0005707313696918371 0.0002
1756 -0.006861323822449772 -0.0007247120754814491 0.0002
1757 -0.006468848236798328 0.001854621436959968 0.0002
1758 -0.007660148020102508 0.001371921454496521 0.0002
1759 -0.007610098663574339 0.002586224787603108 0.0002
1760 -0.004575377459400535 -0.0029581774292729 0.0002
1761 -0.006075114473809829 0.003122735244044173 0.0002
1762 -0.007425454540401757 0.004142995935670427 0.0002
1763 -0.00900739418236827 0.003253138661674388 0.0002
1764 -0.009081616363312521 0.004966292064202705 0.0002
1765 -0.007176368850121172 0.006109234382707251 0.0002
1766 -0.009418740702837363 0.007202641074601594 0.0002
1767 -0.0104745848062033 0.003972943740345193 0.0002
1768 -0.01037396632399596 0.002464250814506718 0.0002
1769 -0.01162453408434069 0.003092573031986782 0.0002
1770 -0.01160827029531077 0.001884256180736475 0.0002
1771 -0.01271505597206676 0.002314692468316917 0.0002
1772 -0.01282509182988033 0.003507082886343925 0.0002
1773 -0.01245627407162251 0.001302186573386659 0.0002
1774 -0.01168456223984074 0.0008931952388766389 0.0002
1775 -0.01241087610905061 0.0004555764787657495 0.0002
1776 -0.01172134682666476 7.739322142980783e-05 0.0002
1777 -0.01247137768541908 -0.000299022323869861 0.0002
1778 -0.01172908652827245 -0.000675468331094279 0.0002
1779 -0.01234869525539717 -0.00101176907774998 0.0002
1780 -0.01173015333825619 -0.00138848577590681 0.0002
1781 -0.01241674565164434 -0.001805148268257875 0.0002
1782 -0.01153339310793563 -0.002329214799242131 0.0002
1783 -0.01255962660113591 -0.002868773895800628 0.0002
1784 -0.01136641526642812 -0.003527505447821563 0.0002
1785 -0.01270272240410872 -0.004195178755879755 0.0002
1786 -0.01130255933204316 -0.004715733474993307 0.0002
1787 -0.01234495943113062 -0.006060757507007899 0.0002
1788 -0.01283651001441603 -0.0007372160957027101 0.0002
1789 -0.01311706868224453 0.0007988091357056646 0.0002
1790 -0.01372081986756438 0.002901977900504395 0.0002
1791 -0.01399264496910983 0.00406098434431951 0.0002
1792 -0.01496448836417716 0.003116591025726191 0.0002
1793 -0.01525476221426917 0.00458874278070172 0.0002
1794 -0.01627113054176194 0.003638993663134919 0.0002
1795 -0.01663074795932265 0.005113799232417267 0.0002
1796 -0.01374134272127797 -0.003276711849787468 0.0002
1797 -0.01116786397145152 -0.0003118439315064276 0.0002
1798 -0.009888934228724196 -0.004034116531793541 0.0002
1799 -0.01592916842295809 0.002370387687836194 0.0002
1800 -0.01706678387382517 0.002547715214812509 0.0002
1801 -0.01698111682983145 0.001716450651891857 0.0002
1802 -0.0179611640306924 0.00206533126792534 0.0002
1803 -0.01763894027174072 0.00123778076194917 0.0002
1804 -0.01855792853054292 0.001629696790879376 0.0002
1805 -0.01823539988271297 0.0008982602000754365 0.0002
1806 -0.01865187794209442 0.002310350686247835 0.0002
1807 -0.01920601972449008 0.001702023209055919 0.0002
1808 -0.0193928216701536 0.002480406695656411 0.0002
1809 -0.01991388952182759 0.00191371088355766 0.0002
1810 -0.02021632180039114 0.00271464261086933 0.0002
1811 -0.01768885039851473 0.0006839131643086383 0.0002
1812 -0.01973717057058356 0.001173508661167721 0.0002
1813 -0.02032806866718079 0.001373245092603837 0.0002
1814 -0.02018939425801717 0.0007467648334121049 0.0002
1815 -0.02064959209266802 0.0009100755434113915 0.0002
1816 -0.02049217856845078 0.0004699144989016611 0.0002
1817 -0.02006826430316298 0.0003874954931333632 0.0002
1818 -0.02033155536960049 0.0001348297088375554 0.0002
1819 -0.02088037885448347 0.001399294821024902 0.0002
1820 -0.02118198861630257 0.0009446413456175259 0.0002
1821 -0.02140902679612818 0.0014303043314458 0.0002
1822 -0.0217205253789319 0.000977032173970549 0.0002
1823 -0.0219513281330265 0.001490045031178516 0.0002
1824 -0.02231396597595563 0.001017484474795119 0.0002
1825 -0.02250090918285505 0.001534607487764329 0.0002
1826 -0.02207596808673028 0.0006111518097488591 0.0002
1827 -0.02247195972134211 0.0005844800365706618 0.0002
1828 -0.02233600620970392 0.0003112663919466569 0.0002
1829 -0.02201201744777329 0.0002771767042229391 0.0002
1830 -0.01958103100577046 0.003410462691922799 0.0002
1831 -0.01406829383405709 0.005492488645491145 0.0002
1832 -0.01607424280689923 0.001644902061561493 0.0002
1833 -0.021639300281748 0.002056299361363216 0.0002
1834 -0.002957907473186772 0.004441457950043436 0.0002
1835 -0.01087231998151269 -0.001774739877005143 0.0002
1836 -0.06102593397889372 -0.04921787727736123 0.0002
1837 -0.051282639372116 -0.04455986230763876 0.0002
1838 0.04879153945079999 -0.06154699172800537 0.0002
1839 0.04380481630250656 -0.05121471580113179 0.0002
1840 0.06102819513570438 0.04921595496203035 0.0002
1841 0.05128562954522196 0.04455574994597231 0.0002
1842 -0.0491183647953419 0.0612302111172016 0.0002
1843 -0.04380311366058304 0.05121287715498487 0.0002
1844 0.0005969916414170899 -0.04110254397268747 0.0002
1845 -0.001041277029936106 0.005288656405630092 0.0002
1846 -0.0002000292303523903 0.007349736166118283 0.0002
1847 -0.007248304048882701 0.008633168340717572 0.0002
1848 -0.009845881251245053 0.009936638297872011 0.0002
1849 -0.01497839731036682 0.002009694388364087 0.0002
1850 -0.001108536646728495 0.04162916442204825 0.0002
1851 -0.002999418936819105 -0.00447725777577296 0.0002
1852 -0.003017546592317127 -0.006574423049541568 0.0002
1853 -0.0004511997475395686 -0.007835912342881149 0.0002
1854 0.003016942862422487 -0.004824314096271391 0.0002
1855 -0.004856681205579069 -0.005139341168424355 0.0002
1856 -0.005256577315936028 -0.007547910494994591 0.0002
1857 -0.006339701438021736 -0.003640167319348545 0.0002
1858 -0.009722528503870937 -0.005917339422158214 0.0002
1859 0.005014051785735941 -0.002574873529831701 0.0002
1860 0.006571821435830679 -0.002129612173425951 0.0002
1861 0.006093157142278785 -0.003763356690111781 0.0002
1862 0.007730665216155441 -0.003209576000596816 0.0002
1863 0.007477794150161077 -0.005069930116754088 0.0002
1864 0.002840067881732539 0.004926225376067754 0.0002
1865 -0.01693987221388971 0.001000438351068194 0.0002
1866 -0.02172691693127043 0.00053065838340931 0.0002
1867 -0.02172066717208545 0.0002135504369575395 0.0002
1868 -0.02144389611722622 0.0004218530468385593 0.0002
1869 -0.02148420627260364 0.0001434297253621392 0.0002
1870 -0.02115588951596837 0.0003254282653958056 0.0002
1871 -0.01386569597434826 0.0016120406123872 0.0002
1872 -0.01978289312804685 0.00063960128269268 0.0002
1873 -0.0198148046563367 0.0003587417384263325 0.0002
1874 -0.01948833555633391 0.000494802710983849 0.0002
1875 -0.01934561259274811 0.0001829065200377922 0.0002
1876 -0.01916513664508801 0.0004127008953828586 0.0002
1877 -0.0192092895605308 0.0007008920232332547 0.0002
1878 -0.01889170847702375 0.0005278534787381043 0.0002
1879 -0.01887244067580362 0.0003302206968591193 0.0002
1880 -0.01860005154451402 0.0004451193844734351 0.0002
1881 0.04561468038297933 0.05128435565828804 0.0002
1882 0.04019787136766332 0.04220005516098776 0.0002
1883 0.04717115196795268 0.03390069584931615 0.0002
1884 0.0357155096320153 0.03179520048012791 0.0002
1885 0.04328267484561211 0.02163994283710563 0.0002
1886 0.03330816638830411 0.01965882101981295 0.0002
1887 0.01128051902229653 0.001832491695860989 0.0002
1888 0.03819733625102874 0.01082432143147258 0.0002
1889 0.02732904490401576 0.02671583757255173 0.0002
1890 0.02878609117369288 0.03922970413566773 0.0002
1891 0.03155132515414564 0.01007076804821593 0.0002
1892 -0.04561683857558802 -0.05128157483809136 0.0002
1893 -0.04020271912436586 -0.04226890430549522 0.0002
1894 -0.04432638277582694 -0.03296572728442615 0.0002
1895 -0.03349755726964483 -0.03254277531085979 0.0002
1896 -0.04548079497493487 -0.02143125180348766 0.0002
1897 -0.03112549639230059 -0.01870821587008826 0.0002
1898 -0.04022404863634641 -0.01091328597534488 0.0002
1899 -0.03114548901204954 -0.008710870396435772 0.0002
1900 -0.02700250149111843 -0.02545467685646928 0.0002
1901 -0.02469544143150562 -0.01839401739334794 0.0002
1902 -0.02935450409305436 -0.04251971715312461 0.0002
1903 -0.01842364368197832 -0.02345042429658521 0.0002
1904 -0.01409220245495081 -0.01649418039098444 0.0002
1905 -0.02004111375492052 -0.01107175430985786 0.0002
1906 -0.009182673239292161 -0.02294873513738623 0.0002
1907 -0.0189150020663555 0.0009028668746545265 0.0002
1908 -0.05059806553930003 0.04442161684465412 0.0002
1909 -0.04078584874584053 0.03723371860124991 0.0002
1910 -0.03138575002285289 0.04732321834010453 0.0002
1911 -0.02895309240277693 0.0337441224348678 0.0002
1912 -0.0356747904040573 0.02709366923733873 0.0002
1913 -0.02572179634259607 0.02537982231323905 0.0002
1914 -0.03342769025187289 0.02016636234522604 0.0002
1915 -0.05253786231539783 0.02966455053663492 0.0002
1916 -0.04635519461534877 0.01740857822670554 0.0002
1917 -0.02020168634441858 0.02921951887827491 0.0002
1918 -0.01584743540880201 0.0228646938644336 0.0002
1919 -0.02301825139113938 0.01763443269316677 0.0002
1920 0.007963105680965019 -0.001776770072809767 0.0002
1921 0.009160542693109234 -0.002616862858645771 0.0002
1922 -0.01074971546570383 0.001275269737943853 0.0002
1923 -0.00969861979432915 0.001491877138728665 0.0002
1924 -0.01002201980492835 0.0005437625286415552 0.0002
1925 -0.008762929509584828 0.000740873531292149 0.0002
1926 -0.009297361500696353 -0.0002669924820350244 0.0002
1927 0.05445501459073537 -0.0451082320325601 0.0002
1928 0.03938076807587927 -0.03917280183241148 0.0002
1929 0.03209129090838097 -0.04716410432124396 0.0002
1930 0.0275851443291413 -0.03535195840091771 0.0002
1931 0.0354011521544172 -0.02948751637507143 0.0002
1932 0.0244739196539287 -0.02592416343083935 0.0002
1933 0.02989217008685096 -0.01961788497326879 0.0002
1934 -0.01304158808735353 9.692699335898159e-05 0.0002
1935 -0.01351355531655705 -0.000363891726816415 0.0002
1936 -0.01358116565639497 0.0004331043512873509 0.0002
1937 -0.01406805832390324 -6.463503732046021e-05 0.0002
1938 -0.00480663553487882 0.00763585189033745 0.0002
1939 -0.004798973104781713 0.009963543739958966 0.0002
1940 -0.008320712996957177 -9.375493099880246e-05 0.0002
1941 -0.008630338474352357 -0.001196798666787865 0.0002
1942 -0.02284525305546624 0.001158258017318684 0.0002
1943 -0.02304802047440262 0.001584385244789769 0.0002
1944 -0.02294351994245847 0.000637018814010609 0.0002
1945 -0.02268273550145296 0.002163301160776561 0.0002
1946 -0.02345486150415355 0.00222390733539096 0.0002
1947 -0.02055266925141958 0.003642673174464635 0.0002
1948 -0.0198288616719091 0.004515203627507603 0.0002
1949 -0.02113676928519616 0.004433028689035011 0.0002
1950 -0.02330990711318638 0.001154061465888761 0.0002
1951 -0.01864231826037295 0.004041691382233156 0.0002
1952 -0.01891711080553308 0.005518255180698292 0.0002
1953 -0.02270479105504648 0.000335084598503936 0.0002
1954 -0.005930123961192568 -0.01547688770056103 0.0002
1955 -0.0008899680132959832 -0.02209716859470784 0.0002
1956 -0.01212536328324976 0.008105055852577064 0.0002
1957 -0.01266629633041138 0.01072583418503375 0.0002
1958 -0.01062928149969264 0.01392665769506132 0.0002
1959 -0.01552135540552357 0.008987010505989429 0.0002
1960 -0.01586105100604803 0.01273716168035452 0.0002
1961 -0.01891524512139859 0.01007293648511666 0.0002
1962 0.04523803343867964 -0.02969111279191126 0.0002
1963 -0.005973301808349531 -0.001909203382021157 0.0002
1964 0.006994710497758648 -0.0006440891742327688 0.0002
1965 -0.0169403979262792 0.03991978624121374 0.0002
1966 0.01152029033733225 0.0001489595400453647 0.0002
1967 0.01169603517105386 -0.0006022766716357559 0.0002
1968 0.01211429925462153 0.0006467046027943326 0.0002
1969 0.01107533642232147 -0.001078461906354593 0.0002
1970 0.01182729420373382 -0.001380894281053258 0.0002
1971 0.0124807005397401 -0.0007814261139861106 0.0002
1972 0.01275274005428951 -0.001583546872215118 0.0002
1973 0.01196181310580208 -0.002325833443841074 0.0002
1974 0.01328693076755632 -0.00250072729155607 0.0002
1975 0.0123495894975855 -0.003510293427084775 0.0002
1976 0.01370920288768066 -0.003785412529634253 0.0002
1977 0.01325806861639354 -0.0009244389285989262 0.0002
1978 0.01443472731416532 -0.002702502028751986 0.0002
1979 0.01510964728360545 -0.003790088486640789 0.0002
1980 0.01419190605283048 -0.005122354975215542 0.0002
1981 0.01612955874382998 -0.002972998675545708 0.0002
1982 0.01657251366371762 -0.004190917599859969 0.0002
1983 0.01719232916857271 -0.002934106774458733 0.0002
1984 0.01800489638307784 -0.004189452670851672 0.0002
1985 0.01924713640575724 -0.003101656948170916 0.0002
1986 0.01958242287850664 -0.004601906471488396 0.0002
1987 0.01857499139438756 -0.006022528200641379 0.0002
1988 0.0182537911259589 -0.001809614444827792 0.0002
1989 0.01958422438917805 -0.002206411198531601 0.0002
1990 0.01913453883768721 -0.0013426165582446 0.0002
1991 0.01548856899815475 -0.001619634086200324 0.0002
1992 0.01302266435434507 -0.0002631240743861595 0.0002
1993 0.01366201901628335 -0.0003817329267683224 0.0002
1994 0.01346581946502948 0.0001781811110437458 0.0002
1995 0.01397744371058542 5.992486034010878e-05 0.0002
1996 0.01379603981384333 0.0005597198275338388 0.0002
1997 0.01425267481379457 0.000444093056271365 0.0002
1998 0.01415714217780536 0.0008829640537458332 0.0002
1999 0.01417318797669141 -0.0004621768970423566 0.0002
2000 0.01465092027279328 0.0007904901101363172 0.0002
2001 0.01436531538002497 0.001468469453167032 0.0002
2002 0.01363182280029766 0.001074137755347683 0.0002
2003 0.01491335024102756 0.0003674511912743907 0.0002
2004 0.01518981705118613 0.000754899969799013 0.0002
2005 0.01707660719611372 -0.00193628891424901 0.0002
2006 0.01532126408367159 0.0003089668512289894 0.0002
2007 0.01560502054614011 0.0006476142384155408 0.0002
2008 0.01505682164265585 1.700400770561216e-05 0.0002
2009 0.01469649326720922 1.348893267486469e-05 0.0002
2010 0.01492008583078937 -0.0002889562940686353 0.0002
2011 0.0152618151484651 -0.0002974756549147897 0.0002
2012 0.01498925033498938 -0.000620411471325929 0.0002
2013 0.01543645175040274 -0.0006735230450492998 0.0002
2014 0.02056293015392956 -0.003620749662327166 0.0002
2015 0.02108132175949245 -0.00485826358259132 0.0002
2016 0.02077726037355381 -0.002153041807034733 0.0002
2017 0.02200639089166741 -0.003580052744793981 0.0002
2018 0.02257414064531429 -0.005042589273283042 0.0002
2019 0.02334178045810811 -0.003850405694128908 0.0002
2020 0.02408548526360734 -0.005234233567296807 0.0002
2021 0.0230905124654055 -0.006699591812456222 0.0002
2022 0.02488276652243291 -0.006580983161160753 0.0002
2023 0.02584266987085513 -0.00458389742480682 0.0002
2024 0.02380088294839218 -0.008608443706119412 0.0002
2025 0.02701737250043254 -0.007722041822763359 0.0002
2026 0.02909901373765673 -0.004569163646040498 0.0002
2027 0.0315451670931065 -0.008357583735690833 0.0002
2028 0.02299914344265408 -0.002500679298109864 0.0002
2029 0.02402934760018986 -0.00263088882447765 0.0002
2030 0.02360534485273361 -0.001915643573574511 0.0002
2031 0.02464879755729985 -0.001776098243791345 0.0002
2032 0.02270367130007466 -0.001683721418388813 0.0002
2033 0.02331483804728591 -0.0009557987625421566 0.0002
2034 0.03337398576034738 -0.002668208619895267 0.0002
2035 0.03693353522631018 -0.01037085289394832 0.0002
2036 0.02999436369593782 0.001308144379802152 0.0002
2037 0.02417216896351461 -0.001151609355512557 0.0002
2038 0.02134732930215056 -0.008122301196962224 0.0002
2039 0.02228710132440499 -0.01110800423868076 0.0002
2040 0.01888998694108436 -0.01013348402924785 0.0002
2041 0.02528859933035081 -0.01128959572730294 0.0002
2042 0.02032049900521443 -0.0141058878675472 0.0002
2043 0.01598709203024737 -0.01320840406978887 0.0002
2044 0.01764687606782059 -0.0178588097992005 0.0002
2045 0.01250243660223083 -0.01695768737557899 0.0002
2046 0.01376609142661273 -0.02367397035206124 0.0002
2047 0.01111107471396044 -0.01160401018203429 0.0002
2048 0.03988562579452629 -0.0009732750624077705 0.0002
2049 0.02210738337544862 -0.002220211825002796 0.0002
2050 0.02179977477750506 -0.00154339748452499 0.0002
2051 0.02243465771266822 -0.0009868678548349116 0.0002
2052 0.01282137946873642 0.0003785771491182006 0.0002
2053 0.007297834370734317 -0.01539933754120787 0.0002
2054 0.005737324987075799 -0.01005347926712978 0.0002
2055 0.01734667004891728 -0.03327866379883088 0.0002
2056 0.005796751921999759 -0.02725813814056947 0.0002
2057 0.02309512568185948 -0.01840996566699874 0.0002
2058 0.01087626853484903 -0.003183675042340406 0.0002
2059 0.01136580917765339 -0.004596800475737581 0.0002
2060 0.01518889291028734 -0.009477897057937524 0.0002
2061 0.01392707982786126 -0.0009497839868851045 0.0002
2062 0.02496252642051021 -0.002935124316814305 0.0002
2063 0.0260458102663138 -0.001840067810188665 0.0002
2064 -0.05891495409333687 -0.0346050781599884 0.0002
2065 0.06129930445565313 0.03683493420415326 0.0002
2066 0.008707046289209749 0.00233153145111178 0.0002
2067 0.008762233152305647 0.00368735188961583 0.0002
2068 0.01048435687388365 0.002158988161918299 0.0002
2069 0.01125389329876883 0.002923319998841668 0.0002
2070 0.01204837878819209 0.001392147163146465 0.0002
2071 -0.01142000753114832 -0.0114283297658559 0.0002
2072 -0.007545098998024145 -0.002084380351755608 0.0002
2073 -0.01338520236162891 -0.002060438405778866 0.0002
2074 -0.01445242476745019 -0.002461345450967545 0.0002
2075 -0.01486033335980367 -0.003310245370699851 0.0002
2076 -0.01569182273131403 -0.002574055010831348 0.0002
2077 -0.01607190993324707 -0.003684175235224671 0.0002
2078 -0.01671933506701024 -0.002788892150886299 0.0002
2079 -0.01741002021440756 -0.003753649426350708 0.0002
2080 -0.01828668874951841 -0.00279197512595423 0.0002
2081 -0.01764001463079179 -0.001688876895301225 0.0002
2082 -0.01875321881548128 -0.00209536751297597 0.0002
2083 -0.0192317557518698 -0.002757026389674518 0.0002
2084 -0.01830883451826114 -0.001168252922776445 0.0002
2085 -0.01973386885625633 -0.002058417099999746 0.0002
2086 -0.02026281646105958 -0.002695722884767176 0.0002
2087 -0.02082687657367827 -0.001921541490236913 0.0002
2088 -0.02024098272342452 -0.001062845524840915 0.0002
2089 -0.01991945589673441 -0.003710252316646348 0.0002
2090 -0.02114528068451366 -0.003770288306887362 0.0002
2091 -0.01628361842696091 -0.005132282853789244 0.0002
2092 -0.0153549377901588 -0.001641096190357314 0.0002
2093 -0.01657959239652368 -0.001606974898732997 0.0002
2094 -0.02013387193439136 -0.005175414382657641 0.0002
2095 -0.02227427870861109 -0.005229138265892218 0.0002
2096 -0.02297573379318179 -0.003361974950117102 0.0002
2097 -0.02437504494690436 -0.00485062589887789 0.0002
2098 -0.02549660503291992 -0.003096175623996016 0.0002
2099 -0.02394603794162715 -0.00189137836898984 0.0002
2100 -0.02379930382120736 -0.007280085414148472 0.0002
2101 -0.0264382213072366 -0.004740649598395311 0.0002
2102 -0.02732127478758925 -0.002692139510394044 0.0002
2103 -0.02606139783135323 -0.001298453419018464 0.0002
2104 -0.02769925543721006 -0.0007993510857937441 0.0002
2105 -0.02995567904653633 -0.002161449515238967 0.0002
2106 -0.02645065228425787 0.000870404499078707 0.0002
2107 -0.02883830999136697 0.001537516053032147 0.0002
2108 -0.02710275136710407 0.003441575869863692 0.0002
2109 -0.0303874606235765 0.004471900193880982 0.0002
2110 -0.02737343010136654 0.006951518725707657 0.0002
2111 -0.03095604096085683 0.008504086899007585 0.0002
2112 -0.03503004759606987 0.005777079998924677 0.0002
2113 -0.01921716168754605 -0.001174194466148711 0.0002
2114 -0.01416872164307664 -0.001562362896138396 0.0002
2115 -0.02833054373611986 0.01205258241624063 0.0002
2116 -0.02412814309549917 0.006354434920038792 0.0002
2117 -0.009282942715260355 0.02910719178837866 0.0002
2118 0.009431434439443966 0.03231959403533012 0.0002
2119 -0.001493024930098749 0.02110861187389031 0.0002
2120 0.0009750549517418182 -0.005469262409160499 0.0002
2121 0.002715260083433788 -0.007343142113157091 0.0002
2122 0.03194573793076534 0.05273722265145436 0.0002
2123 0.01533292804035834 1.453364714791763e-05 0.0002
2124 0.001623713197132457 -0.01022341422077508 0.0002
2125 -0.002040724718149087 -0.0113341031889362 0.0002
2126 -0.01816683165000049 -0.005373556066502971 0.0002
2127 -0.01700302635542043 -0.007059304817717965 0.0002
2128 -0.02085574605681944 0.0005695694849793646 0.0002
2129 -0.02081208644621095 0.000273798626991068 0.0002
2130 0.01205929265820646 -0.008276227499371165 0.0002
2131 -0.01438412578789742 -0.004585988377957025 0.0002
2132 -0.01955818890020812 -0.00776630121865399 0.0002
2133 0.01286458535645107 0.001120475027029303 0.0002
2134 0.01269976932112495 0.001885422639326782 0.0002
2135 0.01228436294502742 -6.094454524249404e-05 0.0002
2136 0.006185782761454223 0.003588771871135675 0.0002
2137 0.0181710241627165 -0.05044094617469051 0.0002
2138 0.005091454279870692 -0.00587700209445054 0.0002
2139 -0.01353623981929292 -0.001317499879768999 0.0002
2140 -0.03344354453521812 -0.05248496763872598 0.0002
2141 0.0145200674583675 -0.0008839494668633889 0.0002
2142 0.01420029643096312 -0.001413147195255635 0.0002
2143 -0.03476068446472798 0.0613950119170821 0.0002
2144 0.01359488065475136 -0.001576449956513488 0.0002
2145 0.001463460429486556 -0.01471953355729065 0.0002
2146 -0.0246190681552635 0.009668457015096287 0.0002
2147 -0.02180447305797522 0.007993326966203189 0.0002
2148 -0.01664301055666005 -0.04836126569950485 0.0002
2149 0.03403879199990349 -0.0604941810361727 0.0002
2150 -0.004466898627481087 0.003093252692518629 0.0002
2151 -0.02109250518052701 0.002680166142004549 0.0002
2152 -0.007038268183106326 -0.005737765734384284 0.0002
2153 -0.007949839564309027 -0.00819645424843167 0.0002
2154 -0.0147619243615121 -0.006652868369225524 0.0002
2155 -0.01517121391501701 -0.009211139340157361 0.0002
2156 0.004531478320351833 0.004239685616193951 0.0002
2157 0.004088117234760931 0.006107970528100497 0.0002
2158 0.008404443305547812 -0.0006913871283225824 0.0002
2159 0.01555623547542024 0.04280548265617408 0.0002
2160 -0.03400119696258071 0.01278033856664167 0.0002
2161 0.01519161772116864 -0.00106376363863692 0.0002
2162 0.01570492186891102 -0.001052332785324525 0.0002
2163 0.01593098898947251 -0.0006837215084713161 0.0002
2164 0.01618759757893189 -0.001012671486888749 0.0002
2165 0.01641867360747719 -0.0007333583256327107 0.0002
2166 0.0161711709939267 -0.0003636500612930988 0.0002
2167 0.01665519020297738 -0.001005836114225369 0.0002
2168 0.01687709813800024 -0.0007265573329465456 0.0002
2169 0.01652532200181413 -0.0003733679048682 0.0002
2170 0.01710985765580549 -0.0009836844208508816 0.0002
2171 0.01732679995547919 -0.0007150154421909102 0.0002
2172 0.01755646483199966 -0.0009746086658764881 0.0002
2173 0.01776931709324994 -0.0007051535780976445 0.0002
2174 0.01754035845987481 -0.0003303730111787788 0.0002
2175 0.01799633151608805 -0.0009617589839374293 0.0002
2176 0.01820595169766647 -0.0006938326196641105 0.0002
2177 0.01797870025129282 -0.000323792893558962 0.0002
2178 0.01691116585755405 -0.0003715445779710927 0.0002
2179 0.01646256229830045 -0.001623938688792359 0.0002
2180 0.01842584167923679 -0.0009299417642494124 0.0002
2181 0.01863006269894246 -0.0006756285048306359 0.0002
2182 0.01841259480296142 -0.0003166992827218172 0.0002
2183 0.01785763277022079 -0.001437465959662121 0.0002
2184 -0.008104281070921164 -0.003985381752948329 0.0002
2185 -0.01858541200276703 0.0007254213180703346 0.0002
2186 -0.01830022127732604 0.0005212395727365177 0.0002
2187 -0.02183821681042188 -0.002742190893873254 0.0002
2188 -0.02066549148249103 0.002098075924136506 0.0002
2189 -0.02203305465599365 0.00275482739524417 0.0002
2190 -0.02293443517212522 0.002970858032079463 0.0002
2191 -0.0238776464786965 0.00308295305828228 0.0002
2192 -0.02464824632978997 0.002052195813888168 0.0002
2193 -0.02224565704943613 0.003850930263593036 0.0002
2194 -0.008674907286200177 0.001967608401972294 0.0002
2195 0.007454418048144922 0.004190636116098676 0.0002
2196 0.008843156182766489 0.00553107181321107 0.0002
2197 -0.01386670347401672 -0.0009028074374566882 0.0002
2198 -0.01450215261724413 -0.0009311744971703272 0.0002
2199 -0.01126510997111483 -0.0334235061925694 0.0002
2200 0.01028268604208025 -0.001034225060499019 0.0002
2201 0.04392887392856488 0.0623369297182904 0.0002
2202 -0.04417886806140846 -0.06229442374613621 0.0002
2203 -0.005092891954371942 0.005023567683801518 0.0002
2204 -0.0179115077191859 0.008217602854628818 0.0002
2205 -0.01319981202267707 0.001517629475769023 0.0002
2206 -0.0251727036207679 0.0008943409843612815 0.0002
2207 -0.02549682758449077 -0.0002078244954006115 0.0002
2208 -0.02434779721787685 0.001072807816857488 0.0002
2209 -0.02494711944299569 -0.001022770770765784 0.0002
2210 -0.01185780387004486 0.00449369823399659 0.0002
2211 0.01061461567078576 -0.001926694860788323 0.0002
2212 0.02716867003857482 -0.01545706719190392 0.0002
2213 0.03178319499757358 -0.01392576841236946 0.0002
2214 0.03634288899646428 -0.02012338227171651 0.0002
2215 0.04553295784781117 -0.01543250444402325 0.0002
2216 -0.02007798896336627 0.01372607331766786 0.0002
2217 -0.02857362431071221 -0.0136905026890344 0.0002
2218 -0.009913983591760897 -0.001390447878882301 0.0002
2219 -0.00904845060455872 -0.002585295001389336 0.0002
2220 0.009438829522896226 -0.004156091387434863 0.0002
2221 0.009825660932129044 -0.006366442472305915 0.0002
2222 0.01564000446020367 0.0003174512305619225 0.0002
2223 0.01595272299377532 0.0004936230078668305 0.0002
2224 0.01597179838459866 0.000927523323780065 0.0002
2225 0.01587943926137829 0.0002691807549096694 0.0002
2226 0.01625515661045637 0.0002656487812099246 0.0002
2227 0.01636707955015595 0.0006746635716238532 0.0002
2228 0.01654274850591904 0.0011986707362805 0.0002
2229 0.01667564940195159 0.0005438978101597377 0.0002
2230 0.01579642241692914 0.001589635214296703 0.0002
2231 0.01665062791858725 0.00197573900023714 0.0002
2232 0.01715579153819135 0.001350772058279418 0.0002
2233 0.01759366881743258 0.002117832237514744 0.0002
2234 0.01675464699456648 0.003114112757151632 0.0002
2235 0.01809040845362013 0.003407754903237325 0.0002
2236 0.01834033698085744 0.001524042454585338 0.0002
2237 0.01697250379488069 0.004675094784538322 0.0002
2238 0.01882550622727814 0.005199616581210226 0.0002
2239 0.01721334027460631 0.007213069998613865 0.0002
2240 0.01980592002223312 0.003709150912011547 0.0002
2241 0.01792073100718711 0.0006371392936884772 0.0002
2242 0.02097468888035395 0.005420369976240705 0.0002
2243 0.0228802667981543 0.00386907465533214 0.0002
2244 0.02131222247073209 0.00189599315262453 0.0002
2245 0.01548998751752503 0.003925018285839433 0.0002
2246 0.02338876783033638 0.006224524097752136 0.0002
2247 0.02515515945103521 0.004266418238506092 0.0002
2248 0.02145752437527422 0.008581538419003925 0.0002
2249 0.01829953062393851 0.009823053392176109 0.0002
2250 0.02156407854476172 0.01333013683994162 0.0002
2251 0.01438852101901073 0.009208289251891015 0.0002
2252 0.01568998041108954 0.01355691635920602 0.0002
2253 0.01020431860601402 0.01212461512075869 0.0002
2254 0.0183479021432594 0.01781850386220684 0.0002
2255 0.02403120202644194 0.002236162610374837 0.0002
2256 0.02469107844180579 0.009431949573189453 0.0002
2257 0.0265869650121377 0.01354469366587559 0.0002
2258 0.01215651378694516 0.01778162281684762 0.0002
2259 0.0265220743470807 0.002209535946908571 0.0002
2260 0.02815162565731508 0.004465917828480222 0.0002
2261 0.005767611461055922 0.01644421644480313 0.0002
2262 0.005002034238483478 0.01156764253914701 0.0002
2263 0.0005338917126323201 0.01478423204718511 0.0002
2264 0.01083744733083599 0.008122594029425719 0.0002
2265 0.01306327599570504 0.006343829584527037 0.0002
2266 0.01718089737337197 0.02437358593933504 0.0002
2267 0.02517003778487525 0.001250338410994091 0.0002
2268 0.02415367275424556 0.001130020887770808 0.0002
2269 0.02301386673221038 0.001509729300662711 0.0002
2270 0.0231147050993817 0.0006842302919913702 0.0002
2271 0.02684688879405083 5.768412556280391e-05 0.0002
2272 -0.004883286501718992 0.01627828170875881 0.0002
2273 -0.009679509354616414 0.0201309134482324 0.0002
2274 0.007598270935570409 0.008564822540884996 0.0002
2275 0.01929323392443099 0.002421918372718144 0.0002
2276 0.01950956386198478 0.00140961602594761 0.0002
2277 -0.01806585217578777 0.002956031983639635 0.0002
2278 -0.01746064302382896 0.003860783707353817 0.0002
2279 0.03278565717439791 0.004455233323774213 0.0002
2280 0.05360134926057401 0.005151765128059219 0.0002
2281 -0.002683051409972235 0.006524284239691271 0.0002
2282 -0.01076854698054937 0.005622199455911515 0.0002
2283 -0.01267454356110301 0.00596189820929304 0.0002
2284 -0.01092611270095022 0.0003539497194753057 0.0002
2285 -0.01602043200004807 -0.001725487896920236 0.0002
2286 -0.01572911836054585 -0.001153252604437735 0.0002
2287 -0.01512058938595511 -0.0009986347478384726 0.0002
2288 -0.01555823049081782 -0.000690330214399748 0.0002
2289 -0.01602557224549455 -0.0007282854746234648 0.0002
2290 -0.01514272355213587 -0.0005527436644773493 0.0002
2291 -0.01624929644758416 -0.001176111861190765 0.0002
2292 -0.01645242613206728 -0.0007448810583992531 0.0002
2293 -0.01619963589090549 -0.0004466739347479022 0.0002
2294 -0.01651474597267341 -0.0004486890220800996 0.0002
2295 -0.01679837496714351 -0.0007006951609557442 0.0002
2296 -0.01680596741343585 -0.0004179624830519455 0.0002
2297 -0.01710968918140562 -0.0006411965859093421 0.0002
2298 -0.0171290658849674 -0.0003687231925722408 0.0002
2299 -0.01741153739974883 -0.0005873175749697108 0.0002
2300 -0.01754621192635829 -0.0002998322963518477 0.0002
2301 -0.01772922667386461 -0.0005837408209838472 0.0002
2302 -0.01762112436384366 -0.0008675220389106217 0.0002
2303 -0.01704632548360716 -0.0009902582928760352 0.0002
2304 -0.01590534738327774 -0.0004447401093077229 0.0002
2305 -0.01798601882838205 -0.0008128708104199513 0.0002
2306 -0.01799576937355552 -0.0005428214142569449 0.0002
2307 -0.01832060856316383 -0.0006708103580904732 0.0002
2308 -0.01839678087600882 -0.0003468527854386051 0.0002
2309 -0.01863784230897376 -0.0006286602211824487 0.0002
2310 -0.01541809073090745 -0.0003828832714527628 0.0002
2311 -0.0151378895687971 -0.000203748633803148 0.0002
2312 -0.01482605673859586 -0.0003432812972986525 0.0002
2313 -0.01484771234864308 1.198928679900533e-05 0.0002
2314 -0.01516462189771156 0.0001257990006246749 0.0002
2315 -0.01488427186317176 0.0003864780658809817 0.0002
2316 -0.01529242843919488 0.0005260066720210645 0.0002
2317 -0.01490436152313821 0.0008429906743651136 0.0002
2318 -0.0144801309332649 0.0006541680943179518 0.0002
2319 -0.01539540065313256 0.00102683783775092 0.0002
2320 -0.01572688602493384 0.0006793439537131467 0.0002
2321 -0.01541151544361819 -0.0001032885917931519 0.0002
2322 -0.02 -0.0001 0.0002
2323 -0.01563503132163318 0.0003809658612747067 0.0002
2324 -0.01595435700033418 0.0003681849816570682 0.0002
2325 -0.01617746925922623 0.000739651234166679 0.0002
2326 -0.01632439762375155 0.0004017464098695319 0.0002
2327 -0.01844799710713317 0.0002730726974524397 0.0002
2328 -0.01617929443610612 0.0001022326237584214 0.0002
2329 -0.01647187778947666 0.0002404745545522413 0.0002
2330 -0.01662927486175904 0.0003944007865940704 0.0002
2331 -0.01667872062323423 0.0001255063519874984 0.0002
2332 -0.0168927503974029 0.0003397504289873705 0.0002
2333 -0.01699124127097294 0.0001177032299789938 0.0002
2334 -0.01716598745412249 0.0003570874331996348 0.0002
2335 -0.01805868898777466 0.0003868649112395243 0.0002
2336 -0.01653879803347665 0.0007219234241668317 0.0002
2337 -0.01588147356753488 0.0001689069717019765 0.0002
2338 -0.01709207448998723 0.0006209532934685161 0.0002
2339 -0.01449849661953521 -0.0001402305768372473 0.0002
2340 -0.0178663266290199 -0.001251241536616652 0.0002
2341 -0.01740497597532523 -0.00123899598300896 0.0002
2342 -0.01448380856303711 0.00138063688543143 0.0002
2343 -0.01390730853398902 0.0009389412444405044 0.0002
2344 -0.01546965929614191 0.0001570012353789383 0.0002
2345 -0.01740984542850644 0.0005366494964237419 0.0002
2346 -0.01742315477947826 0.0003063175818954859 0.0002
2347 -0.03297409035317393 0.0008920284059226689 0.0002
2348 -0.03922716509302946 -7.867694490401791e-05 0.0002
2349 -0.0503486750490746 -0.005859730207270722 0.0002
2350 -0.03440587976846449 -0.004194199350158808 0.0002
2351 -0.01093742921806098 -0.0009825107121547588 0.0002
2352 0.01688511232409666 0.0008225540616476904 0.0002
2353 0.01713882842417278 0.0003844962344008326 0.0002
2354 0.01569658709682027 -0.0004998501153494632 0.0002
2355 0.02129762654303143 -0.002829892044550855 0.0002
2356 -0.01799546507460939 0.0006390145401074707 0.0002
2357 -0.01651010153824065 0.00122283095725569 0.0002
2358 -0.0214672113817609 0.00070515261557391 0.0002
2359 0.01505825969279533 0.001319138908534022 0.0002
2360 0.01494287904324057 0.002092360625044049 0.0002
2361 0.01406432729681025 0.002469507791964414 0.0002
2362 -0.01420092927508931 -0.0005398267572185187 0.0002
2363 0.002300620015233313 0.007142854323364144 0.0002
2364 -0.01478097550986332 -0.001394873707557981 0.0002
2365 0.01572207070839799 0.002637978855439814 0.0002
2366 -0.01032994925487112 -0.0003456989410645564 0.0002
2367 0.009685753290064984 0.001689279248801774 0.0002
2368 -0.005928884832257192 -0.01067250279207871 0.0002
2369 0.009821354008686677 0.00288906556609387 0.0002
2370 0.0103443160542865 0.004188672072813653 0.0002
2371 0.0120297674123274 0.004354311493660209 0.0002
2372 0.01114071547998411 0.00578166692244429 0.0002
2373 -0.002113855312551024 0.00928125137455026 0.0002
2374 0.001179743464969738 0.01007473920752981 0.0002
2375 -0.01856781534661374 -0.0009115496692259066 0.0002
2376 -0.01896193328274547 -0.0008392276153147494 0.0002
2377 -0.01876420494741828 -0.001341702936469791 0.0002
2378 -0.01937129239042103 -0.0007870823247944256 0.0002
2379 -0.01896902159087975 -0.0004184824823653226 0.0002
2380 -0.01971844058426328 -0.001186053215912393 0.0002
2381 -0.01998816767578937 -0.0008021783887015617 0.0002
2382 -0.02050079142172122 -0.0008465782566903337 0.0002
2383 -0.02061321555004662 -0.0004299522507503762 0.0002
2384 -0.01955189215564878 -0.0004280599479509564 0.0002
2385 -0.02068370533204421 -0.001199923678928639 0.0002
2386 -0.02099159636841757 -0.0008938905687547108 0.0002
2387 -0.02121952721201847 -0.001255338785618618 0.0002
2388 -0.02152613679692935 -0.0009263948509375741 0.0002
2389 -0.02128478491920856 -0.0004535793805281482 0.0002
2390 -0.02173826206306997 -0.001175130117883131 0.0002
2391 -0.02207340955819064 -0.0009319512878881867 0.0002
2392 -0.02225639820750207 -0.001302188318809123 0.0002
2393 -0.02264378693690409 -0.0009805497135152311 0.0002
2394 -0.02248996021740376 -0.0004892144357323153 0.0002
2395 -0.02201902321267161 -0.0004879070965949969 0.0002
2396 -0.02083910901324379 -0.0005364187551546373 0.0002
2397 -0.02292574280206227 -0.001346799499367905 0.0002
2398 -0.02329564162707248 -0.001002393781038552 0.0002
2399 -0.02309864125051461 -0.0005348270976237451 0.0002
2400 -0.02164168718591362 -0.001872968599010822 0.0002
2401 -0.02248144358279089 -0.002100863001122377 0.0002
2402 -0.01568195985768297 -0.0004570432051917466 0.0002
2403 -0.01668445292476052 -0.001103205973039327 0.0002
2404 -0.01547258678704293 0.006031216954778224 0.0002
2405 -0.01412333976384949 0.007218371949918715 0.0002
2406 0.01551783932535835 -0.0003541697630627104 0.0002
2407 0.01593067059915303 -0.0004662099831095325 0.0002
2408 0.02513117882171622 0.01901230188514899 0.0002
2409 0.02104558812563316 0.03308040360248931 0.0002
2410 0.02370069870872355 -0.00126098712110284 0.0002
2411 0.02361477987527931 -0.0007382377520738856 0.0002
2412 0.02311621457522204 -0.0006567686898505842 0.0002
2413 0.02341229507332164 -0.0003756746593931826 0.0002
2414 0.02411036731948769 -0.0006696524916349681 0.0002
2415 0.02286532398355879 -0.0009548056532634549 0.0002
2416 0.0226078052843498 -0.0005936737077166721 0.0002
2417 0.02212624054118998 -0.0006911041323649289 0.0002
2418 0.02217377886694691 -0.0003782668546111166 0.0002
2419 0.007417894722641019 -0.007303785027986678 0.0002
2420 0.009230249602802554 -0.008720788889765565 0.0002
2421 -0.02118513842948183 0.0005700171798822855 0.0002
2422 0.02041467373247648 0.002347039983653099 0.0002
2423 0.02062086432091616 0.001395029031789901 0.0002
2424 0.02150779797487158 0.000844337562636694 0.0002
2425 0.02134178555659021 0.003167425428214955 0.0002
2426 -0.02239942729495531 0.005336298094086569 0.0002
2427 -0.06216834302444248 0.0433122932092569 0.0002
2428 -0.01285155735912451 -0.008350104644128831 0.0002
2429 -0.01077260792903035 -0.00810683458062535 0.0002
2430 0.009658049089365657 -0.001582948168384703 0.0002
2431 -0.01924955387376686 0.00110361018170669 0.0002
2432 -0.02376625329929355 0.001501120272085929 0.0002
2433 -0.02368366264823209 0.000452834387618866 0.0002
2434 0.008545939758632177 -0.0212799661854208 0.0002
2435 -0.01949344853785239 0.0008224829719568387 0.0002
2436 0.02135933718146471 -0.001918465801584955 0.0002
2437 0.02079875167042906 -0.001341664920962838 0.0002
2438 0.02008449672288884 -0.00165340521330625 0.0002
2439 0.02030198346398011 -0.0009740301876629904 0.0002
2440 0.0208633877452057 -0.0008457143927503697 0.0002
2441 0.01957304439168304 -0.00125455344121235 0.0002
2442 0.01978728586336109 -0.0006527716742143581 0.0002
2443 -0.02216146555101524 0.001999816087265358 0.0002
2444 0.01741813754613241 0.0007765023229471924 0.0002
2445 0.017629201094043 0.000503205626246426 0.0002
2446 0.01766760816208302 0.000314458934073563 0.0002
2447 0.01826846614323365 0.0005005682320387551 0.0002
2448 0.01840346093358421 0.0001133566824133637 0.0002
2449 0.01868191188556863 0.0004043516594543745 0.0002
2450 0.0186651401751406 0.0006719978925305303 0.0002
2451 0.01902870017352082 0.000565277815920111 0.0002
2452 0.01890124300494901 0.001077853326679317 0.0002
2453 0.01948151766843605 0.0006984277960572902 0.0002
2454 0.01948845108400902 0.0003153295193449255 0.0002
2455 0.02000123120595696 0.0005695585333738339 0.0002
2456 0.01989104929829423 0.0001227612889797229 0.0002
2457 0.0190951161162667 0.000258987505989441 0.0002
2458 0.02003217627771542 0.001083934924658742 0.0002
2459 0.0204256195864909 0.0007574373020353891 0.0002
2460 0.02025428131014717 0.0003684633806072938 0.0002
2461 0.02072366465681424 0.0003849272460170169 0.0002
2462 0.02092307407918282 0.0008354484791527778 0.0002
2463 0.02122301223334516 0.0006177939129815083 0.0002
2464 0.02156908986388817 0.0004455382832661467 0.0002
2465 0.02203824006717264 0.0007879735595185802 0.0002
2466 0.02204272804582308 0.0003684009226463912 0.0002
2467 0.02247183138202312 0.0006814608435785164 0.0002
2468 0.02264780242716638 0.0002396173507097714 0.0002
2469 0.02179101559091755 0.001316007186504988 0.0002
2470 0.01552411375429172 0.001068431068247907 0.0002
2471 -0.01449020084739444 0.0001971014597474489 0.0002
2472 0.03095499432546648 0.01462218121010521 0.0002
2473 0.01247966064100001 0.00308094454607269 0.0002
2474 0.01377473999922009 0.003730799250056966 0.0002
2475 0.00610277025423201 0.00565438061679384 0.0002
2476 0.0244347114274354 -0.003938374966350049 0.0002
2477 -0.03393636471458735 -0.01386887856053247 0.0002
2478 -0.02699306138716113 -0.009910448784723925 0.0002
2479 0.004480969237539447 -0.004038242283826864 0.0002
2480 -0.01868731327678304 -0.003987783304591369 0.0002
2481 -0.04323988797620507 0.008074877583791173 0.0002
2482 -0.05876496308387484 0.008005021202188505 0.0002
2483 -0.01043724946348671 -0.002606886589355669 0.0002
2484 0.01655351277000962 -0.002322752916470574 0.0002
2485 0.005724312738848815 3.298284756250697e-05 0.0002
2486 -0.01856018181179849 0.001113267870072019 0.0002
2487 -0.01589619071298276 0.001162717909614121 0.0002
2488 -0.01886678021083584 0.003039788687939967 0.0002
2489 -0.01772557813395894 0.0004429469126136966 0.0002
2490 -0.01783518709352616 0.0001376316977708382 0.0002
2491 -0.01742565719649174 0.0009014337481374859 0.0002
2492 0.02508853174528993 -0.0001276489144333765 0.0002
2493 -0.02378868715635192 0.0009193639557004269 0.0002
2494 -0.02407980177139019 0.0004705865436557628 0.0002
2495 -0.02393706850014117 0.0002109189502773684 0.0002
2496 -0.02368905274220293 0.0001815725260278645 0.0002
2497 -0.02472336847291472 0.0003246522817491511 0.0002
2498 0.0240683088020953 -0.001677060198244987 0.0002
2499 -0.02204230871134527 0.01098015226058775 0.0002
2500 -0.01289338335585312 -0.001252625962977922 0.0002
2501 0.01885263006701728 -0.0009123338391190571 0.0002
2502 0.01905343283476321 -0.000616649248865196 0.0002
2503 0.01884108135579809 -0.0003116708584285954 0.0002
2504 -0.01667272692284373 0.01760161446569354 0.0002
2505 -0.01505100240902775 0.00138458023982967 0.0002
2506 -0.01552417820826871 0.001630655668809561 0.0002
2507 0.02025404629121668 -0.006316374323922519 0.0002
2508 0.01928654617515278 -0.007905616275655933 0.0002
2509 0.0216694700927159 -0.006207824037843065 0.0002
2510 0.01550026967697332 0.0001441730317197764 0.0002
2511 -0.0168185539993031 0.0006154932568569966 0.0002
2512 -0.01329138291560958 -0.0008145732533575658 0.0002
2513 -0.01950532761641142 0.00734328668404572 0.0002
2514 0.02200358750854748 -0.001092034937530009 0.0002
2515 0.02175787883362334 -0.0007694439675613039 0.0002
2516 0.02183399223056784 -0.0004541003234609119 0.0002
2517 0.02143936611670563 -0.0005657688369482991 0.0002
2518 0.02138833225133242 -0.0007976971364595911 0.0002
2519 0.02118412406486409 -0.0005929519432411223 0.0002
2520 0.02158784692459128 -0.001143252374877312 0.0002
2521 0.01706841550104491 -0.005636976155660906 0.0002
2522 -0.01970702517193708 -0.0006913445721248353 0.0002
2523 -0.01931009422443055 -0.0005637227484752077 0.0002
2524 -0.01999876219296951 -0.0003990158280787675 0.0002
2525 -0.0191530853721192 -0.0006521287927374262 0.0002
2526 0.01328396899866122 0.0006587591920840567 0.0002
2527 -0.01572216198170926 0.000212211373256789 0.0002
2528 0.01741465801610407 -0.007677343159559123 0.0002
2529 0.01516556053112187 -0.006850512288794217 0.0002
2530 -0.02892460793438017 -0.005684184147132743 0.0002
2531 -0.02841287666819296 0.0176822789171844 0.0002
2532 0.01888765639763314 0.001749784499276013 0.0002
2533 0.0004250010494946736 -0.05798095116937656 0.0002
2534 0.01926177764730283 0.0004228826637472027 0.0002
2535 0.01523636588346725 0.006023486634502333 0.0002
2536 -0.02441683960423787 0.01362399610332395 0.0002
2537 -0.01779546738963989 0.004983879090120651 0.0002
2538 0.02390816762476695 -0.0008836930361177049 0.0002
2539 0.0245484979543571 -0.0007534225525274328 0.0002
2540 0.02400020820839932 -0.00041833808031384 0.0002
2541 0.02423027727821246 -0.0004569593698210116 0.0002
2542 0.02382447600517125 -0.0005528433006841783 0.0002
2543 0.0235996652263127 -0.0002749537643660944 0.0002
2544 -0.0173222387005693 -0.0008620544808022069 0.0002
2545 -0.01736912190963059 0.006447489192529148 0.0002
2546 0.01927679772326782 -0.0009482080703442355 0.0002
2547 0.01943086795629346 -0.0006365572077911527 0.0002
2548 0.01933224304093366 -0.0003504082145748543 0.0002
2549 0.01961850760792927 -0.0004984941869300821 0.0002
2550 0.01984900495854373 -0.000445011200632473 0.0002
2551 0.02008979606668301 -0.0006493448383517292 0.0002
2552 0.02022611642112432 -0.0003068508879144783 0.0002
2553 0.02042414419470353 -0.000552659650098038 0.0002
2554 0.02287323258588366 0.00101388821298059 0.0002
2555 0.02348208792261346 0.001077852934919996 0.0002
2556 0.02379002064842562 0.0005118262411578398 0.0002
2557 0.0233189686948535 0.000189787339650526 0.0002
2558 0.02439430945133724 0.0005507942833179366 0.0002
2559 0.02409886492953957 0.000303313697606302 0.0002
2560 0.02377866529818404 0.000141134131333176 0.0002
2561 0.02383932771034298 5.083959073197801e-05 0.0002
2562 0.02340863565795916 0.0004889264573091376 0.0002
2563 0.0230620755870816 0.000419067568132912 0.0002
2564 0.02283392941630729 0.0006076528534786319 0.0002
2565 0.02363059238601303 0.0002661920930136867 0.0002
2566 -0.005368894719296669 0.002223869007685971 0.0002
2567 -0.01661050668253706 -0.01256306088811405 0.0002
2568 -0.02480975317614016 -0.00201581620691785 0.0002
2569 -0.02421346081373143 -0.001219982390525424 0.0002
2570 -0.0244391708204209 -0.00061477339518199 0.0002
2571 -0.02404590332096938 -0.000625384992067878 0.0002
2572 -0.02362774787709375 -0.0002967540916547546 0.0002
2573 -0.02411073725935156 -0.0004342281197261556 0.0002
2574 -0.02368410359601167 -0.0005959752482975147 0.0002
2575 -0.01786553556880242 -0.009451185385508487 0.0002
2576 0.01779583594895602 0.00112050076388581 0.0002
2577 0.01434787432797747 -6.073660506697361e-05 0.0002
2578 -0.02342463973291005 0.004214062982948018 0.0002
2579 -0.02503415085118977 0.004209138108783358 0.0002
2580 0.02123099488732404 0.001257363082541778 0.0002
2581 -0.02471112339311108 -0.000286786063266539 0.0002
2582 0.01831529221005397 0.0009220169939013711 0.0002
2583 0.01839390421594347 0.002315492316449653 0.0002
2584 0.0182324382564738 -0.001367267679753655 0.0002
2585 0.01552446965002586 -0.0001 0.0002
2586 0.02 -0.0001 0.0002
2587 0.02378229764710293 -0.01455306271757619 0.0002
2588 0.01691604878608153 -0.001428376391902299 0.0002
2589 -0.01407074717470502 0.0003521784513460294 0.0002
2590 0.01735019773477567 -0.001428492737690888 0.0002
2591 0.02870340688630415 -0.01095065582824982 0.0002
2592 -0.0215795196572808 -0.006964112845969173 0.0002
2593 -0.02048047759850496 0.005810891349414098 0.0002
2594 -0.002988801532057226 -0.02936601840758408 0.0002
2595 0.05716801642224315 0.02162033191800527 0.0002
2596 0.02356813830220087 -0.0005101301239125535 0.0002
2597 0.0193911707418348 0.007257063386009327 0.0002
2598 0.02830233631216778 0.008116382365861562 0.0002
2599 -0.02368716436371375 -0.0009000800103523805 0.0002
2600 -0.02339450790776854 -0.0006890555974930016 0.0002
2601 -0.02355315504097846 -0.001389948299305026 0.0002
2602 0.01253305322334054 -0.006054337438232781 0.0002
2603 -0.007624708442821762 0.0003889239479219467 0.0002
2604 -0.01975617972696462 -0.01558144223795897 0.0002
2605 -0.02369856258887502 -0.01300296506056944 0.0002
2606 -0.02332041791417929 -0.002169541183699478 0.0002
2607 -0.01482258291414017 -0.0006587414688967244 0.0002
2608 0.01195244421427648 0.002222865208649719 0.0002
2609 -0.006662637148009016 0.01192795295806188 0.0002
2610 0.0005444664766983039 0.0294286200511066 0.0002
2611 0.02226871731563087 -0.001459565630448951 0.0002
2612 0.01562160860646407 -0.005118169901234285 0.0002
2613 0.01595629255566775 -0.001492607363795344 0.0002
2614 0.01595263748221059 -0.002092842230161626 0.0002
2615 -0.002727779576859272 0.01227388430410132 0.0002
2616 -0.01892245155215127 0.001346734567267239 0.0002
2617 0.01282991216781812 -0.004613839769180987 0.0002
2618 -0.02112722276706934 0.001905219108332939 0.0002
2619 -0.0226977211772618 -0.03429206091818552 0.0002
2620 0.00453680043715399 0.008373219354018767 0.0002
2621 0.01345247886352365 0.001807576687387602 0.0002
2622 0.01947203629030984 -0.0231093642938133 0.0002
2623 0.01474936064193708 0.003049438735579625 0.0002
2624 0.05987502642621785 -0.03081625072137091 0.0002
2625 -0.02344677967304711 0.0007604949125193214 0.0002
2626 -0.02326750509423478 0.0004701506524852445 0.0002
2627 -0.02292339350760047 0.0001843444464186877 0.0002
2628 -0.02297185349158177 0.0003430805099798821 0.0002
2629 -0.02339478250159041 0.000248906651106495 0.0002
2630 -0.0391836338159325 0.01847576812550017 0.0002
2631 0.02016057900906812 -0.00266153081600601 0.0002
2632 -0.004920171417037609 -0.001339854782028064 0.0002
2633 -0.01424557089858059 0.002195207731902425 0.0002
2634 0.02009690053624611 0.001717164695047704 0.0002
2635 0.02058127467309799 -0.0008332417059971574 0.0002
2636 0.02065842329898192 -0.000459207073912969 0.0002
2637 0.02117273867294486 -0.001047022861845112 0.0002
2638 0.01891994648843726 -0.002021381586857391 0.0002
2639 -0.01698070212163734 -0.001400314566081169 0.0002
2640 0.02287587760422233 -0.0005910934792440002 0.0002
2641 0.02296601935495983 -0.0003960745751335429 0.0002
2642 0.02250588048327827 -0.0003480859493942919 0.0002
2643 0.0230448567475612 -0.0005178252452883833 0.0002
2644 -0.01308367561283902 0.004703230463888842 0.0002
2645 0.01407251603033445 -0.002000985801291762 0.0002
2646 0.00726464976790276 0.0235760418602188 0.0002
2647 0.01478052290295811 -0.001666467247661174 0.0002
2648 -0.02415393213415877 -0.002897585372099696 0.0002
2649 -0.02384739641549159 0.0003289781018949655 0.0002
2650 0.02337884787182821 -0.00061017059142938 0.0002
2651 -0.01816105168436132 -0.001824859275407929 0.0002
2652 0.008866076739629783 -0.001497615676222051 0.0002
2653 0.01772862301969018 -0.002052729040831182 0.0002
2654 0.02318364672457859 -0.0005113027522190147 0.0002
2655 -0.009402016654014413 0.002313474778168637 0.0002
2656 -0.007820478094698784 -0.0008090595576265364 0.0002
2657 0.03044743027631831 -0.02575097743660364 0.0002
2658 -0.02109612146857016 -0.002641216271153755 0.0002
2659 0.02069576554194751 -0.0006472386108985681 0.0002
2660 -0.02297374873220499 -0.0008043033559910633 0.0002
2661 -0.02271669286716703 -0.0007177996893613189 0.0002
2662 0.02092383746825554 -0.0006001725886444074 0.0002
2663 0.02125232542720679 -0.000335906325415739 0.0002
2664 0.02110648404052052 -0.0007767117845881204 0.0002
2665 -0.01784932443105974 0.0009394948319940078 0.0002
2666 -0.02312654296313965 0.0008648183404658794 0.0002
2667 0.0161847329344679 -0.000583828230433785 0.0002
2668 0.01638931699069747 -0.0005271738572980484 0.0002
2669 -0.01644523885751435 -0.002156750893265687 0.0002
2670 0.02319817005583843 -0.001545272637830273 0.0002
2671 -0.01553514826098981 0.05413834145684546 0.0002
2672 -0.02100221511212014 0.000434703389312131 0.0002
2673 0.02907201245086131 -0.001542322314151895 0.0002
2674 0.02239832216546859 0.002155273936342476 0.0002
2675 -0.02237732719880772 -0.0007801038439442388 0.0002
2676 -0.02215446797750713 -0.000689190038643538 0.0002
2677 -0.03747768874266352 -0.01777487628727153 0.0002
2678 -0.03648507027441486 -0.02481292056876711 0.0002
2679 0.01945925016597488 -0.001695673599630438 0.0002
2680 0.01822445376524902 -0.002684823577666281 0.0002
2681 0.01960449621779755 -0.0008957634459268827 0.0002
2682 -0.02026662240199083 -0.0006731044324769449 0.0002
2683 -0.02059229496300996 -0.0006381930154555362 0.0002
2684 -0.02076327865852188 -0.0007563565280737358 0.0002
2685 -0.02103031002651748 -0.0006751266500309413 0.0002
2686 0.02319572840711485 0.0001231762701372362 0.0002
2687 0.01863653107580187 -0.001397192645508651 0.0002
2688 -0.04331396745324456 0.02561512201836659 0.0002
2689 0.01976781490971778 0.0003634251536696215 0.0002
2690 0.003801338781851778 -0.01914077892907164 0.0002
2691 -0.02027034812480786 0.0004347511335711711 0.0002
2692 -0.01354939094704741 0.002108309637775991 0.0002
2693 0.01664668541580144 -0.0005816647642624479 0.0002
2694 0.01681204741967053 -0.0005256195690905823 0.0002
2695 0.01531594378748737 -0.002474088792493601 0.0002
2696 0.02243108475394599 0.001244055506597977 0.0002
2697 0.02404006943296167 -0.0003375628036252365 0.0002
2698 -0.02182413859712448 -0.0007705911999849134 0.0002
2699 -0.02158537293982592 -0.0006747721091378214 0.0002
2700 -0.01581148612517991 -0.0005764319451429074 0.0002
2701 -0.01729796120949776 0.001323778763819809 0.0002
2702 -0.01750806272180486 0.001714085710989302 0.0002
2703 0.01459784143919697 -0.0004232240632478623 0.0002
2704 0.01708515138511866 -0.0005925045912224747 0.0002
2705 0.01728178910038237 -0.0005151511101377585 0.0002
2706 0.02385749984543335 0.0002360146303169569 0.0002
2707 -0.01366919931243854 3.052847080170263e-05 0.0002
2708 -0.003314021668938323 -0.008944189695229136 0.0002
2709 -0.03084213047521456 0.02463746419765787 0.0002
2710 -0.0209306771860978 0.02236925013339915 0.0002
2711 -0.01454621439725512 -0.0004958209855485516 0.0002
2712 -0.02127278117319561 -0.0007353880176434742 0.0002
2713 -0.02610604787937792 -0.006493198768655668 0.0002
2714 0.01754546984388513 -0.0005663179281255362 0.0002
2715 0.017763691483477 -0.0004965000390945102 0.0002
2716 -0.01804442881147887 0.001371131061983521 0.0002
2717 0.01798500403711124 -0.000585579547462368 0.0002
2718 0.01820015801843819 -0.0004933458585007287 0.0002
2719 0.01841706283549385 -0.0005838140303740254 0.0002
2720 0.01862892311083736 -0.0004847997133690731 0.0002
2721 -0.01306566943716928 -0.000369600898981259 0.0002
2722 0.02134368984538699 -0.001398760688759042 0.0002
2723 -0.02313938364875186 0.0003116205649975773 0.0002
2724 0.01457226258456042 0.0003109573370579928 0.0002
2725 0.005143048083077909 0.05688503519775368 0.0002
2726 -0.02023502140535639 -0.001758031633784671 0.0002
2727 -0.0192295910975721 -0.001771518960166642 0.0002
2728 -0.02213195492198606 -0.009369624948493549 0.0002
2729 0.01997859418102904 0.000356052089157618 0.0002
2730 0.01569491343091705 -0.0007392995242177701 0.0002
2731 -0.01714830558515561 -0.001881364608398116 0.0002
2732 -0.01752732610760734 -0.002443281033216208 0.0002
2733 -0.01646333912855688 0.00191063939630651 0.0002
2734 0.01990685045439894 -0.001013311466779093 0.0002
2735 0.03442801491070296 0.0249850632292827 0.0002
2736 -0.01485035547009496 -0.001922451093494652 0.0002
2737 0.01322488660930411 0.002590923637540901 0.0002
2738 0.02596910007986705 0.006566379373579628 0.0002
2739 -0.01949487271191823 -0.0006014165310565586 0.0002
2740 0.02235009458777668 -0.0005499123158012034 0.0002
2741 -0.02274024082581103 0.0007932046252961267 0.0002
2742 -0.02141213108451451 0.00347232513286828 0.0002
2743 -0.02276647300724798 0.0005385737168722431 0.0002
2744 0.01882208536735868 -0.0005688545345883631 0.0002
2745 0.02810678103631594 0.03286835460844452 0.0002
2746 0.07165063509461086 -0.0625 0.0002
2747 0.06250000000000001 -0.07165063509461095 0.0002
2748 0.06667160368497366 -0.06648224367686313 0.0002
2749 0.06994251508838899 -0.06963953907541212 0.0002
2750 0.07115295077359469 -0.0678583311466706 0.0002
2751 0.06795679835088808 -0.07105448356937723 0.0002
2752 0.07278708842046192 -0.0727870884204619 0.0002
2753 -0.0727870884204619 0.0727870884204619 0
2754 -0.06634083574303842 0.06503300042955218 0
2755 -0.07129014614522812 0.06115463692533613 0
2756 -0.07082589915533802 0.06665055619363058 0
2757 -0.06925408700136992 0.06925408700136992 0
2758 -0.06404863463051379 0.07105481727624512 0
2759 -0.06849314865324038 0.07195222606940374 0
2760 -0.0727870884204619 0.0727870884204619 0.0002
2761 -0.06634083574303842 0.06503300042955218 0.0002
2762 -0.07129014614522812 0.06115463692533613 0.0002
2763 -0.07082589915533802 0.06665055619363058 0.0002
2764 -0.06925408700136992 0.06925408700136992 0.0002
2765 -0.06404863463051379 0.07105481727624512 0.0002
2766 -0.06849314865324038 0.07195222606940374 0.0002
2767 0.0625 0.07165063509461086 0
2768 0.07165063509461095 0.06250000000000001 0
2769 0.06648224367686313 0.06667160368497366 0
2770 0.06963953907541212 0.06994251508838899 0
2771 0.0678583311466706 0.07115295077359469 0
2772 0.07105448356937723 0.06795679835088808 0
2773 0.0727870884204619 0.07278708842046192 0
2774 0.0625 0.07165063509461089 0.0002
2775 0.07165063509461095 0.06250000000000001 0.0002
2776 0.06648224367686312 0.06667160368497366 0.0002
2777 0.06963953907541214 0.06994251508838899 0.0002
2778 0.06785833114667061 0.07115295077359471 0.0002
2779 0.07105448356937724 0.0679567983508881 0.0002
2780 0.0727870884204619 0.07278708842046192 0.0002
2781 0.00577163859753386 0.001148050297095269 -0.0009000000000000003
2782 0.005771638597533859 -0.001148050297095271 -0.0008999999999999999
2783 0.004892958941093504 0.003269370640654912 -0.0008999999999999999
2784 0.004892958941093502 -0.003269370640654914 -0.0009000000000000001
2785 0.003269370640654912 0.004892958941093503 -0.0009000000000000001
2786 0.003269370640654913 -0.004892958941093503 -0.0009000000000000001
2787 0.00114805029709527 0.00577163859753386 -0.0008999999999999999
2788 0.001148050297095269 -0.00577163859753386 -0.0009000000000000001
2789 -0.001148050297095268 0.005771638597533861 -0.0009000000000000001
2790 -0.001148050297095271 -0.00577163859753386 -0.0008999999999999999
2791 -0.003269370640654911 0.004892958941093503 -0.0009000000000000001
2792 -0.003269370640654914 -0.004892958941093502 -0.0009000000000000001
2793 -0.004892958941093503 0.003269370640654913 -0.0009000000000000001
2794 -0.004892958941093504 -0.003269370640654912 -0.0009000000000000001
2795 -0.00577163859753386 0.00114805029709527 -0.0009000000000000001
2796 -0.005771638597533861 -0.001148050297095269 -0.0009000000000000001
2797 0.0002799670657086119 -0.001565682705559001 0.0002
2798 0.001315742422210943 -0.0008791509795255478 0.0002
2799 -0.0008929661130110121 -0.001388995003949859 0.0002
2800 -0.001308487124458617 0.0009082538777454914 0.0002
2801 0.001374532095374575 0.0008872007311349582 0.0002
2802 -0.0003618989888887159 0.001577318348470079 0.0002
2803 -0.001567472594792789 -0.0002830076428071595 0.0002
2804 0.001638516805026967 -0.0004589488393788196 0.0002
2805 0.001897448756807713 0.0001366607458113097 0.0002
2806 0.001051046674107501 0.001338160022706741 0.0002
2807 0.0005701233469464225 0.001815477458685896 0.0002
2808 -0.001315742422210944 -0.0008791509795255475 0.0002
2809 -0.0008824976525604896 0.00135096404293463 0.0002
2810 -0.001568838142907952 0.0003393928624915557 0.0002
2811 -0.0003100652777158733 -0.001633472311245455 0.0002
2812 0.0008726513858091042 -0.001336050896402741 0.0002
2813 0.002012958770212383 -0.001047103440282182 0.0002
2814 0.001722132364582616 0.001425250905813211 0.0002
2815 -0.001523294802171294 -0.001568080844344654 0.0002
2816 0.000852889522484484 -0.002053176945002833 0.0002
2817 -0.0009326518822385559 0.00207181775148428 0.0002
2818 -0.001990464409544636 0.0009221512992832453 0.0002
2819 -0.001982415550254626 -0.0007903364464949946 0.0002
2820 -0.002136956802184581 7.088436803583939e-05 0.0002
2821 -0.001572262002545601 0.001596599184189104 0.0002
2822 -0.0001110587614739109 0.002219508167924586 0.0002
2823 7.075621124552445e-05 -0.00223536491162993 0.0002
2824 -0.0009012481758921532 -0.002290968592544089 0.0002
2825 0.00130431947061623 0.002043571303250969 0.0002
2826 0.002406564245228307 -0.000374037865070572 0.0002
2827 0.002653876891229221 0.0005629859243493268 0.0002
2828 -0.002495856116629057 -0.00164242556077763 0.0002
2829 -0.001886426115759258 -0.002450751667275082 0.0002
2830 0.0006927276363893788 -0.002993942532282315 0.0002
2831 -0.00250626973332735 0.001760779018527456 0.0002
2832 -0.002904125675088087 -0.0005206877769292888 0.0002
2833 0.001552285735773388 -0.001636592308404764 0.0002
2834 0.002535666412800797 -0.001836463402624626 0.0002
2835 -0.0007510941907599684 0.003011460601203566 0.0002
2836 0.001955257225431882 0.000826726957219882 0.0002
2837 0.002530615273288952 0.001447111786418173 0.0002
2838 0.0008366856025898268 0.002650355032023376 0.0002
2839 -0.00291711298079023 0.0006362393864847873 0.0002
2840 0.001690883465258638 -0.002545409754503928 0.0002
2841 -0.001712334882162542 0.002532156649018906 0.0002
2842 -0.0003444147476497449 -0.003097027460210611 0.0002
2843 -6.007585545755705e-07 0.003100444667279716 0.0002
2844 0.002031502018122686 0.002148324679999405 0.0002
2845 0.002807979239236908 -0.001007589068544524 0.0002
2846 0.001689635549587974 0.002851578331129716 0.0002
2847 0.003276357150814648 -0.000136440168210962 0.0002
2848 0.001507178703325542 0.0004619617106008515 0.0002
2849 0.0001112771430843807 0.001584191882818821 0.0002
2850 0.003407560279036682 -0.002261875031105549 -0.0018
2851 -0.003156283302919431 0.001737237274068612 -0.0018
2852 0.002142986383682086 0.003207205771132287 -0.0018
2853 -0.002247986360522512 -0.003187114737557985 -0.0018
2854 0.004128444059689474 0.0008139481655584593 -0.0018
2855 0.000840043157179774 -0.003899406885694848 -0.0018
2856 -0.0007525167455362296 0.00378315715332031 -0.0018
2857 -0.003972355903234173 -0.0006269760327163607 -0.0018
2858 -0.0008876540241019949 -0.004462538130712379 -0.0018
2859 -0.0003812347597118953 -0.00195554275808878 -0.0018
2860 0.001726679072882904 -0.002055937098766774 -0.0018
2861 0.001092807476360975 2.290469884646403e-05 -0.0018
2862 -0.001017708627678644 0.0006901159648248798 -0.0018
2863 0.0004596338504112333 0.002200899954751082 -0.0018
2864 -0.002095227825670314 -0.0008757975753170939 -0.0018
2865 0.0008876540241019928 0.00446253813071238 -0.0018
2866 -0.002433527773970374 0.003594954797239588 -0.0018
2867 0.004392942947857985 -0.0008665138818004494 -0.0018
2868 -0.003620297594322801 -0.002245725925380252 -0.0018
2869 0.003783157153320309 0.002527824793740216 -0.0018
2870 0.002527824793740217 -0.003783157153320311 -0.0018
2871 -0.004667979100305331 0.0008515904588856977 -0.0018
2872 0.002235449039249175 0.001493679294183519 -0.0018
2873 -0.001380080519938689 0.002401273028840894 -0.0018
2874 0.002830647145846198 -0.0004756323088473881 -0.0018
2875 -5.395390795303701e-05 0.0008804308069570859 0.0002
2876 -0.0003758301959051096 -0.0007997249461327718 0.0002
2877 -0.0005164476647945454 0.0006421800637090865 0.0002
2878 0.0002637145889325609 0.0005627163665630971 0.0002
2879 0.0003306781504318742 -0.0006747105993104453 0.0002
2880 -0.00111513366705084 1.38777878078145e-19 0.003819981945852379
2881 0.001169217671061314 1.38777878078145e-19 0.003868813968951459
2882 -0.01110043091608352 1.38777878078145e-19 0.005217730892114274
2883 0.01119406521010159 1.38777878078145e-19 0.00553305830290897
2884 -0.0007366346963975133 1.38777878078145e-19 0.003779142691130594
2885 -0.0009321912964228803 1.38777878078145e-19 0.004190849795892649
2886 -0.008822444547076147 1.38777878078145e-19 0.008672340350341295
2887 -0.001481965473702791 1.38777878078145e-19 0.00412267740059548
2888 -0.001193663723155821 1.38777878078145e-19 0.00463396877347595
2889 -0.0005805272157638171 1.38777878078145e-19 0.004558718147118264
2890 -0.0008228066400025998 1.38777878078145e-19 0.005145760350512891
2891 -0.001558742079627592 1.38777878078145e-19 0.005182496998696239
2892 -0.001223843041097634 1.38777878078145e-19 0.005809033085524962
2893 -0.0003821012029237064 1.38777878078145e-19 0.005733534997946871
2894 -0.0007744128971677365 1.38777878078145e-19 0.006508692592945974
2895 0.0001220552487144384 1.38777878078145e-19 0.006427877823792872
2896 -0.0002798177962517433 1.38777878078145e-19 0.007286266422146415
2897 0.0006976153472686164 1.38777878078145e-19 0.007174973941362809
2898 0.0002594778901790888 1.38777878078145e-19 0.008108889433830715
2899 0.001309785941745283 1.38777878078145e-19 0.007994427240882599
2900 0.0008559043311922169 1.38777878078145e-19 0.008990839892399292
2901 0.001929025594118669 1.38777878078145e-19 0.008895366318935052
2902 0.001468723593901247 1.38777878078145e-19 0.009916573739292325
2903 0.002642611255094099 1.38777878078145e-19 0.009746876153711326
2904 0.002141177637642378 1.38777878078145e-19 0.01089557957048789
2905 0.003416170960075237 1.38777878078145e-19 0.01068888719868708
2906 0.002850078461674679 1.38777878078145e-19 0.01191950033397638
2907 0.001587046571826634 1.38777878078145e-19 0.01201856902077935
2908 0.002281017691075591 1.38777878078145e-19 0.01310348305972516
2909 0.0009244248480100569 1.38777878078145e-19 0.01318761527434354
2910 0.001694192755415019 1.38777878078145e-19 0.01434572286178091
2911 0.0002554953364669113 1.38777878078145e-19 0.01442805288375563
2912 0.001081284808054352 1.38777878078145e-19 0.01573475559045827
2913 -0.0004099631776835388 1.38777878078145e-19 0.01576449842667066
2914 0.002760304365420403 1.38777878078145e-19 0.01567291793794888
2915 0.002394362927056137 1.38777878078145e-19 0.007869453117715655
2916 -0.0007073977251457271 1.38777878078145e-19 0.008149252149867132
2917 0.004210965028316168 1.38777878078145e-19 0.01190470760668933
2918 -0.001207118904388043 1.38777878078145e-19 0.0144609651404216
2919 -0.001943259634640848 1.38777878078145e-19 0.01581887438142484
2920 -0.001144166842673531 1.38777878078145e-19 0.01712570607452459
2921 -0.002699566425369758 1.38777878078145e-19 0.01722233958945989
2922 -0.001862806225937594 1.38777878078145e-19 0.01857583860445975
2923 -0.003483139558639339 1.38777878078145e-19 0.01867537405830805
2924 -0.002560681980947555 1.38777878078145e-19 0.02008832583113212
2925 -0.004282213504550525 1.38777878078145e-19 0.02017949546184475
2926 -0.003338724578611675 1.38777878078145e-19 0.02166288664366875
2927 -0.005120297704278606 1.38777878078145e-19 0.02175362644193802
2928 -0.004140550469769672 1.38777878078145e-19 0.02327159697991892
2929 -0.002314923550774922 1.38777878078145e-19 0.02317267005112349
2930 -0.003414530590935256 1.38777878078145e-19 0.02541478386994234
2931 -0.006074235251657942 1.38777878078145e-19 0.02023991872410789
2932 -0.006604553323716522 1.38777878078145e-19 0.02184739723867619
2933 -0.003534807412741946 1.38777878078145e-19 0.01585789013103949
2934 0.004890190622713734 1.38777878078145e-19 0.0104664632890374
2935 0.005971206229391812 1.38777878078145e-19 0.01213668726233129
2936 0.0003150656102942787 1.38777878078145e-19 0.01000381970594133
2937 -0.001652458928201238 1.38777878078145e-19 0.006540094309290753
2938 -0.0007961892417523882 1.38777878078145e-19 0.01974601335773201
2939 0.006542260873935217 1.38777878078145e-19 0.01026488086769064
2940 0.008094382957793942 1.38777878078145e-19 0.01144207345260803
2941 0.001026862927097649 1.38777878078145e-19 0.00626395098479486
2942 0.005542479149709516 1.38777878078145e-19 0.009025548032422273
2943 0.007134126280151834 1.38777878078145e-19 0.008355650006263619
2944 0.005785533912672546 1.38777878078145e-19 0.007006905565301233
2945 -0.0002910421417960531 1.38777878078145e-19 0.003689964685573445
2946 0.002061839102317952 1.38777878078145e-19 0.01730262894488794
2947 0.004661537327265008 1.38777878078145e-19 0.01740710955828891
2948 0.0002418682374602723 1.38777878078145e-19 0.01204817404253836
2949 0.008200788526302119 1.38777878078145e-19 0.006695488436499241
2950 0.009254825701586334 1.38777878078145e-19 0.008842656964720266
2951 0.01112090941212965 1.38777878078145e-19 0.0116349256277625
2952 0.00484325912265974 1.38777878078145e-19 0.01353857183859486
2953 0.00762065198778337 1.38777878078145e-19 0.01488940570007634
2954 0.008519432935120787 1.38777878078145e-19 0.01911504121195035
2955 0.00526700411743902 1.38777878078145e-19 0.02105511250380106
2956 0.0001942351027463767 1.38777878078145e-19 0.003512272186190774
2957 0.0004830880567967397 1.38777878078145e-19 0.00380244933898122
2958 0.0004689300234944487 1.38777878078145e-19 0.005612097402245441
2959 0.001267555486402604 1.38777878078145e-19 0.00544899384909011
2960 0.00197629420141634 1.38777878078145e-19 0.006072670612505788
2961 0.0007918723302109832 1.38777878078145e-19 0.004904432650386543
2962 0.00145283473138625 1.38777878078145e-19 0.004758043418362396
2963 -1.486898822499203e-05 1.38777878078145e-19 0.004945894787110818
2964 -8.84279692538068e-05 1.38777878078145e-19 0.004371247346964243
2965 0.001701073812692356 1.38777878078145e-19 0.007040046779107554
2966 0.002797047807321699 1.38777878078145e-19 0.006834940616910293
2967 0.002877853358417967 1.38777878078145e-19 0.005701286409099815
2968 0.003464491900835374 1.38777878078145e-19 0.007911867876457791
2969 0.003970693617824076 1.38777878078145e-19 0.009225992130441828
2970 0.01277282322393408 1.38777878078145e-19 0.01656050560772498
2971 0.01337240506402363 1.38777878078145e-19 0.02317218425312216
2972 0.008413317833862923 1.38777878078145e-19 0.02374769908280266
2973 0.01029866352125992 1.38777878078145e-19 0.02731255819797669
2974 0.004971598833867417 1.38777878078145e-19 0.02495715127264507
2975 0.001716742966817106 1.38777878078145e-19 0.02287010048769421
2976 0.001422718307925764 1.38777878078145e-19 0.02688898432095463
2977 0.00460834697035527 1.38777878078145e-19 0.02902399857176678
2978 0.001025565699485389 1.38777878078145e-19 0.03065026958003358
2979 0.004326981041180763 1.38777878078145e-19 0.03281603832264839
2980 0 1.38777878078145e-19 0.03684889978840838
2981 -0.005735430759513308 1.38777878078145e-19 0.03299868055333554
2982 0.008588789727881912 1.38777878078145e-19 0.03127460176125356
2983 0.008170281755741336 1.38777878078145e-19 0.03585503557639087
2984 0.01295445890670825 1.38777878078145e-19 0.03659950998996821
2985 0.01378571953664562 1.38777878078145e-19 0.03240478786389973
2986 -0.002586510051725405 1.38777878078145e-19 0.02871682694045609
2987 0.001036701523183083 1.38777878078145e-19 0.004325210179080285
2988 -0.002753846774998048 1.38777878078145e-19 0.01443804577990157
2989 -0.004333015520672067 1.38777878078145e-19 0.01449243562992444
2990 -0.003554173080578328 1.38777878078145e-19 0.01309771205751899
2991 -0.005102720921655942 1.38777878078145e-19 0.01314756837538208
2992 -0.005923030644764751 1.38777878078145e-19 0.01451301382196347
2993 -0.004328594592510972 1.38777878078145e-19 0.01184592350379098
2994 -0.006711054007236953 1.38777878078145e-19 0.0130992681262571
2995 -0.007562670371151316 1.38777878078145e-19 0.01450025656058714
2996 -0.008374275815537815 1.38777878078145e-19 0.01302630985324374
2997 -0.009802204595445684 1.38777878078145e-19 0.01407783146896302
2998 -0.006698455566080331 1.38777878078145e-19 0.01589554076572649
2999 -0.002848033451790015 1.38777878078145e-19 0.0117137790381994
3000 -0.003610795580224396 1.38777878078145e-19 0.01055045697852225
3001 -0.005002167139112852 1.38777878078145e-19 0.01058562193061487
3002 -0.004282099674282951 1.38777878078145e-19 0.009426324597609196
3003 -0.003010588850966797 1.38777878078145e-19 0.009349566175898209
3004 -0.003667856147381243 1.38777878078145e-19 0.008323858714885906
3005 -0.004864521170640112 1.38777878078145e-19 0.00833772603670256
3006 -0.004241817755147534 1.38777878078145e-19 0.007325637218653742
3007 -0.005314471443239785 1.38777878078145e-19 0.007480516934790042
3008 -0.005064085471088476 1.38777878078145e-19 0.006353151281351156
3009 -0.007470244429136294 1.38777878078145e-19 0.01158649957051202
3010 -0.009029050019229455 1.38777878078145e-19 0.01125892737316263
3011 -0.01337152716827716 1.38777878078145e-19 0.007692658837351441
3012 -0.005954263515647518 1.38777878078145e-19 0.008323654820951515
3013 -0.006484653482099955 1.38777878078145e-19 0.007222857500665965
3014 -0.007018078919598214 1.38777878078145e-19 0.005172475601450836
3015 -0.003126940410129399 1.38777878078145e-19 0.007365052867642998
3016 -0.008723974812370949 1.38777878078145e-19 0.005997202363004024
3017 -0.002557129937950411 1.38777878078145e-19 0.008282373315274058
3018 -0.001900653954358952 1.38777878078145e-19 0.009190204514351671
3019 -0.002277014768895021 1.38777878078145e-19 0.01039299110747166
3020 -0.001503132132399251 1.38777878078145e-19 0.01138446514474004
3021 -0.001881158750686792 1.38777878078145e-19 0.0129321100903129
3022 -0.0009707901659400986 1.38777878078145e-19 0.009993380217783126
3023 -0.008265700382156158 1.38777878078145e-19 0.01009806924714441
3024 -0.009842600955835449 1.38777878078145e-19 0.00985818591420487
3025 -0.01022887207741538 1.38777878078145e-19 0.008006068496533578
3026 -0.01177883553661802 1.38777878078145e-19 0.008967127474530424
3027 -0.00661435014072125 1.38777878078145e-19 0.01032255061260078
3028 -0.005853787181746923 1.38777878078145e-19 0.01183518248527217
3029 0.01301414301729788 1.38777878078145e-19 0.007611535992712477
3030 0.003978019877746706 1.38777878078145e-19 0.006797736123190212
3031 0.003542094679741175 1.38777878078145e-19 0.004992641331492588
3032 -0.0005663373337080918 1.38777878078145e-19 0.01320429685461574
3033 -0.005170196345129399 1.38777878078145e-19 0.01872324160331933
3034 -0.006914369836022198 1.38777878078145e-19 0.0187223632965744
3035 0.01488157513067232 1.38777878078145e-19 0.01010741884942443
3036 -0.004299633944992464 1.38777878078145e-19 0.01728303384316209
3037 0.0009212497981294458 1.38777878078145e-19 0.01097863322419937
3038 0.0003230156842433049 1.38777878078145e-19 0.01720486824768289
3039 -0.002122280165429726 1.38777878078145e-19 0.007352664943712184
3040 -0.002610911843319204 1.38777878078145e-19 0.006517685874306341
3041 -0.003690021407917952 1.38777878078145e-19 0.006311787083665804
3042 -0.003873271451929707 1.38777878078145e-19 0.004751899138703998
3043 -0.002078060189493899 1.38777878078145e-19 0.005793331194023268
3044 -0.002202190150037005 1.38777878078145e-19 0.0047548851214223
3045 -0.0001885405649861386 1.38777878078145e-19 0.009041024810282208
3046 3.220703993080468e-05 1.38777878078145e-19 0.0008730338178538911
3047 -0.005134200491990838 1.38777878078145e-19 0.01588888985387752
3048 -0.005928658237896152 1.38777878078145e-19 0.02345540245137391
3049 -0.008517925270198389 1.38777878078145e-19 0.02289507129952525
3050 -0.006818685768156293 1.38777878078145e-19 0.02529905586700831
3051 -0.009874684823404641 1.38777878078145e-19 0.02562867866784164
3052 -0.007577728026927474 1.38777878078145e-19 0.02756936525702182
3053 0.001923508875820399 1.38777878078145e-19 0.005298029460439464
3054 -0.005573226764578086 1.38777878078145e-19 0.009448308260328669
3055 -0.001192462151762219 1.38777878078145e-19 0.007321285680936676
3056 0.0008107939501060055 1.38777878078145e-19 0.0189129553207471
3057 -0.0002885347049001872 1.38777878078145e-19 0.01110566315866587
3058 0.0004548653614067986 1.38777878078145e-19 0.00430844009269745
3059 0.0008414245556443355 1.38777878078145e-19 0.003882066224612858
3060 -0.001420995282177089 1.38777878078145e-19 0.0214393392488593
3061 -0.01370160155007224 1.38777878078145e-19 0.005817507575007739
3062 -0.0115782118059297 1.38777878078145e-19 0.006884222149645997
3063 -0.005870262583060574 1.38777878078145e-19 0.01727638081944604
3064 -0.007981596362831356 1.38777878078145e-19 0.0205319180302306
3065 -0.00869068890093638 1.38777878078145e-19 0.01832861749277395
3066 -0.0106314994982663 1.38777878078145e-19 0.01981686628772601
3067 -0.01142221507261142 1.38777878078145e-19 0.02271433331533202
3068 -0.01239831115531343 1.38777878078145e-19 0.02634706576189729
3069 -0.01440915142175407 1.38777878078145e-19 0.02095165339050993
3070 -0.01578587406970835 1.38777878078145e-19 0.01167448013695688
3071 -0.01244861203698413 1.38777878078145e-19 0.01289099172910877
3072 -0.0004597997772260588 1.38777878078145e-19 0.0226444427925829
3073 -0.01012575911414223 1.38777878078145e-19 0.02836992071422309
3074 -0.01169157713259899 1.38777878078145e-19 0.03127665129400301
3075 -0.008495787162928444 1.38777878078145e-19 0.03073843226712836
3076 -0.01014546686021473 1.38777878078145e-19 0.03363460591754185
3077 -0.01299831759093427 1.38777878078145e-19 0.0347476060981501
3078 -0.01063316430247808 1.38777878078145e-19 0.03695897918329177
3079 -0.01453245367467156 1.38777878078145e-19 0.03653743668509589
3080 -0.0002953004010451748 1.38777878078145e-19 0.001477211262688058
3081 0.0001875299106570285 1.38777878078145e-19 0.00191200485436708
3082 0.0004207394249237764 1.38777878078145e-19 0.00139490493531358
3083 -0.01457160688980355 1.38777878078145e-19 0.009799628546243513
3084 0.00344052486294712 1.38777878078145e-19 0.01293233122802944
3085 6.869006145691984e-05 1.38777878078145e-19 0.0039371555081296
3086 0.01037720574728831 1.38777878078145e-19 0.007027653794103558
3087 0.002880237058985671 1.38777878078145e-19 0.00872991111945233
3088 0.00325669100654042 1.38777878078145e-19 0.0141459954809126
3089 -0.01478997299646748 1.38777878078145e-19 0.032275755172962
3090 0.001465763475022839 1.38777878078145e-19 0.003992340150426816
3091 0.002085331421361195 1.38777878078145e-19 0.004556979950152439
3092 -0.001582466070589085 1.38777878078145e-19 0.008207975596613288
3093 -0.0004266888763628584 1.38777878078145e-19 0.004087846362468132
3094 -0.001609140356630803 1.38777878078145e-19 0.004673507073547493
3095 0.0004745083608242174 1.38777878078145e-19 0.02082205977087799
3096 -0.005147709193723501 1.38777878078145e-19 0.02703722497733348
3097 -3.148589947957102e-06 1.38777878078145e-19 0.002303071050785309
3098 -2.494766421873796e-05 1.38777878078145e-19 0.002998042532212967
3099 -0.007088735040814038 1.38777878078145e-19 0.008758981136114171
3100 -0.002890891008539554 1.38777878078145e-19 0.005625917682424342
3101 -0.01496292171784615 1.38777878078145e-19 0.007107984395504978
3102 -0.0009393837826531287 1.38777878078145e-19 0.02495130141045894
3103 -0.0001235810245118088 1.38777878078145e-19 0.003366430198923008
3104 0.002498737637461551 1.38777878078145e-19 0.01972832776438287
3105 -0.005090026852096175 1.38777878078145e-19 0.02489561282911539
3106 0.007376143377445488 1.38777878078145e-19 0.02726320177728895
3107 0.00452084724172465 1.38777878078145e-19 0.01528294595939634
3108 0.007587080388136238 1.38777878078145e-19 0.004938015606033672
3109 -0.01016504026501275 1.38777878078145e-19 0.00667926609464764
3110 -0.0002036197514617106 1.38777878078145e-19 0.001999893368962579
3111 0.01371952030211931 1.38777878078145e-19 0.005261148573905362
3112 -0.009169367631058875 1.38777878078145e-19 0.007315992893058622
3113 -0.007307123542132111 1.38777878078145e-19 0.01727908255318267
3114 -0.0004928911177814395 1.38777878078145e-19 0.01833391580040905
3115 -0.008502528706486233 1.38777878078145e-19 0.01610885627059442
3116 -0.01074744752664547 1.38777878078145e-19 0.01702913610661268
3117 -0.001824093777938331 1.38777878078145e-19 0.0323036692155584
3118 -0.01083531226420773 1.38777878078145e-19 0.011411286051351
3119 0.004548243691757644 1.38777878078145e-19 0.007993609945562669
3120 -0.001069969696204 1.38777878078145e-19 0.008916367457779484
3121 -0.005976382843845093 1.38777878078145e-19 0.02953040960945937
3122 -0.0007521265323552457 1.38777878078145e-19 0.01220193186704849
3123 -0.007906506453419154 1.38777878078145e-19 0.00722508716076657
3124 -0.00111513366705084 -0.0001999999999999999 0.003819981945852379
3125 0.001169217671061316 -0.0001999999999999999 0.003868813968951459
3126 -0.01110043091608351 -0.0001999999999999999 0.00521773089211427
3127 0.01119406521010158 -0.0001999999999999999 0.005533058302908979
3128 -0.0007366346963975133 -0.0001999999999999999 0.003779142691130594
3129 -0.0009321912964228803 -0.0001999999999999999 0.004190849795892649
3130 -0.008822444547076086 -0.0001999999999999999 0.008672340350341262
3131 -0.001481965473702791 -0.0001999999999999999 0.00412267740059548
3132 -0.001193663723155821 -0.0001999999999999999 0.00463396877347595
3133 -0.0005805272157638169 -0.0001999999999999999 0.004558718147118265
3134 -0.0008228066400025998 -0.0001999999999999999 0.005145760350512891
3135 -0.001558742079627592 -0.0001999999999999999 0.005182496998696239
3136 -0.001223843041097634 -0.0001999999999999999 0.005809033085524962
3137 -0.0003821012029237062 -0.0001999999999999999 0.005733534997946871
3138 -0.0007744128971677349 -0.0001999999999999999 0.006508692592945971
3139 0.000122055248714438 -0.0001999999999999999 0.006427877823792873
3140 -0.000279817796251743 -0.0001999999999999999 0.007286266422146411
3141 0.0006976153472686146 -0.0001999999999999999 0.00717497394136281
3142 0.0002594778901790847 -0.0001999999999999999 0.008108889433830715
3143 0.001309785941745278 -0.0001999999999999999 0.0079944272408826
3144 0.0008559043311922098 -0.0001999999999999999 0.008990839892399294
3145 0.001929025594118661 -0.0001999999999999999 0.008895366318935057
3146 0.001468723593901237 -0.0001999999999999999 0.009916573739292328
3147 0.00264261125509409 -0.0001999999999999999 0.009746876153711333
3148 0.002141177637642367 -0.0001999999999999999 0.01089557957048789
3149 0.003416170960075226 -0.0001999999999999999 0.01068888719868709
3150 0.002850078461674667 -0.0001999999999999999 0.01191950033397638
3151 0.001587046571826623 -0.0001999999999999999 0.01201856902077934
3152 0.002281017691075578 -0.0001999999999999999 0.01310348305972516
3153 0.0009244248480100468 -0.0001999999999999999 0.01318761527434354
3154 0.001694192755415001 -0.0001999999999999999 0.0143457228617809
3155 0.0002554953364668993 -0.0001999999999999999 0.01442805288375563
3156 0.001081284808054331 -0.0001999999999999999 0.01573475559045826
3157 -0.0004099631776835572 -0.0001999999999999999 0.01576449842667064
3158 0.002760304365420377 -0.0001999999999999999 0.01567291793794887
3159 0.002394362927056133 -0.0001999999999999999 0.007869453117715664
3160 -0.000707397725145726 -0.0001999999999999999 0.008149252149867125
3161 0.004210965028316152 -0.0001999999999999999 0.01190470760668934
3162 -0.001207118904388052 -0.0001999999999999999 0.01446096514042159
3163 -0.001943259634640862 -0.0001999999999999999 0.01581887438142481
3164 -0.001144166842673557 -0.0001999999999999999 0.01712570607452456
3165 -0.002699566425369778 -0.0001999999999999999 0.01722233958945986
3166 -0.001862806225937632 -0.0001999999999999999 0.01857583860445972
3167 -0.003483139558639367 -0.0001999999999999999 0.01867537405830801
3168 -0.002560681980947606 -0.0001999999999999999 0.02008832583113207
3169 -0.004282213504550568 -0.0001999999999999999 0.02017949546184468
3170 -0.003338724578611738 -0.0001999999999999999 0.02166288664366869
3171 -0.005120297704278667 -0.0001999999999999999 0.02175362644193794
3172 -0.004140550469769753 -0.0001999999999999999 0.02327159697991884
3173 -0.00231492355077501 -0.0001999999999999999 0.02317267005112343
3174 -0.003414530590935259 -0.0001999999999999999 0.02541478386994226
3175 -0.006074235251657983 -0.0001999999999999999 0.0202399187241078
3176 -0.006604553323716592 -0.0001999999999999999 0.02184739723867609
3177 -0.003534807412741954 -0.0001999999999999999 0.01585789013103945
3178 0.00489019062271372 -0.0001999999999999999 0.01046646328903741
3179 0.00597120622939179 -0.0001999999999999999 0.01213668726233129
3180 0.0003150656102942747 -0.0001999999999999999 0.01000381970594133
3181 -0.00165245892820123 -0.0001999999999999999 0.006540094309290754
3182 -0.0007961892417524313 -0.0001999999999999999 0.01974601335773199
3183 0.0065422608739352 -0.0001999999999999999 0.01026488086769065
3184 0.008094382957793918 -0.0001999999999999999 0.01144207345260804
3185 0.001026862927097649 -0.0001999999999999999 0.006263950984794862
3186 0.005542479149709502 -0.0001999999999999999 0.009025548032422287
3187 0.007134126280151816 -0.0001999999999999999 0.008355650006263628
3188 0.005785533912672535 -0.0001999999999999999 0.007006905565301248
3189 -0.0002910421417960531 -0.0001999999999999999 0.003689964685573445
3190 0.002061839102317924 -0.0001999999999999999 0.01730262894488793
3191 0.004661537327264974 -0.0001999999999999999 0.01740710955828889
3192 0.0002418682374602639 -0.0001999999999999999 0.01204817404253836
3193 0.0082007885263021 -0.0001999999999999999 0.006695488436499254
3194 0.009254825701586318 -0.0001999999999999999 0.008842656964720273
3195 0.01112090941212963 -0.0001999999999999999 0.01163492562776251
3196 0.004843259122659717 -0.0001999999999999999 0.01353857183859485
3197 0.007620651987783339 -0.0001999999999999999 0.01488940570007634
3198 0.008519432935120776 -0.0001999999999999999 0.01911504121195035
3199 0.005267004117439041 -0.0001999999999999999 0.02105511250380108
3200 0.0001942351027463767 -0.0001999999999999999 0.003512272186190774
3201 0.0004830880567967398 -0.0001999999999999999 0.00380244933898122
3202 0.0004689300234944491 -0.0001999999999999999 0.005612097402245441
3203 0.001267555486402604 -0.0001999999999999999 0.005448993849090112
3204 0.001976294201416341 -0.0001999999999999999 0.006072670612505793
3205 0.0007918723302109849 -0.0001999999999999999 0.004904432650386543
3206 0.001452834731386252 -0.0001999999999999999 0.004758043418362399
3207 -1.486898822499145e-05 -0.0001999999999999999 0.004945894787110819
3208 -8.842796925380638e-05 -0.0001999999999999999 0.004371247346964244
3209 0.001701073812692355 -0.0001999999999999999 0.007040046779107558
3210 0.002797047807321699 -0.0001999999999999999 0.006834940616910302
3211 0.00287785335841797 -0.0001999999999999999 0.005701286409099822
3212 0.003464491900835369 -0.0001999999999999999 0.007911867876457803
3213 0.003970693617824067 -0.0001999999999999999 0.009225992130441845
3214 0.01277282322393404 -0.0001999999999999999 0.01656050560772498
3215 0.01337240506402368 -0.0001999999999999999 0.02317218425312216
3216 0.008413317833862972 -0.0001999999999999999 0.02374769908280266
3217 0.01029866352126 -0.0001999999999999999 0.02731255819797669
3218 0.004971598833867509 -0.0001999999999999999 0.0249571512726451
3219 0.001716742966817039 -0.0001999999999999999 0.02287010048769431
3220 0.00142271830792587 -0.0001999999999999999 0.02688898432095466
3221 0.00460834697035542 -0.0001999999999999999 0.02902399857176684
3222 0.001025565699485585 -0.0001999999999999999 0.03065026958003379
3223 0.004326981041180913 -0.0001999999999999999 0.03281603832264837
3224 0 -0.0001999999999999999 0.03684889978840828
3225 -0.005735430759513281 -0.0001999999999999999 0.03299868055333532
3226 0.008588789727882065 -0.0001999999999999999 0.03127460176125355
3227 0.008170281755741424 -0.0001999999999999999 0.03585503557639087
3228 0.01295445890670832 -0.0001999999999999999 0.03659950998996821
3229 0.01378571953664568 -0.0001999999999999999 0.03240478786389973
3230 -0.002586510051725368 -0.0001999999999999999 0.02871682694045602
3231 0.001036701523183086 -0.0001999999999999999 0.004325210179080287
3232 -0.002753846774998046 -0.0001999999999999999 0.01443804577990154
3233 -0.004333015520672061 -0.0001999999999999999 0.0144924356299244
3234 -0.003554173080578311 -0.0001999999999999999 0.01309771205751895
3235 -0.005102720921655922 -0.0001999999999999999 0.01314756837538203
3236 -0.005923030644764738 -0.0001999999999999999 0.01451301382196341
3237 -0.004328594592510946 -0.0001999999999999999 0.01184592350379094
3238 -0.006711054007236925 -0.0001999999999999999 0.01309926812625704
3239 -0.007562670371151295 -0.0001999999999999999 0.01450025656058707
3240 -0.008374275815537777 -0.0001999999999999999 0.01302630985324366
3241 -0.009802204595445695 -0.0001999999999999999 0.01407783146896292
3242 -0.006698455566080325 -0.0001999999999999999 0.01589554076572642
3243 -0.002848033451789991 -0.0001999999999999999 0.01171377903819937
3244 -0.003610795580224366 -0.0001999999999999999 0.01055045697852222
3245 -0.005002167139112817 -0.0001999999999999999 0.01058562193061483
3246 -0.004282099674282914 -0.0001999999999999999 0.009426324597609169
3247 -0.003010588850966765 -0.0001999999999999999 0.009349566175898185
3248 -0.003667856147381206 -0.0001999999999999999 0.008323858714885883
3249 -0.00486452117064007 -0.0001999999999999999 0.008337726036702535
3250 -0.004241817755147492 -0.0001999999999999999 0.007325637218653723
3251 -0.005314471443239739 -0.0001999999999999999 0.007480516934790021
3252 -0.00506408547108843 -0.0001999999999999999 0.006353151281351139
3253 -0.007470244429136246 -0.0001999999999999999 0.01158649957051196
3254 -0.009029050019229408 -0.0001999999999999999 0.01125892737316257
3255 -0.01337152716827715 -0.0001999999999999999 0.007692658837351472
3256 -0.005954263515647469 -0.0001999999999999999 0.008323654820951482
3257 -0.006484653482099905 -0.0001999999999999999 0.007222857500665944
3258 -0.007018078919598174 -0.0001999999999999999 0.005172475601450823
3259 -0.003126940410129363 -0.0001999999999999999 0.00736505286764299
3260 -0.008723974812370911 -0.0001999999999999999 0.005997202363004005
3261 -0.002557129937950381 -0.0001999999999999999 0.008282373315274037
3262 -0.001900653954358926 -0.0001999999999999999 0.009190204514351647
3263 -0.002277014768894994 -0.0001999999999999999 0.01039299110747163
3264 -0.001503132132399239 -0.0001999999999999999 0.01138446514474002
3265 -0.001881158750686787 -0.0001999999999999999 0.01293211009031288
3266 -0.0009707901659400905 -0.0001999999999999999 0.009993380217783111
3267 -0.008265700382156091 -0.0001999999999999999 0.01009806924714437
3268 -0.009842600955835397 -0.0001999999999999999 0.009858185914204832
3269 -0.01022887207741534 -0.0001999999999999999 0.008006068496533561
3270 -0.01177883553661802 -0.0001999999999999999 0.008967127474530439
3271 -0.006614350140721201 -0.0001999999999999999 0.01032255061260074
3272 -0.005853787181746898 -0.0001999999999999999 0.01183518248527213
3273 0.01301414301729787 -0.0001999999999999999 0.007611535992712486
3274 0.003978019877746703 -0.0001999999999999999 0.006797736123190225
3275 0.003542094679741172 -0.0001999999999999999 0.004992641331492598
3276 -0.0005663373337080908 -0.0001999999999999999 0.01320429685461575
3277 -0.00517019634512942 -0.0001999999999999999 0.01872324160331926
3278 -0.006914369836022221 -0.0001999999999999999 0.01872236329657431
3279 0.01488157513067231 -0.0001999999999999999 0.01010741884942444
3280 -0.004299633944992462 -0.0001999999999999999 0.01728303384316205
3281 0.0009212497981294371 -0.0001999999999999999 0.01097863322419937
3282 0.0003230156842432785 -0.0001999999999999999 0.01720486824768288
3283 -0.002122280165429701 -0.0001999999999999999 0.007352664943712174
3284 -0.002610911843319186 -0.0001999999999999999 0.006517685874306335
3285 -0.00369002140791792 -0.0001999999999999999 0.006311787083665792
3286 -0.003873271451929669 -0.0001999999999999999 0.004751899138703988
3287 -0.002078060189493897 -0.0001999999999999999 0.005793331194023266
3288 -0.002202190150036999 -0.0001999999999999999 0.004754885121422298
3289 -0.0001885405649861469 -0.0001999999999999999 0.009041024810282206
3290 3.220703993080468e-05 -0.0001999999999999999 0.0008730338178538911
3291 -0.005134200491990844 -0.0001999999999999999 0.01588888985387745
3292 -0.005928658237896237 -0.0001999999999999999 0.02345540245137381
3293 -0.00851792527019845 -0.0001999999999999999 0.02289507129952512
3294 -0.006818685768156364 -0.0001999999999999999 0.02529905586700818
3295 -0.009874684823404683 -0.0001999999999999999 0.0256286786678415
3296 -0.007577728026927614 -0.0001999999999999999 0.02756936525702164
3297 0.001923508875820402 -0.0001999999999999999 0.005298029460439469
3298 -0.005573226764578045 -0.0001999999999999999 0.009448308260328638
3299 -0.00119246215176221 -0.0001999999999999999 0.007321285680936667
3300 0.0008107939501059748 -0.0001999999999999999 0.01891295532074709
3301 -0.0002885347049001895 -0.0001999999999999999 0.01110566315866586
3302 0.0004548653614067993 -0.0001999999999999999 0.004308440092697451
3303 0.000841424555644336 -0.0001999999999999999 0.003882066224612858
3304 -0.001420995282177153 -0.0001999999999999999 0.02143933924885927
3305 -0.01370160155007224 -0.0001999999999999999 0.005817507575007744
3306 -0.0115782118059297 -0.0001999999999999999 0.006884222149646003
3307 -0.005870262583060581 -0.0001999999999999999 0.01727638081944599
3308 -0.007981596362831399 -0.0001999999999999999 0.02053191803023046
3309 -0.00869068890093639 -0.0001999999999999999 0.01832861749277381
3310 -0.01063149949826636 -0.0001999999999999999 0.01981686628772596
3311 -0.01142221507261151 -0.0001999999999999999 0.02271433331533198
3312 -0.0123983111553135 -0.0001999999999999999 0.02634706576189717
3313 -0.01440915142175415 -0.0001999999999999999 0.02095165339050986
3314 -0.01578587406970842 -0.0001999999999999999 0.01167448013695688
3315 -0.01244861203698431 -0.0001999999999999999 0.01289099172910864
3316 -0.0004597997772261386 -0.0001999999999999999 0.02264444279258289
3317 -0.0101257591141423 -0.0001999999999999999 0.0283699207142229
3318 -0.01169157713259902 -0.0001999999999999999 0.03127665129400274
3319 -0.008495787162928502 -0.0001999999999999999 0.03073843226712814
3320 -0.01014546686021471 -0.0001999999999999999 0.03363460591754157
3321 -0.01299831759093421 -0.0001999999999999999 0.03474760609814982
3322 -0.01063316430247805 -0.0001999999999999999 0.03695897918329162
3323 -0.01453245367467152 -0.0001999999999999999 0.03653743668509575
3324 -0.0002953004010451748 -0.0001999999999999999 0.001477211262688058
3325 0.0001875299106570285 -0.0001999999999999999 0.00191200485436708
3326 0.0004207394249237764 -0.0001999999999999999 0.00139490493531358
3327 -0.01457160688980363 -0.0001999999999999999 0.00979962854624368
3328 0.003440524862947102 -0.0001999999999999999 0.01293233122802944
3329 6.869006145691988e-05 -0.0001999999999999999 0.0039371555081296
3330 0.0103772057472883 -0.0001999999999999999 0.007027653794103566
3331 0.002880237058985664 -0.0001999999999999999 0.008729911119452342
3332 0.003256691006540398 -0.0001999999999999999 0.01414599548091259
3333 -0.01478997299646749 -0.0001999999999999999 0.03227575517296188
3334 0.001465763475022841 -0.0001999999999999999 0.003992340150426818
3335 0.002085331421361198 -0.0001999999999999999 0.004556979950152446
3336 -0.001582466070589067 -0.0001999999999999999 0.008207975596613272
3337 -0.0004266888763628583 -0.0001999999999999999 0.004087846362468133
3338 -0.001609140356630801 -0.0001999999999999999 0.004673507073547492
3339 0.000474508360824166 -0.0001999999999999999 0.020822059770878
3340 -0.005147709193723531 -0.0001999999999999999 0.02703722497733337
3341 -2.494766421873796e-05 -0.0001999999999999999 0.002998042532212967
3342 -3.14858994795712e-06 -0.0001999999999999999 0.002303071050785309
3343 -0.007088735040813985 -0.0001999999999999999 0.008758981136114145
3344 -0.002890891008539534 -0.0001999999999999999 0.005625917682424336
3345 -0.01496292171784617 -0.0001999999999999999 0.007107984395505019
3346 -0.0009393837826531441 -0.0001999999999999999 0.02495130141045893
3347 -0.0001235810245118088 -0.0001999999999999999 0.003366430198923008
3348 0.00249873763746152 -0.0001999999999999999 0.01972832776438288
3349 -0.005090026852096229 -0.0001999999999999999 0.02489561282911529
3350 0.007376143377445594 -0.0001999999999999999 0.02726320177728897
3351 0.004520847241724618 -0.0001999999999999999 0.01528294595939633
3352 0.007587080388136232 -0.0001999999999999999 0.004938015606033679
3353 -0.01016504026501272 -0.0001999999999999999 0.00667926609464763
3354 -0.0002036197514617106 -0.0001999999999999999 0.001999893368962579
3355 0.01371952030211931 -0.0001999999999999999 0.005261148573905366
3356 -0.009169367631058831 -0.0001999999999999999 0.00731599289305861
3357 -0.007307123542132109 -0.0001999999999999999 0.01727908255318259
3358 -0.0004928911177814741 -0.0001999999999999999 0.01833391580040903
3359 -0.008502528706486222 -0.0001999999999999999 0.01610885627059431
3360 -0.01074744752664552 -0.0001999999999999999 0.01702913610661258
3361 -0.001824093777938266 -0.0001999999999999999 0.03230366921555835
3362 -0.01083531226420775 -0.0001999999999999999 0.01141128605135096
3363 0.004548243691757635 -0.0001999999999999999 0.007993609945562682
3364 -0.001069969696203991 -0.0001999999999999999 0.008916367457779472
3365 -0.005976382843845175 -0.0001999999999999999 0.02953040960945922
3366 -0.0007521265323552546 -0.0001999999999999999 0.0122019318670485
3367 -0.007906506453419103 -0.0001999999999999999 0.007225087160766592
3368 -0.001048803387171258 1.38777878078145e-19 0.003148803387171258
3369 -0.00070143593539449 1.38777878078145e-19 0.00234287187078898
3370 -0.0005999999999999999 1.38777878078145e-19 0.002807179676972449
3371 -0.001048803387171258 -0.0001999999999999999 0.003148803387171258
3372 -0.00070143593539449 -0.0001999999999999999 0.00234287187078898
3373 -0.0005999999999999999 -0.0001999999999999999 0.002807179676972449
3374 -0.01781309417657125 1.38777878078145e-19 0.005161388752314473
3375 -0.0190714850372729 1.38777878078145e-19 0.006165265016485478
3376 -0.01896301202326696 1.38777878078145e-19 0.004522123667252037
3377 -0.01858124756086782 1.38777878078145e-19 0.003810780290948525
3378 -0.01721284294370338 1.38777878078145e-19 0.0039144338086526
3379 -0.01791159219810686 1.38777878078145e-19 0.04025229526237567
3380 -0.01907148503727293 1.38777878078145e-19 0.03923473498351455
3381 -0.01903288524878854 1.38777878078145e-19 0.04088047077013376
3382 -0.0185991953270811 1.38777878078145e-19 0.04138688252445737
3383 -0.01746669171745938 1.38777878078145e-19 0.04169679892659522
3384 0.01781309417657126 1.38777878078145e-19 0.04023861124768554
3385 0.01907148503727293 1.38777878078145e-19 0.03923473498351455
3386 0.01896301202326697 1.38777878078145e-19 0.04087787633274798
3387 0.01858124756086783 1.38777878078145e-19 0.04158921970905149
3388 0.01721284294370338 1.38777878078145e-19 0.0414855661913474
3389 0.01791159219810685 1.38777878078145e-19 0.005147704737624354
3390 0.0190714850372729 1.38777878078145e-19 0.006165265016485479
3391 0.01903288524878852 1.38777878078145e-19 0.004519529229866264
3392 0.01859919532708109 1.38777878078145e-19 0.00401311747554266
3393 0.01746669171745935 1.38777878078145e-19 0.003703201073404807
3394 0.0007014359353944898 1.38777878078145e-19 0.00234287187078898
3395 0.001048803387171258 1.38777878078145e-19 0.003148803387171259
3396 0.0005999999999999997 1.38777878078145e-19 0.002807179676972449
3397 -0.01781309417657125 -0.0001999999999999999 0.005161388752314473
3398 -0.0190714850372729 -0.0001999999999999999 0.006165265016485478
3399 -0.01896301202326696 -0.0001999999999999999 0.004522123667252037
3400 -0.01858124756086782 -0.0001999999999999999 0.003810780290948525
3401 -0.01721284294370338 -0.0001999999999999999 0.0039144338086526
3402 -0.01791159219810686 -0.0001999999999999999 0.04025229526237567
3403 -0.01907148503727293 -0.0001999999999999999 0.03923473498351455
3404 -0.01903288524878854 -0.0001999999999999999 0.04088047077013376
3405 -0.0185991953270811 -0.0001999999999999999 0.04138688252445737
3406 -0.01746669171745938 -0.0001999999999999999 0.04169679892659522
3407 0.01781309417657126 -0.0001999999999999999 0.04023861124768554
3408 0.01907148503727293 -0.0001999999999999999 0.03923473498351455
3409 0.01896301202326697 -0.0001999999999999999 0.04087787633274798
3410 0.01858124756086783 -0.0001999999999999999 0.04158921970905149
3411 0.01721284294370338 -0.0001999999999999999 0.0414855661913474
3412 0.01791159219810685 -0.0001999999999999999 0.005147704737624354
3413 0.0190714850372729 -0.0001999999999999999 0.006165265016485479
3414 0.01903288524878852 -0.0001999999999999999 0.004519529229866264
3415 0.01859919532708109 -0.0001999999999999999 0.00401311747554266
3416 0.01746669171745935 -0.0001999999999999999 0.003703201073404807
3417 0.0007014359353944898 -0.0001999999999999999 0.00234287187078898
3418 0.001048803387171258 -0.0001999999999999999 0.003148803387171259
3419 0.0005999999999999997 -0.0001999999999999999 0.002807179676972449
3420 -0.0195574176840924 1.38777878078145e-19 0.003142582315907626
3421 -0.01955741768409239 -0.0001999999999999999 0.003142582315907626
3422 -0.01955741768409238 1.38777878078145e-19 0.04225741768409239
3423 -0.01955741768409238 -0.0001999999999999999 0.04225741768409239
3424 0.01955741768409238 1.38777878078145e-19 0.04225741768409239
3425 0.01955741768409238 -0.0001999999999999999 0.04225741768409239
3426 0.01955741768409239 1.38777878078145e-19 0.003142582315907626
3427 0.0195574176840924 -0.0001999999999999999 0.003142582315907626
3428 -0.0209965243817652 4.440892098500632e-18 0.04372926115653652
3429 -0.02144763567910521 4.440892098500632e-18 0.04232959490004223
3430 -0.01961881051925849 4.440892098500632e-18 0.04413893058757867
3431 -0.02036602540378447 4.440892098500632e-18 0.0440660254037844
3432 -0.02099153363675383 4.440892098500632e-18 0.04458242691104065
3433 -0.02006953503714431 4.440892098500632e-18 0.04482949088755073
3434 -0.02171888210056082 4.440892098500632e-18 0.04381597826726343
3435 -0.01889595542608451 4.440892098500632e-18 0.04466073759588094
3436 -0.02135133589923907 4.440892098500632e-18 0.04307539229677677
3437 -0.02213087086298195 4.440892098500632e-18 0.04281078937860548
3438 -0.02219996355060801 4.440892098500632e-18 0.04182820734798688
3439 -0.02085251072177257 4.440892098500632e-18 0.04587260762896004
3440 -0.02306428200509499 4.440892098500632e-18 0.04368799519175921
3441 -0.02132106470659782 4.440892098500632e-18 0.04152649452630638
3442 -0.02237898255448794 4.440892098500632e-18 0.04058950476817143
3443 -0.02089435382188886 4.440892098500632e-18 0.04037428640283357
3444 -0.02308470052951914 4.440892098500632e-18 0.04245303185383511
3445 -0.02224288924718407 4.440892098500632e-18 0.04503152250299092
3446 -0.01912165145509827 4.440892098500632e-18 0.04589684259762095
3447 -0.01782413486304943 4.440892098500632e-18 0.04535031232094296
3448 -0.01793319445298656 4.440892098500632e-18 0.04396385439229072
3449 -0.01876083490184855 4.440892098500632e-18 0.04393916509815145
3450 -0.02312479618877035 4.440892098500632e-18 0.04132041991308311
3451 -0.02043301270189222 4.440892098500629e-18 0.04295
3452 -0.0199278312163513 4.440892098500629e-18 0.04328034180126147
3453 -0.0204665063509461 4.440892098500629e-18 0.04234732909936927
3454 -0.0209965243817652 -0.000199999999999996 0.04372926115653652
3455 -0.02144763567910521 -0.000199999999999996 0.04232959490004223
3456 -0.01961881051925849 -0.000199999999999996 0.04413893058757867
3457 -0.02036602540378447 -0.000199999999999996 0.0440660254037844
3458 -0.02099153363675383 -0.000199999999999996 0.04458242691104065
3459 -0.02006953503714431 -0.000199999999999996 0.04482949088755073
3460 -0.02171888210056082 -0.000199999999999996 0.04381597826726343
3461 -0.01889595542608451 -0.000199999999999996 0.04466073759588094
3462 -0.02135133589923907 -0.000199999999999996 0.04307539229677677
3463 -0.02213087086298195 -0.000199999999999996 0.04281078937860548
3464 -0.02219996355060801 -0.000199999999999996 0.04182820734798688
3465 -0.02085251072177257 -0.000199999999999996 0.04587260762896004
3466 -0.02306428200509499 -0.000199999999999996 0.04368799519175921
3467 -0.02132106470659782 -0.000199999999999996 0.04152649452630638
3468 -0.02237898255448794 -0.000199999999999996 0.04058950476817143
3469 -0.02089435382188886 -0.000199999999999996 0.04037428640283357
3470 -0.02308470052951914 -0.000199999999999996 0.04245303185383511
3471 -0.02224288924718407 -0.000199999999999996 0.04503152250299092
3472 -0.01912165145509827 -0.000199999999999996 0.04589684259762095
3473 -0.01782413486304943 -0.000199999999999996 0.04535031232094296
3474 -0.01793319445298656 -0.000199999999999996 0.04396385439229072
3475 -0.01876083490184855 -0.000199999999999996 0.04393916509815145
3476 -0.02312479618877035 -0.000199999999999996 0.04132041991308311
3477 -0.02043301270189222 -0.0001999999999999959 0.04295
3478 -0.0199278312163513 -0.0001999999999999959 0.04328034180126147
3479 -0.0204665063509461 -0.0001999999999999959 0.04234732909936927
3480 0.02102926115653652 4.440892098500632e-18 0.0436965243817652
3481 0.02143893058757868 4.440892098500632e-18 0.0423188105192585
3482 0.01962959490004224 4.440892098500632e-18 0.04414763567910521
3483 0.0213660254037844 4.440892098500632e-18 0.04306602540378447
3484 0.02188242691104065 4.440892098500632e-18 0.04369153363675383
3485 0.02212949088755073 4.440892098500632e-18 0.04276953503714431
3486 0.02111597826726343 4.440892098500632e-18 0.04441888210056082
3487 0.02196073759588094 4.440892098500632e-18 0.04159595542608452
3488 0.02037539229677677 4.440892098500632e-18 0.04405133589923907
3489 0.02011078937860547 4.440892098500632e-18 0.04483087086298195
3490 0.01912820734798688 4.440892098500632e-18 0.044899963550608
3491 0.02317260762896004 4.440892098500632e-18 0.04355251072177257
3492 0.02098799519175921 4.440892098500632e-18 0.04576428200509499
3493 0.01882649452630638 4.440892098500632e-18 0.04402106470659781
3494 0.01788950476817143 4.440892098500632e-18 0.04507898255448794
3495 0.01767428640283357 4.440892098500632e-18 0.04359435382188886
3496 0.01975303185383511 4.440892098500632e-18 0.04578470052951913
3497 0.02233152250299092 4.440892098500632e-18 0.04494288924718406
3498 0.02319684259762094 4.440892098500632e-18 0.04182165145509827
3499 0.02265031232094296 4.440892098500632e-18 0.04052413486304943
3500 0.02126385439229072 4.440892098500632e-18 0.04063319445298656
3501 0.02123916509815145 4.440892098500632e-18 0.04146083490184856
3502 0.01862041991308311 4.440892098500632e-18 0.04582479618877035
3503 0.02045534180126147 4.440892098500629e-18 0.04236666666666667
3504 0.02036602540378443 4.440892098500629e-18 0.04306602540378442
3505 0.01966666666666667 4.440892098500629e-18 0.04315534180126147
3506 0.02102926115653652 -0.000199999999999996 0.0436965243817652
3507 0.02143893058757868 -0.000199999999999996 0.0423188105192585
3508 0.01962959490004224 -0.000199999999999996 0.04414763567910521
3509 0.0213660254037844 -0.000199999999999996 0.04306602540378447
3510 0.02188242691104065 -0.000199999999999996 0.04369153363675383
3511 0.02212949088755073 -0.000199999999999996 0.04276953503714431
3512 0.02111597826726343 -0.000199999999999996 0.04441888210056082
3513 0.02196073759588094 -0.000199999999999996 0.04159595542608452
3514 0.02037539229677677 -0.000199999999999996 0.04405133589923907
3515 0.02011078937860547 -0.000199999999999996 0.04483087086298195
3516 0.01912820734798688 -0.000199999999999996 0.044899963550608
3517 0.02317260762896004 -0.000199999999999996 0.04355251072177257
3518 0.02098799519175921 -0.000199999999999996 0.04576428200509499
3519 0.01882649452630638 -0.000199999999999996 0.04402106470659781
3520 0.01788950476817143 -0.000199999999999996 0.04507898255448794
3521 0.01767428640283357 -0.000199999999999996 0.04359435382188886
3522 0.01975303185383511 -0.000199999999999996 0.04578470052951913
3523 0.02233152250299092 -0.000199999999999996 0.04494288924718406
3524 0.02319684259762094 -0.000199999999999996 0.04182165145509827
3525 0.02265031232094296 -0.000199999999999996 0.04052413486304943
3526 0.02126385439229072 -0.000199999999999996 0.04063319445298656
3527 0.02123916509815145 -0.000199999999999996 0.04146083490184856
3528 0.01862041991308311 -0.000199999999999996 0.04582479618877035
3529 0.0205386751345948 -0.000199999999999996 0.04238899576603593
3530 0.01955358983848623 -0.000199999999999996 0.04307320508075688
3531 0.02006993587371177 -0.000199999999999996 0.04330087598138761
3532 0.02148141017710734 0 0.003265279884055667
3533 0.02236893761007105 0 0.00512386109538482
3534 0.02300107874714048 0 0.001967646534632014
3535 0.02333263351313688 0 0.003623780148428356
3536 0.02092808116236498 0 0.006163646051493678
3537 0.02103781247223177 0 0.004588763225307144
3538 0.02118986253172673 0 0.003702351353752671
3539 0.02198126953008599 0 0.00385645781193182
3540 0.02194373622854252 0 0.002935527396507976
3541 0.02013397459621556 0 0.00219999999999999
3542 0.01962799153207186 0 0.00222232909936926
3543 0.02037320508075688 0 0.003146410161513782
3544 0.02053987174742354 0 0.002691068360252295
3545 0.02148141017710734 -0.0002 0.003265279884055667
3546 0.02236893761007105 -0.0002 0.00512386109538482
3547 0.02300107874714048 -0.0002 0.001967646534632014
3548 0.02333263351313688 -0.0002 0.003623780148428356
3549 0.02092808116236498 -0.0002 0.006163646051493678
3550 0.02103781247223177 -0.0002 0.004588763225307144
3551 0.02118986253172673 -0.0002 0.003702351353752671
3552 0.02198126953008599 -0.0002 0.00385645781193182
3553 0.02194373622854252 -0.0002 0.002935527396507976
3554 0.02013397459621556 -0.0002 0.00219999999999999
3555 0.01962799153207186 -0.0002 0.00222232909936926
3556 0.02037320508075688 -0.0002 0.003146410161513782
3557 0.02053987174742354 -0.0002 0.002691068360252295
3558 -0.0215433288557487 0 0.002927443346575103
3559 -0.0222280096669831 0 0.004920257321139297
3560 -0.02294308623258431 0 0.002021593214220757
3561 -0.02346364605149369 0 0.003628081162364976
3562 -0.02092808116236498 0 0.006163646051493678
3563 -0.02099113210103585 0 0.004469899690449709
3564 -0.02137923882761439 0 0.003779063169566612
3565 -0.02231146192688484 0 0.003455287642773349
3566 -0.01980000000000001 0 0.002153589838486219
3567 -0.0203617215439384 0 0.00233622711978375
3568 -0.02045462449128713 0 0.003033708753928032
3569 -0.0215433288557487 -0.0002 0.002927443346575103
3570 -0.0222280096669831 -0.0002 0.004920257321139297
3571 -0.02294308623258431 -0.0002 0.002021593214220757
3572 -0.02346364605149369 -0.0002 0.003628081162364976
3573 -0.02092808116236498 -0.0002 0.006163646051493678
3574 -0.02099113210103585 -0.0002 0.004469899690449709
3575 -0.02137923882761439 -0.0002 0.003779063169566612
3576 -0.02231146192688484 -0.0002 0.003455287642773349
3577 -0.01980000000000001 -0.0002 0.002153589838486219
3578 -0.0203617215439384 -0.0002 0.00233622711978375
3579 -0.02045462449128713 -0.0002 0.003033708753928032
3580 -0.08 0.08 0
3581 -0.0768301270189222 0.0818301270189222 0
3582 -0.07324971400125804 0.08195053009832172 0
3583 -0.08194660581784816 0.07326009145001769 0
3584 -0.0818301270189222 0.0768301270189222 0
3585 -0.07994376648984075 0.08480670755988043 0
3586 -0.07536568058079711 0.08558293877656552 0
3587 -0.08482901146218129 0.08183055488765406 0
3588 -0.0856065914200384 0.07568707794631277 0
3589 -0.06249999999999999 0.07834936490538906 0
3590 -0.07834936490538905 0.06249999999999999 0
3591 -0.08552105303278283 0.07045608145129044 0
3592 -0.08090123197062059 0.07006146140274443 0
3593 -0.07037813316808141 0.08550978412773295 0
3594 -0.06985080534309562 0.08084735262754364 0
3595 -0.08335118097682195 0.06554810745942842 0
3596 -0.06532902861331266 0.08329450948567217 0
3597 -0.07902035557056632 0.06775588836865012 0
3598 -0.06766994138749723 0.07899824540372097 0
3599 -0.07764429616666046 0.08957225097707001 0
3600 -0.08939280904001372 0.07885654155908704 0
3601 -0.08973669016847532 0.0729708734954003 0
3602 -0.07274459677726686 0.08975538327192684 0
3603 -0.07625 0.07716506350946109 0
3604 -0.07748717914826349 0.07397641949864842 0
3605 -0.0732366454968463 0.07733253175473055 0
3606 -0.08 0.08 0.0002
3607 -0.0768301270189222 0.0818301270189222 0.0002
3608 -0.07324971400125804 0.08195053009832172 0.0002
3609 -0.08194660581784816 0.07326009145001769 0.0002
3610 -0.0818301270189222 0.0768301270189222 0.0002
3611 -0.06250000000000001 0.07834936490538894 0.0002
3612 -0.07994376648984075 0.08480670755988043 0.0002
3613 -0.07536568058079711 0.08558293877656552 0.0002
3614 -0.08482901146218129 0.08183055488765406 0.0002
3615 -0.0856065914200384 0.07568707794631277 0.0002
3616 -0.07834936490538905 0.06249999999999999 0.0002
3617 -0.08552105303278283 0.07045608145129044 0.0002
3618 -0.08090123197062059 0.07006146140274443 0.0002
3619 -0.07037813316808141 0.08550978412773295 0.0002
3620 -0.06985080534309564 0.08084735262754364 0.0002
3621 -0.08335118097682195 0.06554810745942842 0.0002
3622 -0.06532902861331266 0.08329450948567216 0.0002
3623 -0.07902035557056632 0.06775588836865012 0.0002
3624 -0.06766994138749723 0.07899824540372094 0.0002
3625 -0.07764429616666046 0.08957225097707001 0.0002
3626 -0.08939280904001372 0.07885654155908704 0.0002
3627 -0.08973669016847532 0.0729708734954003 0.0002
3628 -0.07274459677726686 0.08975538327192684 0.0002
3629 -0.07625 0.07716506350946109 0.0002000000000000001
3630 -0.07748717914826349 0.07397641949864842 0.0002000000000000001
3631 -0.0732366454968463 0.07733253175473055 0.0002000000000000001
3632 0.08 0.08 0
3633 0.0818301270189222 0.0768301270189222 0
3634 0.08195053009832172 0.07324971400125804 0
3635 0.07326009145001769 0.08194660581784816 0
3636 0.0768301270189222 0.0818301270189222 0
3637 0.07834936490538894 0.06250000000000001 0
3638 0.08480670755988043 0.07994376648984075 0
3639 0.08558293877656552 0.0753656805807971 0
3640 0.08183055488765406 0.08482901146218129 0
3641 0.07568707794631277 0.0856065914200384 0
3642 0.06249999999999999 0.07834936490538905 0
3643 0.07045608145129044 0.08552105303278283 0
3644 0.07006146140274443 0.08090123197062059 0
3645 0.08550978412773295 0.07037813316808141 0
3646 0.08084735262754364 0.06985080534309562 0
3647 0.06554810745942842 0.08335118097682195 0
3648 0.08329450948567216 0.06532902861331266 0
3649 0.06775588836865012 0.07902035557056632 0
3650 0.07899824540372094 0.06766994138749723 0
3651 0.08957225097707001 0.07764429616666046 0
3652 0.07885654155908703 0.08939280904001372 0
3653 0.0729708734954003 0.08973669016847532 0
3654 0.08975538327192684 0.07274459677726684 0
3655 0.0772767090063074 0.07333333333333333 0
3656 0.07333333333333333 0.0772767090063074 0
3657 0.0768301270189222 0.0768301270189222 0
3658 0.08 0.08 0.0002
3659 0.0818301270189222 0.0768301270189222 0.0002
3660 0.08195053009832172 0.07324971400125804 0.0002
3661 0.07326009145001769 0.08194660581784816 0.0002
3662 0.0768301270189222 0.0818301270189222 0.0002
3663 0.07834936490538894 0.06250000000000001 0.0002
3664 0.08480670755988043 0.07994376648984075 0.0002
3665 0.08558293877656552 0.0753656805807971 0.0002
3666 0.08183055488765406 0.08482901146218129 0.0002
3667 0.07568707794631277 0.0856065914200384 0.0002
3668 0.06249999999999999 0.07834936490538905 0.0002
3669 0.07045608145129044 0.08552105303278283 0.0002
3670 0.07006146140274443 0.08090123197062059 0.0002
3671 0.08550978412773295 0.07037813316808141 0.0002
3672 0.08084735262754364 0.06985080534309562 0.0002
3673 0.06554810745942842 0.08335118097682195 0.0002
3674 0.08329450948567216 0.06532902861331266 0.0002
3675 0.06775588836865012 0.07902035557056632 0.0002
3676 0.07899824540372094 0.06766994138749723 0.0002
3677 0.08957225097707001 0.07764429616666046 0.0002
3678 0.07885654155908703 0.08939280904001372 0.0002
3679 0.0729708734954003 0.08973669016847532 0.0002
3680 0.08975538327192684 0.07274459677726684 0.0002
3681 0.07716506350946109 0.07625 0.0002
3682 0.07397641949864842 0.07748717914826349 0.0002
3683 0.07733253175473055 0.0732366454968463 0.0002
3684 0.08 -0.08 0
3685 0.0768301270189222 -0.0818301270189222 0
3686 0.07324971400125804 -0.08195053009832172 0
3687 0.08194660581784816 -0.07326009145001769 0
3688 0.0818301270189222 -0.0768301270189222 0
3689 0.07834936490538898 -0.0625 0
3690 0.07994376648984075 -0.08480670755988043 0
3691 0.07536568058079711 -0.08558293877656552 0
3692 0.08482901146218129 -0.08183055488765406 0
3693 0.0856065914200384 -0.07568707794631277 0
3694 0.06249999999999999 -0.07834936490538906 0
3695 0.08552105303278283 -0.07045608145129044 0
3696 0.08090123197062059 -0.07006146140274443 0
3697 0.07037813316808141 -0.08550978412773295 0
3698 0.06985080534309562 -0.08084735262754364 0
3699 0.08335118097682194 -0.06554810745942842 0
3700 0.06532902861331266 -0.08329450948567217 0
3701 0.0790203555705663 -0.06775588836865012 0
3702 0.06766994138749723 -0.07899824540372097 0
3703 0.07764429616666046 -0.08957225097707001 0
3704 0.08939280904001372 -0.07885654155908703 0
3705 0.08973669016847532 -0.0729708734954003 0
3706 0.07274459677726686 -0.08975538327192684 0
3707 0.0756698729810778 -0.0775 0
3708 0.07313995766035926 -0.07738835450315371 0
3709 0.07738835450315369 -0.07313995766035927 0
3710 0.07747767090063074 -0.07562799153207185 0
3711 0.08 -0.08 0.0002000000000000001
3712 0.0768301270189222 -0.0818301270189222 0.0002000000000000001
3713 0.07324971400125804 -0.08195053009832172 0.0002000000000000001
3714 0.08194660581784816 -0.07326009145001769 0.0002000000000000001
3715 0.0818301270189222 -0.0768301270189222 0.0002000000000000001
3716 0.06250000000000001 -0.07834936490538894 0.0002000000000000001
3717 0.07834936490538898 -0.0625 0.0002000000000000001
3718 0.07994376648984075 -0.08480670755988043 0.0002000000000000001
3719 0.07536568058079711 -0.08558293877656552 0.0002000000000000001
3720 0.08482901146218129 -0.08183055488765406 0.0002000000000000001
3721 0.0856065914200384 -0.07568707794631277 0.0002000000000000001
3722 0.08552105303278283 -0.07045608145129044 0.0002000000000000001
3723 0.08090123197062059 -0.07006146140274443 0.0002000000000000001
3724 0.07037813316808141 -0.08550978412773295 0.0002000000000000001
3725 0.06985080534309564 -0.08084735262754364 0.0002000000000000001
3726 0.08335118097682194 -0.06554810745942842 0.0002000000000000001
3727 0.06532902861331266 -0.08329450948567216 0.0002000000000000001
3728 0.0790203555705663 -0.06775588836865012 0.0002000000000000001
3729 0.06766994138749723 -0.07899824540372094 0.0002000000000000001
3730 0.07764429616666046 -0.08957225097707001 0.0002000000000000001
3731 0.08939280904001372 -0.07885654155908704 0.0002000000000000001
3732 0.08973669016847532 -0.0729708734954003 0.0002000000000000001
3733 0.07274459677726686 -0.08975538327192684 0.0002000000000000001
3734 0.07666666666666666 -0.0772767090063074 0.0002000000000000001
3735 0.07330608994129074 -0.07735113933753826 0.0002000000000000001
3736 0.07721291157953808 -0.07278708842046192 0.0002000000000000001
3737 -0.08 -0.08 0
3738 -0.0818301270189222 -0.0768301270189222 0
3739 -0.08195053009832172 -0.07324971400125804 0
3740 -0.07326009145001769 -0.08194660581784816 0
3741 -0.0768301270189222 -0.0818301270189222 0
3742 -0.0625 -0.07834936490538898 0
3743 -0.07834936490538895 -0.06250000000000001 0
3744 -0.08480670755988044 -0.07994376648984075 0
3745 -0.08558293877656552 -0.07536568058079711 0
3746 -0.08183055488765406 -0.08482901146218129 0
3747 -0.07568707794631277 -0.0856065914200384 0
3748 -0.07045608145129044 -0.08552105303278283 0
3749 -0.07006146140274443 -0.08090123197062059 0
3750 -0.08550978412773295 -0.07037813316808141 0
3751 -0.08084735262754364 -0.06985080534309562 0
3752 -0.06554810745942842 -0.08335118097682194 0
3753 -0.08329450948567216 -0.06532902861331268 0
3754 -0.06775588836865012 -0.0790203555705663 0
3755 -0.07899824540372094 -0.06766994138749723 0
3756 -0.08957225097707001 -0.07764429616666046 0
3757 -0.07885654155908703 -0.08939280904001372 0
3758 -0.0729708734954003 -0.08973669016847532 0
3759 -0.08975538327192684 -0.07274459677726686 0
3760 -0.0772767090063074 -0.07333333333333333 0
3761 -0.07333333333333333 -0.0772767090063074 0
3762 -0.0768301270189222 -0.0768301270189222 0
3763 -0.08 -0.08 0.0002000000000000001
3764 -0.0818301270189222 -0.0768301270189222 0.0002000000000000001
3765 -0.08195053009832172 -0.07324971400125804 0.0002000000000000001
3766 -0.07326009145001769 -0.08194660581784816 0.0002000000000000001
3767 -0.0768301270189222 -0.0818301270189222 0.0002000000000000001
3768 -0.07834936490538895 -0.06250000000000001 0.0002000000000000001
3769 -0.08480670755988044 -0.07994376648984075 0.0002000000000000001
3770 -0.08558293877656553 -0.0753656805807971 0.0002000000000000001
3771 -0.08183055488765406 -0.08482901146218129 0.0002000000000000001
3772 -0.07568707794631277 -0.0856065914200384 0.0002000000000000001
3773 -0.06249999999999999 -0.07834936490538905 0.0002000000000000001
3774 -0.07045608145129044 -0.08552105303278283 0.0002000000000000001
3775 -0.07006146140274443 -0.08090123197062059 0.0002000000000000001
3776 -0.08550978412773295 -0.07037813316808141 0.0002000000000000001
3777 -0.08084735262754364 -0.06985080534309562 0.0002000000000000001
3778 -0.06554810745942842 -0.08335118097682195 0.0002000000000000001
3779 -0.08329450948567216 -0.06532902861331268 0.0002000000000000001
3780 -0.06775588836865012 -0.07902035557056632 0.0002000000000000001
3781 -0.07899824540372094 -0.06766994138749723 0.0002000000000000001
3782 -0.08957225097707001 -0.07764429616666046 0.0002000000000000001
3783 -0.07885654155908703 -0.08939280904001372 0.0002000000000000001
3784 -0.0729708734954003 -0.08973669016847532 0.0002000000000000001
3785 -0.08975538327192684 -0.07274459677726684 0.0002000000000000001
3786 -0.07333333333333333 -0.0772767090063074 0.0002000000000000001
3787 -0.0772767090063074 -0.07333333333333333 0.0002000000000000001
3788 -0.0768301270189222 -0.0768301270189222 0.0002000000000000001
3789 0.001354065852726093 -0.0001999999999999996 0.002345934147273907
3790 0.001354065852726093 2.710505431213761e-19 0.002345934147273907
3791 -0.001354065852726093 -0.0001999999999999997 0.002345934147273907
3792 -0.001354065852726093 2.710505431213761e-19 0.002345934147273907
3793 -0.07277777777777779 -0.07575890300210247 0.0001
3794 0.01990930386260805 -9.969808261599268e-05 0.002330551817792422
3795 -0.06274253312791321 -0.08689056301750359 0.0001
3796 -0.02121545831631873 -9.33456636665458e-05 0.002708899907940215
3797 -0.01080726259793483 0.001204884434862374 0.00271825476212796
3798 -0.02135558079385502 -9.999999999999576e-05 0.04354021057352558
3799 0.02246218568099721 -9.999999999999578e-05 0.04406231120190348
3800 0.07911519934375486 0.06939687323722353 9.999999999999998e-05
3801 0.08665396577117199 0.07765124774576609 9.999999999999998e-05
3802 0.08024030048425909 -0.06526799860935953 0.0001
3803 0.009905467593273595 0.0002816509077550202 0.0004159017209523241
3804 0 -9.999999999999576e-05 0.1173410161513785
3805 -0.06201154802133754 0.06465320417836064 0.08471154802133746
3806 0.06231309909563101 -0.06490665946176566 0.08501309909563069
3807 0.01041806554139618 -0.01559173692508027 -0.04618123052599082
3808 -0.0622591497754235 -0.06489695971109698 0.08495914977542356
3809 0.0622957640184677 0.06470414720713898 0.08499576401846708
3810 -0.02197523259805226 -0.04294672906014532 0.04230612506177664
3811 -0.01300117321599449 0.008687106210816075 -0.02709985125477531
3812 -0.02054903810567664 0.04333350375080063 0.04324903810567664
3813 0.02300864609838254 0.04303513214203075 0.04268461568325183
3814 0.01211923519027111 0.002410665762527684 -0.02671141467240898
3815 0.02444281324081937 -0.04460895879128274 0.04389044821999984
3816 -0.01189673578876074 0.002147727357750735 -0.011732806904127
3817 0.01189920628789747 -0.002680852238668239 -0.01200942704461841
3818 -0.005194172454822064 0.01983424624883735 0.01973672203337411
3819 -0.06984869134424593 -9.999999999999389e-05 0.09254869134424583
3820 -0.004202607204001061 -0.02246294518401977 0.02223648487082805
3821 0.06984628210572266 -9.999999999999477e-05 0.09254628210572258
3822 -0.0050883830443699 0.01129088965595467 0.01144184769853569
3823 0.0009075714190611798 -0.01183040993707474 0.01172048952497027
3824 -0.000936233091363953 0.003541999651011059 0.003703648431895753
3825 0.003254562153737758 0.008681760336324068 0.009353621111418459
3826 -0.0006976552723962663 -0.004103250740547626 0.004049954742468853
3827 -3.469446951953614e-18 -0.02563245947278757 0.06270000000000001
3828 -0.0240615000832055 0.005777604309462569 -0.01146893109950349
3829 0.0307878005696307 0.01466659070185365 0.02261174377829221
3830 0.02122354587282645 0.02147799334329064 0.0419167154416596
3831 -3.469446951953614e-18 0.0184349879107216 0.06269999999999998
3832 -0.005415036977161333 -0.007791033506629147 0.008767837923388524
3833 -0.03625397660761329 0.01914509255467189 0.02644602339238674
3834 -0.02197523259805226 0.02145931164062748 0.04230612506177664
3835 -0.07788675134594814 -0.07788675134594814 0.04500246202565047
3836 0.01335534764053647 -0.0006321001153961136 -0.006074106351909865
3837 -0.03839056043412753 -0.01926160481720472 0.02759088817325867
3838 -0.02137669575859383 -0.02134389400835758 0.04269955087571103
3839 -0.07600480947161671 0.07875 0.04477474038600743
3840 -0.004732159788608871 0.006027839146248503 0.007721555040786532
3841 0.02397172659002805 -0.006077628517684047 -0.01159926707439982
3842 -0.002816630101588686 -0.01416015574442721 -0.02031431533053707
3843 -0.03966169461501137 -0.03595753322532667 -0.05430700348102482
3844 -0.07591506350946109 -0.07841506350946111 -0.05582014756463496
3845 0.07875 0.07600480947161671 0.04493216551891025
3846 -0.04798817922118317 -9.999999999999578e-05 0.0352005899800665
3847 0.07795120990360616 -0.07795120990360616 0.04503899104260716
3848 0.001422564856449368 -0.006181352947608484 0.009281425375066632
3849 -0.01346864320478639 -0.0004899532809697053 -0.005750166348792151
3850 0.02022332002703262 -0.02260549697886727 0.04353344168723341
3851 0.07894337567297406 0.07894337567297406 -0.05880242976581342
3852 -0.07644337567297406 0.08038675134594814 -0.05838369663422723
3853 0.007101932155891413 0.01062879259056642 -0.01330143167296348
3854 0.01263934879213747 -9.999999999999575e-05 0.0701703242845365
3855 -0.01263934879213747 -9.999999999999578e-05 0.07017032428453648
3856 -0.0001569071647664902 -0.002487833908524687 0.002474093955654715
3857 0.02113612095289937 -0.003722548772071486 0.003886589928104888
3858 -0.02603681175157405 -0.005536052705946313 -0.01324633724570769
3859 -0.007977500869305676 -0.01165747113351107 0.01931484537886586
3860 0.03771773875546819 -0.01531249737484803 0.02498226124453178
3861 0.04881651434220263 0.0055269506276607 0.034978638253327
3862 0.04460003631303165 0.01752483674693225 0.06730003631303161
3863 0.001717404812100818 0.002634429778242615 0.00208020342822301
3864 0.0007540664883120653 0.004459218761625214 0.007771189180391986
3865 -0.001505960829202889 0.002030432218574736 0.002194039170797111
3866 -0.00242858633807296 0.01006874616695187 0.02113310736138627
3867 0.07605662432702594 -0.07894337567297406 -0.0565186171325344
3868 0.0396022115634995 0.03592010575208586 -0.04777292697925422
3869 -0.02054903810567664 -0.01079285298590118 0.04324903810567664
3870 -0.0407665416287793 -0.01558212434010653 0.06346654162877927
3871 -0.01933960261573412 0.00295739467477704 0.003126352724138636
3872 -0.02229969658798191 0.00233015039658444 -0.00635765377264992
3873 0.02063998461434523 0.002817075702670183 0.002985885230404101
3874 -0.02803021035994619 -0.0007424690039696918 0.06853279479965116
3875 -0.02478178860945801 0.007441405520522969 0.02082991443808449
3876 0.02512281411340404 -9.999999999999576e-05 0.06181860254895499
3877 0.02031261270759873 -0.01105110825082432 0.01562331318673926
3878 -0.02074782574857605 -0.002917733701408262 0.002900379305410142
3879 0.02541669269505202 0.004919507470663345 -0.01006542988102283
3880 -0.0009337782008353201 -0.003148574274825661 -0.01414138934566593
3881 0.0205773502691896 0.01078973650240449 0.0432773502691896
3882 -0.02054903810567664 0.01079536692285745 0.04324903810567664
3883 0.07183774481748194 0.07183774481748194 -0.03024452589531717
3884 -0.07600480947161671 0.07875 -0.02919441027554064
3885 -0.01363151234931328 0.008804506049294529 0.008939830731354022
3886 -0.002093657151175773 -0.004289154882376862 0.007932602393063247
3887 -0.01197795008339679 -0.01360829229428348 0.03315029534439212
3888 -0.01714738046097246 0.003544444885840754 -0.004564692508766744
3889 -0.02142175014497246 -0.006364004334543505 0.04212446780622529
3890 -0.03004296083485319 -0.008704225392170924 0.04000899675468371
3891 -0.03817776204020742 -9.999999999999576e-05 0.04757071665887867
3892 -0.07183774481748192 -0.07183774481748192 0.02339782176010324
3893 -0.001987402062718498 -0.006748826893113617 0.0149164537018922
3894 0.04408731844819121 -0.04385333400550151 -0.04342455604062802
3895 0.01539957923497987 0.0003126095621670765 -0.003648456454161074
3896 -0.03972888171614733 0.04590769334135522 -0.05053383717728317
3897 -0.001167678629858471 0.005417189967862709 0.01279735538633672
3898 -0.001703553519598493 -0.08518780855913921 0.08571136486661889
3899 -0.07600480947161671 0.07875 0.02245851817892605
3900 -0.1055130266802398 0.1055130266802398 0.03361662928246673
3901 -0.04698214174694168 0.1030178582530583 0.03361662928246675
3902 -0.02681922481918738 -0.007215232747523767 0.02017624577895041
3903 -0.01035335057174792 0.01628427103680481 0.03369207444310357
3904 0.07183774481748194 0.07183774481748194 0.02327408775152479
3905 0.04616507022457314 0.1038349297754269 0.03764423449010545
3906 0.07183774481748194 -0.07183774481748194 0.02343292154260016
3907 0.07183774481748194 -0.07183774481748194 -0.02884749022207121
3908 -0.0001226158978306122 0.001711100825315337 0.003169290557049837
3909 0.001544786449061172 0.002769798236015985 0.005153017038554792
3910 -0.0150952173980267 0.0003912698093174965 -0.003271936301738772
3911 0.02888409213225787 0.00928227915610051 0.01126122708790176
3912 -0.07788675134594814 -0.07788675134594814 -0.02792739509741703
3913 -0.0125171732647277 -0.007223373989679392 0.007194600103208854
3914 0.0175353443282819 -0.003981154379479188 -0.005001165883795075
3915 -0.1094273881782151 0.06577520914013452 0.03361662928246673
3916 0.001879795437714535 -0.003407326695306281 0.004769125053200774
3917 -0.02668145697626009 -0.007960341902022336 0.04938145697626009
3918 -0.005914321998111566 0.005885278234237225 0.01636402190157939
3919 0.04191482039804446 -0.1080851796019556 -0.03917126279262564
3920 -0.02075 0.005400400231008178 0.04290096189432333
3921 -0.03375714892450994 0.01160428556208135 0.03972570024233001
3922 -0.008949122404519913 0.00485545776396162 -0.005670859199591753
3923 -0.04909014187614957 -0.1009098581238504 0.03412300455175265
3924 -0.1009098581238504 -0.04909014187614957 0.03412300455175265
3925 0.0205773502691896 0.00539072929945597 0.0432773502691896
3926 0.02726798966677495 0.008090232900930232 0.04996798966677495
3927 0.03752097117921169 -9.999999999999777e-05 0.04739473007807872
3928 0.02342525288340847 -0.004237650999656116 -0.005752450202505765
3929 0.002065647457872466 0.07181709573593295 0.0923344573450387
3930 -0.0138246755982652 0.004787611815099242 0.005000755811867134
3931 0.003097278778632375 -0.002549622289524402 0.002962175354961846
3932 0.01519423760870617 0.0161773008417701 0.01524407806349037
3933 0.04903111412181445 -0.1009688858781856 0.03417624076015946
3934 0.1009688858781856 -0.04903111412181445 0.03417624076015946
3935 -0.001505740822538097 -0.007789400363345181 0.02249281113846428
3936 0.05940760450365844 0.1186089281880948 -0.0407170408460311
3937 -0.02680302263896662 0.02438026554067038 -0.02064112642446439
3938 0.01063577281515883 -0.008441245863450445 0.008442085072893351
3939 -0.02686114740965363 0.007910788257746141 0.04956114740965362
3940 0.01748308524422009 0.005710587190218767 -0.007196903744146192
3941 0.02626505126256099 -0.008408408903077536 0.007507467323118408
3942 0.01758536712647096 0.008090232900930234 0.05171153256563649
3943 0.03104888685341267 0.009473040433719037 0.03932425069757518
3944 -0.007464474659087044 -0.00936512185936907 -0.009488050519470109
3945 0.0003868503553190005 0.005460974283283722 0.01811032992006403
3946 0.008808162799975582 0.0141378863441663 0.02901929376586238
3947 -0.0006518281148750887 -0.002087422568065442 0.004274857333200503
3948 -0.000300483118590883 -0.00272835600951271 0.00675332446332033
3949 -0.02231758821148296 0.002414794729069573 0.002693111051164178
3950 -0.001221402215045917 0.002701014344309887 0.006301641927167709
3951 -0.002394445253040067 0.003645545688891422 0.009695969904281142
3952 0.009204244514241226 -0.004091582184388384 -0.005204377116326288
3953 0.005350048572296305 0.001064190827111617 -0.00935963051705679
3954 -0.0003208460857391434 0.009125637115081976 0.04726844350468479
3955 0.003525877675161456 0.004565074547808503 0.01148486346701301
3956 -0.008904344861767213 -0.01165302871019261 0.05905539900486995
3957 0.005987349020883152 -0.004821655272651886 0.05671265097911683
3958 0.01362115681145225 -0.004572812800584612 0.004558560128192573
3959 -0.01800289116722609 -0.007580127435698133 0.05015331163215685
3960 -0.0571270005590773 0.03409660242529669 0.05758264465824611
3961 0.01628698362974946 -9.999999999999576e-05 0.05655716574311012
3962 0.0231187554222437 0.003822910463972796 -0.005098175711638562
3963 -0.08044646749357935 0.07354062343349305 -0.01535996788224263
3964 -0.1095097636200382 0.08424686329297815 -0.02927055749178088
3965 -0.09288258991964427 0.0347322454976508 -0.04257706200856472
3966 -0.03506723743288058 0.1149327625671194 9.999999999999999e-05
3967 -0.0518001659069081 -0.0007154827317765078 -0.03963139451715318
3968 0.07788675134594814 0.07788675134594814 -0.01629517024122128
3969 0.1096104112803822 0.06572616824771262 -0.03437628648178738
3970 -0.009412706150288537 0.004787044666179247 0.00810077467545978
3971 0.009866469589017197 0.006806695615210838 0.006829980757092466
3972 0.03111058046968253 0.02307901769254323 -0.02208252819694525
3973 -0.05462006601890726 0.06034192247955224 0.02851609047081359
3974 0.0982583252559717 0.05174167474402833 0.03104134425022457
3975 -0.05139368541250554 -0.05040220137973776 0.02997511809230599
3976 -0.08021313500323982 -0.09445568469880675 0.02374497450752149
3977 -0.07183774481748192 -0.07183774481748192 -0.01524162649913213
3978 -0.002407899340751796 -0.002307923340936935 0.002124471159573559
3979 -0.02200749665068778 -0.02985553366208237 0.0979592095220856
3980 0.08021313500323982 0.09445568469880676 0.02374716786198954
3981 -0.1067783310764754 -0.04322166892352459 -0.03818842319104612
3982 -0.02126285406325263 0.001805399289772247 -0.00349211236381011
3983 -0.02070083004361516 -0.003222414460972264 0.04355438051876789
3984 0.05139288118146683 0.05040021756294194 0.03001275488820276
3985 0.09445568469880676 -0.08021313500323982 0.02374447655083786
3986 0.0144732722987813 -0.01232149573942005 -0.00991948760042999
3987 0.02330435333684219 -0.03153081007466681 -0.02584825301170943
3988 -0.001686192749863149 0.004521248646300984 -0.009551134401728603
3989 0.02468059337177333 0.03645117283760593 0.02125915076484814
3990 -0.01702777803863404 0.0007663713588736817 0.002113770709132851
3991 0.002945374808538057 -0.003565722304479042 0.007488305997954313
3992 -0.01794917713514822 0.007527679074664944 0.05035377512895086
3993 -0.008765692912600164 0.002831927382729609 0.003592575767762194
3994 -0.02921968206151094 0.03083408997316823 0.08144775152376948
3995 0.01812135131894694 0.003060922773780972 -0.003669472938300074
3996 0.002157799694663216 0.04140212997170425 -0.03715439123066682
3997 0.02025470562856148 -0.002147493438562055 0.002083553107376714
3998 0.01923035283982035 0.03037703066816913 0.09721507608069861
3999 0.02902935300694352 -0.0338820596782762 0.09984071026211168
4000 -0.08044646749357935 0.07354062343349305 0.01232970342839056
4001 -0.01724102228669182 -0.001104877753935856 0.002247934461089867
4002 0.008808162799975689 -0.01347087997422197 0.02901929376586238
4003 -0.007009494074589202 0.004493141155806003 0.05764142537141143
4004 -0.01929808336176846 -0.005167701974573008 -0.006312819596701897
4005 -0.07788675134594814 -0.07788675134594814 0.01332810725804836
4006 0.1080169031609171 -0.08384685253854428 -0.0353171328837041
4007 0.002928315606479617 -0.004804037925046125 0.01347550162978942
4008 0.07644337567297406 -0.08038675134594814 -0.01601945478205326
4009 0.08543474469631412 -0.1139429973706544 -0.03107996692098524
4010 0.02022332002703262 -0.0114010164701417 0.04353344168723341
4011 0.101616510135988 0.101616510135988 -0.03158025964188131
4012 0.1139870742618468 0.1139870742618468 0.0001
4013 -0.1133533927576452 0.1133533927576452 0.0001
4014 0.0295847452386136 -9.999999999999465e-05 0.05228474523861359
4015 0.01842835142915759 -0.007153918627209765 0.004977208854829412
4016 0.06535600375840395 -0.03308579685858393 0.05365841323230628
4017 -0.0008322937200324039 -0.003957034400935215 0.01152187406820089
4018 -0.005094226493360327 -0.00446853620872569 0.01227160002418419
4019 -0.01678703064517453 -0.005281005594329748 0.006193273977701689
4020 0.04444897674811114 -0.004444163022764616 -0.04133004764376731
4021 -0.004255191580594783 0.005077469809007884 0.02120405021749769
4022 -0.009483540596798335 0.01056115134345336 0.02682908573586977
4023 -0.00658964950759798 -0.004874788564802888 0.01676906628241856
4024 -0.02330714511684618 -0.02634219090148897 -0.02370084979444421
4025 -0.05461464387807621 0.06033515331903658 -0.02770744896654195
4026 0.08038675134594814 0.07644337567297406 0.0137320184822408
4027 0.002311800113840631 -0.01162220401021204 -0.009787882692206094
4028 -0.0006726658598207446 0.002073425665925557 0.004751086866410243
4029 0.001703541022792447 0.002051177057311035 0.003658729749543264
4030 0.007857483546050394 -0.00210269164569919 0.004222754175002286
4031 -0.02054903810567664 0.002705630921222276 0.04324903810567664
4032 0.0205773502691896 0.00268708039053823 0.0432773502691896
4033 -0.005965437163362128 -0.004031900747344708 0.00765086272367241
4034 0.07644337567297406 -0.08038675134594814 0.01379779656876064
4035 0.01676288333910266 -0.0006525342351887062 0.002048884280040544
4036 -0.0664242252139496 0.0792546550167216 0.01175787738951795
4037 0.02564091328045533 0.0008984905491350458 -0.003882961944487295
4038 -0.009214153052730175 -0.00454102299522689 -0.005799915133632753
4039 -0.003408076837006135 -0.003407299725278165 -0.008000241449171788
4040 -0.01208012571971059 0.001170902693447176 -0.003018941662597797
4041 -0.04350940099756506 -0.1064905990024349 -0.03790694378972581
4042 0.0475399253220816 -0.05578154236654968 0.02918060828864728
4043 0.02143067679144406 -0.002602649810902573 -0.003327312006471237
4044 -0.0005402256176315874 -0.07207037501613357 -0.05101637990084625
4045 0.02068806223499406 -0.1165122584312222 0.001894299847464962
4046 -0.1162348773108602 0.03376512268913979 9.999999999998034e-05
4047 0.03162299528590364 0.11587284732571 -0.00966599611450249
4048 0.1162394137973398 -0.0337605862026602 0.0001
4049 -0.01360058303682759 0.01406252855076038 -0.01157748776396034
4050 -0.04840052071556576 0.1015994792844342 -0.03039566507211916
4051 -0.03435999381655685 0.001317028304964539 0.03155043116850133
4052 -0.03345296410378949 -0.1165470358962105 0.0001000000000000282
4053 -0.01738744988992356 -0.004828222622482399 0.04613722982566884
4054 -0.005094226493360351 0.003627070153434505 0.01227160002418423
4055 -0.04623143647778469 -0.04101188051763498 -0.02667403413659064
4056 0.01601721006305418 0.00335564407439785 0.003772676939109523
4057 -0.06871553091436099 0.09845395792620075 0.02008894290272878
4058 0.09659676685441465 -0.02754565839224856 -0.0515158111246392
4059 -0.0707150580006326 0.07928494199936739 -0.01173303495767025
4060 -0.08012871117455506 0.09414061068078573 -0.01789518400694698
4061 0.01618006116909817 -0.002390396668867911 -0.002743920589514932
4062 -0.01836893631394249 -0.003511742277577933 0.04075077777928881
4063 -0.02577200926580596 0.0001356932220324311 -0.003877076100456732
4064 -0.02964815711496729 -9.999999999999473e-05 0.05234815711496729
4065 -0.1151957134568918 -0.1151957134568917 0.0001000000000000004
4066 -0.01669616048108916 0.004955777420082738 0.04600383951891084
4067 -0.02036642203717356 0.00868863369822098 0.007019676352565456
4068 0.05511046876670661 0.04907369360417055 -0.02773397462592886
4069 0.009111351338397796 -0.0006495465731531448 -0.003491303694621393
4070 0.009511620665828861 0.005116025172704153 -0.006223444898000058
4071 0.09393299671194044 -0.06992691882073446 -0.02013312038905725
4072 -0.01738250965320232 -0.0009899704553533774 0.06040912086023365
4073 0.08281674326131364 -0.1041724830009442 0.02395550308545169
4074 0.08785657721722173 -0.1229813993861043 0.0001
4075 0.104095615870349 0.08279614677574615 0.02392422673517043
4076 0.02022332002703262 -0.005797043660840803 0.04353344168723341
4077 0.0228365299794297 -0.008599030065491252 0.05328607400042402
4078 0.01301061041476651 -0.008599030065491252 0.04968938958523348
4079 0.02954768373037531 -0.008599030065491247 0.04525829414514182
4080 0.0180389206635979 0.005974998457769817 0.03858096753683337
4081 0.02918248977563204 0.08328541374348357 -0.05046222681102696
4082 0.03236662158655215 -0.0001000000000000124 0.008398476684159571
4083 -0.01564758350908941 -0.003072245082266099 0.002813554828496179
4084 -0.009008432972242473 -0.003576709340024616 0.004004087824246952
4085 -0.03200279439551711 -0.0006840217873835476 0.008508496785248345
4086 -0.01836893631394249 0.003299958350301442 0.04075077777928881
4087 0.002604271762937633 -0.001142811402167131 0.001144760030686039
4088 -0.002342401556458837 0.0005444770608549697 0.001357598443541165
4089 0.02665068721832362 0.006517564037510653 0.03681616428401885
4090 -0.01675947341250484 -0.003150156263856026 -0.003404705406634812
4091 0.07091497000711756 0.07091497000711756 0.0113151578349114
4092 -0.02309337434454618 -0.02282473441616373 0.01597486853222568
4093 0.1169782203717608 0.02506590797940816 0.00714739740757291
4094 -0.1013848324504368 0.004254629345962905 0.04592547754480607
4095 -0.0001226158978306137 -0.001441303664471424 0.003169290557049836
4096 0.00115582512195373 -0.001585529713627261 0.003715139637459819
4097 -0.1152818847487884 -0.03471811525121167 0.0001000000000000091
4098 0.07074440672472368 -0.0697643467000417 0.01258338680699703
4099 -0.01828013303866999 0.002244917390243625 -0.002470015214699727
4100 -0.03674545182469192 -0.0008016170442815368 0.09269665190969269
4101 -0.0527040624758521 0.03604978300010579 0.1330315100258338
4102 -0.02296143938774821 0.00577136747853834 0.007941262744010108
4103 0.1214759477179949 -0.06254680734149225 0.0001
4104 0.06254680734149225 0.1214759477179949 9.999999999999999e-05
4105 -0.009131616115356504 -0.008481857096972844 0.02707885654697095
4106 0.02395873560684178 -0.006218641559001972 0.004116773709870058
4107 -0.1017278696217977 -0.1017278696217977 -0.02772219105056222
4108 -0.02145377037729162 0.004972139753591406 0.04741231678771059
4109 -0.08091506350946111 -0.07841506350946111 -0.01163316294574805
4110 -0.1003816101333833 -0.06819901806215835 -0.02335690739280245
4111 0.001685036229405667 0.0007079335209249852 0.001056130376559171
4112 0.07091497000711756 -0.07091497000711756 -0.01168355774005478
4113 0.01922290159138318 0.003774666808710594 0.04682663051609447
4114 -0.09409278065889461 -0.06988410484118464 0.018177820330987
4115 -0.06234325399254397 -0.08765674600745603 0.01850390780697438
4116 0.01950127734215476 0.008819106964470611 0.007519451122319493
4117 0.02670818078991713 -0.009341342406554114 0.03027895276487984
4118 -0.04083066830048027 -0.005688985687171999 0.01930735417243041
4119 -0.1214726391703152 0.06254769386417115 0.0001
4120 0.09847845700009669 0.002693791123734159 0.04172054165287693
4121 -0.02537786718685984 -0.00425598322702695 0.004318950704529858
4122 0.07181653914460449 0.08094731685174421 0.01018299463738922
4123 0.01785068583824629 -0.003398616480737762 0.002919113550701379
4124 -0.0002102769082958638 0.002336344961830888 0.008456842786074479
4125 0.0003504240689398751 0.00294544327358435 0.01136658471857311
4126 0.002466709570740352 0.002732562610382332 0.009169530118045001
4127 -0.001021651178060631 0.008449545846181612 0.005120901019971765
4128 0.003470684617261913 -0.004490675298651473 -0.008753695120894267
4129 -0.0008972276718092649 0.03276017689656931 0.03813717396971011
4130 -0.06850401228872478 -0.08954344281545105 -0.01690061880671152
4131 -0.00109147654099074 -0.004718383829024691 0.01894396911530768
4132 0.08094731685174421 -0.07181653914460449 0.01018420671938373
4133 0.01901750617305453 0.01860849837552811 -0.01403558202406337
4134 0.00624942358896521 0.00768115197180633 0.02309168819945684
4135 0.005628797170802336 0.004600860204550737 0.004563981913729721
4136 0.02182948803748479 0.001065555103102737 -0.003536080353371744
4137 -0.02483855040814346 0.002599019222912542 -0.002924304968867972
4138 0.08710786687404738 0.03015195514904043 -0.06041414583411812
4139 0.0123684319514031 -0.002009831466015032 -0.003173481301505204
4140 -0.08591458908405027 0.04214553526364261 0.02782014886441898
4141 -0.02322147277279919 -0.003887933891750679 0.04592147277279919
4142 -0.06696865989904778 0.05798667037709421 0.01627245067794581
4143 0.0003507919167497833 -0.002825005283801146 0.009372025139167642
4144 0.06057610338608771 -0.05404434385137304 -0.02119348231142639
4145 -0.02437886548369768 0.003809696180243041 0.04387331347012131
4146 -0.0422283787714292 -0.000117100348847936 -0.02032056396437426
4147 0.0588936635898652 0.0911063364101348 -0.02338931770882855
4148 -0.06821874210924046 0.06685278999212453 -0.01242713162274412
4149 -0.07091497000711756 -0.07091497000711756 0.0103684984885222
4150 -0.1207798131747129 -0.06273333603018807 9.999999999999999e-05
4151 0.1166246343976684 0.06105488183103162 1.97286472398156e-05
4152 0.001505960829202889 0.0009608511008098886 0.002194039170797111
4153 -0.01995702756358424 0.005347160560294906 -0.003404083944035151
4154 -0.06280103378491166 0.1205271617145262 9.999999999999999e-05
4155 -0.006236281167227654 -0.002891837337520293 0.003890945963706891
4156 0.001566182763062959 0.08649759218664588 0.04602912333855599
4157 -0.008791369421407822 -0.001195567780121276 -0.003195681843040697
4158 0.07091497000711756 0.07091497000711756 -0.01105148474367248
4159 0.04086185872172655 0.02452248832086697 0.0363451694608869
4160 -0.001341335277195348 0.001538132182641414 0.003601944225165892
4161 -0.08844051796589154 -0.126487950771892 -0.00438608621546096
4162 -0.009897079524143015 -0.003591357426142189 0.007357094213911329
4163 0.02115953417320211 -0.001777203482273306 0.003366347012876892
4164 -0.0167632718024891 0.004300237103052495 0.002989274250934174
4165 -0.01350045563079105 0.0024171595661982 0.002989766187357807
4166 0.02732184763053839 -0.01955881661230094 -0.01365100061464153
4167 -0.02134704856007897 0.03541573960547644 0.02184326344394365
4168 1.787409204997002e-05 -0.001292396628666411 0.002071302215649273
4169 -0.00540609469066615 0.003031932653372359 0.008075304426109851
4170 -0.004961599937186671 0.003999484107941257 0.004141953420685785
4171 -0.0004654958349604685 -0.00351859539271938 0.01490294776542689
4172 0.02322147277279919 0.003619826843023978 0.04592147277279919
4173 0.02248422560361146 0.003568064705343874 0.05197125617014149
4174 -0.001609356886729292 -0.001554538449783044 0.00357475331040682
4175 -0.005799255185411649 0.001153543577968989 -0.006610097693375184
4176 -0.02445751289778719 -0.005973116967589711 0.03903599357224694
4177 -0.002015193795939408 -0.03029738968305189 0.04196975981476709
4178 -0.02131718711229599 -0.007575186655457162 0.005544778630196659
4179 -0.01581834630715264 -0.001544432534686585 0.00161812895529863
4180 -0.09445568469880676 0.08021313500323982 0.01505762735383966
4181 -0.02079331739141644 0.001754953261481984 0.001937768695107255
4182 0.0877029788189919 0.06229702118100811 -0.01768324301449583
4183 -0.0742070640560805 -0.025138401302745 0.04748044418503822
4184 -0.01830270470996376 -0.002298175889538187 0.002039849212271382
4185 0.0171698195362481 0.001010121355177659 0.002093219378601407
4186 -0.002727676138312895 0.003733611939562556 0.01630167776234759
4187 1.787409204996998e-05 0.001197773697131181 0.002071302215649273
4188 0.01036443934735927 -0.02404458672390164 0.01584126577394823
4189 -0.03415307425208362 -0.0172307490179621 0.01176593709665877
4190 -1.040834085586084e-17 -0.01621650187359413 0.0885784119142953
4191 0.01903451775183274 0.002187225218973561 0.04173451775183274
4192 -0.001647858425066211 -0.001839253005880314 0.005632905844077417
4193 0.02429905288029813 -0.001760829673616606 -0.002470459229848122
4194 -0.07774519052838329 0.07774519052838329 -0.007964076041196167
4195 -0.0707335730932263 -0.0792664269067737 0.008561793885741822
4196 0.02392978261223476 -0.003378338403554165 0.002905333024377916
4197 0.02181557530671928 -0.001278835125803975 0.001698821837114158
4198 0.02141042413366679 -0.0008370168768082213 0.001410868502153176
4199 -0.07928494199936739 -0.0707150580006326 0.008574230376175955
4200 0.01891662293319906 -0.001358030579622661 -0.001264399255367752
4201 0.005346742262924843 -0.008001965282180439 -0.004706176169730803
4202 0.01863119808619421 -0.001776051515148229 0.001839973845925365
4203 0.08094731685174421 -0.07181653914460449 -0.01005190007681731
4204 0.02463964162411868 0.02529799572335042 0.06312927096503423
4205 -6.612869840058946e-05 -0.08231071250733077 0.0407561008841802
4206 -0.01831983399195515 -0.002240642544745175 0.04387670903190417
4207 -0.02455417258536064 0.005840755820964296 0.0392294742457082
4208 -0.03265315961506238 -0.07513467173750052 0.1369283969804834
4209 0.02849739863517043 -0.003006542232748928 0.00497687110205923
4210 0.01553598476066567 -0.0002562340116890278 -0.001729525188424079
4211 0.001002504950676235 0.003470340961001748 0.01487025555923167
4212 0.02122354587282645 -0.003302806080762598 0.0419167154416596
4213 0.01999955087571103 -0.002721779317452996 0.04407669575859383
4214 -0.004646799373572699 0.009666857968362173 -0.006206438135351705
4215 0.00831086477297005 0.003026690864551223 0.003416744251931801
4216 -0.02185932959362804 -0.0009894461345543077 0.001590185631075843
4217 0.01178754864784655 0.002588997222384186 -0.003643351220881216
4218 -1.187384649874528e-17 0.01392829907730588 0.08893994612777867
4219 -0.0143395036512733 0.03749631579754188 0.1182461012572395
4220 0.02626114970697438 -0.001268109152628638 0.09909897242339977
4221 0.008373194168438671 0.03040341113239618 0.02270690909354607
4222 0.01844655792433495 -0.005209490489862473 0.04849752475299723
4223 -0.008160530035072331 0.003219708405757356 0.01099863482998992
4224 0.02090368472390345 -0.001063944779801401 -0.001385463106078171
4225 -0.01826666741300685 -0.001286571549789853 0.001376031957741643
4226 -0.00795916292105419 0.00734991589562445 0.004461556773697199
4227 0.02005648465433724 0.01231222493637803 0.03179690598682944
4228 -0.0134496346062889 0.007707001068819318 -0.005160705302734616
4229 -0.01964106749097565 0.01853181592372041 0.06713042791040914
4230 0.08021313500323982 0.09445568469880675 -0.01589431479344974
4231 -0.04302596938567525 -0.0137703141541091 0.1421567270420457
4232 -0.01314508966865908 -0.002204408270143235 -0.002984111456475743
4233 -0.005901106233766708 -0.004577485038142017 0.02118825218508113
4234 0.03332994170475354 -0.08289339995158304 0.1348160757539421
4235 -0.001505960829202889 0.001003852970115413 0.002194039170797111
4236 -0.01168201529723212 0.004642784128718605 -0.003353954025924348
4237 -0.02123371319169634 0.0005149224292285422 -0.001380732133162839
4238 0.07481976730874858 0.02988925395123025 0.04995164063676413
4239 0.02511117318663632 0.02091649432305936 0.01377065768005958
4240 0.002217369495668904 0.0144433009674662 -0.05510401479556411
4241 -0.09445568469880676 0.08021313500323982 -0.01462360268036124
4242 -0.07059913321663243 0.07059913321663243 0.00900648935655511
4243 -0.06512929116559465 -0.1118379868767199 0.01513065756566834
4244 0.001548748122127939 0.0494605105041813 0.06426263188250533
4245 0.02459213043810534 0.003604341530596247 0.003930457642428703
4246 -0.02598047899247372 0.00379096186348036 0.004302464516384622
4247 0.01609485935780711 0.001646034100279756 -0.001941631692813869
4248 -0.01857701900310604 0.002431948824716574 0.04479360677003109
4249 0.0002884391415450271 -0.05557206173641271 0.05842133154692121
4250 -0.000238546301245732 0.01012828528681377 0.03175396886930097
4251 -0.07181653914460449 -0.08094731685174421 -0.009517768816021616
4252 0.01411370309652385 -0.00174179521211157 -0.001985101794279969
4253 0.02122354587282645 0.001727009345006063 0.0419167154416596
4254 0.06111938190446581 -0.08242098236305161 -0.01482267733578345
4255 -0.07841506350946111 0.08091506350946111 0.008415256139277497
4256 -0.02173537899820622 0.001093669607415686 0.001599268936358883
4257 -0.009201588758869247 -0.001687113360688942 0.002674067104507642
4258 0.06371101863616235 -0.1171310520155405 9.999999999999999e-05
4259 0.1058420706517029 -0.1058420706517029 9.999999999999999e-05
4260 0.02322147277279919 -0.003846971910343616 0.04592147277279919
4261 -0.0234558060674701 -0.00279317796059997 0.002835457012113535
4262 0.01337679074374916 -0.007572518910516913 -0.005215568902743778
4263 -0.01921671544165959 0.001726475697556411 0.04392354587282644
4264 -0.02275595102514298 -0.02206056415931101 0.06184540377227982
4265 0.08608826884091658 0.1163819826822838 0.0001
4266 -0.01498216067186069 0.002966093615001894 -0.002615275447460121
4267 -0.002620574652338767 0.002001194931229299 0.007686148814149097
4268 0.08242098236305151 0.06111938190446578 0.01511256572455705
4269 0.01866879422555702 0.001243891355290984 -0.001478251123493078
4270 -0.03779084647696726 0.0934027797331843 0.1305870859151106
4271 0.06162166454481716 0.0372539697160745 0.1357212273386703
4272 -0.00340097420624398 0.005809012439008598 0.02716622324792084
4273 -0.003621800249020336 -0.002884121998808597 0.009794519391926054
4274 -0.02195268615048098 -0.002724949516557349 0.04072911243539055
4275 -0.06511995739754434 -0.1208556184008304 -0.01309335181667655
4276 -0.02075 -0.001538612038072714 0.04290096189432333
4277 -0.01412529210758029 0.01328627757277595 0.02037135769097812
4278 -0.01882449852178162 0.0004342803203533993 -0.001397892195771737
4279 0.06111938190446578 -0.08242098236305151 0.01510604655233908
4280 -0.04343503267571176 0.01511975027189399 0.06549269857309134
4281 -0.0171422996375504 -0.0151571981976244 0.009224778910909419
4282 -0.0001514875324478946 0.001088317791057505 0.004102943075780907
4283 0.006252532215631447 0.003928737722342438 0.008486812228286046
4284 0.04331536113856411 0.01165100801363813 0.01742710968313622
4285 -0.116380352421573 0.08608783201387568 0.0001000000000000109
4286 0.007750961522850639 -0.02626762358099111 -0.01601065491167562
4287 0.006976247074016206 -0.008835569260192643 0.02022426990840026
4288 0.05514570526723291 -0.01430624295299035 0.1405665535191084
4289 0.006563234934317864 -0.004114682185920555 0.009225027704831983
4290 0.09414061068078573 0.08012871117455506 -0.01557837888498554
4291 0.0155203523227071 0.002096863931288553 0.002088987494890751
4292 -0.03469758668000462 -0.03888980185824654 0.01876340614754382
4293 0.009871896246707822 0.006736392962512997 0.0139890802074319
4294 -0.09483701831470275 -0.04056588848068927 0.1288476511240345
4295 -0.08596384884192886 0.1159176409245839 0.0001
4296 -0.02236477874300395 -0.00274631958460047 -0.002690185347623706
4297 0.002725958657663813 -0.00271533876578924 0.0104670540374941
4298 -0.009828843138324819 -0.004696539204186469 0.01256021273326585
4299 -0.1022865124400381 0.09894320769197565 0.08601905047536422
4300 -0.01294129062678747 -0.005226949208901461 0.003942248947345067
4301 0.01876367519429537 -0.002984239534617458 -0.002812119045947301
4302 0.004630497604415812 0.02040594154054536 0.01146057691042622
4303 -0.02373992336316491 0.0160520362051322 -0.01009060187371434
4304 0.04014167941538196 0.02803764448777649 0.01869136708936083
4305 0.0003690598923241499 0.0008921752570126076 0.00286905989232415
4306 -0.001524434767528571 -0.009315265210801359 0.005307916197163921
4307 0.01845816790767546 0.002427826964624506 0.0446387418937865
4308 0.01158384968176831 0.007636690190265083 0.04547715023167273
4309 -0.001605900471147944 -0.0007089561163682344 0.001008023371370846
4310 -0.01889333434646424 -0.01490551404153715 -0.009908486173771344
4311 0.001954344212522222 0.00982515184082056 -0.004983807130497039
4312 -0.00963690920582354 0.005050757278408842 0.02139867472083938
4313 -0.01546328961365563 -0.002022198153783814 -0.002323612217562571
4314 -0.02212214217170693 0.002589291910110629 0.04090553052137685
4315 0.002772451062943198 -0.04553441566127264 0.02384661943641244
4316 0.05922649730810375 0.05922649730810375 0.01644182796762942
4317 -0.04770984568124112 0.03710351964169263 -0.02335410130337223
4318 0.1143186067589092 -0.08553538892856653 9.999999999999233e-05
4319 -0.08242098236305154 -0.06111938190446579 -0.01445748666646423
4320 -0.07816051692227829 0.06712505519020125 -0.006530277820167507
4321 -0.08239392850276706 0.05211371807493877 -0.02151905683811581
4322 0.03967998424408553 -0.04559917842492825 -0.02100139319468499
4323 -0.04737602044060531 -0.04734257482602112 0.06205174700772256
4324 0.0123486421827951 0.00356296772105499 0.004375657644557025
4325 -0.006746377464811202 0.003065114866835276 0.01495994083416495
4326 -0.01382109753416646 0.006144863174335544 0.01506657763605027
4327 0.06852970409352253 -0.07891118859890416 -0.00704489670022079
4328 0.001260572601703206 -0.04283018235003089 0.1364841888601726
4329 -0.02136390510923396 0.005386447005159344 0.003207333798439683
4330 -0.01837240417064012 0.002002115159115822 0.001949354621152893
4331 -0.01796117984854754 0.001215132405951429 0.001353542258412313
4332 -0.01876159886535663 -0.001554515155682879 -0.001812049868326409
4333 7.987115813120683e-05 0.001429289489396638 0.005928304055000167
4334 -0.007076075813212577 0.001437003410401619 0.002951894568367027
4335 0.02749090323868887 -0.02688020043412113 0.0171989369842219
4336 0.000400222695858859 -0.001584272769635832 0.005153223240055757
4337 -0.003527169267003331 -0.003144126819207908 0.01493739229100005
4338 -0.02133592776414374 -0.001479527182717616 -0.001694121824073318
4339 -0.02075 0.001363655270366784 0.04290096189432333
4340 -0.07183774481748192 0.07183774481748192 -0.00745952969275815
4341 0.02537919503563061 -0.02295252076615592 0.07570730804130796
4342 -0.004508736427920576 -0.005062297655711147 0.0259828522331945
4343 -0.00232485764680517 -0.01024845637870543 0.03464545066362697
4344 0.0782603505722274 0.06766626709244018 0.007918046615327766
4345 0.1160534551799444 0.08600024016197332 0.0001
4346 -0.04672161630261192 0.03942207758247238 0.02248069139297133
4347 -0.09982385810168112 0.04144688170730017 0.07282899157685098
4348 -0.07771913119931491 -0.06729265654168186 -0.0071640660398766
4349 0.01606380885765981 -0.001481167007770121 -0.001129751533812985
4350 -0.01724283119143956 -0.001049792053716029 0.0009813788312665606
4351 0.06770016881805249 -0.07808778429072073 0.00810629301018464
4352 -0.02044071568965712 -0.004859334268603503 0.007406832141908442
4353 0.0707335730932263 0.0792664269067737 -0.008541419315338559
4354 0.07894337567297406 0.07894337567297406 -0.00809163848409696
4355 0.07928494199936739 0.0707150580006326 -0.00803968400579342
4356 0.04044758095583127 0.09281613213385133 0.1327128396339775
4357 0.1004023704843998 0.05366471486598733 0.07252790773537959
4358 0.02108776989423213 0.001059143793737257 -0.001165498486063592
4359 0.001564014390203007 -0.001894674617416889 0.006478214659049965
4360 -0.0603387611613951 -0.05507547209619805 -0.02024060632584401
4361 0.0205773502691896 0.001326920596206965 0.0432773502691896
4362 0.02055852238202539 -0.01017588012347076 -0.006323653971101956
4363 -0.05346133015383678 -0.07612822873471024 -0.03118553466075397
4364 0.005090959607442919 -0.005379500844901822 0.004227446298130241
4365 -0.03483653867534477 0.007820919341507814 0.01508653106995381
4366 0.001580495421685921 -0.002671069876136262 0.01278716770435103
4367 -0.0206238368986005 -0.01061019497637292 -0.05126015052718306
4368 -0.01396663689969508 0.08061651027638714 -0.04648361636005863
4369 -0.1041632388770752 -0.04134065204940847 0.08157474263266025
4370 -0.03552008312526481 0.07565386810169003 0.05860283493849311
4371 0.02998383073463747 0.003173212430535912 0.04483465239726599
4372 0.03565448618279567 0.0008597188242804999 0.02814944899636891
4373 0.04090800892447403 -0.07232908978770909 -0.03455386807365612
4374 -0.01841648245612742 0.02289836378338644 0.01254250895425288
4375 -0.05927976335680918 -0.05927976335680918 0.01686285605355467
4376 0.0604310777814055 0.01900727523233299 -0.02986518990786277
4377 -0.007723147657177387 0.003209421966714234 0.01816737293455124
4378 -0.000734924465474585 0.00172340324145355 0.001318011626138532
4379 -0.05059051995235759 -0.07366792206636005 0.03331113119972561
4380 -0.01649374950031624 0.002486166813715789 0.002055465520770463
4381 -2.247357604626283e-18 -0.01109513940187495 0.07107435522624771
4382 -0.007499139356811786 -0.003217702528795481 0.0106451704158117
4383 -0.01537073519481902 0.001347739545777354 0.001788912247749206
4384 -0.00636439001595586 -0.006856394845340771 0.004210546401758291
4385 -0.002671643965528231 0.00269632650206022 0.01347985350976441
4386 -0.02321569708239744 -0.001713741431787254 0.001666794280352941
4387 -0.0193675489634964 -0.001815677203298887 0.0420675489634964
4388 -0.07586200589855943 -0.0886798547972842 0.01068563857815858
4389 0.00184774359297555 0.004791077981285579 0.002937561877646243
4390 -0.003671426953990638 -0.00260568158037371 0.00697899220691542
4391 0.0181871629524031 -0.003300027428306717 0.04091960744240409
4392 -0.09922337936726182 0.06031500919239406 0.12283374735301
4393 -0.02278456909731136 0.001448439544528083 0.001464416886851871
4394 0.05891686229220772 0.08946252317640392 0.02403640854781712
4395 0.1005959547079318 -0.03997319955212661 0.1185254136349195
4396 -0.001585396827780609 -0.002244442510031797 0.008749678296536044
4397 -0.08132143711913171 -0.05367038818202967 0.02021324678504194
4398 -0.02310733514252479 -0.001031049651122507 0.001025336084416739
4399 0.09626042999321484 0.1036838140428228 0.08493559199052486
4400 0.0775 -0.0775 -0.006987339133537811
4401 0.005286962360944609 -0.007113010027114912 0.02703496615054297
4402 -0.01936754896349641 -0.001900275605392234 0.003332451036503614
4403 -0.005343563599250613 -0.05065324623837305 -0.02945190005937428
4404 -0.04055563047716893 -0.02424948405661804 0.04583340700313661
4405 0.001091132080638677 0.001203451471992832 -0.00668860421863459
4406 0.02186692218416488 0.001293264323219845 0.001759937787173971
4407 0.001239793191155238 0.001778886027094017 0.007408328228331696
4408 0.02819403315995191 -0.009229200520857914 -0.006599439182735073
4409 0.06561263579687454 -0.003021945248886958 0.05900574005889851
4410 0.03800934266588812 -0.07568657634187057 0.05906557117219029
4411 -0.001519497803813729 0.02462955036183215 -0.01613322907204582
4412 -0.01693074547818386 -0.001877069331208298 0.001329671711599139
4413 0.0395894084032532 0.07291946439069032 0.05692800483789529
4414 -0.02250288032357229 0.0006077958446873879 0.0009802907520271296
4415 -0.0336615529019741 -0.002364024445206796 -0.009213707761859185
4416 -0.1160406518273729 -0.08599680951399138 0.0001
4417 -0.002641763210964299 0.002818913393981106 0.01913366737895417
4418 0.0185010728786807 0.001910701172186963 0.001782547210068878
4419 -0.000429726610439269 0.00262095392408181 0.01752023015045717
4420 0.09414061068078573 0.08012871117455506 0.0134583191754559
4421 -0.02059950323908342 -0.001591641356599455 0.001538628742540593
4422 -0.0003340139183080509 0.003184711552560741 0.02155823697739591
4423 0.1057050657169298 -0.02823014378692639 0.07462520629095876
4424 0.03008311529740081 -0.01652114569542782 0.009404365913833113
4425 0.08012871117455506 -0.09414061068078573 0.01345980226831681
4426 -0.01647333730001276 0.001318267923217378 -0.002065410139103818
4427 0.01881336867597005 0.02330489500286734 0.02537289601178988
4428 0.01544947952970858 -0.003169191292962648 0.002537343887434784
4429 0.004249105330348209 0.01291659229901794 0.01667716512598367
4430 0.06402717429844745 -0.106385552268593 0.07404495811230354
4431 0.08835548085556101 -0.09670025738208657 0.1252690989129977
4432 0.01807240539378783 -0.001042265851905117 0.001299662830514943
4433 -0.01693271562687062 -0.0277966563540694 0.02931313790632496
4434 0.03667340057364193 0.07387304809562302 0.02486584053200507
4435 -0.005128759691449544 -0.007675731309549858 -0.003782340181964386
4436 -0.01936754896349642 0.001610818918587565 0.04206754896349642
4437 0.0729905583880669 0.0386287406175139 0.0229071354079435
4438 -0.022511007498494 -0.003794457200976648 0.05207120756256609
4439 0.003399829928436753 0.00207133971357184 0.00720664966243645
4440 -0.02241783227941799 0.009312274394314701 -0.004566196276324823
4441 -0.02523555602127579 0.04998712987659582 -0.02437741026182302
4442 0.008369410854703871 -0.01203353314507505 0.03965457087554298
4443 -0.03441768539380331 -0.01633371553004092 -0.01465692661224432
4444 0.07875 0.07600480947161671 0.006740337822124902
4445 0.005033809840898618 0.00753362881605112 -0.003435343967025706
4446 -0.07514549457965705 0.08835411062498724 -0.009878723736285714
4447 -0.01068572540893632 0.004858741112203462 0.003429486213951545
4448 0.01799289460285641 0.0009491624205326677 0.001175431561393005
4449 -0.06125994336427081 0.1067513764944911 0.07440006103654148
4450 0.01407783988609355 0.0004725504294154583 -0.001576626385563497
4451 -0.01380757583335844 -0.008941627861983837 -0.006006518617173911
4452 0.03466203083542754 0.04470746893534663 -0.02108620587694329
4453 -0.007274957042141969 -0.0177801273487694 0.01009372451602769
4454 0.03896670815040485 -0.001701812224378017 -0.0162281124336357
4455 0.00117144829540851 0.001341438792408849 0.005052905933392731
4456 0.04883322426185441 -0.02374136235615939 -0.02285739212721406
4457 0.002249184587943094 0.002157920628442077 0.01235943707088256
4458 0.02244737349707956 -0.0007577465596145817 0.001155587520990759
4459 0.02358030712326144 -0.0006413420785815317 0.001201136493892885
4460 0.02440231329405675 -0.001470089362279233 0.001751216781317444
4461 0.04710397360928576 0.042695745235672 0.05619369374423323
4462 -0.0621049933268515 -0.01991199975263222 0.02431977813009931
4463 0.0302343762808872 0.01859436946988068 0.03425949790637874
4464 -0.004315560232490956 0.002280904755918559 0.01020881571956992
4465 -0.01050873035835948 -0.01696328822021786 0.04441169971488646
4466 -0.02740652371801405 -0.07178422675893824 0.05559931327522248
4467 -0.08765674600745603 0.06234325399254397 0.01238867096272836
4468 -0.003481166732493255 -0.002856057012762745 0.01773864324631589
4469 -0.003548260847354963 -0.002506033832820284 0.01222861145099403
4470 -0.04983841714590059 0.07768000127013472 0.02401925038685048
4471 0.08012871117455506 -0.09414061068078573 -0.01349393763532828
4472 -0.02167882731914396 -0.001975565807850758 0.04450631267680188
4473 0.01826787061189472 0.01334465033057271 -0.007233079031749799
4474 -0.01547982607442325 0.000107979414219736 -0.001301299258288616
4475 -0.01383063177053924 0.0005937843923195206 -0.00155191610235608
4476 -0.01601542003781655 -0.0007864249179368814 -0.001077983978479583
4477 -0.01711138726830497 -0.001784643300084753 -0.001473826600781434
4478 0.006978085217956134 0.00162411121829663 0.002285382392070533
4479 0.02405775876288122 0.001201779997519822 -0.001919673516396514
4480 0.008424543404233801 0.002652449022242157 -0.00281205182392064
4481 -0.01371019059121177 0.00898179276486118 0.004092217525369602
4482 -0.03054964993189506 0.01765777342856878 -0.04935483735729278
4483 -0.006090515647710284 0.003836331084492616 0.02451392348007712
4484 -0.09414061068078573 -0.08012871117455506 -0.01229845827157178
4485 -0.0004091049978771274 0.00333644726489338 0.001870575831343646
4486 0.001889768967407764 -0.001894444557135387 0.008259068883510046
4487 -0.002900325123837449 0.002377638465252291 0.004033090999692637
4488 -0.01050208228515837 -0.003569140197987811 -0.002802334502321477
4489 -0.06596499200407464 -0.1096206750859821 0.07580219489090022
4490 -0.08364131212358468 -0.09510685702831 0.12661501364526
4491 -0.1006208849578143 -0.08439218384831189 0.0811548818816783
4492 -0.1199352522421189 -0.09487838583574061 0.04325930665759475
4493 0.02013685381060665 -0.002112656376609368 -0.001750351361041598
4494 0.01046124253892051 -0.004118807074736274 0.003428303209881778
4495 0.06992691882073446 0.09393299671194044 0.01247006968151349
4496 0.02305911021479313 -0.002000918570693853 0.001563504157617422
4497 -0.02347885759370695 0.0005401690907534749 0.001057130292819093
4498 -0.01413558160514266 -0.0009065442011901321 -0.001400119464391177
4499 -0.002275060452474717 0.01505977392636929 0.006450408318206442
4500 0.02107735026918959 -0.001908217463689144 0.04298867513459482
4501 0.01936754896349639 -0.002137048622273053 0.0420675489634964
4502 0.09393299671194044 -0.06992691882073446 0.0124697921043371
4503 0.08310151419126889 -0.05330178434128989 0.02145118876733659
4504 0.07600266164822385 -0.07874198421397215 0.00673863692138651
4505 0.01226074587069497 -0.0003006191845600979 -0.001872269738084546
4506 -0.07527336112393508 0.09177517641468211 0.01144910550768644
4507 -0.02110656943142474 -0.0008643637640660558 0.001101254322960925
4508 0.005281304788365995 0.05706556890979047 0.02745695655927517
4509 -0.02721599863058949 -0.0162728562297084 0.03270625428286125
4510 -0.02985169264822094 0.02108156851506351 0.01096840496811968
4511 0.1047402879437747 -0.08482967033337668 0.08293794936627942
4512 -0.06356553570513643 -0.001644772935526156 0.05762982878623886
4513 0.01251595256991277 0.01449223437888523 0.007673222177372408
4514 0.02302618544701442 -0.003260845962721522 0.006036311486951246
4515 -0.02914532582601484 -0.06189544669308104 0.02735707065421771
4516 0.01456123352779162 -0.01549914316977624 0.06542203087877474
4517 0.1022327001150842 -0.04776729988491584 -0.0141572396444985
4518 -0.07183774481748192 -0.07183774481748192 -0.007561682206263676
4519 -0.0223488476582602 0.001658043228762097 -0.001345491292957637
4520 0.04774261852836908 -0.03486758644608987 0.02166679350554445
4521 0.02747801820239381 -0.04875605775047433 0.02207491364468249
4522 -0.00793097290553688 0.002406533265950137 0.008223069025975843
4523 0.09755856596803761 0.0683198335561485 0.1202155805179001
4524 0.0002390607404171153 -0.0009874012053121763 0.00375650708198697
4525 -0.003393789784722734 -0.002940474460396548 0.02065616840105739
4526 -0.02028867513459482 -0.001202322902273273 0.04377735026918959
4527 0.04545714580964046 -0.1005700729527651 -0.01593451966789139
4528 -0.0008370065335455015 0.0009314519417530124 0.002494383507811216
4529 -0.000364219172978647 0.0008005004610154398 0.003335780827021353
4530 0.02155322029815289 0.002007000493372598 0.04507646589749245
4531 -0.02171329749995202 0.001814212029064627 0.04453902437022249
4532 0.01674412006103213 -0.003265973827510948 0.04448710873070245
4533 -0.002545808767587141 0.001639998392887092 0.006007410973895967
4534 0.0623613135977323 -0.01675195310030435 0.0335033923279628
4535 -0.01089432605788 0.01714205709530907 0.008379937914457678
4536 0.01478235078499873 -0.04525178866763752 -0.05170048857027863
4537 0.03576070389812748 -0.02240569594990397 -0.0737046858759564
4538 0.01936754896349641 -0.001757751953543807 0.003332451036503612
4539 0.01907904008950865 -0.003809906859076449 0.006290947896335917
4540 -0.06695899754348449 -0.0619747953439227 -0.01031329259638428
4541 -0.002668007728160508 0.004841542965555291 0.005384992955523346
4542 -0.05497973597970752 -0.03042159906452979 0.09035643366020805
4543 -0.07369734798308472 -0.03872432119566392 -0.04784534898158842
4544 -0.08835411062498726 -0.07514549457965704 0.01000856983662224
4545 0.02779538395553165 -0.00947354021219054 -0.03109353223682076
4546 -0.02014776621561412 0.001850185928387071 -0.00135632735459401
4547 -0.008197999745913656 0.002264550794621161 -0.002552558788128324
4548 -0.01489146586128837 -0.00762493506680751 -0.02091998635410081
4549 0.02088056762903821 0.02888947094521582 0.1388654274495131
4550 -0.09716700865726195 0.01039997236862735 0.1347540664601538
4551 0.05909742890138663 0.01840414132439732 0.02129062462472518
4552 -0.01432452072845904 -0.005765026677678556 -0.003595367829231243
4553 -0.01324116309550483 0.003814773890051139 0.009162164361415939
4554 -0.01946116549203614 0.001405063356466258 0.001558744715766064
4555 -0.01228545531238609 -0.007460530873008503 0.03434435413185891
4556 -0.03734416727074718 -0.0741565393029399 -0.06871530479756259
4557 0.003305086661422701 -0.004918763521452885 0.02159723647021642
4558 -0.01773321392943507 0.001190997104169852 -0.001244133341032525
4559 -0.04244747025719656 0.02482933194218077 0.04571899049910809
4560 -0.0717307154791102 0.01960928483216643 0.0328381828873415
4561 0.08119634358750404 -0.05365660097388242 -0.01990840572786776
4562 0.07247626120809665 -0.04933468174804809 -0.047427105215676
4563 -0.02362670541268848 0.06179691291668926 0.02435224907992453
4564 -0.005415036977161333 -0.002246520206991073 0.008767837923388524
4565 -0.0007584609690826531 -0.001087064213950989 0.00259856406460551
4566 0.05914335569541142 -0.05914335569541142 0.01657946748667678
4567 0.001422872348363717 -0.004409540464352471 0.002616841880507087
4568 0.0168680663628735 0.02907071383174328 0.01260372493265708
4569 0.0006686751972827067 -0.001689265232078809 0.001246450985863027
4570 -0.03913592861971951 0.01512199313938815 -0.01536179893995459
4571 0.01951090267886168 -0.005618708070219694 0.002781669399462548
4572 0.0829148216071197 0.08878648879818363 0.01220936299021051
4573 0.1010311838704792 0.1010311838704792 0.01225247978790919
4574 -0.01999690015629591 -0.002752881940434116 0.04658600205052232
4575 -0.02087265762095592 0.001907120091852904 0.003948905653991543
4576 0.003542744459384935 0.008691046637351089 0.004672568678785427
4577 -0.0002303319240060486 0.004842043222147064 -0.005634443317053115
4578 -0.02963867331634388 -0.002716697124681025 0.04483837134028525
4579 -0.00166623802030724 -0.001566300233914227 0.007074235941969091
4580 -0.01506189772858284 0.001189426293820593 -0.00116836664810636
4581 0.01540176485171531 0.0008157035003844633 -0.001182163046185419
4582 0.01639168389466054 0.0006798355932242245 -0.0009984433109819042
4583 0.08878648879818363 -0.08291482160711972 0.01221688779340273
4584 -0.02028867513459482 0.001008728735827763 0.04377735026918959
4585 -0.02696255503341494 0.01010121870415247 0.006529709400121848
4586 -0.02430142656331621 -0.008062727654057101 -0.005557671368948638
4587 -0.02340278749310187 0.004295482148211568 -0.00252172394078265
4588 -0.02837011346687092 0.005180997176356489 -0.005688337374724251
4589 0.02906641641173989 0.01456803738856898 -0.009805411572116838
4590 -0.01578618699112209 0.005914774996316579 -0.002922886355723565
4591 -0.04969010644594697 0.01099375774487664 0.01707307816471719
4592 0.04779314773483011 0.1022068522651699 0.0001
4593 0.02175855452157244 0.004698396669228852 0.006871294341238777
4594 -0.003230619399105696 0.002158630869730108 0.001775722746519531
4595 0.004582268721719659 0.00179709815316455 -0.005406997042099442
4596 0.004480309116275898 -0.001973822179348739 -0.005405062432859378
4597 0.0006411428206001496 -0.002668790442013945 -0.005498226618544293
4598 -0.0003720908878613137 -0.001015850914649777 0.004366250174893923
4599 0.0106913129305736 0.001899281333685227 0.002557728983715814
4600 0.0006721667882187317 0.001437354838910206 0.0012243883715028
4601 -0.001221402215045917 0.001270873605903039 0.006301641927167709
4602 -0.0007246473775515668 0.001281712702687444 0.007603287053416622
4603 -0.004554456534371591 0.03493080917390258 0.01437141152074817
4604 -0.005087110853992604 0.002572724974551791 0.01779024597930787
4605 -0.01006462625810044 0.01804476640933151 0.04752617544407928
4606 0.01831820366267079 0.006445575845753935 0.003810248067073694
4607 0.007198092692012399 -0.04364187564627952 0.08390501564203681
4608 0.08878648879818363 -0.0829148216071197 -0.01243891432697051
4609 0.06306518299463791 0.09807701460218055 0.06972070872311342
4610 0.02236332459605195 0.1054253684339604 0.07728809045784646
4611 -0.01165762999684685 -0.006693745593954607 0.02289373517062473
4612 0.04065107686265011 -0.01480499661645185 0.06135975654631761
4613 -1.355252715606881e-19 -0.0008679419437013767 0.002782960872380711
4614 0.0008864310129721438 -0.00128556151937133 0.002837234422526889
4615 -0.01845699816441966 0.007322123831765257 0.00354874147364796
4616 -0.01907227563685265 0.0005744056905618084 0.001158256378734675
4617 -0.008192405956241445 -0.02112542537844611 -0.0109788626020032
4618 -0.0677066086238885 0.1022193071751329 -0.012140127350655
4619 -0.108150673211291 -0.1042543127054388 0.0183273634760606
4620 -0.06229702118100811 0.0877029788189919 0.01084892934979718
4621 -0.001161480143108218 -0.003878032688088191 0.02370184789372942
4622 -0.0622970211810081 0.0877029788189919 -0.01068620041972677
4623 -0.01049865749014552 0.006641098255438811 0.03271201030641559
4624 -0.05788434803397646 -0.08007616766851858 -0.01371995304108934
4625 0.0199027171960231 -0.001359156680318544 0.001307884082866884
4626 -0.0644177383186221 0.02139607747826344 -0.07086742121594293
4627 0.01909055376994892 -0.0009663381118607435 0.0009696682554222714
4628 0.001072494856659874 -0.01286831102340612 0.04889289338782998
4629 0.0233671031438422 -0.001206075047335525 -0.001331673599180225
4630 -0.1022045440473865 0.04779545595261352 0.0001000000000000013
4631 -0.1035598096590656 0.05990456352262663 -0.0190407097834749
4632 -0.006739231274028108 -0.002914085298775152 0.01404146954517747
4633 -0.01936754896349641 0.001473820959261758 0.003332451036503613
4634 -0.01772040137453492 0.003610353374475293 0.006396908979707496
4635 0.0474744685404395 -0.004979309055352646 0.01518027519430507
4636 0.02219812168711776 -0.01319361818505996 0.006049886148530715
4637 0.01463959525013546 -0.01545000912468293 0.007858546410318686
4638 -0.07788675134594814 -0.07788675134594814 0.006679010526730925
4639 0.0008683097040153116 0.001628409796925916 0.009648332380797587
4640 -0.0201801373902554 -0.1115172846656799 0.06075380372394744
4641 -0.1010770388312521 -0.005326596131259471 -0.06354693073109381
4642 0.004398254042791075 -0.0104454905500931 0.006122148461686335
4643 -0.02074782574857605 -0.001532701881482466 0.002900379305410142
4644 -0.05674073418623519 -0.01929516755612766 -0.02378487722317428
4645 -0.02584746321644427 -0.01539329851957327 0.007057374046046144
4646 -0.1007603039262902 0.1007603039262902 -0.01217780610035437
4647 -0.09396616687003825 0.1155810869887454 -0.04873667211110919
4648 -0.002304954195891014 0.003873693673098018 0.002269004038710401
4649 -0.02248607851892977 0.1137776121437132 0.06426926643302264
4650 0.006496193652886789 -0.02007977415922498 -0.008899355713183048
4651 0.004221458308569308 0.0022124361391311 0.01103015538860181
4652 -0.08021313500323982 -0.09445568469880675 -0.0124075792786437
4653 0.01295944777760595 0.006486677971800175 -0.003798660072518724
4654 0.009760468575019804 0.01102587752665226 -0.005470956655553434
4655 0.006913675966980642 0.006252849836779244 0.02959199719936807
4656 -0.004269953207889224 0.001590024369152133 0.008005934841595069
4657 0.04247082119523259 -0.07219228108091116 0.01796933731353351
4658 -0.1007603856934844 0.1007603856934844 0.01241818787375322
4659 -0.01731718046101124 -0.0394349774334044 0.0161339285893977
4660 -0.04714652298399449 -0.02745595477865249 0.01614529940719506
4661 0.01234441005270331 -0.005169633949997497 -0.002972389092148488
4662 -0.02068972237271769 0.02715522427583275 -0.01081314014209057
4663 -0.0006902633449480404 0.005610299059996447 0.002538598122794992
4664 -0.0719918749029371 0.0780081250970629 -0.005919983722346817
4665 -0.07767614591352157 0.07232385408647843 0.006528194031615123
4666 -0.01161860837860373 -0.0007074170248313842 -0.0020703465833887
4667 0.04111336938328707 -0.06923504684042035 -0.07525812644084061
4668 -0.006622892132469262 0.03333724251090561 0.07876643286771245
4669 -0.07508774030089811 0.08331234037397411 -0.005703767510288817
4670 0.00982070757609921 -0.003071412229684802 -0.002558922659284593
4671 0.02446761703245606 -0.003198282002704414 0.04150290562406187
4672 0.02177742633711771 -0.005357836011839132 0.002330942919725296
4673 -0.002265529219468405 0.00204248463035773 0.01118178542195141
4674 -0.003802251776138646 -0.003590830086681076 0.003887870949278552
4675 -0.01526861917430038 0.01477286227090896 0.1525338454495602
4676 0.001525196163859786 -0.001133179532750659 0.002182650007957307
4677 -0.01808209288957139 -0.0008577512858532276 0.001132277645519901
4678 -0.007488628458415978 -0.004524973302689953 -0.002920848504560462
4679 -0.01971896879595383 0.002898477782561833 0.001614181527960496
4680 -0.02104785263544561 0.00388772835473358 0.001769529665911854
4681 -0.01905596312894116 0.004728562665231328 0.002019357079643032
4682 -0.07788675134594814 -0.07788675134594814 -0.006126767034553453
4683 -0.08765674600745603 0.06234325399254397 -0.01013133826368759
4684 -0.01736421227673236 0.0006679998035640057 0.0009523867469546932
4685 0.0007495206708102182 0.0008737403225128924 0.004187162434971864
4686 -0.01328269179660779 0.005463749407532617 0.002557815269350998
4687 0.01922290159138318 -0.002808880151433738 0.04682663051609447
4688 0.004337020590985909 0.002692183422770467 0.002796251288098818
4689 -0.0707046284931495 -0.05201406176948394 0.04898344738316114
4690 -0.0293270141603399 -0.06036364220577862 0.08681472021397259
4691 0.1048800191562631 -0.09984393655798998 0.05107248812529019
4692 -0.02197523259805226 -0.001458018950664657 0.04230612506177664
4693 0.06902682582656221 -0.09286755991435586 -0.03176376300351774
4694 0.01617730548873648 0.0008636361796219439 0.001415158130968376
4695 -0.00442814080155926 0.007542659184071081 0.003780169383608032
4696 -8.673617379884035e-17 -0.1052528052333058 -0.02403829129187965
4697 0.01327389301338671 0.02272392090372002 -0.03473294062336404
4698 0.02866228961906798 0.003698914779805839 0.004386288118412626
4699 0.04194036285094925 -0.04200938721849763 0.06489860238834466
4700 -0.0003469210517391877 -0.001426520691683497 0.006238194267882965
4701 0.0002431576908772324 -0.001501056475609318 0.007531501239547105
4702 -0.001345138545132846 0.007546390527499744 0.009351921078117666
4703 0.03148576488974941 0.02931580410106985 0.01040129712543186
4704 0.01836893631394246 0.002548191391092022 0.004649222220711212
4705 -0.0003642191729786474 -0.0008179922174817657 0.003335780827021352
4706 -0.01284491180555618 0.005298996754158467 0.0390694035788005
4707 -0.01982435551539972 0.0008005505834236653 -0.0008386748878476224
4708 0.06234325399254397 0.08765674600745603 -0.01082617363332415
4709 -0.0008977043664402067 0.0008287594255082987 0.004509902956653752
4710 0.05510397116827419 0.03214640541828869 0.09840201511501047
4711 0.04237857288218803 -0.02862358007216384 0.04310268635053337
4712 0.01203903723544896 0.008617748061871121 0.0355831021116854
4713 0.02789172555992379 0.01177955453048116 0.07946283159221965
4714 -0.01637879308534628 0.00104989438878093 0.001184577161484886
4715 0.0196126555421858 0.001207159195546988 0.04383780100277662
4716 -0.05959100335541799 0.02902241329886324 0.08824297143549055
4717 0.04445716899388991 -0.09791928742346066 0.01291490237248787
4718 -0.02118904352910448 -0.005801156158299033 0.002847018271679473
4719 -0.02592720483345539 0.01443432465270512 0.02954396501638555
4720 -0.01620087904827129 0.02386476782663433 0.02610227661713946
4721 -0.001585396827780627 0.001328082158747936 0.008749678296536067
4722 0.01281996542882019 0.04745116968477343 -0.07542401731341095
4723 -0.09558148984030111 -0.04769542894266417 -0.000268165586749227
4724 -0.001192365423217517 0.002172089963945507 0.01534745367943681
4725 0.09582683343594992 0.04463845122776161 -0.0002377014075843741
4726 0.09203761236190659 0.03010906191645197 -0.02653932973862632
4727 -0.01645904978009115 -0.01656643722820256 0.07897479111706808
4728 -0.0004714112166543868 0.1060037514085754 -0.01836215627156926
4729 -0.05766229750966193 0.07599377632404711 -0.02201373263705095
4730 -0.0560846836516711 0.07540925451358572 -0.005870323358178699
4731 -0.04762718954716393 0.07900971295855747 -0.05013094266879577
4732 -0.08757999411326776 0.09500338016357146 0.02768475446064813
4733 -0.00989707952414306 0.002051838674494853 0.007357094213911347
4734 0.02415867327151671 0.01444371583290189 0.007044576402579519
4735 0.03300223610858216 0.01450065830725647 0.00902845762736035
4736 0.02384384974947521 0.007275646137086978 0.02017517122240516
4737 0.01928086665566173 0.01355955789552383 0.02251986427810412
4738 0.1081309199910842 0.01324363830101564 0.08129254513580926
4739 0.1010984717591309 0.008103128640702929 0.1299322595986785
4740 -0.04763665632857607 -0.102363343671424 0.0001000000000000233
4741 -0.03769551521841288 -0.08511419173794427 0.01521417869229828
4742 0.02000232857934833 -0.006309606612826722 -0.003087430983728806
4743 0.01843199365351448 0.0204658995474722 0.007557246598481403
4744 0.01429095147716752 0.007141036269542506 0.004021564387465349
4745 0.014479357704973 0.004653473439087617 0.008264787296121141
4746 -0.01957326563500549 0.00341231194219131 -0.001680558617282574
4747 -0.04845855793161261 0.1015414420683874 0.0001
4748 -0.02193518139118075 0.002349755700463735 0.001370072200444218
4749 0.1031443428884051 0.1115122853432985 0.04855519805401329
4750 -0.02124859324964545 0.0004597700201647129 0.001041938703927684
4751 -0.0886798547972842 0.07586200589855945 0.008890717047325721
4752 -0.06910063213725147 0.0768919453017847 0.004674916598239555
4753 0.0281695520107037 0.05112956660810716 0.07769088708438567
4754 -0.01756592575211434 0.0149526325771623 0.006488680966883821
4755 -0.02197523259805226 0.001259728981932682 0.04230612506177664
4756 0.0174291323539743 -0.002628373974310721 -0.00151269195006902
4757 -0.1026568797338002 -0.08241063858983642 0.01243492294693981
4758 0.006178908677438676 -0.01902717654989713 0.009168211832887444
4759 0.05131206521506591 0.07019981519119409 -0.02166923519117072
4760 -0.07370726769006626 0.05845103872477003 -0.04501099576490138
4761 0.02226871229655599 -0.01677566640116594 0.0257628051484252
4762 0.07183774481748194 0.07183774481748194 0.005753103953931584
4763 -0.005271694538928048 -0.005920304557301232 -0.03838527549547966
4764 -0.005774288231508218 -0.02822793548741277 -0.03740782960059524
4765 0.01740180888611469 -0.001377150430690254 -0.000938860277055807
4766 0.02266735261048737 0.0009668088263384201 0.001175333625551434
4767 0.008457007394841462 -0.007842262145835003 0.004371433612519613
4768 -0.01760541716960169 -9.999999999999998e-05 -0.005302562522127221
4769 -0.004343397514445999 0.002207922559824213 0.01541453744999169
4770 -0.08331234037397411 -0.07508774030089811 0.005911997868071299
4771 0.02170134630586609 -0.002942468985732816 0.001818447719810354
4772 0.01420779697995294 0.03872759939919053 -0.01942051618454433
4773 0.01010099138527252 0.0210697194827758 0.0519497505812842
4774 3.284379516812173e-05 0.00130743944556548 0.06670664786751937
4775 -0.01324116309550488 -0.003703912165315995 0.009162164361416031
4776 -0.0008647529170478309 -0.004347406490805579 0.00203364104992901
4777 -0.002797037665939217 -0.006592015980184966 0.003495438306543675
4778 -0.006131042350599444 -0.002265851793527174 0.01795013192235114
4779 -0.01113416763462648 0.03467699670792096 0.05873766947522482
4780 0.042541287917039 0.08781914430256851 -0.01257311600832425
4781 0.07183774481748194 -0.07183774481748194 0.005759033938908628
4782 0.02137617391159416 0.0009806097277947786 0.04268985149219031
4783 0.0003504240689398688 -0.002053644366445162 0.01136658471857312
4784 -0.001167678629858467 -0.002158446119292136 0.01279735538633673
4785 -0.04301125874564963 0.04757667660576456 0.0435130795456941
4786 0.04533460863305012 0.04529423318787337 0.01555607985191675
4787 0.03412409364310835 -0.008687732186313923 0.008573080586400213
4788 0.005708130552385995 0.004864422888464002 0.01627104939835531
4789 -0.01639919810026339 -0.01066882325094886 0.005363474639770631
4790 0.004718202801880057 -0.002508188553784179 0.00882478462330393
4791 -0.000156907164766489 0.0006098183705484832 0.002474093955654715
4792 -0.01150103771020512 -0.002747131030488607 0.002529542005992833
4793 0.01606413314865552 -0.006160866469828 0.00308961582660217
4794 0.01008472380933092 -0.005820308167146042 0.01403002554126445
4795 -0.008939475882572621 -0.01247800466931349 0.006067428935733633
4796 0.089428566290261 0.0683392481738673 0.009797029900126635
4797 -0.004681195635448493 0.01194152837777494 0.0041530818175077
4798 -0.02360465645249168 0.00127110932578385 -0.001044087731758854
4799 -0.02481465571653407 -0.0001025921545789056 -0.001689781724909136
4800 0.08676848658991559 0.07792154392636057 0.008059537131511694
4801 0.06833924817386731 -0.08942856629026101 0.009796630240549021
4802 -0.02471951776068266 -0.00157477595891689 0.001625340489289833
4803 0.02330585723935527 0.008126289530422491 0.004541992840431034
4804 -0.005901106233766649 0.002714016558582771 0.02118825218508122
4805 -0.004175669561268109 0.02443402782529255 0.009183539643011149
4806 0.02248481892904327 0.01712849386916072 0.05116263979621169
4807 0.03385872544837471 0.01794567542952441 0.04615648820369641
4808 0.009924979898412088 -0.0122432775189943 -0.005296562100138755
4809 -0.004822035114401218 0.002302418023697812 0.005803858401403342
4810 -0.0071063069851832 0.003980157880258147 0.006005626560227645
4811 -0.001503440017127218 -0.001893855190675241 0.0105869462441373
4812 0.03264259070982653 0.0107229105177197 -0.0689120319292892
4813 0.06911692570597219 -0.002551106780404877 -0.07133606753177855
4814 0.1032385217351165 -0.108843463332582 -0.06915226975506994
4815 0.02022582730133297 -0.001816926287612459 0.00531487001983696
4816 0.05200344695678152 0.06659915632486786 -0.04971114393168576
4817 -0.01318715806036658 0.002272069202027149 -0.001666378172678822
4818 -0.008949122404519913 0.00485545776396162 -0.002510724337444464
4819 -0.08331234037397411 -0.07508774030089811 -0.005678026039639421
4820 0.01991967284831784 -0.1114845343387145 0.05969227157776905
4821 -0.009178944637634129 -0.003435847572881998 0.01970150838583715
4822 -0.07593044246323992 -0.1038003281551831 -0.04131934935557787
4823 -0.02044409270081115 0.001012343455392437 0.001111012428968425
4824 -0.001117985948108043 -0.005620494908565316 -0.005056974111521076
4825 0.0008920048972580357 -0.009943431594763526 -0.004408157003005217
4826 0.020557844000883 0.001879714116388905 0.001637944748597317
4827 0.01661951463043063 -0.0330819498179605 0.02972244629503323
4828 -0.003546261261705812 0.01298293467248986 -0.01727462245597712
4829 0.01319074438617484 -0.003871798259686326 0.002281292922910867
4830 0.006442476158621688 0.007821008738479077 0.05788064472698648
4831 0.01710322024100323 0.009847597283950923 0.06407114535915234
4832 -0.05651114089252775 0.1140789302728768 -0.06780929942566968
4833 0.02865620924958791 -0.06946920646551112 0.09623672887041719
4834 -0.007720691118533191 0.008337952515379773 -0.003328738241917933
4835 -0.00244128323585472 -0.0001833273057508956 0.0822480604906092
4836 0.05129442058070144 -0.06797276389020233 -0.01603577321000873
4837 0.07792154392636058 -0.08676848658991561 0.008070345345412861
4838 0.002427026488356063 0.008065422734117256 0.01460784092410757
4839 -0.03035114031948046 0.06106174301979433 0.09844347571563862
4840 0.06833924817386731 -0.08942856629026101 -0.009465853097573543
4841 0.001904756596504933 -0.002521279727800806 0.01526837231546837
4842 0.002021159888142615 -0.003358347309034079 0.01856215061797636
4843 -0.04876318830908783 -0.048184928249373 0.01495904701856903
4844 -0.009904291687826106 0.04013372925928713 -0.01590897331649928
4845 0.004485369476680889 0.1166189075282126 -0.05908220500317656
4846 -0.01093331527590484 -0.03591371816386009 -0.06774117515084982
4847 -0.1079220662796199 -0.002820832589714274 -0.02152041189928636
4848 -0.02203896174374212 -0.001878967960526845 0.004174626396716507
4849 0.02028668046400075 -0.00139025093106491 0.04376990605718816
4850 -0.02040729931989008 0.01050183639066424 0.08636024092304456
4851 0.05579799625065526 0.07620560892402511 0.01812404546631282
4852 0.05641645660407991 0.07052144098290462 0.0407820597280327
4853 0.05961270549893008 0.07040051325934073 0.00751194757085896
4854 -0.03543452195457231 0.03357290646222535 0.01232444225307154
4855 0.05746811993279337 -0.0516243666033252 0.1235735196746755
4856 0.02844405227774964 -0.003591037309624076 -0.004884731771368318
4857 0.06268011819061931 -0.06268011819061931 -0.0103454350574658
4858 -0.005203324318510808 0.002954695485347569 0.002245621560440808
4859 0.0234066376671428 0.002185379347725767 0.0426901882409877
4860 0.02275552510078258 -0.001823962070444471 0.004312622513895156
4861 -0.02208194969391328 -0.01640346497982867 0.051094194551972
4862 -0.001263531916181539 -0.002327095421610047 0.01796968618717181
4863 0.01727481197935967 -0.05459714807851723 -0.02192448218572339
4864 0.06888708570682896 -0.0553195869799251 0.04147449581689026
4865 0.09176343499779088 -0.05591945225534065 0.06464668818173241
4866 0.01974018592804852 -0.003779057590195081 0.001732352586068464
4867 -0.02590739762503654 -0.04836985685666322 -0.02102136839009075
4868 0.05224896118980334 -0.02497198534334006 0.08554633025763907
4869 0.01560059779273106 -0.0002175943084890451 -0.0008800239635185461
4870 0.01460608443389659 -0.0009009835055616214 -0.001149028490806649
4871 -0.01917305482194389 -0.0008637268501338258 0.001094123887307271
4872 -0.02740850824225979 -0.004305204739215503 -0.004360141056130556
4873 -0.0108132454678818 0.002502878384674846 -0.001974973020147749
4874 -0.03714781991226984 -0.09757693818251455 0.1026711050964632
4875 -0.01243327294745952 0.0006877677409925289 -0.001308544880270092
4876 -0.0212917090188985 0.004523296377662378 -0.001925210291407747
4877 -0.07600480947161671 0.07875 0.004272487209786768
4878 -0.07335492499599101 0.08432174751906163 0.006218148896401529
4879 0.08765674600745603 -0.06234325399254398 -0.01029612753623812
4880 -0.007652915655950805 0.004263561753182143 0.02926509540062344
4881 -0.001505960829202889 -0.001024706464027203 0.002194039170797112
4882 0.002673055530612639 0.003999627697359862 0.02496026250941847
4883 -0.001815142865752891 0.001517142594345074 0.001270677944518865
4884 0.07857348740672256 -0.07448004154391723 0.004332882813740721
4885 0.06716052279823508 0.1160474417667059 0.02431025989349112
4886 -0.07183774481748192 -0.07183774481748192 0.005279357673894819
4887 -0.003408076837006135 -0.003407299725278165 -0.004771521657317203
4888 0.05261076056616439 0.1053645431893924 -0.07592155133823283
4889 -0.01435651845217261 -0.03976759409803618 0.07504029635639932
4890 0.004236058163811781 0.00266191594224614 0.01432832584117332
4891 -0.007652915655950853 -0.004459279331934342 0.02926509540062324
4892 0.02241882597269666 0.001417169018427945 -0.0009913700733165923
4893 0.01659055728903167 -0.009636421088204398 0.03392683985412386
4894 0.003183754618292531 -0.004764825508649467 -0.004722738786511986
4895 0.001616640357159397 -0.006417530706404859 0.005650830993951593
4896 -0.003098328761370338 -0.0016723731664717 0.008682349157819659
4897 0.01270228486543257 0.007765514068012359 0.02428157441155559
4898 0.06126883110854672 0.08252930601709797 0.009938026463448421
4899 0.009610703262219146 0.01877163581263609 0.04012268606919286
4900 0.01366223858838896 0.03127926859131725 0.03555227302281855
4901 -0.08037084008923318 -0.08556554676802576 -0.006740460346300125
4902 -0.06673776752595305 -0.0415063564635671 0.01691604174938136
4903 -0.02336653367416476 -0.001057127914866296 -0.001236743009702507
4904 0.01970174469252445 0.002242593301241067 -0.001507744935131523
4905 0.01995374379472719 0.004051333745894835 -0.002216085046862036
4906 -0.09983977592376791 0.06834420210105636 0.01106600211417645
4907 0.0001753090435666798 0.001744406155505397 0.01286220052812282
4908 0.0144065578630036 0.002263672753641427 -0.001725402485629449
4909 -0.05645851424463533 -0.07171659422435914 0.05878668963548225
4910 0.0969479596966188 -0.04037163257665245 0.01055248939100836
4911 -0.002439638426703656 0.002527877352747745 -0.004903535619783185
4912 0.03905393270416224 -0.01407906688686879 -0.01198373418681609
4913 -0.000564119946606405 -0.001422071954091946 0.001201460591511004
4914 0.08252930601709792 -0.0612688311085467 0.009938056276140863
4915 0.01386992802625445 -0.002549855038718772 0.001816408216002078
4916 0.00289390922166397 0.004331041217773097 -0.004635455845866914
4917 -0.006966735996955316 0.007387572665082448 0.01118397951943745
4918 0.02026675933542194 -0.001190887558704314 0.002503528756068643
4919 -0.01811784607192318 -0.01484924259503643 0.0227718339987812
4920 0.03519957770937225 0.06049346826652639 0.1137002188212086
4921 0.003232579159983602 0.07003952467839612 0.1440009800388821
4922 0.02438573757592757 -0.01616866919484759 -0.006412860248328104
4923 -0.06104793055651752 0.05237644396892026 -0.01495427801270272
4924 -0.0254947174262052 -0.008475627228816165 0.003900099740264583
4925 -0.03045923508402161 -0.006374137866790506 0.005594761949693148
4926 -0.006317279132631858 0.001702747148463236 0.009073520907640792
4927 0.01335534764053647 -0.0006321001153961119 -0.001191384404355915
4928 -0.06893572132841748 -0.05910144407037009 0.01013057413649321
4929 -0.05277601200536729 -0.07174255701275675 0.01507642016685631
4930 -0.06496320374143277 0.05710442149536809 0.05119109473752955
4931 -0.07266598158702972 0.06367844602589311 0.03361662928246674
4932 -0.02193524487203349 -0.0007325609947394213 0.0009575412218987787
4933 0.0276260057850767 -0.06860266973495356 0.03738140358047388
4934 -0.003255568928170006 0.002751676224076371 0.02270851503832796
4935 -0.0002104097191541459 0.02260442630473357 0.03086894403843678
4936 0.05605064917080838 -0.0741389381325772 0.03978162244989368
4937 -0.03280009366419831 0.0743318871433183 -0.02932973714963819
4938 -0.1073338158243413 -0.1030899676272203 -0.06957936499719505
4939 0.0404091616438338 -0.02526174275688289 0.01241204710902496
4940 5.526929456325491e-05 0.005696874642877314 0.005294097664884975
4941 -0.1137182709661993 0.002491253598899518 0.08828372738309825
4942 0.02008166795443158 0.00083640831690892 -0.0009661061110332773
4943 -0.06126883110854672 -0.08252930601709797 0.009238708406451546
4944 -0.02016398892845202 -0.0009671891465479334 0.0008567474776909724
4945 -0.01679985238209072 -0.0008760274711315635 -0.0007567724685745125
4946 0.06695899754348456 0.06197479534392267 0.009054389425596094
4947 0.00471820280188007 0.001913538976262622 0.008824784623303918
4948 0.01733682407427121 0.0007846172088627556 -0.0008949701441392168
4949 0.01575059646568253 -0.005078807723666954 -0.002537995155650363
4950 -0.08038675134594814 0.07644337567297406 0.004972780184499739
4951 0.07508774030089811 -0.08331234037397411 -0.005953077140736037
4952 -0.009126319517337573 0.01186910839707653 0.007583086689247927
4953 -0.07896823765074704 0.07393671392610755 -0.004848756733599025
4954 -0.08675294323556594 0.07305213493460197 -0.007902800650439515
4955 -0.01841744777094118 0.003465217279540341 0.001484195426861358
4956 -0.01158129317028564 0.02762132619755113 -0.03302982189370297
4957 -0.00374615589195975 -0.11301710208433 0.1331782687521987
4958 0.0163236406084131 0.006922602588486841 0.01501044323891759
4959 -0.02231679232886101 0.0007888802925293049 -0.0007877682882396995
4960 0.07111585366509947 -0.08956527388113268 0.02910607128899733
4961 -0.0233230829190661 0.001767850787950199 0.05360561866264837
4962 0.005601329983752398 -0.009048271638562541 -0.07850877282630642
4963 -0.001872407507897832 0.00101776457024641 0.004956564888271836
4964 -0.01365246224359419 0.0382727016920315 -0.06172658287977546
4965 -0.02734134837274989 0.06664964107055077 -0.07439904793858847
4966 0.06197479534392267 -0.06695899754348456 0.009056803489823413
4967 0.02396082739432831 -0.00103021292319496 0.001028383651079618
4968 0.01038107814358182 -0.01088241254390662 -0.02310674479326861
4969 -0.006597037202329823 -0.009494828735433754 0.01383358749696114
4970 -0.08030348933604284 0.06492130261604818 0.007474226447948101
4971 -0.01780065489169954 0.009526709831646092 0.0309635993398664
4972 0.003371462093372151 -0.001840091728534848 0.006306177231289347
4973 0.0164811560807737 0.0662134309757299 -0.02998251743350761
4974 0.03020193478469492 -0.0005165887350049137 0.03867807361582153
4975 -0.02309936136641699 0.002523953957313997 0.004802468070928071
4976 -0.001377249651915336 -0.00116934325650689 0.004907536210977627
4977 0.00652003935359914 0.004356551014468099 -0.002111204674887132
4978 0.07176553252540013 -0.06931321690578791 -0.004558682053412912
4979 -0.02912005821187088 0.05174269900730455 0.06618364055878795
4980 0.04500282883122186 0.0144817530612135 -0.01647059345120339
4981 -0.01619883092712928 0.002699214126044264 -0.00140869248195755
4982 -0.0004071052445632601 0.0008471538551609075 0.001227500208187862
4983 -0.08479780141536948 0.1061237016255996 0.1308984231403935
4984 0.09138182160143825 0.1164266395886594 -0.06788647190088576
4985 -0.0006630023872113595 0.1164677399263792 0.01999617562397235
4986 -0.0220070795598559 0.002966512527120928 -0.001376622926177012
4987 0.005163025983638088 -0.002623251346471887 0.01147482035679598
4988 -0.01584822879815359 -0.009182103158060161 0.01373723936184014
4989 -0.09895072734612147 -0.05196628970839848 -0.07798366232355503
4990 -0.005840227583214916 0.0122357204528445 0.0748590851389469
4991 -0.09055113421987752 0.06904528507495353 0.02996014782152451
4992 -0.01649935837902309 -0.0007122415481009929 0.001489594296997509
4993 -0.005209671715400237 -0.001036268134181105 -0.00449205600251761
4994 -0.04716252451978683 -0.008103377317606368 -0.07272716748974162
4995 -0.01831135070868546 0.007771701055415352 -0.008567273817978182
4996 0.08947772846328826 0.07117044534313782 0.02904398751614444
4997 0.01706910672009468 -0.002362201635202307 0.001635894232745408
4998 0.01554397312745906 -0.001657374889426096 0.001364324917502231
4999 0.02345411245019436 0.0003122863901116966 0.001106245751977969
5000 0.01918335643897231 0.000875869208563386 0.001199938780080786
5001 0.01582320838895387 0.0005378878095083988 -0.000471502290262145
5002 -0.0012743653899539 -0.02799686544943579 0.01199842590657369
5003 -0.006731524944284363 0.002001091121516712 0.01216265554579146
5004 0.02152721575041302 -0.00193891371046532 0.04513678888795469
5005 -0.08942856629026101 -0.06833924817386731 -0.008425149764157817
5006 -0.02327459514119831 0.0006277509877025033 -0.0007890787610265812
5007 -0.01772293052217 -0.001181968056894619 -0.0007844836057442114
5008 -0.03202184692878558 0.03332881430903994 0.03509267331188041
5009 0.01754140118873003 -9.999999999999576e-05 0.05187561567908804
5010 0.01315305739852192 -0.002899955668487904 0.04954694260147808
5011 0.01060109767237635 0.003255292041950666 0.05120207705927952
5012 0.08331234037397411 0.07508774030089811 -0.005820546871835318
5013 0.07384263698732531 0.005314770604131184 0.03681372301899207
5014 -0.02888569747207231 0.03048349621412524 0.0567146147894117
5015 -0.08276834938490951 -0.06284253563574667 0.01031605863257161
5016 -0.02417389588855772 -0.002782374050563927 0.04347172919417525
5017 0.01400003109482396 0.001268584143515284 0.001891994009992052
5018 -0.08687965311103438 -0.1069625390195272 0.01026055589917225
5019 -0.08818853602785853 -0.1239370865777878 0.03421804137414047
5020 0.02160152751410176 0.008090232900930232 0.04729832093628982
5021 -0.03067839312486587 0.002945070243489606 0.04360538106202446
5022 -0.057990442569041 0.05930477919228729 -0.07178352140847238
5023 -0.09460440853139028 0.05248301013340326 -0.0754821460596585
5024 0.007280362606044927 0.003314978557449215 0.01254610392872198
5025 0.089428566290261 0.0683392481738673 -0.008359629071007162
5026 -0.02567068191577217 -0.02183229521093021 -0.008720235046098581
5027 0.02302942066126279 -0.002303728516251692 0.05233054978042843
5028 -0.01892891726641618 -0.008955851051284922 0.03298082244866695
5029 -0.0003653868566300817 0.0007921357068089705 0.005261898013062326
5030 0.07584986861062455 -0.009395170203326975 -0.03411877201300625
5031 0.1151887203391451 -0.002042640189705926 -0.02166889737882419
5032 -0.0186439135187953 0.005187758558416823 -0.001843633664262745
5033 0.0844455310224988 -0.07866107013986842 0.00730091270479051
5034 0.006190247487847242 -0.003314008875347064 0.002500940554094805
5035 -0.0201335492186151 -0.003632061177323001 -0.002313116720230984
5036 0.00292981362360055 -0.03412512200892388 0.1098343714701321
5037 -0.009617819549038221 0.1105301385859696 0.1042960715696284
5038 -0.03557409267684261 0.03448324750860825 -0.013590206355484
5039 0.0008395741362841849 0.0006364864183549138 0.003298717474235545
5040 -0.006717847855765726 0.005052251859873685 0.002534409865101395
5041 -0.04395538453114198 -0.03508618672855572 0.03283069586993396
5042 -0.02976868216693224 -0.0316235961300903 0.03588271928378618
5043 0.001544786449061175 -0.001305915725768813 0.005153017038554796
5044 0.00655375208693696 -0.004379077142710306 -0.002111204674887132
5045 -0.02233306337856602 -0.0009656669511944965 -0.0009918448012440923
5046 0.06045379726153615 0.05464615152576705 -0.01440305063926397
5047 -0.01945594939558563 -0.004526353356650231 0.002175239347720283
5048 -0.01825013093122586 -0.007522949142704408 0.00338060671639259
5049 0.0206705112639022 -0.0007212464615406937 0.001123332678226694
5050 0.01706527240450518 -0.0007901302331404935 0.001123308395766454
5051 0.02189093957765581 -0.001525183009118967 -0.001171704798429772
5052 -0.08704087125720136 0.08704087125720136 0.009169945086006156
5053 0.01002607749012368 0.005343344561717936 0.002874711221224634
5054 -0.06471867313960797 0.07832690116865693 -0.00757093211389923
5055 0.03115548216611429 0.02869182901814219 -0.01122400447852402
5056 0.01765844577161828 -0.0342478200750853 0.0594799623388703
5057 -0.03431049176387311 -0.03006418810422769 0.07926324103854665
5058 0.06566482209322448 0.1124399089651423 -0.01343544852426812
5059 -0.1146942677631698 0.08758643808650349 -0.06919255372860349
5060 -0.01941573309654515 -0.01028436633395177 -0.004972210814941131
5061 0.002011308184654743 0.01713314515679339 0.02416006773952626
5062 -0.0279358128507997 -0.001629919004284081 0.00352080279911973
5063 -0.01335539241437566 -0.004562821121493588 -0.01129538081191143
5064 0.005585807896091214 -0.009053746250821202 0.01132351102374557
5065 0.05290909100569947 0.01738904634923413 0.04977182728913103
5066 -0.02343701816612112 0.002766250108493063 0.001570833663107548
5067 0.02412993622566096 0.001957510930498871 0.002350292962729309
5068 -0.002420661917936415 0.00961810785723906 0.01555106244917679
5069 -0.02166119028019687 0.001206783450229483 -0.0007940751371895373
5070 -0.02151613145933114 0.0005132516622257747 -0.0006970990585642617
5071 -0.02070364080470621 0.0008530856486083706 -0.00084166665352362
5072 0.006068472238084922 0.01959652645714608 -0.009028708192733385
5073 -0.01715459607912695 0.01143424096773753 -0.004824196155449409
5074 0.0005157952893393883 0.0006689558419563034 0.002215795289339388
5075 0.1143753466495886 0.08798916071632776 -0.06335224496364437
5076 0.0193317487240506 -0.0004405443329369577 -0.007038739827345927
5077 0.02181557530671928 -0.001278835125803975 0.0009259782140700924
5078 0.02095384409094287 -0.001751745989958724 0.001096066558002948
5079 0.07060984340491032 -0.05855184599455658 0.01188683786906712
5080 -0.09800309690027466 0.06883633876215656 -0.01010931751843774
5081 -0.01517787079594177 -0.001584430135776646 -0.001094481032608463
5082 0.007481256638766701 -0.00148811446899187 -0.002111204674887134
5083 -0.03064617456690906 0.009617967546283643 0.1230322421672127
5084 0.01181367876602459 0.02280528301152335 0.07695757761935487
5085 0.003832201421173866 0.004122095681456819 0.02049743928596449
5086 -0.01311140782194543 -0.02971965528773432 0.05261747445988671
5087 0.0008189188695481221 -0.003052051176496911 0.001612162421002923
5088 0.00414 0 -0.0008
5089 0.003824861264596727 0.001584309409991471 -0.0008
5090 0.003824861264596727 -0.001584309409991473 -0.0008
5091 0.002927422074112308 0.002927422074112308 -0.0008
5092 0.002927422074112307 -0.002927422074112308 -0.0008
5093 0.001584309409991471 -0.003824861264596729 -0.0008
5094 -9.192646643896297e-19 -0.00414 -0.0008
5095 -0.001584309409991472 -0.003824861264596727 -0.0008
5096 -0.002927422074112308 -0.002927422074112308 -0.0008
5097 -0.003824861264596728 -0.001584309409991471 -0.0008
5098 -0.00414 5.070037748470041e-19 -0.0008
5099 -0.003824861264596727 0.001584309409991471 -0.0008
5100 -0.002927422074112308 0.002927422074112308 -0.0008
5101 -0.00158430940999147 0.003824861264596727 -0.0008
5102 4.596323321948149e-19 0.00414 -0.0008
5103 0.001584309409991471 0.003824861264596727 -0.0008
5104 0.000459220118838108 -0.001108655439013543 -0.0008
5105 0.0008485281374238568 -0.0008485281374238571 -0.0008
5106 0.001108655439013544 -0.0004592201188381084 -0.0008
5107 0.0012 0 -0.0008
5108 0.001108655439013544 0.0004592201188381077 -0.0008
5109 0.000848528137423857 0.0008485281374238569 -0.0008
5110 0.0004592201188381077 0.001108655439013544 -0.0008
5111 1.332267629550188e-19 0.0012 -0.0008
5112 -0.0004592201188381075 0.001108655439013544 -0.0008
5113 -0.0008485281374238569 0.000848528137423857 -0.0008
5114 -0.001108655439013544 0.0004592201188381078 -0.0008
5115 -0.0012 1.469576158976824e-19 -0.0008
5116 -0.001108655439013544 -0.0004592201188381076 -0.0008
5117 -0.0008485281374238571 -0.0008485281374238569 -0.0008
5118 -0.0004592201188381083 -0.001108655439013544 -0.0008
5119 -2.664535259100375e-19 -0.0012 -0.0008
5120 0.003982430632298363 0.0007921547049957357 -0.0003000000000000002
5121 0.003982430632298362 -0.000792154704995737 -0.0002999999999999999
5122 0.003376141669354517 0.002255865742051889 -0.0003
5123 0.00134382327537993 -0.0009466929816481008 -0.0008
5124 0.001374532095374576 0.0008872007311349583 -0.0008
5125 -0.0009373574265891096 -0.001345690837465794 -0.0008
5126 -0.001623807253773226 0.0002932837590796082 -0.0008
5127 -0.0002939116929034789 0.001611344385703328 -0.0008
5128 0.001051046674107502 0.001338160022706741 -0.0008
5129 0.0005998470179490785 0.001805417339591312 -0.0008
5130 0.001638516805026966 -0.0004589488393788196 -0.0008
5131 0.001897448756807713 0.0001366607458113093 -0.0008
5132 -0.001348959031312236 -0.0008620907147132942 -0.0008
5133 -0.001316446544559593 0.000906834313043209 -0.0008
5134 -0.0004424267914496507 -0.001645729095517891 -0.0008
5135 3.224168134348142e-05 -0.001760688460313622 -0.0008
5136 -0.0008508484371145157 0.001354356748905225 -0.0008
5137 -0.001631303770927543 -0.0003395020892793547 -0.0008
5138 -0.001553692205916208 -0.001522277345904562 -0.0008
5139 -0.002050128450127469 0.000802785017474061 -0.0008
5140 0.001962238602719668 -0.001043044221697478 -0.0008
5141 0.001668837973307127 -0.001525709240541699 -0.0008
5142 0.001722132364582617 0.001425250905813212 -0.0008
5143 -0.0006996097245820852 0.002053512519486664 -0.0008
5144 -0.0003243534541454368 -0.002323856039892441 -0.0008
5145 -0.0020414587683671 -0.0009161896108081187 -0.0008
5146 -0.002473923637702526 -9.358801698847611e-05 -0.0008
5147 -0.001491404544603316 0.001532587625282463 -0.0008
5148 0.0003294080533288411 -0.002427635443952684 -0.0008
5149 0.002351235857120478 -0.0004173968476455223 -0.0008
5150 0.002791026712395707 0.0004359406295615869 -0.0008
5151 0.001286897791990195 0.002014631099350423 -0.0008
5152 0.0006665190064462305 0.002746647291131884 -0.0008
5153 -0.002499060182388832 -0.001722026129286376 -0.0008
5154 -0.00245263322475394 0.001672953559796025 -0.0008
5155 -0.00150096146862238 0.002488594171808906 -0.0008
5156 -0.001757230339420894 -0.002522609041386495 -0.0008
5157 0.002459205301918032 -0.001791720409812508 -0.0008
5158 -0.002988309315436132 0.0007932919940546165 -0.0008
5159 0.001685150975916618 -0.002425645638714107 -0.0008
5160 0.00197811552895963 0.0008055527414219258 -0.0008
5161 0.002530615273288953 0.001447111786418175 -0.0008
5162 7.690984875737609e-06 0.002124092163915156 -0.0008
5163 -0.0004725975239387798 0.002897666522392361 -0.0008
5164 -0.001021181239910557 -0.002087456176496331 -0.0008
5165 -0.000925298794429504 -0.003027879442610043 -0.0008
5166 -0.002879522452179045 -0.0009527466467068332 -0.0008
5167 0.001201112096173128 -0.001371046287468262 -0.0008
5168 -0.0001043774893834202 -0.003120116015947087 -0.0008
5169 0.002028017682397478 0.002142536639219297 -0.0008
5170 0.002783095537797742 -0.001054645307169002 -0.0008
5171 0.003281521422043511 -0.0004594874616581631 -0.0008
5172 0.00167968799593872 0.002854783454746327 -0.0008
5173 0.001511750364031092 0.0004577268674412602 -0.0008
5174 0.000154569285751889 0.001569901865644668 -0.0008
5175 0.003376141669354515 -0.002255865742051891 -0.0002999999999999999
5176 0.002255865742051889 0.003376141669354516 -0.0002999999999999999
5177 0.002255865742051889 -0.003376141669354517 -0.0003
5178 0.0007921547049957363 0.003982430632298363 -0.0003
5179 0.0007921547049957358 -0.003982430632298363 -0.0003
5180 -0.0007921547049957351 0.003982430632298363 -0.0003
5181 -0.0007921547049957371 -0.003982430632298362 -0.0003
5182 -0.002255865742051889 0.003376141669354517 -0.0003
5183 -0.002255865742051891 -0.003376141669354516 -0.0003
5184 -0.003376141669354516 0.00225586574205189 -0.0002999999999999999
5185 -0.003376141669354517 -0.002255865742051889 -0.0003
5186 -0.003982430632298363 0.0007921547049957363 -0.0003
5187 -0.003982430632298363 -0.0007921547049957352 -0.0003
5188 0.001154327719506772 0.0002296100594190539 -0.0003
5189 0.0009785917882187004 0.0006538741281309822 -0.0002999999999999999
5190 0.0006538741281309824 0.0009785917882187004 -0.0003
5191 0.0002296100594190539 0.001154327719506772 -0.0003
5192 -0.0002296100594190537 0.001154327719506772 -0.0003
5193 -0.0006538741281309822 0.0009785917882187004 -0.0003
5194 -0.0009785917882187004 0.0006538741281309824 -0.0002999999999999999
5195 -0.001154327719506772 0.000229610059419054 -0.0003
5196 -0.001154327719506772 -0.0002296100594190537 -0.0003
5197 -0.0009785917882187008 -0.0006538741281309822 -0.0003
5198 -0.0006538741281309826 -0.0009785917882187004 -0.0002999999999999999
5199 -0.0002296100594190543 -0.001154327719506772 -0.0003
5200 0.0002296100594190539 -0.001154327719506772 -0.0002999999999999999
5201 0.0006538741281309824 -0.0009785917882187004 -0.0002999999999999999
5202 0.0009785917882187002 -0.0006538741281309829 -0.0002999999999999999
5203 0.001154327719506772 -0.0002296100594190543 -0.0003
$EndNodes
$Elements
20807
1 4 2 1 1 1843 1842 1732 3973
2 4 2 1 1 953 954 955 4055
3 4 2 1 1 2230 2470 2224 4694
4 4 2 1 1 476 477 3687 4400
5 4 2 1 1 3767 3772 3766 4638
6 4 2 1 1 939 945 941 4905
7 4 2 1 1 2187 2400 2401 4216
8 4 2 1 1 432 4620 4470 4747
9 4 2 1 1 1322 945 1312 3962
10 4 2 1 1 3804 4328 761 4675
11 4 2 1 1 2991 2990 2993 4054
12 4 2 1 1 4235 4487 3865 4594
13 4 2 1 1 3335 3931 3916 4096
14 4 2 1 1 3989 3829 4239 4703
15 4 2 1 1 761 3804 4288 4328
16 4 2 1 1 3069 4277 3875 4971
17 4 2 1 1 3904 3984 4437 4852
18 4 2 1 1 2496 3560 2629 4497
19 4 2 1 1 3989 4427 3829 4463
20 4 2 1 1 516 4388 517 5018
21 4 2 1 1 1183 1002 1000 4166
22 4 2 1 1 4068 3883 4182 4726
23 4 2 1 1 1183 1276 1002 4166
24 4 2 1 1 1783 1796 1785 4300
25 4 2 1 1 4047 4081 3936 4780
26 4 2 1 1 169 3110 4187 4791
27 4 2 1 1 425 409 28 4630
28 4 2 1 1 2155 2428 2154 4300
29 4 2 1 1 4071 4561 4517 4562
30 4 2 1 1 1422 1490 1423 4349
31 4 2 1 1 1540 1539 1537 4338
32 4 2 1 1 3811 3828 3937 4570
33 4 2 1 1 3968 3883 4230 4290
34 4 2 1 1 3858 4146 3828 4548
35 4 2 1 1 761 4549 3804 4675
36 4 2 1 1 4208 4231 3979 4542
37 4 2 1 1 516 3771 517 4388
38 4 2 1 1 1405 1008 1421 4834
39 4 2 1 1 4208 4542 3979 4690
40 4 2 1 1 4234 4430 637 4833
41 4 2 1 1 3191 3351 3197 4007
42 4 2 1 1 3193 3330 4289 4494
43 4 2 1 1 1977 1971 1972 4915
44 4 2 1 1 3399 3397 3398 4402
45 4 2 1 1 2194 1923 1925 4334
46 4 2 1 1 3242 3357 3359 4778
47 4 2 1 1 761 4288 3804 4549
48 4 2 1 1 2880 2884 174 4160
49 4 2 1 1 3309 3359 3357 4778
50 4 2 1 1 3825 4499 4302 4576
51 4 2 1 1 3811 3828 4146 4548
52 4 2 1 1 1633 1001 1000 4166
53 4 2 1 1 1053 1427 962 4586
54 4 2 1 1 1458 1456 1457 4349
55 4 2 1 1 1811 2356 2489 4684
56 4 2 1 1 3814 3972 4545 4697
57 4 2 1 1 3814 4545 4240 4697
58 4 2 1 1 2130 3938 2060 4793
59 4 2 1 1 4250 2981 4623 4880
60 4 2 1 1 2667 2164 2165 5050
61 4 2 1 1 2407 2354 2163 4035
62 4 2 1 1 448 3651 3638 5012
63 4 2 1 1 1393 1111 1712 4505
64 4 2 1 1 433 434 4151 5025
65 4 2 1 1 1732 1842 84 3973
66 4 2 1 1 3808 4294 4208 4542
67 4 2 1 1 3860 3927 3861 4372
68 4 2 1 1 4019 4775 4352 4988
69 4 2 1 1 3904 4437 3845 4852
70 4 2 1 1 3898 637 4820 4833
71 4 2 1 1 456 3662 457 4444
72 4 2 1 1 3989 4239 3829 4427
73 4 2 1 1 3108 2883 193 4599
74 4 2 1 1 1194 1623 1713 4474
75 4 2 1 1 998 1000 1001 4322
76 4 2 1 1 370 1163 1678 1627
77 4 2 1 1 620 4044 4041 4696
78 4 2 1 1 4555 4611 4105 4919
79 4 2 1 1 1732 3973 84 4142
80 4 2 1 1 341 325 340 5010
81 4 2 1 1 340 325 324 5010
82 4 2 1 1 3191 3351 4007 4841
83 4 2 1 1 3814 3972 3879 4545
84 4 2 1 1 2351 213 1778 1780
85 4 2 1 1 3454 3462 301 4276
86 4 2 1 1 396 397 400 3982
87 4 2 1 1 1322 945 3962 4905
88 4 2 1 1 404 3603 405 4953
89 4 2 1 1 4302 4513 3825 4576
90 4 2 1 1 600 4717 4657 4933
91 4 2 1 1 4075 4357 3845 4996
92 4 2 1 1 1371 1023 1377 5006
93 4 2 1 1 3989 4434 3984 4786
94 4 2 1 1 2773 126 125 4158
95 4 2 1 1 29 504 520 4723
96 4 2 1 1 3883 4068 4182 5046
97 4 2 1 1 3934 4103 3985 4502
98 4 2 1 1 2895 2896 2897 4602
99 4 2 1 1 2622 4424 2057 4636
100 4 2 1 1 1572 1354 1352 4629
101 4 2 1 1 1008 1405 1006 4834
102 4 2 1 1 3819 4183 4094 4512
103 4 2 1 1 2989 2990 2991 4769
104 4 2 1 1 955 4024 4443 5026
105 4 2 1 1 190 2971 189 4736
106 4 2 1 1 3898 637 4833 4957
107 4 2 1 1 4238 4461 3845 4852
108 4 2 1 1 1773 1771 2205 4165
109 4 2 1 1 3207 3137 3134 4598
110 4 2 1 1 4367 4443 4024 4548
111 4 2 1 1 2655 2194 1763 3993
112 4 2 1 1 3933 4657 4717 4933
113 4 2 1 1 1674 901 852 4981
114 4 2 1 1 1000 4166 1001 4322
115 4 2 1 1 2769 2768 50 4158
116 4 2 1 1 4081 4047 4728 4780
117 4 2 1 1 4029 4152 3863 4688
118 4 2 1 1 1760 1857 1855 4674
119 4 2 1 1 3807 3987 3894 4545
120 4 2 1 1 3367 3343 3130 4162
121 4 2 1 1 4045 4052 623 4205
122 4 2 1 1 3511 3524 3517 4500
123 4 2 1 1 3556 363 364 4918
124 4 2 1 1 3881 4089 4080 4227
125 4 2 1 1 817 4057 3901 4732
126 4 2 1 1 4094 4097 4046 4847
127 4 2 1 1 4430 4820 637 4833
128 4 2 1 1 3057 4639 3022 4673
129 4 2 1 1 2985 4227 2971 4897
130 4 2 1 1 1772 1769 2210 4447
131 4 2 1 1 2159 3989 4221 4568
132 4 2 1 1 3855 4072 3956 4264
133 4 2 1 1 2748 2750 2746 4781
134 4 2 1 1 212 1963 1754 2632
135 4 2 1 1 3901 4057 3839 4732
136 4 2 1 1 1540 1537 1600 4338
137 4 2 1 1 1280 1287 942 4904
138 4 2 1 1 2208 4497 2432 5066
139 4 2 1 1 3984 4316 3904 4437
140 4 2 1 1 2999 2993 2990 4673
141 4 2 1 1 2598 1891 3911 4698
142 4 2 1 1 2600 2599 2398 4398
143 4 2 1 1 526 527 3786 4638
144 4 2 1 1 229 193 228 2158
145 4 2 1 1 3883 4138 4068 4816
146 4 2 1 1 4055 4363 3843 4867
147 4 2 1 1 3932 4134 3946 4429
148 4 2 1 1 2804 2805 145 4111
149 4 2 1 1 1015 1020 1355 4798
150 4 2 1 1 955 4055 954 4443
151 4 2 1 1 1239 1416 1417 4474
152 4 2 1 1 453 3683 452 4444
153 4 2 1 1 224 3215 225 4117
154 4 2 1 1 1589 4146 3967 4570
155 4 2 1 1 1136 372 1176 1141
156 4 2 1 1 3808 4542 4208 4690
157 4 2 1 1 3915 4094 4046 4140
158 4 2 1 1 3484 3480 3486 4361
159 4 2 1 1 3919 4044 615 4696
160 4 2 1 1 737 3919 3867 4667
161 4 2 1 1 3919 4009 3867 4693
162 4 2 1 1 2933 2921 2919 4724
163 4 2 1 1 481 483 4259 4583
164 4 2 1 1 953 952 886 4055
165 4 2 1 1 435 3637 3648 5025
166 4 2 1 1 1769 1768 1767 4447
167 4 2 1 1 1451 1454 1453 4869
168 4 2 1 1 3804 4835 4190 4850
169 4 2 1 1 955 1444 4024 5026
170 4 2 1 1 355 4245 4593 4698
171 4 2 1 1 2948 3037 3057 4907
172 4 2 1 1 3811 4146 3828 4570
173 4 2 1 1 3811 4146 4367 4548
174 4 2 1 1 3814 3807 4240 4545
175 4 2 1 1 4360 4543 4319 4644
176 4 2 1 1 3879 3972 3814 4133
177 4 2 1 1 256 4361 3424 4715
178 4 2 1 1 3984 4159 3989 4304
179 4 2 1 1 3815 4249 4699 5056
180 4 2 1 1 3854 4831 4774 4990
181 4 2 1 1 3194 3330 3273 3938
182 4 2 1 1 2880 2885 2884 4709
183 4 2 1 1 3860 4079 3927 4372
184 4 2 1 1 875 1252 1250 4558
185 4 2 1 1 856 1282 1359 4558
186 4 2 1 1 3809 3845 4238 4461
187 4 2 1 1 4286 4403 1345 4617
188 4 2 1 1 1352 1573 1572 4629
189 4 2 1 1 1908 1843 1732 4346
190 4 2 1 1 3984 4304 3989 4786
191 4 2 1 1 3787 522 523 4638
192 4 2 1 1 3844 739 4556 4822
193 4 2 1 1 2253 2274 3971 4576
194 4 2 1 1 2901 3087 2915 4126
195 4 2 1 1 4268 4437 451 4725
196 4 2 1 1 4190 4835 4727 4850
197 4 2 1 1 994 1666 1435 4303
198 4 2 1 1 4022 4277 3069 4971
199 4 2 1 1 2761 84 2765 4242
200 4 2 1 1 970 1432 4027 4825
201 4 2 1 1 2967 3091 3053 4455
202 4 2 1 1 2598 2738 4245 4803
203 4 2 1 1 1410 1106 1711 4629
204 4 2 1 1 1842 1843 2143 3973
205 4 2 1 1 3304 3182 3339 4131
206 4 2 1 1 3093 2945 2884 4529
207 4 2 1 1 1170 370 1678 1627
208 4 2 1 1 458 3682 457 4122
209 4 2 1 1 291 4145 290 5021
210 4 2 1 1 2983 4655 4250 4712
211 4 2 1 1 1675 1601 1121 4869
212 4 2 1 1 3957 4078 4516 4628
213 4 2 1 1 98 2566 1731 4594
214 4 2 1 1 169 4187 3110 4982
215 4 2 1 1 3436 3428 285 4339
216 4 2 1 1 2949 3971 3086 4215
217 4 2 1 1 4208 4294 4231 4542
218 4 2 1 1 504 25 4319 4723
219 4 2 1 1 403 3603 404 4194
220 4 2 1 1 2960 2965 2966 4407
221 4 2 1 1 460 4592 4434 4851
222 4 2 1 1 3969 3883 4138 4182
223 4 2 1 1 2253 4513 2262 4576
224 4 2 1 1 4146 4443 4367 4548
225 4 2 1 1 4048 4103 3934 4910
226 4 2 1 1 3972 4454 3879 4545
227 4 2 1 1 3332 3328 3196 4987
228 4 2 1 1 3540 3539 3535 5067
229 4 2 1 1 511 3761 512 4251
230 4 2 1 1 3834 3939 3882 3992
231 4 2 1 1 4637 4287 4794 5064
232 4 2 1 1 3939 3992 3834 4229
233 4 2 1 1 3020 3122 3057 4673
234 4 2 1 1 1665 834 836 4666
235 4 2 1 1 4183 3924 4462 4902
236 4 2 1 1 4368 4845 4081 4965
237 4 2 1 1 970 4027 3944 4825
238 4 2 1 1 4016 4120 3934 4534
239 4 2 1 1 2497 2494 2208 4497
240 4 2 1 1 3979 3804 4231 5036
241 4 2 1 1 4238 4437 3984 4852
242 4 2 1 1 2541 2540 2414 4967
243 4 2 1 1 3807 3894 4020 4545
244 4 2 1 1 3847 3985 3934 4865
245 4 2 1 1 1214 1215 1220 4558
246 4 2 1 1 2598 2738 2260 4245
247 4 2 1 1 1843 3973 1732 4346
248 4 2 1 1 2960 2967 3053 4455
249 4 2 1 1 2146 2116 2147 4329
250 4 2 1 1 459 3682 458 4122
251 4 2 1 1 3925 4172 4089 5020
252 4 2 1 1 602 4360 4319 4644
253 4 2 1 1 722 4006 3867 4814
254 4 2 1 1 2398 2599 2601 4398
255 4 2 1 1 432 4470 85 4747
256 4 2 1 1 615 4044 620 4696
257 4 2 1 1 3272 3245 3237 4469
258 4 2 1 1 2012 2161 2013 4998
259 4 2 1 1 3972 4133 3879 4589
260 4 2 1 1 3809 3845 4461 4852
261 4 2 1 1 105 4364 3931 4567
262 4 2 1 1 92 3863 4152 4688
263 4 2 1 1 3682 457 456 3657
264 4 2 1 1 3970 3930 4226 4447
265 4 2 1 1 3104 2946 3056 4419
266 4 2 1 1 3934 4120 4048 4910
267 4 2 1 1 3934 607 4120 4910
268 4 2 1 1 1794 1792 1793 4380
269 4 2 1 1 2116 2578 4329 5066
270 4 2 1 1 3499 315 3500 4253
271 4 2 1 1 1223 1416 1239 4474
272 4 2 1 1 1783 1785 1784 4792
273 4 2 1 1 1903 2199 1906 4453
274 4 2 1 1 4302 4429 3932 5061
275 4 2 1 1 1747 2367 1745 4599
276 4 2 1 1 939 940 1620 3995
277 4 2 1 1 2141 2161 2012 4998
278 4 2 1 1 3682 119 459 3656
279 4 2 1 1 1066 1347 1346 4480
280 4 2 1 1 1434 1433 1276 4650
281 4 2 1 1 3904 3845 4437 4996
282 4 2 1 1 3826 4776 4567 4777
283 4 2 1 1 2844 2814 2837 4111
284 4 2 1 1 3146 3148 3281 4783
285 4 2 1 1 169 4528 4187 4982
286 4 2 1 1 4081 4147 3936 4780
287 4 2 1 1 1417 1418 1419 4474
288 4 2 1 1 3810 3975 4323 5041
289 4 2 1 1 4288 4328 3804 5036
290 4 2 1 1 3932 4293 4134 4429
291 4 2 1 1 1623 1194 1416 4474
292 4 2 1 1 1462 1715 1463 4765
293 4 2 1 1 2068 1751 1887 4599
294 4 2 1 1 3839 4299 3915 4347
295 4 2 1 1 3973 4346 4785 4930
296 4 2 1 1 2518 2637 2520 5077
297 4 2 1 1 1842 3973 2143 4470
298 4 2 1 1 3806 4430 4234 4833
299 4 2 1 1 2902 2904 2903 4639
300 4 2 1 1 2678 1895 1900 4189
301 4 2 1 1 449 4151 450 4796
302 4 2 1 1 3992 4072 4003 4229
303 4 2 1 1 3868 4020 3972 4697
304 4 2 1 1 3900 4449 3839 4732
305 4 2 1 1 3932 3946 4427 5061
306 4 2 1 1 3903 4250 4022 5061
307 4 2 1 1 3884 3963 4241 4631
308 4 2 1 1 331 4212 4117 4671
309 4 2 1 1 3825 4513 3971 4576
310 4 2 1 1 790 4356 4399 4523
311 4 2 1 1 3507 333 3527 4500
312 4 2 1 1 467 465 4259 4608
313 4 2 1 1 3956 4072 3959 4264
314 4 2 1 1 169 4187 4528 4791
315 4 2 1 1 2151 2188 1810 4679
316 4 2 1 1 3057 2936 3022 4639
317 4 2 1 1 1971 1992 2135 5017
318 4 2 1 1 109 2169 2178 4035
319 4 2 1 1 1453 1454 1455 4869
320 4 2 1 1 3885 3930 4553 4634
321 4 2 1 1 199 3098 3103 4529
322 4 2 1 1 2130 3958 3938 4793
323 4 2 1 1 607 3934 4120 4534
324 4 2 1 1 970 3944 4435 4825
325 4 2 1 1 1782 1783 1784 4792
326 4 2 1 1 3936 4081 4047 4845
327 4 2 1 1 3855 4100 3874 4727
328 4 2 1 1 3820 3823 3935 4287
329 4 2 1 1 3855 4003 4072 4229
330 4 2 1 1 1752 1968 2070 5017
331 4 2 1 1 3881 3943 4089 4227
332 4 2 1 1 3488 3480 320 4361
333 4 2 1 1 2430 1753 2652 4030
334 4 2 1 1 171 172 3098 4791
335 4 2 1 1 488 3735 487 4504
336 4 2 1 1 4234 4833 637 4957
337 4 2 1 1 1672 1599 1138 4948
338 4 2 1 1 4071 4608 4008 4693
339 4 2 1 1 3513 3507 3527 4500
340 4 2 1 1 1009 4590 1516 5032
341 4 2 1 1 1633 1000 1002 4166
342 4 2 1 1 1112 1483 1649 4224
343 4 2 1 1 4044 4403 3843 4867
344 4 2 1 1 416 4730 4622 4747
345 4 2 1 1 2579 2578 2116 5066
346 4 2 1 1 4367 4482 4240 4962
347 4 2 1 1 3879 4454 3972 4589
348 4 2 1 1 3657 439 438 4354
349 4 2 1 1 441 440 3657 4354
350 4 2 1 1 1911 1913 1917 4374
351 4 2 1 1 2499 2216 2536 4754
352 4 2 1 1 3930 4615 4164 4634
353 4 2 1 1 3657 3656 441 4354
354 4 2 1 1 3657 438 3655 4354
355 4 2 1 1 3573 3574 4402 4848
356 4 2 1 1 1390 1620 940 4908
357 4 2 1 1 1623 1416 1223 4474
358 4 2 1 1 3648 3637 4355 5025
359 4 2 1 1 3230 3222 3361 4342
360 4 2 1 1 3867 4009 3919 4814
361 4 2 1 1 243 3578 3577 4643
362 4 2 1 1 1444 961 955 4024
363 4 2 1 1 3805 4347 3839 4930
364 4 2 1 1 3288 4192 4674 4976
365 4 2 1 1 85 4036 3611 4752
366 4 2 1 1 601 3967 4317 4570
367 4 2 1 1 1895 4092 1900 4189
368 4 2 1 1 2937 3040 3039 4601
369 4 2 1 1 4343 4465 3322 4555
370 4 2 1 1 3397 4019 3398 4402
371 4 2 1 1 997 829 884 4144
372 4 2 1 1 4058 4071 4006 4517
373 4 2 1 1 3854 4190 4381 4516
374 4 2 1 1 3839 4930 4347 4991
375 4 2 1 1 4081 4722 4368 4965
376 4 2 1 1 1740 2136 1739 4688
377 4 2 1 1 3519 3508 3516 4849
378 4 2 1 1 4041 4556 739 4822
379 4 2 1 1 4452 4980 921 5055
380 4 2 1 1 1170 1678 370 1679
381 4 2 1 1 1194 1713 1429 4474
382 4 2 1 1 2073 4083 1796 4300
383 4 2 1 1 3845 4357 4075 4749
384 4 2 1 1 4081 4728 4047 4845
385 4 2 1 1 1418 1417 1416 4474
386 4 2 1 1 658 4046 3915 4094
387 4 2 1 1 1479 1483 1487 4200
388 4 2 1 1 3810 4404 3838 5042
389 4 2 1 1 1494 1455 1454 4869
390 4 2 1 1 790 815 783 4523
391 4 2 1 1 2644 1791 1772 4686
392 4 2 1 1 1858 4300 2429 4384
393 4 2 1 1 125 126 2770 4158
394 4 2 1 1 4138 4182 3883 4726
395 4 2 1 1 870 878 873 4558
396 4 2 1 1 2206 2106 373 2192
397 4 2 1 1 3866 4022 4250 5061
398 4 2 1 1 2249 4116 2252 4744
399 4 2 1 1 4378 4485 4187 4600
400 4 2 1 1 607 4120 4048 5031
401 4 2 1 1 969 970 3944 4435
402 4 2 1 1 4323 4542 4183 4689
403 4 2 1 1 2756 2755 4320 4340
404 4 2 1 1 886 954 953 4055
405 4 2 1 1 4374 4510 3875 4720
406 4 2 1 1 3810 4323 3975 4515
407 4 2 1 1 536 3792 535 4235
408 4 2 1 1 3834 4229 3992 4605
409 4 2 1 1 1843 1910 4346 4854
410 4 2 1 1 1015 1355 1016 4986
411 4 2 1 1 2041 2212 2591 4636
412 4 2 1 1 3822 3918 4326 4917
413 4 2 1 1 1452 1423 1490 4349
414 4 2 1 1 1242 4617 1345 5026
415 4 2 1 1 2822 4485 4378 4600
416 4 2 1 1 4020 4545 3972 4697
417 4 2 1 1 2949 2950 3086 4283
418 4 2 1 1 961 953 955 4867
419 4 2 1 1 101 1760 1851 4674
420 4 2 1 1 398 1221 1217 1215
421 4 2 1 1 3635 3641 3636 4354
422 4 2 1 1 1766 4226 1956 4447
423 4 2 1 1 3898 4328 4833 5036
424 4 2 1 1 1911 1913 4374 4510
425 4 2 1 1 3839 3915 4732 4991
426 4 2 1 1 1720 1718 1716 4978
427 4 2 1 1 3866 3818 4022 5061
428 4 2 1 1 1857 2184 2152 4155
429 4 2 1 1 94 2846 93 3863
430 4 2 1 1 3273 3938 3330 3958
431 4 2 1 1 1314 1312 1310 3962
432 4 2 1 1 2979 4250 2983 4655
433 4 2 1 1 31 3656 3657 4354
434 4 2 1 1 3657 3655 31 4354
435 4 2 1 1 1363 1426 962 4872
436 4 2 1 1 2918 3032 3021 4907
437 4 2 1 1 1416 1194 1418 4474
438 4 2 1 1 295 311 4003 4072
439 4 2 1 1 1942 1950 2666 4497
440 4 2 1 1 3116 3115 2997 4325
441 4 2 1 1 1763 2194 1759 3993
442 4 2 1 1 955 957 1703 4443
443 4 2 1 1 3666 3662 3658 4444
444 4 2 1 1 2881 3090 196 5039
445 4 2 1 1 3912 3844 4360 4363
446 4 2 1 1 3804 4190 4100 4850
447 4 2 1 1 3884 4060 4050 4647
448 4 2 1 1 3855 3956 4003 4774
449 4 2 1 1 939 937 1404 4653
450 4 2 1 1 2252 4116 2250 4734
451 4 2 1 1 3855 3956 4381 4727
452 4 2 1 1 2253 2262 2274 4576
453 4 2 1 1 3845 4437 4238 4852
454 4 2 1 1 211 4174 3288 4674
455 4 2 1 1 3520 3519 3516 4213
456 4 2 1 1 1751 2367 1747 4599
457 4 2 1 1 3761 511 510 4682
458 4 2 1 1 889 1266 890 4025
459 4 2 1 1 2900 2901 2899 4639
460 4 2 1 1 2303 2297 2544 4350
461 4 2 1 1 3128 3189 3337 4705
462 4 2 1 1 3934 607 4503 4534
463 4 2 1 1 4100 4190 4727 4850
464 4 2 1 1 3989 3829 4304 4463
465 4 2 1 1 331 4117 4372 4974
466 4 2 1 1 2253 3971 4513 4576
467 4 2 1 1 469 485 486 4717
468 4 2 1 1 486 470 469 4717
469 4 2 1 1 4637 4758 4287 5064
470 4 2 1 1 2901 2915 2899 4407
471 4 2 1 1 3868 4138 725 4816
472 4 2 1 1 955 4443 1703 5026
473 4 2 1 1 1252 875 873 4558
474 4 2 1 1 4045 4205 3933 4717
475 4 2 1 1 3257 3252 3251 4564
476 4 2 1 1 1903 4281 4092 4453
477 4 2 1 1 3160 3289 3364 4396
478 4 2 1 1 3810 5041 4404 5042
479 4 2 1 1 4040 4157 3922 4547
480 4 2 1 1 3417 236 237 4168
481 4 2 1 1 3248 3249 3250 4896
482 4 2 1 1 851 1636 849 4981
483 4 2 1 1 2355 2016 2631 5078
484 4 2 1 1 4140 4142 3973 4346
485 4 2 1 1 3511 3513 3524 4500
486 4 2 1 1 4378 4528 4235 4982
487 4 2 1 1 1857 4155 1855 4674
488 4 2 1 1 4046 4094 658 4097
489 4 2 1 1 449 451 4725 4796
490 4 2 1 1 917 834 1665 4666
491 4 2 1 1 400 1024 911 5070
492 4 2 1 1 460 4434 4592 4780
493 4 2 1 1 1313 1311 1312 4589
494 4 2 1 1 2219 2184 2072 4084
495 4 2 1 1 955 954 957 4443
496 4 2 1 1 825 822 821 4518
497 4 2 1 1 3825 4429 3822 5068
498 4 2 1 1 3925 3881 4113 5020
499 4 2 1 1 2299 2544 2297 4350
500 4 2 1 1 3904 4437 4268 4996
501 4 2 1 1 319 318 3504 4361
502 4 2 1 1 3881 4227 4712 4899
503 4 2 1 1 2479 4364 105 4567
504 4 2 1 1 3835 3976 3923 5019
505 4 2 1 1 457 3661 458 4122
506 4 2 1 1 3946 3932 4429 5061
507 4 2 1 1 624 4205 4640 4820
508 4 2 1 1 2992 4769 2991 5003
509 4 2 1 1 708 4058 682 4138
510 4 2 1 1 956 139 141 2792
511 4 2 1 1 4055 4363 4360 4543
512 4 2 1 1 3936 4592 4147 5058
513 4 2 1 1 4048 4120 607 4910
514 4 2 1 1 3903 4022 3818 5061
515 4 2 1 1 3412 3415 3414 4538
516 4 2 1 1 4140 4467 425 4630
517 4 2 1 1 3984 4159 4304 4551
518 4 2 1 1 4394 4434 3905 4592
519 4 2 1 1 4244 4370 3812 4979
520 4 2 1 1 3113 3063 2998 4604
521 4 2 1 1 3767 3766 526 4638
522 4 2 1 1 897 1345 4286 4403
523 4 2 1 1 3760 507 506 4682
524 4 2 1 1 3330 3958 3938 4494
525 4 2 1 1 3460 3462 3454 4276
526 4 2 1 1 2905 2903 2904 4651
527 4 2 1 1 1544 1590 1531 4332
528 4 2 1 1 3322 4465 4343 4628
529 4 2 1 1 716 4044 3919 4667
530 4 2 1 1 1066 1346 1051 4480
531 4 2 1 1 604 4097 4094 4847
532 4 2 1 1 2981 4250 4623 4706
533 4 2 1 1 3527 333 332 4500
534 4 2 1 1 3780 4195 3773 4886
535 4 2 1 1 3822 4429 3818 5068
536 4 2 1 1 4092 3902 4281 4645
537 4 2 1 1 2145 3823 4306 4453
538 4 2 1 1 1834 2281 2203 4648
539 4 2 1 1 3194 3330 3938 4289
540 4 2 1 1 3831 4003 3992 4605
541 4 2 1 1 3839 4931 4930 4991
542 4 2 1 1 1469 1471 1486 4765
543 4 2 1 1 3946 4134 3932 4897
544 4 2 1 1 1115 1068 1065 4450
545 4 2 1 1 2210 2644 1772 4686
546 4 2 1 1 2017 2018 2019 4771
547 4 2 1 1 4068 921 4452 4980
548 4 2 1 1 3960 4347 4512 4716
549 4 2 1 1 2249 4606 4116 4744
550 4 2 1 1 2262 4513 2261 4576
551 4 2 1 1 893 136 138 4214
552 4 2 1 1 2993 3028 2991 5003
553 4 2 1 1 3089 3068 3069 4971
554 4 2 1 1 2741 2666 1944 4414
555 4 2 1 1 3984 4461 4159 5065
556 4 2 1 1 3417 4168 237 4676
557 4 2 1 1 3974 4357 4075 4996
558 4 2 1 1 602 1225 4319 4360
559 4 2 1 1 2599 4398 2571 4802
560 4 2 1 1 2166 2668 2169 5050
561 4 2 1 1 2240 2238 2235 4418
562 4 2 1 1 604 4462 3924 4902
563 4 2 1 1 3822 4429 3825 4499
564 4 2 1 1 413 3587 412 4241
565 4 2 1 1 4523 4710 4357 4738
566 4 2 1 1 478 477 3709 4203
567 4 2 1 1 4177 4442 4343 4628
568 4 2 1 1 3689 4203 3701 4978
569 4 2 1 1 396 397 3982 4296
570 4 2 1 1 1462 1461 1460 4765
571 4 2 1 1 703 4138 3969 5075
572 4 2 1 1 1096 1292 1093 5051
573 4 2 1 1 994 1666 4303 4570
574 4 2 1 1 3900 3915 3839 4299
575 4 2 1 1 3984 4551 4304 4786
576 4 2 1 1 624 4205 4052 4640
577 4 2 1 1 1772 1771 1769 4165
578 4 2 1 1 1662 3952 1330 4262
579 4 2 1 1 3093 2884 2885 4709
580 4 2 1 1 3984 3989 3813 4434
581 4 2 1 1 807 790 4399 4523
582 4 2 1 1 3771 517 4388 4544
583 4 2 1 1 1418 1194 1429 4474
584 4 2 1 1 1942 2666 2741 4414
585 4 2 1 1 2145 4306 3823 4642
586 4 2 1 1 600 4205 4045 4717
587 4 2 1 1 3259 3283 3261 4579
588 4 2 1 1 4002 4343 4177 4442
589 4 2 1 1 3153 3155 3276 4784
590 4 2 1 1 952 828 886 4360
591 4 2 1 1 482 466 480 4103
592 4 2 1 1 480 496 482 4103
593 4 2 1 1 4607 4699 4249 5056
594 4 2 1 1 4007 3191 4841 4842
595 4 2 1 1 1689 1695 1158 4358
596 4 2 1 1 3813 4244 4156 4508
597 4 2 1 1 2518 2520 2515 5077
598 4 2 1 1 1926 213 178 2366
599 4 2 1 1 1276 1183 1434 4286
600 4 2 1 1 3871 4330 4380 4633
601 4 2 1 1 1458 1493 1456 4349
602 4 2 1 1 4194 4446 3587 4669
603 4 2 1 1 783 815 713 4523
604 4 2 1 1 1928 1929 1839 4521
605 4 2 1 1 3106 2972 2974 4882
606 4 2 1 1 302 3477 301 4276
607 4 2 1 1 603 4140 4046 4560
608 4 2 1 1 607 3934 4503 4910
609 4 2 1 1 3151 3148 3150 4297
610 4 2 1 1 1054 998 1001 4456
611 4 2 1 1 480 466 4071 4103
612 4 2 1 1 2261 4302 4499 4576
613 4 2 1 1 3822 4277 3918 5068
614 4 2 1 1 1903 4092 2199 4453
615 4 2 1 1 1111 1072 1506 4670
616 4 2 1 1 441 3635 3636 4354
617 4 2 1 1 1216 1669 1213 4426
618 4 2 1 1 178 2331 2333 3990
619 4 2 1 1 3979 4208 4690 5036
620 4 2 1 1 4284 4372 4082 4635
621 4 2 1 1 4093 4120 3974 4437
622 4 2 1 1 4094 3960 4512 4560
623 4 2 1 1 3984 4437 4159 4551
624 4 2 1 1 1504 1035 1186 4587
625 4 2 1 1 3808 4542 4323 4689
626 4 2 1 1 603 4094 4046 4847
627 4 2 1 1 3819 4347 4550 4716
628 4 2 1 1 3989 4703 1890 4786
629 4 2 1 1 2043 2040 2060 4015
630 4 2 1 1 701 4058 4006 4517
631 4 2 1 1 3247 3263 3244 4896
632 4 2 1 1 2602 2221 2130 4494
633 4 2 1 1 2949 3086 3971 4283
634 4 2 1 1 2602 2130 3958 4494
635 4 2 1 1 3898 4607 4690 5036
636 4 2 1 1 1335 1336 1175 4136
637 4 2 1 1 692 4048 3934 4120
638 4 2 1 1 3855 3874 4072 4264
639 4 2 1 1 3984 4461 4238 4852
640 4 2 1 1 2838 2846 94 3863
641 4 2 1 1 1059 1307 1308 4856
642 4 2 1 1 3839 3805 4299 4347
643 4 2 1 1 4183 4512 4462 4560
644 4 2 1 1 3585 3587 413 4446
645 4 2 1 1 2884 173 174 4529
646 4 2 1 1 4487 4594 3042 4858
647 4 2 1 1 4068 4138 3883 4726
648 4 2 1 1 501 500 4107 4652
649 4 2 1 1 3547 2418 2642 4458
650 4 2 1 1 4068 4726 4182 5046
651 4 2 1 1 3860 4082 4372 4635
652 4 2 1 1 2896 2895 2894 4602
653 4 2 1 1 3938 4637 4794 5064
654 4 2 1 1 4015 2038 4571 4672
655 4 2 1 1 2622 1932 2057 4424
656 4 2 1 1 4482 4962 4367 4994
657 4 2 1 1 4046 4140 4094 4560
658 4 2 1 1 945 3940 1312 3962
659 4 2 1 1 1809 1810 2188 4679
660 4 2 1 1 1926 1941 3258 4257
661 4 2 1 1 603 604 4094 4847
662 4 2 1 1 1757 1761 1759 4858
663 4 2 1 1 1396 1395 1410 4629
664 4 2 1 1 4134 4293 3932 4897
665 4 2 1 1 3903 4720 4129 4935
666 4 2 1 1 945 1400 1312 4473
667 4 2 1 1 4238 4461 3862 4710
668 4 2 1 1 2540 2542 2414 4967
669 4 2 1 1 2095 2090 2096 4261
670 4 2 1 1 3851 4138 3883 4816
671 4 2 1 1 2146 2147 4067 4329
672 4 2 1 1 3103 2956 199 4529
673 4 2 1 1 3556 3557 363 4918
674 4 2 1 1 25 4319 1225 4360
675 4 2 1 1 769 4328 4288 4855
676 4 2 1 1 3947 4674 4192 4976
677 4 2 1 1 932 986 1050 4480
678 4 2 1 1 612 4156 3901 4563
679 4 2 1 1 3956 3827 4465 4628
680 4 2 1 1 2303 2544 2341 4350
681 4 2 1 1 3825 3822 4702 5068
682 4 2 1 1 2991 2994 2992 5003
683 4 2 1 1 3956 3957 3827 4628
684 4 2 1 1 504 503 4723 5005
685 4 2 1 1 4094 4462 604 4560
686 4 2 1 1 3864 4135 4283 4439
687 4 2 1 1 3870 4323 4183 4404
688 4 2 1 1 3901 3839 4449 4732
689 4 2 1 1 49 2767 2769 4158
690 4 2 1 1 3069 4277 4022 4312
691 4 2 1 1 1241 969 970 3944
692 4 2 1 1 1321 1421 1358 4214
693 4 2 1 1 1891 3911 2279 4735
694 4 2 1 1 3930 4067 4615 4634
695 4 2 1 1 856 1359 858 4546
696 4 2 1 1 3813 4773 4129 4900
697 4 2 1 1 2483 1835 1782 4792
698 4 2 1 1 4006 4058 3867 4562
699 4 2 1 1 3146 3145 3147 4486
700 4 2 1 1 4427 4463 3989 4900
701 4 2 1 1 3652 3641 3653 4230
702 4 2 1 1 2499 2146 2147 4067
703 4 2 1 1 1523 1230 1525 5007
704 4 2 1 1 2571 2569 2599 4802
705 4 2 1 1 1882 1890 4703 4786
706 4 2 1 1 2430 2652 1921 4030
707 4 2 1 1 3163 3232 3162 4337
708 4 2 1 1 3864 3909 4135 4439
709 4 2 1 1 4231 4294 3819 4542
710 4 2 1 1 1629 598 4403 4863
711 4 2 1 1 3907 4071 4008 4693
712 4 2 1 1 4183 4542 4369 4689
713 4 2 1 1 4094 4140 3915 4347
714 4 2 1 1 3419 236 3417 4613
715 4 2 1 1 2910 3088 2908 4457
716 4 2 1 1 601 1589 3967 4570
717 4 2 1 1 4183 4404 4323 5041
718 4 2 1 1 463 4265 462 4572
719 4 2 1 1 1662 1207 1330 3952
720 4 2 1 1 1541 1542 1539 4338
721 4 2 1 1 3503 3504 318 4361
722 4 2 1 1 624 623 4052 4205
723 4 2 1 1 4052 3923 4640 4741
724 4 2 1 1 3023 3009 3027 5003
725 4 2 1 1 4183 4323 3870 4542
726 4 2 1 1 2743 1944 2628 4414
727 4 2 1 1 2199 4453 4092 5002
728 4 2 1 1 3289 3142 3144 4701
729 4 2 1 1 955 4024 4055 4443
730 4 2 1 1 2261 4513 4302 4576
731 4 2 1 1 2904 3037 2907 4457
732 4 2 1 1 602 1225 4360 4644
733 4 2 1 1 4520 4566 1927 5079
734 4 2 1 1 2581 2207 373 2497
735 4 2 1 1 3915 3839 4347 4991
736 4 2 1 1 2915 2966 2965 4407
737 4 2 1 1 3289 3266 3364 4396
738 4 2 1 1 657 4094 3915 4347
739 4 2 1 1 3419 235 236 4613
740 4 2 1 1 2203 4648 4170 4858
741 4 2 1 1 1543 1553 1600 4338
742 4 2 1 1 1390 940 4247 4908
743 4 2 1 1 2065 1883 4304 4786
744 4 2 1 1 1743 2195 2136 4215
745 4 2 1 1 3813 3989 3984 4159
746 4 2 1 1 2945 3085 2956 4529
747 4 2 1 1 344 330 314 4371
748 4 2 1 1 314 328 344 4371
749 4 2 1 1 3957 4003 3956 4774
750 4 2 1 1 3022 4673 4639 4721
751 4 2 1 1 2091 2079 2126 5047
752 4 2 1 1 4226 4447 3930 4481
753 4 2 1 1 1835 2218 2351 4257
754 4 2 1 1 870 1388 878 4558
755 4 2 1 1 434 4290 4151 5025
756 4 2 1 1 807 815 790 4523
757 4 2 1 1 2692 1871 2205 4165
758 4 2 1 1 3824 4029 3908 4389
759 4 2 1 1 636 4041 739 4822
760 4 2 1 1 2793 140 142 1004
761 4 2 1 1 2250 2252 2249 4116
762 4 2 1 1 3822 4917 4326 4952
763 4 2 1 1 4622 4730 4729 4937
764 4 2 1 1 3932 4427 3946 4737
765 4 2 1 1 3436 3434 3428 4339
766 4 2 1 1 1094 1096 1093 5051
767 4 2 1 1 520 4723 519 5015
768 4 2 1 1 1258 1268 4303 4588
769 4 2 1 1 4156 4244 3813 4413
770 4 2 1 1 3843 730 4543 4994
771 4 2 1 1 3023 2886 3024 4522
772 4 2 1 1 3884 3964 3852 4760
773 4 2 1 1 756 790 783 4523
774 4 2 1 1 2960 2941 2965 4407
775 4 2 1 1 756 4356 790 4523
776 4 2 1 1 4156 4244 3812 4508
777 4 2 1 1 3653 445 446 4708
778 4 2 1 1 498 3748 3752 4251
779 4 2 1 1 1150 1152 1693 4942
780 4 2 1 1 615 3919 716 4044
781 4 2 1 1 4335 4711 3860 4761
782 4 2 1 1 179 3101 3930 4634
783 4 2 1 1 2798 160 238 2804
784 4 2 1 1 4007 3893 4287 4842
785 4 2 1 1 4092 4453 3820 5002
786 4 2 1 1 4102 4553 3070 4634
787 4 2 1 1 3934 691 4120 4423
788 4 2 1 1 3886 4018 4017 4273
789 4 2 1 1 2622 4335 4636 4637
790 4 2 1 1 901 1282 856 4558
791 4 2 1 1 3302 3303 3231 4524
792 4 2 1 1 4058 4138 733 4813
793 4 2 1 1 2923 2921 3036 4604
794 4 2 1 1 2515 2514 2417 5077
795 4 2 1 1 4356 4399 3809 4609
796 4 2 1 1 3804 3979 4100 4190
797 4 2 1 1 3881 3925 4089 5020
798 4 2 1 1 2463 2424 2462 4406
799 4 2 1 1 3999 4328 4288 5036
800 4 2 1 1 599 4052 4205 4741
801 4 2 1 1 3849 3922 4040 4157
802 4 2 1 1 3858 4443 4146 4548
803 4 2 1 1 620 615 716 4044
804 4 2 1 1 3272 3237 3235 4469
805 4 2 1 1 3924 4094 604 4097
806 4 2 1 1 4287 4758 3823 5064
807 4 2 1 1 3086 4215 3971 4324
808 4 2 1 1 3328 3332 3152 4366
809 4 2 1 1 3854 4341 3876 4713
810 4 2 1 1 4006 4071 4058 4562
811 4 2 1 1 1855 1851 1760 4674
812 4 2 1 1 3818 4022 3903 4277
813 4 2 1 1 2141 2142 2647 4998
814 4 2 1 1 306 4051 305 4176
815 4 2 1 1 2745 1890 2409 4703
816 4 2 1 1 4068 4138 3868 4816
817 4 2 1 1 1735 1839 1838 4566
818 4 2 1 1 3833 3834 3921 4719
819 4 2 1 1 1008 4049 1421 4214
820 4 2 1 1 4220 3804 4288 4549
821 4 2 1 1 1553 1543 1552 4338
822 4 2 1 1 620 716 740 4044
823 4 2 1 1 1770 4165 3993 4447
824 4 2 1 1 602 3981 4319 4723
825 4 2 1 1 3233 3235 3234 4469
826 4 2 1 1 3805 4270 4101 4839
827 4 2 1 1 2619 1900 1895 4092
828 4 2 1 1 319 320 3480 4361
829 4 2 1 1 3864 4283 4126 4439
830 4 2 1 1 4100 4190 3979 4727
831 4 2 1 1 136 950 2787 134
832 4 2 1 1 4052 4640 4205 4741
833 4 2 1 1 1444 1242 1345 5026
834 4 2 1 1 1215 1213 1669 4426
835 4 2 1 1 3979 4231 4100 4542
836 4 2 1 1 894 1006 1274 4834
837 4 2 1 1 2122 4434 3989 4786
838 4 2 1 1 1090 1095 1507 4493
839 4 2 1 1 2907 3037 2948 4907
840 4 2 1 1 2992 2989 2991 4769
841 4 2 1 1 2933 3036 2921 4769
842 4 2 1 1 2159 4568 4221 4603
843 4 2 1 1 3003 3000 3019 4673
844 4 2 1 1 920 888 921 4452
845 4 2 1 1 1216 1213 1267 4426
846 4 2 1 1 1858 2152 2184 4084
847 4 2 1 1 3903 4605 4250 4935
848 4 2 1 1 3146 3180 3144 4143
849 4 2 1 1 1853 4567 4776 4777
850 4 2 1 1 159 2798 3326 4569
851 4 2 1 1 2279 4082 3911 4698
852 4 2 1 1 2806 2814 2825 4600
853 4 2 1 1 3970 4226 3930 4481
854 4 2 1 1 24 409 4321 4630
855 4 2 1 1 2479 105 1854 4567
856 4 2 1 1 729 4537 4562 4813
857 4 2 1 1 713 815 807 4523
858 4 2 1 1 2242 2243 2246 4245
859 4 2 1 1 1975 1973 2058 4829
860 4 2 1 1 3831 3992 4003 4229
861 4 2 1 1 4271 4356 776 4523
862 4 2 1 1 3330 3938 4289 4494
863 4 2 1 1 3909 3864 4135 4940
864 4 2 1 1 4092 4189 1895 4292
865 4 2 1 1 2822 2838 4485 4600
866 4 2 1 1 4046 4097 658 4847
867 4 2 1 1 2533 2137 4315 4521
868 4 2 1 1 233 232 3303 4524
869 4 2 1 1 440 439 3657 4354
870 4 2 1 1 83 1732 84 4142
871 4 2 1 1 3812 4244 4156 4370
872 4 2 1 1 301 3462 302 4276
873 4 2 1 1 2757 2754 2756 4340
874 4 2 1 1 4356 4921 801 5037
875 4 2 1 1 2156 2475 2157 4688
876 4 2 1 1 3908 4187 3865 4378
877 4 2 1 1 769 4234 4328 4855
878 4 2 1 1 3194 3193 3330 4289
879 4 2 1 1 3903 4129 4605 4935
880 4 2 1 1 3768 4199 3781 4886
881 4 2 1 1 1221 398 1220 1215
882 4 2 1 1 3341 234 3347 4705
883 4 2 1 1 3533 3539 3537 4593
884 4 2 1 1 1518 1427 1053 5026
885 4 2 1 1 640 637 4234 4430
886 4 2 1 1 3709 477 476 4400
887 4 2 1 1 3567 378 3568 4181
888 4 2 1 1 3022 3020 3057 4673
889 4 2 1 1 3973 4346 1843 4563
890 4 2 1 1 2069 2068 1887 4599
891 4 2 1 1 2938 2924 3060 4417
892 4 2 1 1 2950 3971 4283 5024
893 4 2 1 1 2019 2018 2020 4672
894 4 2 1 1 3000 2993 2999 4673
895 4 2 1 1 1008 1006 4228 4834
896 4 2 1 1 457 3682 456 4444
897 4 2 1 1 3809 4238 3845 4357
898 4 2 1 1 2363 4576 1846 4663
899 4 2 1 1 3013 3012 3007 4926
900 4 2 1 1 777 4270 4101 4392
901 4 2 1 1 3950 4267 3951 4541
902 4 2 1 1 93 2837 92 3863
903 4 2 1 1 3946 4227 4427 4899
904 4 2 1 1 3510 3512 3506 4849
905 4 2 1 1 286 285 3451 4339
906 4 2 1 1 2938 3114 2922 4419
907 4 2 1 1 2083 2085 2086 4421
908 4 2 1 1 4140 4346 3973 4930
909 4 2 1 1 889 4025 890 4923
910 4 2 1 1 3881 3925 4080 4089
911 4 2 1 1 3862 4713 4612 4868
912 4 2 1 1 4042 4566 4520 4864
913 4 2 1 1 3378 4380 4330 4633
914 4 2 1 1 3855 3874 4100 4850
915 4 2 1 1 1766 1848 1956 4226
916 4 2 1 1 3884 4631 3964 4760
917 4 2 1 1 2499 2536 4067 4754
918 4 2 1 1 2075 1796 2074 4083
919 4 2 1 1 1905 4178 2605 4645
920 4 2 1 1 3561 3949 4393 5066
921 4 2 1 1 510 3740 3741 4682
922 4 2 1 1 3974 4120 693 4738
923 4 2 1 1 1000 999 1285 4322
924 4 2 1 1 3825 4293 3971 4513
925 4 2 1 1 888 4068 921 4452
926 4 2 1 1 3821 3862 4238 4409
927 4 2 1 1 3164 3163 3157 4862
928 4 2 1 1 4129 4167 4508 4603
929 4 2 1 1 3855 4381 3956 4774
930 4 2 1 1 3918 4021 3866 4312
931 4 2 1 1 3878 4352 4718 5047
932 4 2 1 1 1111 1380 1712 4670
933 4 2 1 1 4503 4566 4520 5079
934 4 2 1 1 3817 3952 4201 4808
935 4 2 1 1 952 4055 1329 4360
936 4 2 1 1 4156 4413 3813 4508
937 4 2 1 1 3653 3641 3643 4353
938 4 2 1 1 3848 3886 3832 4017
939 4 2 1 1 1490 1425 1452 4870
940 4 2 1 1 1274 1446 894 4834
941 4 2 1 1 3851 3969 3883 4138
942 4 2 1 1 3854 4830 4774 4831
943 4 2 1 1 3489 3490 3496 4715
944 4 2 1 1 4110 4938 3981 4989
945 4 2 1 1 3624 3622 3620 4752
946 4 2 1 1 182 3069 3875 4971
947 4 2 1 1 3840 4054 3951 4702
948 4 2 1 1 3810 4292 5041 5042
949 4 2 1 1 2630 4510 2688 4591
950 4 2 1 1 145 2805 2848 4111
951 4 2 1 1 2701 1803 2491 4684
952 4 2 1 1 1843 4346 1910 4563
953 4 2 1 1 1426 4586 962 4872
954 4 2 1 1 2188 2151 2618 4748
955 4 2 1 1 3979 4231 4208 4328
956 4 2 1 1 3918 4277 3866 5068
957 4 2 1 1 2798 160 159 3326
958 4 2 1 1 3045 2900 2898 4639
959 4 2 1 1 1766 4447 1764 5040
960 4 2 1 1 3131 3288 211 4174
961 4 2 1 1 4264 4404 3838 5086
962 4 2 1 1 3855 4774 4003 4990
963 4 2 1 1 4164 2404 4615 4686
964 4 2 1 1 4560 4785 4346 4930
965 4 2 1 1 3825 3822 4499 4702
966 4 2 1 1 3063 3047 2998 4604
967 4 2 1 1 3011 3062 3061 4553
968 4 2 1 1 3840 4695 4226 4797
969 4 2 1 1 3905 3980 3845 4394
970 4 2 1 1 3817 3879 3814 3940
971 4 2 1 1 135 133 2786 1366
972 4 2 1 1 4234 4430 3806 4431
973 4 2 1 1 2967 2960 4439 4455
974 4 2 1 1 412 428 413 4646
975 4 2 1 1 755 4395 4431 4855
976 4 2 1 1 1258 1033 1498 4440
977 4 2 1 1 1082 1181 1083 4808
978 4 2 1 1 3882 3834 3992 4605
979 4 2 1 1 2890 2891 2892 5029
980 4 2 1 1 3822 4302 4429 4499
981 4 2 1 1 4101 4270 3805 4392
982 4 2 1 1 1204 1419 1418 4474
983 4 2 1 1 3994 4716 4219 4839
984 4 2 1 1 413 3587 4241 4446
985 4 2 1 1 3504 320 319 4361
986 4 2 1 1 1276 4166 1183 4286
987 4 2 1 1 2904 2906 2905 4457
988 4 2 1 1 3585 3587 4446 4669
989 4 2 1 1 2882 3993 3797 4165
990 4 2 1 1 472 3708 473 4400
991 4 2 1 1 3985 4259 4318 4691
992 4 2 1 1 312 3473 3474 4206
993 4 2 1 1 468 4258 469 4840
994 4 2 1 1 3809 4610 4413 4753
995 4 2 1 1 2279 3911 1891 4698
996 4 2 1 1 3889 3890 3869 4141
997 4 2 1 1 2091 2154 2131 4083
998 4 2 1 1 817 4449 3900 4732
999 4 2 1 1 4722 4962 4240 4964
1000 4 2 1 1 2936 3057 3037 4639
1001 4 2 1 1 3909 4135 4389 4940
1002 4 2 1 1 1392 1013 1661 5069
1003 4 2 1 1 3932 4736 4239 4737
1004 4 2 1 1 2508 2040 2038 4015
1005 4 2 1 1 3811 3937 3828 4303
1006 4 2 1 1 2938 3056 3114 4419
1007 4 2 1 1 3918 3866 4277 4312
1008 4 2 1 1 707 4093 3969 4726
1009 4 2 1 1 4093 4437 3974 4725
1010 4 2 1 1 1497 1466 1469 4765
1011 4 2 1 1 3568 377 376 4575
1012 4 2 1 1 1858 4084 4300 4384
1013 4 2 1 1 429 413 428 4646
1014 4 2 1 1 3850 4078 4442 4628
1015 4 2 1 1 4205 4315 2533 4515
1016 4 2 1 1 4357 4710 4238 4738
1017 4 2 1 1 3002 3003 3004 4656
1018 4 2 1 1 4239 4736 3829 4737
1019 4 2 1 1 4073 4430 3847 4960
1020 4 2 1 1 3328 4007 3332 4366
1021 4 2 1 1 3924 4183 4094 4369
1022 4 2 1 1 3486 3480 3488 4361
1023 4 2 1 1 1972 1970 1973 4915
1024 4 2 1 1 531 4111 532 4152
1025 4 2 1 1 3687 3688 476 4400
1026 4 2 1 1 3934 4503 4016 4534
1027 4 2 1 1 3896 4626 4317 4760
1028 4 2 1 1 3994 4219 4716 5083
1029 4 2 1 1 3157 3156 3282 4841
1030 4 2 1 1 1220 1250 1252 4558
1031 4 2 1 1 3952 4128 3817 4201
1032 4 2 1 1 3658 3662 456 4444
1033 4 2 1 1 3821 4238 3862 4710
1034 4 2 1 1 2374 2263 4127 4576
1035 4 2 1 1 4101 4231 3819 5083
1036 4 2 1 1 3938 3958 2130 4767
1037 4 2 1 1 458 3670 459 4122
1038 4 2 1 1 3811 4697 3814 4763
1039 4 2 1 1 2981 4250 3117 4880
1040 4 2 1 1 3854 4341 4190 4516
1041 4 2 1 1 4267 4169 4541 4809
1042 4 2 1 1 1035 1036 1186 4587
1043 4 2 1 1 1895 4189 2678 4660
1044 4 2 1 1 3963 3884 4148 4321
1045 4 2 1 1 3820 3887 4177 4343
1046 4 2 1 1 1623 1188 1713 4475
1047 4 2 1 1 3934 4120 4016 4423
1048 4 2 1 1 2897 2896 2898 4602
1049 4 2 1 1 3810 4323 4264 4404
1050 4 2 1 1 2919 2921 2920 4724
1051 4 2 1 1 4156 4610 3905 4985
1052 4 2 1 1 3844 3912 4360 4543
1053 4 2 1 1 2187 4216 2401 4386
1054 4 2 1 1 2874 2872 2854 4595
1055 4 2 1 1 3167 3166 3168 4862
1056 4 2 1 1 952 886 4055 4360
1057 4 2 1 1 2199 1906 4453 5002
1058 4 2 1 1 4131 4287 3893 4842
1059 4 2 1 1 2151 1810 1947 4679
1060 4 2 1 1 3519 339 338 4849
1061 4 2 1 1 4293 3932 4897 4958
1062 4 2 1 1 3479 3477 302 4276
1063 4 2 1 1 1803 2665 2491 4684
1064 4 2 1 1 462 4104 461 4495
1065 4 2 1 1 798 4295 4057 4732
1066 4 2 1 1 3904 4316 4268 4437
1067 4 2 1 1 2252 2250 2254 4734
1068 4 2 1 1 3736 493 492 3709
1069 4 2 1 1 667 3964 4631 5023
1070 4 2 1 1 3810 3838 4404 5086
1071 4 2 1 1 817 3901 4449 4732
1072 4 2 1 1 3884 4321 3963 4631
1073 4 2 1 1 3819 4183 4512 4542
1074 4 2 1 1 4188 2055 4335 4827
1075 4 2 1 1 4323 3975 4689 5041
1076 4 2 1 1 468 467 4074 4471
1077 4 2 1 1 3667 3678 3679 4572
1078 4 2 1 1 4467 4630 4140 4906
1079 4 2 1 1 3847 4691 3985 4865
1080 4 2 1 1 3661 457 3662 4122
1081 4 2 1 1 3846 4462 4512 4560
1082 4 2 1 1 3974 693 4357 4738
1083 4 2 1 1 3804 4218 4835 4850
1084 4 2 1 1 214 3305 3345 4019
1085 4 2 1 1 2812 2833 2798 4569
1086 4 2 1 1 3870 4512 4183 4542
1087 4 2 1 1 2950 3971 3086 4283
1088 4 2 1 1 3829 4427 4239 4737
1089 4 2 1 1 236 4168 3417 4613
1090 4 2 1 1 2060 4637 4015 4793
1091 4 2 1 1 459 4122 3675 4762
1092 4 2 1 1 3882 3920 4108 4145
1093 4 2 1 1 4520 4711 4042 4864
1094 4 2 1 1 624 623 4205 4820
1095 4 2 1 1 3964 4760 4631 5023
1096 4 2 1 1 4158 4353 3883 4708
1097 4 2 1 1 842 844 894 4236
1098 4 2 1 1 3903 4623 4250 4706
1099 4 2 1 1 3981 4110 668 4938
1100 4 2 1 1 668 4110 4107 4938
1101 4 2 1 1 3804 4328 4231 5036
1102 4 2 1 1 2810 2820 2803 4309
1103 4 2 1 1 608 4120 4093 4437
1104 4 2 1 1 3110 4187 3081 4982
1105 4 2 1 1 1730 1739 92 4688
1106 4 2 1 1 4100 4231 3819 4542
1107 4 2 1 1 3568 241 3567 4181
1108 4 2 1 1 1258 1268 994 4303
1109 4 2 1 1 884 829 883 4836
1110 4 2 1 1 760 4208 4231 4328
1111 4 2 1 1 603 4046 4094 4560
1112 4 2 1 1 4187 4528 4378 4982
1113 4 2 1 1 2187 3878 4216 4386
1114 4 2 1 1 3898 4833 4607 5036
1115 4 2 1 1 751 4271 776 4523
1116 4 2 1 1 3868 725 4722 4816
1117 4 2 1 1 2904 2902 3037 4639
1118 4 2 1 1 2849 2822 4378 4600
1119 4 2 1 1 2527 2324 2337 4714
1120 4 2 1 1 50 4158 2768 5046
1121 4 2 1 1 3232 3234 3265 4784
1122 4 2 1 1 3033 2925 2923 4604
1123 4 2 1 1 3245 3244 3237 4469
1124 4 2 1 1 28 4140 425 4630
1125 4 2 1 1 3851 3883 3969 4290
1126 4 2 1 1 3967 4024 4443 4644
1127 4 2 1 1 2264 3971 2274 5053
1128 4 2 1 1 4092 4189 3902 4645
1129 4 2 1 1 433 4151 4725 5025
1130 4 2 1 1 4100 4280 3870 4512
1131 4 2 1 1 3811 3880 3814 4828
1132 4 2 1 1 1075 1074 1073 4139
1133 4 2 1 1 2159 2118 4568 4603
1134 4 2 1 1 1072 1074 1506 4670
1135 4 2 1 1 3271 3245 3272 4382
1136 4 2 1 1 1964 1738 1860 5034
1137 4 2 1 1 3163 3165 3177 4468
1138 4 2 1 1 2641 2416 2640 4458
1139 4 2 1 1 3971 4135 2274 5053
1140 4 2 1 1 1539 1540 1541 4338
1141 4 2 1 1 2802 2849 4378 4982
1142 4 2 1 1 3818 4302 3822 4499
1143 4 2 1 1 3012 3005 3007 4656
1144 4 2 1 1 3804 3979 4231 5083
1145 4 2 1 1 2058 2211 1921 4494
1146 4 2 1 1 447 448 4011 4012
1147 4 2 1 1 3161 3328 3150 4987
1148 4 2 1 1 3331 3213 3147 4297
1149 4 2 1 1 3526 331 3525 4212
1150 4 2 1 1 3354 205 204 4168
1151 4 2 1 1 3806 4423 4865 4868
1152 4 2 1 1 2730 2013 2162 4998
1153 4 2 1 1 1345 4617 4024 5026
1154 4 2 1 1 3956 3855 4003 4072
1155 4 2 1 1 3809 4461 4238 4710
1156 4 2 1 1 3416 3415 3412 4538
1157 4 2 1 1 1545 1582 1550 5045
1158 4 2 1 1 2224 2223 2227 4694
1159 4 2 1 1 466 3705 480 4879
1160 4 2 1 1 4319 4360 3912 4543
1161 4 2 1 1 3877 4424 3941 4787
1162 4 2 1 1 3307 3242 3291 4778
1163 4 2 1 1 2462 2424 2580 4406
1164 4 2 1 1 4271 4523 751 4739
1165 4 2 1 1 2159 4221 3989 4508
1166 4 2 1 1 2127 2154 2091 5048
1167 4 2 1 1 1770 1769 4165 4447
1168 4 2 1 1 1256 1234 1235 4903
1169 4 2 1 1 3819 4512 4347 4716
1170 4 2 1 1 4622 4747 4730 4937
1171 4 2 1 1 601 3967 1589 4644
1172 4 2 1 1 2949 3971 4215 4283
1173 4 2 1 1 3891 3917 3890 4578
1174 4 2 1 1 3896 4482 4317 4626
1175 4 2 1 1 4465 4555 3887 5028
1176 4 2 1 1 1764 1767 1763 4447
1177 4 2 1 1 3989 4304 3829 4703
1178 4 2 1 1 1182 1384 1273 4742
1179 4 2 1 1 3749 511 512 4251
1180 4 2 1 1 4003 4229 3855 4990
1181 4 2 1 1 1435 1412 1591 4303
1182 4 2 1 1 2761 4142 84 4242
1183 4 2 1 1 4317 4321 601 4923
1184 4 2 1 1 714 4075 4357 4749
1185 4 2 1 1 3960 4347 4094 4512
1186 4 2 1 1 4370 4449 3805 4839
1187 4 2 1 1 4047 3905 4434 4592
1188 4 2 1 1 3116 3115 4325 4377
1189 4 2 1 1 3820 4177 4002 4343
1190 4 2 1 1 4220 4549 4271 4710
1191 4 2 1 1 3901 612 4470 4747
1192 4 2 1 1 4234 769 4431 4855
1193 4 2 1 1 3146 3281 3180 4783
1194 4 2 1 1 3217 3226 4401 4893
1195 4 2 1 1 3957 3956 4381 4774
1196 4 2 1 1 3975 4515 4375 4843
1197 4 2 1 1 3854 4190 4220 4835
1198 4 2 1 1 3808 4369 4542 4689
1199 4 2 1 1 3244 3263 3243 4811
1200 4 2 1 1 1160 1679 1688 4892
1201 4 2 1 1 3912 3844 4110 4543
1202 4 2 1 1 3805 3839 4370 4930
1203 4 2 1 1 1342 1310 1308 4037
1204 4 2 1 1 3069 4022 3068 4312
1205 4 2 1 1 1662 1330 1117 4808
1206 4 2 1 1 1362 1292 1361 4629
1207 4 2 1 1 3856 4095 3947 4096
1208 4 2 1 1 4183 3819 4369 4542
1209 4 2 1 1 601 3967 3965 4317
1210 4 2 1 1 3844 4938 4110 4989
1211 4 2 1 1 485 4258 484 4801
1212 4 2 1 1 4076 4212 4117 4391
1213 4 2 1 1 3838 4404 3890 4509
1214 4 2 1 1 3878 4352 4019 4402
1215 4 2 1 1 2601 2599 2569 4802
1216 4 2 1 1 2901 2902 2903 4639
1217 4 2 1 1 658 3915 657 4094
1218 4 2 1 1 4015 4106 2038 4672
1219 4 2 1 1 891 1359 1282 4558
1220 4 2 1 1 3039 3055 2937 4601
1221 4 2 1 1 3825 4429 4293 4513
1222 4 2 1 1 713 807 699 4523
1223 4 2 1 1 3804 4219 4218 4850
1224 4 2 1 1 3868 4722 725 4812
1225 4 2 1 1 3771 3769 517 4544
1226 4 2 1 1 640 4430 4234 4431
1227 4 2 1 1 774 801 4356 4921
1228 4 2 1 1 3177 3280 3291 4468
1229 4 2 1 1 4042 4864 4699 4936
1230 4 2 1 1 3865 4378 2841 4485
1231 4 2 1 1 3233 3236 3235 4632
1232 4 2 1 1 3561 4393 373 5066
1233 4 2 1 1 919 888 4452 5046
1234 4 2 1 1 3488 3489 3486 4715
1235 4 2 1 1 3946 3932 4737 4897
1236 4 2 1 1 953 4055 955 4867
1237 4 2 1 1 2262 2261 2263 4576
1238 4 2 1 1 3436 285 286 4339
1239 4 2 1 1 4270 784 4921 5037
1240 4 2 1 1 4413 4434 3813 4508
1241 4 2 1 1 1207 3952 1662 5044
1242 4 2 1 1 3863 3908 4029 4389
1243 4 2 1 1 619 4874 4208 4957
1244 4 2 1 1 3830 4463 4427 4900
1245 4 2 1 1 3302 3231 3205 4336
1246 4 2 1 1 4317 4482 3937 4570
1247 4 2 1 1 2205 1771 2692 4165
1248 4 2 1 1 3024 4553 4223 4733
1249 4 2 1 1 2238 2237 2235 4606
1250 4 2 1 1 3323 4555 4062 5028
1251 4 2 1 1 3257 3343 3367 4564
1252 4 2 1 1 3812 4156 4508 4563
1253 4 2 1 1 3146 3144 3145 4486
1254 4 2 1 1 2090 2658 2187 3878
1255 4 2 1 1 1678 1679 1160 4892
1256 4 2 1 1 4208 4294 3808 4490
1257 4 2 1 1 1404 945 939 3940
1258 4 2 1 1 3915 4140 4046 4630
1259 4 2 1 1 138 136 893 2789
1260 4 2 1 1 4016 4423 4409 4868
1261 4 2 1 1 1823 1825 1824 4393
1262 4 2 1 1 2598 4245 2260 4698
1263 4 2 1 1 2573 2571 3571 4802
1264 4 2 1 1 327 326 4113 4530
1265 4 2 1 1 2743 2628 1953 4414
1266 4 2 1 1 3356 3367 3130 4162
1267 4 2 1 1 2802 2849 2822 4378
1268 4 2 1 1 172 171 3370 4791
1269 4 2 1 1 2741 1824 1942 4414
1270 4 2 1 1 3884 4060 3964 4241
1271 4 2 1 1 3047 2992 2998 4769
1272 4 2 1 1 863 861 866 4707
1273 4 2 1 1 2919 2988 2933 4724
1274 4 2 1 1 2533 4515 4315 4659
1275 4 2 1 1 3811 3814 4697 4828
1276 4 2 1 1 637 4640 3898 4820
1277 4 2 1 1 2966 2967 2960 4439
1278 4 2 1 1 179 3101 3061 3930
1279 4 2 1 1 2261 4499 2263 4576
1280 4 2 1 1 4221 4508 2159 4603
1281 4 2 1 1 3809 4399 4356 4523
1282 4 2 1 1 766 4288 4395 4855
1283 4 2 1 1 1512 1113 1486 4765
1284 4 2 1 1 3860 4117 4079 4372
1285 4 2 1 1 4110 4319 3912 4543
1286 4 2 1 1 4520 4566 4503 4864
1287 4 2 1 1 3003 4656 4464 4721
1288 4 2 1 1 3840 4702 4127 4797
1289 4 2 1 1 2897 2941 2895 4333
1290 4 2 1 1 3877 4637 4287 4794
1291 4 2 1 1 2253 3971 2264 4744
1292 4 2 1 1 3587 4194 4241 4446
1293 4 2 1 1 3618 3609 3617 4665
1294 4 2 1 1 3967 4641 4543 4644
1295 4 2 1 1 2627 2629 3560 4497
1296 4 2 1 1 482 4103 496 4502
1297 4 2 1 1 427 411 426 4906
1298 4 2 1 1 410 426 411 4906
1299 4 2 1 1 736 3851 4138 5075
1300 4 2 1 1 3851 725 4138 4816
1301 4 2 1 1 3163 3162 3157 4171
1302 4 2 1 1 633 4234 772 4431
1303 4 2 1 1 708 682 719 4138
1304 4 2 1 1 3640 447 448 4290
1305 4 2 1 1 2921 2922 2920 4419
1306 4 2 1 1 3026 4553 3024 4733
1307 4 2 1 1 3854 4220 4218 4835
1308 4 2 1 1 4103 4502 3934 4910
1309 4 2 1 1 4295 4618 4060 4647
1310 4 2 1 1 2072 1857 1963 4155
1311 4 2 1 1 2624 4520 4503 4534
1312 4 2 1 1 3822 3918 4277 4326
1313 4 2 1 1 2400 4216 2187 4421
1314 4 2 1 1 1323 1265 915 5071
1315 4 2 1 1 685 4006 4009 4259
1316 4 2 1 1 1354 1351 1350 4629
1317 4 2 1 1 770 702 751 4523
1318 4 2 1 1 2817 2835 2841 4378
1319 4 2 1 1 3866 4250 4022 4272
1320 4 2 1 1 1451 1563 1454 4869
1321 4 2 1 1 125 2770 2771 4158
1322 4 2 1 1 3122 3057 4673 4907
1323 4 2 1 1 2394 2395 3571 4932
1324 4 2 1 1 1919 2710 4374 4754
1325 4 2 1 1 656 3915 4299 4347
1326 4 2 1 1 1418 1429 1204 4474
1327 4 2 1 1 1111 4069 1712 4505
1328 4 2 1 1 759 4231 4208 4294
1329 4 2 1 1 1839 4520 4042 4566
1330 4 2 1 1 968 4488 966 4678
1331 4 2 1 1 484 4074 483 4425
1332 4 2 1 1 4710 4738 4523 4739
1333 4 2 1 1 1183 1000 3987 4166
1334 4 2 1 1 2871 144 142 4993
1335 4 2 1 1 4009 4471 4259 4608
1336 4 2 1 1 692 3934 691 4120
1337 4 2 1 1 1271 1343 1616 4362
1338 4 2 1 1 2838 2822 2807 4600
1339 4 2 1 1 3093 2889 2964 4709
1340 4 2 1 1 3967 4024 4367 4443
1341 4 2 1 1 3397 3399 3400 4402
1342 4 2 1 1 4238 4357 3809 4710
1343 4 2 1 1 410 4630 426 4906
1344 4 2 1 1 3825 4838 4429 5068
1345 4 2 1 1 1740 4478 2136 4688
1346 4 2 1 1 1823 1821 1833 4748
1347 4 2 1 1 3275 3335 230 3931
1348 4 2 1 1 2184 4084 2152 4155
1349 4 2 1 1 1794 1793 1795 4164
1350 4 2 1 1 1785 1796 2131 4300
1351 4 2 1 1 291 3444 3450 4755
1352 4 2 1 1 140 1004 1005 4818
1353 4 2 1 1 2996 4223 4325 5003
1354 4 2 1 1 1400 1313 1312 4473
1355 4 2 1 1 2206 373 2207 2497
1356 4 2 1 1 3896 4964 4626 5022
1357 4 2 1 1 1648 1485 1649 4224
1358 4 2 1 1 2429 4300 3913 4384
1359 4 2 1 1 3652 3640 3641 4354
1360 4 2 1 1 483 4425 4259 4583
1361 4 2 1 1 3888 3849 4228 4236
1362 4 2 1 1 3979 4328 4208 5036
1363 4 2 1 1 2854 2867 2874 4596
1364 4 2 1 1 4022 4250 4623 4880
1365 4 2 1 1 983 1707 1261 4232
1366 4 2 1 1 3855 4264 3956 4727
1367 4 2 1 1 1682 1438 1683 4476
1368 4 2 1 1 952 4055 953 4867
1369 4 2 1 1 4134 4293 2954 4788
1370 4 2 1 1 3195 3194 3273 3938
1371 4 2 1 1 3709 476 3710 4400
1372 4 2 1 1 1424 1493 1461 4765
1373 4 2 1 1 1762 1764 1763 5040
1374 4 2 1 1 3821 4238 4710 4738
1375 4 2 1 1 3068 3073 3051 4880
1376 4 2 1 1 4183 4689 3975 5041
1377 4 2 1 1 3682 32 119 3656
1378 4 2 1 1 1364 1343 1271 4362
1379 4 2 1 1 2043 2040 4015 4636
1380 4 2 1 1 2257 2256 2598 4803
1381 4 2 1 1 3894 3987 3807 4536
1382 4 2 1 1 3911 3829 4284 4735
1383 4 2 1 1 3904 3845 3980 4394
1384 4 2 1 1 3979 4231 4328 5036
1385 4 2 1 1 2427 4142 4140 4346
1386 4 2 1 1 3820 4188 3823 4287
1387 4 2 1 1 2904 4126 2903 4639
1388 4 2 1 1 3087 2901 2903 4126
1389 4 2 1 1 916 872 1387 4278
1390 4 2 1 1 2622 4335 4424 4636
1391 4 2 1 1 2145 4306 1954 4453
1392 4 2 1 1 3936 3851 4147 4816
1393 4 2 1 1 3854 4381 4190 4835
1394 4 2 1 1 3273 227 226 3958
1395 4 2 1 1 3810 4264 4889 5086
1396 4 2 1 1 1753 2158 2652 4030
1397 4 2 1 1 2602 3958 2130 4793
1398 4 2 1 1 4503 4534 4520 4864
1399 4 2 1 1 3905 4434 4156 4985
1400 4 2 1 1 2997 4325 4223 4326
1401 4 2 1 1 3819 4094 4183 4941
1402 4 2 1 1 1326 1212 1325 4558
1403 4 2 1 1 3508 3515 3516 4849
1404 4 2 1 1 3055 3039 3092 4602
1405 4 2 1 1 4116 4513 2252 4744
1406 4 2 1 1 124 123 2760 4242
1407 4 2 1 1 4376 4454 1062 4980
1408 4 2 1 1 2158 229 3275 3352
1409 4 2 1 1 763 4101 4231 4550
1410 4 2 1 1 3018 3003 3019 4721
1411 4 2 1 1 4622 4729 4050 4937
1412 4 2 1 1 434 450 449 4151
1413 4 2 1 1 434 449 433 4151
1414 4 2 1 1 766 4395 755 4855
1415 4 2 1 1 3402 3405 3404 4387
1416 4 2 1 1 3511 3507 3513 4500
1417 4 2 1 1 3573 4402 4352 4848
1418 4 2 1 1 3113 2998 3115 4325
1419 4 2 1 1 1821 1822 1820 4750
1420 4 2 1 1 4271 4288 4220 4710
1421 4 2 1 1 3767 3771 3772 4638
1422 4 2 1 1 3821 4220 4288 4710
1423 4 2 1 1 3816 3988 3880 4828
1424 4 2 1 1 3929 4370 4244 4979
1425 4 2 1 1 3932 4239 4427 4737
1426 4 2 1 1 4482 4626 3896 4964
1427 4 2 1 1 3810 4264 4323 4889
1428 4 2 1 1 1905 2728 2605 4178
1429 4 2 1 1 3883 4147 3851 4816
1430 4 2 1 1 2159 3989 2122 4508
1431 4 2 1 1 2520 2637 2722 5077
1432 4 2 1 1 4044 4556 4363 4867
1433 4 2 1 1 1821 2618 1833 4748
1434 4 2 1 1 3299 3160 3336 4579
1435 4 2 1 1 4277 4374 3875 4720
1436 4 2 1 1 3813 4434 3989 4508
1437 4 2 1 1 2086 2089 2083 5047
1438 4 2 1 1 4020 3868 4376 4812
1439 4 2 1 1 1871 2343 2205 4383
1440 4 2 1 1 3811 4367 4146 4482
1441 4 2 1 1 3267 3268 3130 4382
1442 4 2 1 1 3887 4177 4343 4465
1443 4 2 1 1 715 4523 4357 4738
1444 4 2 1 1 2904 3037 4457 4639
1445 4 2 1 1 987 137 139 2790
1446 4 2 1 1 442 441 3656 4353
1447 4 2 1 1 2798 238 4569 4676
1448 4 2 1 1 1911 1917 4167 4374
1449 4 2 1 1 2762 2761 2763 4242
1450 4 2 1 1 4006 3867 4071 4562
1451 4 2 1 1 3814 3940 3879 4133
1452 4 2 1 1 126 2772 2770 4158
1453 4 2 1 1 3969 4138 3851 5075
1454 4 2 1 1 501 500 4065 4107
1455 4 2 1 1 152 2877 151 4982
1456 4 2 1 1 924 921 4980 5055
1457 4 2 1 1 1390 940 947 4247
1458 4 2 1 1 3347 234 3200 4705
1459 4 2 1 1 4094 4347 3819 4512
1460 4 2 1 1 4170 4648 2203 4695
1461 4 2 1 1 877 1265 1323 5069
1462 4 2 1 1 2762 2763 27 4242
1463 4 2 1 1 286 3451 3453 4339
1464 4 2 1 1 784 801 4921 5037
1465 4 2 1 1 1396 1352 1395 4629
1466 4 2 1 1 4169 4656 3007 4809
1467 4 2 1 1 681 751 4523 4739
1468 4 2 1 1 3368 174 173 4529
1469 4 2 1 1 479 4517 605 4910
1470 4 2 1 1 3987 4166 1000 4322
1471 4 2 1 1 3874 4100 3870 4727
1472 4 2 1 1 3813 4463 3830 4900
1473 4 2 1 1 3003 4673 3019 4721
1474 4 2 1 1 2038 2508 4015 4571
1475 4 2 1 1 3287 3284 3344 4192
1476 4 2 1 1 2491 2665 1811 4684
1477 4 2 1 1 3040 3015 3039 4267
1478 4 2 1 1 1263 836 984 4157
1479 4 2 1 1 4832 4845 4368 4965
1480 4 2 1 1 3983 3889 4062 4206
1481 4 2 1 1 2499 2147 1961 4615
1482 4 2 1 1 2993 4385 2990 4673
1483 4 2 1 1 3006 3015 3041 4656
1484 4 2 1 1 3191 4007 4794 4842
1485 4 2 1 1 4100 4850 3994 5083
1486 4 2 1 1 1791 1831 1793 4686
1487 4 2 1 1 3823 4287 4188 4758
1488 4 2 1 1 3843 4363 4556 4867
1489 4 2 1 1 3868 4138 4068 4376
1490 4 2 1 1 1822 1866 2358 4750
1491 4 2 1 1 1386 1387 872 4278
1492 4 2 1 1 2631 4771 2355 5078
1493 4 2 1 1 2264 2253 2274 3971
1494 4 2 1 1 3829 4227 4427 4737
1495 4 2 1 1 1395 1106 1410 4629
1496 4 2 1 1 2688 4591 4510 4854
1497 4 2 1 1 2085 2083 2727 4184
1498 4 2 1 1 3081 4187 3110 4791
1499 4 2 1 1 3939 3992 3874 4961
1500 4 2 1 1 3816 3922 3988 4214
1501 4 2 1 1 3545 363 362 4163
1502 4 2 1 1 2602 4494 3958 4829
1503 4 2 1 1 4545 4697 4020 4812
1504 4 2 1 1 3943 4227 3881 4463
1505 4 2 1 1 3652 3641 4230 4354
1506 4 2 1 1 919 888 920 4452
1507 4 2 1 1 603 4046 4140 4630
1508 4 2 1 1 3897 3951 4054 4702
1509 4 2 1 1 4078 4628 3957 5010
1510 4 2 1 1 1435 4303 1666 4662
1511 4 2 1 1 4133 4411 3853 5072
1512 4 2 1 1 3846 3833 4051 4118
1513 4 2 1 1 1601 1125 1563 4869
1514 4 2 1 1 4144 4322 997 4456
1515 4 2 1 1 598 4696 4403 4863
1516 4 2 1 1 4392 4550 4347 4716
1517 4 2 1 1 3926 4806 4204 4807
1518 4 2 1 1 1923 3993 3797 4334
1519 4 2 1 1 3985 4691 3934 4865
1520 4 2 1 1 4246 4365 4102 4585
1521 4 2 1 1 4221 4302 3932 5061
1522 4 2 1 1 3033 2931 2925 4804
1523 4 2 1 1 682 4138 4058 5031
1524 4 2 1 1 682 3969 703 4138
1525 4 2 1 1 3831 4774 4830 4831
1526 4 2 1 1 1459 4349 1457 4869
1527 4 2 1 1 3885 4067 3930 4634
1528 4 2 1 1 4156 4370 3901 4563
1529 4 2 1 1 1666 4303 3937 4662
1530 4 2 1 1 4270 3805 4449 4839
1531 4 2 1 1 3151 3281 3148 4783
1532 4 2 1 1 3022 2936 3045 4639
1533 4 2 1 1 1286 138 140 4834
1534 4 2 1 1 3772 4195 3766 4638
1535 4 2 1 1 3907 4071 3867 4562
1536 4 2 1 1 1928 1839 4520 4521
1537 4 2 1 1 1883 1882 1884 4703
1538 4 2 1 1 2803 153 2810 4309
1539 4 2 1 1 769 761 4288 4328
1540 4 2 1 1 1823 2443 1825 4393
1541 4 2 1 1 3860 3927 4079 4711
1542 4 2 1 1 208 3128 209 4705
1543 4 2 1 1 4347 4930 4140 4991
1544 4 2 1 1 2798 159 2812 4569
1545 4 2 1 1 2849 2807 2822 4600
1546 4 2 1 1 39 451 4437 4725
1547 4 2 1 1 3042 4809 4487 4858
1548 4 2 1 1 3848 3832 3893 4017
1549 4 2 1 1 3150 3328 3152 4366
1550 4 2 1 1 175 2880 174 4160
1551 4 2 1 1 1800 1802 2702 4330
1552 4 2 1 1 3013 4169 3007 4809
1553 4 2 1 1 3812 4370 4156 4563
1554 4 2 1 1 467 4259 4471 4608
1555 4 2 1 1 197 2881 196 5039
1556 4 2 1 1 3169 3277 3167 4468
1557 4 2 1 1 303 3479 302 4276
1558 4 2 1 1 2475 2136 2195 4135
1559 4 2 1 1 4135 4389 2157 4688
1560 4 2 1 1 649 3915 3900 4299
1561 4 2 1 1 2280 4551 4635 5013
1562 4 2 1 1 3917 4438 3874 4861
1563 4 2 1 1 1342 3962 1310 4037
1564 4 2 1 1 142 140 3922 4818
1565 4 2 1 1 4711 4761 4335 4827
1566 4 2 1 1 4042 4520 1839 4521
1567 4 2 1 1 3815 4249 4410 4699
1568 4 2 1 1 737 716 3919 4667
1569 4 2 1 1 4250 4272 3117 4880
1570 4 2 1 1 740 739 4041 4556
1571 4 2 1 1 4151 4420 450 4796
1572 4 2 1 1 3864 3950 3951 4541
1573 4 2 1 1 1738 91 106 4087
1574 4 2 1 1 915 1265 865 5071
1575 4 2 1 1 4042 4711 4699 4864
1576 4 2 1 1 3964 4060 3884 4647
1577 4 2 1 1 3140 3160 3299 4701
1578 4 2 1 1 3012 4656 3007 4926
1579 4 2 1 1 3826 3886 4192 4674
1580 4 2 1 1 2097 4261 4121 4718
1581 4 2 1 1 3705 3704 3693 4608
1582 4 2 1 1 878 1252 873 4558
1583 4 2 1 1 1965 2671 4167 4603
1584 4 2 1 1 3831 3992 4229 4605
1585 4 2 1 1 3883 4182 4158 5046
1586 4 2 1 1 3001 3027 3028 5003
1587 4 2 1 1 3172 3292 3171 4233
1588 4 2 1 1 4513 4744 4116 4745
1589 4 2 1 1 842 843 844 4236
1590 4 2 1 1 990 890 4441 5038
1591 4 2 1 1 3871 4615 4164 4681
1592 4 2 1 1 2067 1743 2066 4215
1593 4 2 1 1 398 1220 1250 1221
1594 4 2 1 1 4054 4169 3840 4464
1595 4 2 1 1 3693 3692 3688 4400
1596 4 2 1 1 3858 3828 4146 4415
1597 4 2 1 1 3985 4318 689 4691
1598 4 2 1 1 998 4322 1001 4456
1599 4 2 1 1 1321 4311 4214 5072
1600 4 2 1 1 4116 4736 4734 4743
1601 4 2 1 1 395 1522 1441 1524
1602 4 2 1 1 4204 4806 3830 4807
1603 4 2 1 1 4156 4244 3929 4370
1604 4 2 1 1 498 4624 497 4740
1605 4 2 1 1 2404 2405 4481 4686
1606 4 2 1 1 681 751 702 4523
1607 4 2 1 1 3806 4864 3847 4936
1608 4 2 1 1 2925 2927 2926 4804
1609 4 2 1 1 4357 4523 3809 4710
1610 4 2 1 1 3141 3139 3185 4701
1611 4 2 1 1 4101 752 4392 4550
1612 4 2 1 1 1523 1525 1524 5007
1613 4 2 1 1 4569 4913 2823 5087
1614 4 2 1 1 2057 2044 2622 4636
1615 4 2 1 1 1542 1541 1545 4338
1616 4 2 1 1 4183 4462 4094 4560
1617 4 2 1 1 608 4120 4437 5013
1618 4 2 1 1 2945 2956 3103 4529
1619 4 2 1 1 3181 3136 3138 4700
1620 4 2 1 1 713 770 783 4523
1621 4 2 1 1 1840 4437 4316 4786
1622 4 2 1 1 3172 3349 3292 4342
1623 4 2 1 1 3884 4241 3964 4631
1624 4 2 1 1 4316 4437 1840 4946
1625 4 2 1 1 2957 2956 4685 5039
1626 4 2 1 1 85 3611 120 4752
1627 4 2 1 1 601 3967 4644 4847
1628 4 2 1 1 1318 1319 1402 5072
1629 4 2 1 1 3403 3404 251 4387
1630 4 2 1 1 3843 4363 4055 4543
1631 4 2 1 1 4081 4722 725 4816
1632 4 2 1 1 4317 4482 3967 4626
1633 4 2 1 1 3054 3002 3005 4656
1634 4 2 1 1 3825 3955 4283 5024
1635 4 2 1 1 807 4399 699 4523
1636 4 2 1 1 3154 3155 3153 4366
1637 4 2 1 1 3831 4774 4831 4990
1638 4 2 1 1 4323 4379 3975 4466
1639 4 2 1 1 3503 256 3504 4361
1640 4 2 1 1 4182 4725 435 4726
1641 4 2 1 1 3519 338 3508 4849
1642 4 2 1 1 3581 404 3580 4669
1643 4 2 1 1 2428 3913 2429 4300
1644 4 2 1 1 719 4138 703 5075
1645 4 2 1 1 774 784 801 4921
1646 4 2 1 1 3904 4316 3984 4852
1647 4 2 1 1 3754 4251 512 4518
1648 4 2 1 1 3810 4323 4404 5041
1649 4 2 1 1 4267 4541 4533 4809
1650 4 2 1 1 379 378 3558 3796
1651 4 2 1 1 3820 3935 4002 4287
1652 4 2 1 1 1531 1529 1544 4332
1653 4 2 1 1 3905 4047 4434 4985
1654 4 2 1 1 3851 4011 3883 4290
1655 4 2 1 1 3815 4699 4042 4711
1656 4 2 1 1 4016 4409 4120 4534
1657 4 2 1 1 3220 4401 3222 4621
1658 4 2 1 1 4930 4931 4140 4991
1659 4 2 1 1 4019 3878 4402 5047
1660 4 2 1 1 3900 4299 3839 4449
1661 4 2 1 1 2145 2125 1954 4306
1662 4 2 1 1 3894 4020 4456 5030
1663 4 2 1 1 2156 2136 2475 4688
1664 4 2 1 1 2861 2872 2874 4405
1665 4 2 1 1 2993 4054 2990 4385
1666 4 2 1 1 1422 1692 1108 4349
1667 4 2 1 1 2951 4745 2950 5024
1668 4 2 1 1 619 4490 4208 4874
1669 4 2 1 1 1261 1262 983 4232
1670 4 2 1 1 1479 1487 1576 4200
1671 4 2 1 1 1858 2429 2153 4384
1672 4 2 1 1 4041 597 4624 4740
1673 4 2 1 1 4188 4315 2055 4827
1674 4 2 1 1 1446 4236 894 4834
1675 4 2 1 1 396 3982 3872 4296
1676 4 2 1 1 969 971 967 4451
1677 4 2 1 1 3994 4716 4100 5083
1678 4 2 1 1 3683 452 4444 4762
1679 4 2 1 1 3915 4180 4285 4658
1680 4 2 1 1 2872 2863 2852 4916
1681 4 2 1 1 777 4270 4392 4983
1682 4 2 1 1 2195 4135 2136 4215
1683 4 2 1 1 3894 3987 4456 4545
1684 4 2 1 1 601 4321 3965 4630
1685 4 2 1 1 598 4527 470 4717
1686 4 2 1 1 713 702 770 4523
1687 4 2 1 1 3819 4183 4369 4941
1688 4 2 1 1 1545 1548 1546 5045
1689 4 2 1 1 2646 4513 2258 4743
1690 4 2 1 1 2363 4389 4576 4663
1691 4 2 1 1 1910 4563 4346 4854
1692 4 2 1 1 2997 2996 4223 4325
1693 4 2 1 1 3045 2898 2916 4602
1694 4 2 1 1 1001 4322 4166 4456
1695 4 2 1 1 2330 2511 2332 4684
1696 4 2 1 1 1421 1008 1358 4049
1697 4 2 1 1 3603 403 3605 4664
1698 4 2 1 1 1806 2488 1808 4679
1699 4 2 1 1 3850 4002 4177 4442
1700 4 2 1 1 4016 4865 4423 4868
1701 4 2 1 1 4101 4675 4219 4921
1702 4 2 1 1 481 4318 482 4583
1703 4 2 1 1 3772 3774 3766 4195
1704 4 2 1 1 3245 3272 4382 4469
1705 4 2 1 1 2849 4600 4378 4982
1706 4 2 1 1 4610 4753 3809 4920
1707 4 2 1 1 4190 3827 4381 4516
1708 4 2 1 1 1321 1358 1430 5072
1709 4 2 1 1 3946 4250 4655 4712
1710 4 2 1 1 755 4431 769 4855
1711 4 2 1 1 3245 3246 3244 4273
1712 4 2 1 1 4220 4612 4341 4713
1713 4 2 1 1 1608 1609 4426 4474
1714 4 2 1 1 3291 3242 3236 4632
1715 4 2 1 1 3937 3896 4441 4956
1716 4 2 1 1 1214 1213 1215 4426
1717 4 2 1 1 3924 4097 604 4723
1718 4 2 1 1 659 3924 4094 4369
1719 4 2 1 1 714 4075 3974 4357
1720 4 2 1 1 4020 3894 4813 5030
1721 4 2 1 1 1294 1293 1295 4043
1722 4 2 1 1 3062 3930 4553 4733
1723 4 2 1 1 4120 4238 3974 4437
1724 4 2 1 1 3269 3130 3268 4162
1725 4 2 1 1 1858 4300 4084 4792
1726 4 2 1 1 3168 3182 3304 4525
1727 4 2 1 1 2983 4250 4308 4712
1728 4 2 1 1 1008 4214 1421 4834
1729 4 2 1 1 4220 3998 4549 4710
1730 4 2 1 1 1000 1285 1183 3987
1731 4 2 1 1 3912 3844 4107 4110
1732 4 2 1 1 3159 3209 3210 4359
1733 4 2 1 1 374 373 384 5062
1734 4 2 1 1 384 385 374 5062
1735 4 2 1 1 790 4356 793 4399
1736 4 2 1 1 3972 4980 4452 5055
1737 4 2 1 1 462 4265 4495 4572
1738 4 2 1 1 1444 1345 4024 5026
1739 4 2 1 1 2871 2851 2857 4993
1740 4 2 1 1 4231 4328 3804 4675
1741 4 2 1 1 1299 1297 1296 4193
1742 4 2 1 1 2946 4211 4419 5085
1743 4 2 1 1 4403 4696 4044 4863
1744 4 2 1 1 528 3786 527 4195
1745 4 2 1 1 893 1286 1420 138
1746 4 2 1 1 3854 4220 4190 4341
1747 4 2 1 1 1637 1113 1511 4200
1748 4 2 1 1 3964 3852 4760 5023
1749 4 2 1 1 3967 4367 4146 4443
1750 4 2 1 1 3137 3134 4598 4700
1751 4 2 1 1 3887 3838 4433 4465
1752 4 2 1 1 897 1345 1622 4286
1753 4 2 1 1 2400 2187 2658 4421
1754 4 2 1 1 1419 1438 1682 4476
1755 4 2 1 1 2025 2024 2041 4106
1756 4 2 1 1 1853 4567 2120 4776
1757 4 2 1 1 4240 4697 4545 4812
1758 4 2 1 1 3245 4273 4469 4564
1759 4 2 1 1 2719 2181 2720 4627
1760 4 2 1 1 2884 174 4160 4529
1761 4 2 1 1 3323 4062 218 5028
1762 4 2 1 1 3929 4370 4839 5037
1763 4 2 1 1 729 4562 743 4813
1764 4 2 1 1 998 999 1000 4322
1765 4 2 1 1 3811 3828 4049 4303
1766 4 2 1 1 776 4356 756 4523
1767 4 2 1 1 2837 93 2844 3863
1768 4 2 1 1 4020 4454 3972 4545
1769 4 2 1 1 3838 3869 4465 5028
1770 4 2 1 1 1409 962 1427 4415
1771 4 2 1 1 612 3901 4156 4985
1772 4 2 1 1 2427 1732 83 4142
1773 4 2 1 1 292 4145 293 4531
1774 4 2 1 1 2578 2193 4680 5066
1775 4 2 1 1 3144 3180 3289 4143
1776 4 2 1 1 2962 3091 3090 4685
1777 4 2 1 1 3336 3261 3283 4579
1778 4 2 1 1 603 4094 604 4560
1779 4 2 1 1 4430 4431 632 4511
1780 4 2 1 1 3128 3337 3129 4598
1781 4 2 1 1 1355 1020 1043 4798
1782 4 2 1 1 3845 4394 3904 4852
1783 4 2 1 1 1434 1276 4286 4650
1784 4 2 1 1 1073 1074 1072 4139
1785 4 2 1 1 3192 3153 3276 4784
1786 4 2 1 1 2198 2364 2114 4179
1787 4 2 1 1 2366 2351 2218 4257
1788 4 2 1 1 3479 249 3477 4276
1789 4 2 1 1 4561 4562 4144 5030
1790 4 2 1 1 1181 1184 1433 3986
1791 4 2 1 1 2913 2912 2911 4724
1792 4 2 1 1 1082 1181 4262 4362
1793 4 2 1 1 399 396 400 3982
1794 4 2 1 1 3884 4050 3852 4647
1795 4 2 1 1 2165 2693 2668 5050
1796 4 2 1 1 4169 4464 4223 4926
1797 4 2 1 1 1445 1334 1259 4313
1798 4 2 1 1 607 4534 4120 5013
1799 4 2 1 1 3955 4126 3864 4283
1800 4 2 1 1 2527 2323 2324 4714
1801 4 2 1 1 1783 4300 1785 4792
1802 4 2 1 1 4071 4517 4058 4562
1803 4 2 1 1 3960 4094 4347 4560
1804 4 2 1 1 2353 2229 2226 4694
1805 4 2 1 1 851 882 1636 5032
1806 4 2 1 1 4187 4378 3908 4485
1807 4 2 1 1 1693 1691 1150 4942
1808 4 2 1 1 2835 2841 4378 4485
1809 4 2 1 1 1839 1838 4566 4657
1810 4 2 1 1 3806 4865 4016 4868
1811 4 2 1 1 2237 2234 2235 4056
1812 4 2 1 1 3862 4238 4409 5065
1813 4 2 1 1 477 478 3696 4203
1814 4 2 1 1 1764 3993 1763 5040
1815 4 2 1 1 3250 3259 3248 4896
1816 4 2 1 1 3931 4364 3916 4567
1817 4 2 1 1 3848 3991 4289 4895
1818 4 2 1 1 175 174 3368 4160
1819 4 2 1 1 94 2838 3863 4485
1820 4 2 1 1 3995 4217 3895 4908
1821 4 2 1 1 3843 4764 4024 4867
1822 4 2 1 1 3235 3238 3272 4632
1823 4 2 1 1 612 3901 4470 4563
1824 4 2 1 1 3820 3935 4105 4343
1825 4 2 1 1 1316 1317 927 4589
1826 4 2 1 1 4044 4363 4041 4696
1827 4 2 1 1 3217 3229 3226 4893
1828 4 2 1 1 4044 4373 3919 4667
1829 4 2 1 1 3811 3828 3816 4995
1830 4 2 1 1 1965 2671 1910 4167
1831 4 2 1 1 4129 3813 4244 4773
1832 4 2 1 1 1312 3879 1310 3962
1833 4 2 1 1 4006 4103 700 4517
1834 4 2 1 1 4323 4466 3975 4515
1835 4 2 1 1 733 4562 4058 4813
1836 4 2 1 1 3806 4395 4423 4868
1837 4 2 1 1 1219 1706 1218 4580
1838 4 2 1 1 4456 4144 4562 5030
1839 4 2 1 1 2990 4054 2991 4385
1840 4 2 1 1 2910 2908 2909 4457
1841 4 2 1 1 2619 4092 1895 4292
1842 4 2 1 1 3956 4264 3959 4861
1843 4 2 1 1 4060 4618 4050 4647
1844 4 2 1 1 3813 4159 3830 4463
1845 4 2 1 1 4641 4644 3967 4847
1846 4 2 1 1 29 520 4397 4723
1847 4 2 1 1 3893 3823 4007 4287
1848 4 2 1 1 2959 2941 2960 4455
1849 4 2 1 1 4376 4726 4068 5046
1850 4 2 1 1 3051 3067 3068 4312
1851 4 2 1 1 3062 2882 3930 4733
1852 4 2 1 1 3086 3971 2950 4745
1853 4 2 1 1 3844 4110 3981 4989
1854 4 2 1 1 597 4041 4363 4696
1855 4 2 1 1 3817 3841 3814 3879
1856 4 2 1 1 837 834 917 4873
1857 4 2 1 1 1976 1980 1979 4829
1858 4 2 1 1 3816 4038 4039 4175
1859 4 2 1 1 619 4208 638 4957
1860 4 2 1 1 967 4435 969 4451
1861 4 2 1 1 4249 4607 4410 4699
1862 4 2 1 1 3892 4005 3976 4114
1863 4 2 1 1 2027 2025 2591 3941
1864 4 2 1 1 2960 2941 4407 4455
1865 4 2 1 1 362 363 3557 4918
1866 4 2 1 1 1034 1289 1568 4049
1867 4 2 1 1 1464 1462 1463 4765
1868 4 2 1 1 817 798 4057 4732
1869 4 2 1 1 3805 4270 4449 4983
1870 4 2 1 1 397 4063 3982 4296
1871 4 2 1 1 4022 4277 3866 4312
1872 4 2 1 1 3101 4553 3930 4634
1873 4 2 1 1 1212 1214 1325 4558
1874 4 2 1 1 4183 4323 4689 5041
1875 4 2 1 1 1823 1824 1822 4256
1876 4 2 1 1 751 4288 4271 4739
1877 4 2 1 1 3969 4138 682 4726
1878 4 2 1 1 1363 1042 1508 4872
1879 4 2 1 1 3887 4465 4343 4555
1880 4 2 1 1 3881 3830 4227 4899
1881 4 2 1 1 885 25 1225 4360
1882 4 2 1 1 1745 2367 2066 4599
1883 4 2 1 1 339 3530 338 4849
1884 4 2 1 1 4101 4392 3805 4716
1885 4 2 1 1 3968 3883 4158 4353
1886 4 2 1 1 4341 4612 3876 4713
1887 4 2 1 1 2281 2203 4648 4695
1888 4 2 1 1 3874 3870 4100 4280
1889 4 2 1 1 1037 1436 1607 4587
1890 4 2 1 1 3830 4427 4227 4899
1891 4 2 1 1 4466 4874 4690 4909
1892 4 2 1 1 1905 4178 4645 4789
1893 4 2 1 1 3814 3880 3817 3953
1894 4 2 1 1 2095 4261 2097 4718
1895 4 2 1 1 1285 1183 3987 4286
1896 4 2 1 1 608 4437 4093 4725
1897 4 2 1 1 2702 2701 1801 4714
1898 4 2 1 1 4403 4617 4286 4764
1899 4 2 1 1 4326 4917 3885 4952
1900 4 2 1 1 3856 3947 4095 4174
1901 4 2 1 1 4008 4608 4471 4693
1902 4 2 1 1 611 4047 4434 4592
1903 4 2 1 1 2775 4344 2779 4762
1904 4 2 1 1 3989 4568 2409 4703
1905 4 2 1 1 471 3708 472 4327
1906 4 2 1 1 3838 4404 4264 4861
1907 4 2 1 1 1361 1292 1096 5051
1908 4 2 1 1 4062 4206 3406 4387
1909 4 2 1 1 4092 4453 4281 4919
1910 4 2 1 1 3140 3299 3138 4700
1911 4 2 1 1 429 430 4295 4506
1912 4 2 1 1 3850 4442 4177 4628
1913 4 2 1 1 1917 4374 2117 4603
1914 4 2 1 1 2184 1857 2072 4155
1915 4 2 1 1 3027 3001 4926 5003
1916 4 2 1 1 3876 3926 3862 4014
1917 4 2 1 1 3041 3015 4533 4656
1918 4 2 1 1 773 4208 619 4490
1919 4 2 1 1 3993 4858 1759 5040
1920 4 2 1 1 3946 4712 4227 4899
1921 4 2 1 1 3866 4022 3818 4277
1922 4 2 1 1 994 992 1666 4570
1923 4 2 1 1 3307 3291 3280 4778
1924 4 2 1 1 1042 4063 1508 4872
1925 4 2 1 1 2430 2200 4030 4494
1926 4 2 1 1 3807 4286 3987 4968
1927 4 2 1 1 775 4101 4270 4921
1928 4 2 1 1 3952 3817 4262 4808
1929 4 2 1 1 2535 2474 2245 4056
1930 4 2 1 1 1115 4450 1065 4908
1931 4 2 1 1 3845 3905 4394 4852
1932 4 2 1 1 3884 4050 4060 4622
1933 4 2 1 1 3926 4204 4806 4831
1934 4 2 1 1 601 4317 3965 4321
1935 4 2 1 1 2082 2727 2083 4184
1936 4 2 1 1 2122 3989 4434 4508
1937 4 2 1 1 2945 3093 3085 4282
1938 4 2 1 1 1322 1312 1314 3962
1939 4 2 1 1 304 3479 303 4276
1940 4 2 1 1 3515 4213 3516 4849
1941 4 2 1 1 4622 4050 4747 4937
1942 4 2 1 1 2098 2097 2648 4261
1943 4 2 1 1 1623 1324 1188 4580
1944 4 2 1 1 3834 3903 3882 4971
1945 4 2 1 1 1858 2152 4084 4384
1946 4 2 1 1 1402 927 1317 4133
1947 4 2 1 1 1740 1730 4478 4688
1948 4 2 1 1 4050 4728 4368 4845
1949 4 2 1 1 1714 863 1561 4707
1950 4 2 1 1 2455 2459 2458 5000
1951 4 2 1 1 4127 4695 3840 4797
1952 4 2 1 1 2499 1961 4067 4615
1953 4 2 1 1 3525 3524 3513 4212
1954 4 2 1 1 843 846 1281 4266
1955 4 2 1 1 4640 4874 4466 4909
1956 4 2 1 1 50 2769 4158 5046
1957 4 2 1 1 4156 4649 4610 4985
1958 4 2 1 1 3825 4702 4838 5068
1959 4 2 1 1 3937 4482 3896 4956
1960 4 2 1 1 97 2150 4594 4648
1961 4 2 1 1 2371 2370 2069 5053
1962 4 2 1 1 997 1413 829 4144
1963 4 2 1 1 4249 4315 3815 4933
1964 4 2 1 1 3851 3883 4011 4230
1965 4 2 1 1 4356 4609 3809 4610
1966 4 2 1 1 3086 2950 3029 4745
1967 4 2 1 1 257 3531 3530 4849
1968 4 2 1 1 3515 3522 3516 4213
1969 4 2 1 1 602 4319 4543 4644
1970 4 2 1 1 3195 3194 3938 4289
1971 4 2 1 1 3822 4326 4277 4952
1972 4 2 1 1 3818 4603 4720 4935
1973 4 2 1 1 3841 3814 3879 4545
1974 4 2 1 1 3890 4141 3889 5016
1975 4 2 1 1 4129 4167 3812 4508
1976 4 2 1 1 464 448 463 4573
1977 4 2 1 1 4220 4288 3999 4868
1978 4 2 1 1 2251 2249 2252 4744
1979 4 2 1 1 633 640 4234 4431
1980 4 2 1 1 742 3843 4543 4556
1981 4 2 1 1 1276 4166 4286 4922
1982 4 2 1 1 1452 4349 1490 4870
1983 4 2 1 1 2723 2628 2626 4497
1984 4 2 1 1 642 4073 3933 4430
1985 4 2 1 1 3185 3139 3202 4700
1986 4 2 1 1 4103 4318 3985 4502
1987 4 2 1 1 3822 4302 3818 4429
1988 4 2 1 1 2950 4745 3971 5024
1989 4 2 1 1 871 870 873 4278
1990 4 2 1 1 3884 4729 4025 4731
1991 4 2 1 1 1957 1958 1960 4481
1992 4 2 1 1 3022 4639 3045 4721
1993 4 2 1 1 2946 2912 3038 4419
1994 4 2 1 1 3127 3958 3330 4494
1995 4 2 1 1 3971 4744 4513 4745
1996 4 2 1 1 1575 1399 984 4678
1997 4 2 1 1 4264 4323 3870 4404
1998 4 2 1 1 3364 3336 3160 4396
1999 4 2 1 1 701 4006 700 4517
2000 4 2 1 1 4434 4592 4394 4851
2001 4 2 1 1 751 776 770 4523
2002 4 2 1 1 4116 4513 4736 4743
2003 4 2 1 1 3919 4009 634 4814
2004 4 2 1 1 2274 4135 3971 4576
2005 4 2 1 1 4271 4920 4549 4921
2006 4 2 1 1 2630 1912 2688 4510
2007 4 2 1 1 4220 4288 4271 4549
2008 4 2 1 1 4375 4397 3892 4689
2009 4 2 1 1 286 3453 287 4339
2010 4 2 1 1 770 756 783 4523
2011 4 2 1 1 4368 4832 4050 4845
2012 4 2 1 1 4537 4562 3894 4667
2013 4 2 1 1 2751 2747 4351 4781
2014 4 2 1 1 2649 2494 2495 4497
2015 4 2 1 1 3810 4177 4249 4315
2016 4 2 1 1 1890 3989 2409 4703
2017 4 2 1 1 449 4725 4151 4796
2018 4 2 1 1 4462 4560 3846 4591
2019 4 2 1 1 3819 4294 4231 4550
2020 4 2 1 1 772 614 750 4234
2021 4 2 1 1 1190 1189 1571 4875
2022 4 2 1 1 2993 2991 4054 5003
2023 4 2 1 1 517 4388 4544 4757
2024 4 2 1 1 3689 4203 4112 4879
2025 4 2 1 1 3342 205 3354 4168
2026 4 2 1 1 453 3660 454 4444
2027 4 2 1 1 2571 2570 2569 4802
2028 4 2 1 1 2373 2281 4663 4695
2029 4 2 1 1 1308 4037 3879 4856
2030 4 2 1 1 4038 968 4488 4552
2031 4 2 1 1 3838 3869 3890 4861
2032 4 2 1 1 3130 3343 3267 4382
2033 4 2 1 1 2990 4385 2991 4769
2034 4 2 1 1 3137 3136 3134 4700
2035 4 2 1 1 602 4097 3981 4723
2036 4 2 1 1 689 3985 3934 4103
2037 4 2 1 1 1947 1830 1948 4679
2038 4 2 1 1 1071 1073 1072 4139
2039 4 2 1 1 982 1261 1707 4232
2040 4 2 1 1 3262 3263 3247 4896
2041 4 2 1 1 3816 3811 3880 4548
2042 4 2 1 1 3488 3486 4361 4715
2043 4 2 1 1 403 3582 402 4664
2044 4 2 1 1 3878 4019 4352 5047
2045 4 2 1 1 659 4094 3924 4097
2046 4 2 1 1 456 3682 3681 4444
2047 4 2 1 1 3845 4399 4357 4749
2048 4 2 1 1 3819 4550 4347 4941
2049 4 2 1 1 1819 2188 2618 4823
2050 4 2 1 1 3934 3985 689 4691
2051 4 2 1 1 2156 2157 1864 4688
2052 4 2 1 1 3936 4047 4592 5058
2053 4 2 1 1 42 819 41 4518
2054 4 2 1 1 3379 3381 3382 4436
2055 4 2 1 1 3877 4636 4335 4637
2056 4 2 1 1 3104 4419 3056 4422
2057 4 2 1 1 3820 4105 3887 4343
2058 4 2 1 1 3816 4768 3828 5063
2059 4 2 1 1 2598 2279 1891 4698
2060 4 2 1 1 4335 4521 4711 4827
2061 4 2 1 1 3991 4364 4289 4895
2062 4 2 1 1 777 4101 752 4392
2063 4 2 1 1 2392 2401 2400 4216
2064 4 2 1 1 3853 3880 3953 3988
2065 4 2 1 1 1295 1297 1364 3928
2066 4 2 1 1 917 834 4666 4873
2067 4 2 1 1 3805 3839 4299 4449
2068 4 2 1 1 4129 3812 4244 4508
2069 4 2 1 1 3843 4055 4024 4644
2070 4 2 1 1 3142 3143 3144 4701
2071 4 2 1 1 2646 4302 4513 4743
2072 4 2 1 1 730 3843 4556 4846
2073 4 2 1 1 3840 4226 3970 4917
2074 4 2 1 1 4231 4294 779 4550
2075 4 2 1 1 3809 4357 3845 4399
2076 4 2 1 1 3845 3980 3905 4609
2077 4 2 1 1 3966 4747 4050 4937
2078 4 2 1 1 3155 3162 3276 4784
2079 4 2 1 1 1573 1352 1396 4629
2080 4 2 1 1 1345 1622 4286 4617
2081 4 2 1 1 2228 2231 2230 4694
2082 4 2 1 1 4020 3972 4454 4980
2083 4 2 1 1 793 4399 4356 4609
2084 4 2 1 1 739 4822 3844 4938
2085 4 2 1 1 4240 4545 3807 4812
2086 4 2 1 1 4011 4230 3883 4290
2087 4 2 1 1 2624 4503 4520 5079
2088 4 2 1 1 429 4506 4658 5052
2089 4 2 1 1 600 4521 4315 4933
2090 4 2 1 1 3985 4103 689 4318
2091 4 2 1 1 2901 4126 2915 4407
2092 4 2 1 1 3999 4833 4328 5036
2093 4 2 1 1 1767 2210 1769 4447
2094 4 2 1 1 1515 1422 1085 4756
2095 4 2 1 1 4100 3819 4231 5083
2096 4 2 1 1 3141 3209 3143 4701
2097 4 2 1 1 4543 4989 4641 4994
2098 4 2 1 1 3936 4147 4081 4816
2099 4 2 1 1 384 3572 385 4261
2100 4 2 1 1 4391 4442 4076 4532
2101 4 2 1 1 3820 4002 4177 4827
2102 4 2 1 1 3824 4028 3950 4487
2103 4 2 1 1 769 772 4234 4431
2104 4 2 1 1 4116 4704 4593 4745
2105 4 2 1 1 3937 3828 4303 4570
2106 4 2 1 1 3175 3169 3171 4525
2107 4 2 1 1 2964 2963 3058 4685
2108 4 2 1 1 1821 1823 1822 4256
2109 4 2 1 1 3808 4369 4294 4542
2110 4 2 1 1 3811 3816 3880 4828
2111 4 2 1 1 4120 4409 4016 4423
2112 4 2 1 1 250 3381 3380 4436
2113 4 2 1 1 141 956 963 964
2114 4 2 1 1 4177 3815 4249 4315
2115 4 2 1 1 2475 2274 4135 5053
2116 4 2 1 1 2933 2921 4724 4769
2117 4 2 1 1 3689 3699 3701 4203
2118 4 2 1 1 4503 4016 4534 4864
2119 4 2 1 1 3930 4447 3970 4733
2120 4 2 1 1 3911 4082 2279 4735
2121 4 2 1 1 2477 4645 2217 4925
2122 4 2 1 1 2912 2913 3038 4419
2123 4 2 1 1 2570 2581 2209 4802
2124 4 2 1 1 3675 459 3670 4122
2125 4 2 1 1 772 633 614 4234
2126 4 2 1 1 3451 248 3453 4339
2127 4 2 1 1 4323 4466 3810 4889
2128 4 2 1 1 3273 3279 3938 3958
2129 4 2 1 1 2536 1919 4585 4754
2130 4 2 1 1 3932 4427 4221 5061
2131 4 2 1 1 2499 4067 2147 4615
2132 4 2 1 1 137 987 139 4825
2133 4 2 1 1 4114 519 4723 5015
2134 4 2 1 1 838 840 839 4873
2135 4 2 1 1 945 1404 1400 4473
2136 4 2 1 1 3160 3142 3289 4701
2137 4 2 1 1 4100 4727 3855 4850
2138 4 2 1 1 1984 1982 2521 4123
2139 4 2 1 1 4044 3843 4556 4867
2140 4 2 1 1 1987 1986 1984 4866
2141 4 2 1 1 142 144 4547 4993
2142 4 2 1 1 3854 4774 4835 4990
2143 4 2 1 1 968 1700 966 4488
2144 4 2 1 1 3999 4328 4833 4855
2145 4 2 1 1 689 4423 3934 4865
2146 4 2 1 1 3092 3039 3017 4721
2147 4 2 1 1 3874 4064 3870 4280
2148 4 2 1 1 2118 4302 4568 4603
2149 4 2 1 1 3013 4522 4169 4809
2150 4 2 1 1 3855 4229 3874 4850
2151 4 2 1 1 4044 4696 4373 4863
2152 4 2 1 1 2631 2014 2355 4771
2153 4 2 1 1 4441 4844 3996 4973
2154 4 2 1 1 4317 4760 4321 4923
2155 4 2 1 1 3827 3957 3956 4381
2156 4 2 1 1 722 701 4006 4814
2157 4 2 1 1 2369 2370 2067 4599
2158 4 2 1 1 3251 3250 3249 4564
2159 4 2 1 1 33 1716 34 4978
2160 4 2 1 1 468 4471 4258 4840
2161 4 2 1 1 2708 4384 4306 4777
2162 4 2 1 1 1072 1111 1070 4505
2163 4 2 1 1 4360 4363 4055 4867
2164 4 2 1 1 1082 4262 1181 4808
2165 4 2 1 1 884 4144 829 4836
2166 4 2 1 1 4356 4610 3809 4920
2167 4 2 1 1 976 979 1232 5035
2168 4 2 1 1 2924 2926 3060 4934
2169 4 2 1 1 1110 1366 133 5044
2170 4 2 1 1 4370 4470 3973 4930
2171 4 2 1 1 884 997 4144 4322
2172 4 2 1 1 1928 4335 4521 4939
2173 4 2 1 1 3837 3890 3846 4404
2174 4 2 1 1 2895 2897 4333 4602
2175 4 2 1 1 4182 4725 4151 5025
2176 4 2 1 1 1404 937 948 4473
2177 4 2 1 1 3974 4093 693 4120
2178 4 2 1 1 465 466 4318 4608
2179 4 2 1 1 3817 3814 3853 3940
2180 4 2 1 1 3831 4773 4244 5084
2181 4 2 1 1 2832 2828 2819 4309
2182 4 2 1 1 4219 4668 4218 4850
2183 4 2 1 1 3907 4561 4071 4562
2184 4 2 1 1 3811 3816 4049 4995
2185 4 2 1 1 1959 1961 2204 4615
2186 4 2 1 1 634 737 716 3919
2187 4 2 1 1 794 3905 4609 4610
2188 4 2 1 1 1561 863 985 4278
2189 4 2 1 1 725 4081 4816 4888
2190 4 2 1 1 3912 4319 3977 4360
2191 4 2 1 1 4183 4094 4512 4560
2192 4 2 1 1 1786 1784 1785 4792
2193 4 2 1 1 4223 4522 3024 4733
2194 4 2 1 1 3839 4470 4370 4930
2195 4 2 1 1 636 740 739 4041
2196 4 2 1 1 2537 2278 1795 4164
2197 4 2 1 1 3813 3989 4159 4463
2198 4 2 1 1 3819 4231 4101 4550
2199 4 2 1 1 3833 4559 4346 4560
2200 4 2 1 1 597 1629 598 4403
2201 4 2 1 1 1112 1649 1485 4224
2202 4 2 1 1 1329 4055 952 4867
2203 4 2 1 1 3492 3496 326 4530
2204 4 2 1 1 2232 2352 2444 4694
2205 4 2 1 1 1944 2743 2741 4414
2206 4 2 1 1 3850 4177 3827 4628
2207 4 2 1 1 3834 4605 4129 4779
2208 4 2 1 1 602 4644 4543 4847
2209 4 2 1 1 2143 3973 1843 4563
2210 4 2 1 1 3103 3098 172 4529
2211 4 2 1 1 3711 491 490 4504
2212 4 2 1 1 4334 3042 4594 4858
2213 4 2 1 1 3968 3883 4353 4708
2214 4 2 1 1 1258 4303 1033 4440
2215 4 2 1 1 3545 3551 363 4163
2216 4 2 1 1 2095 2096 2097 4261
2217 4 2 1 1 2374 2263 2615 4127
2218 4 2 1 1 4249 4466 3810 4515
2219 4 2 1 1 1708 1252 878 4558
2220 4 2 1 1 3268 3254 3362 4382
2221 4 2 1 1 3788 525 526 4638
2222 4 2 1 1 523 524 3788 4638
2223 4 2 1 1 4370 4470 3901 4563
2224 4 2 1 1 1065 1064 1115 4908
2225 4 2 1 1 3259 3284 3283 4579
2226 4 2 1 1 3897 4054 3918 4917
2227 4 2 1 1 4373 4696 598 4863
2228 4 2 1 1 2075 2131 1796 4083
2229 4 2 1 1 2196 2475 2195 5053
2230 4 2 1 1 2065 4304 1883 4551
2231 4 2 1 1 2914 4211 2946 4890
2232 4 2 1 1 921 922 920 5055
2233 4 2 1 1 3819 4294 4369 4542
2234 4 2 1 1 2475 4135 2195 5053
2235 4 2 1 1 2499 4067 2536 4585
2236 4 2 1 1 649 656 3915 4299
2237 4 2 1 1 2860 2861 2874 4597
2238 4 2 1 1 1956 4447 4226 4481
2239 4 2 1 1 3855 4072 3874 4229
2240 4 2 1 1 3975 4397 4375 4689
2241 4 2 1 1 1855 4155 4384 4674
2242 4 2 1 1 759 4294 4208 4490
2243 4 2 1 1 4127 4499 3825 4576
2244 4 2 1 1 3844 4107 4110 4938
2245 4 2 1 1 1284 1571 1189 4875
2246 4 2 1 1 766 4395 4288 4739
2247 4 2 1 1 4731 4832 4368 4965
2248 4 2 1 1 2788 137 135 898
2249 4 2 1 1 1965 4374 1917 4603
2250 4 2 1 1 1249 4133 1402 5072
2251 4 2 1 1 3284 3285 3344 4390
2252 4 2 1 1 610 4747 3966 4937
2253 4 2 1 1 4094 4369 4183 4941
2254 4 2 1 1 2065 4304 4551 4786
2255 4 2 1 1 890 4317 4025 4441
2256 4 2 1 1 1289 1358 4049 4411
2257 4 2 1 1 4135 4215 2195 5053
2258 4 2 1 1 3951 4054 3840 4464
2259 4 2 1 1 602 4319 3981 4543
2260 4 2 1 1 2262 2253 2261 4513
2261 4 2 1 1 3965 4317 3967 4626
2262 4 2 1 1 4368 4937 4441 4973
2263 4 2 1 1 2759 2758 2757 4340
2264 4 2 1 1 3355 227 3273 3958
2265 4 2 1 1 3936 4047 799 4845
2266 4 2 1 1 1692 1422 1423 4349
2267 4 2 1 1 3821 4738 4710 4739
2268 4 2 1 1 1965 4167 1917 4374
2269 4 2 1 1 3771 3769 4544 4770
2270 4 2 1 1 4156 4370 3929 4649
2271 4 2 1 1 3884 4321 4631 4760
2272 4 2 1 1 397 1549 1586 1588
2273 4 2 1 1 3061 3101 3011 4553
2274 4 2 1 1 4317 4025 4760 4923
2275 4 2 1 1 4335 4521 4520 4711
2276 4 2 1 1 4270 3805 4392 4983
2277 4 2 1 1 3815 4410 4042 4699
2278 4 2 1 1 730 4989 4543 4994
2279 4 2 1 1 2533 2148 4515 4659
2280 4 2 1 1 3937 4303 1666 4570
2281 4 2 1 1 1162 370 1688 1679
2282 4 2 1 1 4016 4503 3934 4864
2283 4 2 1 1 2086 2658 2090 3878
2284 4 2 1 1 4368 4731 4050 4832
2285 4 2 1 1 512 3754 3749 4251
2286 4 2 1 1 1843 1908 1909 4346
2287 4 2 1 1 3093 2884 4282 4529
2288 4 2 1 1 3825 4302 4429 4513
2289 4 2 1 1 2605 4178 2728 4924
2290 4 2 1 1 306 307 4578 5016
2291 4 2 1 1 3814 3853 3940 4133
2292 4 2 1 1 967 968 966 4678
2293 4 2 1 1 1908 1732 2427 4346
2294 4 2 1 1 1919 2531 2536 4585
2295 4 2 1 1 864 1561 1387 4707
2296 4 2 1 1 1172 1628 1174 4892
2297 4 2 1 1 3021 3122 3020 4673
2298 4 2 1 1 4124 4639 4673 4721
2299 4 2 1 1 3876 4014 3862 4612
2300 4 2 1 1 611 4156 4434 4985
2301 4 2 1 1 1911 4510 4374 4854
2302 4 2 1 1 1287 4269 1166 4948
2303 4 2 1 1 3963 4241 4194 4446
2304 4 2 1 1 3000 3003 3002 4464
2305 4 2 1 1 2946 2914 2912 4211
2306 4 2 1 1 373 4393 4497 5066
2307 4 2 1 1 138 140 4214 4911
2308 4 2 1 1 2231 2233 2234 4418
2309 4 2 1 1 231 3125 232 4096
2310 4 2 1 1 2860 2850 2870 4894
2311 4 2 1 1 2915 3087 2968 4439
2312 4 2 1 1 1066 1065 1067 4505
2313 4 2 1 1 3876 4341 3854 4516
2314 4 2 1 1 611 4156 612 4508
2315 4 2 1 1 1266 890 4025 4441
2316 4 2 1 1 3823 3820 4453 4758
2317 4 2 1 1 167 152 153 2810
2318 4 2 1 1 3120 3045 2916 4721
2319 4 2 1 1 1628 944 1612 4904
2320 4 2 1 1 1330 4262 3952 4661
2321 4 2 1 1 4025 3884 4148 4729
2322 4 2 1 1 2903 2905 2969 4651
2323 4 2 1 1 3880 4027 3817 4128
2324 4 2 1 1 3123 3016 4522 4810
2325 4 2 1 1 1333 1332 917 4875
2326 4 2 1 1 4135 3864 4576 4940
2327 4 2 1 1 3969 4182 4138 4726
2328 4 2 1 1 2736 2074 2114 4179
2329 4 2 1 1 3816 3828 4548 5063
2330 4 2 1 1 105 3931 2840 5087
2331 4 2 1 1 1977 2144 2061 4915
2332 4 2 1 1 3822 4499 4535 4805
2333 4 2 1 1 619 757 638 4208
2334 4 2 1 1 487 4504 3735 4781
2335 4 2 1 1 3839 3973 4470 4930
2336 4 2 1 1 2096 4261 2187 4386
2337 4 2 1 1 784 774 753 4921
2338 4 2 1 1 3013 3007 4169 4926
2339 4 2 1 1 2055 4521 4335 4827
2340 4 2 1 1 1448 4144 997 4456
2341 4 2 1 1 3805 4449 4299 4983
2342 4 2 1 1 961 955 4024 4867
2343 4 2 1 1 4211 2946 4890 5085
2344 4 2 1 1 1435 1666 993 4662
2345 4 2 1 1 3022 3045 3120 4721
2346 4 2 1 1 2996 3010 3118 4223
2347 4 2 1 1 4020 3894 4537 4813
2348 4 2 1 1 2078 2732 2079 4184
2349 4 2 1 1 4250 3954 4899 4935
2350 4 2 1 1 3839 3915 3900 4732
2351 4 2 1 1 41 823 42 4518
2352 4 2 1 1 3849 4157 4038 4175
2353 4 2 1 1 2281 4648 4663 4695
2354 4 2 1 1 3812 4129 3834 4720
2355 4 2 1 1 3820 4188 4002 4827
2356 4 2 1 1 4156 4434 4413 4508
2357 4 2 1 1 4177 4343 4465 4628
2358 4 2 1 1 3266 3180 3301 4811
2359 4 2 1 1 4071 4103 4006 4517
2360 4 2 1 1 658 4094 659 4097
2361 4 2 1 1 3157 3162 3155 4171
2362 4 2 1 1 3820 4453 4092 4919
2363 4 2 1 1 3636 440 441 4354
2364 4 2 1 1 4277 4326 3885 4952
2365 4 2 1 1 2910 2911 2912 4211
2366 4 2 1 1 1413 4144 1448 4561
2367 4 2 1 1 2958 2961 2963 5029
2368 4 2 1 1 3998 4218 3804 4219
2369 4 2 1 1 2432 2208 2493 4497
2370 4 2 1 1 3181 3284 3287 4579
2371 4 2 1 1 3517 330 344 4671
2372 4 2 1 1 3230 4342 3361 4891
2373 4 2 1 1 3861 3927 3860 4534
2374 4 2 1 1 169 3110 3080 4982
2375 4 2 1 1 441 442 3635 4353
2376 4 2 1 1 3805 4392 4347 4716
2377 4 2 1 1 3122 2948 3057 4907
2378 4 2 1 1 1241 970 1432 4617
2379 4 2 1 1 4100 4231 3979 5083
2380 4 2 1 1 1034 1591 1412 4303
2381 4 2 1 1 3015 3004 3017 4267
2382 4 2 1 1 610 4441 4937 4973
2383 4 2 1 1 3843 4403 4764 4867
2384 4 2 1 1 3007 4656 4169 4926
2385 4 2 1 1 3822 4702 3840 4797
2386 4 2 1 1 1258 1052 1033 4303
2387 4 2 1 1 4250 4712 3946 4899
2388 4 2 1 1 612 4508 4156 4563
2389 4 2 1 1 755 4395 687 4431
2390 4 2 1 1 715 4523 4738 4739
2391 4 2 1 1 3958 4015 3938 4793
2392 4 2 1 1 3084 2908 3088 4457
2393 4 2 1 1 3951 3840 4169 4464
2394 4 2 1 1 287 3453 288 4339
2395 4 2 1 1 3115 2995 2997 4325
2396 4 2 1 1 3943 3861 4463 4807
2397 4 2 1 1 4374 4535 1918 4805
2398 4 2 1 1 954 957 4443 4644
2399 4 2 1 1 3040 3041 3015 4533
2400 4 2 1 1 4159 4284 3861 4463
2401 4 2 1 1 3358 3300 3182 4862
2402 4 2 1 1 2886 3024 4522 4733
2403 4 2 1 1 3813 3989 4463 4900
2404 4 2 1 1 945 1312 3940 4473
2405 4 2 1 1 3302 3231 4336 4524
2406 4 2 1 1 1613 4844 4441 4973
2407 4 2 1 1 2769 2772 2768 4158
2408 4 2 1 1 955 4055 4024 4867
2409 4 2 1 1 3816 4049 3922 4214
2410 4 2 1 1 611 4434 4047 4985
2411 4 2 1 1 1000 1285 3987 4322
2412 4 2 1 1 3892 4928 4149 5015
2413 4 2 1 1 2602 2130 2529 4793
2414 4 2 1 1 531 2827 4087 4111
2415 4 2 1 1 1358 4214 4049 4411
2416 4 2 1 1 1292 1361 4629 5051
2417 4 2 1 1 1082 1182 1181 4362
2418 4 2 1 1 733 4138 719 4813
2419 4 2 1 1 4288 4328 3999 4855
2420 4 2 1 1 608 607 4120 5013
2421 4 2 1 1 143 1443 2796 4157
2422 4 2 1 1 3269 3268 3270 4162
2423 4 2 1 1 4238 4437 4120 5013
2424 4 2 1 1 1751 2068 2367 4599
2425 4 2 1 1 997 1448 1413 4144
2426 4 2 1 1 4129 4720 4603 4935
2427 4 2 1 1 2371 2474 2265 4324
2428 4 2 1 1 213 1778 1780 1779
2429 4 2 1 1 1805 2185 2186 4331
2430 4 2 1 1 3879 4133 3940 4473
2431 4 2 1 1 3970 4447 3993 4733
2432 4 2 1 1 3854 3957 4381 4774
2433 4 2 1 1 1848 1958 1957 4481
2434 4 2 1 1 2081 2341 2340 4677
2435 4 2 1 1 3888 3849 4236 4266
2436 4 2 1 1 404 3581 403 4669
2437 4 2 1 1 868 891 1388 4278
2438 4 2 1 1 1008 4228 4049 4834
2439 4 2 1 1 4054 2993 4464 4673
2440 4 2 1 1 3886 4777 3826 4895
2441 4 2 1 1 3893 3935 3823 4287
2442 4 2 1 1 2370 4599 2069 5053
2443 4 2 1 1 4235 4378 3865 4528
2444 4 2 1 1 3002 4464 3003 4656
2445 4 2 1 1 3820 4177 3887 4433
2446 4 2 1 1 988 890 989 5038
2447 4 2 1 1 3098 199 200 4305
2448 4 2 1 1 3813 3830 4159 4807
2449 4 2 1 1 1229 1553 1552 4338
2450 4 2 1 1 2771 2769 2767 4158
2451 4 2 1 1 1794 1795 2278 4164
2452 4 2 1 1 4101 4270 4219 4839
2453 4 2 1 1 252 3399 3398 4402
2454 4 2 1 1 3994 4668 4219 4850
2455 4 2 1 1 3223 4343 4401 4442
2456 4 2 1 1 1179 1178 4808 4825
2457 4 2 1 1 3275 3916 3335 3931
2458 4 2 1 1 3975 4466 4379 4515
2459 4 2 1 1 142 3922 4547 4818
2460 4 2 1 1 1843 4346 1909 4854
2461 4 2 1 1 825 823 822 4518
2462 4 2 1 1 3182 4131 3304 4525
2463 4 2 1 1 3950 4487 4028 4533
2464 4 2 1 1 3807 4020 3894 4537
2465 4 2 1 1 3098 200 171 4791
2466 4 2 1 1 3815 4315 4177 4827
2467 4 2 1 1 238 160 145 2804
2468 4 2 1 1 4140 4560 4346 4930
2469 4 2 1 1 3975 4379 4323 4909
2470 4 2 1 1 1224 4726 4376 5046
2471 4 2 1 1 3874 4072 3992 4229
2472 4 2 1 1 2098 2101 2097 4121
2473 4 2 1 1 3901 3966 612 4747
2474 4 2 1 1 465 481 483 4259
2475 4 2 1 1 1267 1213 1706 4426
2476 4 2 1 1 3207 3208 3302 4598
2477 4 2 1 1 852 851 850 4981
2478 4 2 1 1 4187 3865 4378 4528
2479 4 2 1 1 2238 2235 4418 4606
2480 4 2 1 1 1834 4648 2203 4858
2481 4 2 1 1 49 4158 2769 5046
2482 4 2 1 1 3707 473 3708 4400
2483 4 2 1 1 405 3580 404 4194
2484 4 2 1 1 2155 4300 2154 4789
2485 4 2 1 1 2880 2884 4160 4709
2486 4 2 1 1 1024 1027 1026 5070
2487 4 2 1 1 1920 1964 1860 5034
2488 4 2 1 1 1224 887 35 5046
2489 4 2 1 1 1980 2602 4793 4829
2490 4 2 1 1 3950 4533 4267 4541
2491 4 2 1 1 1055 1054 1001 4912
2492 4 2 1 1 3400 3401 3397 4402
2493 4 2 1 1 3929 4753 4610 4920
2494 4 2 1 1 3805 3994 4716 4979
2495 4 2 1 1 3732 3731 482 5033
2496 4 2 1 1 4271 4710 4523 4739
2497 4 2 1 1 1598 1599 1176 4948
2498 4 2 1 1 3160 3289 4396 4701
2499 4 2 1 1 207 3373 206 4613
2500 4 2 1 1 2841 4594 3865 4648
2501 4 2 1 1 1599 1598 1138 4948
2502 4 2 1 1 3021 3122 4673 4907
2503 4 2 1 1 1894 1893 4292 4843
2504 4 2 1 1 1590 1544 1552 4332
2505 4 2 1 1 4293 4429 3932 4513
2506 4 2 1 1 602 601 1589 4644
2507 4 2 1 1 4101 4550 4392 4716
2508 4 2 1 1 3973 4470 4370 4563
2509 4 2 1 1 1752 2070 4599 5017
2510 4 2 1 1 3661 3662 3667 4122
2511 4 2 1 1 169 167 4528 4982
2512 4 2 1 1 3972 4020 3868 4376
2513 4 2 1 1 3511 3517 3510 4500
2514 4 2 1 1 673 668 3981 4110
2515 4 2 1 1 752 675 768 4392
2516 4 2 1 1 409 4321 4630 4683
2517 4 2 1 1 730 742 3843 4543
2518 4 2 1 1 3332 4007 3328 4987
2519 4 2 1 1 3821 3862 4409 4612
2520 4 2 1 1 1897 4189 1900 4645
2521 4 2 1 1 3166 3182 3168 4862
2522 4 2 1 1 3023 3024 3010 4223
2523 4 2 1 1 3865 4160 3824 4487
2524 4 2 1 1 1118 1180 1179 4808
2525 4 2 1 1 3758 498 499 4130
2526 4 2 1 1 2098 4121 2097 4261
2527 4 2 1 1 3244 3246 3247 4896
2528 4 2 1 1 4028 4533 4487 4963
2529 4 2 1 1 3929 4649 4370 5037
2530 4 2 1 1 784 753 4270 4921
2531 4 2 1 1 3926 3927 3862 4014
2532 4 2 1 1 685 4009 4006 4814
2533 4 2 1 1 483 467 465 4259
2534 4 2 1 1 967 4435 4038 4678
2535 4 2 1 1 2404 1795 1793 4164
2536 4 2 1 1 3013 3007 3008 4809
2537 4 2 1 1 1439 1683 1684 4476
2538 4 2 1 1 1921 1862 2220 5034
2539 4 2 1 1 385 4121 4085 5062
2540 4 2 1 1 3246 3249 3248 4896
2541 4 2 1 1 3884 4050 4622 4729
2542 4 2 1 1 3057 4125 3037 4639
2543 4 2 1 1 488 3713 489 4504
2544 4 2 1 1 2062 4196 2063 4460
2545 4 2 1 1 2610 4302 4603 4805
2546 4 2 1 1 3934 4691 689 4865
2547 4 2 1 1 2185 1880 2186 4616
2548 4 2 1 1 3946 4427 4227 4737
2549 4 2 1 1 3525 331 329 4671
2550 4 2 1 1 2118 2610 4302 4603
2551 4 2 1 1 3788 526 3786 4638
2552 4 2 1 1 3788 3787 523 4638
2553 4 2 1 1 2962 3090 2987 4685
2554 4 2 1 1 2146 2116 4329 4585
2555 4 2 1 1 1446 842 894 4236
2556 4 2 1 1 979 4296 1232 5035
2557 4 2 1 1 1399 1263 984 4488
2558 4 2 1 1 3805 4370 3839 4449
2559 4 2 1 1 4244 4668 3929 4979
2560 4 2 1 1 3881 4227 4080 4712
2561 4 2 1 1 4121 4261 385 4848
2562 4 2 1 1 3819 4550 4101 4716
2563 4 2 1 1 1658 1209 959 4146
2564 4 2 1 1 3282 3300 3358 4862
2565 4 2 1 1 4079 4117 3860 4711
2566 4 2 1 1 3995 3895 4247 4908
2567 4 2 1 1 852 853 851 5032
2568 4 2 1 1 502 518 503 4150
2569 4 2 1 1 518 519 503 4150
2570 4 2 1 1 2910 2909 2911 4907
2571 4 2 1 1 3013 4522 4809 4810
2572 4 2 1 1 3957 4516 3827 4628
2573 4 2 1 1 919 826 888 5046
2574 4 2 1 1 597 4363 4041 4624
2575 4 2 1 1 3845 3809 4399 4609
2576 4 2 1 1 4135 4283 3971 4576
2577 4 2 1 1 2404 2405 1959 4481
2578 4 2 1 1 751 764 4271 4288
2579 4 2 1 1 4131 4557 4287 4842
2580 4 2 1 1 3164 3157 3282 4862
2581 4 2 1 1 1162 1688 370 1689
2582 4 2 1 1 4543 4644 4641 4847
2583 4 2 1 1 2067 2195 1743 4215
2584 4 2 1 1 794 3905 4610 4985
2585 4 2 1 1 3839 3901 4370 4470
2586 4 2 1 1 2097 4121 2100 4718
2587 4 2 1 1 3133 3132 3129 4598
2588 4 2 1 1 1003 1633 1002 4922
2589 4 2 1 1 4177 4315 3810 4433
2590 4 2 1 1 227 3416 3412 4123
2591 4 2 1 1 759 779 4231 4294
2592 4 2 1 1 142 1004 140 4818
2593 4 2 1 1 233 3303 3201 4524
2594 4 2 1 1 3658 455 3659 4444
2595 4 2 1 1 631 4259 4073 4691
2596 4 2 1 1 1848 4481 4226 4952
2597 4 2 1 1 3126 3306 3305 4162
2598 4 2 1 1 1822 2358 1820 4750
2599 4 2 1 1 775 4101 777 4270
2600 4 2 1 1 4040 4236 3849 4266
2601 4 2 1 1 3641 3653 4230 4353
2602 4 2 1 1 50 49 2769 5046
2603 4 2 1 1 718 4081 4722 4888
2604 4 2 1 1 4190 4341 3827 4516
2605 4 2 1 1 3177 3291 3233 4337
2606 4 2 1 1 3963 3884 4059 4148
2607 4 2 1 1 3835 3923 4489 5019
2608 4 2 1 1 707 3969 682 4726
2609 4 2 1 1 4167 4510 4374 4720
2610 4 2 1 1 1910 4167 4563 4854
2611 4 2 1 1 3760 506 505 4348
2612 4 2 1 1 1404 937 4473 4653
2613 4 2 1 1 4169 3840 4267 4541
2614 4 2 1 1 517 4388 3976 5018
2615 4 2 1 1 742 4543 3844 4556
2616 4 2 1 1 667 4631 3965 5023
2617 4 2 1 1 757 619 773 4208
2618 4 2 1 1 1258 994 1052 4303
2619 4 2 1 1 4271 4356 4920 4921
2620 4 2 1 1 733 743 4562 4813
2621 4 2 1 1 2348 2347 2112 4085
2622 4 2 1 1 3967 4482 4317 4570
2623 4 2 1 1 692 693 4093 4120
2624 4 2 1 1 4229 4280 3874 4850
2625 4 2 1 1 2223 2226 2227 4694
2626 4 2 1 1 727 4626 4482 4964
2627 4 2 1 1 3830 3881 4227 4463
2628 4 2 1 1 1021 1019 1045 5006
2629 4 2 1 1 886 1225 954 4055
2630 4 2 1 1 3173 3172 3170 4525
2631 4 2 1 1 2039 2041 2024 4636
2632 4 2 1 1 1883 4304 2595 4551
2633 4 2 1 1 3889 3869 3959 4141
2634 4 2 1 1 3525 4212 331 4671
2635 4 2 1 1 2277 1802 1800 4330
2636 4 2 1 1 490 3707 489 3734
2637 4 2 1 1 3965 3967 601 4847
2638 4 2 1 1 2824 2842 2823 4913
2639 4 2 1 1 4042 4521 3815 4711
2640 4 2 1 1 3241 3359 4298 4632
2641 4 2 1 1 4116 3911 4593 4803
2642 4 2 1 1 4073 4259 3985 4691
2643 4 2 1 1 3121 2981 2986 4880
2644 4 2 1 1 4047 4728 799 4845
2645 4 2 1 1 3153 3192 3151 4783
2646 4 2 1 1 1647 1485 1648 4224
2647 4 2 1 1 2143 4470 3973 4563
2648 4 2 1 1 4134 4250 3866 4882
2649 4 2 1 1 4101 775 4675 4921
2650 4 2 1 1 3813 4413 4244 4753
2651 4 2 1 1 3155 3156 3157 4841
2652 4 2 1 1 4250 4272 3866 4882
2653 4 2 1 1 3085 4282 2956 4529
2654 4 2 1 1 4204 4773 3830 4806
2655 4 2 1 1 3021 3032 3122 4907
2656 4 2 1 1 1177 1630 1122 4581
2657 4 2 1 1 2474 2371 2473 4324
2658 4 2 1 1 3877 4287 4188 4761
2659 4 2 1 1 3960 4716 3994 4979
2660 4 2 1 1 3886 3948 3826 4192
2661 4 2 1 1 1834 2150 4648 4858
2662 4 2 1 1 736 3851 725 4138
2663 4 2 1 1 3242 3359 4632 4778
2664 4 2 1 1 676 4294 754 4490
2665 4 2 1 1 3825 4499 4127 4702
2666 4 2 1 1 4154 4295 810 4618
2667 4 2 1 1 3804 4100 3979 5083
2668 4 2 1 1 727 4962 4482 4994
2669 4 2 1 1 4737 4897 3932 4958
2670 4 2 1 1 758 4234 4208 4328
2671 4 2 1 1 1765 1766 1764 5040
2672 4 2 1 1 736 4138 719 5075
2673 4 2 1 1 4055 4443 4024 4644
2674 4 2 1 1 1895 4292 4189 4660
2675 4 2 1 1 1742 2066 1743 4478
2676 4 2 1 1 1241 3944 970 4617
2677 4 2 1 1 768 675 653 4392
2678 4 2 1 1 3904 4394 4122 4898
2679 4 2 1 1 179 4380 3378 4634
2680 4 2 1 1 3051 3068 4022 4312
2681 4 2 1 1 2282 1766 1956 4447
2682 4 2 1 1 3292 3293 3176 4233
2683 4 2 1 1 2060 3938 4637 4793
2684 4 2 1 1 1883 1882 4703 4786
2685 4 2 1 1 3850 4761 4711 4827
2686 4 2 1 1 1803 2702 2716 4331
2687 4 2 1 1 3813 4413 3984 4434
2688 4 2 1 1 3116 4312 3066 4377
2689 4 2 1 1 635 4490 4489 4491
2690 4 2 1 1 2630 2688 1916 4591
2691 4 2 1 1 4116 4606 4593 4704
2692 4 2 1 1 4346 4563 4167 4854
2693 4 2 1 1 2083 2086 3878 4421
2694 4 2 1 1 2056 2055 4188 5002
2695 4 2 1 1 3989 4304 4159 4463
2696 4 2 1 1 4025 4317 890 4923
2697 4 2 1 1 1726 1727 1729 4886
2698 4 2 1 1 4021 4022 3866 4312
2699 4 2 1 1 2627 3560 2496 111
2700 4 2 1 1 4129 4773 4244 4779
2701 4 2 1 1 3815 4042 4410 4933
2702 4 2 1 1 4042 4520 4521 4711
2703 4 2 1 1 3287 3135 3136 4976
2704 4 2 1 1 4449 4270 4839 5037
2705 4 2 1 1 3489 3496 4530 4715
2706 4 2 1 1 885 1225 886 4360
2707 4 2 1 1 4042 4521 1839 4657
2708 4 2 1 1 3993 4809 4170 4810
2709 4 2 1 1 1540 1600 1553 4338
2710 4 2 1 1 4085 4121 3902 4925
2711 4 2 1 1 823 824 822 4518
2712 4 2 1 1 491 3734 490 4504
2713 4 2 1 1 3130 3269 3356 4162
2714 4 2 1 1 4594 4648 2150 4858
2715 4 2 1 1 232 3418 231 4614
2716 4 2 1 1 1487 1092 1576 4200
2717 4 2 1 1 3942 4173 3926 4831
2718 4 2 1 1 948 937 936 4654
2719 4 2 1 1 3996 3868 4697 4722
2720 4 2 1 1 3806 4423 4395 4865
2721 4 2 1 1 1352 1354 1350 4629
2722 4 2 1 1 2901 4407 2899 4639
2723 4 2 1 1 616 4430 632 4511
2724 4 2 1 1 763 4231 779 4550
2725 4 2 1 1 891 866 1359 4278
2726 4 2 1 1 3130 4162 3343 4382
2727 4 2 1 1 3093 4282 2884 4709
2728 4 2 1 1 4183 4369 3924 4689
2729 4 2 1 1 3963 4059 3884 4446
2730 4 2 1 1 3984 4413 3813 4461
2731 4 2 1 1 4562 4813 3894 5030
2732 4 2 1 1 4020 3807 4545 4812
2733 4 2 1 1 3829 4427 4227 4463
2734 4 2 1 1 3057 4125 4639 4673
2735 4 2 1 1 209 3371 208 4705
2736 4 2 1 1 770 776 756 4523
2737 4 2 1 1 1912 2630 1914 4510
2738 4 2 1 1 3924 4114 3835 4492
2739 4 2 1 1 1107 367 1573 1396
2740 4 2 1 1 3810 4466 4323 4515
2741 4 2 1 1 3976 3835 4492 5019
2742 4 2 1 1 3199 3198 3216 4557
2743 4 2 1 1 3682 4122 459 4762
2744 4 2 1 1 1846 4576 4127 4663
2745 4 2 1 1 3272 4469 3235 4632
2746 4 2 1 1 3924 4491 4369 4492
2747 4 2 1 1 1919 4510 4585 4754
2748 4 2 1 1 3896 4965 4964 5022
2749 4 2 1 1 3031 4029 3091 4455
2750 4 2 1 1 3689 4112 4203 4978
2751 4 2 1 1 3834 3921 3939 4559
2752 4 2 1 1 1313 1312 4473 4589
2753 4 2 1 1 2615 2373 2374 4127
2754 4 2 1 1 2412 2654 2643 4459
2755 4 2 1 1 620 740 636 4041
2756 4 2 1 1 3884 4622 4059 4729
2757 4 2 1 1 4120 4534 4409 5013
2758 4 2 1 1 1854 2121 2138 4567
2759 4 2 1 1 849 1281 846 4266
2760 4 2 1 1 675 4392 752 4550
2761 4 2 1 1 2371 2069 4599 5053
2762 4 2 1 1 3529 335 257 4849
2763 4 2 1 1 793 4609 4356 4610
2764 4 2 1 1 886 828 885 4360
2765 4 2 1 1 1359 861 858 4546
2766 4 2 1 1 2477 1898 4189 4925
2767 4 2 1 1 2824 3856 2842 4913
2768 4 2 1 1 2375 2307 2309 4677
2769 4 2 1 1 4487 4809 4170 4858
2770 4 2 1 1 3940 4133 3853 4473
2771 4 2 1 1 500 499 4161 4652
2772 4 2 1 1 3816 3828 3811 4548
2773 4 2 1 1 3854 3961 3957 4830
2774 4 2 1 1 4471 4693 4527 4840
2775 4 2 1 1 3814 3880 3811 4763
2776 4 2 1 1 423 3609 3618 4665
2777 4 2 1 1 2426 2578 2193 4680
2778 4 2 1 1 4466 3923 4640 4909
2779 4 2 1 1 3228 3227 3226 4442
2780 4 2 1 1 708 722 701 4058
2781 4 2 1 1 4294 4369 3808 4491
2782 4 2 1 1 4258 4425 484 4801
2783 4 2 1 1 3896 4317 4025 4760
2784 4 2 1 1 757 638 4208 4957
2785 4 2 1 1 2918 2911 3032 4907
2786 4 2 1 1 3821 4409 4238 4738
2787 4 2 1 1 3967 4024 3843 4367
2788 4 2 1 1 1733 4316 1881 4786
2789 4 2 1 1 3826 4777 4567 4895
2790 4 2 1 1 766 755 769 4855
2791 4 2 1 1 2264 4744 3971 5053
2792 4 2 1 1 1747 1746 1748 3803
2793 4 2 1 1 1795 2545 2537 4164
2794 4 2 1 1 3360 4298 4821 4988
2795 4 2 1 1 3887 4433 4177 4465
2796 4 2 1 1 3670 458 3661 4122
2797 4 2 1 1 1183 4166 3987 4286
2798 4 2 1 1 4268 4725 451 4796
2799 4 2 1 1 1794 1793 4164 4380
2800 4 2 1 1 2734 2442 2681 4625
2801 4 2 1 1 2187 4216 3878 4421
2802 4 2 1 1 2209 2581 2207 4802
2803 4 2 1 1 3868 4020 4697 4812
2804 4 2 1 1 2628 1944 2626 4497
2805 4 2 1 1 3830 4463 4159 4807
2806 4 2 1 1 1444 4024 1345 4867
2807 4 2 1 1 2043 4015 2060 4637
2808 4 2 1 1 4204 4713 3862 4753
2809 4 2 1 1 1244 947 1287 4948
2810 4 2 1 1 3956 4003 3957 4628
2811 4 2 1 1 454 3660 3659 4444
2812 4 2 1 1 3918 4312 4277 4326
2813 4 2 1 1 1262 918 1263 4666
2814 4 2 1 1 3820 4002 3935 4343
2815 4 2 1 1 2164 2179 2167 5050
2816 4 2 1 1 4277 4535 3885 4754
2817 4 2 1 1 3966 4050 797 4728
2818 4 2 1 1 1608 4426 1267 4474
2819 4 2 1 1 715 4357 697 4738
2820 4 2 1 1 3835 3892 4114 4397
2821 4 2 1 1 3823 4453 2145 4758
2822 4 2 1 1 3902 4189 4118 4925
2823 4 2 1 1 1103 1711 1101 5051
2824 4 2 1 1 3843 4024 3967 4644
2825 4 2 1 1 1434 1180 1433 4650
2826 4 2 1 1 2622 2046 4188 4637
2827 4 2 1 1 3865 4485 2841 4648
2828 4 2 1 1 759 754 4294 4490
2829 4 2 1 1 4167 4603 4129 4720
2830 4 2 1 1 2777 2778 2776 4762
2831 4 2 1 1 2096 2187 2401 4386
2832 4 2 1 1 3967 4146 1589 4644
2833 4 2 1 1 4204 4244 3813 4773
2834 4 2 1 1 4169 4223 3970 4522
2835 4 2 1 1 1841 1840 1733 4786
2836 4 2 1 1 439 3632 3633 5012
2837 4 2 1 1 3049 3067 3051 4312
2838 4 2 1 1 836 1263 918 4666
2839 4 2 1 1 2038 4106 2021 4672
2840 4 2 1 1 3519 3516 4213 4849
2841 4 2 1 1 3821 4288 4220 4868
2842 4 2 1 1 3811 4548 4367 4763
2843 4 2 1 1 4464 4673 3003 4721
2844 4 2 1 1 1332 837 917 4873
2845 4 2 1 1 2973 2972 3106 4655
2846 4 2 1 1 3806 4699 4016 4864
2847 4 2 1 1 4085 4118 2348 4925
2848 4 2 1 1 3034 3063 3113 4604
2849 4 2 1 1 3825 4429 4302 4499
2850 4 2 1 1 3187 3188 3193 4289
2851 4 2 1 1 1601 1675 1125 4869
2852 4 2 1 1 3813 4129 4244 4508
2853 4 2 1 1 4404 4509 3838 5042
2854 4 2 1 1 2373 2281 1846 4663
2855 4 2 1 1 2943 2939 2950 4283
2856 4 2 1 1 3986 4286 4166 4922
2857 4 2 1 1 4410 4820 4430 4833
2858 4 2 1 1 1930 1928 1931 4939
2859 4 2 1 1 3933 4430 4073 4960
2860 4 2 1 1 3915 3900 4180 4658
2861 4 2 1 1 3298 3245 3271 4564
2862 4 2 1 1 2210 1772 4447 4686
2863 4 2 1 1 3813 4204 3830 4807
2864 4 2 1 1 2671 4563 4167 4603
2865 4 2 1 1 332 333 3529 4500
2866 4 2 1 1 766 778 4395 4739
2867 4 2 1 1 3052 3050 3051 4483
2868 4 2 1 1 3808 4690 4874 4909
2869 4 2 1 1 3754 4518 13 4624
2870 4 2 1 1 1127 1564 1132 4582
2871 4 2 1 1 627 3898 637 4640
2872 4 2 1 1 2263 4499 4127 4576
2873 4 2 1 1 1258 4303 4440 4588
2874 4 2 1 1 1408 601 4321 4923
2875 4 2 1 1 2398 2660 2600 4398
2876 4 2 1 1 1839 1735 1927 4566
2877 4 2 1 1 1672 1138 1139 4948
2878 4 2 1 1 3835 4114 3976 4492
2879 4 2 1 1 2178 4035 2169 5050
2880 4 2 1 1 4520 4534 4016 4864
2881 4 2 1 1 2806 147 2801 4600
2882 4 2 1 1 2154 2428 1787 4300
2883 4 2 1 1 4219 4270 4101 4921
2884 4 2 1 1 3226 3229 3228 4442
2885 4 2 1 1 3935 4343 4002 4401
2886 4 2 1 1 2922 2921 2923 4417
2887 4 2 1 1 2475 2274 2620 4576
2888 4 2 1 1 144 2796 1443 4157
2889 4 2 1 1 3701 4203 478 4978
2890 4 2 1 1 3305 3126 4300 4792
2891 4 2 1 1 3923 3835 4489 4909
2892 4 2 1 1 3862 3927 3926 4807
2893 4 2 1 1 2143 1843 1910 4563
2894 4 2 1 1 3810 4315 4515 4659
2895 4 2 1 1 3897 4186 4054 4385
2896 4 2 1 1 4277 4535 3822 4952
2897 4 2 1 1 3805 4101 4716 4839
2898 4 2 1 1 1889 4239 4703 4743
2899 4 2 1 1 3958 4494 2130 4767
2900 4 2 1 1 4576 4663 4389 4940
2901 4 2 1 1 1170 370 1162 1679
2902 4 2 1 1 3051 4312 4022 4483
2903 4 2 1 1 3805 3960 4347 4930
2904 4 2 1 1 2964 3085 3093 4282
2905 4 2 1 1 4250 4605 3954 4935
2906 4 2 1 1 1706 1211 1218 4580
2907 4 2 1 1 3843 4403 4044 4846
2908 4 2 1 1 2533 4205 600 4315
2909 4 2 1 1 1863 2221 2220 4494
2910 4 2 1 1 3855 3874 4264 4727
2911 4 2 1 1 2476 2019 2020 4196
2912 4 2 1 1 501 4107 4484 4652
2913 4 2 1 1 651 4013 4646 4647
2914 4 2 1 1 1622 1285 897 4286
2915 4 2 1 1 3974 695 4093 4151
2916 4 2 1 1 3313 4611 3312 4919
2917 4 2 1 1 2631 3997 4771 5078
2918 4 2 1 1 3821 4395 4855 4868
2919 4 2 1 1 1421 4049 1358 4214
2920 4 2 1 1 4020 4376 3972 4980
2921 4 2 1 1 2187 4261 3878 4386
2922 4 2 1 1 3587 4241 4194 4954
2923 4 2 1 1 1839 1927 4520 4566
2924 4 2 1 1 3145 3331 3147 4486
2925 4 2 1 1 3924 3835 4491 4492
2926 4 2 1 1 1941 2072 3258 4257
2927 4 2 1 1 4541 4663 4648 4695
2928 4 2 1 1 236 3325 237 4168
2929 4 2 1 1 3862 3876 4612 4713
2930 4 2 1 1 605 4517 4561 5030
2931 4 2 1 1 4221 4568 4302 4603
2932 4 2 1 1 4407 4439 2960 4455
2933 4 2 1 1 3877 4287 3215 4794
2934 4 2 1 1 2749 2750 2748 4781
2935 4 2 1 1 2268 4999 2558 5067
2936 4 2 1 1 3445 292 293 4531
2937 4 2 1 1 2981 3076 4623 4880
2938 4 2 1 1 3868 3996 4697 4772
2939 4 2 1 1 3832 4017 3886 4018
2940 4 2 1 1 970 4027 1432 4617
2941 4 2 1 1 2533 4315 600 4521
2942 4 2 1 1 1276 1002 4166 4922
2943 4 2 1 1 326 4113 325 5009
2944 4 2 1 1 2475 4135 2274 4576
2945 4 2 1 1 3822 3818 4277 5068
2946 4 2 1 1 3054 3002 4656 4926
2947 4 2 1 1 3810 4433 4315 4659
2948 4 2 1 1 2542 2596 2411 4459
2949 4 2 1 1 4016 4711 4520 4864
2950 4 2 1 1 2622 4636 2044 4637
2951 4 2 1 1 3819 4100 4716 5083
2952 4 2 1 1 3989 4508 4221 4900
2953 4 2 1 1 3292 3349 3294 4342
2954 4 2 1 1 1533 1590 396 1531
2955 4 2 1 1 3886 4674 3826 4777
2956 4 2 1 1 416 47 4730 4747
2957 4 2 1 1 2429 2428 2071 3913
2958 4 2 1 1 3195 3184 3194 4289
2959 4 2 1 1 4281 4453 3859 4919
2960 4 2 1 1 4188 4287 4002 4761
2961 4 2 1 1 1825 1942 1824 4393
2962 4 2 1 1 3883 4182 3969 4290
2963 4 2 1 1 2400 2390 2392 4932
2964 4 2 1 1 1333 917 1654 4875
2965 4 2 1 1 3672 3660 453 4344
2966 4 2 1 1 690 4431 4395 4511
2967 4 2 1 1 725 4722 4081 4888
2968 4 2 1 1 3984 4437 4551 4786
2969 4 2 1 1 3854 3957 4774 4830
2970 4 2 1 1 1119 1425 1490 4252
2971 4 2 1 1 3860 4534 3927 4711
2972 4 2 1 1 2861 2859 2862 4597
2973 4 2 1 1 3984 4238 4461 5065
2974 4 2 1 1 708 733 722 4058
2975 4 2 1 1 3811 4049 3937 4303
2976 4 2 1 1 1508 1372 1235 4799
2977 4 2 1 1 3018 3019 3022 4721
2978 4 2 1 1 3344 3286 3288 4192
2979 4 2 1 1 3821 4423 4395 4868
2980 4 2 1 1 2041 2591 3941 4636
2981 4 2 1 1 4286 4617 3842 4764
2982 4 2 1 1 3062 3930 3061 4553
2983 4 2 1 1 682 703 719 4138
2984 4 2 1 1 4308 4712 4250 4899
2985 4 2 1 1 2708 1856 4384 4777
2986 4 2 1 1 716 615 634 3919
2987 4 2 1 1 1095 1090 1093 4493
2988 4 2 1 1 3874 3992 3939 4229
2989 4 2 1 1 2822 2835 2817 4378
2990 4 2 1 1 3284 3344 4192 4390
2991 4 2 1 1 2794 1575 143 963
2992 4 2 1 1 1053 4443 1427 4586
2993 4 2 1 1 3922 4049 3816 4228
2994 4 2 1 1 1066 4069 1347 4480
2995 4 2 1 1 3998 4219 3929 4668
2996 4 2 1 1 482 4318 4502 4583
2997 4 2 1 1 3862 4014 3927 4612
2998 4 2 1 1 3821 4409 4423 4868
2999 4 2 1 1 3830 4773 3813 4900
3000 4 2 1 1 2181 2719 2180 4627
3001 4 2 1 1 1001 4456 4166 4912
3002 4 2 1 1 3900 4295 798 4732
3003 4 2 1 1 3871 4329 4615 4681
3004 4 2 1 1 3877 4424 4335 4636
3005 4 2 1 1 2004 2470 2359 4291
3006 4 2 1 1 4122 4394 3904 4495
3007 4 2 1 1 2883 4215 3086 4324
3008 4 2 1 1 1317 4133 927 4589
3009 4 2 1 1 852 851 4981 5032
3010 4 2 1 1 2145 1954 1955 4453
3011 4 2 1 1 4068 4452 4759 4816
3012 4 2 1 1 3820 4315 4177 4433
3013 4 2 1 1 2957 198 2956 5039
3014 4 2 1 1 3101 180 4553 4634
3015 4 2 1 1 3175 3277 3169 4778
3016 4 2 1 1 3643 3641 3635 4353
3017 4 2 1 1 2202 4375 4515 4843
3018 4 2 1 1 1184 1433 3986 4922
3019 4 2 1 1 3951 4169 3840 4267
3020 4 2 1 1 327 3492 326 4530
3021 4 2 1 1 2947 2914 2946 4890
3022 4 2 1 1 2624 4520 1927 5079
3023 4 2 1 1 3039 3055 4601 4602
3024 4 2 1 1 3822 3818 4499 4805
3025 4 2 1 1 1613 4441 610 4973
3026 4 2 1 1 1256 1235 4799 4903
3027 4 2 1 1 3713 488 3725 4351
3028 4 2 1 1 631 688 4259 4691
3029 4 2 1 1 145 2848 146 4111
3030 4 2 1 1 1956 4226 1848 4481
3031 4 2 1 1 3157 4171 3282 4862
3032 4 2 1 1 30 3768 3781 4886
3033 4 2 1 1 4183 3975 4689 4902
3034 4 2 1 1 1851 4674 1855 4777
3035 4 2 1 1 1764 1763 3993 4447
3036 4 2 1 1 611 4434 4156 4508
3037 4 2 1 1 1408 4317 601 4923
3038 4 2 1 1 1464 1466 1465 4765
3039 4 2 1 1 3894 4562 4537 4813
3040 4 2 1 1 3994 4850 4219 5083
3041 4 2 1 1 4067 4329 2147 4615
3042 4 2 1 1 3304 3339 3316 4621
3043 4 2 1 1 1918 4535 2273 4805
3044 4 2 1 1 3550 3551 3552 4163
3045 4 2 1 1 1318 4473 949 5072
3046 4 2 1 1 1805 2486 2185 4331
3047 4 2 1 1 415 3602 414 4446
3048 4 2 1 1 3036 4604 2921 4769
3049 4 2 1 1 1826 1824 1827 4414
3050 4 2 1 1 4395 4423 3821 4738
3051 4 2 1 1 701 696 4058 4517
3052 4 2 1 1 3891 3846 4512 4559
3053 4 2 1 1 2230 2224 2228 4694
3054 4 2 1 1 1261 982 1445 4232
3055 4 2 1 1 3842 4763 3880 4968
3056 4 2 1 1 1232 979 1233 4296
3057 4 2 1 1 17 3780 3773 4886
3058 4 2 1 1 3267 3254 3268 4382
3059 4 2 1 1 2023 2063 2062 4196
3060 4 2 1 1 4536 4537 741 4846
3061 4 2 1 1 3908 3865 4187 4528
3062 4 2 1 1 2587 2212 2041 4636
3063 4 2 1 1 3113 2998 4325 4604
3064 4 2 1 1 970 3944 4027 4617
3065 4 2 1 1 3806 3847 4410 4936
3066 4 2 1 1 3331 3212 3213 4790
3067 4 2 1 1 3905 4413 4156 4434
3068 4 2 1 1 3894 4456 4020 4545
3069 4 2 1 1 478 3701 3696 4203
3070 4 2 1 1 3908 4378 3865 4485
3071 4 2 1 1 1928 1930 1929 4521
3072 4 2 1 1 4116 4606 2249 4803
3073 4 2 1 1 3809 4523 4356 4920
3074 4 2 1 1 707 694 4093 4726
3075 4 2 1 1 3666 3667 3662 4572
3076 4 2 1 1 3845 3980 4609 4749
3077 4 2 1 1 456 3681 455 4444
3078 4 2 1 1 1329 4363 4360 4867
3079 4 2 1 1 3354 3325 3342 4168
3080 4 2 1 1 2219 4084 2072 4257
3081 4 2 1 1 3975 3810 4515 5041
3082 4 2 1 1 1033 4303 1032 4440
3083 4 2 1 1 3834 3833 3921 4559
3084 4 2 1 1 1388 870 868 4278
3085 4 2 1 1 2719 2718 2176 4432
3086 4 2 1 1 3364 3266 3262 4396
3087 4 2 1 1 2862 2859 2864 4597
3088 4 2 1 1 4140 4347 4094 4560
3089 4 2 1 1 4450 4505 1065 4908
3090 4 2 1 1 1452 1453 1491 4349
3091 4 2 1 1 3882 3903 4706 4971
3092 4 2 1 1 136 138 4214 4577
3093 4 2 1 1 430 4057 431 4154
3094 4 2 1 1 3056 2938 3095 4422
3095 4 2 1 1 2897 2898 2899 4407
3096 4 2 1 1 3806 4234 4431 4855
3097 4 2 1 1 1285 1622 1183 4286
3098 4 2 1 1 3960 4785 4560 4930
3099 4 2 1 1 651 4646 3964 4647
3100 4 2 1 1 3551 3550 364 4163
3101 4 2 1 1 3231 3334 3206 5043
3102 4 2 1 1 2846 2844 93 3863
3103 4 2 1 1 3934 4423 4016 4865
3104 4 2 1 1 3890 3917 3891 4404
3105 4 2 1 1 3935 3893 4131 4287
3106 4 2 1 1 3838 3890 4404 4861
3107 4 2 1 1 1712 1380 1347 4069
3108 4 2 1 1 3806 4833 4234 4855
3109 4 2 1 1 3322 4343 3224 4628
3110 4 2 1 1 1903 1901 1900 4645
3111 4 2 1 1 2959 2958 2941 4455
3112 4 2 1 1 1728 1727 1726 4886
3113 4 2 1 1 995 996 1589 4570
3114 4 2 1 1 3960 4512 4280 4716
3115 4 2 1 1 3865 3908 3824 4160
3116 4 2 1 1 3273 3330 3127 3958
3117 4 2 1 1 3896 4317 3937 4441
3118 4 2 1 1 3821 4855 4288 4868
3119 4 2 1 1 3416 3412 4123 4538
3120 4 2 1 1 1605 1495 1494 4869
3121 4 2 1 1 2194 3993 1923 4334
3122 4 2 1 1 1402 4133 1403 5055
3123 4 2 1 1 396 1543 1590 1533
3124 4 2 1 1 2604 1905 2605 4645
3125 4 2 1 1 597 4363 1329 4867
3126 4 2 1 1 3866 4422 3945 5085
3127 4 2 1 1 4002 4287 3935 4401
3128 4 2 1 1 4376 4812 3868 4813
3129 4 2 1 1 3852 3964 3884 4647
3130 4 2 1 1 3147 3148 3146 4297
3131 4 2 1 1 3874 3870 4264 4727
3132 4 2 1 1 3191 4007 3197 4794
3133 4 2 1 1 1900 1897 2678 4189
3134 4 2 1 1 932 4480 1050 4977
3135 4 2 1 1 3361 4342 3222 4343
3136 4 2 1 1 2816 2840 2833 4569
3137 4 2 1 1 2855 135 137 4894
3138 4 2 1 1 884 998 997 4322
3139 4 2 1 1 2203 4858 4170 5040
3140 4 2 1 1 4060 4646 4295 4647
3141 4 2 1 1 670 3924 4369 4492
3142 4 2 1 1 705 4399 4357 4523
3143 4 2 1 1 821 4518 822 4540
3144 4 2 1 1 3856 4174 4095 4565
3145 4 2 1 1 1310 1311 929 4589
3146 4 2 1 1 140 142 3922 4175
3147 4 2 1 1 3837 3890 4404 4509
3148 4 2 1 1 1919 4374 2710 4510
3149 4 2 1 1 3806 4855 4395 4868
3150 4 2 1 1 3124 3128 3129 4174
3151 4 2 1 1 3064 2931 3034 4804
3152 4 2 1 1 95 4485 1737 4663
3153 4 2 1 1 3837 4189 4092 4292
3154 4 2 1 1 3841 3879 4454 4545
3155 4 2 1 1 84 2761 83 4142
3156 4 2 1 1 3749 3740 511 4251
3157 4 2 1 1 3975 4515 4292 5041
3158 4 2 1 1 402 3605 403 4664
3159 4 2 1 1 635 4489 613 4491
3160 4 2 1 1 1911 1917 1965 4167
3161 4 2 1 1 1153 1694 1693 4358
3162 4 2 1 1 3886 4390 4192 4674
3163 4 2 1 1 522 3787 521 4199
3164 4 2 1 1 3843 4363 4543 4556
3165 4 2 1 1 3101 180 3083 4553
3166 4 2 1 1 1448 605 4561 5030
3167 4 2 1 1 1658 4146 959 4443
3168 4 2 1 1 1692 1631 1108 4349
3169 4 2 1 1 830 1347 1411 4480
3170 4 2 1 1 3712 3711 490 4504
3171 4 2 1 1 1955 2145 4453 4758
3172 4 2 1 1 3915 4347 4140 4991
3173 4 2 1 1 94 2843 2838 4485
3174 4 2 1 1 123 2760 4242 4752
3175 4 2 1 1 4218 4220 3804 4835
3176 4 2 1 1 3632 439 440 4354
3177 4 2 1 1 4637 4642 3938 4767
3178 4 2 1 1 1620 3995 940 4908
3179 4 2 1 1 760 4328 4231 4675
3180 4 2 1 1 4510 4591 3833 4854
3181 4 2 1 1 1111 1712 4069 4670
3182 4 2 1 1 1848 4226 4797 4952
3183 4 2 1 1 4190 3804 4220 4835
3184 4 2 1 1 172 4529 3098 4791
3185 4 2 1 1 1571 1284 1205 4666
3186 4 2 1 1 1950 1943 2432 4393
3187 4 2 1 1 2647 2161 2141 4998
3188 4 2 1 1 1077 1079 1081 4661
3189 4 2 1 1 3996 4722 4368 4973
3190 4 2 1 1 3859 3887 4105 4919
3191 4 2 1 1 897 1278 1345 4403
3192 4 2 1 1 4520 4534 2624 4939
3193 4 2 1 1 1853 2121 2120 4567
3194 4 2 1 1 3896 3937 4317 4482
3195 4 2 1 1 3940 3962 945 4905
3196 4 2 1 1 3932 4513 4302 4743
3197 4 2 1 1 3233 4337 3235 4469
3198 4 2 1 1 3951 4267 3840 4541
3199 4 2 1 1 4315 4521 2055 4827
3200 4 2 1 1 1535 1537 396 1600
3201 4 2 1 1 3171 3292 3176 4233
3202 4 2 1 1 2776 2779 2777 4762
3203 4 2 1 1 2588 2005 2590 5050
3204 4 2 1 1 3813 4159 3984 4461
3205 4 2 1 1 3232 3163 3177 4337
3206 4 2 1 1 2538 2414 2542 4967
3207 4 2 1 1 3819 4716 4101 5083
3208 4 2 1 1 4021 4022 4312 4483
3209 4 2 1 1 1313 1570 1317 4473
3210 4 2 1 1 2157 4389 4135 4576
3211 4 2 1 1 598 4373 4527 4696
3212 4 2 1 1 2400 2387 2390 4507
3213 4 2 1 1 3883 3968 4182 4290
3214 4 2 1 1 3886 4033 4674 4777
3215 4 2 1 1 1052 1032 1033 4303
3216 4 2 1 1 2157 4389 1864 4688
3217 4 2 1 1 3993 3970 4733 4810
3218 4 2 1 1 3996 3868 4722 4973
3219 4 2 1 1 3817 4128 4027 4201
3220 4 2 1 1 1243 1348 1241 4617
3221 4 2 1 1 3833 3846 3921 4559
3222 4 2 1 1 3805 4839 3994 4979
3223 4 2 1 1 3222 4401 4342 4621
3224 4 2 1 1 3814 3853 3880 3953
3225 4 2 1 1 3835 3892 3976 4114
3226 4 2 1 1 4138 4376 3868 4813
3227 4 2 1 1 3930 2882 4447 4733
3228 4 2 1 1 2881 4685 3090 5039
3229 4 2 1 1 3231 3303 3125 4096
3230 4 2 1 1 4454 4456 1062 4912
3231 4 2 1 1 655 3915 4046 4119
3232 4 2 1 1 328 3491 3497 4530
3233 4 2 1 1 4081 4845 3936 4888
3234 4 2 1 1 4447 4481 1956 4686
3235 4 2 1 1 3000 4464 2993 4673
3236 4 2 1 1 3965 4317 4626 4760
3237 4 2 1 1 1266 4025 889 4937
3238 4 2 1 1 1089 1637 1511 4493
3239 4 2 1 1 3342 3325 236 4168
3240 4 2 1 1 1839 4566 4042 4657
3241 4 2 1 1 3025 3026 3024 4733
3242 4 2 1 1 328 327 4014 4172
3243 4 2 1 1 1914 2630 2160 4510
3244 4 2 1 1 3854 4835 4218 4990
3245 4 2 1 1 1960 1961 4615 4754
3246 4 2 1 1 414 3599 413 4446
3247 4 2 1 1 3817 3940 3853 4070
3248 4 2 1 1 1941 2219 2072 4257
3249 4 2 1 1 4019 4718 4352 5047
3250 4 2 1 1 2098 4261 2648 4802
3251 4 2 1 1 1051 1050 986 4480
3252 4 2 1 1 655 649 656 3915
3253 4 2 1 1 3860 4082 4635 4787
3254 4 2 1 1 3507 334 333 4500
3255 4 2 1 1 3015 3017 3039 4267
3256 4 2 1 1 3903 4935 4250 5061
3257 4 2 1 1 138 2866 140 4911
3258 4 2 1 1 3104 3056 3095 4422
3259 4 2 1 1 4188 4335 2622 4637
3260 4 2 1 1 3902 4281 4178 4988
3261 4 2 1 1 3040 4533 3039 4601
3262 4 2 1 1 3368 4160 174 4529
3263 4 2 1 1 2622 4335 1932 4424
3264 4 2 1 1 3877 4188 4287 4637
3265 4 2 1 1 2716 2702 1802 4331
3266 4 2 1 1 760 761 4328 4675
3267 4 2 1 1 4410 4607 4249 4833
3268 4 2 1 1 1912 2688 4510 4854
3269 4 2 1 1 3821 4713 3862 4868
3270 4 2 1 1 1729 17 1725 4886
3271 4 2 1 1 3987 4403 4286 4764
3272 4 2 1 1 3313 3333 217 5028
3273 4 2 1 1 652 4107 668 4110
3274 4 2 1 1 743 3867 4562 4667
3275 4 2 1 1 1760 101 100 3978
3276 4 2 1 1 4071 4318 466 4608
3277 4 2 1 1 968 967 971 4451
3278 4 2 1 1 659 4369 4094 4941
3279 4 2 1 1 3195 3273 3279 3938
3280 4 2 1 1 3950 4124 3951 4267
3281 4 2 1 1 1053 981 1240 4310
3282 4 2 1 1 4631 4760 3965 5023
3283 4 2 1 1 3854 4831 4990 5084
3284 4 2 1 1 3930 4067 3885 4615
3285 4 2 1 1 1989 2631 3997 4866
3286 4 2 1 1 2779 2775 4762 4946
3287 4 2 1 1 827 889 890 4923
3288 4 2 1 1 4249 4690 4607 4889
3289 4 2 1 1 3832 4306 3823 4453
3290 4 2 1 1 3705 466 3704 4608
3291 4 2 1 1 3052 3051 3073 4880
3292 4 2 1 1 2249 2250 4116 4803
3293 4 2 1 1 3846 4559 3833 4560
3294 4 2 1 1 3840 4797 4226 4952
3295 4 2 1 1 1112 1641 1487 4493
3296 4 2 1 1 3061 3062 2882 3930
3297 4 2 1 1 3831 4244 4773 4779
3298 4 2 1 1 3162 4337 3232 4784
3299 4 2 1 1 627 3898 4640 4874
3300 4 2 1 1 182 3089 3069 4971
3301 4 2 1 1 2345 1811 2489 4684
3302 4 2 1 1 518 4114 519 4150
3303 4 2 1 1 4049 3937 4662 4956
3304 4 2 1 1 4188 4315 3820 5002
3305 4 2 1 1 2941 2897 2965 4407
3306 4 2 1 1 4227 4427 3830 4463
3307 4 2 1 1 4042 4699 4410 4936
3308 4 2 1 1 1289 1248 1358 4411
3309 4 2 1 1 3171 3170 3172 4525
3310 4 2 1 1 96 2841 2835 4485
3311 4 2 1 1 3228 4391 222 4442
3312 4 2 1 1 1662 4262 1330 4808
3313 4 2 1 1 3869 3917 3890 4861
3314 4 2 1 1 2436 2355 2049 5078
3315 4 2 1 1 3823 4188 3820 4758
3316 4 2 1 1 3037 2907 4457 4907
3317 4 2 1 1 766 778 755 4395
3318 4 2 1 1 3220 3219 3218 4557
3319 4 2 1 1 1051 1065 1066 4217
3320 4 2 1 1 3105 2928 3048 4934
3321 4 2 1 1 3006 4656 3041 4809
3322 4 2 1 1 3233 3234 3232 4337
3323 4 2 1 1 2065 1840 1841 4786
3324 4 2 1 1 2748 2751 2749 4781
3325 4 2 1 1 1350 1351 1303 4629
3326 4 2 1 1 3811 4828 4697 4956
3327 4 2 1 1 1120 1601 1131 4870
3328 4 2 1 1 343 344 328 4014
3329 4 2 1 1 328 327 343 4014
3330 4 2 1 1 4727 4835 3855 4850
3331 4 2 1 1 3788 524 525 4638
3332 4 2 1 1 3370 3368 173 4529
3333 4 2 1 1 831 833 834 4547
3334 4 2 1 1 2863 2873 2856 4911
3335 4 2 1 1 1504 1035 4587 4876
3336 4 2 1 1 4208 4234 758 4957
3337 4 2 1 1 2121 4567 1853 4895
3338 4 2 1 1 2547 2442 2549 4627
3339 4 2 1 1 2106 2107 373 4246
3340 4 2 1 1 2475 4135 2157 4688
3341 4 2 1 1 954 4443 4055 4644
3342 4 2 1 1 890 990 989 5038
3343 4 2 1 1 2966 2960 4407 4439
3344 4 2 1 1 2914 2910 2912 4211
3345 4 2 1 1 514 3784 515 4388
3346 4 2 1 1 3820 4002 4188 4287
3347 4 2 1 1 2974 2972 2955 5085
3348 4 2 1 1 1453 1456 1491 4349
3349 4 2 1 1 4567 4777 1853 4895
3350 4 2 1 1 412 3587 3600 4241
3351 4 2 1 1 4049 4662 4411 4956
3352 4 2 1 1 3866 4882 4422 5085
3353 4 2 1 1 2121 1853 2124 4895
3354 4 2 1 1 2949 2943 2950 4283
3355 4 2 1 1 1244 1287 1166 4948
3356 4 2 1 1 2184 2072 4084 4155
3357 4 2 1 1 3972 3814 4133 4697
3358 4 2 1 1 3241 3239 3359 4632
3359 4 2 1 1 2047 2043 2060 4637
3360 4 2 1 1 3023 3024 4223 4522
3361 4 2 1 1 1070 1071 1072 4505
3362 4 2 1 1 2272 4499 2273 4535
3363 4 2 1 1 1425 1449 1450 4870
3364 4 2 1 1 3821 3862 4612 4868
3365 4 2 1 1 4270 4449 818 5037
3366 4 2 1 1 4292 4433 4092 5042
3367 4 2 1 1 385 4261 3572 4848
3368 4 2 1 1 1184 1276 1433 4922
3369 4 2 1 1 4722 4812 4240 4962
3370 4 2 1 1 3892 3835 4115 4379
3371 4 2 1 1 3804 4220 3998 4549
3372 4 2 1 1 2442 2551 2550 5049
3373 4 2 1 1 616 4073 4430 4691
3374 4 2 1 1 1008 4049 4214 4834
3375 4 2 1 1 4021 4272 4022 4483
3376 4 2 1 1 2251 2252 4513 4744
3377 4 2 1 1 3823 3859 3820 3935
3378 4 2 1 1 2951 4293 3035 4745
3379 4 2 1 1 597 4403 598 4696
3380 4 2 1 1 3817 4201 4027 4808
3381 4 2 1 1 3864 4125 3955 4702
3382 4 2 1 1 3969 4290 4182 5025
3383 4 2 1 1 3819 4100 3870 4512
3384 4 2 1 1 658 655 657 3915
3385 4 2 1 1 632 704 545 4511
3386 4 2 1 1 975 976 1580 5035
3387 4 2 1 1 1429 1713 1191 4498
3388 4 2 1 1 3979 4690 4607 5036
3389 4 2 1 1 4169 4223 4054 4917
3390 4 2 1 1 4169 4267 4656 4809
3391 4 2 1 1 4541 4648 4170 4695
3392 4 2 1 1 3805 3960 4930 4979
3393 4 2 1 1 1893 1895 1894 4292
3394 4 2 1 1 714 3974 693 4357
3395 4 2 1 1 447 4011 4230 4265
3396 4 2 1 1 3807 4764 4286 4968
3397 4 2 1 1 2038 2507 2508 4571
3398 4 2 1 1 3713 3712 489 4504
3399 4 2 1 1 398 874 1250 875
3400 4 2 1 1 777 4392 768 4983
3401 4 2 1 1 1800 2702 1801 4380
3402 4 2 1 1 2688 1915 4591 4854
3403 4 2 1 1 364 363 3551 4163
3404 4 2 1 1 742 3844 4543 4989
3405 4 2 1 1 2248 2249 4606 4803
3406 4 2 1 1 760 4208 759 4231
3407 4 2 1 1 2040 2528 2060 4015
3408 4 2 1 1 3291 3242 4632 4778
3409 4 2 1 1 3609 3617 4665 4950
3410 4 2 1 1 2356 1805 2186 4331
3411 4 2 1 1 4341 4612 4220 4868
3412 4 2 1 1 3152 3151 3150 4366
3413 4 2 1 1 2095 2090 4261 4718
3414 4 2 1 1 2016 2438 2631 5078
3415 4 2 1 1 1294 1507 1095 4043
3416 4 2 1 1 1497 1469 1486 4765
3417 4 2 1 1 712 4011 4984 5075
3418 4 2 1 1 760 758 4208 4328
3419 4 2 1 1 3839 4470 3973 4931
3420 4 2 1 1 1072 4139 1111 4505
3421 4 2 1 1 3838 3890 3869 4509
3422 4 2 1 1 3833 4365 4118 4591
3423 4 2 1 1 234 233 3200 4524
3424 4 2 1 1 3992 4072 3874 4961
3425 4 2 1 1 199 2956 198 5039
3426 4 2 1 1 3973 4563 4370 4785
3427 4 2 1 1 209 3124 210 4174
3428 4 2 1 1 4299 4347 3805 4392
3429 4 2 1 1 2154 2131 4083 4300
3430 4 2 1 1 1545 1550 1548 5045
3431 4 2 1 1 1806 1807 1804 4554
3432 4 2 1 1 1911 4374 4167 4854
3433 4 2 1 1 455 3658 456 4444
3434 4 2 1 1 3611 3624 120 4752
3435 4 2 1 1 2265 2372 2371 5053
3436 4 2 1 1 2253 4513 3971 4744
3437 4 2 1 1 2869 2854 2872 4595
3438 4 2 1 1 2082 2651 2377 4225
3439 4 2 1 1 3116 4325 2997 4326
3440 4 2 1 1 2670 2415 2032 4458
3441 4 2 1 1 3460 4276 3454 4526
3442 4 2 1 1 3880 3988 3853 4828
3443 4 2 1 1 3370 173 172 4529
3444 4 2 1 1 1843 1909 1910 4854
3445 4 2 1 1 3003 4464 3000 4673
3446 4 2 1 1 3824 4160 4028 4487
3447 4 2 1 1 3347 3200 3189 4705
3448 4 2 1 1 3899 4000 4142 4931
3449 4 2 1 1 4352 4402 3878 4848
3450 4 2 1 1 3331 3159 3212 4486
3451 4 2 1 1 4134 3945 4838 5085
3452 4 2 1 1 3587 3580 3584 4194
3453 4 2 1 1 3839 3973 4930 4931
3454 4 2 1 1 3051 4483 4022 4880
3455 4 2 1 1 3031 3030 2944 4439
3456 4 2 1 1 1989 2679 2638 4625
3457 4 2 1 1 2890 2888 2891 4709
3458 4 2 1 1 2242 2248 2597 4606
3459 4 2 1 1 614 4234 637 4957
3460 4 2 1 1 197 3059 2881 5039
3461 4 2 1 1 512 4251 3761 4518
3462 4 2 1 1 3178 3149 3213 4790
3463 4 2 1 1 3584 3580 405 4194
3464 4 2 1 1 939 1620 938 4653
3465 4 2 1 1 4306 4453 3832 4795
3466 4 2 1 1 3809 4461 4413 4852
3467 4 2 1 1 3885 4226 3970 4481
3468 4 2 1 1 3080 2877 152 4982
3469 4 2 1 1 897 4403 4286 4863
3470 4 2 1 1 1158 1695 1156 4358
3471 4 2 1 1 1064 1447 946 4908
3472 4 2 1 1 838 841 840 4873
3473 4 2 1 1 601 3965 4046 4630
3474 4 2 1 1 2646 4568 4302 4743
3475 4 2 1 1 3863 4187 4485 4600
3476 4 2 1 1 2116 2578 2426 4329
3477 4 2 1 1 828 4360 44 4540
3478 4 2 1 1 2192 2208 2432 5066
3479 4 2 1 1 4489 4874 4640 4909
3480 4 2 1 1 3996 4441 4368 4964
3481 4 2 1 1 667 662 3965 4631
3482 4 2 1 1 3086 4324 3971 4745
3483 4 2 1 1 4238 4409 4120 4738
3484 4 2 1 1 1911 2709 1913 4510
3485 4 2 1 1 3882 3903 3834 4605
3486 4 2 1 1 3822 4277 3818 4535
3487 4 2 1 1 655 3915 656 4347
3488 4 2 1 1 396 1543 1533 1535
3489 4 2 1 1 1435 1052 994 4303
3490 4 2 1 1 3993 4447 2882 4733
3491 4 2 1 1 1066 1067 1393 4505
3492 4 2 1 1 3806 4395 4511 4865
3493 4 2 1 1 1001 1633 1003 4166
3494 4 2 1 1 1498 1258 4440 4588
3495 4 2 1 1 3820 3859 4453 4919
3496 4 2 1 1 654 3900 3915 4285
3497 4 2 1 1 2014 2015 2017 4771
3498 4 2 1 1 1053 962 1426 4586
3499 4 2 1 1 639 4489 635 4490
3500 4 2 1 1 2043 2042 2040 4636
3501 4 2 1 1 2021 2038 2024 4106
3502 4 2 1 1 2135 1992 2052 5017
3503 4 2 1 1 35 435 4725 4726
3504 4 2 1 1 3834 3939 4229 5014
3505 4 2 1 1 1009 4153 4590 5032
3506 4 2 1 1 3930 3885 4481 4615
3507 4 2 1 1 2713 2100 2097 4121
3508 4 2 1 1 727 4626 4964 5022
3509 4 2 1 1 3917 4404 3890 4861
3510 4 2 1 1 4410 4699 4607 4833
3511 4 2 1 1 3021 2988 2918 4385
3512 4 2 1 1 602 601 4644 4847
3513 4 2 1 1 3118 4223 3024 4553
3514 4 2 1 1 3894 4456 4144 4562
3515 4 2 1 1 4360 4363 3844 4543
3516 4 2 1 1 454 3683 453 4444
3517 4 2 1 1 2927 3048 2928 4804
3518 4 2 1 1 3332 3154 3152 4841
3519 4 2 1 1 1286 140 138 2791
3520 4 2 1 1 2886 3025 3024 4733
3521 4 2 1 1 2369 2069 2370 4599
3522 4 2 1 1 1481 369 1460 1459
3523 4 2 1 1 4177 4465 3827 4628
3524 4 2 1 1 2838 3863 4485 4600
3525 4 2 1 1 685 4009 618 4259
3526 4 2 1 1 3367 3356 3260 4162
3527 4 2 1 1 1435 1591 1052 4303
3528 4 2 1 1 682 4726 4138 5031
3529 4 2 1 1 2161 2162 2013 4998
3530 4 2 1 1 3870 3891 4404 4512
3531 4 2 1 1 2587 2057 2212 4636
3532 4 2 1 1 4015 4637 3938 4793
3533 4 2 1 1 3965 4321 4317 4760
3534 4 2 1 1 655 657 3915 4347
3535 4 2 1 1 2187 3878 2658 4421
3536 4 2 1 1 4129 4508 4221 4603
3537 4 2 1 1 2691 1817 1814 4823
3538 4 2 1 1 768 4392 653 4983
3539 4 2 1 1 864 1714 1561 4707
3540 4 2 1 1 437 436 3655 4355
3541 4 2 1 1 396 1543 1535 1600
3542 4 2 1 1 443 442 3656 4353
3543 4 2 1 1 334 3529 333 4500
3544 4 2 1 1 4394 4495 4122 4898
3545 4 2 1 1 3128 3124 209 4174
3546 4 2 1 1 3813 4159 4461 4807
3547 4 2 1 1 4464 4656 4267 4721
3548 4 2 1 1 3844 4543 4363 4556
3549 4 2 1 1 3027 3023 4223 4926
3550 4 2 1 1 1324 880 1660 4580
3551 4 2 1 1 3765 522 3777 4770
3552 4 2 1 1 621 4052 4045 4696
3553 4 2 1 1 3884 3852 4050 4731
3554 4 2 1 1 97 1834 2150 4648
3555 4 2 1 1 2646 2261 2258 4513
3556 4 2 1 1 3870 4404 4183 4512
3557 4 2 1 1 3970 3993 4447 4810
3558 4 2 1 1 4294 3808 4490 4491
3559 4 2 1 1 769 755 772 4431
3560 4 2 1 1 602 4543 3981 4847
3561 4 2 1 1 3957 3954 4830 5011
3562 4 2 1 1 3553 3545 362 4163
3563 4 2 1 1 2363 4389 2157 4576
3564 4 2 1 1 105 4567 3931 5087
3565 4 2 1 1 296 295 4003 4066
3566 4 2 1 1 4268 4316 3904 4946
3567 4 2 1 1 740 4044 731 4556
3568 4 2 1 1 1840 4316 1733 4786
3569 4 2 1 1 4489 4640 3923 4909
3570 4 2 1 1 2938 2922 2924 4417
3571 4 2 1 1 969 1348 971 4451
3572 4 2 1 1 1264 1037 1607 4137
3573 4 2 1 1 3860 4534 4520 4939
3574 4 2 1 1 3744 3746 501 4901
3575 4 2 1 1 1758 2194 1925 4334
3576 4 2 1 1 2081 4350 2341 4677
3577 4 2 1 1 173 2884 2945 4529
3578 4 2 1 1 1006 1008 4228 5073
3579 4 2 1 1 2432 4497 4393 5066
3580 4 2 1 1 3097 3081 3110 4791
3581 4 2 1 1 4081 4780 4728 4973
3582 4 2 1 1 1332 899 1357 4873
3583 4 2 1 1 4270 818 4449 4983
3584 4 2 1 1 3885 4535 4277 4952
3585 4 2 1 1 1928 4521 4520 4939
3586 4 2 1 1 1330 3952 1207 4661
3587 4 2 1 1 4157 4175 3922 4547
3588 4 2 1 1 3854 4218 4220 4713
3589 4 2 1 1 3685 474 3684 4951
3590 4 2 1 1 3947 3826 4192 4674
3591 4 2 1 1 2872 2861 2863 4405
3592 4 2 1 1 4093 4726 694 5031
3593 4 2 1 1 1765 1938 1847 5040
3594 4 2 1 1 3837 4404 4462 5041
3595 4 2 1 1 4177 4433 3838 4465
3596 4 2 1 1 3843 4024 4055 4867
3597 4 2 1 1 4041 4052 597 4740
3598 4 2 1 1 647 4550 4294 4941
3599 4 2 1 1 2155 4789 2154 5048
3600 4 2 1 1 4357 4399 684 4749
3601 4 2 1 1 3894 4456 4562 5030
3602 4 2 1 1 3783 516 515 4388
3603 4 2 1 1 4240 4697 3868 4722
3604 4 2 1 1 805 4270 771 4983
3605 4 2 1 1 2771 2770 2769 4158
3606 4 2 1 1 4304 4703 3989 4786
3607 4 2 1 1 445 444 4592 4708
3608 4 2 1 1 3922 4157 3849 4175
3609 4 2 1 1 765 4271 4549 4921
3610 4 2 1 1 3842 4548 3880 4763
3611 4 2 1 1 640 614 633 4234
3612 4 2 1 1 2228 2232 2231 4694
3613 4 2 1 1 2145 4642 3823 4758
3614 4 2 1 1 1237 1042 1039 4063
3615 4 2 1 1 4167 3833 4510 4720
3616 4 2 1 1 3868 4452 3996 4772
3617 4 2 1 1 1968 2135 2052 5017
3618 4 2 1 1 3821 4288 4271 4710
3619 4 2 1 1 3929 4219 3998 4920
3620 4 2 1 1 2619 1895 1902 4292
3621 4 2 1 1 2915 2965 2899 4407
3622 4 2 1 1 3878 4261 2090 4718
3623 4 2 1 1 1928 4335 1930 4521
3624 4 2 1 1 3104 2946 4419 5085
3625 4 2 1 1 830 1411 130 4480
3626 4 2 1 1 2637 2722 5077 5078
3627 4 2 1 1 3136 3181 3287 4192
3628 4 2 1 1 2974 4882 2972 5085
3629 4 2 1 1 3833 4591 4346 4854
3630 4 2 1 1 167 4235 4528 4982
3631 4 2 1 1 3893 4017 3832 4018
3632 4 2 1 1 3019 4673 3022 4721
3633 4 2 1 1 2611 2049 2032 5077
3634 4 2 1 1 2242 4245 2246 4803
3635 4 2 1 1 891 1406 1388 4558
3636 4 2 1 1 1289 4411 4049 4662
3637 4 2 1 1 1268 1041 1269 4588
3638 4 2 1 1 3819 4369 4294 4941
3639 4 2 1 1 4268 4437 4316 4946
3640 4 2 1 1 2918 3021 4385 4907
3641 4 2 1 1 2154 4019 2091 5048
3642 4 2 1 1 698 755 778 4395
3643 4 2 1 1 3996 4697 4240 4722
3644 4 2 1 1 4006 4608 4071 4693
3645 4 2 1 1 232 3125 3303 4096
3646 4 2 1 1 3171 3176 3175 4233
3647 4 2 1 1 1225 4055 886 4360
3648 4 2 1 1 688 4318 4259 4691
3649 4 2 1 1 206 3341 207 4613
3650 4 2 1 1 3815 4711 4521 4827
3651 4 2 1 1 3128 3337 4598 4705
3652 4 2 1 1 782 768 679 4983
3653 4 2 1 1 3150 3328 4366 4987
3654 4 2 1 1 1698 1076 1207 4670
3655 4 2 1 1 2041 4106 2024 4636
3656 4 2 1 1 2404 4164 1793 4686
3657 4 2 1 1 4315 4521 3815 4933
3658 4 2 1 1 598 4527 4373 4836
3659 4 2 1 1 2251 4513 2253 4744
3660 4 2 1 1 1065 4450 1068 4505
3661 4 2 1 1 725 4816 3851 4888
3662 4 2 1 1 460 86 4434 4780
3663 4 2 1 1 1253 952 953 4867
3664 4 2 1 1 1683 1438 1684 4476
3665 4 2 1 1 3153 4366 3155 4784
3666 4 2 1 1 1900 4189 4092 4645
3667 4 2 1 1 4016 4699 4711 4864
3668 4 2 1 1 298 3478 297 4526
3669 4 2 1 1 3901 3839 4370 4449
3670 4 2 1 1 3213 3149 3147 4297
3671 4 2 1 1 4292 4515 3810 5041
3672 4 2 1 1 2251 2253 2264 4744
3673 4 2 1 1 712 4011 788 4984
3674 4 2 1 1 1919 2710 1913 4510
3675 4 2 1 1 676 767 754 4294
3676 4 2 1 1 3165 3163 3164 4862
3677 4 2 1 1 602 4319 25 4723
3678 4 2 1 1 1954 4453 4306 4795
3679 4 2 1 1 2925 2924 2923 4417
3680 4 2 1 1 413 414 4060 4295
3681 4 2 1 1 1581 1180 1118 4808
3682 4 2 1 1 612 3966 3901 4985
3683 4 2 1 1 2328 2337 2324 4714
3684 4 2 1 1 602 1225 25 4319
3685 4 2 1 1 1323 1661 877 5069
3686 4 2 1 1 2025 2041 2591 3941
3687 4 2 1 1 408 3592 407 4953
3688 4 2 1 1 3531 338 3530 4849
3689 4 2 1 1 3932 4427 4239 4568
3690 4 2 1 1 4142 4242 3616 4970
3691 4 2 1 1 21 3603 3605 4664
3692 4 2 1 1 2652 2158 1920 4030
3693 4 2 1 1 2961 4685 2963 5029
3694 4 2 1 1 3256 3343 3257 4564
3695 4 2 1 1 3905 4047 795 4885
3696 4 2 1 1 4020 4812 4376 4813
3697 4 2 1 1 2155 2428 4300 4789
3698 4 2 1 1 810 4618 4295 4647
3699 4 2 1 1 3031 2944 4135 4439
3700 4 2 1 1 104 105 2840 5087
3701 4 2 1 1 1062 4456 4454 5030
3702 4 2 1 1 234 235 3419 4613
3703 4 2 1 1 3846 4404 3891 4512
3704 4 2 1 1 4054 4223 4169 4464
3705 4 2 1 1 4022 4623 3068 4880
3706 4 2 1 1 1318 1317 1570 4473
3707 4 2 1 1 3709 3710 11 4400
3708 4 2 1 1 955 1703 960 5026
3709 4 2 1 1 4317 4441 890 5038
3710 4 2 1 1 4218 4219 3998 4668
3711 4 2 1 1 2746 2750 37 4781
3712 4 2 1 1 1294 1105 1507 4742
3713 4 2 1 1 1441 1526 1528 395
3714 4 2 1 1 2237 4056 2235 4606
3715 4 2 1 1 3016 4733 4522 4810
3716 4 2 1 1 4003 4774 3831 4990
3717 4 2 1 1 3847 4430 4410 4936
3718 4 2 1 1 2671 1850 2725 4603
3719 4 2 1 1 3223 3222 3221 4401
3720 4 2 1 1 1913 2710 1917 4374
3721 4 2 1 1 939 1404 3940 4653
3722 4 2 1 1 2838 2825 3863 4600
3723 4 2 1 1 3504 321 320 4715
3724 4 2 1 1 257 335 3531 4849
3725 4 2 1 1 668 3981 4938 4989
3726 4 2 1 1 2409 3989 2159 4568
3727 4 2 1 1 4163 4197 4496 4771
3728 4 2 1 1 1956 2283 2282 4686
3729 4 2 1 1 1422 1119 1490 4061
3730 4 2 1 1 1795 2404 2545 4164
3731 4 2 1 1 4038 4435 967 4451
3732 4 2 1 1 4028 4487 4160 4963
3733 4 2 1 1 939 3940 945 4905
3734 4 2 1 1 3970 4326 4223 4917
3735 4 2 1 1 3808 4491 4369 4689
3736 4 2 1 1 1955 2690 2145 4758
3737 4 2 1 1 4244 4773 4204 5084
3738 4 2 1 1 460 4434 86 4851
3739 4 2 1 1 3903 3818 4935 5061
3740 4 2 1 1 1568 1034 4049 5073
3741 4 2 1 1 1132 1564 1244 4948
3742 4 2 1 1 2903 4126 2904 4651
3743 4 2 1 1 4081 3868 4816 4973
3744 4 2 1 1 3971 4745 4513 4958
3745 4 2 1 1 831 144 833 4547
3746 4 2 1 1 1034 1032 1591 4303
3747 4 2 1 1 4335 4520 3860 4711
3748 4 2 1 1 3886 4033 4390 4674
3749 4 2 1 1 3837 4292 4092 5042
3750 4 2 1 1 4221 4427 3946 5061
3751 4 2 1 1 727 4482 4626 4994
3752 4 2 1 1 4054 2991 4769 5003
3753 4 2 1 1 2995 2992 2994 4325
3754 4 2 1 1 3877 3215 4287 4761
3755 4 2 1 1 963 141 964 4678
3756 4 2 1 1 4135 4576 4389 4940
3757 4 2 1 1 3000 3001 2993 4464
3758 4 2 1 1 3847 4430 4073 4691
3759 4 2 1 1 1074 1076 1698 4670
3760 4 2 1 1 2159 2409 1890 3989
3761 4 2 1 1 3840 4054 4702 4917
3762 4 2 1 1 3609 3615 3617 4950
3763 4 2 1 1 2741 1827 1824 4414
3764 4 2 1 1 3810 4659 4292 5042
3765 4 2 1 1 4299 4392 3805 4983
3766 4 2 1 1 3786 10 4638 4886
3767 4 2 1 1 3787 4638 10 4886
3768 4 2 1 1 1641 1094 1093 4493
3769 4 2 1 1 2716 1804 2486 4331
3770 4 2 1 1 2584 2687 2180 4627
3771 4 2 1 1 2605 4645 4178 4924
3772 4 2 1 1 837 835 834 4873
3773 4 2 1 1 3814 3880 3853 4828
3774 4 2 1 1 3854 4220 4341 4713
3775 4 2 1 1 825 42 823 4518
3776 4 2 1 1 3047 2998 4604 4769
3777 4 2 1 1 868 866 891 4278
3778 4 2 1 1 144 143 2796 4157
3779 4 2 1 1 4223 4326 3970 4553
3780 4 2 1 1 2997 2995 2996 4325
3781 4 2 1 1 1369 1371 1374 4798
3782 4 2 1 1 1933 2057 1932 4424
3783 4 2 1 1 2772 2769 2770 4158
3784 4 2 1 1 3811 4049 3828 4995
3785 4 2 1 1 2068 2069 2369 4599
3786 4 2 1 1 3289 3266 4396 4811
3787 4 2 1 1 2374 2262 2263 4576
3788 4 2 1 1 3846 4512 4559 4560
3789 4 2 1 1 2985 4712 4227 4897
3790 4 2 1 1 525 3767 526 4638
3791 4 2 1 1 3847 3806 4511 4865
3792 4 2 1 1 3891 4512 4280 4559
3793 4 2 1 1 1831 2404 1793 4686
3794 4 2 1 1 4513 4745 4116 4958
3795 4 2 1 1 3049 3048 2932 4804
3796 4 2 1 1 708 682 4058 5031
3797 4 2 1 1 178 2333 2331 112
3798 4 2 1 1 308 309 293 4064
3799 4 2 1 1 292 308 293 4064
3800 4 2 1 1 1894 1837 1893 4843
3801 4 2 1 1 3774 3784 514 4388
3802 4 2 1 1 2153 4384 2429 4795
3803 4 2 1 1 3286 4192 3344 4390
3804 4 2 1 1 3031 195 3091 4029
3805 4 2 1 1 666 4119 4046 4631
3806 4 2 1 1 3902 4178 4121 4352
3807 4 2 1 1 3870 4064 3891 4280
3808 4 2 1 1 3157 3282 4171 4841
3809 4 2 1 1 4208 3808 4690 4874
3810 4 2 1 1 961 4024 1444 4867
3811 4 2 1 1 2203 4170 4695 5040
3812 4 2 1 1 2646 2118 2610 4302
3813 4 2 1 1 3068 3051 4022 4880
3814 4 2 1 1 1113 1512 1511 4200
3815 4 2 1 1 4054 4385 2993 4673
3816 4 2 1 1 2758 46 2754 4148
3817 4 2 1 1 3891 3939 3921 4559
3818 4 2 1 1 836 834 833 4157
3819 4 2 1 1 616 632 545 4511
3820 4 2 1 1 863 1714 861 4707
3821 4 2 1 1 790 793 807 4399
3822 4 2 1 1 2085 4184 2727 4871
3823 4 2 1 1 3675 4762 4122 4898
3824 4 2 1 1 3806 3847 4864 4865
3825 4 2 1 1 981 4310 1053 4586
3826 4 2 1 1 2838 2807 2825 4600
3827 4 2 1 1 2576 2233 2232 4448
3828 4 2 1 1 3223 4343 3222 4401
3829 4 2 1 1 3880 4548 3811 4763
3830 4 2 1 1 238 3326 2798 4569
3831 4 2 1 1 4059 3963 4194 4446
3832 4 2 1 1 1953 1827 2743 4414
3833 4 2 1 1 607 605 606 5031
3834 4 2 1 1 2038 4106 4015 4636
3835 4 2 1 1 3946 4429 4134 5061
3836 4 2 1 1 3350 3216 3217 4401
3837 4 2 1 1 4533 4541 4487 4809
3838 4 2 1 1 3817 3836 3940 4070
3839 4 2 1 1 3786 10 3788 4638
3840 4 2 1 1 3787 3788 10 4638
3841 4 2 1 1 1545 1541 1582 4338
3842 4 2 1 1 4011 448 4290 4345
3843 4 2 1 1 669 4392 4299 4983
3844 4 2 1 1 506 3739 3751 4819
3845 4 2 1 1 494 493 3723 4884
3846 4 2 1 1 4605 4773 4129 4779
3847 4 2 1 1 667 3964 666 4631
3848 4 2 1 1 2221 2130 4494 4767
3849 4 2 1 1 3974 4268 4437 4996
3850 4 2 1 1 736 719 703 5075
3851 4 2 1 1 4471 4527 4258 4840
3852 4 2 1 1 3830 4204 3813 4773
3853 4 2 1 1 2159 1850 2118 4603
3854 4 2 1 1 2023 2476 2020 4196
3855 4 2 1 1 611 612 4156 4985
3856 4 2 1 1 1883 4703 4304 4786
3857 4 2 1 1 684 4357 705 4399
3858 4 2 1 1 3965 4630 4321 4631
3859 4 2 1 1 2838 2825 2846 3863
3860 4 2 1 1 3026 3118 3024 4553
3861 4 2 1 1 1006 1007 1008 5073
3862 4 2 1 1 1122 1116 1177 4450
3863 4 2 1 1 3809 4609 4413 4610
3864 4 2 1 1 852 850 1674 4981
3865 4 2 1 1 368 371 4043 5076
3866 4 2 1 1 3849 4040 3922 4236
3867 4 2 1 1 3359 3360 3241 4298
3868 4 2 1 1 3027 3001 3054 4926
3869 4 2 1 1 3945 4021 3918 4186
3870 4 2 1 1 635 672 4490 4491
3871 4 2 1 1 640 637 614 4234
3872 4 2 1 1 3835 4379 3892 4689
3873 4 2 1 1 2827 2847 531 4087
3874 4 2 1 1 473 3707 474 4400
3875 4 2 1 1 212 1963 2632 3978
3876 4 2 1 1 4481 4615 2404 4686
3877 4 2 1 1 1506 1380 1111 4670
3878 4 2 1 1 3301 3366 3264 4811
3879 4 2 1 1 3831 4229 4003 4990
3880 4 2 1 1 2825 2844 2846 3863
3881 4 2 1 1 627 637 3898 4957
3882 4 2 1 1 431 4057 430 4506
3883 4 2 1 1 1310 1342 1314 3962
3884 4 2 1 1 1317 1316 1313 4589
3885 4 2 1 1 1285 897 4286 4863
3886 4 2 1 1 3657 455 456 3681
3887 4 2 1 1 1451 1453 1452 4870
3888 4 2 1 1 3045 4124 2898 4602
3889 4 2 1 1 705 4357 715 4523
3890 4 2 1 1 3966 4050 4728 4937
3891 4 2 1 1 4368 4441 3996 4973
3892 4 2 1 1 2681 2442 2547 4627
3893 4 2 1 1 3545 3552 3551 4163
3894 4 2 1 1 2053 2047 2054 4767
3895 4 2 1 1 3341 4613 234 4705
3896 4 2 1 1 2368 4306 2708 4384
3897 4 2 1 1 1244 1564 947 4948
3898 4 2 1 1 147 3082 146 4111
3899 4 2 1 1 780 680 676 4490
3900 4 2 1 1 3836 3817 3940 5076
3901 4 2 1 1 991 993 1666 4662
3902 4 2 1 1 4019 4178 4789 4988
3903 4 2 1 1 527 3766 3775 4195
3904 4 2 1 1 4612 4713 4220 4868
3905 4 2 1 1 755 698 687 4395
3906 4 2 1 1 3037 4125 3057 4907
3907 4 2 1 1 2508 1987 2528 4571
3908 4 2 1 1 472 3698 471 4327
3909 4 2 1 1 3879 4454 1308 4856
3910 4 2 1 1 3934 4048 689 4103
3911 4 2 1 1 1605 1454 1563 4869
3912 4 2 1 1 2863 2862 2873 4911
3913 4 2 1 1 1054 1448 997 4456
3914 4 2 1 1 727 4964 4965 5022
3915 4 2 1 1 4368 4441 3896 4964
3916 4 2 1 1 2904 4457 4126 4639
3917 4 2 1 1 3641 4353 4230 4354
3918 4 2 1 1 3662 4122 457 4444
3919 4 2 1 1 3994 3960 4979 5014
3920 4 2 1 1 4167 4563 4508 4603
3921 4 2 1 1 1448 4456 605 5030
3922 4 2 1 1 1507 1088 1090 4493
3923 4 2 1 1 468 484 485 4258
3924 4 2 1 1 485 469 468 4258
3925 4 2 1 1 4219 4716 4101 4839
3926 4 2 1 1 3837 4404 3846 4462
3927 4 2 1 1 3162 3232 3265 4784
3928 4 2 1 1 4041 4363 4044 4556
3929 4 2 1 1 2946 3038 3056 4419
3930 4 2 1 1 4129 4773 4605 4899
3931 4 2 1 1 3853 4697 3814 4828
3932 4 2 1 1 3306 3255 3305 4775
3933 4 2 1 1 769 4234 758 4328
3934 4 2 1 1 1562 942 1611 4904
3935 4 2 1 1 3919 4373 4044 4696
3936 4 2 1 1 2615 4127 4499 4797
3937 4 2 1 1 2865 2852 2863 4916
3938 4 2 1 1 1921 1920 1862 5034
3939 4 2 1 1 44 4540 4360 4624
3940 4 2 1 1 2040 2508 2528 4015
3941 4 2 1 1 1930 4335 2055 4521
3942 4 2 1 1 612 4470 2143 4563
3943 4 2 1 1 528 527 3775 4195
3944 4 2 1 1 3805 4716 3960 4979
3945 4 2 1 1 396 4296 3872 4768
3946 4 2 1 1 2373 1846 4127 4663
3947 4 2 1 1 3696 3687 477 4203
3948 4 2 1 1 667 3964 5023 5059
3949 4 2 1 1 600 4315 4205 4933
3950 4 2 1 1 2591 2212 4424 4636
3951 4 2 1 1 3843 4764 4403 4846
3952 4 2 1 1 599 4205 2533 4515
3953 4 2 1 1 1919 4374 4510 4754
3954 4 2 1 1 3571 2399 2394 4398
3955 4 2 1 1 3682 32 3681 4444
3956 4 2 1 1 3336 3261 4579 4896
3957 4 2 1 1 4365 4510 2630 4591
3958 4 2 1 1 4005 4388 3976 4544
3959 4 2 1 1 1852 1736 1851 4776
3960 4 2 1 1 845 846 843 4817
3961 4 2 1 1 426 425 4467 4630
3962 4 2 1 1 2710 4374 1913 4510
3963 4 2 1 1 3710 476 475 4400
3964 4 2 1 1 1989 1985 2631 4866
3965 4 2 1 1 3919 4527 4373 4696
3966 4 2 1 1 2399 2600 2660 4398
3967 4 2 1 1 1384 1082 1079 4262
3968 4 2 1 1 3039 3092 4602 4721
3969 4 2 1 1 768 653 679 4983
3970 4 2 1 1 3531 335 257 3504
3971 4 2 1 1 1358 1568 1289 4049
3972 4 2 1 1 1363 962 4415 4872
3973 4 2 1 1 3148 3149 3150 4297
3974 4 2 1 1 711 781 687 4431
3975 4 2 1 1 1780 213 1779 1781
3976 4 2 1 1 1891 4734 3911 4735
3977 4 2 1 1 3829 4304 4284 4735
3978 4 2 1 1 3905 4609 3980 4885
3979 4 2 1 1 4183 4462 4404 5041
3980 4 2 1 1 1987 1984 2521 4571
3981 4 2 1 1 389 390 3569 3796
3982 4 2 1 1 4000 3899 4255 5052
3983 4 2 1 1 334 335 3529 4500
3984 4 2 1 1 4411 4697 3853 4828
3985 4 2 1 1 4068 3868 4452 4816
3986 4 2 1 1 4127 4702 4499 4797
3987 4 2 1 1 147 4111 2801 4600
3988 4 2 1 1 2822 2838 2843 4485
3989 4 2 1 1 2217 4645 4924 4925
3990 4 2 1 1 2742 2193 2189 4748
3991 4 2 1 1 2369 2067 2066 4599
3992 4 2 1 1 510 509 3762 4682
3993 4 2 1 1 508 507 3762 4682
3994 4 2 1 1 3203 3185 3202 5043
3995 4 2 1 1 3976 4114 4005 4544
3996 4 2 1 1 776 4271 765 4356
3997 4 2 1 1 2798 238 160 3326
3998 4 2 1 1 1083 1181 1581 4808
3999 4 2 1 1 3114 2920 2922 4419
4000 4 2 1 1 3804 3979 4190 5036
4001 4 2 1 1 3897 4702 4054 4917
4002 4 2 1 1 3984 4434 4316 4786
4003 4 2 1 1 1942 1943 1950 4393
4004 4 2 1 1 1958 4754 4481 4952
4005 4 2 1 1 3880 3816 4039 4175
4006 4 2 1 1 3929 4839 4370 4979
4007 4 2 1 1 4287 4637 4188 4758
4008 4 2 1 1 3088 2910 2914 4890
4009 4 2 1 1 3053 2959 2960 4455
4010 4 2 1 1 3840 4169 4054 4917
4011 4 2 1 1 2863 2861 2862 4405
4012 4 2 1 1 2474 2623 2245 4291
4013 4 2 1 1 2025 2023 2022 4106
4014 4 2 1 1 721 4647 3852 4832
4015 4 2 1 1 500 4161 4107 4652
4016 4 2 1 1 805 753 771 4270
4017 4 2 1 1 4104 461 4495 4592
4018 4 2 1 1 3985 4259 4073 4583
4019 4 2 1 1 3987 3894 4322 4863
4020 4 2 1 1 3856 4913 4569 5087
4021 4 2 1 1 3225 4555 3320 4891
4022 4 2 1 1 94 3863 93 4389
4023 4 2 1 1 123 124 2764 4242
4024 4 2 1 1 817 3900 798 4732
4025 4 2 1 1 3878 4216 4386 4643
4026 4 2 1 1 704 4431 690 4511
4027 4 2 1 1 836 4157 1263 4666
4028 4 2 1 1 3378 4330 3377 4633
4029 4 2 1 1 140 142 4175 4911
4030 4 2 1 1 3836 3953 3952 4069
4031 4 2 1 1 1766 4226 4447 5040
4032 4 2 1 1 2853 2864 2859 4887
4033 4 2 1 1 2533 600 2137 4521
4034 4 2 1 1 22 4665 2760 4752
4035 4 2 1 1 2028 2017 2019 4771
4036 4 2 1 1 4216 4386 4643 4848
4037 4 2 1 1 1804 1802 1806 4330
4038 4 2 1 1 206 205 3342 4613
4039 4 2 1 1 2427 4346 4140 4560
4040 4 2 1 1 2437 2722 2637 5078
4041 4 2 1 1 636 4822 739 4938
4042 4 2 1 1 2194 1758 1759 4334
4043 4 2 1 1 766 769 4288 4855
4044 4 2 1 1 4395 4431 3806 4511
4045 4 2 1 1 924 921 1224 4980
4046 4 2 1 1 1563 1125 1605 4869
4047 4 2 1 1 85 1842 2143 4470
4048 4 2 1 1 3667 3679 4122 4572
4049 4 2 1 1 1345 1381 1622 4617
4050 4 2 1 1 3853 4411 4133 4697
4051 4 2 1 1 308 309 4064 4141
4052 4 2 1 1 4249 3810 4466 4889
4053 4 2 1 1 3151 3148 4297 4783
4054 4 2 1 1 3809 4609 3845 4852
4055 4 2 1 1 2014 2015 4771 4866
4056 4 2 1 1 4277 4374 3818 4535
4057 4 2 1 1 2713 2097 2101 4121
4058 4 2 1 1 2091 5047 2126 5048
4059 4 2 1 1 3974 4437 4268 4725
4060 4 2 1 1 2962 2987 2961 4685
4061 4 2 1 1 4520 4521 4335 4939
4062 4 2 1 1 3818 4603 4374 4720
4063 4 2 1 1 4101 4716 4219 5083
4064 4 2 1 1 3975 4323 4689 4909
4065 4 2 1 1 698 4395 778 4739
4066 4 2 1 1 3252 4390 4155 4674
4067 4 2 1 1 2221 2602 2059 4494
4068 4 2 1 1 2578 4680 4329 5066
4069 4 2 1 1 3342 236 235 4613
4070 4 2 1 1 4379 4515 4466 4741
4071 4 2 1 1 2949 2944 2943 4283
4072 4 2 1 1 824 823 41 4518
4073 4 2 1 1 3838 4465 3887 5028
4074 4 2 1 1 929 1309 1308 3879
4075 4 2 1 1 2961 3058 2963 4685
4076 4 2 1 1 687 4395 690 4431
4077 4 2 1 1 2091 4019 2154 4083
4078 4 2 1 1 4205 4249 3898 4410
4079 4 2 1 1 3818 4302 4221 5061
4080 4 2 1 1 3899 4057 3839 4470
4081 4 2 1 1 1720 1719 1718 4978
4082 4 2 1 1 3129 3132 3131 4976
4083 4 2 1 1 2018 4672 2019 4771
4084 4 2 1 1 780 676 754 4490
4085 4 2 1 1 758 4234 750 4957
4086 4 2 1 1 3963 4631 4321 4683
4087 4 2 1 1 763 752 4101 4550
4088 4 2 1 1 3809 4271 4523 4920
4089 4 2 1 1 3289 3144 4143 4701
4090 4 2 1 1 1326 881 1212 4426
4091 4 2 1 1 3835 4491 4489 4909
4092 4 2 1 1 1958 1960 4481 4754
4093 4 2 1 1 1300 1301 1299 4193
4094 4 2 1 1 948 949 1318 4473
4095 4 2 1 1 4323 4889 4264 5057
4096 4 2 1 1 2400 2392 4216 4932
4097 4 2 1 1 721 4832 3852 5022
4098 4 2 1 1 1004 142 1327 4547
4099 4 2 1 1 3874 4229 3939 4280
4100 4 2 1 1 2427 1915 4346 4560
4101 4 2 1 1 2026 2025 2027 4209
4102 4 2 1 1 130 2781 830 4480
4103 4 2 1 1 706 4573 4075 4749
4104 4 2 1 1 3417 4614 4168 4676
4105 4 2 1 1 2028 2019 2029 4496
4106 4 2 1 1 2633 1871 2692 4165
4107 4 2 1 1 2538 2542 2411 4967
4108 4 2 1 1 1191 1713 1190 4498
4109 4 2 1 1 4267 4533 3015 4656
4110 4 2 1 1 3833 4560 4346 4591
4111 4 2 1 1 3832 3886 3848 4306
4112 4 2 1 1 4347 4550 4392 4941
4113 4 2 1 1 1658 1589 1209 4146
4114 4 2 1 1 2865 136 134 4916
4115 4 2 1 1 2101 2530 2713 4121
4116 4 2 1 1 3892 3835 3976 4115
4117 4 2 1 1 2559 2556 2706 4999
4118 4 2 1 1 452 3672 453 4344
4119 4 2 1 1 1318 4133 1317 4473
4120 4 2 1 1 243 3577 4402 4643
4121 4 2 1 1 1041 4415 1269 4588
4122 4 2 1 1 3253 3271 3272 4382
4123 4 2 1 1 3841 4166 3986 4968
4124 4 2 1 1 3075 3074 3076 4880
4125 4 2 1 1 4312 3116 4326 4377
4126 4 2 1 1 662 4046 3965 4631
4127 4 2 1 1 2835 4378 2822 4485
4128 4 2 1 1 3022 3019 3020 4673
4129 4 2 1 1 3972 4376 4452 4980
4130 4 2 1 1 3667 3679 3669 4122
4131 4 2 1 1 3207 4336 3137 4598
4132 4 2 1 1 3029 4324 3086 4745
4133 4 2 1 1 2944 4283 4135 4439
4134 4 2 1 1 821 13 825 4518
4135 4 2 1 1 955 960 1444 5026
4136 4 2 1 1 3811 4482 4240 4763
4137 4 2 1 1 881 1210 1211 4981
4138 4 2 1 1 454 3659 455 4444
4139 4 2 1 1 362 4163 363 4918
4140 4 2 1 1 3919 4373 3867 4667
4141 4 2 1 1 3885 3970 3930 4481
4142 4 2 1 1 3823 4007 4287 5064
4143 4 2 1 1 455 3681 454 4444
4144 4 2 1 1 685 4006 4259 4318
4145 4 2 1 1 1324 1660 1188 4580
4146 4 2 1 1 1207 4670 3952 5044
4147 4 2 1 1 3807 3894 4536 4537
4148 4 2 1 1 1851 4776 4674 4777
4149 4 2 1 1 3146 4143 3144 4486
4150 4 2 1 1 1554 1229 1555 4338
4151 4 2 1 1 3875 4277 3069 4326
4152 4 2 1 1 764 4288 761 4549
4153 4 2 1 1 3961 3957 4078 4516
4154 4 2 1 1 3173 3170 3304 4525
4155 4 2 1 1 3819 4512 3870 4542
4156 4 2 1 1 3859 3887 3820 4105
4157 4 2 1 1 2894 2895 2893 4333
4158 4 2 1 1 3131 210 3124 4174
4159 4 2 1 1 2152 4155 4084 4384
4160 4 2 1 1 1252 1222 1220 4558
4161 4 2 1 1 4050 4618 4060 4622
4162 4 2 1 1 709 4423 4395 4738
4163 4 2 1 1 1492 1078 1075 4949
4164 4 2 1 1 3850 4117 4079 4711
4165 4 2 1 1 3892 4397 3835 4689
4166 4 2 1 1 362 4197 4163 4918
4167 4 2 1 1 481 4259 4318 4583
4168 4 2 1 1 431 4057 4620 4747
4169 4 2 1 1 45 2754 46 4148
4170 4 2 1 1 4229 4605 3834 5014
4171 4 2 1 1 2671 4508 4563 4603
4172 4 2 1 1 1175 4136 1336 4479
4173 4 2 1 1 3830 3943 3881 4463
4174 4 2 1 1 3834 3921 3882 3939
4175 4 2 1 1 3864 3951 3950 4124
4176 4 2 1 1 4226 4917 3840 4952
4177 4 2 1 1 3307 3357 3242 4778
4178 4 2 1 1 30 1728 1724 4886
4179 4 2 1 1 1960 4615 4481 4754
4180 4 2 1 1 647 767 676 4294
4181 4 2 1 1 1568 1358 1008 4049
4182 4 2 1 1 1812 1872 2435 4823
4183 4 2 1 1 3815 4177 4249 5056
4184 4 2 1 1 2616 1804 1807 4554
4185 4 2 1 1 487 3725 488 4351
4186 4 2 1 1 3866 4277 3818 5068
4187 4 2 1 1 4785 4930 3960 4979
4188 4 2 1 1 4394 4495 461 4592
4189 4 2 1 1 3967 4543 4641 4994
4190 4 2 1 1 3868 3972 4452 4697
4191 4 2 1 1 4239 4427 3989 4568
4192 4 2 1 1 1975 2058 2059 4829
4193 4 2 1 1 4605 4899 3954 4935
4194 4 2 1 1 810 4050 4618 4647
4195 4 2 1 1 1518 958 1427 5026
4196 4 2 1 1 3973 4785 4370 4930
4197 4 2 1 1 3868 4697 4452 4772
4198 4 2 1 1 4239 3932 4568 4743
4199 4 2 1 1 843 1281 844 4590
4200 4 2 1 1 3827 4190 4381 4727
4201 4 2 1 1 2841 97 4594 4648
4202 4 2 1 1 1309 3879 929 4589
4203 4 2 1 1 428 427 3626 4751
4204 4 2 1 1 3082 4111 147 4600
4205 4 2 1 1 2741 2743 1827 4414
4206 4 2 1 1 979 976 978 5060
4207 4 2 1 1 3980 4122 3904 4495
4208 4 2 1 1 3965 4641 3967 4847
4209 4 2 1 1 3761 510 3762 4682
4210 4 2 1 1 3760 3762 507 4682
4211 4 2 1 1 4411 4828 4049 4956
4212 4 2 1 1 1116 1115 1177 4450
4213 4 2 1 1 681 702 715 4523
4214 4 2 1 1 610 4937 4368 4973
4215 4 2 1 1 402 3582 3594 4664
4216 4 2 1 1 1806 1808 1807 4554
4217 4 2 1 1 616 4073 642 4430
4218 4 2 1 1 3806 4430 3847 4511
4219 4 2 1 1 2869 132 129 4595
4220 4 2 1 1 3356 3353 3260 4162
4221 4 2 1 1 4368 4722 3996 4964
4222 4 2 1 1 921 920 4452 5055
4223 4 2 1 1 3807 4240 4367 4763
4224 4 2 1 1 3806 4431 4395 4855
4225 4 2 1 1 3263 4273 3244 4896
4226 4 2 1 1 2475 2196 2274 5053
4227 4 2 1 1 3657 3682 32 3681
4228 4 2 1 1 3859 3820 3935 4105
4229 4 2 1 1 4092 3820 4659 5002
4230 4 2 1 1 3653 4353 3643 4708
4231 4 2 1 1 3854 3957 3961 4516
4232 4 2 1 1 1884 1882 1890 4703
4233 4 2 1 1 2055 1932 2622 4335
4234 4 2 1 1 3331 4297 3147 4486
4235 4 2 1 1 3842 4286 4764 4968
4236 4 2 1 1 4373 4527 4254 4836
4237 4 2 1 1 3806 4864 4016 4865
4238 4 2 1 1 3273 226 3279 3958
4239 4 2 1 1 3284 3259 3285 4390
4240 4 2 1 1 1082 1384 1182 4362
4241 4 2 1 1 3867 4373 3919 4693
4242 4 2 1 1 4223 4325 4054 4917
4243 4 2 1 1 731 4044 716 4667
4244 4 2 1 1 3804 4190 4220 5036
4245 4 2 1 1 32 4444 3682 4762
4246 4 2 1 1 3898 4410 4249 4833
4247 4 2 1 1 929 1308 1310 3879
4248 4 2 1 1 631 4074 4073 4259
4249 4 2 1 1 3561 4975 3949 5066
4250 4 2 1 1 4286 4617 1381 4650
4251 4 2 1 1 2895 4333 2894 4602
4252 4 2 1 1 1277 4322 4836 4863
4253 4 2 1 1 777 752 768 4392
4254 4 2 1 1 4100 3874 4280 4850
4255 4 2 1 1 4167 4563 4346 5008
4256 4 2 1 1 4302 3818 4603 4805
4257 4 2 1 1 1056 4408 4856 4912
4258 4 2 1 1 1331 1152 1149 4942
4259 4 2 1 1 3970 4447 4226 4810
4260 4 2 1 1 2764 2766 123 4242
4261 4 2 1 1 2268 2558 2267 5067
4262 4 2 1 1 770 702 585 751
4263 4 2 1 1 459 3675 119 4762
4264 4 2 1 1 4107 4110 652 4416
4265 4 2 1 1 2528 2060 4015 4793
4266 4 2 1 1 2377 2727 2082 4871
4267 4 2 1 1 624 4640 625 4820
4268 4 2 1 1 1088 1507 1105 4301
4269 4 2 1 1 834 4157 4666 4873
4270 4 2 1 1 3926 4806 3942 4831
4271 4 2 1 1 2955 2972 2954 5085
4272 4 2 1 1 3893 4007 4171 4842
4273 4 2 1 1 2397 2398 2601 4398
4274 4 2 1 1 3862 4461 4238 5065
4275 4 2 1 1 2056 1844 2055 5002
4276 4 2 1 1 3837 4092 4433 5042
4277 4 2 1 1 3574 4643 4402 4848
4278 4 2 1 1 2025 3941 2027 4209
4279 4 2 1 1 1436 1016 1355 4587
4280 4 2 1 1 3804 4218 3998 4220
4281 4 2 1 1 3899 4036 4506 4620
4282 4 2 1 1 4394 4851 3904 4852
4283 4 2 1 1 3810 4404 4264 5086
4284 4 2 1 1 700 4103 4048 4517
4285 4 2 1 1 1894 4660 1837 4843
4286 4 2 1 1 1853 2120 1736 4776
4287 4 2 1 1 413 3599 3585 4446
4288 4 2 1 1 3627 426 3617 4751
4289 4 2 1 1 1470 1469 1468 4200
4290 4 2 1 1 4011 4230 4265 5058
4291 4 2 1 1 4534 4612 3927 4711
4292 4 2 1 1 4534 4635 2624 4939
4293 4 2 1 1 3998 4668 3929 4753
4294 4 2 1 1 3862 4713 4710 4753
4295 4 2 1 1 794 3905 792 4609
4296 4 2 1 1 3912 4360 3977 4363
4297 4 2 1 1 4205 4466 4515 4741
4298 4 2 1 1 363 4163 364 4918
4299 4 2 1 1 3694 3702 3700 4327
4300 4 2 1 1 3995 4247 940 4908
4301 4 2 1 1 4216 3576 4386 4848
4302 4 2 1 1 3898 4874 627 4957
4303 4 2 1 1 773 759 4208 4490
4304 4 2 1 1 3994 4280 3960 5014
4305 4 2 1 1 626 4640 4489 4874
4306 4 2 1 1 2136 4215 4135 4688
4307 4 2 1 1 2363 2374 1846 4576
4308 4 2 1 1 4164 4615 3871 4634
4309 4 2 1 1 2897 2898 4407 4602
4310 4 2 1 1 2136 4135 2475 4688
4311 4 2 1 1 3966 4728 610 4937
4312 4 2 1 1 3850 4002 4442 4893
4313 4 2 1 1 3290 2879 162 164
4314 4 2 1 1 3951 4125 3864 4702
4315 4 2 1 1 146 2848 2801 4111
4316 4 2 1 1 2368 1954 2125 4306
4317 4 2 1 1 3804 4850 4100 5083
4318 4 2 1 1 3814 3817 3853 3953
4319 4 2 1 1 4024 4763 4548 4764
4320 4 2 1 1 4452 4697 3972 4772
4321 4 2 1 1 1848 4797 2609 4952
4322 4 2 1 1 4499 4535 2272 4797
4323 4 2 1 1 1825 2443 1945 4393
4324 4 2 1 1 3815 4410 4249 4933
4325 4 2 1 1 4156 4413 3905 4610
4326 4 2 1 1 4607 4690 3979 4889
4327 4 2 1 1 1834 2203 2150 4858
4328 4 2 1 1 4227 3946 4737 4897
4329 4 2 1 1 3519 4501 339 4849
4330 4 2 1 1 3484 3480 4361 4782
4331 4 2 1 1 3907 4373 4144 4562
4332 4 2 1 1 1980 2602 2529 4793
4333 4 2 1 1 498 4130 4624 4740
4334 4 2 1 1 3821 4395 4288 4855
4335 4 2 1 1 1737 4389 2363 4663
4336 4 2 1 1 3832 4018 3886 4273
4337 4 2 1 1 3898 4690 4466 4874
4338 4 2 1 1 3826 3948 3886 4895
4339 4 2 1 1 3618 424 423 4665
4340 4 2 1 1 3972 4589 4454 4980
4341 4 2 1 1 642 4258 4045 4717
4342 4 2 1 1 2278 4164 2537 4955
4343 4 2 1 1 2083 4184 2085 4421
4344 4 2 1 1 1318 1402 4133 5072
4345 4 2 1 1 3868 4722 4081 4816
4346 4 2 1 1 2617 2602 1980 4829
4347 4 2 1 1 3864 4541 3951 4702
4348 4 2 1 1 3820 4315 4433 4659
4349 4 2 1 1 4284 4304 4159 4551
4350 4 2 1 1 4002 3850 4761 4893
4351 4 2 1 1 2801 2836 2814 4111
4352 4 2 1 1 545 704 683 4511
4353 4 2 1 1 706 4345 4075 4573
4354 4 2 1 1 457 4122 3682 4444
4355 4 2 1 1 2576 2232 2444 4448
4356 4 2 1 1 3851 4011 3936 4230
4357 4 2 1 1 3862 4710 4461 4753
4358 4 2 1 1 1261 1445 1195 4232
4359 4 2 1 1 3814 3880 4763 4968
4360 4 2 1 1 714 684 4075 4749
4361 4 2 1 1 4464 4926 3001 5003
4362 4 2 1 1 130 4069 1411 5082
4363 4 2 1 1 3735 488 489 4504
4364 4 2 1 1 3040 4267 3039 4533
4365 4 2 1 1 3561 373 4975 5066
4366 4 2 1 1 4055 4543 4360 4644
4367 4 2 1 1 3923 3976 3835 4115
4368 4 2 1 1 4208 4490 3808 4874
4369 4 2 1 1 2509 2038 2021 4672
4370 4 2 1 1 766 4288 751 4739
4371 4 2 1 1 3994 4839 4668 4979
4372 4 2 1 1 3081 4982 4187 5074
4373 4 2 1 1 3033 2925 4604 4804
4374 4 2 1 1 612 85 4470 4747
4375 4 2 1 1 637 625 4640 4820
4376 4 2 1 1 2180 2719 2176 4432
4377 4 2 1 1 1384 4742 4262 4949
4378 4 2 1 1 518 3785 519 4544
4379 4 2 1 1 3499 3487 3498 4253
4380 4 2 1 1 714 4357 684 4749
4381 4 2 1 1 4239 4568 3989 4703
4382 4 2 1 1 632 4430 640 4431
4383 4 2 1 1 1919 4510 2531 4585
4384 4 2 1 1 672 680 644 4490
4385 4 2 1 1 808 4299 4449 4983
4386 4 2 1 1 1332 4873 917 4875
4387 4 2 1 1 3225 3365 3230 4891
4388 4 2 1 1 4610 4649 794 4985
4389 4 2 1 1 4368 4728 4050 4937
4390 4 2 1 1 3915 4140 4630 4906
4391 4 2 1 1 3929 4668 4244 4753
4392 4 2 1 1 2921 4419 2920 4724
4393 4 2 1 1 3932 4429 4302 4513
4394 4 2 1 1 4395 4738 3821 4739
4395 4 2 1 1 680 780 644 4490
4396 4 2 1 1 3840 3970 4226 4810
4397 4 2 1 1 4271 3809 4710 4920
4398 4 2 1 1 3915 4285 4180 4906
4399 4 2 1 1 4534 607 4635 5013
4400 4 2 1 1 2498 2030 2029 4460
4401 4 2 1 1 1772 4165 1769 4447
4402 4 2 1 1 3728 3717 37 4914
4403 4 2 1 1 1289 1659 4411 4662
4404 4 2 1 1 1019 1360 1045 4959
4405 4 2 1 1 199 4305 3098 4529
4406 4 2 1 1 2556 2559 2558 4999
4407 4 2 1 1 1214 1220 1222 4558
4408 4 2 1 1 3805 4347 3960 4716
4409 4 2 1 1 2862 4597 2864 4911
4410 4 2 1 1 157 158 3290 4569
4411 4 2 1 1 4138 4068 4376 4726
4412 4 2 1 1 765 4356 4271 4921
4413 4 2 1 1 777 771 4270 4983
4414 4 2 1 1 3125 3334 3231 4096
4415 4 2 1 1 1745 2066 1742 4478
4416 4 2 1 1 4069 4480 4070 4595
4417 4 2 1 1 3887 4433 3838 4509
4418 4 2 1 1 3724 3719 3713 4837
4419 4 2 1 1 2277 1806 1802 4330
4420 4 2 1 1 2245 2237 2535 4056
4421 4 2 1 1 3818 4277 3903 4720
4422 4 2 1 1 2946 4211 2912 4419
4423 4 2 1 1 689 4691 4511 4865
4424 4 2 1 1 2745 2409 1889 4703
4425 4 2 1 1 3831 4773 4605 4779
4426 4 2 1 1 4375 4397 3975 4902
4427 4 2 1 1 664 4347 4392 4941
4428 4 2 1 1 2183 2172 2590 5050
4429 4 2 1 1 1036 1498 1186 4440
4430 4 2 1 1 3816 4228 3849 4236
4431 4 2 1 1 3808 4874 4489 4909
4432 4 2 1 1 3898 4208 4690 4874
4433 4 2 1 1 3401 4083 3397 4402
4434 4 2 1 1 1809 1808 1810 4679
4435 4 2 1 1 237 4168 3326 4569
4436 4 2 1 1 2065 4437 1840 4786
4437 4 2 1 1 939 3995 1620 4653
4438 4 2 1 1 447 3640 3652 4230
4439 4 2 1 1 3134 4598 4700 4976
4440 4 2 1 1 635 639 613 4489
4441 4 2 1 1 3823 3893 3859 3935
4442 4 2 1 1 4246 4329 2116 4585
4443 4 2 1 1 2004 2470 4291 4694
4444 4 2 1 1 2164 2167 2165 5050
4445 4 2 1 1 632 4431 704 4511
4446 4 2 1 1 781 755 687 4431
4447 4 2 1 1 1280 942 1562 4904
4448 4 2 1 1 2142 2061 2144 4915
4449 4 2 1 1 616 4430 4511 4691
4450 4 2 1 1 4022 4250 3903 4623
4451 4 2 1 1 959 4146 1209 4415
4452 4 2 1 1 4055 4360 1225 4644
4453 4 2 1 1 1494 1454 1605 4869
4454 4 2 1 1 4129 4899 4605 4935
4455 4 2 1 1 3985 4132 3906 4502
4456 4 2 1 1 94 95 2843 4485
4457 4 2 1 1 2764 2763 2761 4242
4458 4 2 1 1 3163 4171 3157 4862
4459 4 2 1 1 843 842 841 4236
4460 4 2 1 1 1054 4456 1001 4912
4461 4 2 1 1 1061 1062 4456 4912
4462 4 2 1 1 3099 2886 3023 4522
4463 4 2 1 1 2848 2805 2836 4111
4464 4 2 1 1 1006 1405 1274 4834
4465 4 2 1 1 1620 1390 946 4908
4466 4 2 1 1 2349 4462 4118 4591
4467 4 2 1 1 4241 4631 3963 5080
4468 4 2 1 1 4113 4172 327 4530
4469 4 2 1 1 3245 4273 3244 4469
4470 4 2 1 1 2887 2880 175 4160
4471 4 2 1 1 3016 3993 4733 4810
4472 4 2 1 1 795 3905 794 4985
4473 4 2 1 1 3509 334 3507 4500
4474 4 2 1 1 3996 4452 3868 4973
4475 4 2 1 1 1423 1452 1491 4349
4476 4 2 1 1 472 3686 3698 4951
4477 4 2 1 1 3982 4063 3872 4296
4478 4 2 1 1 4234 4833 4328 4855
4479 4 2 1 1 297 3478 249 4387
4480 4 2 1 1 4606 4704 4116 4745
4481 4 2 1 1 1890 2122 3989 4786
4482 4 2 1 1 1717 4112 4254 4857
4483 4 2 1 1 3160 4396 3336 4579
4484 4 2 1 1 927 925 1316 4589
4485 4 2 1 1 2646 2118 4302 4568
4486 4 2 1 1 1965 4167 4374 4603
4487 4 2 1 1 4068 4452 888 5046
4488 4 2 1 1 597 1329 4363 4624
4489 4 2 1 1 3975 4379 4375 4515
4490 4 2 1 1 2734 2551 2442 5049
4491 4 2 1 1 1061 4456 1062 5030
4492 4 2 1 1 1890 2122 2159 3989
4493 4 2 1 1 1902 1895 1893 4292
4494 4 2 1 1 1525 1558 1527 4332
4495 4 2 1 1 4118 4462 3846 4591
4496 4 2 1 1 979 976 4586 5035
4497 4 2 1 1 1939 1847 4695 4797
4498 4 2 1 1 16 3694 15 4327
4499 4 2 1 1 847 848 846 4981
4500 4 2 1 1 3819 4280 4100 4512
4501 4 2 1 1 4000 4467 4142 4931
4502 4 2 1 1 2436 2049 5077 5078
4503 4 2 1 1 1696 1155 1695 4358
4504 4 2 1 1 4110 4150 673 4416
4505 4 2 1 1 3909 3950 3824 4028
4506 4 2 1 1 2366 2218 1926 4257
4507 4 2 1 1 4367 4548 4024 4763
4508 4 2 1 1 3587 3600 4241 4954
4509 4 2 1 1 791 4104 4265 4885
4510 4 2 1 1 480 4517 4071 4879
4511 4 2 1 1 4311 4577 3988 4916
4512 4 2 1 1 4135 4439 3909 4688
4513 4 2 1 1 96 2841 4485 4648
4514 4 2 1 1 655 3900 649 3915
4515 4 2 1 1 690 4423 689 4865
4516 4 2 1 1 3847 3806 4410 4430
4517 4 2 1 1 762 4549 761 4675
4518 4 2 1 1 4631 4683 3963 5080
4519 4 2 1 1 3252 3286 4390 4674
4520 4 2 1 1 3818 4429 3866 5068
4521 4 2 1 1 1718 1719 1721 4978
4522 4 2 1 1 1312 3879 3962 4473
4523 4 2 1 1 2800 4378 4883 4982
4524 4 2 1 1 4316 4437 3984 4786
4525 4 2 1 1 4186 4054 4385 4769
4526 4 2 1 1 341 5009 325 5010
4527 4 2 1 1 3833 4346 4559 5008
4528 4 2 1 1 4271 3809 4523 4710
4529 4 2 1 1 1033 1709 1498 4440
4530 4 2 1 1 1965 1917 2117 4603
4531 4 2 1 1 642 4045 3933 4717
4532 4 2 1 1 4081 4722 3868 4973
4533 4 2 1 1 3812 4129 4244 4779
4534 4 2 1 1 3819 4294 4550 4941
4535 4 2 1 1 3903 4605 3882 4706
4536 4 2 1 1 2815 2819 2828 4309
4537 4 2 1 1 1894 1895 2678 4660
4538 4 2 1 1 2837 2814 2836 4111
4539 4 2 1 1 3160 4579 3299 4701
4540 4 2 1 1 3816 3849 3922 4236
4541 4 2 1 1 3359 3239 3242 4632
4542 4 2 1 1 2018 2021 2020 4672
4543 4 2 1 1 672 635 650 4491
4544 4 2 1 1 35 4182 435 4726
4545 4 2 1 1 3667 4122 3662 4572
4546 4 2 1 1 4375 4515 4379 4929
4547 4 2 1 1 2624 4503 607 4534
4548 4 2 1 1 4364 4567 2121 4895
4549 4 2 1 1 3971 4513 4293 4958
4550 4 2 1 1 130 129 4480 4595
4551 4 2 1 1 1073 4139 1071 4927
4552 4 2 1 1 3303 3302 3201 4524
4553 4 2 1 1 3008 3007 4656 4809
4554 4 2 1 1 1497 1465 1466 4765
4555 4 2 1 1 3970 4917 4226 4952
4556 4 2 1 1 683 616 4511 4691
4557 4 2 1 1 3818 4535 4374 4805
4558 4 2 1 1 4047 4104 795 4885
4559 4 2 1 1 4573 4749 4265 4885
4560 4 2 1 1 3353 4084 3260 4162
4561 4 2 1 1 266 3391 3390 4704
4562 4 2 1 1 1766 2282 1764 4447
4563 4 2 1 1 672 644 635 4490
4564 4 2 1 1 2588 2167 2179 5050
4565 4 2 1 1 1465 1462 1464 4765
4566 4 2 1 1 3049 4312 3051 4483
4567 4 2 1 1 2751 2747 4781 4966
4568 4 2 1 1 2939 2940 2950 4283
4569 4 2 1 1 3846 3833 3921 4051
4570 4 2 1 1 1248 1289 1659 4411
4571 4 2 1 1 2368 2708 1856 4384
4572 4 2 1 1 3912 4109 4484 4652
4573 4 2 1 1 3806 4016 4699 4868
4574 4 2 1 1 3804 4219 4850 5083
4575 4 2 1 1 3322 3320 3225 4555
4576 4 2 1 1 3936 4845 799 4888
4577 4 2 1 1 3975 4843 4902 5041
4578 4 2 1 1 129 2781 130 4480
4579 4 2 1 1 1901 4281 2604 4645
4580 4 2 1 1 4668 4839 3929 4979
4581 4 2 1 1 727 4962 4722 4964
4582 4 2 1 1 3689 3701 33 4978
4583 4 2 1 1 2956 4529 4282 5039
4584 4 2 1 1 4002 4287 3215 4761
4585 4 2 1 1 4170 3840 4695 4810
4586 4 2 1 1 3397 215 3398 4019
4587 4 2 1 1 2364 2736 2114 4179
4588 4 2 1 1 2249 2248 2250 4803
4589 4 2 1 1 947 4247 1287 4948
4590 4 2 1 1 2968 3087 2969 4947
4591 4 2 1 1 4134 4788 2954 5085
4592 4 2 1 1 93 3863 92 4688
4593 4 2 1 1 808 4449 818 4983
4594 4 2 1 1 3961 4078 3957 5010
4595 4 2 1 1 3934 4016 4864 4865
4596 4 2 1 1 3670 3673 3675 4122
4597 4 2 1 1 2910 2911 4211 4907
4598 4 2 1 1 2493 1950 2432 4497
4599 4 2 1 1 2904 2907 2906 4457
4600 4 2 1 1 3847 3933 4430 4936
4601 4 2 1 1 1329 4360 4055 4867
4602 4 2 1 1 4223 4326 4325 4917
4603 4 2 1 1 4156 3929 4610 4649
4604 4 2 1 1 3932 4302 4221 4568
4605 4 2 1 1 763 4231 4101 4675
4606 4 2 1 1 4452 4816 3868 4973
4607 4 2 1 1 2775 4344 4762 4946
4608 4 2 1 1 3811 4049 4828 4956
4609 4 2 1 1 3665 3660 3671 4800
4610 4 2 1 1 3244 3243 4469 4811
4611 4 2 1 1 230 3335 3334 4096
4612 4 2 1 1 2930 3105 3096 4483
4613 4 2 1 1 341 340 4532 5010
4614 4 2 1 1 4178 4281 3902 4645
4615 4 2 1 1 517 3782 518 4544
4616 4 2 1 1 3870 4323 4264 5057
4617 4 2 1 1 4095 4096 3856 4614
4618 4 2 1 1 3922 4040 4547 4873
4619 4 2 1 1 3929 4610 4356 4920
4620 4 2 1 1 524 3763 525 4638
4621 4 2 1 1 4356 4523 4271 4920
4622 4 2 1 1 130 4596 4069 5082
4623 4 2 1 1 2234 2237 2245 4056
4624 4 2 1 1 99 100 2832 4088
4625 4 2 1 1 3906 3847 3985 4503
4626 4 2 1 1 409 4630 410 4683
4627 4 2 1 1 35 4182 4726 5046
4628 4 2 1 1 4555 4919 3887 5028
4629 4 2 1 1 715 4738 697 4739
4630 4 2 1 1 3987 4286 3807 4764
4631 4 2 1 1 3918 4054 3897 4186
4632 4 2 1 1 1317 1313 4473 4589
4633 4 2 1 1 901 1326 1283 4558
4634 4 2 1 1 4409 4423 4120 4738
4635 4 2 1 1 952 1329 828 4360
4636 4 2 1 1 3993 1764 4447 5040
4637 4 2 1 1 2893 2892 2894 4601
4638 4 2 1 1 1218 1223 1219 4580
4639 4 2 1 1 3815 4177 3850 4827
4640 4 2 1 1 3838 3887 4509 5028
4641 4 2 1 1 3335 4096 3916 5043
4642 4 2 1 1 922 928 920 5055
4643 4 2 1 1 3652 4230 3640 4354
4644 4 2 1 1 653 4392 669 4983
4645 4 2 1 1 2032 4458 2611 5077
4646 4 2 1 1 2025 2041 3941 4106
4647 4 2 1 1 2956 4305 199 4529
4648 4 2 1 1 4489 4490 639 4874
4649 4 2 1 1 1469 1470 1471 4200
4650 4 2 1 1 3960 4559 4512 4560
4651 4 2 1 1 3898 4249 4607 4833
4652 4 2 1 1 1814 1817 1872 4823
4653 4 2 1 1 3901 4649 4156 4985
4654 4 2 1 1 2065 1883 2595 4551
4655 4 2 1 1 97 2841 96 4648
4656 4 2 1 1 2869 2872 2852 4916
4657 4 2 1 1 3041 4656 4533 4809
4658 4 2 1 1 3220 3221 3222 4401
4659 4 2 1 1 3816 4548 3880 5063
4660 4 2 1 1 3967 4443 4146 4644
4661 4 2 1 1 3933 3847 4430 4960
4662 4 2 1 1 2208 2494 2493 4497
4663 4 2 1 1 4117 4212 4076 4671
4664 4 2 1 1 3805 4716 3994 4839
4665 4 2 1 1 3944 4824 4435 4825
4666 4 2 1 1 665 4294 4490 4491
4667 4 2 1 1 3833 4167 4510 4854
4668 4 2 1 1 3863 4187 3908 4485
4669 4 2 1 1 3117 4272 2986 4880
4670 4 2 1 1 3232 4469 3234 4784
4671 4 2 1 1 1298 1295 1364 4742
4672 4 2 1 1 2507 2038 2509 4672
4673 4 2 1 1 4288 4855 3999 4868
4674 4 2 1 1 3786 4195 528 4886
4675 4 2 1 1 767 779 4294 4550
4676 4 2 1 1 523 3764 524 4770
4677 4 2 1 1 2024 2025 2022 4106
4678 4 2 1 1 3952 4201 1662 5044
4679 4 2 1 1 31 2773 4158 4355
4680 4 2 1 1 2063 2673 2271 356
4681 4 2 1 1 4286 4403 3987 4863
4682 4 2 1 1 4310 4443 3858 4548
4683 4 2 1 1 1787 2131 2154 4300
4684 4 2 1 1 2915 4126 3087 4439
4685 4 2 1 1 3819 4347 4094 4941
4686 4 2 1 1 1787 2428 2429 4300
4687 4 2 1 1 924 925 1704 5055
4688 4 2 1 1 4024 3842 4617 4764
4689 4 2 1 1 1639 1112 1485 4224
4690 4 2 1 1 2604 1905 4645 4789
4691 4 2 1 1 1647 1645 1485 4224
4692 4 2 1 1 3531 335 336 4849
4693 4 2 1 1 1654 917 1665 4666
4694 4 2 1 1 13 3754 512 4518
4695 4 2 1 1 655 3915 658 4046
4696 4 2 1 1 3923 4243 626 5019
4697 4 2 1 1 3901 4370 4156 4649
4698 4 2 1 1 482 3731 481 4583
4699 4 2 1 1 613 4491 4489 5019
4700 4 2 1 1 2901 2903 4126 4639
4701 4 2 1 1 721 3852 4647 5059
4702 4 2 1 1 3818 4374 4603 4805
4703 4 2 1 1 1885 4703 2735 4735
4704 4 2 1 1 3822 4535 3818 4805
4705 4 2 1 1 3812 4167 4129 4720
4706 4 2 1 1 2841 3865 4594 4883
4707 4 2 1 1 694 4726 682 5031
4708 4 2 1 1 2970 4293 4897 4958
4709 4 2 1 1 1030 1029 1026 5070
4710 4 2 1 1 172 3370 4529 4791
4711 4 2 1 1 2771 2767 117 4158
4712 4 2 1 1 1456 1493 1491 4349
4713 4 2 1 1 3240 3253 3238 4632
4714 4 2 1 1 3968 3883 4147 4230
4715 4 2 1 1 1119 1422 1515 4061
4716 4 2 1 1 3336 3364 3262 4396
4717 4 2 1 1 1846 1737 2363 4663
4718 4 2 1 1 480 496 4103 4910
4719 4 2 1 1 169 170 3110 4791
4720 4 2 1 1 855 1414 1592 4746
4721 4 2 1 1 4235 4883 4378 4982
4722 4 2 1 1 3746 500 501 4901
4723 4 2 1 1 446 462 463 4265
4724 4 2 1 1 446 463 447 4265
4725 4 2 1 1 2098 4261 4802 5062
4726 4 2 1 1 4105 3887 4555 4919
4727 4 2 1 1 3061 3930 3101 4553
4728 4 2 1 1 4364 4494 4289 4767
4729 4 2 1 1 3860 4635 4534 4939
4730 4 2 1 1 2991 4385 4054 4769
4731 4 2 1 1 470 469 4527 4840
4732 4 2 1 1 784 753 805 4270
4733 4 2 1 1 3252 4155 3286 4674
4734 4 2 1 1 3884 4050 4729 4731
4735 4 2 1 1 4454 4456 4020 5030
4736 4 2 1 1 608 4437 4551 5013
4737 4 2 1 1 3497 327 328 4530
4738 4 2 1 1 3652 3653 446 4230
4739 4 2 1 1 1977 1972 2144 4915
4740 4 2 1 1 3812 4720 3834 5008
4741 4 2 1 1 3666 3662 4444 4572
4742 4 2 1 1 3709 478 4203 4978
4743 4 2 1 1 3207 3134 3133 4598
4744 4 2 1 1 4046 4119 3915 4630
4745 4 2 1 1 3723 3726 3728 4132
4746 4 2 1 1 4009 4259 4006 4608
4747 4 2 1 1 3846 4118 3837 4462
4748 4 2 1 1 4021 4422 4272 4934
4749 4 2 1 1 1628 1172 1331 4358
4750 4 2 1 1 2260 2738 2247 4245
4751 4 2 1 1 3958 4793 2602 4829
4752 4 2 1 1 3965 4641 674 5023
4753 4 2 1 1 3896 4441 4368 4937
4754 4 2 1 1 3633 438 439 5012
4755 4 2 1 1 2272 4535 1958 4797
4756 4 2 1 1 3749 3754 3752 4251
4757 4 2 1 1 94 93 1864 4389
4758 4 2 1 1 211 3288 3286 4674
4759 4 2 1 1 3868 4697 4240 4812
4760 4 2 1 1 3841 3817 3914 5076
4761 4 2 1 1 607 4048 605 5031
4762 4 2 1 1 633 772 781 4431
4763 4 2 1 1 1062 4454 4376 5030
4764 4 2 1 1 1929 2149 1839 4521
4765 4 2 1 1 4148 4320 2755 4340
4766 4 2 1 1 1673 1672 1140 4269
4767 4 2 1 1 3349 3172 3174 4342
4768 4 2 1 1 1720 1716 33 4978
4769 4 2 1 1 3819 3870 4100 4542
4770 4 2 1 1 1036 4440 1186 4587
4771 4 2 1 1 830 1346 1347 4480
4772 4 2 1 1 4221 4508 4129 4900
4773 4 2 1 1 683 616 545 4511
4774 4 2 1 1 3350 3218 3216 4401
4775 4 2 1 1 3342 235 206 4613
4776 4 2 1 1 681 585 702 751
4777 4 2 1 1 3369 169 4528 4791
4778 4 2 1 1 2231 2234 4185 4418
4779 4 2 1 1 2627 1828 1953 4414
4780 4 2 1 1 2416 2415 2640 4458
4781 4 2 1 1 1903 1900 2619 4092
4782 4 2 1 1 4219 4549 3998 4920
4783 4 2 1 1 2150 2566 98 4594
4784 4 2 1 1 1399 4488 984 4678
4785 4 2 1 1 4341 4699 4607 5056
4786 4 2 1 1 1319 1318 949 5072
4787 4 2 1 1 2976 4272 2978 4882
4788 4 2 1 1 2096 2648 2097 4261
4789 4 2 1 1 1076 1330 1207 4661
4790 4 2 1 1 2028 2019 4496 4771
4791 4 2 1 1 3806 4410 4430 4833
4792 4 2 1 1 2868 2857 2864 4993
4793 4 2 1 1 231 3334 3125 4096
4794 4 2 1 1 833 1443 984 4157
4795 4 2 1 1 2701 2491 1865 4684
4796 4 2 1 1 2644 1831 1791 4686
4797 4 2 1 1 462 3678 463 4572
4798 4 2 1 1 4325 4326 3116 4377
4799 4 2 1 1 2280 4635 607 5013
4800 4 2 1 1 4609 4749 3980 4885
4801 4 2 1 1 413 4241 4060 4446
4802 4 2 1 1 4160 4235 3865 4528
4803 4 2 1 1 3146 3180 4143 4783
4804 4 2 1 1 3821 4710 3862 4713
4805 4 2 1 1 1598 1176 1597 4948
4806 4 2 1 1 3814 3841 3817 4968
4807 4 2 1 1 2235 4056 2234 4418
4808 4 2 1 1 1393 1070 1111 4505
4809 4 2 1 1 465 4318 4259 4608
4810 4 2 1 1 2700 2402 2304 4992
4811 4 2 1 1 2520 2514 2515 5077
4812 4 2 1 1 3932 4736 4513 4743
4813 4 2 1 1 4013 4295 3900 4658
4814 4 2 1 1 3871 4615 4329 4634
4815 4 2 1 1 3806 4699 3999 4868
4816 4 2 1 1 869 868 870 4278
4817 4 2 1 1 1604 940 941 4905
4818 4 2 1 1 723 4845 4832 4965
4819 4 2 1 1 3915 4119 655 4285
4820 4 2 1 1 3897 3955 4125 4702
4821 4 2 1 1 2763 2764 124 4242
4822 4 2 1 1 2058 1921 2220 4494
4823 4 2 1 1 798 3901 4057 4154
4824 4 2 1 1 660 658 4097 4847
4825 4 2 1 1 785 4050 4832 4845
4826 4 2 1 1 3761 4251 511 4682
4827 4 2 1 1 3881 4308 3942 4806
4828 4 2 1 1 2809 2817 2821 4378
4829 4 2 1 1 736 4984 3851 5075
4830 4 2 1 1 1224 35 4726 5046
4831 4 2 1 1 3397 3401 214 4083
4832 4 2 1 1 3010 3024 3118 4223
4833 4 2 1 1 665 4294 676 4490
4834 4 2 1 1 2738 2246 2247 4245
4835 4 2 1 1 1883 1885 2595 4304
4836 4 2 1 1 3969 4725 4182 4726
4837 4 2 1 1 1336 1314 1342 3962
4838 4 2 1 1 3813 4461 4204 4807
4839 4 2 1 1 4379 4466 3923 4741
4840 4 2 1 1 716 634 550 737
4841 4 2 1 1 3198 3191 3197 4794
4842 4 2 1 1 3811 4240 4697 4763
4843 4 2 1 1 3847 3933 4936 4960
4844 4 2 1 1 4166 4286 3986 4968
4845 4 2 1 1 2199 4092 4659 5002
4846 4 2 1 1 2972 4134 2954 5085
4847 4 2 1 1 96 4485 1845 4648
4848 4 2 1 1 1066 4217 1065 4505
4849 4 2 1 1 2545 4164 2404 4615
4850 4 2 1 1 1626 370 1625 1340
4851 4 2 1 1 714 4357 693 4738
4852 4 2 1 1 3036 3047 3063 4604
4853 4 2 1 1 4118 4189 3837 4660
4854 4 2 1 1 474 3685 473 4951
4855 4 2 1 1 3846 4560 3833 4591
4856 4 2 1 1 3961 5009 4222 5010
4857 4 2 1 1 2065 4551 4437 4786
4858 4 2 1 1 3603 4194 403 4664
4859 4 2 1 1 4473 4654 949 5072
4860 4 2 1 1 3487 3485 3498 4782
4861 4 2 1 1 4169 4223 4522 4926
4862 4 2 1 1 2373 4663 4127 4695
4863 4 2 1 1 3171 3172 4233 4525
4864 4 2 1 1 1318 1402 1317 4133
4865 4 2 1 1 739 742 3844 4556
4866 4 2 1 1 1813 1809 2188 4823
4867 4 2 1 1 146 2801 147 4111
4868 4 2 1 1 4134 4838 4788 5085
4869 4 2 1 1 205 4168 3342 4613
4870 4 2 1 1 4730 4747 610 4937
4871 4 2 1 1 2263 2615 4127 4499
4872 4 2 1 1 3194 3187 3193 4289
4873 4 2 1 1 2973 4134 2972 4655
4874 4 2 1 1 715 705 697 4357
4875 4 2 1 1 735 4965 4832 5022
4876 4 2 1 1 1064 4217 1447 4908
4877 4 2 1 1 3994 4219 4668 4839
4878 4 2 1 1 249 3478 3477 4526
4879 4 2 1 1 3569 3576 4216 4848
4880 4 2 1 1 778 751 584 4739
4881 4 2 1 1 4022 4272 4250 4880
4882 4 2 1 1 2348 4118 4085 4365
4883 4 2 1 1 3175 3308 3278 4778
4884 4 2 1 1 3353 3356 3269 4162
4885 4 2 1 1 43 885 828 4540
4886 4 2 1 1 4029 4455 4282 4685
4887 4 2 1 1 1304 1301 1300 4193
4888 4 2 1 1 3814 4240 3807 4763
4889 4 2 1 1 1979 1980 2612 4428
4890 4 2 1 1 3722 3714 3721 5033
4891 4 2 1 1 1266 990 890 4441
4892 4 2 1 1 1184 1181 1182 4362
4893 4 2 1 1 763 752 777 4101
4894 4 2 1 1 1790 2692 1771 4165
4895 4 2 1 1 3045 2898 4124 4639
4896 4 2 1 1 3816 3988 3922 4175
4897 4 2 1 1 3875 4102 4365 4585
4898 4 2 1 1 3852 4832 4731 5022
4899 4 2 1 1 1786 1787 1858 4300
4900 4 2 1 1 2923 4417 2921 4604
4901 4 2 1 1 2529 2130 2060 4793
4902 4 2 1 1 3712 490 489 4504
4903 4 2 1 1 2097 2100 2095 4718
4904 4 2 1 1 2531 1914 2160 4510
4905 4 2 1 1 4231 4675 3804 5083
4906 4 2 1 1 4271 4288 764 4549
4907 4 2 1 1 3045 4602 2916 4721
4908 4 2 1 1 713 699 702 4523
4909 4 2 1 1 264 3542 3541 3794
4910 4 2 1 1 3830 3881 4806 4899
4911 4 2 1 1 2994 4325 2992 5003
4912 4 2 1 1 3331 4486 3212 4790
4913 4 2 1 1 1205 1262 1261 4232
4914 4 2 1 1 2030 4460 2498 4967
4915 4 2 1 1 3961 5010 3957 5011
4916 4 2 1 1 4114 3976 4492 4757
4917 4 2 1 1 3369 170 169 4791
4918 4 2 1 1 730 742 4543 4989
4919 4 2 1 1 3998 4219 3804 4549
4920 4 2 1 1 605 4517 5030 5031
4921 4 2 1 1 3824 4648 4541 4663
4922 4 2 1 1 3861 4635 4551 5013
4923 4 2 1 1 750 772 555 614
4924 4 2 1 1 2106 373 2207 2206
4925 4 2 1 1 479 4517 480 4879
4926 4 2 1 1 894 844 895 4228
4927 4 2 1 1 2047 2053 2045 4637
4928 4 2 1 1 598 15 470 4527
4929 4 2 1 1 1432 1179 4027 4825
4930 4 2 1 1 663 647 4294 4941
4931 4 2 1 1 4280 4512 3960 4559
4932 4 2 1 1 824 4348 820 4518
4933 4 2 1 1 2972 4134 2973 4897
4934 4 2 1 1 4346 4560 1915 4591
4935 4 2 1 1 1601 1563 1131 4870
4936 4 2 1 1 4010 4117 3850 4893
4937 4 2 1 1 3842 4024 4548 4764
4938 4 2 1 1 730 3843 4846 4994
4939 4 2 1 1 1550 1582 1556 5045
4940 4 2 1 1 2646 4302 2261 4513
4941 4 2 1 1 3117 4250 2978 4272
4942 4 2 1 1 1855 4674 4384 4777
4943 4 2 1 1 4077 4612 4516 5056
4944 4 2 1 1 2883 2949 3086 4215
4945 4 2 1 1 1658 959 957 4443
4946 4 2 1 1 517 3976 4388 4757
4947 4 2 1 1 741 4537 4536 4667
4948 4 2 1 1 1123 1517 1675 4869
4949 4 2 1 1 3761 9 4518 4682
4950 4 2 1 1 3760 4518 9 4682
4951 4 2 1 1 1365 4376 1062 4980
4952 4 2 1 1 739 3844 720 4938
4953 4 2 1 1 4373 4836 4322 4863
4954 4 2 1 1 624 4052 3923 4640
4955 4 2 1 1 663 4294 4369 4941
4956 4 2 1 1 3867 4373 3907 4562
4957 4 2 1 1 1717 4254 4112 4327
4958 4 2 1 1 1153 1693 1152 4358
4959 4 2 1 1 3553 4197 3547 4496
4960 4 2 1 1 968 4038 967 4451
4961 4 2 1 1 1012 876 877 4986
4962 4 2 1 1 3237 3244 3243 4469
4963 4 2 1 1 2067 4215 2066 4599
4964 4 2 1 1 3890 3891 3846 4404
4965 4 2 1 1 3620 3608 418 4752
4966 4 2 1 1 1604 942 1287 3995
4967 4 2 1 1 3223 3221 3226 4401
4968 4 2 1 1 496 4910 495 4914
4969 4 2 1 1 708 719 682 579
4970 4 2 1 1 3811 3937 4049 4956
4971 4 2 1 1 3918 4312 4326 4377
4972 4 2 1 1 3268 4162 3130 4382
4973 4 2 1 1 675 569 647 4550
4974 4 2 1 1 2055 2622 2046 4188
4975 4 2 1 1 2051 2032 2415 4458
4976 4 2 1 1 884 4322 4144 4836
4977 4 2 1 1 1477 1479 1576 4200
4978 4 2 1 1 4315 4659 3820 5002
4979 4 2 1 1 4129 4603 4221 4935
4980 4 2 1 1 2515 2516 2517 4198
4981 4 2 1 1 834 4157 836 4666
4982 4 2 1 1 899 1332 900 4875
4983 4 2 1 1 4293 4513 3932 4958
4984 4 2 1 1 412 4241 411 4285
4985 4 2 1 1 787 4299 3900 4449
4986 4 2 1 1 659 670 3924 4369
4987 4 2 1 1 1956 2282 4447 4686
4988 4 2 1 1 3937 3811 4482 4956
4989 4 2 1 1 4169 4522 3013 4926
4990 4 2 1 1 3854 4990 4218 5084
4991 4 2 1 1 2910 4457 2909 4907
4992 4 2 1 1 3917 3870 4404 4861
4993 4 2 1 1 3854 4218 4713 5084
4994 4 2 1 1 665 4369 4294 4491
4995 4 2 1 1 1622 1381 1185 4650
4996 4 2 1 1 3134 3132 3133 4976
4997 4 2 1 1 4487 4648 4594 4858
4998 4 2 1 1 2109 2112 2347 4085
4999 4 2 1 1 3288 4192 3286 4674
5000 4 2 1 1 2531 2160 2115 4585
5001 4 2 1 1 895 1006 894 4228
5002 4 2 1 1 867 985 863 4278
5003 4 2 1 1 1397 1662 1117 4201
5004 4 2 1 1 3146 4297 3148 4783
5005 4 2 1 1 2976 2978 2977 4882
5006 4 2 1 1 2718 2717 2176 4432
5007 4 2 1 1 3054 3001 3002 4464
5008 4 2 1 1 3936 3851 4816 4888
5009 4 2 1 1 514 515 4243 4388
5010 4 2 1 1 4846 4962 728 4994
5011 4 2 1 1 1982 1984 1983 4997
5012 4 2 1 1 3110 3081 3080 4982
5013 4 2 1 1 4023 4298 3359 4632
5014 4 2 1 1 2978 4655 2977 4882
5015 4 2 1 1 2536 4585 4067 4754
5016 4 2 1 1 3006 3008 3007 4656
5017 4 2 1 1 3124 3129 3131 4174
5018 4 2 1 1 3810 4433 4659 5042
5019 4 2 1 1 3635 4353 3641 4354
5020 4 2 1 1 3008 3006 3041 4809
5021 4 2 1 1 1446 4818 4236 4834
5022 4 2 1 1 2801 2848 2836 4111
5023 4 2 1 1 1411 2781 830 130
5024 4 2 1 1 2250 4734 4116 4803
5025 4 2 1 1 1899 2217 2478 4924
5026 4 2 1 1 2851 2864 2857 4911
5027 4 2 1 1 2257 4734 1891 4735
5028 4 2 1 1 122 2757 2756 4340
5029 4 2 1 1 1419 1437 1438 4476
5030 4 2 1 1 3552 3545 3553 4163
5031 4 2 1 1 428 427 4180 4285
5032 4 2 1 1 1558 1529 1527 4332
5033 4 2 1 1 3005 4656 3012 4926
5034 4 2 1 1 2992 4325 4769 5003
5035 4 2 1 1 2910 3088 4457 4890
5036 4 2 1 1 94 3863 4389 4485
5037 4 2 1 1 4170 4858 3993 5040
5038 4 2 1 1 3838 4509 3869 5028
5039 4 2 1 1 3740 3747 3741 4901
5040 4 2 1 1 4158 4708 3883 4759
5041 4 2 1 1 435 4182 3637 5025
5042 4 2 1 1 21 3603 4664 4953
5043 4 2 1 1 3894 4322 4144 4456
5044 4 2 1 1 3240 3254 3253 4382
5045 4 2 1 1 2963 2964 2889 5029
5046 4 2 1 1 3270 3306 3269 4162
5047 4 2 1 1 3767 525 3763 4638
5048 4 2 1 1 4368 4722 4081 4973
5049 4 2 1 1 1707 1700 968 4488
5050 4 2 1 1 3834 4559 3939 5014
5051 4 2 1 1 4124 4126 4125 4639
5052 4 2 1 1 4370 4563 3812 4785
5053 4 2 1 1 3991 4297 3848 4790
5054 4 2 1 1 3984 4434 4413 4852
5055 4 2 1 1 3010 2996 3009 5003
5056 4 2 1 1 2408 1886 1889 4239
5057 4 2 1 1 1517 1125 1675 4869
5058 4 2 1 1 2477 2217 1899 4925
5059 4 2 1 1 3653 446 4230 4708
5060 4 2 1 1 199 4305 2956 5039
5061 4 2 1 1 2513 1961 2147 4615
5062 4 2 1 1 1395 1352 1353 4629
5063 4 2 1 1 3738 507 508 4819
5064 4 2 1 1 3870 4542 4323 5057
5065 4 2 1 1 1207 4661 3952 4670
5066 4 2 1 1 3850 4612 4077 5056
5067 4 2 1 1 984 836 833 4157
5068 4 2 1 1 1190 1187 1189 4875
5069 4 2 1 1 1730 1741 1740 4478
5070 4 2 1 1 2925 4417 2923 4604
5071 4 2 1 1 1032 1052 1591 4303
5072 4 2 1 1 3816 3849 4038 4175
5073 4 2 1 1 3946 4899 4427 4900
5074 4 2 1 1 4226 4695 1847 4797
5075 4 2 1 1 2417 2418 2516 4458
5076 4 2 1 1 4832 4965 4731 5022
5077 4 2 1 1 3705 3693 3695 4203
5078 4 2 1 1 3244 4273 3263 4811
5079 4 2 1 1 2856 2866 138 4577
5080 4 2 1 1 3052 4483 3051 4880
5081 4 2 1 1 4219 4839 4270 4921
5082 4 2 1 1 4170 4695 4226 4810
5083 4 2 1 1 690 689 4511 4865
5084 4 2 1 1 2974 2977 3106 4882
5085 4 2 1 1 4180 4732 3915 4991
5086 4 2 1 1 4067 4615 1961 4754
5087 4 2 1 1 715 681 4523 4739
5088 4 2 1 1 812 4610 4356 5037
5089 4 2 1 1 1716 1718 4857 4978
5090 4 2 1 1 3821 4612 4409 4868
5091 4 2 1 1 3828 4768 3816 4995
5092 4 2 1 1 798 3966 3901 4154
5093 4 2 1 1 84 4142 85 4242
5094 4 2 1 1 2744 2720 2181 4627
5095 4 2 1 1 3575 387 3574 4643
5096 4 2 1 1 3513 4212 3524 4500
5097 4 2 1 1 516 3783 3771 4388
5098 4 2 1 1 1036 1038 1498 4588
5099 4 2 1 1 301 3477 300 4526
5100 4 2 1 1 4356 4610 3929 5037
5101 4 2 1 1 2020 2022 2023 4106
5102 4 2 1 1 1668 1609 1610 4474
5103 4 2 1 1 1740 1742 1743 4478
5104 4 2 1 1 1112 1639 1641 4224
5105 4 2 1 1 3136 3134 4700 4976
5106 4 2 1 1 3950 4487 4533 4541
5107 4 2 1 1 3851 3969 4011 4290
5108 4 2 1 1 1156 1695 1155 4358
5109 4 2 1 1 3342 4168 236 4613
5110 4 2 1 1 992 994 1574 4570
5111 4 2 1 1 3192 4783 3153 4784
5112 4 2 1 1 4011 3936 4230 5058
5113 4 2 1 1 2776 4762 2778 4853
5114 4 2 1 1 2149 1839 4521 4657
5115 4 2 1 1 3163 3162 4171 4337
5116 4 2 1 1 673 652 668 4110
5117 4 2 1 1 635 613 650 4491
5118 4 2 1 1 3834 3903 4719 4720
5119 4 2 1 1 1782 1784 2483 4792
5120 4 2 1 1 3821 4220 4713 4868
5121 4 2 1 1 641 4492 539 5019
5122 4 2 1 1 983 1262 1263 4488
5123 4 2 1 1 3805 4930 4370 4979
5124 4 2 1 1 1044 876 1012 4986
5125 4 2 1 1 3249 4564 3250 4896
5126 4 2 1 1 1832 1799 2733 4380
5127 4 2 1 1 2665 1805 2356 4331
5128 4 2 1 1 3040 3015 4267 4533
5129 4 2 1 1 4697 4828 4411 4956
5130 4 2 1 1 1695 1689 1173 4358
5131 4 2 1 1 2924 3060 4417 4934
5132 4 2 1 1 3927 3861 4409 4534
5133 4 2 1 1 2401 4216 2392 4398
5134 4 2 1 1 656 4347 4299 4392
5135 4 2 1 1 2146 2499 2536 4585
5136 4 2 1 1 3139 4700 3185 4701
5137 4 2 1 1 795 4047 3905 4985
5138 4 2 1 1 3911 4734 4116 4736
5139 4 2 1 1 2019 2020 4196 4672
5140 4 2 1 1 2137 2055 4315 4521
5141 4 2 1 1 3259 4390 3284 4579
5142 4 2 1 1 3935 4342 4105 4343
5143 4 2 1 1 2880 2887 2885 4709
5144 4 2 1 1 122 2753 121 4340
5145 4 2 1 1 3683 454 3681 4444
5146 4 2 1 1 2536 2216 1919 4754
5147 4 2 1 1 1293 1294 1095 4043
5148 4 2 1 1 130 4480 4069 4595
5149 4 2 1 1 430 414 413 4295
5150 4 2 1 1 3996 4844 4772 4973
5151 4 2 1 1 4146 4482 3967 4570
5152 4 2 1 1 4759 4816 4452 4973
5153 4 2 1 1 4283 4439 2944 4947
5154 4 2 1 1 3858 4548 3828 5063
5155 4 2 1 1 639 4490 619 4874
5156 4 2 1 1 3082 4600 147 4982
5157 4 2 1 1 3932 4302 4568 4743
5158 4 2 1 1 2978 4272 4250 4882
5159 4 2 1 1 3056 4419 2938 4422
5160 4 2 1 1 1003 1002 1272 4922
5161 4 2 1 1 3684 3688 3692 4400
5162 4 2 1 1 834 4547 4157 4873
5163 4 2 1 1 2964 4709 2889 5029
5164 4 2 1 1 3815 3850 4177 5056
5165 4 2 1 1 3044 4487 3042 4963
5166 4 2 1 1 986 1447 1064 4217
5167 4 2 1 1 3970 4169 4522 4810
5168 4 2 1 1 3257 3251 3256 4564
5169 4 2 1 1 3561 3560 373 4393
5170 4 2 1 1 241 4181 3568 4633
5171 4 2 1 1 4374 4535 4277 4754
5172 4 2 1 1 3850 4177 4002 4827
5173 4 2 1 1 3199 3216 3218 4557
5174 4 2 1 1 1647 1640 1645 4224
5175 4 2 1 1 2832 4088 534 4309
5176 4 2 1 1 633 781 646 4431
5177 4 2 1 1 772 555 614 633
5178 4 2 1 1 233 232 4524 4614
5179 4 2 1 1 4169 4267 3951 4656
5180 4 2 1 1 2086 2083 3878 5047
5181 4 2 1 1 1004 1327 1701 4818
5182 4 2 1 1 3880 3988 3816 4175
5183 4 2 1 1 3117 2978 2986 4272
5184 4 2 1 1 3584 3588 3587 4954
5185 4 2 1 1 1959 2545 2404 4615
5186 4 2 1 1 761 769 758 4328
5187 4 2 1 1 3234 3235 3237 4469
5188 4 2 1 1 876 857 859 4546
5189 4 2 1 1 3936 4011 788 4265
5190 4 2 1 1 1184 3986 1181 4362
5191 4 2 1 1 1847 1848 1766 4226
5192 4 2 1 1 2819 2820 2832 4309
5193 4 2 1 1 3862 3926 4204 4807
5194 4 2 1 1 461 3673 3669 4898
5195 4 2 1 1 1858 1787 2429 4300
5196 4 2 1 1 2657 1933 1932 4424
5197 4 2 1 1 751 766 764 4288
5198 4 2 1 1 3900 4285 4013 4658
5199 4 2 1 1 3821 4423 4409 4738
5200 4 2 1 1 2907 2909 2908 4457
5201 4 2 1 1 2605 2478 2217 4924
5202 4 2 1 1 3650 3648 3637 4355
5203 4 2 1 1 2081 2651 2732 4184
5204 4 2 1 1 2251 2252 2253 4513
5205 4 2 1 1 1944 2666 2626 4497
5206 4 2 1 1 3023 3027 4223 5003
5207 4 2 1 1 3573 3574 252 4402
5208 4 2 1 1 3986 3841 4362 4922
5209 4 2 1 1 605 4048 4517 5031
5210 4 2 1 1 840 842 1446 4236
5211 4 2 1 1 4292 4515 3975 4843
5212 4 2 1 1 1124 1671 1123 5001
5213 4 2 1 1 2080 2083 2480 4184
5214 4 2 1 1 2226 2229 2227 4694
5215 4 2 1 1 674 667 3965 5023
5216 4 2 1 1 733 729 743 4813
5217 4 2 1 1 1823 1833 2443 4748
5218 4 2 1 1 646 781 711 4431
5219 4 2 1 1 410 4906 411 5080
5220 4 2 1 1 430 413 429 4295
5221 4 2 1 1 414 413 4060 4446
5222 4 2 1 1 917 4873 4666 4875
5223 4 2 1 1 871 869 870 4278
5224 4 2 1 1 4118 3837 4462 4660
5225 4 2 1 1 2444 2445 2241 4448
5226 4 2 1 1 3366 3192 3276 4784
5227 4 2 1 1 4170 4541 4487 4648
5228 4 2 1 1 3017 3003 3018 4721
5229 4 2 1 1 328 4371 314 4859
5230 4 2 1 1 3628 3619 431 4878
5231 4 2 1 1 3257 3252 4033 4155
5232 4 2 1 1 1675 1121 1122 4581
5233 4 2 1 1 3806 3999 4699 4833
5234 4 2 1 1 3814 4697 4240 4763
5235 4 2 1 1 3822 4797 3840 4952
5236 4 2 1 1 4205 4315 4249 4933
5237 4 2 1 1 2029 2019 2476 4196
5238 4 2 1 1 3031 4439 4135 4688
5239 4 2 1 1 137 139 4824 4825
5240 4 2 1 1 697 4357 714 4738
5241 4 2 1 1 1210 848 847 4981
5242 4 2 1 1 4000 4036 3899 4242
5243 4 2 1 1 3836 3914 3817 5076
5244 4 2 1 1 878 1388 1406 4558
5245 4 2 1 1 2477 1897 2217 4645
5246 4 2 1 1 780 773 644 4490
5247 4 2 1 1 3259 4579 3261 4896
5248 4 2 1 1 3054 4464 3002 4926
5249 4 2 1 1 1195 4232 1445 5081
5250 4 2 1 1 3956 4465 3827 5086
5251 4 2 1 1 3951 4124 3864 4125
5252 4 2 1 1 3843 4367 4024 4764
5253 4 2 1 1 3894 4562 4373 4667
5254 4 2 1 1 1222 1252 1708 4558
5255 4 2 1 1 800 818 4449 5037
5256 4 2 1 1 3031 3909 4439 4688
5257 4 2 1 1 4054 4464 2993 5003
5258 4 2 1 1 3808 4490 4489 4874
5259 4 2 1 1 3689 4112 4561 4879
5260 4 2 1 1 916 985 867 4278
5261 4 2 1 1 609 4728 4780 4973
5262 4 2 1 1 3245 4382 3271 4564
5263 4 2 1 1 3905 3845 4609 4852
5264 4 2 1 1 2260 2279 2598 4698
5265 4 2 1 1 2477 4189 4645 4925
5266 4 2 1 1 3994 4280 4100 4716
5267 4 2 1 1 3661 3667 3669 4122
5268 4 2 1 1 4016 4534 4520 4711
5269 4 2 1 1 3850 4078 4010 4442
5270 4 2 1 1 3066 3064 3065 4377
5271 4 2 1 1 4169 4809 4522 4810
5272 4 2 1 1 3892 4375 4149 4928
5273 4 2 1 1 4149 4199 3892 5015
5274 4 2 1 1 2941 4333 2897 4407
5275 4 2 1 1 1903 1900 4092 4645
5276 4 2 1 1 4059 4148 3884 4729
5277 4 2 1 1 4660 4902 4843 5041
5278 4 2 1 1 4121 385 4352 4848
5279 4 2 1 1 1449 1071 1084 4927
5280 4 2 1 1 1024 1401 1027 5070
5281 4 2 1 1 1377 1023 1028 5006
5282 4 2 1 1 3285 3286 3344 4390
5283 4 2 1 1 3226 3350 3217 4401
5284 4 2 1 1 732 4641 4989 4994
5285 4 2 1 1 3951 4385 4054 4673
5286 4 2 1 1 4223 4926 4464 5003
5287 4 2 1 1 2121 2054 2138 4364
5288 4 2 1 1 1918 4374 2710 4754
5289 4 2 1 1 3981 4110 3844 4543
5290 4 2 1 1 812 793 4356 4610
5291 4 2 1 1 856 858 857 4746
5292 4 2 1 1 1828 1826 1827 4414
5293 4 2 1 1 3113 3115 3065 4377
5294 4 2 1 1 962 4586 4415 4872
5295 4 2 1 1 620 549 740 716
5296 4 2 1 1 852 901 856 4099
5297 4 2 1 1 2988 2933 4724 4769
5298 4 2 1 1 2331 2330 2332 4684
5299 4 2 1 1 3267 3343 3271 4382
5300 4 2 1 1 4334 4170 4809 4858
5301 4 2 1 1 3568 4575 376 4633
5302 4 2 1 1 1119 1078 1492 4949
5303 4 2 1 1 767 4294 647 4550
5304 4 2 1 1 1364 4362 1271 4742
5305 4 2 1 1 763 4101 775 4675
5306 4 2 1 1 4316 4851 3984 4852
5307 4 2 1 1 1858 1786 4300 4792
5308 4 2 1 1 3967 3965 4626 4641
5309 4 2 1 1 620 549 716 615
5310 4 2 1 1 2189 2193 2190 4748
5311 4 2 1 1 2978 4250 2979 4655
5312 4 2 1 1 691 3934 689 4423
5313 4 2 1 1 1079 1384 4262 4949
5314 4 2 1 1 265 3554 3555 3794
5315 4 2 1 1 2772 36 2768 4158
5316 4 2 1 1 1224 888 887 5046
5317 4 2 1 1 3981 4097 602 4847
5318 4 2 1 1 1816 1815 2128 4750
5319 4 2 1 1 2202 4515 4375 4929
5320 4 2 1 1 691 4120 4423 4738
5321 4 2 1 1 2981 3075 3076 4880
5322 4 2 1 1 4380 4633 3378 4634
5323 4 2 1 1 117 2767 48 4158
5324 4 2 1 1 1950 2493 2625 4497
5325 4 2 1 1 1757 1759 4334 4858
5326 4 2 1 1 2716 2665 1803 4331
5327 4 2 1 1 3345 4019 3305 4775
5328 4 2 1 1 4118 4189 1898 4925
5329 4 2 1 1 1212 1213 1214 4426
5330 4 2 1 1 522 523 4638 4770
5331 4 2 1 1 1946 2432 1943 4393
5332 4 2 1 1 4367 4962 4846 4994
5333 4 2 1 1 3208 3329 3302 4524
5334 4 2 1 1 3842 4548 4024 4617
5335 4 2 1 1 3118 2997 2996 4223
5336 4 2 1 1 3029 2883 3086 4324
5337 4 2 1 1 11 3707 3708 4400
5338 4 2 1 1 2345 2489 2346 4684
5339 4 2 1 1 3305 4019 214 4083
5340 4 2 1 1 1866 1868 2358 4750
5341 4 2 1 1 3771 3767 3763 4638
5342 4 2 1 1 404 4194 3603 4953
5343 4 2 1 1 4568 4703 4239 4743
5344 4 2 1 1 894 4228 1006 4834
5345 4 2 1 1 2591 2212 2213 4424
5346 4 2 1 1 499 4130 498 4275
5347 4 2 1 1 412 413 4241 4646
5348 4 2 1 1 2601 2569 2099 4802
5349 4 2 1 1 2716 2486 1805 4331
5350 4 2 1 1 1910 4167 2671 4563
5351 4 2 1 1 4081 4759 4147 4780
5352 4 2 1 1 4249 3898 4607 4690
5353 4 2 1 1 4119 3915 4630 4906
5354 4 2 1 1 144 1443 833 4157
5355 4 2 1 1 3903 3818 4720 4935
5356 4 2 1 1 3828 4570 4415 4588
5357 4 2 1 1 2080 2480 2079 4184
5358 4 2 1 1 3856 4168 4095 4614
5359 4 2 1 1 3946 4899 4900 4935
5360 4 2 1 1 859 877 876 4546
5361 4 2 1 1 3852 5023 3964 5059
5362 4 2 1 1 3620 4752 3622 4878
5363 4 2 1 1 1080 1086 1383 4949
5364 4 2 1 1 3831 4774 4003 4830
5365 4 2 1 1 3891 3921 3846 4559
5366 4 2 1 1 2900 2902 2901 4639
5367 4 2 1 1 4232 4488 4157 4666
5368 4 2 1 1 3183 3186 3187 4790
5369 4 2 1 1 701 700 696 4517
5370 4 2 1 1 1145 1680 1144 4942
5371 4 2 1 1 4772 4844 1613 4973
5372 4 2 1 1 685 618 543 4259
5373 4 2 1 1 3233 3235 4337 4632
5374 4 2 1 1 1335 1322 1314 3962
5375 4 2 1 1 4138 5030 4058 5031
5376 4 2 1 1 4379 4466 4323 4909
5377 4 2 1 1 1990 2638 2679 4627
5378 4 2 1 1 2032 2051 2611 4458
5379 4 2 1 1 1285 4322 999 4863
5380 4 2 1 1 4270 4839 3929 4921
5381 4 2 1 1 2361 2623 2474 4291
5382 4 2 1 1 3862 4461 4204 4753
5383 4 2 1 1 1889 4703 4568 4743
5384 4 2 1 1 2895 2941 2958 4333
5385 4 2 1 1 3531 337 338 4849
5386 4 2 1 1 3950 4333 3909 4407
5387 4 2 1 1 4151 4725 3974 4796
5388 4 2 1 1 4020 4454 4376 4980
5389 4 2 1 1 833 4157 834 4547
5390 4 2 1 1 498 514 4275 4740
5391 4 2 1 1 798 4154 4057 4295
5392 4 2 1 1 3810 4889 4249 5086
5393 4 2 1 1 1930 4335 1928 4939
5394 4 2 1 1 3909 4029 3824 4389
5395 4 2 1 1 2867 130 131 4596
5396 4 2 1 1 3821 4220 4710 4713
5397 4 2 1 1 3975 4689 4379 4909
5398 4 2 1 1 2874 2867 2850 4596
5399 4 2 1 1 3861 4372 4284 4635
5400 4 2 1 1 3806 4431 4430 4511
5401 4 2 1 1 4410 3898 4820 4833
5402 4 2 1 1 1790 1771 1772 4165
5403 4 2 1 1 3820 4315 4188 4827
5404 4 2 1 1 2680 1984 1985 4866
5405 4 2 1 1 1095 1093 1292 4043
5406 4 2 1 1 2429 4384 3913 4795
5407 4 2 1 1 3027 3099 3023 4926
5408 4 2 1 1 237 3325 3326 4168
5409 4 2 1 1 2155 2154 2127 5048
5410 4 2 1 1 1111 4139 1072 4670
5411 4 2 1 1 579 708 719 733
5412 4 2 1 1 613 4492 4491 5019
5413 4 2 1 1 3970 3840 4169 4810
5414 4 2 1 1 1958 4797 4535 4952
5415 4 2 1 1 3154 3153 3152 4366
5416 4 2 1 1 1259 1227 1200 4477
5417 4 2 1 1 1199 1559 1655 4945
5418 4 2 1 1 2136 4478 4215 4688
5419 4 2 1 1 2654 2412 2650 4459
5420 4 2 1 1 2265 2264 2372 5053
5421 4 2 1 1 3837 4509 4404 5042
5422 4 2 1 1 2865 2863 2856 4577
5423 4 2 1 1 569 675 752 4550
5424 4 2 1 1 2053 2054 4642 4767
5425 4 2 1 1 709 4738 4395 4739
5426 4 2 1 1 3853 4133 3814 4697
5427 4 2 1 1 2864 4911 4887 4993
5428 4 2 1 1 4605 4773 3954 4899
5429 4 2 1 1 2537 4164 2545 4681
5430 4 2 1 1 4271 4288 3821 4739
5431 4 2 1 1 2646 2266 4568 4743
5432 4 2 1 1 4240 4482 3811 4956
5433 4 2 1 1 3946 4427 4221 4900
5434 4 2 1 1 2220 1862 1863 5034
5435 4 2 1 1 2715 2173 2717 4432
5436 4 2 1 1 2920 3038 2913 4419
5437 4 2 1 1 3245 4469 4382 4564
5438 4 2 1 1 1950 2625 2666 4497
5439 4 2 1 1 60 893 2787 136
5440 4 2 1 1 2725 2159 2122 4508
5441 4 2 1 1 3056 3038 3114 4419
5442 4 2 1 1 999 998 884 4322
5443 4 2 1 1 498 3752 4130 4251
5444 4 2 1 1 3187 3188 4289 4790
5445 4 2 1 1 3222 4343 4342 4401
5446 4 2 1 1 330 4079 344 4671
5447 4 2 1 1 1938 4695 1847 5040
5448 4 2 1 1 1412 1435 993 4662
5449 4 2 1 1 4341 3999 4607 4699
5450 4 2 1 1 382 1879 2327 1875
5451 4 2 1 1 1190 1713 1188 4475
5452 4 2 1 1 448 4290 3651 5012
5453 4 2 1 1 3918 4186 4417 4604
5454 4 2 1 1 387 3575 388 4643
5455 4 2 1 1 2759 2757 121 4340
5456 4 2 1 1 2939 2943 2942 4947
5457 4 2 1 1 3820 4092 4433 4919
5458 4 2 1 1 3929 4668 4219 4839
5459 4 2 1 1 3812 4508 4167 4563
5460 4 2 1 1 3984 4413 4461 4852
5461 4 2 1 1 3824 4487 3950 4541
5462 4 2 1 1 694 707 682 4726
5463 4 2 1 1 730 3843 742 4556
5464 4 2 1 1 4223 4553 3970 4733
5465 4 2 1 1 3969 4182 4151 5025
5466 4 2 1 1 4368 4728 610 4973
5467 4 2 1 1 1067 1065 1068 4505
5468 4 2 1 1 3816 3849 3888 4768
5469 4 2 1 1 1440 1439 1684 4945
5470 4 2 1 1 3854 4381 3957 4516
5471 4 2 1 1 3054 4656 3005 4926
5472 4 2 1 1 2980 2983 2979 4250
5473 4 2 1 1 3208 3337 3329 4598
5474 4 2 1 1 1395 1569 1106 4629
5475 4 2 1 1 3035 4745 4293 4958
5476 4 2 1 1 4068 4452 4376 4980
5477 4 2 1 1 3177 3233 3232 4337
5478 4 2 1 1 2116 4329 4246 5066
5479 4 2 1 1 4226 4810 3993 5040
5480 4 2 1 1 3813 4129 4508 4900
5481 4 2 1 1 624 626 3923 4243
5482 4 2 1 1 893 138 1420 4214
5483 4 2 1 1 3579 389 3578 4643
5484 4 2 1 1 2218 2219 1941 4257
5485 4 2 1 1 2912 2913 4419 4724
5486 4 2 1 1 772 750 769 4234
5487 4 2 1 1 4057 4295 430 4506
5488 4 2 1 1 2766 2764 2765 4242
5489 4 2 1 1 140 3922 4214 4911
5490 4 2 1 1 4146 4367 3967 4482
5491 4 2 1 1 773 754 759 4490
5492 4 2 1 1 3636 3641 3640 4354
5493 4 2 1 1 1017 1014 1016 4986
5494 4 2 1 1 3202 3137 3207 4336
5495 4 2 1 1 3419 4613 3417 4614
5496 4 2 1 1 969 965 970 4435
5497 4 2 1 1 465 3704 466 4608
5498 4 2 1 1 2117 1917 1918 4374
5499 4 2 1 1 529 3789 530 4676
5500 4 2 1 1 765 4271 764 4549
5501 4 2 1 1 2641 2643 2654 4459
5502 4 2 1 1 4226 4447 3993 4810
5503 4 2 1 1 704 687 690 4431
5504 4 2 1 1 2158 1964 1920 4030
5505 4 2 1 1 1860 1738 1859 5034
5506 4 2 1 1 4288 4395 3821 4739
5507 4 2 1 1 24 28 409 4630
5508 4 2 1 1 2491 1811 2345 4684
5509 4 2 1 1 874 398 1250 1221
5510 4 2 1 1 2086 2658 3878 4421
5511 4 2 1 1 4607 4699 3999 4833
5512 4 2 1 1 2616 1907 2486 4616
5513 4 2 1 1 3875 4585 4510 4754
5514 4 2 1 1 3820 4177 4315 4827
5515 4 2 1 1 846 845 847 4817
5516 4 2 1 1 400 1670 1378 5006
5517 4 2 1 1 4044 4536 4373 4667
5518 4 2 1 1 679 653 669 4983
5519 4 2 1 1 694 692 4093 5031
5520 4 2 1 1 4134 4429 4293 4788
5521 4 2 1 1 728 4846 4537 4962
5522 4 2 1 1 3884 4731 4025 4760
5523 4 2 1 1 1027 1260 1026 4959
5524 4 2 1 1 669 656 4299 4392
5525 4 2 1 1 3816 4039 4038 5063
5526 4 2 1 1 740 716 731 4044
5527 4 2 1 1 234 4524 3200 4705
5528 4 2 1 1 672 676 680 4490
5529 4 2 1 1 4003 4774 3957 4830
5530 4 2 1 1 415 416 4622 4747
5531 4 2 1 1 2515 2517 2518 4198
5532 4 2 1 1 4007 4841 4171 4842
5533 4 2 1 1 4170 4541 3840 4809
5534 4 2 1 1 3810 4433 3838 5086
5535 4 2 1 1 214 3345 215 4019
5536 4 2 1 1 3098 4305 200 4791
5537 4 2 1 1 969 4435 3944 4451
5538 4 2 1 1 1437 1419 1204 4476
5539 4 2 1 1 3033 2923 3036 4604
5540 4 2 1 1 3810 4249 4177 5086
5541 4 2 1 1 1131 1656 1120 4870
5542 4 2 1 1 1322 941 945 4905
5543 4 2 1 1 3458 3459 3465 4472
5544 4 2 1 1 3560 373 4393 4497
5545 4 2 1 1 4399 4609 786 4749
5546 4 2 1 1 3181 4579 3136 4700
5547 4 2 1 1 3927 4534 4409 4612
5548 4 2 1 1 4177 4249 3827 5086
5549 4 2 1 1 3821 4710 4271 4739
5550 4 2 1 1 1853 4306 2124 4895
5551 4 2 1 1 270 3392 269 4704
5552 4 2 1 1 150 2809 151 4982
5553 4 2 1 1 4357 4399 3809 4523
5554 4 2 1 1 210 3131 211 4174
5555 4 2 1 1 4166 4322 3987 4456
5556 4 2 1 1 3838 4433 4177 5086
5557 4 2 1 1 2988 3021 2990 4385
5558 4 2 1 1 4736 4737 3932 4958
5559 4 2 1 1 3811 4367 4482 4763
5560 4 2 1 1 2841 97 2831 4594
5561 4 2 1 1 3825 4293 4429 4838
5562 4 2 1 1 4187 4791 3081 5074
5563 4 2 1 1 3874 3939 4064 4280
5564 4 2 1 1 1680 1145 1681 4942
5565 4 2 1 1 1487 1618 1092 4493
5566 4 2 1 1 2484 2005 2179 4997
5567 4 2 1 1 3874 3917 3870 4064
5568 4 2 1 1 1066 4069 4217 4505
5569 4 2 1 1 1528 1527 1529 4332
5570 4 2 1 1 1289 1034 1412 4662
5571 4 2 1 1 3761 3762 9 4682
5572 4 2 1 1 3762 3760 9 4682
5573 4 2 1 1 235 234 3341 4613
5574 4 2 1 1 3818 4221 4603 4935
5575 4 2 1 1 3897 3822 4702 4917
5576 4 2 1 1 3039 4601 4267 4602
5577 4 2 1 1 3893 4007 3848 4017
5578 4 2 1 1 3279 3877 3214 4794
5579 4 2 1 1 981 4310 4586 5060
5580 4 2 1 1 3306 3305 4162 4775
5581 4 2 1 1 3548 3553 3547 4496
5582 4 2 1 1 3050 3049 3051 4483
5583 4 2 1 1 3572 3576 4261 4386
5584 4 2 1 1 3817 3853 3953 4070
5585 4 2 1 1 3813 4244 4204 4753
5586 4 2 1 1 3908 4028 3824 4160
5587 4 2 1 1 3206 3205 3231 5043
5588 4 2 1 1 3660 3672 3671 4344
5589 4 2 1 1 4169 3840 4541 4809
5590 4 2 1 1 3338 3288 3131 4976
5591 4 2 1 1 3827 4249 4177 5056
5592 4 2 1 1 2408 4239 1889 4743
5593 4 2 1 1 817 787 3900 4449
5594 4 2 1 1 3871 4633 4380 4634
5595 4 2 1 1 3996 4956 4441 4964
5596 4 2 1 1 2597 2248 2249 4606
5597 4 2 1 1 2531 4510 2160 4585
5598 4 2 1 1 2417 2514 2051 4458
5599 4 2 1 1 1527 1526 1525 4332
5600 4 2 1 1 1873 1874 1872 4616
5601 4 2 1 1 3483 319 3480 4782
5602 4 2 1 1 4221 3946 4935 5061
5603 4 2 1 1 1153 1697 1694 4358
5604 4 2 1 1 2806 2825 2807 4600
5605 4 2 1 1 3618 3623 424 4665
5606 4 2 1 1 1402 1403 4133 4772
5607 4 2 1 1 510 3741 509 4682
5608 4 2 1 1 4384 4674 4033 4777
5609 4 2 1 1 3866 4272 4422 4882
5610 4 2 1 1 2057 4424 2212 4636
5611 4 2 1 1 4024 4548 4310 4617
5612 4 2 1 1 4049 4411 4214 4828
5613 4 2 1 1 1889 2409 2266 4743
5614 4 2 1 1 2408 4239 4734 4735
5615 4 2 1 1 3322 3225 4343 4555
5616 4 2 1 1 4219 3929 4839 4921
5617 4 2 1 1 2239 4606 2249 4744
5618 4 2 1 1 1928 1839 1927 4520
5619 4 2 1 1 3965 4046 4630 4631
5620 4 2 1 1 2091 4083 2079 5047
5621 4 2 1 1 3269 3306 3353 4162
5622 4 2 1 1 1864 2157 2363 4389
5623 4 2 1 1 2348 2481 4118 4365
5624 4 2 1 1 670 4369 4491 4492
5625 4 2 1 1 3816 3888 3849 4228
5626 4 2 1 1 505 506 3751 4348
5627 4 2 1 1 1242 1344 1345 4617
5628 4 2 1 1 1119 1492 4252 4949
5629 4 2 1 1 2630 4365 2160 4510
5630 4 2 1 1 3839 4057 3901 4470
5631 4 2 1 1 3820 4433 4092 4659
5632 4 2 1 1 1292 1293 1095 4043
5633 4 2 1 1 2802 149 2849 4982
5634 4 2 1 1 2921 4417 2922 4419
5635 4 2 1 1 3859 4281 4919 4988
5636 4 2 1 1 3701 478 33 4978
5637 4 2 1 1 4259 4425 4073 4583
5638 4 2 1 1 1034 4303 4049 5073
5639 4 2 1 1 3725 3724 3713 4351
5640 4 2 1 1 3093 4282 2945 4529
5641 4 2 1 1 2496 2649 2495 4497
5642 4 2 1 1 3993 4334 4170 4809
5643 4 2 1 1 3699 3696 3701 4203
5644 4 2 1 1 754 570 767 676
5645 4 2 1 1 3520 3516 3528 4687
5646 4 2 1 1 1662 1117 4201 4808
5647 4 2 1 1 3820 4433 3887 4919
5648 4 2 1 1 208 3371 3373 4705
5649 4 2 1 1 3816 4214 3988 4828
5650 4 2 1 1 2080 2079 2732 4184
5651 4 2 1 1 4244 4753 4668 5084
5652 4 2 1 1 2981 2980 4250 4706
5653 4 2 1 1 3564 3565 3559 4575
5654 4 2 1 1 3998 4668 4753 5084
5655 4 2 1 1 2728 2132 2592 4718
5656 4 2 1 1 404 403 4194 4669
5657 4 2 1 1 3636 3632 440 4354
5658 4 2 1 1 3824 3908 3865 4485
5659 4 2 1 1 1858 1798 1786 4792
5660 4 2 1 1 3072 3060 2929 4934
5661 4 2 1 1 2207 2581 384 4802
5662 4 2 1 1 3265 3243 3264 4784
5663 4 2 1 1 3816 3922 4228 4236
5664 4 2 1 1 3207 3302 3205 4336
5665 4 2 1 1 3923 4115 3835 4379
5666 4 2 1 1 968 971 972 4552
5667 4 2 1 1 1020 1015 1019 4519
5668 4 2 1 1 685 618 4009 4814
5669 4 2 1 1 1294 1295 1298 4742
5670 4 2 1 1 3238 3235 3236 4632
5671 4 2 1 1 3866 3945 4134 5085
5672 4 2 1 1 3182 4525 3168 4862
5673 4 2 1 1 2976 2986 2978 4272
5674 4 2 1 1 4394 4592 3905 4885
5675 4 2 1 1 37 3717 38 4914
5676 4 2 1 1 3902 4924 4645 4925
5677 4 2 1 1 3834 4719 3833 5008
5678 4 2 1 1 3417 4613 4168 4614
5679 4 2 1 1 4009 4074 618 4259
5680 4 2 1 1 121 2757 122 4340
5681 4 2 1 1 3836 4070 4069 4217
5682 4 2 1 1 1947 2742 2151 4680
5683 4 2 1 1 431 4620 432 4747
5684 4 2 1 1 2687 2584 1988 4202
5685 4 2 1 1 3054 3005 3012 4926
5686 4 2 1 1 2507 4571 2038 4672
5687 4 2 1 1 3930 4481 4447 4686
5688 4 2 1 1 3973 4346 4563 4785
5689 4 2 1 1 1289 4049 1034 4662
5690 4 2 1 1 502 4416 4110 4484
5691 4 2 1 1 1461 1488 1424 4765
5692 4 2 1 1 4370 4930 4785 4979
5693 4 2 1 1 4127 4663 4576 4940
5694 4 2 1 1 1082 4262 1384 4362
5695 4 2 1 1 3913 4300 4084 4384
5696 4 2 1 1 642 3933 629 4430
5697 4 2 1 1 723 724 4845 4965
5698 4 2 1 1 4142 4470 3899 4931
5699 4 2 1 1 3866 4272 4021 4422
5700 4 2 1 1 2212 2057 1933 4424
5701 4 2 1 1 3093 2885 2889 4709
5702 4 2 1 1 3954 4003 3957 4830
5703 4 2 1 1 2401 2392 2397 4398
5704 4 2 1 1 1918 2710 2504 4754
5705 4 2 1 1 1787 1785 2131 4300
5706 4 2 1 1 3949 4575 4329 4975
5707 4 2 1 1 767 759 754 4294
5708 4 2 1 1 4323 4690 4466 4889
5709 4 2 1 1 3970 4553 3930 4733
5710 4 2 1 1 4140 4930 3973 4931
5711 4 2 1 1 3765 523 522 4770
5712 4 2 1 1 2059 4494 2602 4829
5713 4 2 1 1 3989 3813 4508 4900
5714 4 2 1 1 3985 4318 4259 4583
5715 4 2 1 1 3888 4768 3872 4995
5716 4 2 1 1 520 4397 4723 5015
5717 4 2 1 1 3526 3513 3527 4212
5718 4 2 1 1 933 932 931 4445
5719 4 2 1 1 4044 4373 4536 4863
5720 4 2 1 1 4124 4639 4125 4673
5721 4 2 1 1 2399 2660 2661 4398
5722 4 2 1 1 1276 1272 1002 4922
5723 4 2 1 1 1540 1547 1541 4338
5724 4 2 1 1 810 4050 4154 4618
5725 4 2 1 1 509 508 3762 4682
5726 4 2 1 1 4279 4566 3906 4966
5727 4 2 1 1 3894 4373 4536 4667
5728 4 2 1 1 3280 3177 3165 4468
5729 4 2 1 1 3951 4541 3840 4702
5730 4 2 1 1 4487 4170 4648 4858
5731 4 2 1 1 3132 3129 4598 4976
5732 4 2 1 1 824 4518 820 4540
5733 4 2 1 1 3906 4566 4279 4936
5734 4 2 1 1 3517 344 3523 5004
5735 4 2 1 1 1823 4256 1821 4748
5736 4 2 1 1 1283 1326 1325 4558
5737 4 2 1 1 4182 4355 3637 5025
5738 4 2 1 1 777 768 771 4983
5739 4 2 1 1 1848 1958 4481 4952
5740 4 2 1 1 3408 268 3409 4501
5741 4 2 1 1 3923 4466 4379 4909
5742 4 2 1 1 691 693 4120 4738
5743 4 2 1 1 3683 3681 32 4444
5744 4 2 1 1 3933 4205 4820 4933
5745 4 2 1 1 3883 4759 4147 4816
5746 4 2 1 1 1278 1345 4403 4867
5747 4 2 1 1 4376 4454 4020 5030
5748 4 2 1 1 1948 1830 1951 4955
5749 4 2 1 1 2373 4127 2615 4797
5750 4 2 1 1 1620 946 4653 4908
5751 4 2 1 1 3994 4100 4280 4850
5752 4 2 1 1 3867 3907 4373 4693
5753 4 2 1 1 1880 2327 2186 4616
5754 4 2 1 1 1362 4193 1293 4629
5755 4 2 1 1 522 521 3777 4199
5756 4 2 1 1 1237 1039 1264 4063
5757 4 2 1 1 3898 4466 4640 4874
5758 4 2 1 1 988 4317 890 5038
5759 4 2 1 1 2065 1841 1883 4786
5760 4 2 1 1 3126 3260 3353 4084
5761 4 2 1 1 3021 3020 2999 4673
5762 4 2 1 1 3569 4216 4643 4848
5763 4 2 1 1 669 816 679 4983
5764 4 2 1 1 3812 3834 4129 4779
5765 4 2 1 1 3769 3782 517 4544
5766 4 2 1 1 2951 3029 2950 4745
5767 4 2 1 1 2998 2995 3115 4325
5768 4 2 1 1 3866 4134 4882 5085
5769 4 2 1 1 3649 3642 3647 4353
5770 4 2 1 1 2426 4329 2578 4680
5771 4 2 1 1 3971 4293 4745 4958
5772 4 2 1 1 2650 2411 2596 4459
5773 4 2 1 1 3861 4284 4159 4551
5774 4 2 1 1 613 539 4492 5019
5775 4 2 1 1 3072 2929 3102 4934
5776 4 2 1 1 2023 2062 2476 4196
5777 4 2 1 1 2447 2449 2450 4448
5778 4 2 1 1 4351 4781 2747 4966
5779 4 2 1 1 3221 3220 3218 4401
5780 4 2 1 1 437 438 3634 5012
5781 4 2 1 1 104 4567 105 5087
5782 4 2 1 1 4021 4186 3945 4417
5783 4 2 1 1 438 3655 4354 5012
5784 4 2 1 1 3998 4204 4713 5084
5785 4 2 1 1 2671 2725 4508 4603
5786 4 2 1 1 248 3452 281 4436
5787 4 2 1 1 2059 2602 2617 4829
5788 4 2 1 1 665 4490 672 4491
5789 4 2 1 1 959 4146 4415 4443
5790 4 2 1 1 4100 3870 4727 5057
5791 4 2 1 1 3816 4768 3888 4995
5792 4 2 1 1 4056 4418 2235 4606
5793 4 2 1 1 1919 1913 2531 4510
5794 4 2 1 1 4254 4527 4373 4693
5795 4 2 1 1 1544 1529 1558 4332
5796 4 2 1 1 3834 4720 4719 5008
5797 4 2 1 1 3608 419 418 4877
5798 4 2 1 1 29 4723 4397 4902
5799 4 2 1 1 140 4818 1005 4834
5800 4 2 1 1 21 4340 2753 4953
5801 4 2 1 1 207 3341 3347 4705
5802 4 2 1 1 2727 2380 2085 4871
5803 4 2 1 1 3361 4342 4343 4891
5804 4 2 1 1 2809 150 2802 4378
5805 4 2 1 1 3042 4334 4809 4858
5806 4 2 1 1 718 4722 725 4888
5807 4 2 1 1 2054 2047 2420 4767
5808 4 2 1 1 550 634 716 615
5809 4 2 1 1 1855 2152 1856 4384
5810 4 2 1 1 569 767 647 4550
5811 4 2 1 1 1258 1040 1268 4588
5812 4 2 1 1 1666 4662 3937 5038
5813 4 2 1 1 3370 4528 3368 4529
5814 4 2 1 1 2758 4148 4340 5054
5815 4 2 1 1 4292 4659 4433 5042
5816 4 2 1 1 714 705 684 4357
5817 4 2 1 1 3085 3058 2957 4685
5818 4 2 1 1 647 767 570 676
5819 4 2 1 1 2986 2976 3102 4272
5820 4 2 1 1 901 1283 1282 4558
5821 4 2 1 1 4002 4761 3215 4893
5822 4 2 1 1 531 532 3790 4152
5823 4 2 1 1 3827 4341 4190 4607
5824 4 2 1 1 3969 4093 4725 4726
5825 4 2 1 1 2146 4067 2499 4585
5826 4 2 1 1 2535 2265 2474 4744
5827 4 2 1 1 1852 1851 1855 4777
5828 4 2 1 1 24 3590 23 4320
5829 4 2 1 1 1894 4292 1895 4660
5830 4 2 1 1 3296 3317 3295 4891
5831 4 2 1 1 466 480 4071 4879
5832 4 2 1 1 144 4157 4547 4993
5833 4 2 1 1 3225 4343 4555 4891
5834 4 2 1 1 3484 3497 3491 4530
5835 4 2 1 1 681 584 751 4739
5836 4 2 1 1 4302 4499 3818 4805
5837 4 2 1 1 656 664 4347 4392
5838 4 2 1 1 3705 3693 4203 4608
5839 4 2 1 1 852 856 854 4746
5840 4 2 1 1 4612 3850 4711 5056
5841 4 2 1 1 3138 3299 3181 4579
5842 4 2 1 1 895 1288 1009 4590
5843 4 2 1 1 3998 4710 4713 4753
5844 4 2 1 1 1254 4759 4452 4973
5845 4 2 1 1 473 3686 472 4951
5846 4 2 1 1 4130 4041 4624 4740
5847 4 2 1 1 2207 384 2103 4802
5848 4 2 1 1 3494 324 325 4307
5849 4 2 1 1 2668 2693 2169 5050
5850 4 2 1 1 1894 4292 4660 4843
5851 4 2 1 1 3993 4334 1759 4858
5852 4 2 1 1 795 4728 4047 4985
5853 4 2 1 1 4028 4282 3909 4455
5854 4 2 1 1 3193 4289 4030 4494
5855 4 2 1 1 1402 927 4133 5055
5856 4 2 1 1 3866 4250 4134 5061
5857 4 2 1 1 3099 4522 3023 4926
5858 4 2 1 1 3926 3943 3881 4807
5859 4 2 1 1 3315 4298 3360 4988
5860 4 2 1 1 3553 4163 362 4197
5861 4 2 1 1 1424 1631 1692 4349
5862 4 2 1 1 2195 4215 2067 5053
5863 4 2 1 1 3742 3754 13 4624
5864 4 2 1 1 1214 1222 1325 4558
5865 4 2 1 1 611 4592 4434 4780
5866 4 2 1 1 612 85 2143 4470
5867 4 2 1 1 3226 3229 4442 4893
5868 4 2 1 1 1858 2153 2152 4384
5869 4 2 1 1 774 801 756 4356
5870 4 2 1 1 3923 4379 3835 4909
5871 4 2 1 1 726 725 4722 4812
5872 4 2 1 1 372 1168 1146 4269
5873 4 2 1 1 3974 4075 695 4151
5874 4 2 1 1 3973 4142 4140 4931
5875 4 2 1 1 1675 1121 4581 4869
5876 4 2 1 1 964 4435 967 4678
5877 4 2 1 1 3927 4409 3862 4612
5878 4 2 1 1 1297 1315 1343 4408
5879 4 2 1 1 2106 373 2192 4246
5880 4 2 1 1 142 3922 4175 4547
5881 4 2 1 1 2714 2172 2173 5050
5882 4 2 1 1 3866 4022 4021 4272
5883 4 2 1 1 811 3936 799 4888
5884 4 2 1 1 337 3508 338 4849
5885 4 2 1 1 3826 3948 3947 4192
5886 4 2 1 1 3825 3971 4283 4576
5887 4 2 1 1 3838 4433 3810 5042
5888 4 2 1 1 1347 4069 1411 4480
5889 4 2 1 1 1500 1517 1279 5001
5890 4 2 1 1 3209 3141 3185 4359
5891 4 2 1 1 1733 1881 1841 4786
5892 4 2 1 1 4611 4821 3859 4988
5893 4 2 1 1 3993 4447 4226 5040
5894 4 2 1 1 652 4110 673 4416
5895 4 2 1 1 1310 3879 1308 4037
5896 4 2 1 1 2020 2021 2022 4106
5897 4 2 1 1 2046 2045 2434 4637
5898 4 2 1 1 1429 1193 1204 4498
5899 4 2 1 1 3055 2896 2894 4602
5900 4 2 1 1 3823 3848 3832 3893
5901 4 2 1 1 467 4259 4074 4471
5902 4 2 1 1 2891 4963 2892 5029
5903 4 2 1 1 4121 4352 4261 4848
5904 4 2 1 1 159 3326 158 4569
5905 4 2 1 1 2933 3047 3036 4769
5906 4 2 1 1 3898 4208 4874 4957
5907 4 2 1 1 722 3867 737 4814
5908 4 2 1 1 654 3900 655 3915
5909 4 2 1 1 2047 2130 2420 4767
5910 4 2 1 1 3830 3881 3943 4807
5911 4 2 1 1 1558 1525 1230 4332
5912 4 2 1 1 4370 4785 3812 4979
5913 4 2 1 1 4549 4710 3998 4920
5914 4 2 1 1 4125 4673 3057 4907
5915 4 2 1 1 2627 2723 2629 4497
5916 4 2 1 1 3827 4190 4727 4889
5917 4 2 1 1 843 4236 841 4817
5918 4 2 1 1 4563 4785 4346 5008
5919 4 2 1 1 3902 4645 4189 4925
5920 4 2 1 1 1959 2404 4481 4615
5921 4 2 1 1 1500 1495 1517 4869
5922 4 2 1 1 1836 4375 1734 4843
5923 4 2 1 1 4221 4302 3818 4603
5924 4 2 1 1 4133 4473 1318 5072
5925 4 2 1 1 2158 3352 3275 4030
5926 4 2 1 1 2140 1902 4292 4659
5927 4 2 1 1 3810 4515 4292 4659
5928 4 2 1 1 624 625 623 4820
5929 4 2 1 1 2328 2326 2329 4714
5930 4 2 1 1 759 767 779 4294
5931 4 2 1 1 3571 2571 4398 4802
5932 4 2 1 1 1286 1275 1420 4834
5933 4 2 1 1 3513 3527 4212 4500
5934 4 2 1 1 2368 4306 4384 4795
5935 4 2 1 1 2658 2087 2400 4421
5936 4 2 1 1 4189 4292 3837 4660
5937 4 2 1 1 31 4158 2773 4353
5938 4 2 1 1 3185 3202 4336 4700
5939 4 2 1 1 3967 4641 4626 4994
5940 4 2 1 1 140 4175 3922 4911
5941 4 2 1 1 4626 4641 745 4994
5942 4 2 1 1 1415 4166 1003 4922
5943 4 2 1 1 3262 4811 3263 4896
5944 4 2 1 1 1612 1335 1175 4136
5945 4 2 1 1 1917 2710 1918 4374
5946 4 2 1 1 4049 4228 1008 5073
5947 4 2 1 1 442 3644 3635 4353
5948 4 2 1 1 851 4590 1636 4981
5949 4 2 1 1 3096 3050 3052 4483
5950 4 2 1 1 2204 2545 1959 4615
5951 4 2 1 1 1179 4808 4027 4825
5952 4 2 1 1 3811 4697 4240 4956
5953 4 2 1 1 654 3915 655 4285
5954 4 2 1 1 4120 4409 4238 5013
5955 4 2 1 1 1620 4653 3995 4908
5956 4 2 1 1 1845 2281 1834 4648
5957 4 2 1 1 1121 1601 1120 4450
5958 4 2 1 1 1513 1415 1003 4922
5959 4 2 1 1 3584 4194 4953 4954
5960 4 2 1 1 317 3481 3501 4782
5961 4 2 1 1 3948 3991 3916 4359
5962 4 2 1 1 3776 519 3785 4544
5963 4 2 1 1 2045 2053 2434 4758
5964 4 2 1 1 2854 129 130 4595
5965 4 2 1 1 3499 3498 313 4859
5966 4 2 1 1 140 3922 4818 4834
5967 4 2 1 1 4461 4710 3809 4753
5968 4 2 1 1 2945 4282 3085 4529
5969 4 2 1 1 4117 4761 3850 4893
5970 4 2 1 1 480 4103 4071 4517
5971 4 2 1 1 568 653 768 675
5972 4 2 1 1 2091 2126 2127 5048
5973 4 2 1 1 4279 4657 486 4717
5974 4 2 1 1 750 4234 614 4957
5975 4 2 1 1 4071 4103 466 4318
5976 4 2 1 1 730 732 4989 4994
5977 4 2 1 1 1223 1324 1623 4580
5978 4 2 1 1 3913 4084 4162 4384
5979 4 2 1 1 1564 1132 4582 4948
5980 4 2 1 1 3816 3880 4039 5063
5981 4 2 1 1 2115 2536 2531 4585
5982 4 2 1 1 1644 1642 1098 4224
5983 4 2 1 1 3998 4713 4204 4753
5984 4 2 1 1 49 4759 4158 5046
5985 4 2 1 1 2229 2352 2227 4694
5986 4 2 1 1 3848 4289 4642 4895
5987 4 2 1 1 460 4592 444 4780
5988 4 2 1 1 199 3396 200 4305
5989 4 2 1 1 1946 1943 1945 4393
5990 4 2 1 1 695 693 3974 4093
5991 4 2 1 1 434 3654 3651 5025
5992 4 2 1 1 3144 3143 3145 4486
5993 4 2 1 1 29 25 504 4723
5994 4 2 1 1 2930 4272 3102 4934
5995 4 2 1 1 2618 2151 1833 4748
5996 4 2 1 1 3844 720 4938 4989
5997 4 2 1 1 3517 4500 4671 5004
5998 4 2 1 1 3093 2964 4282 4709
5999 4 2 1 1 4374 4510 4167 4854
6000 4 2 1 1 3190 3282 3156 4841
6001 4 2 1 1 762 4549 4675 4921
6002 4 2 1 1 3809 4413 4609 4852
6003 4 2 1 1 3825 4293 3955 5024
6004 4 2 1 1 4116 4734 3911 4803
6005 4 2 1 1 3969 4151 4290 5025
6006 4 2 1 1 3284 4192 3287 4579
6007 4 2 1 1 3842 4764 4763 4968
6008 4 2 1 1 2674 4406 4766 5067
6009 4 2 1 1 1009 1288 1516 4590
6010 4 2 1 1 420 3607 3606 4877
6011 4 2 1 1 213 1778 1779 1777
6012 4 2 1 1 4346 4591 1915 4854
6013 4 2 1 1 3858 4415 4146 4443
6014 4 2 1 1 3146 3147 4297 4486
6015 4 2 1 1 987 4435 139 4825
6016 4 2 1 1 3280 3167 3277 4468
6017 4 2 1 1 2958 4455 2961 5029
6018 4 2 1 1 1749 1747 1748 3803
6019 4 2 1 1 1336 1342 1337 4479
6020 4 2 1 1 3929 4921 4356 5037
6021 4 2 1 1 3894 4373 4322 4863
6022 4 2 1 1 476 3688 475 4400
6023 4 2 1 1 3459 4472 3458 4526
6024 4 2 1 1 3900 4658 4295 4732
6025 4 2 1 1 3970 4226 3885 4952
6026 4 2 1 1 817 798 3901 4057
6027 4 2 1 1 813 712 788 4984
6028 4 2 1 1 450 434 464 4345
6029 4 2 1 1 3899 3839 4057 4732
6030 4 2 1 1 1901 1897 1900 4645
6031 4 2 1 1 3980 3904 4394 4495
6032 4 2 1 1 355 3533 354 4593
6033 4 2 1 1 3102 4882 4422 4934
6034 4 2 1 1 945 3940 1404 4473
6035 4 2 1 1 768 752 568 675
6036 4 2 1 1 699 4399 705 4523
6037 4 2 1 1 4487 4541 3824 4648
6038 4 2 1 1 4012 4573 706 4749
6039 4 2 1 1 442 443 3644 4353
6040 4 2 1 1 4250 4899 3946 4935
6041 4 2 1 1 3996 4772 4452 4973
6042 4 2 1 1 2758 4340 2759 5054
6043 4 2 1 1 688 689 4318 4691
6044 4 2 1 1 2620 2363 2157 4576
6045 4 2 1 1 4081 4728 4368 4973
6046 4 2 1 1 1710 879 1660 4475
6047 4 2 1 1 3842 4548 4763 4764
6048 4 2 1 1 1015 4519 1020 4798
6049 4 2 1 1 2992 3047 2989 4769
6050 4 2 1 1 1010 1032 1034 5073
6051 4 2 1 1 3309 3357 3278 4778
6052 4 2 1 1 3584 4194 405 4953
6053 4 2 1 1 2923 2924 2922 4417
6054 4 2 1 1 3893 4171 4131 4842
6055 4 2 1 1 794 4609 793 4610
6056 4 2 1 1 3064 3049 2932 4804
6057 4 2 1 1 3113 4325 3115 4377
6058 4 2 1 1 2513 4329 2593 4681
6059 4 2 1 1 1819 1813 2188 4823
6060 4 2 1 1 490 3734 489 4504
6061 4 2 1 1 1312 3962 3940 4473
6062 4 2 1 1 3034 3033 3063 4604
6063 4 2 1 1 632 616 640 4430
6064 4 2 1 1 129 830 2781 4480
6065 4 2 1 1 840 841 842 4236
6066 4 2 1 1 3923 626 4489 5019
6067 4 2 1 1 493 3714 3723 4884
6068 4 2 1 1 507 3739 506 4819
6069 4 2 1 1 2609 2272 1958 4797
6070 4 2 1 1 4217 3995 4653 4908
6071 4 2 1 1 3284 4390 4192 4579
6072 4 2 1 1 1032 1010 1011 4440
6073 4 2 1 1 1445 982 1334 4552
6074 4 2 1 1 4000 4142 4467 4970
6075 4 2 1 1 1513 1057 1415 4408
6076 4 2 1 1 3879 3928 3962 5076
6077 4 2 1 1 1192 1571 1205 4498
6078 4 2 1 1 595 771 805 753
6079 4 2 1 1 1285 4286 3987 4863
6080 4 2 1 1 3813 4461 4413 4753
6081 4 2 1 1 4499 4702 3822 4797
6082 4 2 1 1 2619 4092 4292 4659
6083 4 2 1 1 167 3080 152 4982
6084 4 2 1 1 3934 3985 3847 4503
6085 4 2 1 1 756 801 790 4356
6086 4 2 1 1 2731 2081 2732 4412
6087 4 2 1 1 3392 3391 269 4704
6088 4 2 1 1 3484 4361 3486 4530
6089 4 2 1 1 4076 4391 4117 4893
6090 4 2 1 1 1984 4123 2521 4571
6091 4 2 1 1 3827 3957 4381 4516
6092 4 2 1 1 986 932 934 4653
6093 4 2 1 1 664 4392 4550 4941
6094 4 2 1 1 781 772 755 4431
6095 4 2 1 1 878 1406 1708 4558
6096 4 2 1 1 4489 4490 3808 4491
6097 4 2 1 1 95 1845 96 4485
6098 4 2 1 1 4261 4352 4121 4718
6099 4 2 1 1 1736 1853 4776 4777
6100 4 2 1 1 447 4230 446 4265
6101 4 2 1 1 2946 3104 2947 5085
6102 4 2 1 1 521 4199 3787 4886
6103 4 2 1 1 879 900 1187 4875
6104 4 2 1 1 696 4517 4048 5031
6105 4 2 1 1 4536 4537 3894 4667
6106 4 2 1 1 1800 2278 2277 4955
6107 4 2 1 1 866 867 863 4278
6108 4 2 1 1 423 422 3609 4950
6109 4 2 1 1 3159 3143 3209 4486
6110 4 2 1 1 448 464 434 4345
6111 4 2 1 1 1076 4661 1207 4670
6112 4 2 1 1 370 1626 1170 1162
6113 4 2 1 1 4441 4956 3896 4964
6114 4 2 1 1 466 4071 3705 4879
6115 4 2 1 1 2989 2933 2988 4769
6116 4 2 1 1 2046 2434 2056 4758
6117 4 2 1 1 966 1700 1399 4488
6118 4 2 1 1 425 4140 28 4467
6119 4 2 1 1 1261 1195 1205 4232
6120 4 2 1 1 2265 2371 4324 5053
6121 4 2 1 1 3666 3678 3667 4572
6122 4 2 1 1 3980 4495 4265 4572
6123 4 2 1 1 1622 4286 1381 4650
6124 4 2 1 1 3354 204 3324 4168
6125 4 2 1 1 2535 4056 2237 4606
6126 4 2 1 1 3502 326 3496 4113
6127 4 2 1 1 4019 3913 4775 4988
6128 4 2 1 1 1121 1116 1122 4450
6129 4 2 1 1 3856 4776 2842 5087
6130 4 2 1 1 4159 4461 4807 5065
6131 4 2 1 1 992 1666 4570 5038
6132 4 2 1 1 3283 3299 3336 4579
6133 4 2 1 1 180 3070 4553 4634
6134 4 2 1 1 527 4195 3786 4638
6135 4 2 1 1 3562 4575 3559 4975
6136 4 2 1 1 3891 3917 3870 4404
6137 4 2 1 1 3345 215 4019 4775
6138 4 2 1 1 1848 2609 1958 4952
6139 4 2 1 1 356 4209 4196 4460
6140 4 2 1 1 4133 4772 4411 5072
6141 4 2 1 1 4333 4407 3950 4602
6142 4 2 1 1 3565 3949 3558 4393
6143 4 2 1 1 384 4261 385 5062
6144 4 2 1 1 4147 4759 4081 4816
6145 4 2 1 1 3529 257 335 3504
6146 4 2 1 1 836 918 1665 4666
6147 4 2 1 1 3866 4134 3945 4429
6148 4 2 1 1 3332 4366 4007 4841
6149 4 2 1 1 3980 4026 3904 4122
6150 4 2 1 1 3875 4374 4277 4754
6151 4 2 1 1 1400 1570 1313 4473
6152 4 2 1 1 3250 3285 3259 4390
6153 4 2 1 1 1066 1051 4217 4480
6154 4 2 1 1 2579 2116 4246 5066
6155 4 2 1 1 1282 1406 891 4558
6156 4 2 1 1 1799 1792 1794 4380
6157 4 2 1 1 2894 2937 3055 4601
6158 4 2 1 1 3255 3345 3305 4775
6159 4 2 1 1 3827 4516 4341 5056
6160 4 2 1 1 2287 2198 2607 4179
6161 4 2 1 1 1885 4304 4284 4551
6162 4 2 1 1 3841 3986 3817 4968
6163 4 2 1 1 4249 4466 3898 4690
6164 4 2 1 1 2765 84 85 4242
6165 4 2 1 1 1411 4069 130 4480
6166 4 2 1 1 2938 2922 4417 4419
6167 4 2 1 1 4016 4612 4534 4711
6168 4 2 1 1 3877 3938 4637 4794
6169 4 2 1 1 4033 3832 4162 4384
6170 4 2 1 1 2508 2528 4015 4571
6171 4 2 1 1 1461 1462 1488 4765
6172 4 2 1 1 376 377 3564 4575
6173 4 2 1 1 734 3851 736 4984
6174 4 2 1 1 3332 3196 4007 4987
6175 4 2 1 1 2029 2476 2062 4196
6176 4 2 1 1 451 435 433 4725
6177 4 2 1 1 433 449 451 4725
6178 4 2 1 1 1350 1353 1352 4629
6179 4 2 1 1 569 752 767 4550
6180 4 2 1 1 2338 2334 2332 4684
6181 4 2 1 1 4333 4407 2941 4455
6182 4 2 1 1 3155 4171 3162 4784
6183 4 2 1 1 4135 4215 3971 4283
6184 4 2 1 1 404 405 4194 4953
6185 4 2 1 1 3564 377 3558 4575
6186 4 2 1 1 3897 4125 3951 4702
6187 4 2 1 1 1938 1939 1847 4695
6188 4 2 1 1 4378 4600 4187 4982
6189 4 2 1 1 828 1329 44 4360
6190 4 2 1 1 4258 4527 4471 4693
6191 4 2 1 1 3245 3298 3246 4564
6192 4 2 1 1 3181 4192 3136 4579
6193 4 2 1 1 845 843 841 4817
6194 4 2 1 1 3843 4044 4556 4846
6195 4 2 1 1 4138 4726 5030 5031
6196 4 2 1 1 345 2558 2267 2492
6197 4 2 1 1 2899 2965 2897 4407
6198 4 2 1 1 1707 4232 983 4488
6199 4 2 1 1 3998 4710 4220 4713
6200 4 2 1 1 4364 4642 4289 4895
6201 4 2 1 1 3807 3987 4545 4968
6202 4 2 1 1 1344 1242 4310 4617
6203 4 2 1 1 839 835 838 4873
6204 4 2 1 1 3244 4273 3246 4896
6205 4 2 1 1 1965 1850 2671 4603
6206 4 2 1 1 2419 2221 1863 4767
6207 4 2 1 1 3019 3000 2999 4673
6208 4 2 1 1 3221 3350 3226 4401
6209 4 2 1 1 3946 4900 4221 4935
6210 4 2 1 1 3908 4160 3865 4528
6211 4 2 1 1 4315 3815 4521 4827
6212 4 2 1 1 2646 2258 2266 4743
6213 4 2 1 1 2738 2246 4245 4803
6214 4 2 1 1 1259 1200 1198 4477
6215 4 2 1 1 1123 1279 1517 5001
6216 4 2 1 1 402 3594 401 4664
6217 4 2 1 1 483 4074 467 4259
6218 4 2 1 1 1641 1639 1094 4224
6219 4 2 1 1 3702 471 3698 4327
6220 4 2 1 1 3808 4489 4491 4909
6221 4 2 1 1 2433 2494 2649 4497
6222 4 2 1 1 3126 4162 3305 4300
6223 4 2 1 1 3819 4280 4512 4716
6224 4 2 1 1 3039 4267 3017 4721
6225 4 2 1 1 4170 4809 3840 4810
6226 4 2 1 1 890 4317 988 4923
6227 4 2 1 1 1605 1517 1495 4869
6228 4 2 1 1 689 3934 692 4048
6229 4 2 1 1 3509 3510 3506 4500
6230 4 2 1 1 4449 4649 800 5037
6231 4 2 1 1 1498 1040 1258 4588
6232 4 2 1 1 599 600 2533 4205
6233 4 2 1 1 4217 4480 986 4653
6234 4 2 1 1 1203 1440 1684 4945
6235 4 2 1 1 2055 2622 4188 4335
6236 4 2 1 1 4788 4838 3945 5085
6237 4 2 1 1 2664 2518 2519 4198
6238 4 2 1 1 479 480 4517 4910
6239 4 2 1 1 468 3706 3703 4840
6240 4 2 1 1 3002 3001 3000 4464
6241 4 2 1 1 3165 4468 3163 4862
6242 4 2 1 1 4160 2884 4529 4709
6243 4 2 1 1 1327 2795 831 142
6244 4 2 1 1 3880 3817 3953 4128
6245 4 2 1 1 1623 1713 4474 4475
6246 4 2 1 1 4023 4298 3859 4821
6247 4 2 1 1 3075 3073 3074 4880
6248 4 2 1 1 3309 3359 4778 4821
6249 4 2 1 1 1089 1092 1618 4493
6250 4 2 1 1 3646 436 437 4355
6251 4 2 1 1 2261 2119 2263 4499
6252 4 2 1 1 4036 3899 4470 4620
6253 4 2 1 1 3778 3774 514 4943
6254 4 2 1 1 3209 3204 3210 4359
6255 4 2 1 1 2117 4603 4374 4805
6256 4 2 1 1 3822 3840 4917 4952
6257 4 2 1 1 787 649 3900 4299
6258 4 2 1 1 636 548 739 740
6259 4 2 1 1 1505 855 1592 5032
6260 4 2 1 1 3909 4389 4135 4688
6261 4 2 1 1 4170 4810 4226 5040
6262 4 2 1 1 3929 4219 4920 4921
6263 4 2 1 1 163 161 3046 2878
6264 4 2 1 1 2631 2014 4771 4866
6265 4 2 1 1 3466 3471 308 4472
6266 4 2 1 1 1294 4043 1295 4742
6267 4 2 1 1 986 1064 1051 4217
6268 4 2 1 1 1295 3928 1364 4742
6269 4 2 1 1 4190 4220 3999 4341
6270 4 2 1 1 3907 4373 4254 4836
6271 4 2 1 1 1846 2374 2373 4127
6272 4 2 1 1 467 3703 3690 4471
6273 4 2 1 1 1284 4666 1571 4875
6274 4 2 1 1 1918 4535 4374 4754
6275 4 2 1 1 3951 4124 4673 4721
6276 4 2 1 1 3695 3693 3687 4203
6277 4 2 1 1 1032 4303 1034 5073
6278 4 2 1 1 2977 2978 2979 4655
6279 4 2 1 1 3228 4442 3229 4893
6280 4 2 1 1 3102 2975 3072 4422
6281 4 2 1 1 1511 1092 1089 4493
6282 4 2 1 1 3897 4917 3918 5068
6283 4 2 1 1 3694 16 3702 4327
6284 4 2 1 1 3994 4280 4229 4850
6285 4 2 1 1 675 664 4392 4550
6286 4 2 1 1 3339 3219 3316 4621
6287 4 2 1 1 429 4506 4295 4658
6288 4 2 1 1 1839 2149 1838 4657
6289 4 2 1 1 3833 4118 3846 4591
6290 4 2 1 1 3939 4280 4229 5014
6291 4 2 1 1 2543 2641 2413 4459
6292 4 2 1 1 3288 3287 3344 4192
6293 4 2 1 1 708 722 578 701
6294 4 2 1 1 1296 1300 1299 4193
6295 4 2 1 1 485 469 4258 4717
6296 4 2 1 1 2996 4325 2995 5003
6297 4 2 1 1 3345 3327 215 4775
6298 4 2 1 1 144 4157 833 4547
6299 4 2 1 1 3320 3318 3319 4891
6300 4 2 1 1 4007 4366 3328 4987
6301 4 2 1 1 1249 1402 1319 5072
6302 4 2 1 1 2146 2110 2116 4585
6303 4 2 1 1 3884 3963 4060 4241
6304 4 2 1 1 3813 4204 4461 4753
6305 4 2 1 1 2066 2367 2369 4599
6306 4 2 1 1 3999 4220 4190 5036
6307 4 2 1 1 1890 1882 2122 4786
6308 4 2 1 1 1815 1819 1820 4823
6309 4 2 1 1 4122 4444 3662 4572
6310 4 2 1 1 4074 4259 483 4425
6311 4 2 1 1 763 779 752 4550
6312 4 2 1 1 949 4473 948 4654
6313 4 2 1 1 4205 4466 4249 4515
6314 4 2 1 1 3894 4144 4373 4562
6315 4 2 1 1 620 548 636 740
6316 4 2 1 1 3935 4287 4131 4557
6317 4 2 1 1 3987 4536 4403 4764
6318 4 2 1 1 2702 4684 2701 4714
6319 4 2 1 1 2912 4211 2911 4724
6320 4 2 1 1 1697 1155 1696 4358
6321 4 2 1 1 1796 4083 2131 4300
6322 4 2 1 1 880 1394 1710 4580
6323 4 2 1 1 2891 3043 2892 4963
6324 4 2 1 1 2175 2584 2180 4432
6325 4 2 1 1 3774 3775 3766 4195
6326 4 2 1 1 474 3707 475 4400
6327 4 2 1 1 858 861 860 4546
6328 4 2 1 1 3850 4077 4078 4516
6329 4 2 1 1 3102 4272 2976 4882
6330 4 2 1 1 1739 2136 2156 4688
6331 4 2 1 1 3015 3004 4267 4656
6332 4 2 1 1 2978 4250 4655 4882
6333 4 2 1 1 131 5044 4596 5082
6334 4 2 1 1 4464 4656 3002 4926
6335 4 2 1 1 925 4980 4589 5055
6336 4 2 1 1 1213 1211 1706 4426
6337 4 2 1 1 1335 1314 1336 3962
6338 4 2 1 1 3936 4816 4081 4888
6339 4 2 1 1 686 788 712 4011
6340 4 2 1 1 138 4214 140 4834
6341 4 2 1 1 1167 1166 1280 4904
6342 4 2 1 1 218 3323 219 4062
6343 4 2 1 1 1284 1189 1654 4875
6344 4 2 1 1 2272 2273 4499 4805
6345 4 2 1 1 2657 1932 4335 4424
6346 4 2 1 1 4259 4318 4006 4608
6347 4 2 1 1 757 4208 758 4957
6348 4 2 1 1 3504 3505 321 4715
6349 4 2 1 1 2195 2067 2196 5053
6350 4 2 1 1 4000 3899 4142 4242
6351 4 2 1 1 4092 4281 1903 4645
6352 4 2 1 1 801 812 4356 5037
6353 4 2 1 1 672 635 540 650
6354 4 2 1 1 1825 1945 1943 4393
6355 4 2 1 1 501 4107 4416 4484
6356 4 2 1 1 1510 1576 1092 4200
6357 4 2 1 1 412 3600 411 4241
6358 4 2 1 1 3869 4465 3959 4861
6359 4 2 1 1 4316 4853 4091 4946
6360 4 2 1 1 1110 1662 4201 5044
6361 4 2 1 1 932 4070 4480 4977
6362 4 2 1 1 980 981 1053 4586
6363 4 2 1 1 3894 4536 4373 4863
6364 4 2 1 1 3153 3151 3152 4366
6365 4 2 1 1 4092 4433 4292 4659
6366 4 2 1 1 3876 3926 4173 4831
6367 4 2 1 1 3967 4543 3843 4644
6368 4 2 1 1 610 4728 4368 4937
6369 4 2 1 1 2951 4293 4745 5024
6370 4 2 1 1 3864 4541 4702 4940
6371 4 2 1 1 737 3867 743 4667
6372 4 2 1 1 669 802 816 4983
6373 4 2 1 1 39 451 4268 4437
6374 4 2 1 1 2822 2817 2802 4378
6375 4 2 1 1 4287 4794 4007 4842
6376 4 2 1 1 3558 3565 3564 4575
6377 4 2 1 1 669 4299 802 4983
6378 4 2 1 1 1328 4759 1254 4973
6379 4 2 1 1 3683 4444 32 4762
6380 4 2 1 1 3867 4373 4562 4667
6381 4 2 1 1 722 733 708 578
6382 4 2 1 1 672 665 676 4490
6383 4 2 1 1 2477 1898 2677 4189
6384 4 2 1 1 475 3707 3710 4400
6385 4 2 1 1 2146 4329 4067 4585
6386 4 2 1 1 3986 4650 1433 4808
6387 4 2 1 1 3198 4287 4557 4842
6388 4 2 1 1 4159 4463 3861 4807
6389 4 2 1 1 1657 935 1320 4654
6390 4 2 1 1 4169 3840 4809 4810
6391 4 2 1 1 215 3397 214 4019
6392 4 2 1 1 1253 1329 952 4867
6393 4 2 1 1 3607 419 3608 4877
6394 4 2 1 1 3877 4335 4188 4637
6395 4 2 1 1 2967 4439 3909 4455
6396 4 2 1 1 4250 4134 4655 4882
6397 4 2 1 1 3820 3859 3823 4453
6398 4 2 1 1 1485 1645 1639 4224
6399 4 2 1 1 432 416 415 4747
6400 4 2 1 1 415 431 432 4747
6401 4 2 1 1 703 682 719 580
6402 4 2 1 1 3937 4441 4317 5038
6403 4 2 1 1 3711 3715 491 5033
6404 4 2 1 1 3850 4079 4077 4612
6405 4 2 1 1 2338 2332 2511 4684
6406 4 2 1 1 692 689 691 3934
6407 4 2 1 1 3915 4285 3900 4658
6408 4 2 1 1 762 764 761 4549
6409 4 2 1 1 792 4609 3905 4885
6410 4 2 1 1 159 158 2812 4569
6411 4 2 1 1 1210 847 1394 4580
6412 4 2 1 1 4021 4312 3918 4377
6413 4 2 1 1 2925 2931 2927 4804
6414 4 2 1 1 1159 1158 1156 4892
6415 4 2 1 1 4364 2121 4642 4895
6416 4 2 1 1 1942 1825 1943 4393
6417 4 2 1 1 3177 3291 4337 4468
6418 4 2 1 1 2257 1891 2472 4735
6419 4 2 1 1 3832 3848 3823 4306
6420 4 2 1 1 4194 4241 3963 4954
6421 4 2 1 1 947 1604 1287 3995
6422 4 2 1 1 1427 4443 1053 5026
6423 4 2 1 1 3666 4444 3658 4800
6424 4 2 1 1 1286 1004 1005 140
6425 4 2 1 1 4019 4083 3305 4300
6426 4 2 1 1 866 868 867 4278
6427 4 2 1 1 4058 4138 4813 5030
6428 4 2 1 1 373 2192 4246 5066
6429 4 2 1 1 3937 4570 1666 5038
6430 4 2 1 1 2232 2444 4448 4694
6431 4 2 1 1 2968 2966 2915 4439
6432 4 2 1 1 706 4012 4345 4573
6433 4 2 1 1 3104 3095 2975 4422
6434 4 2 1 1 1847 4695 4226 5040
6435 4 2 1 1 3740 4251 3741 4682
6436 4 2 1 1 3835 4114 3924 4397
6437 4 2 1 1 544 688 631 4691
6438 4 2 1 1 2238 2242 2597 4606
6439 4 2 1 1 482 3731 4583 5033
6440 4 2 1 1 648 3981 4641 4847
6441 4 2 1 1 342 341 4687 5009
6442 4 2 1 1 3578 4421 3577 4643
6443 4 2 1 1 2939 4651 4283 4947
6444 4 2 1 1 1268 4570 4303 4588
6445 4 2 1 1 1434 1183 1622 4286
6446 4 2 1 1 4049 4303 3828 4995
6447 4 2 1 1 3383 4263 4086 4436
6448 4 2 1 1 3985 4034 3906 4132
6449 4 2 1 1 3015 3006 3004 4656
6450 4 2 1 1 4443 4586 1053 5026
6451 4 2 1 1 4329 4680 3949 5066
6452 4 2 1 1 1380 4069 1712 4670
6453 4 2 1 1 3471 3465 309 4472
6454 4 2 1 1 3147 3149 3148 4297
6455 4 2 1 1 3807 4020 4537 4812
6456 4 2 1 1 1810 1830 1947 4679
6457 4 2 1 1 2998 2992 2995 4325
6458 4 2 1 1 664 4550 647 4941
6459 4 2 1 1 759 760 758 4208
6460 4 2 1 1 2055 1844 2137 4315
6461 4 2 1 1 1163 1678 1161 4892
6462 4 2 1 1 1490 4252 1425 4870
6463 4 2 1 1 200 3396 201 5074
6464 4 2 1 1 892 1613 4772 4844
6465 4 2 1 1 4597 4887 2864 4911
6466 4 2 1 1 3622 4752 4036 4878
6467 4 2 1 1 1408 995 601 4317
6468 4 2 1 1 3039 4533 4267 4601
6469 4 2 1 1 4346 4854 4167 5008
6470 4 2 1 1 3625 4255 3612 4878
6471 4 2 1 1 4325 4326 3918 4917
6472 4 2 1 1 3774 4388 514 4943
6473 4 2 1 1 1055 1001 1003 4912
6474 4 2 1 1 1051 986 4217 4480
6475 4 2 1 1 2748 4781 4098 4966
6476 4 2 1 1 2761 2765 2764 4242
6477 4 2 1 1 513 4740 4741 4943
6478 4 2 1 1 2641 2654 2413 4459
6479 4 2 1 1 3031 4029 3909 4688
6480 4 2 1 1 3937 4303 4049 4662
6481 4 2 1 1 3955 4125 3864 4126
6482 4 2 1 1 948 4473 937 4654
6483 4 2 1 1 1079 1082 1081 4262
6484 4 2 1 1 4188 4761 4002 4827
6485 4 2 1 1 3999 4855 3806 4868
6486 4 2 1 1 3818 4374 4277 4720
6487 4 2 1 1 2903 4651 2969 4947
6488 4 2 1 1 1885 1884 2735 4703
6489 4 2 1 1 1552 1544 1557 4332
6490 4 2 1 1 3817 4027 3880 4968
6491 4 2 1 1 4719 4720 3833 5008
6492 4 2 1 1 4100 4542 3870 5057
6493 4 2 1 1 1003 4166 1633 4922
6494 4 2 1 1 2874 4405 2872 4595
6495 4 2 1 1 4079 3927 4612 4711
6496 4 2 1 1 1397 1110 1662 4201
6497 4 2 1 1 1698 1506 1074 4670
6498 4 2 1 1 4214 4311 4828 5072
6499 4 2 1 1 2261 4302 2119 4499
6500 4 2 1 1 2282 2283 2210 4686
6501 4 2 1 1 4047 4592 611 4780
6502 4 2 1 1 685 543 688 4259
6503 4 2 1 1 3271 3343 3298 4564
6504 4 2 1 1 3293 3308 3176 4821
6505 4 2 1 1 1277 884 883 4836
6506 4 2 1 1 3303 4096 3231 4524
6507 4 2 1 1 1938 2203 2281 4695
6508 4 2 1 1 2716 1805 2665 4331
6509 4 2 1 1 2892 3043 2937 4601
6510 4 2 1 1 1605 1125 1517 4869
6511 4 2 1 1 4316 4434 2201 4786
6512 4 2 1 1 1905 4178 4789 5048
6513 4 2 1 1 3905 3980 4394 4885
6514 4 2 1 1 2323 2320 2324 4714
6515 4 2 1 1 3838 4861 4264 5086
6516 4 2 1 1 4178 4645 3902 4924
6517 4 2 1 1 1638 1096 1094 5051
6518 4 2 1 1 4019 4300 3305 4775
6519 4 2 1 1 1449 1492 1073 4252
6520 4 2 1 1 496 4502 4103 4910
6521 4 2 1 1 2348 4085 2112 4365
6522 4 2 1 1 3896 4025 4441 4937
6523 4 2 1 1 1633 4166 1002 4922
6524 4 2 1 1 1081 4262 1330 4661
6525 4 2 1 1 3163 3177 4337 4468
6526 4 2 1 1 3860 4372 3861 4635
6527 4 2 1 1 2516 4198 2515 5077
6528 4 2 1 1 3820 3887 3859 4919
6529 4 2 1 1 1402 4133 1249 4772
6530 4 2 1 1 3960 4280 3994 4716
6531 4 2 1 1 3824 3865 4487 4648
6532 4 2 1 1 3493 323 3495 4715
6533 4 2 1 1 3885 4481 4754 4952
6534 4 2 1 1 2827 2836 2805 4111
6535 4 2 1 1 3005 3002 3004 4656
6536 4 2 1 1 3918 4021 3945 5068
6537 4 2 1 1 144 831 2795 4547
6538 4 2 1 1 2084 2377 2651 4225
6539 4 2 1 1 784 595 805 753
6540 4 2 1 1 3258 212 1941 1926
6541 4 2 1 1 869 867 868 4278
6542 4 2 1 1 1447 4653 946 4908
6543 4 2 1 1 282 281 3452 4584
6544 4 2 1 1 3346 3220 3230 4621
6545 4 2 1 1 2939 4283 2943 4947
6546 4 2 1 1 3630 422 423 4950
6547 4 2 1 1 3214 3877 3215 4794
6548 4 2 1 1 3914 3817 3986 4262
6549 4 2 1 1 2841 4378 3865 4883
6550 4 2 1 1 3360 4023 3359 4821
6551 4 2 1 1 3091 4029 3090 4685
6552 4 2 1 1 3929 4920 4356 4921
6553 4 2 1 1 1034 4303 1412 4662
6554 4 2 1 1 4277 4312 3069 4326
6555 4 2 1 1 2617 1980 1976 4829
6556 4 2 1 1 2227 2228 2224 4694
6557 4 2 1 1 2680 1983 1984 4997
6558 4 2 1 1 3911 4284 4082 4735
6559 4 2 1 1 2918 4724 2911 4907
6560 4 2 1 1 3843 4543 3967 4994
6561 4 2 1 1 4261 4352 3878 4848
6562 4 2 1 1 3359 4023 3360 4298
6563 4 2 1 1 619 644 773 4490
6564 4 2 1 1 2596 2413 2650 4459
6565 4 2 1 1 1348 1243 973 4451
6566 4 2 1 1 2950 2940 2951 5024
6567 4 2 1 1 243 3579 3578 4643
6568 4 2 1 1 4134 3945 4429 4838
6569 4 2 1 1 3964 4646 4060 4647
6570 4 2 1 1 827 46 889 4923
6571 4 2 1 1 667 666 662 4631
6572 4 2 1 1 3974 4725 4268 4796
6573 4 2 1 1 1801 2733 1800 4380
6574 4 2 1 1 2858 2853 2859 4597
6575 4 2 1 1 1080 1383 1384 4949
6576 4 2 1 1 3854 4774 4381 4835
6577 4 2 1 1 404 4194 3580 4669
6578 4 2 1 1 3918 4054 4325 4917
6579 4 2 1 1 1983 1981 1982 4997
6580 4 2 1 1 4249 4410 4205 4933
6581 4 2 1 1 507 506 4682 4819
6582 4 2 1 1 2256 2738 2598 4803
6583 4 2 1 1 2629 2723 2626 4497
6584 4 2 1 1 2809 2802 2817 4378
6585 4 2 1 1 3180 4783 3301 4811
6586 4 2 1 1 2831 98 2839 4594
6587 4 2 1 1 154 155 3324 4309
6588 4 2 1 1 816 782 679 4983
6589 4 2 1 1 232 233 3418 4614
6590 4 2 1 1 208 3373 207 4705
6591 4 2 1 1 2221 2420 2130 4767
6592 4 2 1 1 4017 4018 4337 4469
6593 4 2 1 1 3754 3742 3752 4624
6594 4 2 1 1 4025 4731 3896 4760
6595 4 2 1 1 1158 1159 1688 4892
6596 4 2 1 1 3151 4297 3150 4366
6597 4 2 1 1 1640 1644 1645 4224
6598 4 2 1 1 843 844 4236 4590
6599 4 2 1 1 2415 2033 2412 4459
6600 4 2 1 1 2424 2469 2580 4406
6601 4 2 1 1 631 4073 616 4691
6602 4 2 1 1 2247 2246 2243 4245
6603 4 2 1 1 1926 2218 1941 4257
6604 4 2 1 1 2210 2283 2644 4686
6605 4 2 1 1 949 948 936 4654
6606 4 2 1 1 4107 3912 4110 4484
6607 4 2 1 1 3987 4536 3894 4863
6608 4 2 1 1 4162 4298 3832 4382
6609 4 2 1 1 4518 4540 821 4624
6610 4 2 1 1 1620 946 938 4653
6611 4 2 1 1 1088 1637 1089 4493
6612 4 2 1 1 4204 4461 3862 4807
6613 4 2 1 1 1568 4049 1008 5073
6614 4 2 1 1 1700 1707 983 4488
6615 4 2 1 1 3981 4319 4110 4543
6616 4 2 1 1 3123 4522 3016 4733
6617 4 2 1 1 3722 3721 3732 5033
6618 4 2 1 1 1645 1644 1098 4224
6619 4 2 1 1 150 4378 2809 4982
6620 4 2 1 1 3885 4326 3970 4917
6621 4 2 1 1 792 4749 4609 4885
6622 4 2 1 1 1340 1356 1339 4479
6623 4 2 1 1 847 1710 1394 4580
6624 4 2 1 1 1754 177 1755 212
6625 4 2 1 1 1947 4679 1948 4680
6626 4 2 1 1 3702 3698 3700 4327
6627 4 2 1 1 2959 2961 2958 4455
6628 4 2 1 1 4152 4600 4111 5074
6629 4 2 1 1 2107 2108 2109 4246
6630 4 2 1 1 3932 4221 4427 4568
6631 4 2 1 1 730 4556 731 4846
6632 4 2 1 1 528 3775 3780 4195
6633 4 2 1 1 3123 3016 3112 4733
6634 4 2 1 1 3831 4990 4831 5084
6635 4 2 1 1 249 4276 3479 4387
6636 4 2 1 1 518 502 501 4416
6637 4 2 1 1 2022 2021 2024 4106
6638 4 2 1 1 692 691 693 4120
6639 4 2 1 1 659 663 4369 4941
6640 4 2 1 1 101 3978 1760 4674
6641 4 2 1 1 3519 3521 339 4501
6642 4 2 1 1 1077 1081 1330 4661
6643 4 2 1 1 498 3752 497 4624
6644 4 2 1 1 2409 4568 1889 4703
6645 4 2 1 1 3853 4070 4445 4916
6646 4 2 1 1 3918 4326 4325 4377
6647 4 2 1 1 4397 4689 3975 4902
6648 4 2 1 1 3287 4192 3288 4976
6649 4 2 1 1 3562 3563 3559 4575
6650 4 2 1 1 2913 2919 2920 4724
6651 4 2 1 1 142 4547 1004 4818
6652 4 2 1 1 1310 3962 3879 4037
6653 4 2 1 1 4076 4010 4117 4671
6654 4 2 1 1 2368 1954 4306 4795
6655 4 2 1 1 1072 4139 1074 4670
6656 4 2 1 1 793 786 4399 4609
6657 4 2 1 1 3861 4534 4635 5013
6658 4 2 1 1 2374 4127 1846 4576
6659 4 2 1 1 3831 3954 4003 4605
6660 4 2 1 1 2265 4324 2474 4744
6661 4 2 1 1 2936 3037 2902 4639
6662 4 2 1 1 1889 4568 2409 4743
6663 4 2 1 1 1381 4286 1622 4617
6664 4 2 1 1 445 3653 3643 4708
6665 4 2 1 1 3971 4745 4293 5024
6666 4 2 1 1 4282 4529 2884 4709
6667 4 2 1 1 652 4107 617 4938
6668 4 2 1 1 3827 4177 3850 5056
6669 4 2 1 1 1034 4049 4303 4662
6670 4 2 1 1 719 736 703 580
6671 4 2 1 1 2373 1939 4695 4797
6672 4 2 1 1 3912 4484 4107 4652
6673 4 2 1 1 1547 1540 1553 4338
6674 4 2 1 1 2882 3993 4165 4447
6675 4 2 1 1 3439 3433 3432 4531
6676 4 2 1 1 181 375 3875 4102
6677 4 2 1 1 3898 4249 4205 4466
6678 4 2 1 1 2603 1758 1925 4334
6679 4 2 1 1 3714 4132 3723 4884
6680 4 2 1 1 3896 4368 4731 4937
6681 4 2 1 1 648 660 3981 4847
6682 4 2 1 1 4102 4329 4246 4585
6683 4 2 1 1 3904 4851 4394 4898
6684 4 2 1 1 3870 4280 3891 4512
6685 4 2 1 1 1152 1150 1149 4942
6686 4 2 1 1 3008 4656 3006 4809
6687 4 2 1 1 85 4036 4242 4470
6688 4 2 1 1 3690 4471 3703 4951
6689 4 2 1 1 1326 1674 881 4981
6690 4 2 1 1 24 4321 601 4630
6691 4 2 1 1 3929 4839 4270 5037
6692 4 2 1 1 1695 1173 1696 4358
6693 4 2 1 1 1601 4450 1121 4869
6694 4 2 1 1 3880 4548 3944 5063
6695 4 2 1 1 2521 1982 2612 4793
6696 4 2 1 1 1451 4869 1453 4870
6697 4 2 1 1 666 3964 4119 4631
6698 4 2 1 1 4481 4615 4067 4754
6699 4 2 1 1 3850 4442 4010 4893
6700 4 2 1 1 4258 485 4717 4801
6701 4 2 1 1 3832 4033 3886 4777
6702 4 2 1 1 3705 4071 466 4608
6703 4 2 1 1 1776 1777 178 1775
6704 4 2 1 1 132 129 4595 4977
6705 4 2 1 1 1118 1179 1178 4808
6706 4 2 1 1 2966 4407 2915 4439
6707 4 2 1 1 778 766 751 4739
6708 4 2 1 1 3488 320 321 4715
6709 4 2 1 1 4085 4246 2109 4365
6710 4 2 1 1 3737 509 3741 4682
6711 4 2 1 1 3693 3704 3692 4608
6712 4 2 1 1 501 517 518 4416
6713 4 2 1 1 2925 4804 2926 4934
6714 4 2 1 1 1320 949 1657 4654
6715 4 2 1 1 1872 1874 2435 4616
6716 4 2 1 1 3198 4287 3216 4557
6717 4 2 1 1 3126 4084 4300 4792
6718 4 2 1 1 3228 223 222 4391
6719 4 2 1 1 3584 3587 4194 4954
6720 4 2 1 1 3180 3281 3301 4783
6721 4 2 1 1 39 3663 40 4344
6722 4 2 1 1 4542 4690 4323 5057
6723 4 2 1 1 940 1604 947 3995
6724 4 2 1 1 4054 4325 4223 5003
6725 4 2 1 1 663 4294 665 4369
6726 4 2 1 1 1493 1424 1491 4349
6727 4 2 1 1 2025 4106 3941 4209
6728 4 2 1 1 4249 4466 4690 4889
6729 4 2 1 1 627 637 625 4640
6730 4 2 1 1 664 657 4347 4941
6731 4 2 1 1 741 731 716 4667
6732 4 2 1 1 2043 4636 4015 4637
6733 4 2 1 1 1852 1855 1856 4777
6734 4 2 1 1 3233 3234 4337 4469
6735 4 2 1 1 2025 2023 4106 4209
6736 4 2 1 1 662 666 4046 4631
6737 4 2 1 1 916 867 869 4278
6738 4 2 1 1 3329 3189 3200 4524
6739 4 2 1 1 609 4728 4047 4780
6740 4 2 1 1 2991 3028 2994 5003
6741 4 2 1 1 1389 1129 1630 4908
6742 4 2 1 1 3027 4926 4223 5003
6743 4 2 1 1 4453 4758 3820 5002
6744 4 2 1 1 800 818 808 4449
6745 4 2 1 1 1286 1420 138 4214
6746 4 2 1 1 19 3716 20 4351
6747 4 2 1 1 502 4484 4110 5005
6748 4 2 1 1 3378 3374 179 4634
6749 4 2 1 1 85 4470 432 4620
6750 4 2 1 1 3893 4023 3935 4131
6751 4 2 1 1 4125 4457 3037 4639
6752 4 2 1 1 1953 1828 1827 4414
6753 4 2 1 1 4201 4808 1178 4825
6754 4 2 1 1 668 4107 652 4938
6755 4 2 1 1 784 594 774 801
6756 4 2 1 1 3169 3167 3168 4525
6757 4 2 1 1 731 4556 4044 4846
6758 4 2 1 1 2904 4457 2905 4651
6759 4 2 1 1 3428 4339 3434 4584
6760 4 2 1 1 4424 4787 3860 4939
6761 4 2 1 1 2981 3117 2986 4880
6762 4 2 1 1 3518 343 342 5004
6763 4 2 1 1 1885 4304 4703 4735
6764 4 2 1 1 462 4265 4104 4495
6765 4 2 1 1 1960 2216 1961 4754
6766 4 2 1 1 4011 4265 3936 5058
6767 4 2 1 1 3953 4069 3836 4070
6768 4 2 1 1 4771 5077 2049 5078
6769 4 2 1 1 434 4290 448 4345
6770 4 2 1 1 1422 4061 1490 4349
6771 4 2 1 1 3891 4280 3939 4559
6772 4 2 1 1 3987 3807 4536 4764
6773 4 2 1 1 1684 1438 1203 4476
6774 4 2 1 1 1249 1248 892 4411
6775 4 2 1 1 3611 3622 4036 4620
6776 4 2 1 1 4024 4443 4310 4548
6777 4 2 1 1 1362 1296 1293 4193
6778 4 2 1 1 2853 2868 2864 4887
6779 4 2 1 1 987 956 139 4435
6780 4 2 1 1 3684 475 3688 4400
6781 4 2 1 1 3212 3159 3210 4972
6782 4 2 1 1 470 4527 469 4717
6783 4 2 1 1 2430 4030 1921 4494
6784 4 2 1 1 3907 4144 4373 4836
6785 4 2 1 1 3950 4028 3909 4333
6786 4 2 1 1 3987 4286 4166 4968
6787 4 2 1 1 3600 3587 3588 4954
6788 4 2 1 1 3128 4174 209 4705
6789 4 2 1 1 827 890 988 4923
6790 4 2 1 1 1266 4441 4025 4937
6791 4 2 1 1 1065 1051 1064 4217
6792 4 2 1 1 3291 4468 3280 4778
6793 4 2 1 1 1127 1124 1129 4581
6794 4 2 1 1 3956 4003 3959 4072
6795 4 2 1 1 3502 325 326 4113
6796 4 2 1 1 3243 3264 4784 4811
6797 4 2 1 1 3216 4401 3218 4557
6798 4 2 1 1 2140 4515 4292 4843
6799 4 2 1 1 2368 2125 2708 4306
6800 4 2 1 1 3572 4386 4261 4802
6801 4 2 1 1 2117 4374 1918 4805
6802 4 2 1 1 3710 3707 11 4400
6803 4 2 1 1 4005 4114 3892 4199
6804 4 2 1 1 2016 2355 2436 5078
6805 4 2 1 1 624 3923 4052 4243
6806 4 2 1 1 599 4205 4515 4741
6807 4 2 1 1 2053 4637 4642 4758
6808 4 2 1 1 4093 4151 3969 4725
6809 4 2 1 1 2075 2074 2076 4179
6810 4 2 1 1 4310 4617 1242 5026
6811 4 2 1 1 2221 4494 1863 4767
6812 4 2 1 1 1989 3997 2631 4625
6813 4 2 1 1 696 4058 4517 5031
6814 4 2 1 1 2083 3878 4184 4421
6815 4 2 1 1 3722 496 3726 4914
6816 4 2 1 1 964 967 966 4678
6817 4 2 1 1 4166 4456 3987 4545
6818 4 2 1 1 718 4845 4081 4888
6819 4 2 1 1 1211 1210 1218 4580
6820 4 2 1 1 370 1626 1625 1627
6821 4 2 1 1 3340 3294 3349 4342
6822 4 2 1 1 2019 4196 2029 4496
6823 4 2 1 1 44 821 822 4540
6824 4 2 1 1 509 3737 508 4682
6825 4 2 1 1 1757 1759 1758 4334
6826 4 2 1 1 3370 165 3368 4528
6827 4 2 1 1 4316 4434 3984 4851
6828 4 2 1 1 3367 4155 4033 4162
6829 4 2 1 1 3304 4131 3339 4621
6830 4 2 1 1 2753 4340 21 4664
6831 4 2 1 1 3834 4719 3903 4971
6832 4 2 1 1 1110 2786 133 1366
6833 4 2 1 1 3090 4029 196 5039
6834 4 2 1 1 3318 3320 3321 4555
6835 4 2 1 1 207 3373 4613 4705
6836 4 2 1 1 3655 31 4354 4355
6837 4 2 1 1 449 433 4151 4725
6838 4 2 1 1 2674 4766 2269 5067
6839 4 2 1 1 3913 4162 3832 4384
6840 4 2 1 1 2121 2124 4642 4895
6841 4 2 1 1 4240 4722 3868 4812
6842 4 2 1 1 754 773 780 4490
6843 4 2 1 1 2281 4648 1845 4663
6844 4 2 1 1 485 486 4717 4801
6845 4 2 1 1 3895 3836 3995 5076
6846 4 2 1 1 3943 4371 3927 4807
6847 4 2 1 1 757 758 750 4957
6848 4 2 1 1 208 3189 3128 4705
6849 4 2 1 1 1702 1023 1021 5006
6850 4 2 1 1 1412 4303 1435 4662
6851 4 2 1 1 4019 4789 3913 4988
6852 4 2 1 1 611 4728 612 4985
6853 4 2 1 1 28 4142 2762 4242
6854 4 2 1 1 1707 4488 968 4552
6855 4 2 1 1 1071 4139 1072 4505
6856 4 2 1 1 667 662 674 3965
6857 4 2 1 1 2530 4121 2101 5062
6858 4 2 1 1 775 4270 753 4921
6859 4 2 1 1 1411 4069 1347 5082
6860 4 2 1 1 3331 3213 4297 4790
6861 4 2 1 1 2992 4325 2998 4769
6862 4 2 1 1 3618 4665 3617 4970
6863 4 2 1 1 1278 1444 1345 4867
6864 4 2 1 1 968 4451 971 4552
6865 4 2 1 1 4303 4570 3828 4588
6866 4 2 1 1 821 4540 44 4624
6867 4 2 1 1 784 594 753 774
6868 4 2 1 1 2400 4507 2390 4932
6869 4 2 1 1 1344 1242 1243 4310
6870 4 2 1 1 3861 3943 3927 4807
6871 4 2 1 1 1452 1453 4349 4870
6872 4 2 1 1 2631 4771 3997 4866
6873 4 2 1 1 1320 4311 1321 5072
6874 4 2 1 1 3487 3501 3481 4782
6875 4 2 1 1 3961 4222 4078 5010
6876 4 2 1 1 2584 2175 2183 4432
6877 4 2 1 1 613 540 635 650
6878 4 2 1 1 1211 1212 881 4426
6879 4 2 1 1 3454 4276 301 4526
6880 4 2 1 1 2650 2412 2033 4459
6881 4 2 1 1 4054 4186 3918 4769
6882 4 2 1 1 4061 4139 3914 4949
6883 4 2 1 1 2220 1863 4494 5034
6884 4 2 1 1 1175 4136 4479 4892
6885 4 2 1 1 3831 4831 4773 5084
6886 4 2 1 1 829 4836 4144 4857
6887 4 2 1 1 3368 4528 4160 4529
6888 4 2 1 1 3640 4230 447 4290
6889 4 2 1 1 1901 1903 2604 4281
6890 4 2 1 1 3855 4727 4381 4835
6891 4 2 1 1 2096 2401 2606 4386
6892 4 2 1 1 3808 4689 4323 4909
6893 4 2 1 1 658 659 660 4097
6894 4 2 1 1 1806 1808 4554 4679
6895 4 2 1 1 3818 4221 4935 5061
6896 4 2 1 1 1316 1311 1313 4589
6897 4 2 1 1 3542 264 3541 4826
6898 4 2 1 1 3883 4158 4759 5046
6899 4 2 1 1 101 1851 3978 4674
6900 4 2 1 1 1302 1349 1303 4629
6901 4 2 1 1 1160 1161 1678 4892
6902 4 2 1 1 1285 3987 4322 4863
6903 4 2 1 1 3888 4266 4236 4590
6904 4 2 1 1 3285 3252 3286 4390
6905 4 2 1 1 983 4232 1262 4488
6906 4 2 1 1 3979 4690 4542 5057
6907 4 2 1 1 3143 4486 3144 4701
6908 4 2 1 1 685 4006 710 4814
6909 4 2 1 1 3496 4113 326 4530
6910 4 2 1 1 765 776 764 4271
6911 4 2 1 1 775 763 777 4101
6912 4 2 1 1 3021 4673 4385 4907
6913 4 2 1 1 2909 2907 2948 4907
6914 4 2 1 1 3297 3335 3211 5043
6915 4 2 1 1 2840 4569 2816 5087
6916 4 2 1 1 3034 3065 3064 4377
6917 4 2 1 1 627 639 619 4874
6918 4 2 1 1 1432 1178 1179 4825
6919 4 2 1 1 4107 4822 617 4938
6920 4 2 1 1 3340 3230 3365 4342
6921 4 2 1 1 2860 2859 2861 4597
6922 4 2 1 1 3899 4506 4255 5052
6923 4 2 1 1 674 3965 662 4641
6924 4 2 1 1 3099 3012 3013 4926
6925 4 2 1 1 4024 4617 4310 5026
6926 4 2 1 1 916 1387 985 4278
6927 4 2 1 1 4543 4641 3981 4847
6928 4 2 1 1 2369 2367 2068 4599
6929 4 2 1 1 3776 3779 519 5015
6930 4 2 1 1 3847 4503 3906 4864
6931 4 2 1 1 4660 4843 4292 5041
6932 4 2 1 1 3167 3168 4468 4862
6933 4 2 1 1 764 776 751 4271
6934 4 2 1 1 791 4012 706 4749
6935 4 2 1 1 3524 3517 4500 4671
6936 4 2 1 1 2535 2237 2239 4606
6937 4 2 1 1 606 4726 4093 5031
6938 4 2 1 1 3001 4464 3054 4926
6939 4 2 1 1 3944 4310 4451 5063
6940 4 2 1 1 826 919 1328 5046
6941 4 2 1 1 2099 2648 2606 4386
6942 4 2 1 1 1103 1101 1652 5051
6943 4 2 1 1 44 4360 1329 4624
6944 4 2 1 1 735 4832 721 5022
6945 4 2 1 1 1554 1553 1229 4338
6946 4 2 1 1 611 4047 4728 4985
6947 4 2 1 1 468 4074 4258 4471
6948 4 2 1 1 28 603 4140 4630
6949 4 2 1 1 698 755 583 778
6950 4 2 1 1 2940 4283 2939 5024
6951 4 2 1 1 1939 2609 1847 4797
6952 4 2 1 1 2025 2026 2023 4209
6953 4 2 1 1 1263 4157 984 4488
6954 4 2 1 1 794 4649 4610 5037
6955 4 2 1 1 1447 938 946 4653
6956 4 2 1 1 712 686 4011 5075
6957 4 2 1 1 3862 4409 3927 5065
6958 4 2 1 1 4466 4690 4323 4909
6959 4 2 1 1 3983 4206 4062 4387
6960 4 2 1 1 4101 4675 4231 5083
6961 4 2 1 1 2535 2474 4056 4744
6962 4 2 1 1 3031 3091 2967 4455
6963 4 2 1 1 3850 4077 4516 5056
6964 4 2 1 1 1661 1013 877 4986
6965 4 2 1 1 1918 2504 4535 4754
6966 4 2 1 1 3202 3139 3137 4700
6967 4 2 1 1 27 28 2762 4242
6968 4 2 1 1 1638 1098 1642 4224
6969 4 2 1 1 3835 4397 3924 4689
6970 4 2 1 1 685 4259 688 4318
6971 4 2 1 1 3254 3267 3253 4382
6972 4 2 1 1 1091 1641 1093 4493
6973 4 2 1 1 3849 4157 4040 4666
6974 4 2 1 1 1337 1175 1336 4479
6975 4 2 1 1 1061 605 4456 5030
6976 4 2 1 1 4126 4407 2901 4639
6977 4 2 1 1 3219 4557 3220 4621
6978 4 2 1 1 2691 1814 1816 4823
6979 4 2 1 1 2194 1759 3993 4334
6980 4 2 1 1 1852 4776 1851 4777
6981 4 2 1 1 3945 4186 3918 5068
6982 4 2 1 1 696 700 4048 4517
6983 4 2 1 1 475 3684 474 4400
6984 4 2 1 1 519 4150 4114 4723
6985 4 2 1 1 3944 4039 3880 5063
6986 4 2 1 1 2394 3571 2572 2399
6987 4 2 1 1 3822 4535 4499 4952
6988 4 2 1 1 3066 3049 3064 4312
6989 4 2 1 1 1259 1334 975 4090
6990 4 2 1 1 3082 4982 3081 5074
6991 4 2 1 1 130 131 4596 5082
6992 4 2 1 1 1885 2595 4304 4551
6993 4 2 1 1 601 4046 3965 4847
6994 4 2 1 1 3511 3509 3507 4500
6995 4 2 1 1 2943 4283 2944 4947
6996 4 2 1 1 3181 3283 3284 4579
6997 4 2 1 1 4114 4723 4397 5015
6998 4 2 1 1 3650 3637 36 4355
6999 4 2 1 1 662 4641 3965 4847
7000 4 2 1 1 1199 1635 1559 4945
7001 4 2 1 1 3866 4838 3945 5068
7002 4 2 1 1 811 799 4845 4888
7003 4 2 1 1 3640 4230 4290 4354
7004 4 2 1 1 4410 4430 3933 4936
7005 4 2 1 1 1990 2687 2638 4627
7006 4 2 1 1 964 965 967 4435
7007 4 2 1 1 1357 841 838 4873
7008 4 2 1 1 2121 4364 2138 4567
7009 4 2 1 1 2392 4398 4216 4932
7010 4 2 1 1 4178 4352 4019 4718
7011 4 2 1 1 461 4495 4394 4898
7012 4 2 1 1 3848 4297 4289 4790
7013 4 2 1 1 4470 4620 3901 4747
7014 4 2 1 1 2355 2014 2017 4771
7015 4 2 1 1 2966 3030 2967 4439
7016 4 2 1 1 4073 4425 4258 4801
7017 4 2 1 1 3968 4147 3883 4708
7018 4 2 1 1 1085 1634 1086 4756
7019 4 2 1 1 657 659 4094 4941
7020 4 2 1 1 141 4678 143 4887
7021 4 2 1 1 2892 4601 2893 5029
7022 4 2 1 1 3778 3780 3775 4195
7023 4 2 1 1 1277 4322 884 4836
7024 4 2 1 1 1947 2151 4679 4680
7025 4 2 1 1 2278 1800 1794 4380
7026 4 2 1 1 1757 2566 1761 4858
7027 4 2 1 1 3942 4773 4830 4831
7028 4 2 1 1 811 804 3936 4888
7029 4 2 1 1 1042 1237 1508 4063
7030 4 2 1 1 2085 2380 2726 4944
7031 4 2 1 1 2793 1327 142 66
7032 4 2 1 1 4630 410 4683 5080
7033 4 2 1 1 629 3933 623 4820
7034 4 2 1 1 2214 4787 4424 4939
7035 4 2 1 1 3102 4272 4882 4934
7036 4 2 1 1 3220 3218 4401 4557
7037 4 2 1 1 994 4303 1268 4570
7038 4 2 1 1 2930 2928 3105 4934
7039 4 2 1 1 3859 3893 3823 4969
7040 4 2 1 1 441 4353 3635 4354
7041 4 2 1 1 3417 237 238 4676
7042 4 2 1 1 1425 1450 1452 4870
7043 4 2 1 1 3998 4753 4204 5084
7044 4 2 1 1 1482 1512 1471 4200
7045 4 2 1 1 3881 4089 3943 5020
7046 4 2 1 1 4535 4797 4499 4952
7047 4 2 1 1 4230 4353 3653 4708
7048 4 2 1 1 3970 4326 3885 4553
7049 4 2 1 1 3143 3209 4486 4701
7050 4 2 1 1 4019 4789 4178 5048
7051 4 2 1 1 3849 4232 4157 4666
7052 4 2 1 1 2779 4762 2776 4946
7053 4 2 1 1 1618 1487 1091 4493
7054 4 2 1 1 2270 2564 2563 4766
7055 4 2 1 1 801 774 756 593
7056 4 2 1 1 2958 2893 2895 4333
7057 4 2 1 1 158 157 2797 4569
7058 4 2 1 1 605 5030 606 5031
7059 4 2 1 1 3892 4199 4114 5015
7060 4 2 1 1 1033 1011 1709 4440
7061 4 2 1 1 1262 1263 4488 4666
7062 4 2 1 1 660 4097 3981 4847
7063 4 2 1 1 3980 4749 4573 4885
7064 4 2 1 1 721 806 746 4647
7065 4 2 1 1 2897 4407 4333 4602
7066 4 2 1 1 3909 4282 4029 4455
7067 4 2 1 1 791 4265 4573 4749
7068 4 2 1 1 954 4055 1225 4644
7069 4 2 1 1 4033 4162 3832 4382
7070 4 2 1 1 489 3734 3735 4504
7071 4 2 1 1 345 3535 355 5067
7072 4 2 1 1 728 741 4537 4846
7073 4 2 1 1 1573 1396 367 4629
7074 4 2 1 1 1178 1397 1117 4201
7075 4 2 1 1 2193 4748 4680 5066
7076 4 2 1 1 1321 951 1420 4311
7077 4 2 1 1 598 15 4527 4836
7078 4 2 1 1 2650 2413 2654 4459
7079 4 2 1 1 3533 3537 3536 4593
7080 4 2 1 1 609 610 4728 4973
7081 4 2 1 1 3833 4510 4365 4591
7082 4 2 1 1 2995 4325 2994 5003
7083 4 2 1 1 23 2756 2755 4320
7084 4 2 1 1 810 4050 3966 4154
7085 4 2 1 1 2755 4148 45 4923
7086 4 2 1 1 2776 2778 2774 4853
7087 4 2 1 1 3834 3833 4559 5008
7088 4 2 1 1 1290 1567 1556 5045
7089 4 2 1 1 1327 2795 142 66
7090 4 2 1 1 3361 4343 3225 4891
7091 4 2 1 1 1673 1140 1676 4269
7092 4 2 1 1 2469 2244 2580 4406
7093 4 2 1 1 3964 4241 4060 4646
7094 4 2 1 1 4368 4728 4081 4845
7095 4 2 1 1 4254 4373 3907 4693
7096 4 2 1 1 294 4108 295 4248
7097 4 2 1 1 4495 4592 4394 4885
7098 4 2 1 1 335 3506 336 4849
7099 4 2 1 1 956 964 141 4435
7100 4 2 1 1 2405 2404 1831 4686
7101 4 2 1 1 3825 3955 4293 4838
7102 4 2 1 1 3950 4541 3864 4940
7103 4 2 1 1 1271 1616 1270 4362
7104 4 2 1 1 4205 4410 3898 4820
7105 4 2 1 1 3630 423 424 4665
7106 4 2 1 1 1085 4756 1086 4949
7107 4 2 1 1 757 773 759 4208
7108 4 2 1 1 605 4517 4048 4910
7109 4 2 1 1 4773 4806 3881 4899
7110 4 2 1 1 2996 2995 2994 5003
7111 4 2 1 1 3594 3598 401 4664
7112 4 2 1 1 2962 4455 3091 4685
7113 4 2 1 1 3975 4292 4843 5041
7114 4 2 1 1 3562 3559 375 4975
7115 4 2 1 1 933 932 4445 4654
7116 4 2 1 1 3617 4751 4665 4950
7117 4 2 1 1 3845 4075 3980 4749
7118 4 2 1 1 3999 4607 4833 5036
7119 4 2 1 1 1116 1068 1115 4450
7120 4 2 1 1 2394 2399 2661 4398
7121 4 2 1 1 835 4547 834 4873
7122 4 2 1 1 3969 4011 4290 4345
7123 4 2 1 1 366 4196 356 4209
7124 4 2 1 1 176 3042 3044 4487
7125 4 2 1 1 2150 2566 4594 4858
7126 4 2 1 1 3510 3506 4500 4849
7127 4 2 1 1 328 3491 4530 4859
7128 4 2 1 1 1286 140 1005 4834
7129 4 2 1 1 3918 4417 4021 4604
7130 4 2 1 1 3934 4864 3847 4865
7131 4 2 1 1 3071 2997 3118 4223
7132 4 2 1 1 3291 4632 4337 4778
7133 4 2 1 1 2913 2911 2918 4724
7134 4 2 1 1 3597 3590 3595 4320
7135 4 2 1 1 2906 2908 3084 4457
7136 4 2 1 1 2151 4181 2188 4679
7137 4 2 1 1 928 1403 4772 5055
7138 4 2 1 1 4038 4039 3944 5063
7139 4 2 1 1 446 447 3652 4230
7140 4 2 1 1 3299 4579 3138 4700
7141 4 2 1 1 2108 2107 2106 4246
7142 4 2 1 1 3023 4522 4223 4926
7143 4 2 1 1 139 2853 2858 4887
7144 4 2 1 1 249 4387 3478 4526
7145 4 2 1 1 1186 1498 1709 4440
7146 4 2 1 1 3112 2886 3123 4522
7147 4 2 1 1 719 736 725 4138
7148 4 2 1 1 2138 2054 2419 4767
7149 4 2 1 1 2803 2820 2819 4309
7150 4 2 1 1 1942 2666 4414 4497
7151 4 2 1 1 171 170 3370 4791
7152 4 2 1 1 3814 3817 3880 4968
7153 4 2 1 1 597 4052 4041 4696
7154 4 2 1 1 3654 5012 3651 5025
7155 4 2 1 1 717 674 4641 5023
7156 4 2 1 1 2591 4424 3941 4636
7157 4 2 1 1 3945 4419 4211 5085
7158 4 2 1 1 1224 1365 924 4980
7159 4 2 1 1 469 4258 4527 4840
7160 4 2 1 1 3933 4820 4410 4933
7161 4 2 1 1 2431 1812 2435 4554
7162 4 2 1 1 3661 3669 3670 4122
7163 4 2 1 1 806 814 746 4647
7164 4 2 1 1 1015 1016 1014 4986
7165 4 2 1 1 3847 4511 4430 4691
7166 4 2 1 1 3970 4522 4223 4733
7167 4 2 1 1 1989 2638 1985 4202
7168 4 2 1 1 1098 1639 1645 4224
7169 4 2 1 1 2530 2713 4121 4924
7170 4 2 1 1 3992 4003 3954 4605
7171 4 2 1 1 637 4430 629 4820
7172 4 2 1 1 3159 3209 4359 4486
7173 4 2 1 1 453 4344 3660 4444
7174 4 2 1 1 1660 879 1187 4475
7175 4 2 1 1 418 417 3620 4752
7176 4 2 1 1 1094 1639 1638 4224
7177 4 2 1 1 792 786 4609 4749
7178 4 2 1 1 3484 4361 4530 4782
7179 4 2 1 1 1772 1791 1790 4165
7180 4 2 1 1 970 965 1226 4435
7181 4 2 1 1 2053 4642 2145 4758
7182 4 2 1 1 3824 3950 3909 4940
7183 4 2 1 1 4070 4653 3940 4654
7184 4 2 1 1 1013 1019 1015 4519
7185 4 2 1 1 3807 4537 4536 4962
7186 4 2 1 1 3914 3928 3841 5076
7187 4 2 1 1 1844 4659 4315 5002
7188 4 2 1 1 3571 4216 3576 4386
7189 4 2 1 1 4244 4204 4753 5084
7190 4 2 1 1 2891 2888 3094 4963
7191 4 2 1 1 3815 4711 3850 5056
7192 4 2 1 1 3938 4289 4494 4767
7193 4 2 1 1 1105 1086 1088 4301
7194 4 2 1 1 3212 3363 3213 4790
7195 4 2 1 1 2175 2180 2176 4432
7196 4 2 1 1 4229 3994 4779 5014
7197 4 2 1 1 3735 4504 12 4781
7198 4 2 1 1 291 3450 290 4314
7199 4 2 1 1 2919 2918 2988 4724
7200 4 2 1 1 2082 2083 2080 4184
7201 4 2 1 1 1001 4166 1003 4912
7202 4 2 1 1 504 4723 4319 5005
7203 4 2 1 1 3593 3602 415 4622
7204 4 2 1 1 1576 1510 1477 4200
7205 4 2 1 1 4121 4178 3902 4924
7206 4 2 1 1 3064 4312 3049 4804
7207 4 2 1 1 3847 3985 4073 4960
7208 4 2 1 1 1806 2488 4679 4955
7209 4 2 1 1 1190 1571 4475 4875
7210 4 2 1 1 2513 2147 4329 4615
7211 4 2 1 1 655 4046 658 4119
7212 4 2 1 1 732 745 4641 4994
7213 4 2 1 1 1432 4617 4027 4650
7214 4 2 1 1 3946 4250 4134 4655
7215 4 2 1 1 771 753 777 4270
7216 4 2 1 1 2063 4209 356 4460
7217 4 2 1 1 3976 4544 4388 4757
7218 4 2 1 1 2956 4305 4529 5039
7219 4 2 1 1 4258 4471 4009 4693
7220 4 2 1 1 1255 4772 1613 4973
7221 4 2 1 1 3350 3221 3218 4401
7222 4 2 1 1 3850 4711 3815 4827
7223 4 2 1 1 4605 4779 3834 5014
7224 4 2 1 1 2046 4637 2434 4758
7225 4 2 1 1 970 4435 1226 4825
7226 4 2 1 1 1247 4662 991 5038
7227 4 2 1 1 4244 4668 3831 5084
7228 4 2 1 1 755 583 687 698
7229 4 2 1 1 1266 889 4730 4937
7230 4 2 1 1 3818 4429 4302 5061
7231 4 2 1 1 3956 3959 4465 4861
7232 4 2 1 1 2732 4184 2078 4412
7233 4 2 1 1 3245 3246 4273 4564
7234 4 2 1 1 3929 4270 4921 5037
7235 4 2 1 1 1477 1510 1475 4200
7236 4 2 1 1 3837 4462 4660 5041
7237 4 2 1 1 3853 4445 4311 4916
7238 4 2 1 1 2881 2987 3090 4685
7239 4 2 1 1 2666 2625 2626 4497
7240 4 2 1 1 4006 4103 4071 4318
7241 4 2 1 1 3805 4370 4839 4979
7242 4 2 1 1 2864 2857 4911 4993
7243 4 2 1 1 937 4653 936 4654
7244 4 2 1 1 3138 3136 3137 4700
7245 4 2 1 1 2916 2898 2896 4602
7246 4 2 1 1 1062 1061 1058 4912
7247 4 2 1 1 753 775 777 4270
7248 4 2 1 1 726 4812 4722 4962
7249 4 2 1 1 2393 2661 2660 4398
7250 4 2 1 1 1546 1549 397 1548
7251 4 2 1 1 4016 4409 4612 4868
7252 4 2 1 1 4226 4695 3840 4810
7253 4 2 1 1 2189 2151 2742 4748
7254 4 2 1 1 2023 2020 4106 4196
7255 4 2 1 1 621 620 4041 4696
7256 4 2 1 1 3904 4851 4316 4852
7257 4 2 1 1 3896 4731 4025 4937
7258 4 2 1 1 3151 3192 3281 4783
7259 4 2 1 1 2079 4184 2480 5047
7260 4 2 1 1 3319 3225 3320 4891
7261 4 2 1 1 3847 3934 4503 4864
7262 4 2 1 1 3947 3948 3916 4336
7263 4 2 1 1 4038 4451 968 4552
7264 4 2 1 1 2793 1327 1004 142
7265 4 2 1 1 2714 2171 2172 5050
7266 4 2 1 1 1955 4453 1906 5002
7267 4 2 1 1 3867 4009 4006 4693
7268 4 2 1 1 2956 4282 4685 5039
7269 4 2 1 1 407 3592 3583 4953
7270 4 2 1 1 959 1209 1409 4415
7271 4 2 1 1 728 4962 727 4994
7272 4 2 1 1 1982 1979 2612 4428
7273 4 2 1 1 4773 4899 4129 4900
7274 4 2 1 1 2709 1912 1914 4510
7275 4 2 1 1 1571 1205 4498 4666
7276 4 2 1 1 2044 2042 2043 4637
7277 4 2 1 1 4335 3860 4520 4939
7278 4 2 1 1 3136 3135 3134 4976
7279 4 2 1 1 684 706 4075 4749
7280 4 2 1 1 4110 4319 3981 4723
7281 4 2 1 1 798 3900 809 4295
7282 4 2 1 1 3045 4639 4124 4721
7283 4 2 1 1 3834 3882 3921 4719
7284 4 2 1 1 4219 4675 4549 4921
7285 4 2 1 1 844 4228 894 4236
7286 4 2 1 1 4017 4469 4337 4784
7287 4 2 1 1 1150 1691 1690 4942
7288 4 2 1 1 1144 1166 1167 4269
7289 4 2 1 1 3215 4117 224 4893
7290 4 2 1 1 1518 1053 1240 5026
7291 4 2 1 1 493 494 3736 4884
7292 4 2 1 1 2417 2740 2418 4458
7293 4 2 1 1 3894 3987 4322 4456
7294 4 2 1 1 3878 4352 4261 4718
7295 4 2 1 1 2039 2040 2042 4636
7296 4 2 1 1 3333 3312 3318 4555
7297 4 2 1 1 1327 2795 66 831
7298 4 2 1 1 3935 4131 4023 4233
7299 4 2 1 1 4533 4656 4267 4809
7300 4 2 1 1 1582 1541 1547 4338
7301 4 2 1 1 4683 4954 3963 5080
7302 4 2 1 1 1702 1028 1023 5006
7303 4 2 1 1 654 655 4119 4285
7304 4 2 1 1 2802 4378 150 4982
7305 4 2 1 1 3935 4342 4343 4401
7306 4 2 1 1 96 1845 1834 4648
7307 4 2 1 1 662 3965 4046 4847
7308 4 2 1 1 2508 2507 1987 4571
7309 4 2 1 1 4168 4569 3856 4913
7310 4 2 1 1 138 4214 4577 4911
7311 4 2 1 1 3808 4323 4542 4690
7312 4 2 1 1 2373 4695 4127 4797
7313 4 2 1 1 2145 2124 4306 4642
7314 4 2 1 1 1855 4384 1856 4777
7315 4 2 1 1 82 4375 1734 4928
7316 4 2 1 1 4169 3951 4464 4656
7317 4 2 1 1 2742 4680 2193 4748
7318 4 2 1 1 3509 3506 335 4500
7319 4 2 1 1 851 849 850 4981
7320 4 2 1 1 3841 4545 4166 4968
7321 4 2 1 1 3010 4223 2996 5003
7322 4 2 1 1 468 4074 484 4258
7323 4 2 1 1 2878 3082 147 4982
7324 4 2 1 1 3844 3912 4107 4822
7325 4 2 1 1 721 806 4647 4832
7326 4 2 1 1 4159 3861 4551 5065
7327 4 2 1 1 831 834 835 4547
7328 4 2 1 1 3290 157 4569 4913
7329 4 2 1 1 239 3394 3396 5074
7330 4 2 1 1 4091 3904 4316 4946
7331 4 2 1 1 104 1854 105 4567
7332 4 2 1 1 3987 4403 4536 4863
7333 4 2 1 1 2936 2900 3045 4639
7334 4 2 1 1 4084 4155 2072 4257
7335 4 2 1 1 3181 3287 4192 4579
7336 4 2 1 1 4131 4525 3182 4862
7337 4 2 1 1 4025 4317 3896 4441
7338 4 2 1 1 3985 4502 4318 4583
7339 4 2 1 1 4170 3840 4541 4695
7340 4 2 1 1 1309 4454 3879 4589
7341 4 2 1 1 730 4846 728 4994
7342 4 2 1 1 481 466 482 4318
7343 4 2 1 1 481 465 466 4318
7344 4 2 1 1 3183 3187 3194 4289
7345 4 2 1 1 1114 1650 1642 5051
7346 4 2 1 1 431 4154 4057 4747
7347 4 2 1 1 3175 3169 4525 4778
7348 4 2 1 1 4396 4579 3160 4701
7349 4 2 1 1 13 10 9 3793
7350 4 2 1 1 1580 977 1227 5035
7351 4 2 1 1 4163 4538 364 4918
7352 4 2 1 1 3722 3723 3714 4132
7353 4 2 1 1 1413 829 4144 4857
7354 4 2 1 1 2228 2352 2232 4694
7355 4 2 1 1 1159 1160 1688 4892
7356 4 2 1 1 3845 3980 4075 4996
7357 4 2 1 1 192 4056 3111 4745
7358 4 2 1 1 739 742 720 3844
7359 4 2 1 1 3512 3515 3514 4849
7360 4 2 1 1 965 987 1226 4435
7361 4 2 1 1 4058 5030 4517 5031
7362 4 2 1 1 725 3851 734 4888
7363 4 2 1 1 1472 1471 1470 4200
7364 4 2 1 1 484 4258 4074 4425
7365 4 2 1 1 4487 4533 3042 4963
7366 4 2 1 1 3232 4337 3234 4469
7367 4 2 1 1 3850 4002 4761 4827
7368 4 2 1 1 3823 4453 3859 4969
7369 4 2 1 1 2373 1938 2281 4695
7370 4 2 1 1 2827 2837 2836 4111
7371 4 2 1 1 3927 3943 3861 4372
7372 4 2 1 1 3865 4594 4487 4648
7373 4 2 1 1 3832 4384 4306 4795
7374 4 2 1 1 3951 4464 4267 4721
7375 4 2 1 1 2140 4292 4515 4659
7376 4 2 1 1 2950 4283 2940 5024
7377 4 2 1 1 447 4012 4011 4265
7378 4 2 1 1 3838 4177 4465 5086
7379 4 2 1 1 3848 4306 3886 4895
7380 4 2 1 1 2607 2290 2287 4179
7381 4 2 1 1 613 641 539 5019
7382 4 2 1 1 785 797 810 4050
7383 4 2 1 1 179 3930 4165 4634
7384 4 2 1 1 1923 1922 1924 3797
7385 4 2 1 1 3817 4027 3986 4808
7386 4 2 1 1 1066 4217 4069 4480
7387 4 2 1 1 1921 2220 4494 5034
7388 4 2 1 1 315 4080 3500 4253
7389 4 2 1 1 796 3901 3966 4985
7390 4 2 1 1 2426 1949 2593 4680
7391 4 2 1 1 2816 2833 2812 4569
7392 4 2 1 1 3977 4360 4540 4624
7393 4 2 1 1 29 604 4723 4902
7394 4 2 1 1 1032 4440 4303 5073
7395 4 2 1 1 137 135 4825 4894
7396 4 2 1 1 2930 2986 3102 4272
7397 4 2 1 1 3170 3168 3304 4525
7398 4 2 1 1 235 3341 206 4613
7399 4 2 1 1 1955 4758 4453 5002
7400 4 2 1 1 2725 612 2671 4508
7401 4 2 1 1 3203 3204 3185 5043
7402 4 2 1 1 3929 3998 4753 4920
7403 4 2 1 1 4069 4217 4070 4480
7404 4 2 1 1 1490 4349 4252 4870
7405 4 2 1 1 1190 1571 1192 4498
7406 4 2 1 1 3807 4536 4846 4962
7407 4 2 1 1 4473 4653 937 4654
7408 4 2 1 1 3082 4600 4982 5074
7409 4 2 1 1 3597 3592 408 4320
7410 4 2 1 1 808 4299 787 4449
7411 4 2 1 1 809 3900 654 4013
7412 4 2 1 1 3511 3510 3509 4500
7413 4 2 1 1 2981 2980 3117 4250
7414 4 2 1 1 3974 4151 4093 4725
7415 4 2 1 1 3264 3243 3263 4811
7416 4 2 1 1 2808 2819 2815 4309
7417 4 2 1 1 3257 3367 4033 4564
7418 4 2 1 1 2851 2862 2864 4911
7419 4 2 1 1 3562 4102 4575 4975
7420 4 2 1 1 2287 2364 2198 4179
7421 4 2 1 1 1904 4281 4453 4795
7422 4 2 1 1 1989 2631 2438 4625
7423 4 2 1 1 3987 4166 4545 4968
7424 4 2 1 1 3630 22 3629 4877
7425 4 2 1 1 3375 3376 247 4634
7426 4 2 1 1 762 4675 775 4921
7427 4 2 1 1 3970 3885 4917 4952
7428 4 2 1 1 4170 4334 3993 4858
7429 4 2 1 1 1078 1079 1077 4949
7430 4 2 1 1 829 883 4836 4857
7431 4 2 1 1 756 801 593 790
7432 4 2 1 1 2592 2100 2728 4718
7433 4 2 1 1 735 723 4832 4965
7434 4 2 1 1 651 4647 3964 5059
7435 4 2 1 1 791 4265 4749 4885
7436 4 2 1 1 2082 2080 2651 4184
7437 4 2 1 1 2637 2518 2664 4198
7438 4 2 1 1 560 802 669 4299
7439 4 2 1 1 3526 3525 3513 4212
7440 4 2 1 1 784 805 818 4270
7441 4 2 1 1 3584 406 3583 4953
7442 4 2 1 1 2405 2283 1956 4686
7443 4 2 1 1 141 963 2794 4678
7444 4 2 1 1 367 1107 1410 1396
7445 4 2 1 1 3366 3301 3192 4783
7446 4 2 1 1 4244 3812 4779 4979
7447 4 2 1 1 612 2671 4508 4563
7448 4 2 1 1 4226 4695 4170 5040
7449 4 2 1 1 650 4491 613 4492
7450 4 2 1 1 2616 2431 1907 4616
7451 4 2 1 1 3119 2944 3030 4439
7452 4 2 1 1 2762 4142 2761 4242
7453 4 2 1 1 82 1734 81 4928
7454 4 2 1 1 668 648 3981 4989
7455 4 2 1 1 2850 131 133 4596
7456 4 2 1 1 807 575 699 4399
7457 4 2 1 1 2199 4659 1844 5002
7458 4 2 1 1 3954 3831 4003 4830
7459 4 2 1 1 3103 172 173 4529
7460 4 2 1 1 3850 4516 3827 5056
7461 4 2 1 1 2854 2869 129 4595
7462 4 2 1 1 694 692 693 4093
7463 4 2 1 1 4187 4982 4600 5074
7464 4 2 1 1 2137 1930 2055 4521
7465 4 2 1 1 1566 1551 1687 5045
7466 4 2 1 1 3961 3957 4830 5011
7467 4 2 1 1 1092 1511 1510 4200
7468 4 2 1 1 4214 4828 4411 5072
7469 4 2 1 1 3848 3948 3886 4143
7470 4 2 1 1 721 738 3852 5059
7471 4 2 1 1 2154 4083 4019 4300
7472 4 2 1 1 85 4242 4142 4470
7473 4 2 1 1 453 452 4344 4444
7474 4 2 1 1 3096 3052 3121 4880
7475 4 2 1 1 158 3326 3290 4569
7476 4 2 1 1 818 4270 805 4983
7477 4 2 1 1 1952 2513 2593 4681
7478 4 2 1 1 788 4011 3936 4984
7479 4 2 1 1 2518 2517 2519 4198
7480 4 2 1 1 4047 3905 4592 4885
7481 4 2 1 1 3305 4300 4162 4775
7482 4 2 1 1 3969 4093 707 4151
7483 4 2 1 1 1405 1421 1275 4834
7484 4 2 1 1 401 3605 402 4664
7485 4 2 1 1 429 4658 428 5052
7486 4 2 1 1 300 3454 301 4526
7487 4 2 1 1 4100 4280 3819 4716
7488 4 2 1 1 710 4006 701 4814
7489 4 2 1 1 4000 4180 3899 5052
7490 4 2 1 1 2019 4672 4196 4771
7491 4 2 1 1 3986 4262 3817 4808
7492 4 2 1 1 2262 2620 2274 4576
7493 4 2 1 1 201 3081 3097 5074
7494 4 2 1 1 4306 1853 4777 4895
7495 4 2 1 1 3923 4489 626 4640
7496 4 2 1 1 3876 4516 4077 4612
7497 4 2 1 1 1249 4772 4133 5072
7498 4 2 1 1 3852 4647 4050 4832
7499 4 2 1 1 3473 3472 3461 4206
7500 4 2 1 1 2373 1939 1938 4695
7501 4 2 1 1 2528 1987 2521 4793
7502 4 2 1 1 2436 2049 2050 5077
7503 4 2 1 1 1310 929 3879 4589
7504 4 2 1 1 3077 3076 3074 4623
7505 4 2 1 1 3171 3169 3170 4525
7506 4 2 1 1 3806 3999 4833 4855
7507 4 2 1 1 2408 4734 4239 4743
7508 4 2 1 1 3700 470 3694 4254
7509 4 2 1 1 598 4527 4045 4696
7510 4 2 1 1 434 4151 4290 4345
7511 4 2 1 1 1413 51 829 4857
7512 4 2 1 1 2248 4606 2242 4803
7513 4 2 1 1 2217 4924 1899 4925
7514 4 2 1 1 3948 4192 3886 4579
7515 4 2 1 1 4310 4548 3944 4617
7516 4 2 1 1 621 4045 3919 4696
7517 4 2 1 1 1098 1638 1639 4224
7518 4 2 1 1 4057 4154 3901 4747
7519 4 2 1 1 726 744 725 4812
7520 4 2 1 1 3181 3138 4579 4700
7521 4 2 1 1 2477 1899 1898 4925
7522 4 2 1 1 600 4657 4521 4933
7523 4 2 1 1 4403 4764 4536 4846
7524 4 2 1 1 3301 4783 3366 4811
7525 4 2 1 1 4158 4182 3968 4355
7526 4 2 1 1 143 141 2794 4678
7527 4 2 1 1 496 4502 4910 4914
7528 4 2 1 1 1987 4571 1986 4866
7529 4 2 1 1 3084 2952 2917 4890
7530 4 2 1 1 4226 4481 3885 4952
7531 4 2 1 1 704 711 687 4431
7532 4 2 1 1 1278 4403 597 4867
7533 4 2 1 1 682 707 703 3969
7534 4 2 1 1 3509 335 334 4500
7535 4 2 1 1 3541 264 3544 4826
7536 4 2 1 1 4679 4680 2151 4748
7537 4 2 1 1 1129 1124 1630 4581
7538 4 2 1 1 171 200 3097 4791
7539 4 2 1 1 3997 3857 4538 4866
7540 4 2 1 1 2728 2132 4718 5048
7541 4 2 1 1 1651 1652 1100 5051
7542 4 2 1 1 603 4046 601 4847
7543 4 2 1 1 803 4265 4104 5058
7544 4 2 1 1 2486 1907 2185 4616
7545 4 2 1 1 3913 4300 2428 4789
7546 4 2 1 1 3931 3856 4096 4614
7547 4 2 1 1 2968 4439 3087 4947
7548 4 2 1 1 802 4299 808 4983
7549 4 2 1 1 816 805 771 4983
7550 4 2 1 1 4068 4759 4452 5046
7551 4 2 1 1 3862 4807 4461 5065
7552 4 2 1 1 3096 3105 3050 4483
7553 4 2 1 1 729 4812 4537 4813
7554 4 2 1 1 2514 2611 2051 5077
7555 4 2 1 1 1642 1097 1638 5051
7556 4 2 1 1 611 612 2725 4508
7557 4 2 1 1 191 192 4056 4704
7558 4 2 1 1 3875 4510 4374 4754
7559 4 2 1 1 3484 3483 3480 4782
7560 4 2 1 1 2465 2469 2424 4406
7561 4 2 1 1 3816 4049 4214 4828
7562 4 2 1 1 3562 375 4102 4975
7563 4 2 1 1 3843 4543 4055 4644
7564 4 2 1 1 624 3923 626 4640
7565 4 2 1 1 3931 4569 2840 5087
7566 4 2 1 1 631 543 618 4259
7567 4 2 1 1 31 4353 3656 4354
7568 4 2 1 1 428 412 4285 4646
7569 4 2 1 1 127 2777 128 4762
7570 4 2 1 1 2278 1794 4164 4380
7571 4 2 1 1 1954 1904 1906 4795
7572 4 2 1 1 3809 4413 4461 4753
7573 4 2 1 1 2392 2393 2397 4398
7574 4 2 1 1 93 4389 3863 4688
7575 4 2 1 1 3174 3172 3173 4621
7576 4 2 1 1 3949 4256 3558 4393
7577 4 2 1 1 771 768 782 4983
7578 4 2 1 1 2650 2033 2411 4459
7579 4 2 1 1 4019 4402 4184 5047
7580 4 2 1 1 1411 1347 1380 5082
7581 4 2 1 1 1334 4090 1259 4313
7582 4 2 1 1 725 736 734 3851
7583 4 2 1 1 3927 4409 3861 5065
7584 4 2 1 1 2428 2071 3913 4789
7585 4 2 1 1 1111 4069 4505 4670
7586 4 2 1 1 274 3421 273 4402
7587 4 2 1 1 1204 1664 1437 5081
7588 4 2 1 1 785 4050 810 4832
7589 4 2 1 1 726 4537 4812 4962
7590 4 2 1 1 3922 4236 4040 4873
7591 4 2 1 1 1885 4284 2595 4551
7592 4 2 1 1 1009 4153 1063 5073
7593 4 2 1 1 2880 4160 2887 4709
7594 4 2 1 1 1800 2277 4330 4955
7595 4 2 1 1 4144 4322 4373 4836
7596 4 2 1 1 3981 4150 4110 4723
7597 4 2 1 1 1651 1650 1114 5051
7598 4 2 1 1 1198 1199 1655 4477
7599 4 2 1 1 612 4728 3966 4985
7600 4 2 1 1 629 4430 3933 4820
7601 4 2 1 1 3572 3571 3576 4386
7602 4 2 1 1 599 2533 2148 4515
7603 4 2 1 1 641 671 539 4492
7604 4 2 1 1 3825 3955 3864 4283
7605 4 2 1 1 1057 4408 1513 4922
7606 4 2 1 1 3672 452 3676 4344
7607 4 2 1 1 4417 4604 2925 4804
7608 4 2 1 1 1004 4547 1327 4818
7609 4 2 1 1 714 695 3974 4075
7610 4 2 1 1 3184 3197 3179 4987
7611 4 2 1 1 2648 2096 2606 4386
7612 4 2 1 1 3919 4527 4009 4693
7613 4 2 1 1 143 2794 963 4678
7614 4 2 1 1 3740 3749 3748 4251
7615 4 2 1 1 4127 4541 3840 4695
7616 4 2 1 1 2916 3055 3092 4602
7617 4 2 1 1 1658 1589 4146 4644
7618 4 2 1 1 797 3966 810 4050
7619 4 2 1 1 3039 4602 4267 4721
7620 4 2 1 1 1809 2188 4181 4679
7621 4 2 1 1 4434 4851 4394 4852
7622 4 2 1 1 1956 1848 1957 4481
7623 4 2 1 1 4110 4416 4107 4484
7624 4 2 1 1 4170 3993 4810 5040
7625 4 2 1 1 3506 3514 336 4849
7626 4 2 1 1 4081 4759 4780 4973
7627 4 2 1 1 4196 4496 2019 4771
7628 4 2 1 1 2958 4333 2941 4455
7629 4 2 1 1 498 4275 4130 4740
7630 4 2 1 1 3864 4702 3825 4940
7631 4 2 1 1 1859 2479 1861 5034
7632 4 2 1 1 2921 4604 4186 4769
7633 4 2 1 1 651 789 4013 4647
7634 4 2 1 1 756 776 765 4356
7635 4 2 1 1 3897 4838 4702 5068
7636 4 2 1 1 801 793 790 4356
7637 4 2 1 1 1901 1903 4281 4645
7638 4 2 1 1 4163 4197 3997 4918
7639 4 2 1 1 43 828 44 4540
7640 4 2 1 1 3599 3602 3586 4669
7641 4 2 1 1 4054 3918 4325 4769
7642 4 2 1 1 3939 4559 4280 5014
7643 4 2 1 1 4075 4420 4151 4796
7644 4 2 1 1 3932 4239 4736 4743
7645 4 2 1 1 2904 4126 4457 4651
7646 4 2 1 1 3833 4854 4346 5008
7647 4 2 1 1 1059 1056 1060 4856
7648 4 2 1 1 1195 1205 4232 4498
7649 4 2 1 1 1335 1322 3962 4905
7650 4 2 1 1 1504 1186 4440 4587
7651 4 2 1 1 3128 3129 4174 4598
7652 4 2 1 1 3132 4598 3133 4976
7653 4 2 1 1 3954 4308 4250 4899
7654 4 2 1 1 4091 4762 4344 4946
7655 4 2 1 1 932 4445 4070 4977
7656 4 2 1 1 560 649 787 4299
7657 4 2 1 1 3416 4123 227 4428
7658 4 2 1 1 3249 3256 3251 4564
7659 4 2 1 1 312 4053 220 4628
7660 4 2 1 1 3830 4899 4773 4900
7661 4 2 1 1 1364 1271 1298 4742
7662 4 2 1 1 3729 3725 487 4351
7663 4 2 1 1 816 771 782 4983
7664 4 2 1 1 3862 3876 4713 4831
7665 4 2 1 1 3031 3909 4029 4455
7666 4 2 1 1 2513 2147 2593 4329
7667 4 2 1 1 3808 4323 4690 4909
7668 4 2 1 1 4091 4268 3904 4946
7669 4 2 1 1 617 4822 636 4938
7670 4 2 1 1 560 669 649 4299
7671 4 2 1 1 3267 3271 3253 4382
7672 4 2 1 1 4549 4920 4219 4921
7673 4 2 1 1 2021 4106 2020 4672
7674 4 2 1 1 3900 4013 809 4295
7675 4 2 1 1 1569 1102 1101 5051
7676 4 2 1 1 760 761 758 4328
7677 4 2 1 1 708 4058 696 5031
7678 4 2 1 1 4032 4530 4361 4782
7679 4 2 1 1 4075 4151 3974 4796
7680 4 2 1 1 130 4595 4069 4596
7681 4 2 1 1 3899 4000 4931 4991
7682 4 2 1 1 3850 4077 4010 4078
7683 4 2 1 1 3027 3009 3028 5003
7684 4 2 1 1 1050 1051 1346 4480
7685 4 2 1 1 2203 4695 1938 5040
7686 4 2 1 1 4346 4785 4559 5008
7687 4 2 1 1 3197 4794 4007 4987
7688 4 2 1 1 621 4041 4052 4696
7689 4 2 1 1 1950 4393 2432 4497
7690 4 2 1 1 1199 1201 1635 5007
7691 4 2 1 1 1426 1363 1236 4872
7692 4 2 1 1 4121 2100 4718 4924
7693 4 2 1 1 4190 4341 3999 4607
7694 4 2 1 1 233 234 3419 4614
7695 4 2 1 1 631 618 4074 4259
7696 4 2 1 1 3947 4096 4095 4524
7697 4 2 1 1 356 366 3548 4860
7698 4 2 1 1 3703 4840 3706 4951
7699 4 2 1 1 3830 4427 4899 4900
7700 4 2 1 1 3369 3370 170 4791
7701 4 2 1 1 3337 3133 3129 4598
7702 4 2 1 1 4006 4318 4071 4608
7703 4 2 1 1 413 429 4295 4646
7704 4 2 1 1 3548 4460 356 4860
7705 4 2 1 1 1987 1984 4571 4866
7706 4 2 1 1 3838 4509 4433 5042
7707 4 2 1 1 1958 2504 1960 4754
7708 4 2 1 1 1792 1791 1793 4165
7709 4 2 1 1 3816 3922 3849 4175
7710 4 2 1 1 4067 4481 3885 4615
7711 4 2 1 1 4374 4603 4167 4720
7712 4 2 1 1 3787 4199 522 4638
7713 4 2 1 1 4124 4407 2898 4602
7714 4 2 1 1 795 799 4047 4728
7715 4 2 1 1 4289 4642 4364 4767
7716 4 2 1 1 3089 3074 3068 4623
7717 4 2 1 1 889 46 4730 4923
7718 4 2 1 1 2417 2051 2740 4458
7719 4 2 1 1 1807 1808 1809 4554
7720 4 2 1 1 3812 4167 4720 5008
7721 4 2 1 1 3139 3141 3140 4701
7722 4 2 1 1 3856 3931 3916 5087
7723 4 2 1 1 1557 1603 1552 4332
7724 4 2 1 1 1091 1487 1641 4493
7725 4 2 1 1 3709 4203 477 4400
7726 4 2 1 1 2175 2176 2717 4432
7727 4 2 1 1 3951 3897 4385 4673
7728 4 2 1 1 1915 1916 2688 4591
7729 4 2 1 1 1904 2567 2604 4789
7730 4 2 1 1 599 597 598 4696
7731 4 2 1 1 1135 1598 1597 4948
7732 4 2 1 1 1030 1026 1260 4959
7733 4 2 1 1 4020 4813 4376 5030
7734 4 2 1 1 1701 1005 1004 4818
7735 4 2 1 1 3250 3252 3285 4390
7736 4 2 1 1 2251 2239 2249 4744
7737 4 2 1 1 223 4391 3228 4893
7738 4 2 1 1 4027 4039 3944 4824
7739 4 2 1 1 4170 4487 4541 4809
7740 4 2 1 1 438 4354 439 5012
7741 4 2 1 1 1061 1062 605 5030
7742 4 2 1 1 3912 4363 4130 4822
7743 4 2 1 1 1828 1829 1826 4414
7744 4 2 1 1 2619 4292 1902 4659
7745 4 2 1 1 2101 4121 2098 5062
7746 4 2 1 1 3963 4060 4241 4446
7747 4 2 1 1 115 2749 116 4781
7748 4 2 1 1 2083 2089 2480 5047
7749 4 2 1 1 727 726 4722 4962
7750 4 2 1 1 3488 4361 320 4715
7751 4 2 1 1 406 3584 405 4953
7752 4 2 1 1 537 617 643 4938
7753 4 2 1 1 3963 3884 4060 4446
7754 4 2 1 1 4409 4534 4016 4612
7755 4 2 1 1 1994 1992 1993 5017
7756 4 2 1 1 3517 3510 4500 5004
7757 4 2 1 1 482 4318 4103 4502
7758 4 2 1 1 2370 2067 4599 5053
7759 4 2 1 1 149 4600 2849 4982
7760 4 2 1 1 1578 1260 1046 4959
7761 4 2 1 1 742 720 3844 4989
7762 4 2 1 1 948 1400 1404 4473
7763 4 2 1 1 3172 3292 4233 4342
7764 4 2 1 1 3064 3034 4377 4804
7765 4 2 1 1 3831 4668 4244 4779
7766 4 2 1 1 1203 1655 1559 4945
7767 4 2 1 1 787 649 559 3900
7768 4 2 1 1 345 2259 2267 5067
7769 4 2 1 1 3834 3882 4719 4971
7770 4 2 1 1 3915 4180 3900 4732
7771 4 2 1 1 750 554 757 4957
7772 4 2 1 1 4295 4506 4057 4732
7773 4 2 1 1 3321 3322 3323 4555
7774 4 2 1 1 3918 4917 3822 5068
7775 4 2 1 1 488 4351 3713 4504
7776 4 2 1 1 4056 4704 4606 4745
7777 4 2 1 1 3263 4811 4273 4896
7778 4 2 1 1 4157 4232 3849 4488
7779 4 2 1 1 4126 4439 4283 4947
7780 4 2 1 1 3859 4453 4281 4988
7781 4 2 1 1 3111 4056 4324 4745
7782 4 2 1 1 2231 4185 2234 4291
7783 4 2 1 1 626 4489 627 4874
7784 4 2 1 1 239 4152 3394 5074
7785 4 2 1 1 3901 4620 4057 4747
7786 4 2 1 1 688 543 631 4259
7787 4 2 1 1 2760 4665 4242 4752
7788 4 2 1 1 136 2856 138 4577
7789 4 2 1 1 3924 4114 4150 4723
7790 4 2 1 1 2045 2434 4637 4758
7791 4 2 1 1 621 615 620 4696
7792 4 2 1 1 887 888 826 5046
7793 4 2 1 1 684 699 575 4399
7794 4 2 1 1 3486 3489 4530 4715
7795 4 2 1 1 4197 3997 4918 5078
7796 4 2 1 1 598 19 470 15
7797 4 2 1 1 3338 3131 3132 4976
7798 4 2 1 1 1333 1654 1189 4875
7799 4 2 1 1 1915 1909 1908 4346
7800 4 2 1 1 2215 2624 4635 4939
7801 4 2 1 1 4122 4762 4091 4898
7802 4 2 1 1 1255 892 1613 4772
7803 4 2 1 1 4261 4643 4386 4848
7804 4 2 1 1 3071 4223 3118 4553
7805 4 2 1 1 1640 1643 1644 4224
7806 4 2 1 1 345 2558 4999 5067
7807 4 2 1 1 1297 1299 1315 4856
7808 4 2 1 1 1247 4844 4662 5038
7809 4 2 1 1 1925 1923 1924 3797
7810 4 2 1 1 4151 4182 3969 4725
7811 4 2 1 1 3140 3138 3139 4700
7812 4 2 1 1 3744 501 4484 4901
7813 4 2 1 1 2124 2125 2145 4306
7814 4 2 1 1 843 4266 1281 4590
7815 4 2 1 1 2540 4459 2542 4967
7816 4 2 1 1 3926 3927 4371 4807
7817 4 2 1 1 766 769 761 4288
7818 4 2 1 1 705 714 697 4357
7819 4 2 1 1 3201 3200 233 4524
7820 4 2 1 1 518 519 4114 4544
7821 4 2 1 1 846 4266 843 4817
7822 4 2 1 1 917 4666 1654 4875
7823 4 2 1 1 796 794 4649 4985
7824 4 2 1 1 2175 2172 2183 4432
7825 4 2 1 1 627 4489 639 4874
7826 4 2 1 1 1593 973 974 4451
7827 4 2 1 1 1402 1403 927 5055
7828 4 2 1 1 2537 2545 1952 4681
7829 4 2 1 1 695 4075 706 4345
7830 4 2 1 1 4282 4333 4028 5029
7831 4 2 1 1 3942 4806 4773 4831
7832 4 2 1 1 3207 3302 4336 4598
7833 4 2 1 1 799 4728 797 4845
7834 4 2 1 1 1865 2338 2511 4684
7835 4 2 1 1 3487 3498 4253 4782
7836 4 2 1 1 3252 4033 4155 4390
7837 4 2 1 1 893 136 4214 4311
7838 4 2 1 1 3826 3916 3948 4895
7839 4 2 1 1 2910 4211 4457 4907
7840 4 2 1 1 3930 3970 3885 4553
7841 4 2 1 1 1328 4759 609 4780
7842 4 2 1 1 345 355 4245 5067
7843 4 2 1 1 388 3579 387 4643
7844 4 2 1 1 3980 4420 4026 4572
7845 4 2 1 1 3520 4213 3516 4687
7846 4 2 1 1 1885 2735 1886 4735
7847 4 2 1 1 763 760 4231 4675
7848 4 2 1 1 293 4145 4108 4531
7849 4 2 1 1 203 4111 4600 5074
7850 4 2 1 1 3642 3649 117 4353
7851 4 2 1 1 1223 4474 1219 4580
7852 4 2 1 1 4342 4401 3935 4621
7853 4 2 1 1 3250 4390 3259 4896
7854 4 2 1 1 743 737 722 3867
7855 4 2 1 1 859 1265 877 4546
7856 4 2 1 1 3114 3038 2920 4419
7857 4 2 1 1 2918 4385 4724 4907
7858 4 2 1 1 3881 3943 3926 5020
7859 4 2 1 1 3674 3676 3663 4344
7860 4 2 1 1 4138 4726 4376 5030
7861 4 2 1 1 3323 218 3333 5028
7862 4 2 1 1 155 2808 2799 4913
7863 4 2 1 1 3827 4341 4607 5056
7864 4 2 1 1 604 602 4097 4847
7865 4 2 1 1 4011 4012 448 4345
7866 4 2 1 1 4785 4979 3960 5014
7867 4 2 1 1 4004 3849 4090 4552
7868 4 2 1 1 3062 3026 3025 4733
7869 4 2 1 1 686 4011 3969 4345
7870 4 2 1 1 3346 3230 3174 4621
7871 4 2 1 1 2426 2147 2116 4329
7872 4 2 1 1 3760 506 4348 4682
7873 4 2 1 1 128 2780 127 4762
7874 4 2 1 1 1242 1240 1243 4310
7875 4 2 1 1 697 714 693 4738
7876 4 2 1 1 3832 3886 4306 4777
7877 4 2 1 1 1515 4061 1422 4756
7878 4 2 1 1 794 792 793 4609
7879 4 2 1 1 3837 4433 4509 5042
7880 4 2 1 1 2972 4882 4134 5085
7881 4 2 1 1 1745 2066 4478 4599
7882 4 2 1 1 230 3334 231 4096
7883 4 2 1 1 421 420 3606 4877
7884 4 2 1 1 2173 2175 2717 4432
7885 4 2 1 1 2907 2908 2906 4457
7886 4 2 1 1 669 653 656 4392
7887 4 2 1 1 1119 1492 1425 4252
7888 4 2 1 1 1306 1617 1341 4479
7889 4 2 1 1 2609 4797 1958 4952
7890 4 2 1 1 858 859 857 4546
7891 4 2 1 1 2160 2630 2481 4365
7892 4 2 1 1 3155 3157 4171 4841
7893 4 2 1 1 2201 4851 4316 4853
7894 4 2 1 1 1488 1462 1465 4765
7895 4 2 1 1 3727 3729 3716 4351
7896 4 2 1 1 2714 2705 2171 5050
7897 4 2 1 1 198 3059 197 5039
7898 4 2 1 1 3894 4144 4322 4373
7899 4 2 1 1 445 446 4708 5058
7900 4 2 1 1 4033 4162 4084 4384
7901 4 2 1 1 4166 4456 4545 4912
7902 4 2 1 1 3891 4064 3939 4280
7903 4 2 1 1 3241 3240 3239 4632
7904 4 2 1 1 3445 3440 292 4531
7905 4 2 1 1 2207 373 384 2581
7906 4 2 1 1 1053 4586 4310 5026
7907 4 2 1 1 4375 4902 1836 4928
7908 4 2 1 1 2556 2558 2268 4999
7909 4 2 1 1 606 5030 4726 5031
7910 4 2 1 1 3722 3732 4132 5033
7911 4 2 1 1 3216 3215 3217 4401
7912 4 2 1 1 2166 2169 4035 5050
7913 4 2 1 1 2151 4680 2742 4748
7914 4 2 1 1 3899 4470 3839 4931
7915 4 2 1 1 237 3326 238 4569
7916 4 2 1 1 3561 373 374 4975
7917 4 2 1 1 4229 4850 3855 4990
7918 4 2 1 1 3228 4391 4442 4893
7919 4 2 1 1 803 3936 788 4265
7920 4 2 1 1 700 4103 4006 4318
7921 4 2 1 1 1881 1733 2201 4316
7922 4 2 1 1 4214 4311 3988 4828
7923 4 2 1 1 3378 4633 3377 4634
7924 4 2 1 1 599 4052 597 4696
7925 4 2 1 1 662 4046 658 4847
7926 4 2 1 1 3779 3777 3781 4199
7927 4 2 1 1 1193 1664 1204 5081
7928 4 2 1 1 4453 4969 4795 4988
7929 4 2 1 1 4367 4763 4024 4764
7930 4 2 1 1 792 3905 795 4885
7931 4 2 1 1 1661 4986 877 5069
7932 4 2 1 1 2861 4405 2874 4597
7933 4 2 1 1 1309 1308 3879 4454
7934 4 2 1 1 4433 4509 3887 4919
7935 4 2 1 1 2302 2341 2544 4677
7936 4 2 1 1 2918 4385 2988 4724
7937 4 2 1 1 1212 1211 1213 4426
7938 4 2 1 1 4410 4933 4042 4936
7939 4 2 1 1 2149 4521 600 4657
7940 4 2 1 1 3806 4699 4410 4833
7941 4 2 1 1 3878 4386 4261 4643
7942 4 2 1 1 2427 4140 603 4560
7943 4 2 1 1 140 4214 3922 4834
7944 4 2 1 1 3918 4186 4021 4417
7945 4 2 1 1 4073 4801 4717 4960
7946 4 2 1 1 1823 1824 4256 4393
7947 4 2 1 1 3870 3917 3891 4064
7948 4 2 1 1 3879 4473 1312 4589
7949 4 2 1 1 4610 4649 3929 5037
7950 4 2 1 1 2898 4407 4124 4639
7951 4 2 1 1 4164 4681 2537 4955
7952 4 2 1 1 3191 3190 3158 4841
7953 4 2 1 1 1278 897 1629 4403
7954 4 2 1 1 3690 3692 467 4608
7955 4 2 1 1 3224 3223 3227 4442
7956 4 2 1 1 2046 4188 4637 4758
7957 4 2 1 1 25 4360 885 4540
7958 4 2 1 1 3059 198 2957 5039
7959 4 2 1 1 734 4888 3851 4984
7960 4 2 1 1 1888 2279 4082 4735
7961 4 2 1 1 2408 1886 4239 4735
7962 4 2 1 1 345 4698 2259 5067
7963 4 2 1 1 3624 3620 417 4752
7964 4 2 1 1 618 685 710 4814
7965 4 2 1 1 521 3781 3777 4199
7966 4 2 1 1 3066 4312 3064 4377
7967 4 2 1 1 389 3579 388 4643
7968 4 2 1 1 2927 2932 3048 4804
7969 4 2 1 1 3084 2917 4651 4890
7970 4 2 1 1 369 1481 1463 1467
7971 4 2 1 1 39 4437 608 4725
7972 4 2 1 1 3492 3489 3496 4530
7973 4 2 1 1 3272 4018 4469 4632
7974 4 2 1 1 1477 1478 1479 4200
7975 4 2 1 1 1432 1179 1185 4650
7976 4 2 1 1 3822 3897 4702 5068
7977 4 2 1 1 557 651 677 4647
7978 4 2 1 1 926 929 1499 4589
7979 4 2 1 1 3268 3362 3270 4775
7980 4 2 1 1 817 4449 3901 4649
7981 4 2 1 1 542 618 710 4814
7982 4 2 1 1 4133 4697 4411 4772
7983 4 2 1 1 616 544 631 4691
7984 4 2 1 1 2928 2927 4804 4934
7985 4 2 1 1 3841 4166 4545 4912
7986 4 2 1 1 3825 4576 3864 4940
7987 4 2 1 1 4102 4329 3871 4575
7988 4 2 1 1 948 1318 1570 4473
7989 4 2 1 1 1637 1113 4200 4756
7990 4 2 1 1 2474 4324 4056 4744
7991 4 2 1 1 2514 4458 2417 5077
7992 4 2 1 1 500 4065 4107 4161
7993 4 2 1 1 3906 4132 4098 4914
7994 4 2 1 1 3129 3131 4174 4976
7995 4 2 1 1 2122 4434 611 4508
7996 4 2 1 1 788 4011 686 4012
7997 4 2 1 1 3897 3822 4917 5068
7998 4 2 1 1 2500 213 1781 1779
7999 4 2 1 1 3159 3331 3145 4486
8000 4 2 1 1 4612 4711 4699 5056
8001 4 2 1 1 1557 1544 1558 4332
8002 4 2 1 1 3149 4297 3213 4790
8003 4 2 1 1 4240 4482 4367 4763
8004 4 2 1 1 2110 4246 2116 4585
8005 4 2 1 1 3451 3452 248 4584
8006 4 2 1 1 139 4435 141 4887
8007 4 2 1 1 1785 1787 1786 4300
8008 4 2 1 1 4079 4612 3850 4711
8009 4 2 1 1 249 3477 4276 4526
8010 4 2 1 1 1062 4376 606 5030
8011 4 2 1 1 1786 1785 4300 4792
8012 4 2 1 1 505 3760 4348 4518
8013 4 2 1 1 3827 4607 4190 4889
8014 4 2 1 1 1268 1269 4570 4588
8015 4 2 1 1 1948 4679 1830 4681
8016 4 2 1 1 87 1733 88 4946
8017 4 2 1 1 1336 3962 1342 4479
8018 4 2 1 1 4287 4401 3216 4557
8019 4 2 1 1 4238 4551 4437 5013
8020 4 2 1 1 885 4360 828 4540
8021 4 2 1 1 1885 4284 4304 4735
8022 4 2 1 1 655 656 657 4347
8023 4 2 1 1 3293 3294 3295 4611
8024 4 2 1 1 1932 1930 2657 4335
8025 4 2 1 1 3897 4054 3951 4385
8026 4 2 1 1 3886 4306 4777 4895
8027 4 2 1 1 1145 1144 1147 4942
8028 4 2 1 1 4139 4661 3914 4949
8029 4 2 1 1 1031 1030 1360 5069
8030 4 2 1 1 3965 4631 4321 4760
8031 4 2 1 1 2507 2015 1986 4571
8032 4 2 1 1 1737 4485 4389 4663
8033 4 2 1 1 853 882 851 5032
8034 4 2 1 1 463 4265 4572 4573
8035 4 2 1 1 2275 2532 2276 5000
8036 4 2 1 1 4186 4724 2921 4769
8037 4 2 1 1 2850 133 2870 4894
8038 4 2 1 1 26 3743 25 4348
8039 4 2 1 1 3643 3635 3644 4353
8040 4 2 1 1 3735 3734 12 4504
8041 4 2 1 1 3100 3041 3040 4533
8042 4 2 1 1 847 1710 4580 4817
8043 4 2 1 1 3828 3872 4768 4995
8044 4 2 1 1 3256 3298 3343 4564
8045 4 2 1 1 656 664 657 4347
8046 4 2 1 1 4241 3963 4954 5080
8047 4 2 1 1 4038 4175 4157 4993
8048 4 2 1 1 1929 1930 2137 4521
8049 4 2 1 1 2971 2985 189 4227
8050 4 2 1 1 4050 4647 810 4832
8051 4 2 1 1 4251 4518 3754 4624
8052 4 2 1 1 3695 480 3705 4879
8053 4 2 1 1 1014 1017 1579 4986
8054 4 2 1 1 3866 4429 3945 4838
8055 4 2 1 1 2722 2436 2050 5077
8056 4 2 1 1 1616 1057 1270 4922
8057 4 2 1 1 4734 4736 4239 4743
8058 4 2 1 1 2905 2906 2917 4651
8059 4 2 1 1 4102 4067 4329 4585
8060 4 2 1 1 3523 344 343 5004
8061 4 2 1 1 1911 2709 4510 4854
8062 4 2 1 1 2428 2155 2071 4789
8063 4 2 1 1 3215 3214 225 3877
8064 4 2 1 1 448 434 3651 4290
8065 4 2 1 1 3397 4083 4019 4402
8066 4 2 1 1 4134 4429 4788 4838
8067 4 2 1 1 1142 1140 1139 4269
8068 4 2 1 1 1403 4133 4772 5055
8069 4 2 1 1 4161 4275 617 4822
8070 4 2 1 1 3204 3297 3211 5043
8071 4 2 1 1 3956 4861 4465 5086
8072 4 2 1 1 133 1366 135 4201
8073 4 2 1 1 721 4647 746 5059
8074 4 2 1 1 116 2752 115 4781
8075 4 2 1 1 3479 4276 304 4387
8076 4 2 1 1 3682 4444 4122 4762
8077 4 2 1 1 3536 4593 3537 4704
8078 4 2 1 1 3628 431 430 4506
8079 4 2 1 1 626 627 4640 4874
8080 4 2 1 1 1881 4316 2201 4786
8081 4 2 1 1 405 3604 406 4953
8082 4 2 1 1 4107 4161 617 4822
8083 4 2 1 1 3025 2886 3112 4733
8084 4 2 1 1 2063 4196 4209 4460
8085 4 2 1 1 3091 195 3090 4029
8086 4 2 1 1 843 4266 4236 4817
8087 4 2 1 1 3831 4605 4229 4779
8088 4 2 1 1 131 133 4596 5044
8089 4 2 1 1 2140 4292 1893 4843
8090 4 2 1 1 2079 2480 2126 5047
8091 4 2 1 1 256 3503 263 4361
8092 4 2 1 1 246 245 3420 4633
8093 4 2 1 1 1265 860 865 4546
8094 4 2 1 1 3535 3534 3540 5067
8095 4 2 1 1 4219 3804 4549 4675
8096 4 2 1 1 1472 1474 1475 4200
8097 4 2 1 1 4134 4250 3946 5061
8098 4 2 1 1 488 487 4351 4504
8099 4 2 1 1 559 649 654 3900
8100 4 2 1 1 657 4094 4347 4941
8101 4 2 1 1 4516 4612 4341 5056
8102 4 2 1 1 293 3439 3445 4531
8103 4 2 1 1 803 3936 4265 5058
8104 4 2 1 1 4267 4464 3951 4656
8105 4 2 1 1 4167 3812 4563 5008
8106 4 2 1 1 2328 2324 2326 4714
8107 4 2 1 1 2708 4306 1853 4777
8108 4 2 1 1 950 136 2787 893
8109 4 2 1 1 3833 4167 4854 5008
8110 4 2 1 1 4308 4773 3881 4899
8111 4 2 1 1 954 1225 957 4644
8112 4 2 1 1 1085 1422 1634 4756
8113 4 2 1 1 3814 3807 4545 4968
8114 4 2 1 1 3673 3670 3669 4122
8115 4 2 1 1 2049 4496 2032 5077
8116 4 2 1 1 2521 4123 1982 4793
8117 4 2 1 1 4235 4594 3865 4883
8118 4 2 1 1 3695 3705 4203 4879
8119 4 2 1 1 796 3901 798 3966
8120 4 2 1 1 1344 1243 1241 4617
8121 4 2 1 1 758 769 750 4234
8122 4 2 1 1 3985 4502 3906 4503
8123 4 2 1 1 3698 3697 3700 4327
8124 4 2 1 1 824 822 4518 4540
8125 4 2 1 1 2156 1864 93 4688
8126 4 2 1 1 697 4738 709 4739
8127 4 2 1 1 45 2755 2754 4148
8128 4 2 1 1 2062 2029 4196 4460
8129 4 2 1 1 4611 3859 4919 4988
8130 4 2 1 1 923 58 134 2785
8131 4 2 1 1 2091 4019 5047 5048
8132 4 2 1 1 537 643 678 4938
8133 4 2 1 1 926 1499 925 4589
8134 4 2 1 1 2482 4462 2349 4591
8135 4 2 1 1 1119 1490 4061 4252
8136 4 2 1 1 183 3079 3089 4971
8137 4 2 1 1 700 4006 685 4318
8138 4 2 1 1 2893 2894 4333 4601
8139 4 2 1 1 370 1162 1689 1173
8140 4 2 1 1 1268 1040 1041 4588
8141 4 2 1 1 411 4285 4241 5080
8142 4 2 1 1 3883 4759 4068 5046
8143 4 2 1 1 142 144 2795 4547
8144 4 2 1 1 3279 3195 3938 4794
8145 4 2 1 1 1355 4587 1016 4986
8146 4 2 1 1 894 4236 4228 4834
8147 4 2 1 1 3845 4609 4399 4749
8148 4 2 1 1 1569 1395 1353 4629
8149 4 2 1 1 738 5023 3852 5059
8150 4 2 1 1 2400 2087 2387 4421
8151 4 2 1 1 3650 3646 3648 4355
8152 4 2 1 1 429 4646 428 4658
8153 4 2 1 1 3394 201 3396 5074
8154 4 2 1 1 927 4589 4133 5055
8155 4 2 1 1 2334 2338 2345 4684
8156 4 2 1 1 2905 4457 2906 4651
8157 4 2 1 1 89 1735 90 4966
8158 4 2 1 1 3817 3986 4027 4968
8159 4 2 1 1 2247 2259 2260 4245
8160 4 2 1 1 3332 3152 4366 4841
8161 4 2 1 1 4415 4570 1269 4588
8162 4 2 1 1 3823 3832 4453 4969
8163 4 2 1 1 1349 1350 1303 4629
8164 4 2 1 1 661 4097 3924 4150
8165 4 2 1 1 654 649 655 3900
8166 4 2 1 1 3816 3811 4049 4828
8167 4 2 1 1 2108 2106 2192 4246
8168 4 2 1 1 4104 4592 4047 5058
8169 4 2 1 1 4006 4009 3867 4814
8170 4 2 1 1 1205 918 1262 4666
8171 4 2 1 1 4067 4102 3875 4585
8172 4 2 1 1 653 675 664 4392
8173 4 2 1 1 1613 610 609 4973
8174 4 2 1 1 179 180 3101 4634
8175 4 2 1 1 2349 4118 4462 4660
8176 4 2 1 1 657 659 658 4094
8177 4 2 1 1 2173 2172 2175 4432
8178 4 2 1 1 1317 4473 4133 4589
8179 4 2 1 1 723 785 4832 4845
8180 4 2 1 1 1680 1677 1143 4269
8181 4 2 1 1 839 4547 835 4873
8182 4 2 1 1 1364 3928 4362 4742
8183 4 2 1 1 4379 4689 3835 4909
8184 4 2 1 1 2112 2109 2111 4365
8185 4 2 1 1 2945 3103 173 4529
8186 4 2 1 1 179 3930 3061 4165
8187 4 2 1 1 3831 4830 4773 4831
8188 4 2 1 1 4690 4889 4323 5057
8189 4 2 1 1 622 634 3919 4009
8190 4 2 1 1 3969 4151 707 4345
8191 4 2 1 1 1229 1552 1603 4332
8192 4 2 1 1 1359 861 4546 4707
8193 4 2 1 1 2375 2377 2084 4225
8194 4 2 1 1 3042 4533 4487 4809
8195 4 2 1 1 3861 4534 3860 4635
8196 4 2 1 1 2488 1830 1808 4679
8197 4 2 1 1 3006 3007 3005 4656
8198 4 2 1 1 1919 2504 2710 4754
8199 4 2 1 1 3906 4864 4566 4936
8200 4 2 1 1 4223 4464 4054 5003
8201 4 2 1 1 1897 2677 2678 4189
8202 4 2 1 1 240 4614 3417 4676
8203 4 2 1 1 3065 3034 3113 4377
8204 4 2 1 1 3757 3758 499 4901
8205 4 2 1 1 1864 4389 93 4688
8206 4 2 1 1 976 1232 1560 5035
8207 4 2 1 1 4215 4324 2883 4599
8208 4 2 1 1 616 642 629 4430
8209 4 2 1 1 2633 2692 1790 4165
8210 4 2 1 1 3866 4134 4429 5061
8211 4 2 1 1 1229 1603 977 5035
8212 4 2 1 1 1767 1764 2282 4447
8213 4 2 1 1 722 710 701 4814
8214 4 2 1 1 3991 3848 4289 4790
8215 4 2 1 1 3207 3205 3202 4336
8216 4 2 1 1 3215 4287 4002 4401
8217 4 2 1 1 4197 5077 4771 5078
8218 4 2 1 1 2491 2345 2338 4684
8219 4 2 1 1 3951 4054 4464 4673
8220 4 2 1 1 3925 4307 4113 4308
8221 4 2 1 1 3695 3687 3696 4203
8222 4 2 1 1 3898 4466 4205 4640
8223 4 2 1 1 1975 2059 2617 4829
8224 4 2 1 1 470 4527 4254 4840
8225 4 2 1 1 4192 4390 3286 4674
8226 4 2 1 1 4413 4609 3905 4610
8227 4 2 1 1 3160 3140 3142 4701
8228 4 2 1 1 609 611 4047 4728
8229 4 2 1 1 1327 835 839 4547
8230 4 2 1 1 356 4196 366 4860
8231 4 2 1 1 2334 2345 2346 4684
8232 4 2 1 1 663 664 647 4941
8233 4 2 1 1 674 563 667 5023
8234 4 2 1 1 3208 4524 3302 4598
8235 4 2 1 1 2023 4196 4106 4209
8236 4 2 1 1 233 4524 234 4614
8237 4 2 1 1 4235 167 4883 4982
8238 4 2 1 1 3080 3046 2877 4982
8239 4 2 1 1 1512 1482 1511 4200
8240 4 2 1 1 4188 4335 3877 4761
8241 4 2 1 1 3976 4243 3923 5019
8242 4 2 1 1 1018 1037 1036 4587
8243 4 2 1 1 1185 1381 1432 4650
8244 4 2 1 1 2409 4568 2266 4743
8245 4 2 1 1 4593 4606 4116 4803
8246 4 2 1 1 1070 1069 1071 4927
8247 4 2 1 1 314 4371 330 4974
8248 4 2 1 1 3572 4261 3576 4848
8249 4 2 1 1 450 4345 464 4420
8250 4 2 1 1 95 1845 4485 4663
8251 4 2 1 1 4520 4534 3860 4711
8252 4 2 1 1 3892 4397 4375 4928
8253 4 2 1 1 4002 4401 4343 4442
8254 4 2 1 1 3947 4174 3978 4674
8255 4 2 1 1 3397 214 4019 4083
8256 4 2 1 1 140 2851 142 4911
8257 4 2 1 1 2777 127 2778 4762
8258 4 2 1 1 4154 4618 4050 4747
8259 4 2 1 1 3881 3925 4113 4308
8260 4 2 1 1 450 4151 4345 4420
8261 4 2 1 1 2033 2670 2410 4967
8262 4 2 1 1 796 4649 3901 4985
8263 4 2 1 1 4011 4012 788 4265
8264 4 2 1 1 3722 3726 3723 4132
8265 4 2 1 1 1604 1705 942 4905
8266 4 2 1 1 1982 4123 1984 4997
8267 4 2 1 1 3074 4623 3076 4880
8268 4 2 1 1 701 696 708 4058
8269 4 2 1 1 3335 3916 3275 5043
8270 4 2 1 1 4127 4663 4541 4695
8271 4 2 1 1 1420 1421 1321 4214
8272 4 2 1 1 560 787 802 4299
8273 4 2 1 1 3815 4521 4042 4933
8274 4 2 1 1 4124 3950 4407 4602
8275 4 2 1 1 3952 4069 3953 4596
8276 4 2 1 1 4289 4364 4030 4494
8277 4 2 1 1 2273 4535 4499 4805
8278 4 2 1 1 3977 4360 4319 4540
8279 4 2 1 1 2477 2677 1897 4189
8280 4 2 1 1 972 971 973 4552
8281 4 2 1 1 3824 4541 3950 4940
8282 4 2 1 1 3064 4377 4312 4804
8283 4 2 1 1 96 2835 95 4485
8284 4 2 1 1 4038 4678 4435 4887
8285 4 2 1 1 4143 4396 3289 4701
8286 4 2 1 1 1127 1132 1128 4582
8287 4 2 1 1 4089 4371 4172 4859
8288 4 2 1 1 1033 1032 1011 4440
8289 4 2 1 1 2868 141 143 4887
8290 4 2 1 1 2402 2288 2310 4179
8291 4 2 1 1 3986 4650 4027 4968
8292 4 2 1 1 4255 4751 4000 5052
8293 4 2 1 1 3628 431 4506 4878
8294 4 2 1 1 4050 4731 3852 4832
8295 4 2 1 1 3091 2962 3053 4455
8296 4 2 1 1 1144 1167 1147 4942
8297 4 2 1 1 1329 4360 4363 4624
8298 4 2 1 1 2930 3096 2986 4272
8299 4 2 1 1 3913 4162 4084 4300
8300 4 2 1 1 1190 4475 1571 4498
8301 4 2 1 1 795 797 4728 4985
8302 4 2 1 1 801 812 793 4356
8303 4 2 1 1 3979 4727 4190 4889
8304 4 2 1 1 2740 2051 2416 4458
8305 4 2 1 1 3827 4607 4249 5056
8306 4 2 1 1 2477 4189 1897 4645
8307 4 2 1 1 559 654 809 3900
8308 4 2 1 1 2886 4522 3112 4733
8309 4 2 1 1 684 4399 786 4749
8310 4 2 1 1 4197 4496 3553 4860
8311 4 2 1 1 3814 4545 3841 4968
8312 4 2 1 1 3756 3744 4484 4819
8313 4 2 1 1 479 4561 4517 4879
8314 4 2 1 1 2235 2234 2233 4418
8315 4 2 1 1 2078 2669 2731 4412
8316 4 2 1 1 3864 4125 4124 4126
8317 4 2 1 1 2041 2039 2587 4636
8318 4 2 1 1 4163 4197 3553 4860
8319 4 2 1 1 519 503 4150 4723
8320 4 2 1 1 3307 3280 3277 4778
8321 4 2 1 1 4376 4813 4138 5030
8322 4 2 1 1 2953 2954 4293 4788
8323 4 2 1 1 4385 4673 4125 4907
8324 4 2 1 1 3756 3744 501 4484
8325 4 2 1 1 1863 4767 4494 5034
8326 4 2 1 1 765 774 4356 4921
8327 4 2 1 1 3060 2938 4417 4422
8328 4 2 1 1 824 820 822 4540
8329 4 2 1 1 3961 4830 3854 4831
8330 4 2 1 1 3854 4713 4831 5084
8331 4 2 1 1 3846 3891 3890 4051
8332 4 2 1 1 3259 3261 3248 4896
8333 4 2 1 1 718 723 724 4845
8334 4 2 1 1 4157 4547 4040 4873
8335 4 2 1 1 4249 4889 3827 5086
8336 4 2 1 1 762 765 4549 4921
8337 4 2 1 1 2680 4123 1984 4866
8338 4 2 1 1 3135 3287 3288 4976
8339 4 2 1 1 3490 3489 3482 4715
8340 4 2 1 1 4333 4601 2894 4602
8341 4 2 1 1 3860 4424 4335 4761
8342 4 2 1 1 648 732 4641 4989
8343 4 2 1 1 1948 2593 1949 4680
8344 4 2 1 1 3848 3893 3823 4007
8345 4 2 1 1 2117 1918 2273 4805
8346 4 2 1 1 3656 4353 441 4354
8347 4 2 1 1 3901 4449 4370 4649
8348 4 2 1 1 1958 4535 4754 4952
8349 4 2 1 1 3268 3270 4162 4775
8350 4 2 1 1 2854 2874 4595 4596
8351 4 2 1 1 2870 135 2855 4894
8352 4 2 1 1 3195 4289 3938 4794
8353 4 2 1 1 4626 4641 3965 5023
8354 4 2 1 1 1677 1676 1143 4269
8355 4 2 1 1 3669 3679 461 4495
8356 4 2 1 1 1277 999 884 4322
8357 4 2 1 1 3896 4956 4482 4964
8358 4 2 1 1 801 784 812 5037
8359 4 2 1 1 2042 4636 2043 4637
8360 4 2 1 1 3161 3196 3328 4987
8361 4 2 1 1 793 792 786 4609
8362 4 2 1 1 648 4641 3981 4989
8363 4 2 1 1 1201 1227 1228 4477
8364 4 2 1 1 939 938 937 4653
8365 4 2 1 1 2221 2059 2220 4494
8366 4 2 1 1 2751 4781 2748 4966
8367 4 2 1 1 3603 3604 405 4953
8368 4 2 1 1 2794 1575 67 143
8369 4 2 1 1 3732 496 3722 4502
8370 4 2 1 1 4039 4435 3944 4824
8371 4 2 1 1 4238 4551 5013 5065
8372 4 2 1 1 3694 4254 15 4327
8373 4 2 1 1 2732 2078 2731 4412
8374 4 2 1 1 1259 1580 1227 4090
8375 4 2 1 1 3905 4609 4413 4852
8376 4 2 1 1 690 691 689 4423
8377 4 2 1 1 3748 3749 3752 4251
8378 4 2 1 1 1986 4571 2015 4866
8379 4 2 1 1 2026 2027 2034 4209
8380 4 2 1 1 989 995 988 5038
8381 4 2 1 1 104 103 4567 5087
8382 4 2 1 1 2066 4215 1743 4478
8383 4 2 1 1 1909 4346 1915 4854
8384 4 2 1 1 3981 673 4110 4150
8385 4 2 1 1 2138 4364 2054 4767
8386 4 2 1 1 3778 3775 3774 4195
8387 4 2 1 1 767 752 779 4550
8388 4 2 1 1 83 2761 2762 4142
8389 4 2 1 1 1224 4376 1365 4980
8390 4 2 1 1 2915 4407 4126 4439
8391 4 2 1 1 795 792 794 3905
8392 4 2 1 1 597 1278 1629 4403
8393 4 2 1 1 3137 4598 4336 4700
8394 4 2 1 1 2111 4365 2109 4585
8395 4 2 1 1 4027 4128 4039 4824
8396 4 2 1 1 3287 3136 4192 4976
8397 4 2 1 1 2823 2816 2797 4569
8398 4 2 1 1 3535 4245 355 5067
8399 4 2 1 1 4722 4964 4368 4965
8400 4 2 1 1 3339 3348 3219 4557
8401 4 2 1 1 689 4048 692 4103
8402 4 2 1 1 921 924 922 5055
8403 4 2 1 1 263 3424 256 4361
8404 4 2 1 1 990 1247 991 5038
8405 4 2 1 1 1413 1448 34 4561
8406 4 2 1 1 2749 115 2750 4781
8407 4 2 1 1 4026 4122 3980 4572
8408 4 2 1 1 4124 4125 3951 4673
8409 4 2 1 1 2042 2044 2057 4636
8410 4 2 1 1 602 1589 1658 4644
8411 4 2 1 1 1086 1080 1085 4949
8412 4 2 1 1 932 930 931 4977
8413 4 2 1 1 4261 4386 3576 4848
8414 4 2 1 1 1432 4027 1179 4650
8415 4 2 1 1 4096 4336 3231 4524
8416 4 2 1 1 2248 2242 2246 4803
8417 4 2 1 1 950 136 893 4311
8418 4 2 1 1 4537 4846 4536 4962
8419 4 2 1 1 3771 4388 3772 4638
8420 4 2 1 1 3848 4642 4306 4895
8421 4 2 1 1 37 2746 4781 4914
8422 4 2 1 1 757 554 638 4957
8423 4 2 1 1 385 4261 4121 5062
8424 4 2 1 1 141 139 956 4435
8425 4 2 1 1 2565 2557 2686 4999
8426 4 2 1 1 486 3727 3716 4279
8427 4 2 1 1 1888 1891 2279 4735
8428 4 2 1 1 2265 4744 2264 5053
8429 4 2 1 1 779 760 759 4231
8430 4 2 1 1 3096 4483 3052 4880
8431 4 2 1 1 3508 337 3514 4849
8432 4 2 1 1 2646 2266 2118 4568
8433 4 2 1 1 665 663 647 4294
8434 4 2 1 1 3205 4336 3231 5043
8435 4 2 1 1 3816 3849 4768 5063
8436 4 2 1 1 688 689 4103 4318
8437 4 2 1 1 178 2366 213 1797
8438 4 2 1 1 2098 2648 2568 4802
8439 4 2 1 1 1515 1078 1119 4949
8440 4 2 1 1 314 330 329 4974
8441 4 2 1 1 329 313 314 4974
8442 4 2 1 1 542 645 618 4814
8443 4 2 1 1 4178 4121 4352 4718
8444 4 2 1 1 3936 4011 3851 4984
8445 4 2 1 1 2622 2044 2046 4637
8446 4 2 1 1 179 4165 4380 4634
8447 4 2 1 1 1147 1167 1149 4942
8448 4 2 1 1 2890 2892 2893 5029
8449 4 2 1 1 3946 4227 4712 4897
8450 4 2 1 1 4281 4645 4178 4789
8451 4 2 1 1 4134 4655 2973 4897
8452 4 2 1 1 55 832 131 2782
8453 4 2 1 1 604 603 601 4847
8454 4 2 1 1 601 602 604 4847
8455 4 2 1 1 4116 4744 4606 4745
8456 4 2 1 1 3273 3127 3355 3958
8457 4 2 1 1 3840 4541 4127 4702
8458 4 2 1 1 3934 4502 3985 4503
8459 4 2 1 1 609 4780 4759 4973
8460 4 2 1 1 2684 2396 2685 4507
8461 4 2 1 1 554 750 614 4957
8462 4 2 1 1 2277 2488 1806 4955
8463 4 2 1 1 3163 4337 4171 4862
8464 4 2 1 1 4410 4820 4205 4933
8465 4 2 1 1 2823 2842 2830 5087
8466 4 2 1 1 436 3646 3650 4355
8467 4 2 1 1 3534 4406 3540 5067
8468 4 2 1 1 3531 336 337 4849
8469 4 2 1 1 4285 4631 3964 5080
8470 4 2 1 1 4124 4602 3045 4721
8471 4 2 1 1 2905 2934 2969 4651
8472 4 2 1 1 3853 4070 3940 4654
8473 4 2 1 1 3083 3011 3101 4553
8474 4 2 1 1 1369 1023 1371 4798
8475 4 2 1 1 814 557 677 4647
8476 4 2 1 1 4071 4203 3705 4879
8477 4 2 1 1 3892 4195 4149 4929
8478 4 2 1 1 4668 4850 4229 4990
8479 4 2 1 1 3257 4033 3252 4564
8480 4 2 1 1 537 678 652 4938
8481 4 2 1 1 2674 2244 2469 4406
8482 4 2 1 1 1249 4411 892 4772
8483 4 2 1 1 3886 3948 3848 4895
8484 4 2 1 1 4454 4545 4456 4912
8485 4 2 1 1 3504 320 4361 4715
8486 4 2 1 1 2119 4302 2646 4805
8487 4 2 1 1 2031 2498 2029 4460
8488 4 2 1 1 2390 2387 2388 4507
8489 4 2 1 1 319 4361 3480 4782
8490 4 2 1 1 328 4172 4371 4859
8491 4 2 1 1 621 3919 615 4696
8492 4 2 1 1 4192 4390 3886 4579
8493 4 2 1 1 4098 4279 3906 4966
8494 4 2 1 1 4157 4040 4666 4873
8495 4 2 1 1 4279 4657 4566 4966
8496 4 2 1 1 4123 4538 3857 4866
8497 4 2 1 1 2727 4184 2082 4871
8498 4 2 1 1 4034 4132 3985 4583
8499 4 2 1 1 4017 4396 4273 4811
8500 4 2 1 1 2568 2103 2098 4802
8501 4 2 1 1 647 676 665 4294
8502 4 2 1 1 232 4096 3303 4524
8503 4 2 1 1 407 3604 408 4953
8504 4 2 1 1 155 4309 2808 4913
8505 4 2 1 1 597 1329 1253 4867
8506 4 2 1 1 4229 4779 4605 5014
8507 4 2 1 1 2729 2455 349 2460
8508 4 2 1 1 1328 609 4759 4973
8509 4 2 1 1 2987 2881 3059 4685
8510 4 2 1 1 643 636 739 4938
8511 4 2 1 1 1893 1837 1892 4843
8512 4 2 1 1 93 92 1739 4688
8513 4 2 1 1 3838 4465 3869 4861
8514 4 2 1 1 3832 4384 4033 4777
8515 4 2 1 1 2977 4655 3106 4882
8516 4 2 1 1 4018 4382 3272 4469
8517 4 2 1 1 2098 4121 4261 5062
8518 4 2 1 1 2268 2555 4999 5067
8519 4 2 1 1 4070 3953 4595 4916
8520 4 2 1 1 3612 4255 3625 5052
8521 4 2 1 1 967 965 969 4435
8522 4 2 1 1 3912 4110 4109 5005
8523 4 2 1 1 2494 2433 2493 4497
8524 4 2 1 1 1692 1423 1491 4349
8525 4 2 1 1 1306 1337 1342 4479
8526 4 2 1 1 3154 3155 4366 4841
8527 4 2 1 1 3081 4791 3097 5074
8528 4 2 1 1 3721 3731 3732 5033
8529 4 2 1 1 727 735 4626 5022
8530 4 2 1 1 1601 4869 1563 4870
8531 4 2 1 1 3693 3692 4400 4608
8532 4 2 1 1 4128 4405 4039 4597
8533 4 2 1 1 3022 3120 3018 4721
8534 4 2 1 1 2882 3109 3016 4733
8535 4 2 1 1 3979 4190 4607 4889
8536 4 2 1 1 3178 4297 3149 4790
8537 4 2 1 1 4306 4642 2124 4895
8538 4 2 1 1 1611 944 1562 4904
8539 4 2 1 1 411 4241 3600 4954
8540 4 2 1 1 3071 2997 4223 4326
8541 4 2 1 1 3853 3940 4473 4654
8542 4 2 1 1 3663 451 3674 4268
8543 4 2 1 1 3318 3317 3319 4891
8544 4 2 1 1 239 5039 4152 5074
8545 4 2 1 1 443 3649 3644 4353
8546 4 2 1 1 314 313 3498 4859
8547 4 2 1 1 3940 4070 3836 4217
8548 4 2 1 1 3243 3234 3237 4469
8549 4 2 1 1 1184 3986 4362 4922
8550 4 2 1 1 1880 2185 1878 4616
8551 4 2 1 1 3877 4335 4424 4761
8552 4 2 1 1 4178 4281 4789 4988
8553 4 2 1 1 3230 3361 3225 4891
8554 4 2 1 1 717 4641 4626 5023
8555 4 2 1 1 3833 4720 4167 5008
8556 4 2 1 1 2926 4804 2927 4934
8557 4 2 1 1 2056 2055 2046 4188
8558 4 2 1 1 2694 2169 2693 5050
8559 4 2 1 1 3815 4699 4711 5056
8560 4 2 1 1 1036 4440 4587 4588
8561 4 2 1 1 2207 2103 2209 4802
8562 4 2 1 1 3593 4669 4446 5054
8563 4 2 1 1 4007 4297 4017 4366
8564 4 2 1 1 142 2795 831 4547
8565 4 2 1 1 3949 4329 4575 4680
8566 4 2 1 1 396 397 4296 4338
8567 4 2 1 1 1906 1955 1954 4453
8568 4 2 1 1 3142 3141 3143 4701
8569 4 2 1 1 708 696 682 5031
8570 4 2 1 1 3063 3033 3036 4604
8571 4 2 1 1 2835 2822 2843 4485
8572 4 2 1 1 2075 2077 2131 4083
8573 4 2 1 1 3977 4109 3912 4251
8574 4 2 1 1 803 4104 791 4885
8575 4 2 1 1 1438 1437 1203 4476
8576 4 2 1 1 4394 3905 4434 4852
8577 4 2 1 1 3840 4702 3822 4917
8578 4 2 1 1 3302 4524 4336 4598
8579 4 2 1 1 502 501 4416 4484
8580 4 2 1 1 2288 2290 2310 4179
8581 4 2 1 1 2681 2441 2734 4625
8582 4 2 1 1 3968 4158 3883 4182
8583 4 2 1 1 3925 4113 4032 4530
8584 4 2 1 1 3581 3580 3585 4669
8585 4 2 1 1 574 791 706 4749
8586 4 2 1 1 3037 4457 4125 4907
8587 4 2 1 1 1450 1084 1656 4927
8588 4 2 1 1 3570 385 3572 4848
8589 4 2 1 1 2405 1956 4481 4686
8590 4 2 1 1 2855 137 2858 4824
8591 4 2 1 1 1623 1188 4475 4580
8592 4 2 1 1 1823 2443 4393 4748
8593 4 2 1 1 3154 3156 3155 4841
8594 4 2 1 1 862 861 1714 4707
8595 4 2 1 1 2910 4211 2914 4890
8596 4 2 1 1 980 1053 1426 4586
8597 4 2 1 1 1070 1393 1067 4505
8598 4 2 1 1 1516 1382 1063 5032
8599 4 2 1 1 2133 2070 1968 5017
8600 4 2 1 1 956 63 139 2792
8601 4 2 1 1 3913 4795 4969 4988
8602 4 2 1 1 3047 4604 3036 4769
8603 4 2 1 1 2973 2982 2985 4655
8604 4 2 1 1 3242 3239 3236 4632
8605 4 2 1 1 3300 3282 3190 4842
8606 4 2 1 1 308 3471 309 4141
8607 4 2 1 1 2728 4178 1905 5048
8608 4 2 1 1 3100 3042 3041 4533
8609 4 2 1 1 542 710 645 4814
8610 4 2 1 1 1097 1096 1638 5051
8611 4 2 1 1 684 705 699 4399
8612 4 2 1 1 3358 3182 3166 4862
8613 4 2 1 1 3724 3713 4351 4837
8614 4 2 1 1 1205 1262 4232 4666
8615 4 2 1 1 3266 3263 3262 4811
8616 4 2 1 1 1210 847 4580 4981
8617 4 2 1 1 803 791 4104 4265
8618 4 2 1 1 3968 5012 4355 5025
8619 4 2 1 1 4177 3827 4465 5086
8620 4 2 1 1 28 4467 4142 4970
8621 4 2 1 1 3268 4298 4162 4382
8622 4 2 1 1 3981 4543 3844 4989
8623 4 2 1 1 2160 4510 4365 4585
8624 4 2 1 1 1402 1249 1403 4772
8625 4 2 1 1 328 314 3491 4859
8626 4 2 1 1 232 231 4096 4614
8627 4 2 1 1 4368 4050 4731 4937
8628 4 2 1 1 1675 1122 1123 4581
8629 4 2 1 1 661 3924 670 4492
8630 4 2 1 1 1719 77 78 4978
8631 4 2 1 1 3853 3953 4070 4916
8632 4 2 1 1 1195 1192 1205 4498
8633 4 2 1 1 2921 4417 4186 4604
8634 4 2 1 1 3758 4251 4130 4901
8635 4 2 1 1 4017 4273 4018 4469
8636 4 2 1 1 4480 4595 129 4977
8637 4 2 1 1 3377 3376 3374 4634
8638 4 2 1 1 3854 3961 3876 4516
8639 4 2 1 1 3099 3013 4522 4926
8640 4 2 1 1 4059 4340 4148 5054
8641 4 2 1 1 464 463 4572 4573
8642 4 2 1 1 3915 4119 4285 4906
8643 4 2 1 1 1851 3978 4674 4776
8644 4 2 1 1 1933 2657 2214 4424
8645 4 2 1 1 3807 3814 4763 4968
8646 4 2 1 1 2384 2523 2379 4871
8647 4 2 1 1 671 4065 4416 4619
8648 4 2 1 1 3863 3908 4187 4305
8649 4 2 1 1 659 3924 661 4097
8650 4 2 1 1 2355 4771 2049 5078
8651 4 2 1 1 2928 2926 2927 4934
8652 4 2 1 1 2028 2049 2017 4771
8653 4 2 1 1 4186 4419 2921 4724
8654 4 2 1 1 4626 4760 3896 5022
8655 4 2 1 1 950 134 136 4311
8656 4 2 1 1 4211 4890 4788 5085
8657 4 2 1 1 3471 4141 308 4472
8658 4 2 1 1 3134 3133 4598 4976
8659 4 2 1 1 3471 309 4141 4472
8660 4 2 1 1 2591 2027 3941 4787
8661 4 2 1 1 3187 3186 3188 4790
8662 4 2 1 1 3415 3416 280 4538
8663 4 2 1 1 3120 2916 3092 4721
8664 4 2 1 1 2930 3096 4272 4483
8665 4 2 1 1 1404 4473 3940 4653
8666 4 2 1 1 3897 3918 4186 5068
8667 4 2 1 1 1287 3995 942 4904
8668 4 2 1 1 3994 4668 4229 4779
8669 4 2 1 1 410 4630 4119 5080
8670 4 2 1 1 2591 2213 2027 4787
8671 4 2 1 1 4271 4710 4549 4920
8672 4 2 1 1 4211 4724 4385 4907
8673 4 2 1 1 1270 1184 1182 4362
8674 4 2 1 1 820 4518 4348 4540
8675 4 2 1 1 2861 2862 4405 4597
8676 4 2 1 1 1154 1331 1172 4358
8677 4 2 1 1 3289 4396 4143 4811
8678 4 2 1 1 800 4449 817 4649
8679 4 2 1 1 3053 2962 2959 4455
8680 4 2 1 1 4027 4650 3842 4968
8681 4 2 1 1 4462 4902 4660 5041
8682 4 2 1 1 3453 4339 248 4436
8683 4 2 1 1 1056 4408 1060 4856
8684 4 2 1 1 2973 4655 2985 4897
8685 4 2 1 1 1136 1597 1176 4948
8686 4 2 1 1 483 3720 3718 4837
8687 4 2 1 1 2864 4597 2859 4887
8688 4 2 1 1 1489 1486 1632 4765
8689 4 2 1 1 1807 2431 2616 4554
8690 4 2 1 1 4566 4657 4279 4936
8691 4 2 1 1 4408 4912 1415 4922
8692 4 2 1 1 2109 4365 4246 4585
8693 4 2 1 1 2112 4085 2109 4365
8694 4 2 1 1 4127 4702 4541 4940
8695 4 2 1 1 3973 4470 4142 4931
8696 4 2 1 1 1821 4181 2618 4748
8697 4 2 1 1 3116 3066 3065 4377
8698 4 2 1 1 4382 4469 4273 4564
8699 4 2 1 1 3755 505 3751 4348
8700 4 2 1 1 46 4148 4730 4923
8701 4 2 1 1 2438 4625 2631 5078
8702 4 2 1 1 3625 430 429 4506
8703 4 2 1 1 3836 4139 3952 4661
8704 4 2 1 1 3848 3991 3948 4143
8705 4 2 1 1 1736 4776 1852 4777
8706 4 2 1 1 684 575 786 4399
8707 4 2 1 1 1386 864 1387 4707
8708 4 2 1 1 544 683 688 4691
8709 4 2 1 1 3244 4469 4273 4811
8710 4 2 1 1 718 724 725 4722
8711 4 2 1 1 3647 3644 3649 4353
8712 4 2 1 1 3912 4130 4652 4822
8713 4 2 1 1 3503 318 317 4782
8714 4 2 1 1 3881 3926 4806 5020
8715 4 2 1 1 3927 4807 3862 5065
8716 4 2 1 1 999 4322 1277 4863
8717 4 2 1 1 1264 1037 4137 4588
8718 4 2 1 1 3994 4979 4779 5014
8719 4 2 1 1 2582 2447 2450 4448
8720 4 2 1 1 2203 1938 1765 5040
8721 4 2 1 1 2045 4637 2053 4758
8722 4 2 1 1 3881 4712 4308 4899
8723 4 2 1 1 3709 4400 11 4978
8724 4 2 1 1 3955 4293 4788 5024
8725 4 2 1 1 3884 3852 4731 4760
8726 4 2 1 1 1445 1334 4313 4552
8727 4 2 1 1 606 1062 1365 4376
8728 4 2 1 1 2209 2569 2570 4802
8729 4 2 1 1 1611 1612 944 4905
8730 4 2 1 1 3323 3333 4555 5028
8731 4 2 1 1 466 4103 482 4318
8732 4 2 1 1 1177 1122 4450 4581
8733 4 2 1 1 939 3995 3940 4905
8734 4 2 1 1 472 4400 473 4951
8735 4 2 1 1 2779 128 2777 4762
8736 4 2 1 1 1007 1568 1008 5073
8737 4 2 1 1 3890 3917 3869 4141
8738 4 2 1 1 3785 3782 3770 4770
8739 4 2 1 1 3558 3949 3565 4575
8740 4 2 1 1 4674 4776 3826 4777
8741 4 2 1 1 975 1580 4090 5035
8742 4 2 1 1 3592 3597 3595 4320
8743 4 2 1 1 648 4641 662 4847
8744 4 2 1 1 3976 4757 517 5018
8745 4 2 1 1 3660 4344 3671 4800
8746 4 2 1 1 800 4649 794 5037
8747 4 2 1 1 1904 4453 1906 4795
8748 4 2 1 1 1602 1228 1230 5007
8749 4 2 1 1 430 4154 414 4295
8750 4 2 1 1 1360 1578 1045 4959
8751 4 2 1 1 1064 946 1391 4908
8752 4 2 1 1 3807 4367 4240 4962
8753 4 2 1 1 410 4119 4906 5080
8754 4 2 1 1 411 4906 4119 5080
8755 4 2 1 1 234 4613 4524 4705
8756 4 2 1 1 3776 519 4544 5015
8757 4 2 1 1 4422 4882 4272 4934
8758 4 2 1 1 2925 4417 4804 4934
8759 4 2 1 1 4389 4485 3824 4663
8760 4 2 1 1 4058 4813 4562 5030
8761 4 2 1 1 642 623 3933 4045
8762 4 2 1 1 1644 1643 1642 4224
8763 4 2 1 1 1845 4648 4485 4663
8764 4 2 1 1 1238 1554 1555 4338
8765 4 2 1 1 3979 4542 4100 5057
8766 4 2 1 1 3631 417 418 4752
8767 4 2 1 1 3141 3185 4359 4701
8768 4 2 1 1 3991 4790 4364 4972
8769 4 2 1 1 3611 4036 85 4620
8770 4 2 1 1 4232 1195 4498 5081
8771 4 2 1 1 4229 4280 3994 5014
8772 4 2 1 1 668 648 673 3981
8773 4 2 1 1 3963 4148 4059 4340
8774 4 2 1 1 2454 2534 2457 5000
8775 4 2 1 1 2858 2859 2855 4597
8776 4 2 1 1 3913 3832 4162 4298
8777 4 2 1 1 315 4089 4080 4253
8778 4 2 1 1 3070 3083 180 4553
8779 4 2 1 1 3971 4324 4215 5053
8780 4 2 1 1 3141 4359 3209 4701
8781 4 2 1 1 3914 4262 3986 4362
8782 4 2 1 1 1964 4030 1738 5034
8783 4 2 1 1 621 622 3919 4045
8784 4 2 1 1 1511 1482 1510 4200
8785 4 2 1 1 714 695 693 3974
8786 4 2 1 1 1309 929 926 4589
8787 4 2 1 1 3899 4036 4255 4506
8788 4 2 1 1 2072 4155 3258 4257
8789 4 2 1 1 970 1226 1432 4825
8790 4 2 1 1 2867 131 2850 4596
8791 4 2 1 1 3169 4468 3167 4525
8792 4 2 1 1 973 1243 1509 5060
8793 4 2 1 1 1952 4615 2513 4681
8794 4 2 1 1 4403 4536 4044 4846
8795 4 2 1 1 3098 4529 4305 4791
8796 4 2 1 1 1578 1360 1030 4959
8797 4 2 1 1 3871 4575 4329 4680
8798 4 2 1 1 1054 1055 1061 4912
8799 4 2 1 1 3043 3100 3040 4533
8800 4 2 1 1 3175 3171 4233 4525
8801 4 2 1 1 3162 4171 4337 4784
8802 4 2 1 1 1896 1898 4118 4189
8803 4 2 1 1 3209 3185 3204 4359
8804 4 2 1 1 537 652 617 4938
8805 4 2 1 1 642 616 631 4073
8806 4 2 1 1 4171 4841 3282 4862
8807 4 2 1 1 564 717 674 4641
8808 4 2 1 1 666 3964 651 4285
8809 4 2 1 1 666 654 4119 4285
8810 4 2 1 1 3333 3321 3323 4555
8811 4 2 1 1 1334 1593 975 4552
8812 4 2 1 1 3339 3300 3348 4842
8813 4 2 1 1 1065 4217 1064 4908
8814 4 2 1 1 4325 4604 2998 4769
8815 4 2 1 1 448 4345 4012 4573
8816 4 2 1 1 1546 1548 397 5045
8817 4 2 1 1 3486 4530 4361 4715
8818 4 2 1 1 1232 1233 1621 4296
8819 4 2 1 1 4381 4774 3855 4835
8820 4 2 1 1 3774 4195 4388 4943
8821 4 2 1 1 914 902 1385 4707
8822 4 2 1 1 4102 3871 4329 4634
8823 4 2 1 1 3185 4336 3202 5043
8824 4 2 1 1 2188 2618 4181 4748
8825 4 2 1 1 1305 1304 1617 4037
8826 4 2 1 1 630 617 4275 4822
8827 4 2 1 1 154 2808 155 4309
8828 4 2 1 1 3812 4785 4563 5008
8829 4 2 1 1 979 4586 4296 5035
8830 4 2 1 1 804 799 811 3936
8831 4 2 1 1 2398 2397 2660 4398
8832 4 2 1 1 2646 2119 2261 4302
8833 4 2 1 1 1884 1890 2745 4703
8834 4 2 1 1 1800 4330 2702 4380
8835 4 2 1 1 3276 3162 3265 4784
8836 4 2 1 1 1191 1193 1429 4498
8837 4 2 1 1 3503 4361 318 4782
8838 4 2 1 1 2528 4571 1987 4793
8839 4 2 1 1 3123 3099 3013 4522
8840 4 2 1 1 2961 4455 4685 5029
8841 4 2 1 1 3664 464 3666 4800
8842 4 2 1 1 1110 1207 1662 5044
8843 4 2 1 1 4668 4779 3994 4979
8844 4 2 1 1 1056 1503 1060 4408
8845 4 2 1 1 1248 4411 1249 5072
8846 4 2 1 1 1208 1209 1269 4415
8847 4 2 1 1 4665 4751 3617 4970
8848 4 2 1 1 3034 3113 4377 4604
8849 4 2 1 1 95 1737 1845 4663
8850 4 2 1 1 3714 3715 3721 5033
8851 4 2 1 1 1284 918 1205 4666
8852 4 2 1 1 3066 3067 3049 4312
8853 4 2 1 1 3562 4575 4102 4634
8854 4 2 1 1 629 642 623 3933
8855 4 2 1 1 4073 4258 4717 4801
8856 4 2 1 1 207 4613 3341 4705
8857 4 2 1 1 1019 1013 1392 4519
8858 4 2 1 1 3807 4764 4367 4846
8859 4 2 1 1 4164 4165 3930 4634
8860 4 2 1 1 927 1704 925 5055
8861 4 2 1 1 2053 2145 2690 4758
8862 4 2 1 1 1505 1504 1063 4153
8863 4 2 1 1 3603 21 3604 4953
8864 4 2 1 1 788 813 572 712
8865 4 2 1 1 3896 4368 4964 4965
8866 4 2 1 1 617 652 4065 4107
8867 4 2 1 1 3810 4177 4433 5086
8868 4 2 1 1 154 153 2803 4309
8869 4 2 1 1 630 4041 636 4822
8870 4 2 1 1 2091 4019 4083 5047
8871 4 2 1 1 685 701 710 4006
8872 4 2 1 1 3853 4311 3988 4916
8873 4 2 1 1 3055 2894 4601 4602
8874 4 2 1 1 3951 4673 4464 4721
8875 4 2 1 1 671 4416 4492 4619
8876 4 2 1 1 612 610 3966 4728
8877 4 2 1 1 3572 4261 384 4802
8878 4 2 1 1 1588 397 1549 1566
8879 4 2 1 1 3439 293 294 4108
8880 4 2 1 1 841 4236 840 4873
8881 4 2 1 1 3651 3654 3639 5012
8882 4 2 1 1 2058 2220 2059 4494
8883 4 2 1 1 3863 4305 4187 5074
8884 4 2 1 1 2474 2245 4056 4291
8885 4 2 1 1 3672 3676 3674 4344
8886 4 2 1 1 1836 1734 1837 4843
8887 4 2 1 1 3825 3955 3897 4702
8888 4 2 1 1 557 789 651 4647
8889 4 2 1 1 1384 4362 4262 4742
8890 4 2 1 1 3594 4664 3582 4669
8891 4 2 1 1 2694 2693 2168 5050
8892 4 2 1 1 3944 4548 4310 5063
8893 4 2 1 1 1406 1222 1708 4558
8894 4 2 1 1 3866 4429 3818 5061
8895 4 2 1 1 284 3451 285 4584
8896 4 2 1 1 1093 1090 1091 4493
8897 4 2 1 1 4264 4404 3870 4861
8898 4 2 1 1 3519 4213 4501 4849
8899 4 2 1 1 3508 3514 3515 4849
8900 4 2 1 1 3979 4100 4727 5057
8901 4 2 1 1 2749 2751 116 4781
8902 4 2 1 1 698 709 4395 4739
8903 4 2 1 1 605 34 1448 4561
8904 4 2 1 1 3711 491 4504 5033
8905 4 2 1 1 1036 1035 1018 4587
8906 4 2 1 1 3926 3881 4806 4807
8907 4 2 1 1 2872 4405 2863 4916
8908 4 2 1 1 3847 4511 4691 4865
8909 4 2 1 1 4672 4771 2015 4866
8910 4 2 1 1 103 2842 4776 5087
8911 4 2 1 1 192 3111 3029 4745
8912 4 2 1 1 514 4243 4115 4388
8913 4 2 1 1 674 717 563 5023
8914 4 2 1 1 2121 2054 4364 4642
8915 4 2 1 1 3912 4109 4319 5005
8916 4 2 1 1 1666 991 4662 5038
8917 4 2 1 1 3871 4380 4164 4634
8918 4 2 1 1 3159 3145 3143 4486
8919 4 2 1 1 4413 4434 3905 4852
8920 4 2 1 1 2440 2437 2637 5049
8921 4 2 1 1 4337 4468 3291 4778
8922 4 2 1 1 3083 3118 3026 4553
8923 4 2 1 1 3556 265 3557 4918
8924 4 2 1 1 57 1110 2786 133
8925 4 2 1 1 2696 2469 2465 4766
8926 4 2 1 1 78 77 1722 4978
8927 4 2 1 1 4042 4566 4864 4936
8928 4 2 1 1 2610 2646 4302 4805
8929 4 2 1 1 4325 4377 3113 4604
8930 4 2 1 1 3329 3201 3302 4524
8931 4 2 1 1 3727 3725 3729 4351
8932 4 2 1 1 4467 4931 4000 4991
8933 4 2 1 1 774 756 765 4356
8934 4 2 1 1 1154 1152 1331 4358
8935 4 2 1 1 3880 4039 3988 4175
8936 4 2 1 1 2394 3571 4398 4932
8937 4 2 1 1 2227 2352 2228 4694
8938 4 2 1 1 4038 4157 3849 4488
8939 4 2 1 1 426 4630 4467 4906
8940 4 2 1 1 1563 1451 1131 4870
8941 4 2 1 1 4657 4933 3933 4936
8942 4 2 1 1 2238 2239 2237 4606
8943 4 2 1 1 4061 4252 4139 4949
8944 4 2 1 1 243 4402 3421 4643
8945 4 2 1 1 423 3609 4665 4950
8946 4 2 1 1 1347 4069 1380 5082
8947 4 2 1 1 3933 4430 4410 4820
8948 4 2 1 1 3150 4366 4297 4987
8949 4 2 1 1 3358 3164 3282 4862
8950 4 2 1 1 3824 4485 3865 4648
8951 4 2 1 1 3607 4255 3606 4877
8952 4 2 1 1 626 4243 628 5019
8953 4 2 1 1 3548 3547 4460 4496
8954 4 2 1 1 826 1328 49 5046
8955 4 2 1 1 1865 2491 2338 4684
8956 4 2 1 1 1912 4510 2709 4854
8957 4 2 1 1 1472 1482 1471 4200
8958 4 2 1 1 1616 1343 1057 4408
8959 4 2 1 1 3705 4203 4071 4608
8960 4 2 1 1 1030 1260 1578 4959
8961 4 2 1 1 4098 4781 4351 4966
8962 4 2 1 1 3235 4469 4337 4632
8963 4 2 1 1 40 2779 4344 4762
8964 4 2 1 1 2077 2091 2131 4083
8965 4 2 1 1 4017 4337 4171 4784
8966 4 2 1 1 732 730 745 4994
8967 4 2 1 1 345 2267 2558 5067
8968 4 2 1 1 2046 2056 4188 4758
8969 4 2 1 1 1320 951 1321 4311
8970 4 2 1 1 1115 1064 1391 4908
8971 4 2 1 1 932 931 4445 4977
8972 4 2 1 1 4109 4110 3912 4484
8973 4 2 1 1 118 3589 47 5054
8974 4 2 1 1 3165 3167 3280 4468
8975 4 2 1 1 3831 3954 4605 4773
8976 4 2 1 1 1429 4474 1713 4498
8977 4 2 1 1 799 3936 803 4047
8978 4 2 1 1 2892 2937 2894 4601
8979 4 2 1 1 1504 4587 4440 4876
8980 4 2 1 1 1830 1810 1808 4679
8981 4 2 1 1 547 643 739 4938
8982 4 2 1 1 3191 3158 3351 4841
8983 4 2 1 1 3756 3759 3745 4819
8984 4 2 1 1 3951 4267 4124 4721
8985 4 2 1 1 3807 4240 4812 4962
8986 4 2 1 1 715 697 681 4739
8987 4 2 1 1 2193 2190 4748 5066
8988 4 2 1 1 3966 3901 4154 4747
8989 4 2 1 1 1982 1981 1979 4428
8990 4 2 1 1 1037 1607 4137 4587
8991 4 2 1 1 3031 2967 3909 4455
8992 4 2 1 1 1311 1499 929 4589
8993 4 2 1 1 3279 3938 4539 4794
8994 4 2 1 1 3971 4215 4135 5053
8995 4 2 1 1 2167 2693 2165 5050
8996 4 2 1 1 2929 3060 2926 4934
8997 4 2 1 1 4000 4751 4467 4991
8998 4 2 1 1 3123 3112 4522 4733
8999 4 2 1 1 727 4965 735 5022
9000 4 2 1 1 1140 1142 1676 4269
9001 4 2 1 1 501 4107 4065 4416
9002 4 2 1 1 2047 2045 2043 4637
9003 4 2 1 1 3433 3432 4531 4584
9004 4 2 1 1 3324 3325 3354 4168
9005 4 2 1 1 23 3590 3597 4320
9006 4 2 1 1 3816 4228 4049 4995
9007 4 2 1 1 4453 4795 4281 4988
9008 4 2 1 1 3155 4366 4171 4784
9009 4 2 1 1 1815 1820 2128 4750
9010 4 2 1 1 3694 3700 4254 4327
9011 4 2 1 1 610 4730 47 4747
9012 4 2 1 1 831 2795 68 144
9013 4 2 1 1 4060 4241 413 4646
9014 4 2 1 1 1564 1127 1129 4247
9015 4 2 1 1 211 3978 4174 4674
9016 4 2 1 1 4295 4658 4506 4732
9017 4 2 1 1 3842 3944 4548 4617
9018 4 2 1 1 318 4361 319 4782
9019 4 2 1 1 3154 4366 3152 4841
9020 4 2 1 1 1036 1498 4440 4588
9021 4 2 1 1 1851 1736 102 4776
9022 4 2 1 1 1249 4411 4772 5072
9023 4 2 1 1 3861 5013 4551 5065
9024 4 2 1 1 1975 2617 1976 4829
9025 4 2 1 1 1197 1655 1437 4476
9026 4 2 1 1 2627 2628 2723 4497
9027 4 2 1 1 1445 1259 1198 4313
9028 4 2 1 1 1381 4617 1432 4650
9029 4 2 1 1 1263 1399 1700 4488
9030 4 2 1 1 3660 4444 4344 4800
9031 4 2 1 1 3981 4097 673 4150
9032 4 2 1 1 3608 418 4752 4877
9033 4 2 1 1 411 3600 3601 4954
9034 4 2 1 1 3924 4150 4097 4723
9035 4 2 1 1 4376 4726 606 5030
9036 4 2 1 1 1837 1836 4843 4902
9037 4 2 1 1 2062 2031 2029 4460
9038 4 2 1 1 4174 4598 3129 4976
9039 4 2 1 1 3060 3095 2938 4422
9040 4 2 1 1 3792 167 535 4235
9041 4 2 1 1 3636 3640 3632 4354
9042 4 2 1 1 1044 1414 876 4746
9043 4 2 1 1 1086 1634 1087 4756
9044 4 2 1 1 926 4589 925 4980
9045 4 2 1 1 1321 1420 4214 4311
9046 4 2 1 1 301 4276 3477 4526
9047 4 2 1 1 2429 3913 2071 4795
9048 4 2 1 1 2962 2961 2959 4455
9049 4 2 1 1 3478 300 3477 4526
9050 4 2 1 1 3695 3696 3699 4203
9051 4 2 1 1 1144 1142 1166 4269
9052 4 2 1 1 1363 962 1409 4415
9053 4 2 1 1 2272 4499 2119 4805
9054 4 2 1 1 2548 2547 2549 4627
9055 4 2 1 1 3853 3988 3953 4916
9056 4 2 1 1 4081 4816 4759 4973
9057 4 2 1 1 809 787 559 3900
9058 4 2 1 1 4059 4148 4729 5054
9059 4 2 1 1 2083 4184 3878 5047
9060 4 2 1 1 384 4802 4261 5062
9061 4 2 1 1 4762 4853 4091 4898
9062 4 2 1 1 3577 4421 4402 4643
9063 4 2 1 1 1206 1207 1109 5044
9064 4 2 1 1 2909 3032 2911 4907
9065 4 2 1 1 1129 4581 1630 4908
9066 4 2 1 1 3224 4343 3223 4442
9067 4 2 1 1 1837 4660 2064 4843
9068 4 2 1 1 3188 3363 3274 4972
9069 4 2 1 1 3883 4068 4759 4816
9070 4 2 1 1 4244 4779 4668 4979
9071 4 2 1 1 2565 2560 2706 4999
9072 4 2 1 1 1206 5044 1109 5082
9073 4 2 1 1 3906 4566 4503 5079
9074 4 2 1 1 2076 2074 2736 4179
9075 4 2 1 1 2684 2386 2385 4507
9076 4 2 1 1 2160 2111 2115 4585
9077 4 2 1 1 829 52 883 4857
9078 4 2 1 1 2440 2664 2662 5049
9079 4 2 1 1 227 3958 3355 4428
9080 4 2 1 1 3869 4053 3959 4465
9081 4 2 1 1 3637 4182 35 4355
9082 4 2 1 1 3825 4702 4127 4940
9083 4 2 1 1 1813 1812 1809 4823
9084 4 2 1 1 2751 4351 20 4781
9085 4 2 1 1 618 685 542 710
9086 4 2 1 1 709 691 4423 4738
9087 4 2 1 1 12 3736 4781 4884
9088 4 2 1 1 791 4573 4012 4749
9089 4 2 1 1 1020 1019 1021 4798
9090 4 2 1 1 4435 4824 139 4825
9091 4 2 1 1 4033 4384 4155 4674
9092 4 2 1 1 735 723 721 4832
9093 4 2 1 1 695 684 706 4075
9094 4 2 1 1 3313 4611 4919 4988
9095 4 2 1 1 699 705 715 4523
9096 4 2 1 1 2772 126 36 4158
9097 4 2 1 1 4284 4551 3861 4635
9098 4 2 1 1 3461 3472 3459 4206
9099 4 2 1 1 3199 3348 3191 4842
9100 4 2 1 1 586 702 770 713
9101 4 2 1 1 1551 1548 1565 5045
9102 4 2 1 1 726 4537 729 4812
9103 4 2 1 1 683 4511 689 4691
9104 4 2 1 1 1063 1504 1011 4440
9105 4 2 1 1 709 690 4395 4423
9106 4 2 1 1 2930 3105 4483 4934
9107 4 2 1 1 4017 4297 4143 4783
9108 4 2 1 1 3360 3359 3309 4821
9109 4 2 1 1 2708 1852 1856 4777
9110 4 2 1 1 117 125 2771 4158
9111 4 2 1 1 4164 4380 4165 4634
9112 4 2 1 1 3864 4407 3909 4439
9113 4 2 1 1 1767 2282 2210 4447
9114 4 2 1 1 3870 4264 4727 5057
9115 4 2 1 1 3771 3783 3772 4388
9116 4 2 1 1 893 62 138 2789
9117 4 2 1 1 749 547 739 4938
9118 4 2 1 1 3841 3914 3817 3986
9119 4 2 1 1 760 762 761 4675
9120 4 2 1 1 407 3583 406 4953
9121 4 2 1 1 1597 1596 1135 4948
9122 4 2 1 1 4197 4918 4198 5078
9123 4 2 1 1 2408 2472 1886 4735
9124 4 2 1 1 729 4537 726 4962
9125 4 2 1 1 1809 4181 2188 4823
9126 4 2 1 1 1104 1103 1652 5051
9127 4 2 1 1 1088 1087 1637 4301
9128 4 2 1 1 1224 606 4376 4726
9129 4 2 1 1 3674 3671 3672 4344
9130 4 2 1 1 3104 4419 4422 5085
9131 4 2 1 1 1507 4301 1088 4493
9132 4 2 1 1 141 4435 964 4678
9133 4 2 1 1 1107 367 1410 1711
9134 4 2 1 1 2085 2726 2086 4421
9135 4 2 1 1 577 710 722 4814
9136 4 2 1 1 1631 1424 1488 4765
9137 4 2 1 1 837 1332 1357 4873
9138 4 2 1 1 1364 1343 4362 4408
9139 4 2 1 1 1459 369 4349 4869
9140 4 2 1 1 2353 2444 2352 4694
9141 4 2 1 1 3885 4481 4067 4754
9142 4 2 1 1 3265 3264 3366 4784
9143 4 2 1 1 1692 1491 1424 4349
9144 4 2 1 1 807 786 575 4399
9145 4 2 1 1 1142 1139 1166 4269
9146 4 2 1 1 2624 38 4503 5079
9147 4 2 1 1 762 765 764 4549
9148 4 2 1 1 1292 4043 1093 5051
9149 4 2 1 1 3369 4528 3370 4791
9150 4 2 1 1 1800 4380 2278 4955
9151 4 2 1 1 1510 1482 1475 4200
9152 4 2 1 1 4114 4544 3976 4757
9153 4 2 1 1 2613 2179 2164 4998
9154 4 2 1 1 49 50 826 5046
9155 4 2 1 1 1184 1272 1276 4922
9156 4 2 1 1 2272 2273 1958 4535
9157 4 2 1 1 3944 4435 4038 4451
9158 4 2 1 1 4039 4887 4911 4993
9159 4 2 1 1 4718 5047 4019 5048
9160 4 2 1 1 1472 1475 1482 4200
9161 4 2 1 1 3111 4324 3029 4745
9162 4 2 1 1 2122 2201 4434 4786
9163 4 2 1 1 3879 3841 3928 5076
9164 4 2 1 1 3776 4199 4544 4770
9165 4 2 1 1 1449 1425 1492 4252
9166 4 2 1 1 1351 1304 1303 4193
9167 4 2 1 1 2140 1893 1892 4843
9168 4 2 1 1 3727 3724 3725 4351
9169 4 2 1 1 937 934 936 4653
9170 4 2 1 1 648 565 732 4989
9171 4 2 1 1 648 732 564 4641
9172 4 2 1 1 273 3400 274 4402
9173 4 2 1 1 3206 3334 3335 5043
9174 4 2 1 1 1579 1044 1012 4986
9175 4 2 1 1 4010 4076 4222 4260
9176 4 2 1 1 1396 1410 367 4629
9177 4 2 1 1 1053 4310 1240 5026
9178 4 2 1 1 978 976 974 5060
9179 4 2 1 1 2868 2864 4887 4993
9180 4 2 1 1 2371 4599 4324 5053
9181 4 2 1 1 3593 4446 3602 4622
9182 4 2 1 1 2363 1737 1864 4389
9183 4 2 1 1 2601 2099 2606 4386
9184 4 2 1 1 3064 2932 2931 4804
9185 4 2 1 1 896 840 1446 4818
9186 4 2 1 1 1958 4535 2504 4754
9187 4 2 1 1 659 663 670 4369
9188 4 2 1 1 3761 4518 4251 4682
9189 4 2 1 1 3564 3559 3563 4575
9190 4 2 1 1 499 4130 4275 4652
9191 4 2 1 1 3246 4564 3249 4896
9192 4 2 1 1 2856 2873 2866 4911
9193 4 2 1 1 3146 4297 4143 4486
9194 4 2 1 1 1323 5069 1265 5071
9195 4 2 1 1 4367 4846 3843 4994
9196 4 2 1 1 3732 482 4502 5033
9197 4 2 1 1 1663 1126 1127 5001
9198 4 2 1 1 139 141 2853 4887
9199 4 2 1 1 329 330 4671 4974
9200 4 2 1 1 1413 34 51 4857
9201 4 2 1 1 1519 1202 1442 4945
9202 4 2 1 1 3043 4601 2892 4963
9203 4 2 1 1 1507 1105 4301 4742
9204 4 2 1 1 2797 4569 157 4913
9205 4 2 1 1 3363 3212 3274 4972
9206 4 2 1 1 3853 4654 4473 5072
9207 4 2 1 1 3126 4084 4162 4300
9208 4 2 1 1 4114 4199 4005 4544
9209 4 2 1 1 642 4073 631 4074
9210 4 2 1 1 789 558 651 4013
9211 4 2 1 1 840 4818 839 4873
9212 4 2 1 1 132 134 2785 4445
9213 4 2 1 1 4146 4443 1658 4644
9214 4 2 1 1 738 667 563 5023
9215 4 2 1 1 3786 4638 4195 4886
9216 4 2 1 1 3743 3755 3753 4348
9217 4 2 1 1 297 3478 4387 4526
9218 4 2 1 1 4317 4570 3937 5038
9219 4 2 1 1 4146 4415 3828 4570
9220 4 2 1 1 2851 4911 2857 4993
9221 4 2 1 1 4147 3883 4708 4759
9222 4 2 1 1 2680 1985 4202 4866
9223 4 2 1 1 1429 1204 4474 4498
9224 4 2 1 1 2077 2079 2091 4083
9225 4 2 1 1 1409 4415 1427 4443
9226 4 2 1 1 4109 4110 4484 5005
9227 4 2 1 1 1143 1676 1142 4269
9228 4 2 1 1 3520 3528 341 4687
9229 4 2 1 1 1237 1264 1367 4063
9230 4 2 1 1 1745 1742 1744 4478
9231 4 2 1 1 2190 1945 2189 4748
9232 4 2 1 1 1504 1231 1035 4876
9233 4 2 1 1 1043 1607 1355 4137
9234 4 2 1 1 899 4817 1332 4875
9235 4 2 1 1 3817 3914 3836 4262
9236 4 2 1 1 2153 2429 2071 4795
9237 4 2 1 1 3184 4289 3195 4794
9238 4 2 1 1 3776 3777 3779 4199
9239 4 2 1 1 2180 2501 2181 4627
9240 4 2 1 1 1299 1297 4193 4856
9241 4 2 1 1 2110 2109 2108 4246
9242 4 2 1 1 928 4452 920 5055
9243 4 2 1 1 3847 4073 3985 4691
9244 4 2 1 1 79 80 1727 4886
9245 4 2 1 1 3981 4097 4150 4723
9246 4 2 1 1 3231 4096 3334 5043
9247 4 2 1 1 556 633 772 781
9248 4 2 1 1 1642 1650 1097 5051
9249 4 2 1 1 3955 4788 4293 4838
9250 4 2 1 1 3842 3944 3880 4548
9251 4 2 1 1 4258 4009 4527 4693
9252 4 2 1 1 2984 188 2985 4712
9253 4 2 1 1 395 4476 4474 4945
9254 4 2 1 1 1029 912 1026 5070
9255 4 2 1 1 3266 3262 4396 4811
9256 4 2 1 1 3836 3914 4061 4139
9257 4 2 1 1 1074 1075 1076 4661
9258 4 2 1 1 105 3931 106 4087
9259 4 2 1 1 2684 2685 2386 4507
9260 4 2 1 1 2107 2109 4085 4246
9261 4 2 1 1 298 3456 299 4526
9262 4 2 1 1 864 1385 862 4707
9263 4 2 1 1 2909 4457 2907 4907
9264 4 2 1 1 2049 2611 2050 5077
9265 4 2 1 1 721 806 591 746
9266 4 2 1 1 4282 4709 2964 5029
9267 4 2 1 1 3876 3854 4713 4831
9268 4 2 1 1 4149 4928 4375 4929
9269 4 2 1 1 3910 4040 3849 4266
9270 4 2 1 1 2984 2985 2982 4712
9271 4 2 1 1 2911 4724 4211 4907
9272 4 2 1 1 3232 4337 4469 4784
9273 4 2 1 1 2841 4594 2831 4883
9274 4 2 1 1 89 1927 1735 4566
9275 4 2 1 1 1074 4139 1075 4661
9276 4 2 1 1 3881 4773 4308 4806
9277 4 2 1 1 4506 4732 4658 5052
9278 4 2 1 1 1707 982 4232 4552
9279 4 2 1 1 940 3995 947 4247
9280 4 2 1 1 4084 4155 4033 4384
9281 4 2 1 1 1019 4959 1045 5006
9282 4 2 1 1 840 4236 1446 4818
9283 4 2 1 1 2368 4384 2153 4795
9284 4 2 1 1 3144 4486 4143 4701
9285 4 2 1 1 3647 3642 444 4708
9286 4 2 1 1 245 246 3377 4633
9287 4 2 1 1 739 740 742 4556
9288 4 2 1 1 934 933 936 4654
9289 4 2 1 1 901 4099 852 4981
9290 4 2 1 1 4163 4496 4197 4860
9291 4 2 1 1 1685 1681 1145 4942
9292 4 2 1 1 2269 4766 2555 5067
9293 4 2 1 1 3334 4096 3335 5043
9294 4 2 1 1 3778 4195 3774 4943
9295 4 2 1 1 4664 4669 3594 5054
9296 4 2 1 1 3593 3594 3582 4669
9297 4 2 1 1 2886 3099 3123 4522
9298 4 2 1 1 4411 4662 4844 4956
9299 4 2 1 1 1400 948 1570 4473
9300 4 2 1 1 1954 1906 4453 4795
9301 4 2 1 1 4402 4643 3878 4848
9302 4 2 1 1 2849 149 148 4600
9303 4 2 1 1 3167 4468 3168 4525
9304 4 2 1 1 2259 345 2271 4698
9305 4 2 1 1 861 862 860 4707
9306 4 2 1 1 2648 4386 2099 4802
9307 4 2 1 1 958 1703 4443 5026
9308 4 2 1 1 3918 3866 4021 5068
9309 4 2 1 1 2989 3047 2933 4769
9310 4 2 1 1 2546 2681 2547 4627
9311 4 2 1 1 2631 4625 3997 5078
9312 4 2 1 1 2999 3020 3019 4673
9313 4 2 1 1 745 4626 717 4641
9314 4 2 1 1 2427 603 1915 4560
9315 4 2 1 1 3713 4504 4351 4837
9316 4 2 1 1 670 4369 665 4491
9317 4 2 1 1 3059 4685 2881 5039
9318 4 2 1 1 170 3097 3110 4791
9319 4 2 1 1 1652 1101 1100 5051
9320 4 2 1 1 3955 4211 4125 4457
9321 4 2 1 1 597 14 1329 4624
9322 4 2 1 1 77 1719 1720 4978
9323 4 2 1 1 155 3324 4309 4913
9324 4 2 1 1 2132 2728 1905 5048
9325 4 2 1 1 3916 3947 3826 3948
9326 4 2 1 1 3836 3914 4139 4661
9327 4 2 1 1 2199 2594 1906 5002
9328 4 2 1 1 4123 4571 1984 4866
9329 4 2 1 1 234 4613 3419 4614
9330 4 2 1 1 3271 4382 3343 4564
9331 4 2 1 1 2775 40 2779 4344
9332 4 2 1 1 1980 4428 1979 4829
9333 4 2 1 1 4773 4831 4204 5084
9334 4 2 1 1 1087 1088 1086 4301
9335 4 2 1 1 3229 3215 224 4893
9336 4 2 1 1 4219 3804 4675 5083
9337 4 2 1 1 87 4316 1733 4946
9338 4 2 1 1 3837 5041 4292 5042
9339 4 2 1 1 3850 4010 4079 4117
9340 4 2 1 1 4000 4180 4751 4991
9341 4 2 1 1 1406 1282 1283 4558
9342 4 2 1 1 628 4243 4052 4275
9343 4 2 1 1 2702 1801 4380 4714
9344 4 2 1 1 3922 4175 3988 4911
9345 4 2 1 1 4102 4575 3871 4634
9346 4 2 1 1 806 591 746 814
9347 4 2 1 1 2464 2424 2463 4406
9348 4 2 1 1 3490 4307 3496 4715
9349 4 2 1 1 3976 4005 3892 4115
9350 4 2 1 1 3673 4122 3669 4898
9351 4 2 1 1 935 4311 1320 4654
9352 4 2 1 1 472 4327 3708 4400
9353 4 2 1 1 849 846 848 4981
9354 4 2 1 1 1559 1635 1519 4945
9355 4 2 1 1 2253 2258 2261 4513
9356 4 2 1 1 2947 2953 3107 4890
9357 4 2 1 1 3719 3724 3733 4837
9358 4 2 1 1 2751 2747 20 4351
9359 4 2 1 1 783 586 770 713
9360 4 2 1 1 2271 2267 345 2259
9361 4 2 1 1 2921 4186 4417 4419
9362 4 2 1 1 596 771 816 805
9363 4 2 1 1 1453 4869 4349 4870
9364 4 2 1 1 4124 4267 3950 4602
9365 4 2 1 1 1256 1235 1372 4799
9366 4 2 1 1 3831 4668 4229 4990
9367 4 2 1 1 648 564 674 4641
9368 4 2 1 1 445 4708 4592 5058
9369 4 2 1 1 2247 4245 2243 5067
9370 4 2 1 1 2594 1955 1906 5002
9371 4 2 1 1 3824 4663 4541 4940
9372 4 2 1 1 2713 2100 4121 4924
9373 4 2 1 1 724 727 4964 4965
9374 4 2 1 1 2980 3954 4250 4706
9375 4 2 1 1 2648 4261 2096 4386
9376 4 2 1 1 1190 1188 1187 4475
9377 4 2 1 1 1902 1893 2140 4292
9378 4 2 1 1 3897 4125 3955 4211
9379 4 2 1 1 4027 4824 3944 4825
9380 4 2 1 1 428 4658 4180 5052
9381 4 2 1 1 746 4647 814 5059
9382 4 2 1 1 1243 981 1509 5060
9383 4 2 1 1 4612 4699 4016 4868
9384 4 2 1 1 991 1247 1049 4662
9385 4 2 1 1 2259 4245 2247 5067
9386 4 2 1 1 3664 3666 3658 4800
9387 4 2 1 1 213 1788 1777 1779
9388 4 2 1 1 1286 4214 138 4834
9389 4 2 1 1 1705 1604 941 4905
9390 4 2 1 1 2732 2651 2080 4184
9391 4 2 1 1 299 3478 298 4526
9392 4 2 1 1 3997 4197 4163 4771
9393 4 2 1 1 1831 2283 2405 4686
9394 4 2 1 1 3648 3646 3645 4355
9395 4 2 1 1 1248 1249 1430 5072
9396 4 2 1 1 1987 4571 2521 4793
9397 4 2 1 1 3261 3262 3247 4896
9398 4 2 1 1 4031 4108 3920 4531
9399 4 2 1 1 2162 2613 2164 4998
9400 4 2 1 1 3832 3913 4795 4969
9401 4 2 1 1 603 601 4046 4630
9402 4 2 1 1 3918 4021 4377 4604
9403 4 2 1 1 1913 2709 2531 4510
9404 4 2 1 1 414 4060 4295 4618
9405 4 2 1 1 1024 1026 912 5070
9406 4 2 1 1 3825 3864 3955 4702
9407 4 2 1 1 2444 2241 2576 4448
9408 4 2 1 1 4282 4455 4333 5029
9409 4 2 1 1 724 4964 4722 4965
9410 4 2 1 1 3313 4821 4611 4988
9411 4 2 1 1 4312 4377 4021 4804
9412 4 2 1 1 4425 4801 4073 4960
9413 4 2 1 1 533 534 4309 4881
9414 4 2 1 1 3647 4353 3642 4708
9415 4 2 1 1 607 4503 38 4910
9416 4 2 1 1 3756 502 3759 5005
9417 4 2 1 1 2793 1327 66 1004
9418 4 2 1 1 3340 3349 3174 4342
9419 4 2 1 1 3146 4143 4297 4783
9420 4 2 1 1 2642 2416 2641 4458
9421 4 2 1 1 40 3663 3676 4344
9422 4 2 1 1 2204 1961 2513 4615
9423 4 2 1 1 895 4228 844 4590
9424 4 2 1 1 2044 2045 2046 4637
9425 4 2 1 1 3378 3377 3374 4634
9426 4 2 1 1 148 149 2875 4982
9427 4 2 1 1 3937 4844 4662 4956
9428 4 2 1 1 3246 3248 3247 4896
9429 4 2 1 1 2811 2797 157 4913
9430 4 2 1 1 3224 4343 4442 4628
9431 4 2 1 1 744 4812 729 4813
9432 4 2 1 1 2029 4460 2030 4496
9433 4 2 1 1 3879 3962 3940 5076
9434 4 2 1 1 4282 4529 4305 5039
9435 4 2 1 1 1942 4393 1950 4497
9436 4 2 1 1 791 4265 4012 4573
9437 4 2 1 1 2049 4771 4496 5077
9438 4 2 1 1 4008 4071 3907 4203
9439 4 2 1 1 3807 4763 4764 4968
9440 4 2 1 1 3956 3827 4264 5086
9441 4 2 1 1 4047 4592 4104 4885
9442 4 2 1 1 481 3720 483 4583
9443 4 2 1 1 1062 606 605 5030
9444 4 2 1 1 1616 4362 1343 4408
9445 4 2 1 1 1824 4393 1942 4414
9446 4 2 1 1 2275 2240 2235 4418
9447 4 2 1 1 872 398 871 874
9448 4 2 1 1 3517 3523 3510 5004
9449 4 2 1 1 4093 606 4725 4726
9450 4 2 1 1 1071 4139 4505 4927
9451 4 2 1 1 28 4140 2427 4142
9452 4 2 1 1 3864 3950 3909 4407
9453 4 2 1 1 1409 1427 959 4443
9454 4 2 1 1 1863 1861 2138 5034
9455 4 2 1 1 3716 3729 20 4351
9456 4 2 1 1 3866 4021 3945 4422
9457 4 2 1 1 3290 4569 3326 4913
9458 4 2 1 1 2688 1909 1915 4854
9459 4 2 1 1 2893 4333 2958 5029
9460 4 2 1 1 763 760 779 4231
9461 4 2 1 1 3998 4710 4753 4920
9462 4 2 1 1 3484 4530 3491 4859
9463 4 2 1 1 4017 4366 4297 4783
9464 4 2 1 1 2122 611 2725 4508
9465 4 2 1 1 2830 2840 2816 5087
9466 4 2 1 1 2951 2970 3035 4293
9467 4 2 1 1 927 925 4589 5055
9468 4 2 1 1 2882 4165 3930 4447
9469 4 2 1 1 1419 4474 1204 4476
9470 4 2 1 1 3153 3151 4366 4783
9471 4 2 1 1 491 3715 492 4884
9472 4 2 1 1 3351 3158 3332 4841
9473 4 2 1 1 3172 4525 3173 4621
9474 4 2 1 1 4130 4275 4041 4740
9475 4 2 1 1 1302 1296 1362 4193
9476 4 2 1 1 3183 3194 3184 4289
9477 4 2 1 1 1905 2604 2567 4789
9478 4 2 1 1 626 639 627 4489
9479 4 2 1 1 1949 1947 1948 4680
9480 4 2 1 1 3196 3179 3197 4987
9481 4 2 1 1 2029 4196 4460 4496
9482 4 2 1 1 477 4203 3687 4400
9483 4 2 1 1 2981 3078 2980 4706
9484 4 2 1 1 3524 330 3517 4671
9485 4 2 1 1 1146 371 372 4269
9486 4 2 1 1 2657 4424 4335 4939
9487 4 2 1 1 4089 4172 3925 4859
9488 4 2 1 1 3703 3706 3691 4951
9489 4 2 1 1 1836 4375 4843 4902
9490 4 2 1 1 3378 3990 4330 4380
9491 4 2 1 1 847 845 1710 4817
9492 4 2 1 1 2863 4405 2862 4911
9493 4 2 1 1 4181 4679 2151 4748
9494 4 2 1 1 898 137 135 4825
9495 4 2 1 1 817 787 798 3900
9496 4 2 1 1 624 628 626 4243
9497 4 2 1 1 4411 4662 1659 4844
9498 4 2 1 1 2653 2680 1988 4202
9499 4 2 1 1 3828 4440 4303 4588
9500 4 2 1 1 808 817 800 4449
9501 4 2 1 1 2651 4184 2081 4225
9502 4 2 1 1 1180 4650 1179 4808
9503 4 2 1 1 544 616 683 4691
9504 4 2 1 1 3484 4782 4530 4859
9505 4 2 1 1 80 1729 1727 4886
9506 4 2 1 1 704 711 646 546
9507 4 2 1 1 1153 1152 1154 4358
9508 4 2 1 1 1253 953 961 4867
9509 4 2 1 1 4045 4527 3919 4696
9510 4 2 1 1 1757 1758 1755 4334
9511 4 2 1 1 3116 3065 3115 4377
9512 4 2 1 1 3904 4026 3980 4996
9513 4 2 1 1 687 698 690 4395
9514 4 2 1 1 3809 4753 4710 4920
9515 4 2 1 1 1868 2421 2358 4750
9516 4 2 1 1 3906 4034 3985 4960
9517 4 2 1 1 2681 2546 2441 4627
9518 4 2 1 1 1128 1132 1133 4948
9519 4 2 1 1 607 605 4048 4910
9520 4 2 1 1 198 3396 199 5039
9521 4 2 1 1 3680 3665 3671 4800
9522 4 2 1 1 4057 4154 430 4295
9523 4 2 1 1 808 802 787 4299
9524 4 2 1 1 3996 4722 4240 4964
9525 4 2 1 1 3050 3048 3049 4483
9526 4 2 1 1 3976 4619 4492 4757
9527 4 2 1 1 4217 1065 4505 4908
9528 4 2 1 1 3846 3921 3891 4051
9529 4 2 1 1 463 3666 464 4572
9530 4 2 1 1 1436 1037 1018 4587
9531 4 2 1 1 3595 4320 3590 4683
9532 4 2 1 1 3031 3909 2967 4439
9533 4 2 1 1 3331 4297 4486 4790
9534 4 2 1 1 2032 4496 4458 5077
9535 4 2 1 1 3416 4123 4428 4997
9536 4 2 1 1 192 191 4056 4745
9537 4 2 1 1 572 686 788 712
9538 4 2 1 1 4377 4604 4021 4804
9539 4 2 1 1 2797 2812 158 4569
9540 4 2 1 1 2421 1820 2358 4750
9541 4 2 1 1 3807 4536 4764 4846
9542 4 2 1 1 1628 1331 944 4904
9543 4 2 1 1 3282 4842 3300 4862
9544 4 2 1 1 561 669 816 679
9545 4 2 1 1 1043 1022 1368 4798
9546 4 2 1 1 1863 4364 4767 5034
9547 4 2 1 1 1512 4200 1113 4765
9548 4 2 1 1 632 704 646 546
9549 4 2 1 1 3807 4763 4367 4764
9550 4 2 1 1 3415 279 3414 4538
9551 4 2 1 1 2405 1956 1959 4481
9552 4 2 1 1 1740 1741 1742 4478
9553 4 2 1 1 3943 4463 3830 4807
9554 4 2 1 1 2797 2816 2812 4569
9555 4 2 1 1 3689 3699 4203 4879
9556 4 2 1 1 924 4980 925 5055
9557 4 2 1 1 1734 4375 2202 4843
9558 4 2 1 1 4067 4585 3875 4754
9559 4 2 1 1 2900 2936 2902 4639
9560 4 2 1 1 3864 4124 3950 4407
9561 4 2 1 1 3320 4555 3318 4891
9562 4 2 1 1 3832 4298 3913 4969
9563 4 2 1 1 220 4465 3322 4628
9564 4 2 1 1 379 378 3567 4181
9565 4 2 1 1 2674 2269 2255 5067
9566 4 2 1 1 1078 1077 1075 4661
9567 4 2 1 1 1124 1127 1126 5001
9568 4 2 1 1 3217 3215 3229 4893
9569 4 2 1 1 2610 2118 1850 4603
9570 4 2 1 1 325 324 5010 5011
9571 4 2 1 1 973 4451 1243 5060
9572 4 2 1 1 897 1629 4403 4863
9573 4 2 1 1 3353 3306 3126 4162
9574 4 2 1 1 3270 3255 3306 4775
9575 4 2 1 1 3899 4180 4000 4991
9576 4 2 1 1 3999 4341 4220 4868
9577 4 2 1 1 1932 2055 1930 4335
9578 4 2 1 1 2605 2217 4645 4924
9579 4 2 1 1 3972 4772 4133 5055
9580 4 2 1 1 193 3803 4599 5017
9581 4 2 1 1 200 4305 3396 5074
9582 4 2 1 1 990 1266 1247 4441
9583 4 2 1 1 1207 1206 1698 4670
9584 4 2 1 1 3998 4713 4218 5084
9585 4 2 1 1 1962 1928 4520 4939
9586 4 2 1 1 4541 4663 4127 4940
9587 4 2 1 1 996 1269 1589 4570
9588 4 2 1 1 3841 3914 3986 4362
9589 4 2 1 1 1504 1505 1231 4876
9590 4 2 1 1 1223 1623 4474 4580
9591 4 2 1 1 4241 4285 3964 5080
9592 4 2 1 1 2670 4458 2032 4496
9593 4 2 1 1 3944 4451 4310 4617
9594 4 2 1 1 1188 1660 1187 4475
9595 4 2 1 1 1837 1894 2064 4660
9596 4 2 1 1 598 1277 15 4836
9597 4 2 1 1 2699 2388 2712 4507
9598 4 2 1 1 158 157 3290 2879
9599 4 2 1 1 2137 600 2149 4521
9600 4 2 1 1 812 794 4610 5037
9601 4 2 1 1 1700 983 1263 4488
9602 4 2 1 1 1055 1003 1415 4912
9603 4 2 1 1 1038 1040 1498 4588
9604 4 2 1 1 2255 2243 2674 5067
9605 4 2 1 1 3986 4166 3841 4922
9606 4 2 1 1 1415 1503 1056 4408
9607 4 2 1 1 2913 2920 4419 4724
9608 4 2 1 1 4133 3972 4697 4772
9609 4 2 1 1 1383 4742 1384 4949
9610 4 2 1 1 1273 1298 1271 4742
9611 4 2 1 1 1029 1030 1031 5069
9612 4 2 1 1 892 4772 4411 4844
9613 4 2 1 1 1505 1063 1382 5032
9614 4 2 1 1 1571 4666 4498 4875
9615 4 2 1 1 730 728 727 4994
9616 4 2 1 1 610 1266 4730 4937
9617 4 2 1 1 3888 4228 3816 4995
9618 4 2 1 1 3892 4005 4149 4195
9619 4 2 1 1 557 814 789 4647
9620 4 2 1 1 4261 4386 2648 4802
9621 4 2 1 1 3961 4078 4077 4516
9622 4 2 1 1 2869 4595 2872 4916
9623 4 2 1 1 3827 4727 4264 4889
9624 4 2 1 1 2100 2728 4718 4924
9625 4 2 1 1 362 361 4197 4918
9626 4 2 1 1 1928 1927 1962 4520
9627 4 2 1 1 3048 2928 4804 4934
9628 4 2 1 1 913 1606 1431 5071
9629 4 2 1 1 2943 2944 2942 4947
9630 4 2 1 1 947 3995 1287 4247
9631 4 2 1 1 2593 4680 1948 4681
9632 4 2 1 1 686 3969 707 4345
9633 4 2 1 1 1657 933 935 4654
9634 4 2 1 1 3149 3178 3161 4987
9635 4 2 1 1 573 788 686 4012
9636 4 2 1 1 2587 2042 2057 4636
9637 4 2 1 1 3016 3109 3112 4733
9638 4 2 1 1 3220 4557 4401 4621
9639 4 2 1 1 749 643 547 4938
9640 4 2 1 1 630 620 636 4041
9641 4 2 1 1 3304 3316 3173 4621
9642 4 2 1 1 3921 3939 3891 5021
9643 4 2 1 1 2969 3119 2968 4947
9644 4 2 1 1 3208 3329 4524 4598
9645 4 2 1 1 744 719 725 4138
9646 4 2 1 1 3326 4569 4168 4913
9647 4 2 1 1 3881 4806 3942 5020
9648 4 2 1 1 3998 4220 4218 4713
9649 4 2 1 1 4612 4699 4341 5056
9650 4 2 1 1 1448 1061 605 4456
9651 4 2 1 1 2348 2112 2481 4365
9652 4 2 1 1 470 3700 469 4840
9653 4 2 1 1 1209 4146 1269 4415
9654 4 2 1 1 3968 4353 4230 4708
9655 4 2 1 1 3941 4106 2041 4636
9656 4 2 1 1 1566 1615 1588 5045
9657 4 2 1 1 4041 4363 4130 4624
9658 4 2 1 1 3042 4533 3100 4963
9659 4 2 1 1 851 1636 4590 5032
9660 4 2 1 1 980 978 981 5060
9661 4 2 1 1 646 633 556 781
9662 4 2 1 1 1621 1233 1234 4296
9663 4 2 1 1 3892 4115 4195 4943
9664 4 2 1 1 2377 2082 4225 4871
9665 4 2 1 1 3772 4388 4195 4638
9666 4 2 1 1 336 3514 337 4849
9667 4 2 1 1 1325 1222 1283 4558
9668 4 2 1 1 738 667 5023 5059
9669 4 2 1 1 2545 4615 1952 4681
9670 4 2 1 1 691 697 693 4738
9671 4 2 1 1 782 771 816 596
9672 4 2 1 1 895 4590 1009 5073
9673 4 2 1 1 1206 4670 1207 5044
9674 4 2 1 1 2865 2856 136 4577
9675 4 2 1 1 3878 4421 4216 4643
9676 4 2 1 1 4319 4723 4110 5005
9677 4 2 1 1 2427 28 603 4140
9678 4 2 1 1 3611 432 3622 4620
9679 4 2 1 1 4566 4657 1838 4966
9680 4 2 1 1 1414 1044 1592 4876
9681 4 2 1 1 607 2624 4534 4635
9682 4 2 1 1 2329 2326 2330 4714
9683 4 2 1 1 816 802 669 561
9684 4 2 1 1 654 651 4013 4285
9685 4 2 1 1 577 722 748 4814
9686 4 2 1 1 1852 2708 1853 4777
9687 4 2 1 1 4016 4699 4612 4711
9688 4 2 1 1 729 4537 741 4667
9689 4 2 1 1 4310 4443 4024 5026
9690 4 2 1 1 2460 2455 349 2459
9691 4 2 1 1 1905 4789 2575 5048
9692 4 2 1 1 3669 4122 3679 4495
9693 4 2 1 1 398 1220 1215 4558
9694 4 2 1 1 1254 4452 1255 4973
9695 4 2 1 1 4197 4771 3997 5078
9696 4 2 1 1 1248 4411 1659 4844
9697 4 2 1 1 675 647 664 4550
9698 4 2 1 1 3825 4127 4576 4940
9699 4 2 1 1 4038 4678 4887 4993
9700 4 2 1 1 1130 1128 1134 4582
9701 4 2 1 1 85 4036 4470 4620
9702 4 2 1 1 2433 2625 2493 4497
9703 4 2 1 1 3988 4577 4405 4916
9704 4 2 1 1 2373 2615 1939 4797
9705 4 2 1 1 46 45 4148 4923
9706 4 2 1 1 3283 3181 3299 4579
9707 4 2 1 1 1111 4505 4139 4670
9708 4 2 1 1 3912 3977 4130 4624
9709 4 2 1 1 1944 4414 2666 4497
9710 4 2 1 1 2094 2132 2126 5047
9711 4 2 1 1 913 1245 1606 5070
9712 4 2 1 1 900 1332 1333 4875
9713 4 2 1 1 4132 4781 4098 4914
9714 4 2 1 1 651 666 667 3964
9715 4 2 1 1 2023 2063 4196 4209
9716 4 2 1 1 27 3616 4242 4970
9717 4 2 1 1 4130 4251 4109 4901
9718 4 2 1 1 1081 1083 1117 4808
9719 4 2 1 1 1409 1209 1208 4415
9720 4 2 1 1 1492 1075 4661 4949
9721 4 2 1 1 4218 4668 3998 5084
9722 4 2 1 1 2372 2370 2371 5053
9723 4 2 1 1 2670 2030 2410 4967
9724 4 2 1 1 343 4687 342 5004
9725 4 2 1 1 3876 4341 4516 4612
9726 4 2 1 1 3216 4287 3215 4401
9727 4 2 1 1 724 727 4722 4964
9728 4 2 1 1 1428 1245 913 5070
9729 4 2 1 1 4130 4109 4652 4901
9730 4 2 1 1 2892 4963 4601 5029
9731 4 2 1 1 1680 1143 1144 4269
9732 4 2 1 1 1721 1719 78 4978
9733 4 2 1 1 4070 4916 4595 4977
9734 4 2 1 1 3866 4429 4838 5068
9735 4 2 1 1 723 589 785 4845
9736 4 2 1 1 408 4320 3592 4953
9737 4 2 1 1 3892 4115 4005 4195
9738 4 2 1 1 744 719 4138 4813
9739 4 2 1 1 4075 4796 3974 4996
9740 4 2 1 1 4091 4316 3904 4851
9741 4 2 1 1 1294 1507 4043 4742
9742 4 2 1 1 448 464 4345 4573
9743 4 2 1 1 3133 3208 3207 4598
9744 4 2 1 1 1841 1882 1883 4786
9745 4 2 1 1 990 4441 1247 5038
9746 4 2 1 1 913 908 910 5070
9747 4 2 1 1 1156 1155 1154 4358
9748 4 2 1 1 382 2327 1879 4616
9749 4 2 1 1 1959 1957 1960 4481
9750 4 2 1 1 2273 1918 2504 4535
9751 4 2 1 1 492 3715 3714 4884
9752 4 2 1 1 4341 3999 4699 4868
9753 4 2 1 1 3937 4441 4844 4956
9754 4 2 1 1 3621 3617 426 4467
9755 4 2 1 1 1860 1862 1920 5034
9756 4 2 1 1 3764 3769 3763 4770
9757 4 2 1 1 2408 1889 2266 4743
9758 4 2 1 1 3979 4607 4190 5036
9759 4 2 1 1 758 757 759 4208
9760 4 2 1 1 3926 4371 3943 4807
9761 4 2 1 1 3916 4567 4364 4895
9762 4 2 1 1 3516 3522 3528 4687
9763 4 2 1 1 2953 4788 4293 5024
9764 4 2 1 1 3184 4289 4794 4987
9765 4 2 1 1 3951 4125 3897 4673
9766 4 2 1 1 1791 1793 4165 4686
9767 4 2 1 1 3969 4011 686 5075
9768 4 2 1 1 1154 1697 1153 4358
9769 4 2 1 1 4452 4772 1255 4973
9770 4 2 1 1 1383 1086 1105 4742
9771 4 2 1 1 1195 1445 1196 5081
9772 4 2 1 1 3980 4573 4265 4885
9773 4 2 1 1 3675 3673 3668 4898
9774 4 2 1 1 621 4041 630 4052
9775 4 2 1 1 2779 2776 2775 4946
9776 4 2 1 1 4109 4130 3912 4251
9777 4 2 1 1 1980 2612 4428 4793
9778 4 2 1 1 4115 514 4388 4943
9779 4 2 1 1 547 739 643 636
9780 4 2 1 1 3888 3910 3849 4266
9781 4 2 1 1 420 421 3629 4877
9782 4 2 1 1 2410 2538 2411 4967
9783 4 2 1 1 1914 2531 2709 4510
9784 4 2 1 1 3506 3512 3514 4849
9785 4 2 1 1 2910 4457 4211 4890
9786 4 2 1 1 3897 4186 3945 5068
9787 4 2 1 1 3817 3953 3836 4070
9788 4 2 1 1 1233 4296 979 4872
9789 4 2 1 1 3841 4408 4166 4912
9790 4 2 1 1 4119 4631 4285 5080
9791 4 2 1 1 3264 3366 4784 4811
9792 4 2 1 1 3186 3183 3178 4790
9793 4 2 1 1 892 4411 1248 4844
9794 4 2 1 1 3049 4483 3048 4804
9795 4 2 1 1 4296 4768 396 5035
9796 4 2 1 1 3353 3126 4084 4162
9797 4 2 1 1 2888 2885 2887 4709
9798 4 2 1 1 3964 4647 3852 5059
9799 4 2 1 1 369 4210 4061 4349
9800 4 2 1 1 3912 4130 4109 4652
9801 4 2 1 1 3720 481 3731 5033
9802 4 2 1 1 4115 4243 514 4740
9803 4 2 1 1 784 4270 818 5037
9804 4 2 1 1 613 4489 626 5019
9805 4 2 1 1 3732 3722 4132 4502
9806 4 2 1 1 2611 4458 2051 5077
9807 4 2 1 1 1304 4037 1301 4193
9808 4 2 1 1 651 677 4647 5059
9809 4 2 1 1 1369 1374 1370 4799
9810 4 2 1 1 4528 4529 3370 4791
9811 4 2 1 1 4017 3886 4273 4396
9812 4 2 1 1 196 3395 197 5039
9813 4 2 1 1 3690 3692 4608 4951
9814 4 2 1 1 4187 3908 4528 4791
9815 4 2 1 1 4028 4333 4282 4455
9816 4 2 1 1 1088 1619 1090 4493
9817 4 2 1 1 909 910 908 5070
9818 4 2 1 1 1328 1254 609 4973
9819 4 2 1 1 80 79 1723 4886
9820 4 2 1 1 1602 1201 1228 5007
9821 4 2 1 1 3034 4604 4377 4804
9822 4 2 1 1 4076 4117 4010 4893
9823 4 2 1 1 3968 4230 4147 4708
9824 4 2 1 1 3638 3633 3632 5012
9825 4 2 1 1 2855 137 4824 4894
9826 4 2 1 1 3715 4884 491 5033
9827 4 2 1 1 1206 1380 1506 4670
9828 4 2 1 1 2188 4181 2151 4748
9829 4 2 1 1 1079 1080 1384 4949
9830 4 2 1 1 2192 2579 4246 5066
9831 4 2 1 1 3896 4731 4368 4965
9832 4 2 1 1 4559 4785 3960 5014
9833 4 2 1 1 2947 2955 2954 5085
9834 4 2 1 1 2912 4419 4211 4724
9835 4 2 1 1 613 539 650 4492
9836 4 2 1 1 2254 4734 2408 4743
9837 4 2 1 1 4665 4752 22 4877
9838 4 2 1 1 2513 4615 4329 4681
9839 4 2 1 1 637 640 629 4430
9840 4 2 1 1 3336 4579 4396 4896
9841 4 2 1 1 3851 4888 3936 4984
9842 4 2 1 1 1408 601 24 4321
9843 4 2 1 1 3419 3417 240 4614
9844 4 2 1 1 4054 4769 4325 5003
9845 4 2 1 1 1128 1133 1134 4948
9846 4 2 1 1 851 4590 4981 5032
9847 4 2 1 1 700 688 4103 4318
9848 4 2 1 1 461 3669 4495 4898
9849 4 2 1 1 2247 2243 2255 5067
9850 4 2 1 1 3029 3111 2883 4324
9851 4 2 1 1 3084 4457 3088 4890
9852 4 2 1 1 2853 4597 2858 4887
9853 4 2 1 1 3836 3952 4262 4661
9854 4 2 1 1 2086 2087 2658 4421
9855 4 2 1 1 1024 400 1401 5070
9856 4 2 1 1 1332 4817 899 4873
9857 4 2 1 1 4005 4115 3976 4388
9858 4 2 1 1 2034 2036 2673 4698
9859 4 2 1 1 648 668 565 4989
9860 4 2 1 1 428 4180 427 4751
9861 4 2 1 1 3613 3625 3612 4878
9862 4 2 1 1 3966 4728 797 4985
9863 4 2 1 1 656 653 664 4392
9864 4 2 1 1 1905 2575 2132 5048
9865 4 2 1 1 1327 839 1701 4818
9866 4 2 1 1 648 662 660 4847
9867 4 2 1 1 554 614 638 4957
9868 4 2 1 1 3855 4850 4835 4990
9869 4 2 1 1 3842 4027 4617 4650
9870 4 2 1 1 1288 895 844 4590
9871 4 2 1 1 3964 666 4119 4285
9872 4 2 1 1 1908 2427 1915 4346
9873 4 2 1 1 21 4664 4340 4953
9874 4 2 1 1 984 4488 4157 4678
9875 4 2 1 1 1179 4650 4027 4808
9876 4 2 1 1 3643 3644 3647 4353
9877 4 2 1 1 1182 4362 1384 4742
9878 4 2 1 1 2401 4386 4216 4398
9879 4 2 1 1 1350 1349 1353 4629
9880 4 2 1 1 609 612 611 4728
9881 4 2 1 1 612 609 610 4728
9882 4 2 1 1 102 103 2842 4776
9883 4 2 1 1 2984 2982 2983 4712
9884 4 2 1 1 732 717 564 4641
9885 4 2 1 1 4008 3907 4112 4203
9886 4 2 1 1 4180 4285 427 4906
9887 4 2 1 1 94 1864 1737 4389
9888 4 2 1 1 3947 4192 3948 4700
9889 4 2 1 1 4321 4631 4630 4683
9890 4 2 1 1 2988 4724 4385 4769
9891 4 2 1 1 4229 4668 3994 4850
9892 4 2 1 1 864 862 1714 4707
9893 4 2 1 1 577 748 710 4814
9894 4 2 1 1 3862 4713 4204 4831
9895 4 2 1 1 2415 2416 2051 4458
9896 4 2 1 1 1226 4435 987 4825
9897 4 2 1 1 669 656 649 4299
9898 4 2 1 1 1736 1852 1853 4777
9899 4 2 1 1 4037 4136 370 4479
9900 4 2 1 1 57 1110 133 2784
9901 4 2 1 1 3841 4545 4454 4912
9902 4 2 1 1 1062 1058 4454 4912
9903 4 2 1 1 1428 1029 1245 5070
9904 4 2 1 1 1994 2052 1992 5017
9905 4 2 1 1 3727 3716 4279 4351
9906 4 2 1 1 1502 1501 1130 5001
9907 4 2 1 1 1003 4166 1415 4912
9908 4 2 1 1 3945 4186 3897 4211
9909 4 2 1 1 1338 1341 1407 4479
9910 4 2 1 1 4042 4657 4566 4936
9911 4 2 1 1 3839 4732 3899 4991
9912 4 2 1 1 1116 1121 1120 4450
9913 4 2 1 1 668 4938 720 4989
9914 4 2 1 1 3942 3961 4830 5011
9915 4 2 1 1 2876 157 3290 4913
9916 4 2 1 1 1366 4201 133 5044
9917 4 2 1 1 673 3981 660 4097
9918 4 2 1 1 3807 4812 4537 4962
9919 4 2 1 1 2458 2634 2276 5000
9920 4 2 1 1 2120 2121 1854 4567
9921 4 2 1 1 903 865 902 5071
9922 4 2 1 1 2565 2706 2556 4999
9923 4 2 1 1 2411 2033 2410 4967
9924 4 2 1 1 3830 4806 3881 4807
9925 4 2 1 1 39 1840 4437 4946
9926 4 2 1 1 3966 4154 4050 4747
9927 4 2 1 1 4180 4000 4751 5052
9928 4 2 1 1 3494 3495 324 4307
9929 4 2 1 1 891 4278 1359 4558
9930 4 2 1 1 843 4236 4266 4590
9931 4 2 1 1 1192 1191 1190 4498
9932 4 2 1 1 4492 4619 4416 4757
9933 4 2 1 1 2156 93 1739 4688
9934 4 2 1 1 1058 1056 1059 4912
9935 4 2 1 1 2193 1949 2426 4680
9936 4 2 1 1 134 923 2785 4445
9937 4 2 1 1 798 787 809 3900
9938 4 2 1 1 4164 2278 4380 4955
9939 4 2 1 1 1181 4262 3986 4808
9940 4 2 1 1 4157 4488 1263 4666
9941 4 2 1 1 1233 979 1699 4872
9942 4 2 1 1 25 4319 4360 4540
9943 4 2 1 1 3967 4367 3843 4994
9944 4 2 1 1 3895 4210 372 4247
9945 4 2 1 1 2282 2210 4447 4686
9946 4 2 1 1 2968 3119 3030 4439
9947 4 2 1 1 2201 4434 4316 4851
9948 4 2 1 1 288 4339 3453 4436
9949 4 2 1 1 2350 1898 1899 4925
9950 4 2 1 1 3193 3188 4030 4289
9951 4 2 1 1 415 4622 4618 4747
9952 4 2 1 1 1879 2327 1880 4616
9953 4 2 1 1 3201 3329 3200 4524
9954 4 2 1 1 4098 3906 4566 4966
9955 4 2 1 1 4435 4678 141 4887
9956 4 2 1 1 2393 2660 2397 4398
9957 4 2 1 1 3827 4249 4607 4889
9958 4 2 1 1 679 782 567 768
9959 4 2 1 1 3259 4390 4579 4896
9960 4 2 1 1 1384 1383 1273 4742
9961 4 2 1 1 4367 4764 3843 4846
9962 4 2 1 1 385 4085 374 5062
9963 4 2 1 1 1390 1564 1129 4247
9964 4 2 1 1 1892 1837 1734 4843
9965 4 2 1 1 4069 4595 3953 4596
9966 4 2 1 1 342 326 5009 5027
9967 4 2 1 1 3163 4468 4337 4862
9968 4 2 1 1 2242 3873 2243 4245
9969 4 2 1 1 132 2785 923 4445
9970 4 2 1 1 1116 1120 1068 4450
9971 4 2 1 1 4105 4555 4343 4891
9972 4 2 1 1 1073 4252 4139 4927
9973 4 2 1 1 3954 4003 3992 4066
9974 4 2 1 1 3947 3948 4336 4700
9975 4 2 1 1 345 4245 4698 5067
9976 4 2 1 1 3881 4080 3925 4308
9977 4 2 1 1 3924 4397 4114 4723
9978 4 2 1 1 4018 3832 4298 4382
9979 4 2 1 1 1185 1434 1622 4650
9980 4 2 1 1 433 435 3648 5025
9981 4 2 1 1 3751 3753 3755 4348
9982 4 2 1 1 1068 1069 1067 4505
9983 4 2 1 1 1335 3962 1336 4136
9984 4 2 1 1 1214 4426 1215 4558
9985 4 2 1 1 4492 4619 3976 5019
9986 4 2 1 1 1269 4146 1589 4570
9987 4 2 1 1 3548 3553 4496 4860
9988 4 2 1 1 2085 4421 4184 4871
9989 4 2 1 1 3913 4281 4789 4795
9990 4 2 1 1 3744 4819 4682 4901
9991 4 2 1 1 4143 4783 3180 4811
9992 4 2 1 1 3674 3663 4268 4344
9993 4 2 1 1 642 4073 4074 4258
9994 4 2 1 1 2728 4718 4178 5048
9995 4 2 1 1 35 4725 606 4726
9996 4 2 1 1 612 3966 610 4747
9997 4 2 1 1 4164 4615 2545 4681
9998 4 2 1 1 167 169 3080 4982
9999 4 2 1 1 3933 4279 4657 4936
10000 4 2 1 1 1231 1017 1035 4876
10001 4 2 1 1 143 963 1575 4678
10002 4 2 1 1 4005 4195 4115 4388
10003 4 2 1 1 3240 4382 3253 4632
10004 4 2 1 1 150 2877 2875 4982
10005 4 2 1 1 467 3692 465 4608
10006 4 2 1 1 163 145 146 4111
10007 4 2 1 1 3737 3744 3738 4819
10008 4 2 1 1 4121 4718 4178 4924
10009 4 2 1 1 2254 2250 2408 4734
10010 4 2 1 1 4039 4175 4038 4993
10011 4 2 1 1 1727 1728 79 4886
10012 4 2 1 1 4218 4850 4668 4990
10013 4 2 1 1 976 1560 1580 5035
10014 4 2 1 1 761 764 766 4288
10015 4 2 1 1 2249 2239 2597 4606
10016 4 2 1 1 2851 140 2866 4911
10017 4 2 1 1 3200 4524 3189 4705
10018 4 2 1 1 765 753 774 4921
10019 4 2 1 1 1489 1497 1486 4765
10020 4 2 1 1 4069 4070 3953 4595
10021 4 2 1 1 646 632 633 4431
10022 4 2 1 1 1113 1632 1486 4765
10023 4 2 1 1 3984 4851 4434 4852
10024 4 2 1 1 1054 1061 1448 4456
10025 4 2 1 1 410 4119 4630 4906
10026 4 2 1 1 2800 4378 2809 4883
10027 4 2 1 1 4262 4742 3914 4949
10028 4 2 1 1 2048 1888 2279 4082
10029 4 2 1 1 4025 4729 4148 4730
10030 4 2 1 1 426 4467 3617 4751
10031 4 2 1 1 849 4266 846 4981
10032 4 2 1 1 3339 3348 4557 4842
10033 4 2 1 1 1241 1432 1381 4617
10034 4 2 1 1 2504 1958 2273 4535
10035 4 2 1 1 3882 3920 4145 4207
10036 4 2 1 1 604 4097 602 4723
10037 4 2 1 1 3554 265 3555 4918
10038 4 2 1 1 4121 4925 4085 5062
10039 4 2 1 1 1631 1632 1108 4756
10040 4 2 1 1 702 699 715 4523
10041 4 2 1 1 1305 1306 1342 4037
10042 4 2 1 1 918 1654 1665 4666
10043 4 2 1 1 4293 4788 4429 4838
10044 4 2 1 1 2733 1799 1800 4380
10045 4 2 1 1 4524 4613 234 4614
10046 4 2 1 1 82 2202 1734 4375
10047 4 2 1 1 832 1380 1206 5082
10048 4 2 1 1 205 3372 204 4565
10049 4 2 1 1 3340 3365 3296 4891
10050 4 2 1 1 2807 2849 148 4600
10051 4 2 1 1 790 592 783 815
10052 4 2 1 1 4181 4575 3568 4633
10053 4 2 1 1 4503 4566 3906 4864
10054 4 2 1 1 2030 4496 4460 4967
10055 4 2 1 1 2044 4636 2042 4637
10056 4 2 1 1 1287 4247 3995 4948
10057 4 2 1 1 1264 1039 1037 4588
10058 4 2 1 1 3879 4037 3928 4856
10059 4 2 1 1 3630 421 422 4950
10060 4 2 1 1 643 617 636 4938
10061 4 2 1 1 1409 959 4415 4443
10062 4 2 1 1 681 697 709 4739
10063 4 2 1 1 2199 1844 2594 5002
10064 4 2 1 1 327 4113 326 4173
10065 4 2 1 1 4221 4427 3989 4900
10066 4 2 1 1 3812 3834 4779 5014
10067 4 2 1 1 606 608 4093 4725
10068 4 2 1 1 1513 1003 1272 4922
10069 4 2 1 1 728 4537 729 4962
10070 4 2 1 1 3953 4128 3952 4596
10071 4 2 1 1 96 1834 97 4648
10072 4 2 1 1 2929 2930 3102 4934
10073 4 2 1 1 1060 1503 1315 4408
10074 4 2 1 1 644 780 552 773
10075 4 2 1 1 2698 2388 2699 4932
10076 4 2 1 1 4515 4741 4379 4929
10077 4 2 1 1 630 636 617 4822
10078 4 2 1 1 701 685 700 4006
10079 4 2 1 1 3844 4822 4107 4938
10080 4 2 1 1 2984 2983 4308 4712
10081 4 2 1 1 3774 4195 3772 4388
10082 4 2 1 1 791 788 4012 4265
10083 4 2 1 1 321 3531 3505 3504
10084 4 2 1 1 745 4626 735 5023
10085 4 2 1 1 831 68 833 144
10086 4 2 1 1 4190 4607 3999 5036
10087 4 2 1 1 2890 2889 2888 4709
10088 4 2 1 1 747 712 4984 5075
10089 4 2 1 1 2435 1874 1877 4616
10090 4 2 1 1 3859 4105 4611 4919
10091 4 2 1 1 3945 4021 3866 5068
10092 4 2 1 1 3859 4969 4453 4988
10093 4 2 1 1 1553 1554 1547 4338
10094 4 2 1 1 3892 4375 4379 4929
10095 4 2 1 1 3909 4389 3824 4940
10096 4 2 1 1 4144 4836 3907 4857
10097 4 2 1 1 2860 4597 2850 4894
10098 4 2 1 1 3041 4533 3042 4809
10099 4 2 1 1 3565 3949 3561 4975
10100 4 2 1 1 2271 2267 2492 345
10101 4 2 1 1 1209 1589 1269 4146
10102 4 2 1 1 523 524 4638 4770
10103 4 2 1 1 1697 1154 1155 4358
10104 4 2 1 1 2649 2496 2433 4497
10105 4 2 1 1 2882 3016 3993 4733
10106 4 2 1 1 4205 3898 4640 4820
10107 4 2 1 1 143 4157 144 4993
10108 4 2 1 1 518 4114 4150 4757
10109 4 2 1 1 1246 1661 1323 5069
10110 4 2 1 1 1344 4310 1243 4617
10111 4 2 1 1 781 711 687 582
10112 4 2 1 1 2083 2480 4184 5047
10113 4 2 1 1 4101 4219 4675 5083
10114 4 2 1 1 4133 4473 3879 4589
10115 4 2 1 1 880 1324 1394 4580
10116 4 2 1 1 3856 4565 4168 4913
10117 4 2 1 1 4115 4741 4740 4943
10118 4 2 1 1 603 1915 4560 4591
10119 4 2 1 1 3917 3959 3869 4141
10120 4 2 1 1 4044 4536 4403 4863
10121 4 2 1 1 2168 2693 2167 5050
10122 4 2 1 1 2436 5077 2722 5078
10123 4 2 1 1 485 3727 486 4801
10124 4 2 1 1 3848 3886 4017 4143
10125 4 2 1 1 1009 4590 4153 5073
10126 4 2 1 1 3362 3254 3240 4298
10127 4 2 1 1 2938 4419 4417 4422
10128 4 2 1 1 644 541 680 672
10129 4 2 1 1 3997 4538 4202 4866
10130 4 2 1 1 3916 3991 3948 4895
10131 4 2 1 1 2248 2256 2250 4803
10132 4 2 1 1 3366 4783 3192 4784
10133 4 2 1 1 3740 3741 4251 4901
10134 4 2 1 1 3991 4289 4364 4790
10135 4 2 1 1 856 1359 4099 4558
10136 4 2 1 1 1124 1126 1671 5001
10137 4 2 1 1 1637 4200 1511 4493
10138 4 2 1 1 991 1049 993 4662
10139 4 2 1 1 2133 1968 2052 5017
10140 4 2 1 1 893 1420 951 4311
10141 4 2 1 1 1904 4789 4281 4795
10142 4 2 1 1 677 814 4647 5059
10143 4 2 1 1 4028 4160 3908 4282
10144 4 2 1 1 3574 3573 3570 4848
10145 4 2 1 1 370 1626 1627 1170
10146 4 2 1 1 3440 291 292 4145
10147 4 2 1 1 4033 4155 4390 4674
10148 4 2 1 1 143 4678 4157 4993
10149 4 2 1 1 670 661 659 3924
10150 4 2 1 1 3072 3102 4422 4934
10151 4 2 1 1 3938 4015 3877 4637
10152 4 2 1 1 630 617 4161 4275
10153 4 2 1 1 1896 4189 4118 4660
10154 4 2 1 1 3531 336 335 3504
10155 4 2 1 1 3807 4846 4367 4962
10156 4 2 1 1 3059 2957 4685 5039
10157 4 2 1 1 924 1704 922 5055
10158 4 2 1 1 2544 2299 2302 4677
10159 4 2 1 1 4310 4451 4004 5060
10160 4 2 1 1 4496 4771 4197 5077
10161 4 2 1 1 3986 4262 1181 4362
10162 4 2 1 1 714 684 695 4075
10163 4 2 1 1 1414 855 854 4746
10164 4 2 1 1 673 648 660 3981
10165 4 2 1 1 3593 3594 4669 5054
10166 4 2 1 1 789 810 4295 4647
10167 4 2 1 1 2214 4424 2657 4939
10168 4 2 1 1 1792 4165 1793 4380
10169 4 2 1 1 491 492 3734 4884
10170 4 2 1 1 1304 1305 1301 4037
10171 4 2 1 1 1041 1208 1269 4415
10172 4 2 1 1 1879 1880 1878 4616
10173 4 2 1 1 635 644 619 4490
10174 4 2 1 1 2140 4515 2148 4659
10175 4 2 1 1 2878 146 147 3082
10176 4 2 1 1 4250 4935 3946 5061
10177 4 2 1 1 1985 2638 2680 4202
10178 4 2 1 1 3942 4773 4308 4830
10179 4 2 1 1 1450 1451 1452 4870
10180 4 2 1 1 1128 1663 1127 4582
10181 4 2 1 1 1659 4662 1049 4844
10182 4 2 1 1 876 4546 877 4986
10183 4 2 1 1 103 4776 4567 5087
10184 4 2 1 1 959 1427 958 4443
10185 4 2 1 1 233 3419 3418 4614
10186 4 2 1 1 1198 1655 1197 5081
10187 4 2 1 1 1201 4477 1228 5007
10188 4 2 1 1 3832 3886 4033 4273
10189 4 2 1 1 1180 1434 1185 4650
10190 4 2 1 1 1806 1804 4330 4554
10191 4 2 1 1 4267 4602 4124 4721
10192 4 2 1 1 4717 4801 4279 4960
10193 4 2 1 1 2811 2824 2823 4913
10194 4 2 1 1 2374 2363 2620 4576
10195 4 2 1 1 3858 3872 3828 4063
10196 4 2 1 1 413 4295 4060 4646
10197 4 2 1 1 1661 1013 4986 5069
10198 4 2 1 1 2501 2180 2687 4627
10199 4 2 1 1 672 644 541 635
10200 4 2 1 1 1784 1786 1798 4792
10201 4 2 1 1 791 4749 792 4885
10202 4 2 1 1 2680 1984 4123 4997
10203 4 2 1 1 1166 1139 1244 4948
10204 4 2 1 1 3826 3916 3856 3947
10205 4 2 1 1 3913 4384 3832 4795
10206 4 2 1 1 1549 397 1586 69
10207 4 2 1 1 3630 3629 421 4950
10208 4 2 1 1 574 706 684 4749
10209 4 2 1 1 4165 4447 1772 4686
10210 4 2 1 1 2638 2687 1988 4202
10211 4 2 1 1 3405 3406 276 4387
10212 4 2 1 1 2601 2099 4386 4802
10213 4 2 1 1 4163 4771 4496 4860
10214 4 2 1 1 3879 3841 4454 4856
10215 4 2 1 1 2016 2437 2438 5078
10216 4 2 1 1 768 567 679 653
10217 4 2 1 1 3006 3005 3004 4656
10218 4 2 1 1 3967 4626 4482 4994
10219 4 2 1 1 3981 4641 4543 4989
10220 4 2 1 1 2037 2414 2538 4967
10221 4 2 1 1 3859 4821 4298 4988
10222 4 2 1 1 3967 4482 4367 4994
10223 4 2 1 1 2935 2917 2952 4651
10224 4 2 1 1 2887 4709 4160 4963
10225 4 2 1 1 1137 1138 1598 4948
10226 4 2 1 1 3585 4446 3599 4669
10227 4 2 1 1 2610 2119 2646 4805
10228 4 2 1 1 1986 2015 2014 4866
10229 4 2 1 1 3774 3772 3784 4388
10230 4 2 1 1 2722 2050 2520 5077
10231 4 2 1 1 2119 4499 4302 4805
10232 4 2 1 1 3218 3219 3199 4557
10233 4 2 1 1 3602 4446 415 4622
10234 4 2 1 1 2392 2675 2393 4932
10235 4 2 1 1 3908 4529 4528 4791
10236 4 2 1 1 1362 1361 1102 4629
10237 4 2 1 1 3339 4621 4131 4842
10238 4 2 1 1 1564 4247 947 4948
10239 4 2 1 1 3996 4844 4441 4956
10240 4 2 1 1 657 663 659 4941
10241 4 2 1 1 1973 1974 1972 4915
10242 4 2 1 1 3018 3092 3017 4721
10243 4 2 1 1 3119 2944 4439 4947
10244 4 2 1 1 860 862 865 4707
10245 4 2 1 1 1784 1798 2483 4792
10246 4 2 1 1 3848 4143 4017 4297
10247 4 2 1 1 4238 5013 4409 5065
10248 4 2 1 1 3631 418 419 4877
10249 4 2 1 1 2341 4350 2081 4412
10250 4 2 1 1 654 4013 3900 4285
10251 4 2 1 1 1163 1161 1164 4892
10252 4 2 1 1 2379 2523 2525 4871
10253 4 2 1 1 796 817 3901 4649
10254 4 2 1 1 3820 4758 4188 5002
10255 4 2 1 1 3948 4143 3991 4486
10256 4 2 1 1 3249 3246 3298 4564
10257 4 2 1 1 4408 4454 3841 4856
10258 4 2 1 1 3499 4253 3498 4859
10259 4 2 1 1 630 4275 4041 4822
10260 4 2 1 1 3880 4027 3842 4968
10261 4 2 1 1 4095 4168 4613 4614
10262 4 2 1 1 3996 4697 4411 4956
10263 4 2 1 1 142 4547 4175 4993
10264 4 2 1 1 2860 2855 2859 4597
10265 4 2 1 1 3845 3904 3980 4996
10266 4 2 1 1 2853 2859 4597 4887
10267 4 2 1 1 3858 4443 4310 4586
10268 4 2 1 1 3165 3164 3166 4862
10269 4 2 1 1 4606 4744 4056 4745
10270 4 2 1 1 1703 957 958 4443
10271 4 2 1 1 3751 3750 3753 4348
10272 4 2 1 1 3573 3563 247 3574
10273 4 2 1 1 687 781 582 755
10274 4 2 1 1 795 797 799 4728
10275 4 2 1 1 13 4518 821 4624
10276 4 2 1 1 1095 4043 1507 4493
10277 4 2 1 1 1399 966 4488 4678
10278 4 2 1 1 3928 4043 1295 4193
10279 4 2 1 1 4039 4887 4597 4911
10280 4 2 1 1 3909 4439 4407 4455
10281 4 2 1 1 1437 1655 1203 4476
10282 4 2 1 1 1206 4670 5044 5082
10283 4 2 1 1 2058 4494 2059 4829
10284 4 2 1 1 689 683 690 4511
10285 4 2 1 1 1814 1872 1812 4823
10286 4 2 1 1 3703 467 468 4471
10287 4 2 1 1 1399 1575 966 4678
10288 4 2 1 1 4618 4622 4050 4747
10289 4 2 1 1 4361 4530 4032 4715
10290 4 2 1 1 2545 2513 1952 4615
10291 4 2 1 1 4246 4975 373 5066
10292 4 2 1 1 609 4047 611 4780
10293 4 2 1 1 2916 2896 3055 4602
10294 4 2 1 1 1563 4869 1451 4870
10295 4 2 1 1 2095 2100 2592 4718
10296 4 2 1 1 3301 3281 3192 4783
10297 4 2 1 1 1259 4090 1227 4477
10298 4 2 1 1 3385 3386 263 4191
10299 4 2 1 1 1800 1799 1794 4380
10300 4 2 1 1 2265 4324 4744 5053
10301 4 2 1 1 4038 4435 4039 4887
10302 4 2 1 1 3061 3930 2882 4165
10303 4 2 1 1 620 630 621 4041
10304 4 2 1 1 815 576 713 807
10305 4 2 1 1 2098 4802 2103 5062
10306 4 2 1 1 4125 3897 4385 4907
10307 4 2 1 1 3049 4312 4483 4804
10308 4 2 1 1 1671 1279 1123 5001
10309 4 2 1 1 3878 4718 2090 5047
10310 4 2 1 1 4025 4731 4729 4937
10311 4 2 1 1 2704 2694 2168 5050
10312 4 2 1 1 2982 4655 2983 4712
10313 4 2 1 1 2913 2918 2919 4724
10314 4 2 1 1 807 576 713 699
10315 4 2 1 1 1615 1566 1291 5045
10316 4 2 1 1 1979 2695 1978 4428
10317 4 2 1 1 4005 3892 4149 4199
10318 4 2 1 1 4344 4444 452 4762
10319 4 2 1 1 293 4108 3439 4531
10320 4 2 1 1 4023 4233 4131 4468
10321 4 2 1 1 450 4151 434 4345
10322 4 2 1 1 639 635 619 4490
10323 4 2 1 1 1086 4742 1383 4949
10324 4 2 1 1 1422 4349 1108 4756
10325 4 2 1 1 1945 2443 2189 4748
10326 4 2 1 1 4125 4385 3897 4673
10327 4 2 1 1 4106 4196 2020 4672
10328 4 2 1 1 3369 165 3370 4528
10329 4 2 1 1 2742 1949 2193 4680
10330 4 2 1 1 3935 4233 4105 4342
10331 4 2 1 1 4000 4665 4242 4970
10332 4 2 1 1 3693 4400 4203 4608
10333 4 2 1 1 1630 1124 1122 4581
10334 4 2 1 1 1761 4858 2203 5040
10335 4 2 1 1 3052 3073 3075 4880
10336 4 2 1 1 1045 1578 1046 5006
10337 4 2 1 1 3169 3168 3170 4525
10338 4 2 1 1 1567 1550 1556 5045
10339 4 2 1 1 176 2887 175 4160
10340 4 2 1 1 2481 4118 4365 4591
10341 4 2 1 1 3837 4660 4292 5041
10342 4 2 1 1 3832 4795 4453 4969
10343 4 2 1 1 3128 4598 4174 4705
10344 4 2 1 1 4192 4700 3947 4976
10345 4 2 1 1 1367 1264 1607 4137
10346 4 2 1 1 3590 4320 24 4683
10347 4 2 1 1 4454 4589 1309 4980
10348 4 2 1 1 3787 4199 4638 4886
10349 4 2 1 1 1687 1551 1565 5045
10350 4 2 1 1 3071 4326 4223 4553
10351 4 2 1 1 1042 4415 4063 4872
10352 4 2 1 1 3904 4091 4026 4344
10353 4 2 1 1 2961 2987 3058 4685
10354 4 2 1 1 1445 4313 1198 5081
10355 4 2 1 1 4454 4856 4408 4912
10356 4 2 1 1 449 3674 451 4796
10357 4 2 1 1 285 4339 3428 4584
10358 4 2 1 1 2230 2359 2470 4291
10359 4 2 1 1 3575 4643 3574 4848
10360 4 2 1 1 461 460 3673 4898
10361 4 2 1 1 957 1658 4443 4644
10362 4 2 1 1 4375 3975 4843 4902
10363 4 2 1 1 3278 3277 3175 4778
10364 4 2 1 1 1010 1011 4440 5073
10365 4 2 1 1 4033 4155 4084 4162
10366 4 2 1 1 3961 4173 3942 4831
10367 4 2 1 1 2889 2885 2888 4709
10368 4 2 1 1 788 3936 804 4984
10369 4 2 1 1 2029 2030 2028 4496
10370 4 2 1 1 2893 4601 4333 5029
10371 4 2 1 1 3754 3752 4251 4624
10372 4 2 1 1 4215 4599 2067 5053
10373 4 2 1 1 2572 2571 3571 2573
10374 4 2 1 1 2361 2360 2623 4291
10375 4 2 1 1 1705 1611 942 4905
10376 4 2 1 1 3243 4784 4469 4811
10377 4 2 1 1 3776 3765 3777 4770
10378 4 2 1 1 1367 1607 1368 4137
10379 4 2 1 1 3685 3684 3690 4951
10380 4 2 1 1 810 4154 798 4295
10381 4 2 1 1 2015 2507 2509 4672
10382 4 2 1 1 1585 1256 1373 4799
10383 4 2 1 1 710 722 701 577
10384 4 2 1 1 403 3582 4664 4669
10385 4 2 1 1 860 859 858 4546
10386 4 2 1 1 1816 2128 2129 4750
10387 4 2 1 1 737 634 551 4814
10388 4 2 1 1 804 4888 734 4984
10389 4 2 1 1 3849 3816 4038 5063
10390 4 2 1 1 1911 1912 2709 4854
10391 4 2 1 1 3591 410 3601 4954
10392 4 2 1 1 1617 1306 1305 4037
10393 4 2 1 1 1149 1150 1690 4942
10394 4 2 1 1 1022 1043 1020 4798
10395 4 2 1 1 3262 4396 4811 4896
10396 4 2 1 1 2604 4645 4281 4789
10397 4 2 1 1 662 658 660 4847
10398 4 2 1 1 3282 4841 3190 4842
10399 4 2 1 1 3913 4281 4795 4988
10400 4 2 1 1 3864 4126 4407 4439
10401 4 2 1 1 3630 4665 22 4877
10402 4 2 1 1 151 2877 150 4982
10403 4 2 1 1 4484 4652 4109 4901
10404 4 2 1 1 2147 2426 2593 4329
10405 4 2 1 1 4336 4598 3947 4976
10406 4 2 1 1 930 2783 56 132
10407 4 2 1 1 1497 1489 1465 4765
10408 4 2 1 1 3737 4682 3744 4819
10409 4 2 1 1 3615 4751 3617 4950
10410 4 2 1 1 2985 4655 2982 4712
10411 4 2 1 1 1904 2071 4789 4795
10412 4 2 1 1 928 4772 4452 5055
10413 4 2 1 1 1707 968 972 4552
10414 4 2 1 1 3861 4409 4534 5013
10415 4 2 1 1 2879 3290 162 2876
10416 4 2 1 1 1144 1143 1142 4269
10417 4 2 1 1 428 4285 4180 4658
10418 4 2 1 1 2049 2355 2017 4771
10419 4 2 1 1 4194 4664 3603 4953
10420 4 2 1 1 2202 4515 2140 4843
10421 4 2 1 1 51 1716 1718 4857
10422 4 2 1 1 1809 4554 1808 4679
10423 4 2 1 1 203 4600 3082 5074
10424 4 2 1 1 2241 2447 2582 4448
10425 4 2 1 1 3823 4306 3848 4642
10426 4 2 1 1 3948 3991 3848 4895
10427 4 2 1 1 3304 4525 4131 4621
10428 4 2 1 1 1088 1089 1619 4493
10429 4 2 1 1 3646 3634 3645 5012
10430 4 2 1 1 3849 4004 4090 4768
10431 4 2 1 1 1951 2278 2537 4955
10432 4 2 1 1 2702 4330 1802 4331
10433 4 2 1 1 2394 2661 2675 4932
10434 4 2 1 1 3856 3947 3916 4096
10435 4 2 1 1 4079 4260 344 4671
10436 4 2 1 1 4527 4693 4254 4840
10437 4 2 1 1 2071 2567 1904 4789
10438 4 2 1 1 203 4111 3082 4600
10439 4 2 1 1 2277 1806 4330 4955
10440 4 2 1 1 4336 4524 3947 4598
10441 4 2 1 1 720 668 566 4938
10442 4 2 1 1 3825 4702 3897 4838
10443 4 2 1 1 2137 1844 2533 4315
10444 4 2 1 1 1948 4681 1830 4955
10445 4 2 1 1 60 893 950 2787
10446 4 2 1 1 2535 4056 4606 4744
10447 4 2 1 1 633 632 640 4431
10448 4 2 1 1 889 4730 4025 4923
10449 4 2 1 1 1011 1186 1709 4440
10450 4 2 1 1 674 662 648 4641
10451 4 2 1 1 480 4103 4517 4910
10452 4 2 1 1 1571 4498 4475 4875
10453 4 2 1 1 824 26 820 4348
10454 4 2 1 1 4521 4657 4042 4933
10455 4 2 1 1 2432 4393 1946 5066
10456 4 2 1 1 104 2830 103 5087
10457 4 2 1 1 727 4626 745 4994
10458 4 2 1 1 4592 4708 4147 5058
10459 4 2 1 1 995 1574 996 4570
10460 4 2 1 1 2568 2648 2099 4802
10461 4 2 1 1 2125 1853 2708 4306
10462 4 2 1 1 4316 4851 4091 4853
10463 4 2 1 1 931 935 933 4445
10464 4 2 1 1 3301 3264 3266 4811
10465 4 2 1 1 3363 3188 3186 4790
10466 4 2 1 1 1012 877 1013 4986
10467 4 2 1 1 4655 4712 2985 4897
10468 4 2 1 1 39 2065 608 4437
10469 4 2 1 1 196 3090 195 4029
10470 4 2 1 1 335 334 3529 3504
10471 4 2 1 1 2185 1907 1878 4616
10472 4 2 1 1 1324 1223 1218 4580
10473 4 2 1 1 3977 4319 4109 4348
10474 4 2 1 1 1154 1172 1156 4358
10475 4 2 1 1 4282 4685 4455 5029
10476 4 2 1 1 1515 4756 1085 4949
10477 4 2 1 1 3756 3759 4819 5005
10478 4 2 1 1 789 809 4013 4295
10479 4 2 1 1 4841 4842 3282 4862
10480 4 2 1 1 3153 4783 4366 4784
10481 4 2 1 1 930 932 1050 4977
10482 4 2 1 1 4240 4697 3996 4956
10483 4 2 1 1 4353 4354 31 4355
10484 4 2 1 1 1989 4202 3997 4625
10485 4 2 1 1 2738 2256 2246 4803
10486 4 2 1 1 1074 4661 1076 4670
10487 4 2 1 1 327 4172 328 4530
10488 4 2 1 1 1982 4428 2612 4793
10489 4 2 1 1 4007 4794 4287 5064
10490 4 2 1 1 3986 4286 4650 4968
10491 4 2 1 1 4028 3909 4333 4455
10492 4 2 1 1 3486 3489 3492 4530
10493 4 2 1 1 651 3964 667 5059
10494 4 2 1 1 3851 4011 3969 5075
10495 4 2 1 1 3916 3931 3856 4096
10496 4 2 1 1 852 4981 4099 5032
10497 4 2 1 1 303 304 4276 4692
10498 4 2 1 1 3938 4015 3958 4539
10499 4 2 1 1 4023 4632 3359 4778
10500 4 2 1 1 1604 3995 940 4905
10501 4 2 1 1 1044 4746 876 4986
10502 4 2 1 1 4007 4017 3893 4171
10503 4 2 1 1 4057 4470 3899 4620
10504 4 2 1 1 4152 5039 4305 5074
10505 4 2 1 1 762 775 765 4921
10506 4 2 1 1 4336 3947 4700 4976
10507 4 2 1 1 1910 2671 2143 4563
10508 4 2 1 1 3817 3952 3836 3953
10509 4 2 1 1 2128 1820 2421 4750
10510 4 2 1 1 882 1516 1288 4590
10511 4 2 1 1 1199 1635 4945 5007
10512 4 2 1 1 904 903 902 5071
10513 4 2 1 1 1492 4661 4252 4949
10514 4 2 1 1 900 1189 1187 4875
10515 4 2 1 1 1284 1654 918 4666
10516 4 2 1 1 4178 4718 2728 4924
10517 4 2 1 1 1904 2604 1903 4281
10518 4 2 1 1 325 5009 4113 5011
10519 4 2 1 1 2626 2625 2433 4497
10520 4 2 1 1 2084 2307 2375 4677
10521 4 2 1 1 2509 2021 2018 4672
10522 4 2 1 1 3743 26 3755 4348
10523 4 2 1 1 1717 52 1718 4857
10524 4 2 1 1 3977 4540 4518 4624
10525 4 2 1 1 4410 3933 4933 4936
10526 4 2 1 1 3938 4494 3958 4767
10527 4 2 1 1 3825 3897 3955 4838
10528 4 2 1 1 856 4099 1359 4546
10529 4 2 1 1 3831 4229 4668 4779
10530 4 2 1 1 1661 1246 1392 5069
10531 4 2 1 1 1224 35 606 4726
10532 4 2 1 1 930 132 923 4977
10533 4 2 1 1 2530 2478 2713 4924
10534 4 2 1 1 2947 3107 2914 4890
10535 4 2 1 1 2603 1755 1758 4334
10536 4 2 1 1 723 718 589 4845
10537 4 2 1 1 4017 4143 3886 4396
10538 4 2 1 1 905 907 908 5071
10539 4 2 1 1 654 651 558 4013
10540 4 2 1 1 1063 4153 1504 4440
10541 4 2 1 1 2927 2931 2932 4804
10542 4 2 1 1 4070 4595 4480 4977
10543 4 2 1 1 837 838 835 4873
10544 4 2 1 1 4592 4708 444 4780
10545 4 2 1 1 2145 2053 2054 4642
10546 4 2 1 1 191 4704 4056 4745
10547 4 2 1 1 4031 3920 4145 4531
10548 4 2 1 1 325 3502 3494 4307
10549 4 2 1 1 4280 4559 3960 5014
10550 4 2 1 1 4020 4456 4454 4545
10551 4 2 1 1 744 733 719 4813
10552 4 2 1 1 3569 388 3575 4643
10553 4 2 1 1 3822 4499 4797 4952
10554 4 2 1 1 2539 4460 2492 4967
10555 4 2 1 1 2402 2700 2288 4179
10556 4 2 1 1 3913 4969 4298 4988
10557 4 2 1 1 4036 4665 4255 4752
10558 4 2 1 1 1548 1550 1565 5045
10559 4 2 1 1 2239 2535 4606 4744
10560 4 2 1 1 926 1309 4589 4980
10561 4 2 1 1 2590 2170 2588 5050
10562 4 2 1 1 3844 4363 3912 4822
10563 4 2 1 1 1079 4661 1077 4949
10564 4 2 1 1 3452 4436 248 4584
10565 4 2 1 1 4019 4300 3913 4789
10566 4 2 1 1 3859 4298 4023 4969
10567 4 2 1 1 1022 1369 1368 4798
10568 4 2 1 1 4272 2930 4483 4934
10569 4 2 1 1 2627 3560 4414 4497
10570 4 2 1 1 661 673 4150 4416
10571 4 2 1 1 589 718 811 4845
10572 4 2 1 1 2234 4056 2245 4291
10573 4 2 1 1 4074 4259 4009 4471
10574 4 2 1 1 3848 4642 4289 5064
10575 4 2 1 1 1927 4566 89 5079
10576 4 2 1 1 4283 4651 2939 5024
10577 4 2 1 1 3855 4835 4774 4990
10578 4 2 1 1 2202 4741 4515 4929
10579 4 2 1 1 943 1335 1612 4905
10580 4 2 1 1 3548 4496 4460 4860
10581 4 2 1 1 747 4984 736 5075
10582 4 2 1 1 987 137 898 4825
10583 4 2 1 1 4027 4808 4201 4825
10584 4 2 1 1 3906 4098 4034 4351
10585 4 2 1 1 615 622 634 3919
10586 4 2 1 1 4310 4586 4443 5026
10587 4 2 1 1 3899 4732 4506 5052
10588 4 2 1 1 584 585 681 751
10589 4 2 1 1 2272 2119 2273 4805
10590 4 2 1 1 735 4626 5022 5023
10591 4 2 1 1 4335 4761 4188 4827
10592 4 2 1 1 3991 4364 3916 4972
10593 4 2 1 1 3651 5012 4290 5025
10594 4 2 1 1 386 216 3902 4352
10595 4 2 1 1 1791 4165 1772 4686
10596 4 2 1 1 4222 4532 341 4687
10597 4 2 1 1 538 617 652 4065
10598 4 2 1 1 2028 4496 2049 4771
10599 4 2 1 1 1198 1200 1199 4477
10600 4 2 1 1 2865 2863 4577 4916
10601 4 2 1 1 3739 3750 3751 4819
10602 4 2 1 1 3340 4342 3365 4891
10603 4 2 1 1 1487 4200 1483 4493
10604 4 2 1 1 4411 4697 3996 4772
10605 4 2 1 1 1816 1814 1815 4823
10606 4 2 1 1 274 3400 3399 4402
10607 4 2 1 1 1896 4462 2064 4660
10608 4 2 1 1 3132 3134 3135 4976
10609 4 2 1 1 2270 2563 2562 4999
10610 4 2 1 1 4105 4343 4342 4891
10611 4 2 1 1 2409 2159 2118 4568
10612 4 2 1 1 831 1327 142 4547
10613 4 2 1 1 1285 999 1277 4863
10614 4 2 1 1 832 131 2782 5082
10615 4 2 1 1 802 808 818 4983
10616 4 2 1 1 499 4275 4161 4652
10617 4 2 1 1 1019 1392 1360 4519
10618 4 2 1 1 3515 3522 4213 5004
10619 4 2 1 1 1165 1174 1175 4892
10620 4 2 1 1 252 3574 387 4643
10621 4 2 1 1 4596 5044 3952 5082
10622 4 2 1 1 4104 4592 4495 4885
10623 4 2 1 1 686 4012 4011 4345
10624 4 2 1 1 1846 2281 1845 4663
10625 4 2 1 1 3916 4364 3991 4895
10626 4 2 1 1 971 1348 973 4451
10627 4 2 1 1 856 4546 858 4746
10628 4 2 1 1 972 973 1593 4552
10629 4 2 1 1 3484 3486 3497 4530
10630 4 2 1 1 3857 4571 4123 4866
10631 4 2 1 1 1790 1791 1792 4165
10632 4 2 1 1 4028 4601 4533 4963
10633 4 2 1 1 744 726 729 4812
10634 4 2 1 1 732 565 648 564
10635 4 2 1 1 1039 4063 1042 4588
10636 4 2 1 1 1905 2567 2575 4789
10637 4 2 1 1 3640 3638 3632 4354
10638 4 2 1 1 2378 2739 2522 4871
10639 4 2 1 1 3909 3950 3864 4940
10640 4 2 1 1 1975 1974 1973 4915
10641 4 2 1 1 4140 4142 28 4467
10642 4 2 1 1 3689 479 3699 4879
10643 4 2 1 1 2094 4718 2132 5047
10644 4 2 1 1 783 756 592 790
10645 4 2 1 1 1136 1134 1596 4948
10646 4 2 1 1 3885 4754 4535 4952
10647 4 2 1 1 355 345 4245 4698
10648 4 2 1 1 785 799 797 4845
10649 4 2 1 1 2863 2856 4577 4911
10650 4 2 1 1 3136 4579 4192 4700
10651 4 2 1 1 409 3595 3590 4683
10652 4 2 1 1 2344 2314 2316 4383
10653 4 2 1 1 4665 4751 4000 4950
10654 4 2 1 1 1372 1237 1367 4799
10655 4 2 1 1 3105 3048 4483 4934
10656 4 2 1 1 4090 4232 3849 4313
10657 4 2 1 1 785 590 723 4832
10658 4 2 1 1 978 980 979 4586
10659 4 2 1 1 1311 1316 1499 4589
10660 4 2 1 1 3776 4199 3779 5015
10661 4 2 1 1 1211 4426 1210 4580
10662 4 2 1 1 654 558 809 4013
10663 4 2 1 1 1078 4661 1075 4949
10664 4 2 1 1 1363 4415 1042 4872
10665 4 2 1 1 3901 4470 4057 4620
10666 4 2 1 1 3948 4486 4359 4701
10667 4 2 1 1 1616 1270 4362 4922
10668 4 2 1 1 731 728 730 4846
10669 4 2 1 1 356 4460 4196 4860
10670 4 2 1 1 3202 3137 4336 4700
10671 4 2 1 1 434 3651 4290 5025
10672 4 2 1 1 4308 4773 3942 4806
10673 4 2 1 1 1663 1128 1130 4582
10674 4 2 1 1 686 707 3969 5075
10675 4 2 1 1 3236 3239 3238 4632
10676 4 2 1 1 808 787 817 4449
10677 4 2 1 1 3969 4290 4151 4345
10678 4 2 1 1 3899 4180 4732 5052
10679 4 2 1 1 963 65 141 2794
10680 4 2 1 1 4411 4772 3996 4844
10681 4 2 1 1 4329 4575 4102 4975
10682 4 2 1 1 862 1385 902 4707
10683 4 2 1 1 257 3530 4501 4849
10684 4 2 1 1 2048 1888 4082 4284
10685 4 2 1 1 738 563 717 5023
10686 4 2 1 1 143 4887 4678 4993
10687 4 2 1 1 2434 2053 2690 4758
10688 4 2 1 1 4123 4202 3416 4538
10689 4 2 1 1 2039 2042 2587 4636
10690 4 2 1 1 2234 2245 2365 4291
10691 4 2 1 1 1764 1762 1765 5040
10692 4 2 1 1 3832 4306 4384 4777
10693 4 2 1 1 4289 4790 4297 4987
10694 4 2 1 1 1390 947 1564 4247
10695 4 2 1 1 3847 3906 3985 4960
10696 4 2 1 1 103 2830 2842 5087
10697 4 2 1 1 398 4426 1609 4474
10698 4 2 1 1 2121 2124 2054 4642
10699 4 2 1 1 4242 4665 4036 4752
10700 4 2 1 1 3907 4144 4561 4562
10701 4 2 1 1 3212 4486 3159 4972
10702 4 2 1 1 2063 2673 356 4209
10703 4 2 1 1 3225 3224 3322 4343
10704 4 2 1 1 2756 4320 23 4340
10705 4 2 1 1 3184 4794 3197 4987
10706 4 2 1 1 1389 1630 1177 4908
10707 4 2 1 1 3186 3178 3213 4790
10708 4 2 1 1 2976 2977 2974 4882
10709 4 2 1 1 1240 4310 1242 5026
10710 4 2 1 1 3272 4382 4018 4632
10711 4 2 1 1 3151 4297 4366 4783
10712 4 2 1 1 4126 4457 4125 4639
10713 4 2 1 1 855 4746 1592 5032
10714 4 2 1 1 3892 4195 4929 4943
10715 4 2 1 1 3977 3912 4130 4251
10716 4 2 1 1 2253 2252 2258 4513
10717 4 2 1 1 372 4582 4210 4869
10718 4 2 1 1 1504 1186 1011 4440
10719 4 2 1 1 3830 4806 4773 4899
10720 4 2 1 1 811 4845 718 4888
10721 4 2 1 1 979 4586 976 5060
10722 4 2 1 1 3956 4264 4861 5086
10723 4 2 1 1 388 3569 389 4643
10724 4 2 1 1 1290 1234 1614 4903
10725 4 2 1 1 4509 3887 4919 5028
10726 4 2 1 1 4537 4812 4020 4813
10727 4 2 1 1 55 53 832 2782
10728 4 2 1 1 2455 2453 2689 5000
10729 4 2 1 1 935 4445 4311 4654
10730 4 2 1 1 4004 4451 4310 5063
10731 4 2 1 1 3933 4657 4279 4717
10732 4 2 1 1 3952 4069 4596 5082
10733 4 2 1 1 505 26 3760 4518
10734 4 2 1 1 1110 133 2784 5044
10735 4 2 1 1 1156 1172 1159 4892
10736 4 2 1 1 1995 1994 1993 5017
10737 4 2 1 1 2140 2148 1902 4659
10738 4 2 1 1 2903 4126 4651 4947
10739 4 2 1 1 4052 4740 3923 4741
10740 4 2 1 1 4265 4495 3980 4885
10741 4 2 1 1 3861 4807 3927 5065
10742 4 2 1 1 512 3761 13 4518
10743 4 2 1 1 994 1268 1574 4570
10744 4 2 1 1 3860 4787 4635 4939
10745 4 2 1 1 4680 4748 3949 5066
10746 4 2 1 1 3315 4775 4298 4988
10747 4 2 1 1 2507 1986 1987 4571
10748 4 2 1 1 4211 4385 3897 4907
10749 4 2 1 1 2259 4698 4245 5067
10750 4 2 1 1 3607 3612 3606 4255
10751 4 2 1 1 4261 3878 4643 4848
10752 4 2 1 1 1320 949 4654 5072
10753 4 2 1 1 4409 5013 3861 5065
10754 4 2 1 1 3620 3622 3619 4878
10755 4 2 1 1 3314 215 3327 4775
10756 4 2 1 1 249 4276 4387 4526
10757 4 2 1 1 4289 4642 4767 5064
10758 4 2 1 1 4255 4751 3614 4950
10759 4 2 1 1 2079 4083 4184 5047
10760 4 2 1 1 491 3734 4504 4884
10761 4 2 1 1 483 4583 3720 4837
10762 4 2 1 1 3048 3050 3105 4483
10763 4 2 1 1 1651 1100 1650 5051
10764 4 2 1 1 1876 1877 1874 4616
10765 4 2 1 1 3942 4830 3961 4831
10766 4 2 1 1 2591 3941 4424 4787
10767 4 2 1 1 2095 2094 2090 4718
10768 4 2 1 1 4057 4506 431 4620
10769 4 2 1 1 3714 4884 3715 5033
10770 4 2 1 1 804 734 587 4984
10771 4 2 1 1 2891 4709 2888 4963
10772 4 2 1 1 3783 3784 3772 4388
10773 4 2 1 1 2751 2748 2747 4966
10774 4 2 1 1 1410 1711 367 4629
10775 4 2 1 1 3834 5008 4559 5014
10776 4 2 1 1 4147 4708 4592 4780
10777 4 2 1 1 1259 975 1580 4090
10778 4 2 1 1 3849 4232 4090 4552
10779 4 2 1 1 3612 3607 3613 4878
10780 4 2 1 1 3481 3485 3487 4782
10781 4 2 1 1 97 2150 98 4594
10782 4 2 1 1 1079 4262 1081 4661
10783 4 2 1 1 615 621 622 3919
10784 4 2 1 1 2501 2744 2181 4627
10785 4 2 1 1 619 644 552 773
10786 4 2 1 1 460 444 86 4780
10787 4 2 1 1 2110 2579 2116 4246
10788 4 2 1 1 2375 2309 2376 4871
10789 4 2 1 1 4143 4486 3948 4701
10790 4 2 1 1 4596 4894 3952 5044
10791 4 2 1 1 2137 2149 1929 4521
10792 4 2 1 1 3899 4732 4180 4991
10793 4 2 1 1 2942 2934 2939 4947
10794 4 2 1 1 683 704 690 4511
10795 4 2 1 1 2878 3046 3082 4982
10796 4 2 1 1 1380 832 1411 5082
10797 4 2 1 1 4213 4849 3515 5004
10798 4 2 1 1 2343 1871 2342 4383
10799 4 2 1 1 2591 4424 2213 4787
10800 4 2 1 1 831 2795 66 68
10801 4 2 1 1 3952 3953 3817 4128
10802 4 2 1 1 343 4014 327 5027
10803 4 2 1 1 4079 4671 330 4974
10804 4 2 1 1 403 3581 3582 4669
10805 4 2 1 1 4482 4956 4240 4964
10806 4 2 1 1 3138 3137 3139 4700
10807 4 2 1 1 213 2500 1788 1779
10808 4 2 1 1 192 3029 191 4745
10809 4 2 1 1 3944 4027 3880 4039
10810 4 2 1 1 4307 4530 3496 4715
10811 4 2 1 1 53 54 830 2781
10812 4 2 1 1 1090 1619 1091 4493
10813 4 2 1 1 3828 4415 4063 4588
10814 4 2 1 1 2957 3058 3059 4685
10815 4 2 1 1 1912 1909 2688 4854
10816 4 2 1 1 3899 4036 4000 4255
10817 4 2 1 1 745 727 735 4626
10818 4 2 1 1 2201 1733 87 4316
10819 4 2 1 1 1686 1148 1690 4942
10820 4 2 1 1 3132 3135 3338 4976
10821 4 2 1 1 3722 4132 3714 5033
10822 4 2 1 1 995 4570 4317 5038
10823 4 2 1 1 618 634 4009 4814
10824 4 2 1 1 412 4241 4285 4646
10825 4 2 1 1 730 742 731 4556
10826 4 2 1 1 4153 4440 1063 5073
10827 4 2 1 1 2462 2463 349 2461
10828 4 2 1 1 2679 1989 2438 4625
10829 4 2 1 1 3631 22 4752 4877
10830 4 2 1 1 698 681 709 4739
10831 4 2 1 1 3324 4168 204 4913
10832 4 2 1 1 1110 4201 1366 5044
10833 4 2 1 1 1210 881 848 4981
10834 4 2 1 1 3643 3647 445 4708
10835 4 2 1 1 2624 38 607 4503
10836 4 2 1 1 3293 3176 4233 4821
10837 4 2 1 1 2934 4651 2939 4947
10838 4 2 1 1 841 899 845 4817
10839 4 2 1 1 3887 4343 4105 4555
10840 4 2 1 1 1182 1271 1270 4362
10841 4 2 1 1 961 1444 1278 4867
10842 4 2 1 1 2541 2414 2539 4967
10843 4 2 1 1 879 1187 4475 4875
10844 4 2 1 1 4213 4212 4500 5004
10845 4 2 1 1 439 4354 3632 5012
10846 4 2 1 1 716 737 743 4667
10847 4 2 1 1 1320 4654 4311 5072
10848 4 2 1 1 4039 4405 4175 4911
10849 4 2 1 1 3722 3726 4132 4914
10850 4 2 1 1 1503 1415 1057 4408
10851 4 2 1 1 2916 4602 3092 4721
10852 4 2 1 1 1368 1369 1370 4799
10853 4 2 1 1 793 786 807 4399
10854 4 2 1 1 1513 4408 1415 4922
10855 4 2 1 1 339 4501 3530 4849
10856 4 2 1 1 2730 4035 2354 4998
10857 4 2 1 1 3489 3488 3482 4715
10858 4 2 1 1 1307 1059 1060 4856
10859 4 2 1 1 3897 4186 4385 4724
10860 4 2 1 1 238 3789 240 4676
10861 4 2 1 1 4063 397 4799 4903
10862 4 2 1 1 487 4351 4504 4781
10863 4 2 1 1 3948 3991 4359 4486
10864 4 2 1 1 384 2103 4802 5062
10865 4 2 1 1 4279 4717 486 4801
10866 4 2 1 1 1349 1302 1362 4629
10867 4 2 1 1 2145 2054 2124 4642
10868 4 2 1 1 316 317 3501 4253
10869 4 2 1 1 3863 4152 4305 5074
10870 4 2 1 1 3817 3836 3952 4262
10871 4 2 1 1 3874 3917 4064 4438
10872 4 2 1 1 588 734 804 4888
10873 4 2 1 1 622 3919 4045 4527
10874 4 2 1 1 1616 4408 1057 4922
10875 4 2 1 1 2794 1575 963 67
10876 4 2 1 1 2782 130 1411 5082
10877 4 2 1 1 2612 1980 2529 4793
10878 4 2 1 1 661 4492 4416 4757
10879 4 2 1 1 879 899 900 4817
10880 4 2 1 1 2975 2955 3104 5085
10881 4 2 1 1 3268 3362 4298 4382
10882 4 2 1 1 2270 2554 2564 4766
10883 4 2 1 1 3149 4297 3178 4987
10884 4 2 1 1 665 672 650 4491
10885 4 2 1 1 285 3428 284 4584
10886 4 2 1 1 796 795 794 4985
10887 4 2 1 1 813 747 712 4984
10888 4 2 1 1 877 4546 1265 5069
10889 4 2 1 1 3108 2949 4215 4283
10890 4 2 1 1 4230 4353 3968 4354
10891 4 2 1 1 3279 3938 3958 4539
10892 4 2 1 1 2125 2124 1853 4306
10893 4 2 1 1 2873 2862 2851 4911
10894 4 2 1 1 4411 4844 3996 4956
10895 4 2 1 1 4255 4752 4665 4877
10896 4 2 1 1 395 3910 4474 4476
10897 4 2 1 1 4033 4390 3252 4564
10898 4 2 1 1 148 4600 149 4982
10899 4 2 1 1 2264 2274 2196 5053
10900 4 2 1 1 498 4130 3752 4624
10901 4 2 1 1 2518 2515 4198 5077
10902 4 2 1 1 2930 2929 2928 4934
10903 4 2 1 1 2615 4499 2272 4797
10904 4 2 1 1 373 4246 374 4975
10905 4 2 1 1 2082 4184 2651 4225
10906 4 2 1 1 859 860 1265 4546
10907 4 2 1 1 1508 4799 1235 4872
10908 4 2 1 1 2431 1807 1812 4554
10909 4 2 1 1 2431 2435 1877 4616
10910 4 2 1 1 677 746 814 5059
10911 4 2 1 1 812 800 794 5037
10912 4 2 1 1 464 4572 3666 4800
10913 4 2 1 1 2239 2238 2597 4606
10914 4 2 1 1 2385 2387 2087 4421
10915 4 2 1 1 3986 4027 4650 4808
10916 4 2 1 1 3503 4253 4361 4782
10917 4 2 1 1 1203 1559 1440 4945
10918 4 2 1 1 481 4259 465 4318
10919 4 2 1 1 2644 2283 1831 4686
10920 4 2 1 1 3516 4213 3522 4687
10921 4 2 1 1 303 3467 304 4692
10922 4 2 1 1 2492 4460 356 4967
10923 4 2 1 1 2438 2437 2439 4625
10924 4 2 1 1 3737 4682 3741 4901
10925 4 2 1 1 3881 4080 4308 4712
10926 4 2 1 1 4236 4266 4040 4817
10927 4 2 1 1 1592 1231 1505 4876
10928 4 2 1 1 4389 4663 3824 4940
10929 4 2 1 1 745 717 4626 5023
10930 4 2 1 1 3686 3697 3698 4951
10931 4 2 1 1 1425 4252 1449 4870
10932 4 2 1 1 4070 4217 3940 4653
10933 4 2 1 1 4091 4344 4268 4946
10934 4 2 1 1 700 685 688 4318
10935 4 2 1 1 728 729 726 4962
10936 4 2 1 1 291 290 4145 4314
10937 4 2 1 1 1734 2202 1892 4843
10938 4 2 1 1 3536 3537 266 4704
10939 4 2 1 1 1200 1227 1201 4477
10940 4 2 1 1 642 622 4045 4258
10941 4 2 1 1 2109 2347 2107 4085
10942 4 2 1 1 4000 4751 4665 4970
10943 4 2 1 1 616 629 640 4430
10944 4 2 1 1 2482 604 2349 4462
10945 4 2 1 1 4080 4307 3925 4308
10946 4 2 1 1 4188 4758 2056 5002
10947 4 2 1 1 4075 4420 4796 4996
10948 4 2 1 1 4003 4066 295 4072
10949 4 2 1 1 3619 4620 431 4878
10950 4 2 1 1 4373 4527 3919 4693
10951 4 2 1 1 3812 4979 4785 5014
10952 4 2 1 1 3826 3947 3856 3978
10953 4 2 1 1 3625 4506 4255 4878
10954 4 2 1 1 3910 4232 4475 4498
10955 4 2 1 1 1931 2214 2657 4939
10956 4 2 1 1 3733 484 3730 4837
10957 4 2 1 1 893 4214 1420 4311
10958 4 2 1 1 3880 3944 3842 4027
10959 4 2 1 1 3340 3174 3230 4342
10960 4 2 1 1 1236 1363 1508 4872
10961 4 2 1 1 3842 4027 3944 4617
10962 4 2 1 1 1522 1521 1523 5007
10963 4 2 1 1 1593 4451 974 5060
10964 4 2 1 1 1335 943 1322 4905
10965 4 2 1 1 1255 4452 928 4772
10966 4 2 1 1 3888 4236 4228 4590
10967 4 2 1 1 3690 467 4471 4608
10968 4 2 1 1 3954 4773 3831 4830
10969 4 2 1 1 3980 4572 4265 4573
10970 4 2 1 1 1230 1228 1558 4332
10971 4 2 1 1 1380 4670 1206 5082
10972 4 2 1 1 3136 4700 4192 4976
10973 4 2 1 1 1945 4393 2443 4748
10974 4 2 1 1 4095 3947 4524 4598
10975 4 2 1 1 4364 4642 2054 4767
10976 4 2 1 1 3899 4506 4057 4620
10977 4 2 1 1 3183 4289 3184 4987
10978 4 2 1 1 4221 3989 4427 4568
10979 4 2 1 1 4336 4700 4598 4976
10980 4 2 1 1 2781 1398 830 129
10981 4 2 1 1 101 2828 100 3978
10982 4 2 1 1 34 4112 3689 4978
10983 4 2 1 1 4000 4242 4142 4970
10984 4 2 1 1 566 668 678 4938
10985 4 2 1 1 609 1255 1613 4973
10986 4 2 1 1 2582 2236 2576 4448
10987 4 2 1 1 220 3322 3224 4628
10988 4 2 1 1 1502 1130 1134 4582
10989 4 2 1 1 4037 4043 3928 4193
10990 4 2 1 1 4232 4313 1445 5081
10991 4 2 1 1 680 571 780 676
10992 4 2 1 1 31 3655 36 4355
10993 4 2 1 1 1976 4829 1979 4915
10994 4 2 1 1 3861 4159 4807 5065
10995 4 2 1 1 1120 1069 1068 4927
10996 4 2 1 1 3208 3133 3337 4598
10997 4 2 1 1 1032 1010 4440 5073
10998 4 2 1 1 3773 4195 3780 4943
10999 4 2 1 1 1637 1087 1113 4756
11000 4 2 1 1 46 827 45 4923
11001 4 2 1 1 3219 3220 3346 4621
11002 4 2 1 1 754 780 571 676
11003 4 2 1 1 654 655 666 4119
11004 4 2 1 1 2629 2626 2433 4497
11005 4 2 1 1 1202 1520 1442 4945
11006 4 2 1 1 2824 2799 2815 4913
11007 4 2 1 1 3401 4184 4083 4402
11008 4 2 1 1 1436 1018 1016 4587
11009 4 2 1 1 135 133 4201 4894
11010 4 2 1 1 515 4243 4388 5018
11011 4 2 1 1 4023 4131 3893 4468
11012 4 2 1 1 2213 2212 1933 4424
11013 4 2 1 1 671 650 539 4492
11014 4 2 1 1 2782 1411 130 53
11015 4 2 1 1 1411 2781 130 53
11016 4 2 1 1 3126 4257 4084 4792
11017 4 2 1 1 2299 2297 2298 4350
11018 4 2 1 1 2806 2807 148 4600
11019 4 2 1 1 3679 4495 4122 4572
11020 4 2 1 1 791 788 573 4012
11021 4 2 1 1 3848 4017 4007 4297
11022 4 2 1 1 1108 1634 1422 4756
11023 4 2 1 1 2349 2348 2481 4118
11024 4 2 1 1 2878 148 2875 4982
11025 4 2 1 1 4400 4608 3692 4951
11026 4 2 1 1 2727 2113 2380 4871
11027 4 2 1 1 2075 2076 2077 4083
11028 4 2 1 1 3912 4652 4107 4822
11029 4 2 1 1 3838 4465 4861 5086
11030 4 2 1 1 1254 919 920 4452
11031 4 2 1 1 3360 4298 4023 4821
11032 4 2 1 1 2368 1856 2153 4384
11033 4 2 1 1 1076 1077 1330 4661
11034 4 2 1 1 1948 4680 4679 4681
11035 4 2 1 1 3383 3382 254 4436
11036 4 2 1 1 1283 1222 1406 4558
11037 4 2 1 1 1809 1812 1807 4554
11038 4 2 1 1 2086 2726 2087 4421
11039 4 2 1 1 803 795 4047 4104
11040 4 2 1 1 3030 2966 2968 4439
11041 4 2 1 1 1979 1981 2695 4428
11042 4 2 1 1 98 2831 97 4594
11043 4 2 1 1 706 791 573 4012
11044 4 2 1 1 2514 2051 4458 5077
11045 4 2 1 1 3519 4213 3520 4532
11046 4 2 1 1 154 2803 2808 4309
11047 4 2 1 1 3954 4066 3992 4605
11048 4 2 1 1 3250 4564 4390 4896
11049 4 2 1 1 683 689 688 4691
11050 4 2 1 1 2817 4378 2841 4883
11051 4 2 1 1 3365 4342 3230 4891
11052 4 2 1 1 696 4048 692 5031
11053 4 2 1 1 1761 2150 2203 4858
11054 4 2 1 1 2465 2424 2464 4406
11055 4 2 1 1 3722 4502 496 4914
11056 4 2 1 1 3812 5008 3834 5014
11057 4 2 1 1 987 965 956 4435
11058 4 2 1 1 2962 2961 4455 4685
11059 4 2 1 1 2229 2353 2352 4694
11060 4 2 1 1 2862 4405 4597 4911
11061 4 2 1 1 3087 4439 4126 4947
11062 4 2 1 1 3501 3500 316 4253
11063 4 2 1 1 796 817 798 3901
11064 4 2 1 1 4061 4252 1490 4349
11065 4 2 1 1 3585 3599 3586 4669
11066 4 2 1 1 736 703 581 5075
11067 4 2 1 1 3565 3559 4575 4975
11068 4 2 1 1 1289 1049 1659 4662
11069 4 2 1 1 3183 3187 4289 4790
11070 4 2 1 1 3071 3116 2997 4326
11071 4 2 1 1 1175 1337 1577 4479
11072 4 2 1 1 3933 4073 4717 4960
11073 4 2 1 1 3185 4700 4359 4701
11074 4 2 1 1 277 278 3425 4501
11075 4 2 1 1 876 1414 857 4746
11076 4 2 1 1 1830 4681 4679 4955
11077 4 2 1 1 4023 4778 3359 4821
11078 4 2 1 1 1821 4256 1822 4750
11079 4 2 1 1 2672 2128 2421 4750
11080 4 2 1 1 450 3677 3680 4800
11081 4 2 1 1 3621 3617 4467 4970
11082 4 2 1 1 3396 4305 199 5039
11083 4 2 1 1 2056 2690 1955 4758
11084 4 2 1 1 149 2802 150 4982
11085 4 2 1 1 608 2065 2595 4551
11086 4 2 1 1 2803 2819 2808 4309
11087 4 2 1 1 3290 159 160 3326
11088 4 2 1 1 3963 4320 4148 4340
11089 4 2 1 1 3842 4617 4286 4650
11090 4 2 1 1 1392 1031 1360 5069
11091 4 2 1 1 3520 341 340 4532
11092 4 2 1 1 3827 4889 4264 5086
11093 4 2 1 1 1596 1134 1133 4948
11094 4 2 1 1 1489 1632 1631 4765
11095 4 2 1 1 3533 3536 354 4593
11096 4 2 1 1 3032 2948 3122 4907
11097 4 2 1 1 1190 4475 1187 4875
11098 4 2 1 1 1247 1266 1613 4441
11099 4 2 1 1 775 753 765 4921
11100 4 2 1 1 1555 1229 977 5035
11101 4 2 1 1 4021 4417 3945 4422
11102 4 2 1 1 2189 1833 2151 4748
11103 4 2 1 1 2500 1781 213 2073
11104 4 2 1 1 2686 3534 2561 4999
11105 4 2 1 1 3405 275 3404 4387
11106 4 2 1 1 4180 4658 3900 4732
11107 4 2 1 1 2970 3035 4293 4958
11108 4 2 1 1 136 4214 4311 4577
11109 4 2 1 1 1991 2162 2161 4998
11110 4 2 1 1 1582 1547 1556 4338
11111 4 2 1 1 4070 4445 4916 4977
11112 4 2 1 1 288 3441 287 4755
11113 4 2 1 1 1430 1320 1321 5072
11114 4 2 1 1 3564 3563 376 4575
11115 4 2 1 1 1698 1206 1506 4670
11116 4 2 1 1 1699 1426 1236 4872
11117 4 2 1 1 1306 1341 1338 4479
11118 4 2 1 1 4025 4730 4148 4923
11119 4 2 1 1 1284 1654 4666 4875
11120 4 2 1 1 2436 2722 2437 5078
11121 4 2 1 1 624 4052 628 4243
11122 4 2 1 1 1359 4278 4546 4558
11123 4 2 1 1 617 4107 4065 4161
11124 4 2 1 1 2980 2978 3117 4250
11125 4 2 1 1 2142 2645 2647 4915
11126 4 2 1 1 803 804 788 3936
11127 4 2 1 1 925 1499 1316 4589
11128 4 2 1 1 3096 4272 4483 4880
11129 4 2 1 1 3592 4953 4320 4954
11130 4 2 1 1 2264 2265 2251 4744
11131 4 2 1 1 670 4491 650 4492
11132 4 2 1 1 4082 4284 1888 4735
11133 4 2 1 1 1516 4590 882 5032
11134 4 2 1 1 4559 5008 4785 5014
11135 4 2 1 1 3897 4211 4186 4724
11136 4 2 1 1 310 294 293 4961
11137 4 2 1 1 310 293 309 4961
11138 4 2 1 1 4547 4818 3922 4873
11139 4 2 1 1 4164 4165 1793 4686
11140 4 2 1 1 3823 4758 4642 5064
11141 4 2 1 1 4246 4329 4102 4975
11142 4 2 1 1 3139 3140 4700 4701
11143 4 2 1 1 3363 4790 3212 4972
11144 4 2 1 1 2705 2704 2171 5050
11145 4 2 1 1 787 559 649 560
11146 4 2 1 1 1230 4332 1525 5007
11147 4 2 1 1 3879 3962 3928 4037
11148 4 2 1 1 2590 2172 2170 5050
11149 4 2 1 1 3091 4455 4029 4685
11150 4 2 1 1 2633 1790 1792 4165
11151 4 2 1 1 1736 2120 103 4776
11152 4 2 1 1 1447 4217 986 4653
11153 4 2 1 1 369 4756 4200 4765
11154 4 2 1 1 1240 981 1243 4310
11155 4 2 1 1 786 574 684 4749
11156 4 2 1 1 812 794 793 4610
11157 4 2 1 1 3108 2944 2949 4283
11158 4 2 1 1 4586 5035 976 5060
11159 4 2 1 1 462 461 3679 4495
11160 4 2 1 1 3529 4500 335 4849
11161 4 2 1 1 1593 974 4004 5060
11162 4 2 1 1 288 287 4339 4755
11163 4 2 1 1 483 3730 484 4425
11164 4 2 1 1 2675 2392 2391 4932
11165 4 2 1 1 2071 2155 2567 4789
11166 4 2 1 1 2674 2696 2269 4766
11167 4 2 1 1 730 732 742 4989
11168 4 2 1 1 589 811 785 4845
11169 4 2 1 1 4485 4648 3824 4663
11170 4 2 1 1 206 3373 205 4565
11171 4 2 1 1 3997 3857 4163 4538
11172 4 2 1 1 706 4012 686 4345
11173 4 2 1 1 4418 4606 4056 4704
11174 4 2 1 1 3732 482 496 4502
11175 4 2 1 1 3521 3519 3520 4532
11176 4 2 1 1 709 691 690 4423
11177 4 2 1 1 1434 4286 1622 4650
11178 4 2 1 1 3996 4240 4956 4964
11179 4 2 1 1 3490 3482 3493 4715
11180 4 2 1 1 853 854 855 5032
11181 4 2 1 1 703 3969 707 5075
11182 4 2 1 1 3714 4132 4884 5033
11183 4 2 1 1 700 692 4048 4103
11184 4 2 1 1 2994 3028 3009 5003
11185 4 2 1 1 1881 1882 1841 4786
11186 4 2 1 1 1227 1603 1228 4332
11187 4 2 1 1 1109 832 1206 5082
11188 4 2 1 1 117 3656 31 4353
11189 4 2 1 1 728 731 741 4846
11190 4 2 1 1 3062 3025 3109 4733
11191 4 2 1 1 4029 4305 4152 5039
11192 4 2 1 1 695 707 4151 4345
11193 4 2 1 1 542 543 685 618
11194 4 2 1 1 2127 2575 2155 5048
11195 4 2 1 1 4289 4767 3938 5064
11196 4 2 1 1 3451 248 4339 4584
11197 4 2 1 1 1663 1130 1501 5001
11198 4 2 1 1 3457 3459 3458 4526
11199 4 2 1 1 3185 4336 4359 4700
11200 4 2 1 1 87 2201 4316 4853
11201 4 2 1 1 3832 4033 4018 4273
11202 4 2 1 1 2102 2101 2098 5062
11203 4 2 1 1 3965 4760 4626 5023
11204 4 2 1 1 4415 4443 3858 4586
11205 4 2 1 1 1981 1983 2484 4997
11206 4 2 1 1 1279 1501 1500 5001
11207 4 2 1 1 3384 3386 3385 4191
11208 4 2 1 1 3690 4608 4471 4951
11209 4 2 1 1 3268 4162 4298 4775
11210 4 2 1 1 89 4566 1735 4966
11211 4 2 1 1 138 4577 2866 4911
11212 4 2 1 1 661 4416 4150 4757
11213 4 2 1 1 411 4119 4285 5080
11214 4 2 1 1 1120 4450 1601 4870
11215 4 2 1 1 2236 2582 2452 5000
11216 4 2 1 1 3593 415 3596 4622
11217 4 2 1 1 2784 1109 55 57
11218 4 2 1 1 3675 4122 3673 4898
11219 4 2 1 1 54 56 1398 2783
11220 4 2 1 1 2146 2536 2115 4585
11221 4 2 1 1 1664 1197 1437 5081
11222 4 2 1 1 655 658 666 4119
11223 4 2 1 1 4178 4718 4019 5048
11224 4 2 1 1 618 4009 622 4074
11225 4 2 1 1 4038 4157 4678 4993
11226 4 2 1 1 3940 4653 4473 4654
11227 4 2 1 1 2628 4414 1944 4497
11228 4 2 1 1 4131 4468 4233 4525
11229 4 2 1 1 1685 1145 1147 4942
11230 4 2 1 1 2782 1411 832 5082
11231 4 2 1 1 2387 2385 2386 4507
11232 4 2 1 1 3758 3757 3747 4901
11233 4 2 1 1 3615 3614 3626 4751
11234 4 2 1 1 629 623 625 4820
11235 4 2 1 1 1037 4587 4137 4588
11236 4 2 1 1 2153 1856 2152 4384
11237 4 2 1 1 4773 4806 4204 4831
11238 4 2 1 1 2094 2592 2132 4718
11239 4 2 1 1 328 4014 344 4371
11240 4 2 1 1 3069 3068 3067 4312
11241 4 2 1 1 2739 2384 2522 4871
11242 4 2 1 1 846 847 4266 4817
11243 4 2 1 1 4018 4298 4023 4632
11244 4 2 1 1 4335 4424 3860 4939
11245 4 2 1 1 4760 5022 4626 5023
11246 4 2 1 1 3953 3988 4405 4916
11247 4 2 1 1 65 67 2794 963
11248 4 2 1 1 2409 2118 2266 4568
11249 4 2 1 1 3268 4298 3362 4775
11250 4 2 1 1 1504 4153 1505 4876
11251 4 2 1 1 2702 4330 4331 4380
11252 4 2 1 1 1686 1685 1148 4942
11253 4 2 1 1 799 804 803 3936
11254 4 2 1 1 14 3742 13 4624
11255 4 2 1 1 2876 156 157 4913
11256 4 2 1 1 2268 2555 2556 4999
11257 4 2 1 1 507 4682 508 4819
11258 4 2 1 1 980 981 4586 5060
11259 4 2 1 1 4015 4106 3941 4636
11260 4 2 1 1 4187 4305 3908 4791
11261 4 2 1 1 2260 4245 2259 4698
11262 4 2 1 1 3917 3959 4438 4861
11263 4 2 1 1 2171 2170 2172 5050
11264 4 2 1 1 875 1250 398 4558
11265 4 2 1 1 3461 3459 3456 4206
11266 4 2 1 1 1870 2421 1868 4750
11267 4 2 1 1 1618 1619 1089 4493
11268 4 2 1 1 2275 2235 2583 4418
11269 4 2 1 1 1988 2680 2638 4202
11270 4 2 1 1 4009 4258 4074 4471
11271 4 2 1 1 4475 4498 4232 4666
11272 4 2 1 1 856 857 854 4746
11273 4 2 1 1 1781 213 2073 4792
11274 4 2 1 1 1295 4043 3928 4742
11275 4 2 1 1 4132 4502 3985 4583
11276 4 2 1 1 4166 1415 4912 4922
11277 4 2 1 1 4033 4382 4273 4564
11278 4 2 1 1 3440 4145 292 4531
11279 4 2 1 1 3826 4567 3916 4895
11280 4 2 1 1 933 4445 935 4654
11281 4 2 1 1 2647 1991 2161 4998
11282 4 2 1 1 3832 3823 3893 4969
11283 4 2 1 1 3672 452 436 3800
11284 4 2 1 1 611 4434 86 4780
11285 4 2 1 1 132 4595 2869 4916
11286 4 2 1 1 4122 4495 3669 4898
11287 4 2 1 1 3853 3988 4311 4828
11288 4 2 1 1 1110 1397 1366 4201
11289 4 2 1 1 24 601 28 4630
11290 4 2 1 1 28 601 603 4630
11291 4 2 1 1 2170 2167 2588 5050
11292 4 2 1 1 3836 4262 3914 4661
11293 4 2 1 1 958 4443 1427 5026
11294 4 2 1 1 3892 4397 4928 5015
11295 4 2 1 1 3084 4651 4457 4890
11296 4 2 1 1 223 3228 3229 4893
11297 4 2 1 1 690 698 709 4395
11298 4 2 1 1 3666 4572 4444 4800
11299 4 2 1 1 3941 2027 4209 4787
11300 4 2 1 1 1980 4793 4428 4829
11301 4 2 1 1 1294 1298 1105 4742
11302 4 2 1 1 3949 4575 4181 4680
11303 4 2 1 1 1054 1061 4456 4912
11304 4 2 1 1 3836 4061 3895 4252
11305 4 2 1 1 1224 606 1365 4376
11306 4 2 1 1 4311 3853 4828 5072
11307 4 2 1 1 403 4664 4194 4669
11308 4 2 1 1 1566 1687 1291 5045
11309 4 2 1 1 841 4817 4236 4873
11310 4 2 1 1 565 668 720 4989
11311 4 2 1 1 2340 2341 2302 4677
11312 4 2 1 1 3849 4038 4552 5063
11313 4 2 1 1 626 613 639 4489
11314 4 2 1 1 1269 4415 4146 4570
11315 4 2 1 1 103 2120 104 4567
11316 4 2 1 1 4122 4495 3980 4572
11317 4 2 1 1 1504 4440 4153 4876
11318 4 2 1 1 474 4400 3684 4951
11319 4 2 1 1 574 786 791 4749
11320 4 2 1 1 1447 4217 4653 4908
11321 4 2 1 1 1630 4581 1177 4908
11322 4 2 1 1 745 717 732 4641
11323 4 2 1 1 2316 2314 2315 4383
11324 4 2 1 1 4126 3955 4651 4947
11325 4 2 1 1 1431 908 913 5071
11326 4 2 1 1 2120 4567 103 4776
11327 4 2 1 1 1121 4450 1122 4581
11328 4 2 1 1 3923 4052 4243 4740
11329 4 2 1 1 143 67 1443 1575
11330 4 2 1 1 2076 2669 2078 4179
11331 4 2 1 1 3631 3629 22 4877
11332 4 2 1 1 399 400 906 4237
11333 4 2 1 1 1067 1069 1070 4505
11334 4 2 1 1 35 50 2768 5046
11335 4 2 1 1 2893 2958 2963 5029
11336 4 2 1 1 901 856 4099 4558
11337 4 2 1 1 2015 4571 2507 4672
11338 4 2 1 1 4211 3955 4838 4890
11339 4 2 1 1 105 106 2834 4087
11340 4 2 1 1 2077 2078 2079 4083
11341 4 2 1 1 3496 3490 3502 4307
11342 4 2 1 1 747 736 581 5075
11343 4 2 1 1 1666 992 991 5038
11344 4 2 1 1 4171 4366 3155 4841
11345 4 2 1 1 3726 3717 3728 4914
11346 4 2 1 1 4065 4107 652 4416
11347 4 2 1 1 3339 4557 3219 4621
11348 4 2 1 1 1896 2677 1898 4189
11349 4 2 1 1 3778 3773 3780 4943
11350 4 2 1 1 3637 435 35 4182
11351 4 2 1 1 2680 4202 4123 4866
11352 4 2 1 1 239 3790 203 4152
11353 4 2 1 1 3348 3199 3219 4557
11354 4 2 1 1 3565 4575 3949 4975
11355 4 2 1 1 1450 1656 1131 4870
11356 4 2 1 1 2521 4571 4123 4793
11357 4 2 1 1 3947 3978 3826 4674
11358 4 2 1 1 3612 3625 429 5052
11359 4 2 1 1 4181 4575 3871 4680
11360 4 2 1 1 3142 3140 3141 4701
11361 4 2 1 1 3240 4298 3254 4382
11362 4 2 1 1 3908 4305 4529 4791
11363 4 2 1 1 3517 344 4260 4671
11364 4 2 1 1 164 160 145 238
11365 4 2 1 1 1124 4581 1127 5001
11366 4 2 1 1 658 4046 666 4119
11367 4 2 1 1 4042 4933 4657 4936
11368 4 2 1 1 654 666 651 4285
11369 4 2 1 1 148 147 2806 4600
11370 4 2 1 1 1368 1607 1043 4137
11371 4 2 1 1 4149 4375 3892 4929
11372 4 2 1 1 4404 5041 3837 5042
11373 4 2 1 1 800 796 794 4649
11374 4 2 1 1 791 803 788 4265
11375 4 2 1 1 3851 4984 4011 5075
11376 4 2 1 1 3100 4533 3043 4963
11377 4 2 1 1 2344 2316 2323 4383
11378 4 2 1 1 4211 4788 3945 5085
11379 4 2 1 1 4175 4547 4157 4993
11380 4 2 1 1 987 63 139 956
11381 4 2 1 1 1489 1631 1488 4765
11382 4 2 1 1 1210 1394 1218 4580
11383 4 2 1 1 4567 4776 3856 5087
11384 4 2 1 1 645 551 634 4814
11385 4 2 1 1 1305 1307 1301 4856
11386 4 2 1 1 2115 2111 2110 4585
11387 4 2 1 1 882 4590 1636 5032
11388 4 2 1 1 914 1385 1386 4707
11389 4 2 1 1 3622 431 3619 4620
11390 4 2 1 1 2712 2386 2685 4507
11391 4 2 1 1 3757 499 500 4652
11392 4 2 1 1 3623 4665 3618 4970
11393 4 2 1 1 1262 4488 4232 4666
11394 4 2 1 1 3457 3458 3454 4526
11395 4 2 1 1 51 52 829 4857
11396 4 2 1 1 4273 4382 4018 4469
11397 4 2 1 1 47 85 612 4747
11398 4 2 1 1 47 612 610 4747
11399 4 2 1 1 4252 4661 4139 4949
11400 4 2 1 1 3935 4401 4287 4557
11401 4 2 1 1 1334 975 4090 4552
11402 4 2 1 1 26 4348 824 4518
11403 4 2 1 1 2856 2866 4577 4911
11404 4 2 1 1 2048 2035 4635 4787
11405 4 2 1 1 4228 4236 844 4590
11406 4 2 1 1 3104 2955 2947 5085
11407 4 2 1 1 2781 1398 129 54
11408 4 2 1 1 797 3966 798 4154
11409 4 2 1 1 4115 3923 4740 4741
11410 4 2 1 1 4070 4445 932 4654
11411 4 2 1 1 1328 4759 49 5046
11412 4 2 1 1 2528 4015 4571 4793
11413 4 2 1 1 31 36 2773 4355
11414 4 2 1 1 830 1050 1346 4480
11415 4 2 1 1 3950 4601 4333 4602
11416 4 2 1 1 892 1248 1659 4844
11417 4 2 1 1 4267 4601 3950 4602
11418 4 2 1 1 3032 2909 2948 4907
11419 4 2 1 1 2115 2110 2146 4585
11420 4 2 1 1 3188 4790 3363 4972
11421 4 2 1 1 2410 2030 2498 4967
11422 4 2 1 1 204 4168 4565 4913
11423 4 2 1 1 810 3966 797 4154
11424 4 2 1 1 737 551 748 4814
11425 4 2 1 1 1981 4428 1982 4997
11426 4 2 1 1 3044 3094 2887 4963
11427 4 2 1 1 1707 4232 4488 4552
11428 4 2 1 1 1091 1619 1618 4493
11429 4 2 1 1 2763 124 27 4242
11430 4 2 1 1 602 25 29 4723
11431 4 2 1 1 29 604 602 4723
11432 4 2 1 1 709 697 691 4738
11433 4 2 1 1 1102 1361 1099 5051
11434 4 2 1 1 4119 4630 4046 4631
11435 4 2 1 1 3621 3618 3617 4970
11436 4 2 1 1 650 670 665 4491
11437 4 2 1 1 2263 2272 2615 4499
11438 4 2 1 1 3615 3610 3614 4950
11439 4 2 1 1 39 608 606 4725
11440 4 2 1 1 606 35 39 4725
11441 4 2 1 1 1866 1867 1868 4750
11442 4 2 1 1 3241 3360 3315 4298
11443 4 2 1 1 1846 1845 1737 4663
11444 4 2 1 1 3871 4679 4181 4680
11445 4 2 1 1 1078 1077 4661 4949
11446 4 2 1 1 1332 4817 4873 4875
11447 4 2 1 1 1985 1984 1986 4866
11448 4 2 1 1 24 4320 4148 4683
11449 4 2 1 1 4142 4467 4140 4931
11450 4 2 1 1 2465 2467 2696 4766
11451 4 2 1 1 4381 4727 4190 4835
11452 4 2 1 1 2349 1896 4118 4660
11453 4 2 1 1 2056 4758 1955 5002
11454 4 2 1 1 610 4441 1266 4937
11455 4 2 1 1 3941 4209 4082 4787
11456 4 2 1 1 973 4451 1593 4552
11457 4 2 1 1 4143 4396 4017 4811
11458 4 2 1 1 628 4052 630 4275
11459 4 2 1 1 1567 1290 1614 5045
11460 4 2 1 1 1962 4520 2624 4939
11461 4 2 1 1 415 4446 414 4618
11462 4 2 1 1 202 3082 3081 5074
11463 4 2 1 1 804 588 587 734
11464 4 2 1 1 2518 4198 2637 5077
11465 4 2 1 1 3602 4446 3593 4669
11466 4 2 1 1 4766 4999 2555 5067
11467 4 2 1 1 3706 468 469 4840
11468 4 2 1 1 2081 4184 2732 4412
11469 4 2 1 1 1919 2216 2504 4754
11470 4 2 1 1 3026 3011 3083 4553
11471 4 2 1 1 2459 2462 349 2461
11472 4 2 1 1 513 3778 514 4943
11473 4 2 1 1 3732 4502 4132 5033
11474 4 2 1 1 4115 4929 4741 4943
11475 4 2 1 1 1220 398 1250 4558
11476 4 2 1 1 3249 3298 3256 4564
11477 4 2 1 1 712 747 581 5075
11478 4 2 1 1 420 419 3607 4877
11479 4 2 1 1 1431 1606 915 5071
11480 4 2 1 1 2419 2420 2221 4767
11481 4 2 1 1 909 906 911 5070
11482 4 2 1 1 3877 4015 3938 4539
11483 4 2 1 1 1447 986 934 4653
11484 4 2 1 1 3947 4336 4096 4524
11485 4 2 1 1 734 736 747 4984
11486 4 2 1 1 2947 2954 4788 5085
11487 4 2 1 1 797 796 3966 4985
11488 4 2 1 1 4026 4420 3980 4996
11489 4 2 1 1 749 720 566 4938
11490 4 2 1 1 4215 4478 2066 4599
11491 4 2 1 1 1390 1389 946 4908
11492 4 2 1 1 2645 2142 2144 4915
11493 4 2 1 1 3569 3576 3571 4216
11494 4 2 1 1 3309 3278 3308 4821
11495 4 2 1 1 4017 4018 3893 4337
11496 4 2 1 1 3823 3848 4007 5064
11497 4 2 1 1 4522 4733 3970 4810
11498 4 2 1 1 3052 3075 3121 4880
11499 4 2 1 1 3369 169 167 4528
11500 4 2 1 1 789 809 558 4013
11501 4 2 1 1 515 3784 3783 4388
11502 4 2 1 1 580 682 719 579
11503 4 2 1 1 4039 4911 4175 4993
11504 4 2 1 1 167 152 161 153
11505 4 2 1 1 2800 2809 2821 4883
11506 4 2 1 1 788 573 686 572
11507 4 2 1 1 557 789 558 651
11508 4 2 1 1 1292 4629 4043 5051
11509 4 2 1 1 24 2755 4148 4320
11510 4 2 1 1 763 762 760 4675
11511 4 2 1 1 1910 1909 1911 4854
11512 4 2 1 1 3882 4605 4066 4706
11513 4 2 1 1 1297 1315 4408 4856
11514 4 2 1 1 1235 1234 1233 4872
11515 4 2 1 1 2454 2689 2453 5000
11516 4 2 1 1 626 627 625 4640
11517 4 2 1 1 4098 4351 4279 4966
11518 4 2 1 1 3897 4211 3955 4838
11519 4 2 1 1 1308 1305 1342 4037
11520 4 2 1 1 2193 2578 2190 5066
11521 4 2 1 1 3072 4422 3060 4934
11522 4 2 1 1 2979 2978 2980 4250
11523 4 2 1 1 2421 1870 2672 4750
11524 4 2 1 1 137 987 61 2790
11525 4 2 1 1 3908 4160 4528 4529
11526 4 2 1 1 31 2773 117 4353
11527 4 2 1 1 292 4064 293 4961
11528 4 2 1 1 3525 329 3524 4671
11529 4 2 1 1 622 4045 4258 4527
11530 4 2 1 1 1028 1702 1514 5006
11531 4 2 1 1 163 146 3082 4111
11532 4 2 1 1 2048 4284 4082 4635
11533 4 2 1 1 305 3468 306 4274
11534 4 2 1 1 52 4836 883 4857
11535 4 2 1 1 3842 4650 4286 4968
11536 4 2 1 1 3643 4353 3647 4708
11537 4 2 1 1 980 1426 1699 4586
11538 4 2 1 1 2934 2935 2939 4651
11539 4 2 1 1 4130 4363 4041 4822
11540 4 2 1 1 2594 1844 2056 5002
11541 4 2 1 1 3460 4472 4276 4526
11542 4 2 1 1 2514 2520 2050 5077
11543 4 2 1 1 3030 3031 2967 4439
11544 4 2 1 1 939 3940 3995 4653
11545 4 2 1 1 957 1225 1658 4644
11546 4 2 1 1 1524 1525 1526 5007
11547 4 2 1 1 609 1254 1255 4973
11548 4 2 1 1 2502 2546 2547 4627
11549 4 2 1 1 1255 928 1403 4772
11550 4 2 1 1 1523 1602 1230 5007
11551 4 2 1 1 3460 3462 4276 4692
11552 4 2 1 1 3626 428 4751 5052
11553 4 2 1 1 205 204 4168 4565
11554 4 2 1 1 2555 2268 2255 5067
11555 4 2 1 1 688 544 631 543
11556 4 2 1 1 341 4532 4222 5010
11557 4 2 1 1 802 560 669 561
11558 4 2 1 1 1762 1761 2203 5040
11559 4 2 1 1 865 862 902 4707
11560 4 2 1 1 12 492 3736 4884
11561 4 2 1 1 1148 1685 1147 4942
11562 4 2 1 1 3869 3890 3889 4176
11563 4 2 1 1 1568 1010 1034 5073
11564 4 2 1 1 979 980 1699 4586
11565 4 2 1 1 3072 3095 3060 4422
11566 4 2 1 1 3601 3600 3588 4954
11567 4 2 1 1 1039 1042 1041 4588
11568 4 2 1 1 1148 1149 1690 4942
11569 4 2 1 1 2458 2453 2455 5000
11570 4 2 1 1 3776 4544 4199 5015
11571 4 2 1 1 617 628 630 4161
11572 4 2 1 1 3190 4841 3191 4842
11573 4 2 1 1 179 3378 4380 4383
11574 4 2 1 1 2262 2374 2620 4576
11575 4 2 1 1 2975 3104 4422 5085
11576 4 2 1 1 3726 496 495 4914
11577 4 2 1 1 2255 2269 2555 5067
11578 4 2 1 1 1951 1830 2488 4955
11579 4 2 1 1 4125 4457 4211 4907
11580 4 2 1 1 3709 4203 4400 4978
11581 4 2 1 1 4268 39 4437 4946
11582 4 2 1 1 1300 1296 1302 4193
11583 4 2 1 1 406 3604 407 4953
11584 4 2 1 1 3952 4894 4201 5044
11585 4 2 1 1 924 926 925 4980
11586 4 2 1 1 3186 3213 3363 4790
11587 4 2 1 1 2783 132 930 4977
11588 4 2 1 1 4060 4618 4446 4622
11589 4 2 1 1 1806 4679 4330 4955
11590 4 2 1 1 4017 4171 4007 4366
11591 4 2 1 1 426 425 3621 4467
11592 4 2 1 1 1247 4441 1613 4844
11593 4 2 1 1 2400 4421 2387 4507
11594 4 2 1 1 4126 4283 3955 4947
11595 4 2 1 1 1982 4428 4123 4997
11596 4 2 1 1 2958 4333 4455 5029
11597 4 2 1 1 1035 1017 1018 4587
11598 4 2 1 1 2576 2241 2582 4448
11599 4 2 1 1 4589 4980 3972 5055
11600 4 2 1 1 1196 1445 1198 5081
11601 4 2 1 1 369 4349 4061 4765
11602 4 2 1 1 789 798 809 4295
11603 4 2 1 1 470 4254 3700 4840
11604 4 2 1 1 4341 4699 4612 4868
11605 4 2 1 1 3525 3524 4212 4671
11606 4 2 1 1 1009 1007 895 5073
11607 4 2 1 1 1109 2784 55 131
11608 4 2 1 1 1254 928 1255 4452
11609 4 2 1 1 3856 4567 3826 4776
11610 4 2 1 1 1526 1525 4332 5007
11611 4 2 1 1 290 3442 289 4314
11612 4 2 1 1 367 1711 1103 5051
11613 4 2 1 1 2192 2191 2579 5066
11614 4 2 1 1 1017 1016 1018 4587
11615 4 2 1 1 472 3698 4327 4951
11616 4 2 1 1 3325 3324 3326 4168
11617 4 2 1 1 1229 1552 4332 4338
11618 4 2 1 1 28 2427 83 4142
11619 4 2 1 1 3290 159 2879 160
11620 4 2 1 1 4039 4038 4887 4993
11621 4 2 1 1 518 4150 502 4416
11622 4 2 1 1 3239 3240 3238 4632
11623 4 2 1 1 3697 4327 3698 4951
11624 4 2 1 1 141 2868 2853 4887
11625 4 2 1 1 2874 4405 4595 4596
11626 4 2 1 1 3949 4181 3558 4256
11627 4 2 1 1 170 171 3097 4791
11628 4 2 1 1 2638 4625 2679 4627
11629 4 2 1 1 583 687 582 755
11630 4 2 1 1 3416 4428 4035 4997
11631 4 2 1 1 167 165 3369 4528
11632 4 2 1 1 4781 4914 2746 5079
11633 4 2 1 1 624 626 625 4640
11634 4 2 1 1 847 846 4266 4981
11635 4 2 1 1 2102 2530 2101 5062
11636 4 2 1 1 3254 4298 3362 4382
11637 4 2 1 1 3812 4785 5008 5014
11638 4 2 1 1 1247 4441 4844 5038
11639 4 2 1 1 1086 4756 4301 4949
11640 4 2 1 1 1877 1907 2431 4616
11641 4 2 1 1 2287 2290 2288 4179
11642 4 2 1 1 1741 1744 1742 4478
11643 4 2 1 1 1355 1043 4137 4798
11644 4 2 1 1 3892 4379 4115 4929
11645 4 2 1 1 3979 4889 4690 5057
11646 4 2 1 1 1668 398 1667 1609
11647 4 2 1 1 1370 1374 1583 4799
11648 4 2 1 1 3230 4342 3174 4621
11649 4 2 1 1 1413 4144 34 4857
11650 4 2 1 1 1228 1557 1558 4332
11651 4 2 1 1 3897 3945 4211 4838
11652 4 2 1 1 4571 4672 2015 4866
11653 4 2 1 1 2739 2378 2523 4871
11654 4 2 1 1 3108 4215 4135 4283
11655 4 2 1 1 3714 493 492 4884
11656 4 2 1 1 1083 1581 1118 4808
11657 4 2 1 1 1367 4063 1264 4137
11658 4 2 1 1 3557 265 3554 4918
11659 4 2 1 1 1259 1198 4313 4477
11660 4 2 1 1 797 796 798 3966
11661 4 2 1 1 628 630 4161 4275
11662 4 2 1 1 3896 4760 4731 5022
11663 4 2 1 1 3622 4036 4620 4878
11664 4 2 1 1 2266 2254 2408 4743
11665 4 2 1 1 464 3677 450 4420
11666 4 2 1 1 2094 2089 2090 5047
11667 4 2 1 1 739 547 548 636
11668 4 2 1 1 3922 3988 4214 4911
11669 4 2 1 1 2034 2673 4209 4698
11670 4 2 1 1 2064 4843 4660 4902
11671 4 2 1 1 3836 4139 4061 4252
11672 4 2 1 1 370 1678 1163 4892
11673 4 2 1 1 2201 2122 1881 4786
11674 4 2 1 1 2530 4925 4121 5062
11675 4 2 1 1 3586 3602 3593 4669
11676 4 2 1 1 3836 4069 3952 4139
11677 4 2 1 1 4729 4731 4050 4937
11678 4 2 1 1 4008 4112 3907 4254
11679 4 2 1 1 4125 4211 3897 4907
11680 4 2 1 1 2242 4606 3873 4803
11681 4 2 1 1 4273 4469 4017 4811
11682 4 2 1 1 2981 3121 3075 4880
11683 4 2 1 1 4121 4924 3902 4925
11684 4 2 1 1 4147 4230 3936 5058
11685 4 2 1 1 3339 4557 4621 4842
11686 4 2 1 1 506 3751 4348 4819
11687 4 2 1 1 960 1242 1444 5026
11688 4 2 1 1 2437 2637 4198 5078
11689 4 2 1 1 132 4595 4916 4977
11690 4 2 1 1 3412 4538 3414 4815
11691 4 2 1 1 663 665 670 4369
11692 4 2 1 1 3304 3173 4525 4621
11693 4 2 1 1 3847 4864 3906 4936
11694 4 2 1 1 3872 4063 3982 4137
11695 4 2 1 1 291 3450 4314 4755
11696 4 2 1 1 2112 2160 2481 4365
11697 4 2 1 1 3496 3502 4113 4307
11698 4 2 1 1 1167 1280 1562 4904
11699 4 2 1 1 3108 4135 2944 4283
11700 4 2 1 1 2333 2334 2346 4684
11701 4 2 1 1 958 960 1703 5026
11702 4 2 1 1 2027 2034 4209 4787
11703 4 2 1 1 203 4152 4111 5074
11704 4 2 1 1 328 4530 4172 4859
11705 4 2 1 1 1962 1931 1928 4939
11706 4 2 1 1 1830 4679 2488 4955
11707 4 2 1 1 3963 4059 4194 4340
11708 4 2 1 1 300 3478 299 4526
11709 4 2 1 1 3836 3895 4139 4252
11710 4 2 1 1 3881 4308 4113 5020
11711 4 2 1 1 2554 2270 2555 4766
11712 4 2 1 1 3841 4454 4408 4912
11713 4 2 1 1 652 671 4065 4416
11714 4 2 1 1 3614 3606 4255 4950
11715 4 2 1 1 750 555 554 614
11716 4 2 1 1 1514 1379 1028 5006
11717 4 2 1 1 3224 3361 3222 4343
11718 4 2 1 1 4059 4446 4194 4669
11719 4 2 1 1 491 4884 4504 5033
11720 4 2 1 1 3307 3278 3357 4778
11721 4 2 1 1 1881 2122 1882 4786
11722 4 2 1 1 897 1285 1629 4863
11723 4 2 1 1 1382 1516 882 5032
11724 4 2 1 1 3750 4348 3751 4819
11725 4 2 1 1 677 746 5 814
11726 4 2 1 1 713 783 8 815
11727 4 2 1 1 3 645 710 748
11728 4 2 1 1 712 813 7 747
11729 4 2 1 1 679 816 6 782
11730 4 2 1 1 4 711 646 781
11731 4 2 1 1 1335 4136 1612 4905
11732 4 2 1 1 220 4053 4465 4628
11733 4 2 1 1 3483 318 319 4782
11734 4 2 1 1 299 3456 3457 4526
11735 4 2 1 1 502 4150 4110 4416
11736 4 2 1 1 1415 4408 1056 4912
11737 4 2 1 1 2670 4458 4496 4967
11738 4 2 1 1 2452 2582 2450 5000
11739 4 2 1 1 65 956 141 2792
11740 4 2 1 1 1175 4479 1577 4892
11741 4 2 1 1 4467 4751 4180 4991
11742 4 2 1 1 2400 4216 4507 4932
11743 4 2 1 1 325 4113 3502 4307
11744 4 2 1 1 678 1 749 643
11745 4 2 1 1 830 129 1398 4480
11746 4 2 1 1 2230 4291 2470 4694
11747 4 2 1 1 932 4653 4070 4654
11748 4 2 1 1 3119 2942 2944 4947
11749 4 2 1 1 780 2 680 644
11750 4 2 1 1 4397 4902 4375 4928
11751 4 2 1 1 1357 838 837 4873
11752 4 2 1 1 33 34 3689 4978
11753 4 2 1 1 200 4791 4305 5074
11754 4 2 1 1 2953 2951 2940 5024
11755 4 2 1 1 4010 4077 3850 4079
11756 4 2 1 1 3912 4109 3977 4319
11757 4 2 1 1 588 804 811 4888
11758 4 2 1 1 2188 4181 2618 4823
11759 4 2 1 1 3778 3752 513 3795
11760 4 2 1 1 2258 2254 2266 4743
11761 4 2 1 1 4275 4652 4130 4822
11762 4 2 1 1 3495 323 258 4715
11763 4 2 1 1 2631 1985 2014 4866
11764 4 2 1 1 2129 2672 1870 4750
11765 4 2 1 1 1701 896 1005 4818
11766 4 2 1 1 306 3476 307 5016
11767 4 2 1 1 1277 883 15 4836
11768 4 2 1 1 2727 2377 2113 4871
11769 4 2 1 1 2857 144 2871 4993
11770 4 2 1 1 2174 2714 2715 5050
11771 4 2 1 1 519 4114 4544 5015
11772 4 2 1 1 721 590 806 4832
11773 4 2 1 1 563 667 738 562
11774 4 2 1 1 3942 4830 4308 5011
11775 4 2 1 1 3666 463 3678 4572
11776 4 2 1 1 3569 3575 3576 4848
11777 4 2 1 1 1302 4193 1362 4629
11778 4 2 1 1 724 735 727 4965
11779 4 2 1 1 3961 5009 4173 5027
11780 4 2 1 1 3212 4790 4486 4972
11781 4 2 1 1 3704 481 466 3731
11782 4 2 1 1 2690 2056 2434 4758
11783 4 2 1 1 3980 4075 4573 4749
11784 4 2 1 1 1243 4310 981 5060
11785 4 2 1 1 1361 1096 1099 5051
11786 4 2 1 1 356 4460 4459 4967
11787 4 2 1 1 2595 4284 2280 4551
11788 4 2 1 1 3782 3769 3770 4770
11789 4 2 1 1 1265 4546 865 5071
11790 4 2 1 1 4290 5012 3968 5025
11791 4 2 1 1 1119 4252 4061 4949
11792 4 2 1 1 1934 178 1777 1775
11793 4 2 1 1 3615 3614 4751 4950
11794 4 2 1 1 4059 4446 4669 5054
11795 4 2 1 1 785 589 723 590
11796 4 2 1 1 3164 3358 3166 4862
11797 4 2 1 1 695 694 693 4093
11798 4 2 1 1 484 3733 485 4801
11799 4 2 1 1 1238 1290 1556 4338
11800 4 2 1 1 4420 4572 3980 4573
11801 4 2 1 1 247 4633 4575 4634
11802 4 2 1 1 3940 3962 3879 4473
11803 4 2 1 1 4182 3968 4355 5025
11804 4 2 1 1 1086 4301 1105 4742
11805 4 2 1 1 1290 1621 1234 4296
11806 4 2 1 1 4059 4729 4622 5054
11807 4 2 1 1 3415 280 279 4538
11808 4 2 1 1 3012 3099 3054 4926
11809 4 2 1 1 395 4313 3910 4476
11810 4 2 1 1 1364 4362 3928 4408
11811 4 2 1 1 1505 4153 1063 5032
11812 4 2 1 1 2133 2134 2070 5017
11813 4 2 1 1 4129 4900 4899 4935
11814 4 2 1 1 1369 1022 1023 4798
11815 4 2 1 1 3198 3215 3216 4287
11816 4 2 1 1 3908 4305 4282 4529
11817 4 2 1 1 61 898 137 2788
11818 4 2 1 1 1370 1367 1368 4799
11819 4 2 1 1 2564 2554 2467 4766
11820 4 2 1 1 81 1836 29 4928
11821 4 2 1 1 2094 2090 4718 5047
11822 4 2 1 1 2045 2044 2043 4637
11823 4 2 1 1 3910 4232 4040 4475
11824 4 2 1 1 474 473 4400 4951
11825 4 2 1 1 2484 2614 1981 4998
11826 4 2 1 1 3779 520 519 5015
11827 4 2 1 1 3625 3613 3628 4878
11828 4 2 1 1 2076 2078 2077 4083
11829 4 2 1 1 2112 2111 2160 4365
11830 4 2 1 1 595 784 594 753
11831 4 2 1 1 2023 2026 2063 4209
11832 4 2 1 1 311 3959 4072 4438
11833 4 2 1 1 2530 4924 4121 4925
11834 4 2 1 1 896 839 840 4818
11835 4 2 1 1 1706 4426 1211 4580
11836 4 2 1 1 3914 4043 3928 5076
11837 4 2 1 1 203 145 163 4111
11838 4 2 1 1 2680 2653 1983 4997
11839 4 2 1 1 3559 374 375 4975
11840 4 2 1 1 2530 2105 4925 5062
11841 4 2 1 1 772 555 633 556
11842 4 2 1 1 2370 2196 2067 5053
11843 4 2 1 1 718 588 811 4888
11844 4 2 1 1 522 4199 3777 4770
11845 4 2 1 1 935 951 1320 4311
11846 4 2 1 1 4186 4211 4419 4724
11847 4 2 1 1 2063 356 2492 4460
11848 4 2 1 1 3971 4744 4324 5053
11849 4 2 1 1 762 763 775 4675
11850 4 2 1 1 1904 1954 2071 4795
11851 4 2 1 1 2971 2970 4897 4958
11852 4 2 1 1 652 538 537 617
11853 4 2 1 1 167 4235 3792 4528
11854 4 2 1 1 3638 3651 3639 5012
11855 4 2 1 1 3395 3396 198 5039
11856 4 2 1 1 3888 3910 4266 4426
11857 4 2 1 1 2865 4577 136 4916
11858 4 2 1 1 1123 1675 4581 4869
11859 4 2 1 1 3617 4751 4467 4970
11860 4 2 1 1 1326 4426 1212 4558
11861 4 2 1 1 3366 3276 3265 4784
11862 4 2 1 1 581 703 712 5075
11863 4 2 1 1 3401 4001 4083 4184
11864 4 2 1 1 1641 4224 1094 4493
11865 4 2 1 1 1122 1124 1123 4581
11866 4 2 1 1 562 667 738 5059
11867 4 2 1 1 1892 2202 2140 4843
11868 4 2 1 1 898 59 135 2788
11869 4 2 1 1 4036 4242 4000 4665
11870 4 2 1 1 835 1327 831 4547
11871 4 2 1 1 3857 4196 4106 4672
11872 4 2 1 1 3925 4172 4113 4530
11873 4 2 1 1 3205 3206 3203 5043
11874 4 2 1 1 3768 3779 3781 5015
11875 4 2 1 1 3812 4779 4979 5014
11876 4 2 1 1 4365 4510 3875 4585
11877 4 2 1 1 3518 342 3522 4687
11878 4 2 1 1 2242 3873 4245 4803
11879 4 2 1 1 1660 4475 1188 4580
11880 4 2 1 1 1515 1119 4061 4949
11881 4 2 1 1 3906 4936 4279 4960
11882 4 2 1 1 3831 4668 4990 5084
11883 4 2 1 1 1394 1324 1218 4580
11884 4 2 1 1 2642 2740 2416 4458
11885 4 2 1 1 156 2876 155 4913
11886 4 2 1 1 1022 1020 1021 4798
11887 4 2 1 1 4137 1355 4798 4986
11888 4 2 1 1 104 2840 2830 5087
11889 4 2 1 1 87 4853 4316 4946
11890 4 2 1 1 1210 4426 1211 4981
11891 4 2 1 1 1951 2537 4681 4955
11892 4 2 1 1 3882 4108 3939 4145
11893 4 2 1 1 1713 4475 1190 4498
11894 4 2 1 1 995 4317 988 5038
11895 4 2 1 1 4411 4828 3853 5072
11896 4 2 1 1 706 686 695 4345
11897 4 2 1 1 1505 1592 4876 5032
11898 4 2 1 1 1070 1071 4505 4927
11899 4 2 1 1 57 1109 1110 2784
11900 4 2 1 1 576 807 575 699
11901 4 2 1 1 1632 1113 1087 4756
11902 4 2 1 1 934 936 4653 4654
11903 4 2 1 1 1327 4547 839 4818
11904 4 2 1 1 369 4301 4200 4756
11905 4 2 1 1 3538 3537 3539 3873
11906 4 2 1 1 3856 4569 3931 5087
11907 4 2 1 1 3311 3293 3295 4611
11908 4 2 1 1 4158 4353 31 4355
11909 4 2 1 1 1303 1304 1300 4193
11910 4 2 1 1 2233 2583 2235 4418
11911 4 2 1 1 2078 2079 4083 4184
11912 4 2 1 1 2975 4422 3102 4882
11913 4 2 1 1 2627 1953 2628 4414
11914 4 2 1 1 44 822 43 4540
11915 4 2 1 1 3897 4385 4211 4724
11916 4 2 1 1 1442 1440 1519 4945
11917 4 2 1 1 2108 2192 2579 4246
11918 4 2 1 1 3416 4202 4123 4997
11919 4 2 1 1 671 4416 661 4492
11920 4 2 1 1 2365 2245 2623 4291
11921 4 2 1 1 1343 1315 1503 4408
11922 4 2 1 1 700 688 689 4103
11923 4 2 1 1 3622 4620 3619 4878
11924 4 2 1 1 2528 2529 2060 4793
11925 4 2 1 1 1386 1385 864 4707
11926 4 2 1 1 3944 4039 4038 4435
11927 4 2 1 1 1007 1010 1568 5073
11928 4 2 1 1 1353 1653 1569 4629
11929 4 2 1 1 1107 367 1711 1103
11930 4 2 1 1 3279 4539 3877 4794
11931 4 2 1 1 3246 4273 4564 4896
11932 4 2 1 1 1029 1428 912 5070
11933 4 2 1 1 979 978 4586 5060
11934 4 2 1 1 65 963 141 956
11935 4 2 1 1 434 433 3654 5025
11936 4 2 1 1 3876 4077 4014 4612
11937 4 2 1 1 592 756 593 790
11938 4 2 1 1 2365 2231 2234 4291
11939 4 2 1 1 4028 3950 4533 4601
11940 4 2 1 1 341 4222 5009 5010
11941 4 2 1 1 683 616 544 545
11942 4 2 1 1 4452 4772 3972 5055
11943 4 2 1 1 4032 4530 4782 4859
11944 4 2 1 1 397 1566 1588 5045
11945 4 2 1 1 1161 1160 1159 4892
11946 4 2 1 1 573 686 706 4012
11947 4 2 1 1 3280 4468 3277 4778
11948 4 2 1 1 3154 3332 3158 4841
11949 4 2 1 1 2450 2449 2451 5000
11950 4 2 1 1 1243 4451 4310 5060
11951 4 2 1 1 2982 3106 2977 4655
11952 4 2 1 1 1139 1138 1137 4948
11953 4 2 1 1 621 623 622 4045
11954 4 2 1 1 724 726 725 4722
11955 4 2 1 1 2952 4651 2917 4890
11956 4 2 1 1 55 832 1109 131
11957 4 2 1 1 3224 3222 3223 4343
11958 4 2 1 1 3776 3777 4199 4770
11959 4 2 1 1 3906 4914 4098 5079
11960 4 2 1 1 3858 4063 3828 4415
11961 4 2 1 1 3433 4531 4263 4584
11962 4 2 1 1 2734 2439 2551 5049
11963 4 2 1 1 4230 4708 446 5058
11964 4 2 1 1 270 4418 3392 4704
11965 4 2 1 1 2349 4462 1896 4660
11966 4 2 1 1 258 3505 256 4715
11967 4 2 1 1 1465 1489 1488 4765
11968 4 2 1 1 3274 3275 3188 4972
11969 4 2 1 1 284 3452 3451 4584
11970 4 2 1 1 4119 3964 4285 4631
11971 4 2 1 1 446 4265 4230 5058
11972 4 2 1 1 2624 1927 38 5079
11973 4 2 1 1 2380 2085 4871 4944
11974 4 2 1 1 1631 1108 4349 4756
11975 4 2 1 1 1948 1951 4681 4955
11976 4 2 1 1 1603 1557 1228 4332
11977 4 2 1 1 3174 4342 3172 4621
11978 4 2 1 1 1286 1420 4214 4834
11979 4 2 1 1 806 590 785 4832
11980 4 2 1 1 480 3695 3699 4879
11981 4 2 1 1 1920 4030 1964 5034
11982 4 2 1 1 2593 1948 1952 4681
11983 4 2 1 1 3270 3306 4162 4775
11984 4 2 1 1 3744 3756 3745 4819
11985 4 2 1 1 1095 1093 4043 4493
11986 4 2 1 1 3360 4821 3313 4988
11987 4 2 1 1 4783 4784 3366 4811
11988 4 2 1 1 482 4583 4502 5033
11989 4 2 1 1 277 3410 278 4501
11990 4 2 1 1 3458 3465 3471 4472
11991 4 2 1 1 328 4172 4014 4371
11992 4 2 1 1 3320 3322 3321 4555
11993 4 2 1 1 88 1840 39 4946
11994 4 2 1 1 1326 881 4426 4981
11995 4 2 1 1 3612 3614 3606 4255
11996 4 2 1 1 3452 281 4436 4584
11997 4 2 1 1 3913 4789 2071 4795
11998 4 2 1 1 3430 282 283 4584
11999 4 2 1 1 858 4546 857 4746
12000 4 2 1 1 3968 4290 4230 4354
12001 4 2 1 1 574 684 575 786
12002 4 2 1 1 3082 2878 146 3046
12003 4 2 1 1 450 3680 449 4796
12004 4 2 1 1 410 3591 3595 4683
12005 4 2 1 1 1351 4193 1303 4629
12006 4 2 1 1 4164 3871 4681 4955
12007 4 2 1 1 569 647 767 570
12008 4 2 1 1 850 881 1674 4981
12009 4 2 1 1 806 810 4647 4832
12010 4 2 1 1 1102 1099 1101 5051
12011 4 2 1 1 2979 2983 2982 4655
12012 4 2 1 1 253 3382 3381 4436
12013 4 2 1 1 3599 414 3602 4446
12014 4 2 1 1 622 618 634 4009
12015 4 2 1 1 161 152 3080 2877
12016 4 2 1 1 1823 4393 4256 4748
12017 4 2 1 1 427 426 3627 4906
12018 4 2 1 1 1956 1957 1959 4481
12019 4 2 1 1 1710 879 4475 4817
12020 4 2 1 1 3997 4538 4163 4918
12021 4 2 1 1 3992 4066 3882 4605
12022 4 2 1 1 4004 4310 3858 5063
12023 4 2 1 1 3498 4782 3485 4859
12024 4 2 1 1 3534 4766 4406 5067
12025 4 2 1 1 3099 3027 3054 4926
12026 4 2 1 1 3457 3456 3459 4526
12027 4 2 1 1 1174 1165 1172 4892
12028 4 2 1 1 2236 2452 2532 5000
12029 4 2 1 1 3904 4268 4091 4344
12030 4 2 1 1 2140 599 2148 4515
12031 4 2 1 1 3060 4422 4417 4934
12032 4 2 1 1 2781 1398 54 830
12033 4 2 1 1 2996 2994 3009 5003
12034 4 2 1 1 2105 4085 4925 5062
12035 4 2 1 1 1904 2604 4281 4789
12036 4 2 1 1 269 3391 266 4704
12037 4 2 1 1 899 900 4817 4875
12038 4 2 1 1 4063 4415 1042 4588
12039 4 2 1 1 1806 4554 4330 4679
12040 4 2 1 1 789 810 798 4295
12041 4 2 1 1 2852 132 2869 4916
12042 4 2 1 1 3692 3704 465 4608
12043 4 2 1 1 1441 1442 1520 4945
12044 4 2 1 1 3059 3058 2987 4685
12045 4 2 1 1 1507 4043 4301 4493
12046 4 2 1 1 207 3347 208 4705
12047 4 2 1 1 1338 1407 1339 4479
12048 4 2 1 1 3977 4363 4360 4624
12049 4 2 1 1 1320 1319 949 5072
12050 4 2 1 1 3880 4039 4027 4128
12051 4 2 1 1 3961 4077 3876 4516
12052 4 2 1 1 1015 1014 1013 4986
12053 4 2 1 1 2835 2843 95 4485
12054 4 2 1 1 4348 4518 3760 4682
12055 4 2 1 1 1803 4331 2665 4684
12056 4 2 1 1 995 1408 988 4317
12057 4 2 1 1 694 682 696 5031
12058 4 2 1 1 678 643 749 4938
12059 4 2 1 1 2593 4329 4680 4681
12060 4 2 1 1 205 3373 3372 4565
12061 4 2 1 1 673 4097 660 4150
12062 4 2 1 1 1123 1517 4869 5001
12063 4 2 1 1 3569 4643 3575 4848
12064 4 2 1 1 1392 4519 1013 5069
12065 4 2 1 1 4359 4486 3209 4701
12066 4 2 1 1 1951 2537 1952 4681
12067 4 2 1 1 4040 4475 4232 4666
12068 4 2 1 1 963 964 966 4678
12069 4 2 1 1 4083 4184 4019 4402
12070 4 2 1 1 137 4825 4824 4894
12071 4 2 1 1 966 1575 963 4678
12072 4 2 1 1 3204 3203 3297 5043
12073 4 2 1 1 3625 4506 429 5052
12074 4 2 1 1 622 4074 4009 4258
12075 4 2 1 1 1601 4450 4869 4870
12076 4 2 1 1 590 721 806 591
12077 4 2 1 1 3630 4877 3629 4950
12078 4 2 1 1 2341 4350 2544 4677
12079 4 2 1 1 4040 3910 4475 4817
12080 4 2 1 1 3946 4712 4655 4897
12081 4 2 1 1 1651 1114 1104 5051
12082 4 2 1 1 1356 1164 1339 4479
12083 4 2 1 1 2698 2390 2388 4932
12084 4 2 1 1 3248 3261 3247 4896
12085 4 2 1 1 3434 4339 3436 4755
12086 4 2 1 1 2546 1990 2441 4627
12087 4 2 1 1 19 2149 600 4657
12088 4 2 1 1 3362 3240 3241 4298
12089 4 2 1 1 3756 501 502 4484
12090 4 2 1 1 645 710 748 4814
12091 4 2 1 1 1041 1042 4415 4588
12092 4 2 1 1 4030 4494 4364 5034
12093 4 2 1 1 2701 1865 1801 4714
12094 4 2 1 1 2670 4496 2030 4967
12095 4 2 1 1 728 741 729 4537
12096 4 2 1 1 3497 3492 327 4530
12097 4 2 1 1 700 689 692 4103
12098 4 2 1 1 1049 4662 1247 4844
12099 4 2 1 1 1101 1099 1100 5051
12100 4 2 1 1 608 4437 2065 4551
12101 4 2 1 1 4349 4756 4061 4765
12102 4 2 1 1 2376 2309 2379 4871
12103 4 2 1 1 4268 3974 4796 4996
12104 4 2 1 1 4435 4824 4039 4887
12105 4 2 1 1 211 3286 3978 4674
12106 4 2 1 1 2478 2605 2728 4924
12107 4 2 1 1 1253 1278 597 4867
12108 4 2 1 1 4533 4601 3043 4963
12109 4 2 1 1 86 611 2201 4434
12110 4 2 1 1 2426 2593 4329 4680
12111 4 2 1 1 3610 3615 3609 4950
12112 4 2 1 1 1257 1256 1585 4903
12113 4 2 1 1 745 735 717 5023
12114 4 2 1 1 3510 3512 4849 5004
12115 4 2 1 1 122 2756 23 4340
12116 4 2 1 1 706 791 574 573
12117 4 2 1 1 558 654 809 559
12118 4 2 1 1 3782 4544 3769 4770
12119 4 2 1 1 3241 4298 3240 4632
12120 4 2 1 1 896 1274 1005 4834
12121 4 2 1 1 1707 972 982 4552
12122 4 2 1 1 283 282 3452 4584
12123 4 2 1 1 1588 1615 1587 4903
12124 4 2 1 1 3119 4439 2968 4947
12125 4 2 1 1 3906 4279 4098 4351
12126 4 2 1 1 4007 4987 4794 5064
12127 4 2 1 1 1037 1039 1038 4588
12128 4 2 1 1 726 727 728 4962
12129 4 2 1 1 784 818 800 5037
12130 4 2 1 1 369 4061 4301 4756
12131 4 2 1 1 1547 1554 1556 4338
12132 4 2 1 1 2049 2028 2032 4496
12133 4 2 1 1 4502 4503 3934 4910
12134 4 2 1 1 803 791 792 4885
12135 4 2 1 1 1800 4330 4380 4955
12136 4 2 1 1 4112 4254 4008 4327
12137 4 2 1 1 119 86 2774 4853
12138 4 2 1 1 2742 1947 1949 4680
12139 4 2 1 1 4279 4936 3933 4960
12140 4 2 1 1 2255 2267 2259 5067
12141 4 2 1 1 3090 4685 4029 5039
12142 4 2 1 1 3923 4243 4115 4740
12143 4 2 1 1 1010 1009 1011 5073
12144 4 2 1 1 3505 322 321 4715
12145 4 2 1 1 2457 2451 2449 5000
12146 4 2 1 1 1859 1861 1860 5034
12147 4 2 1 1 1290 4903 1614 5045
12148 4 2 1 1 382 1879 1875 4616
12149 4 2 1 1 1366 135 59 2786
12150 4 2 1 1 2120 1854 104 4567
12151 4 2 1 1 4134 3946 4655 4897
12152 4 2 1 1 3362 3327 3270 4775
12153 4 2 1 1 3853 4473 4133 5072
12154 4 2 1 1 12 4781 4504 4884
12155 4 2 1 1 3377 4330 242 4633
12156 4 2 1 1 3044 3042 3100 4963
12157 4 2 1 1 3853 4445 4070 4654
12158 4 2 1 1 1086 1087 4301 4756
12159 4 2 1 1 2005 1983 2653 4997
12160 4 2 1 1 4004 3849 4552 5063
12161 4 2 1 1 3108 3031 4135 4688
12162 4 2 1 1 3264 3263 3266 4811
12163 4 2 1 1 4123 4428 1982 4793
12164 4 2 1 1 620 549 548 740
12165 4 2 1 1 2982 2973 3106 4655
12166 4 2 1 1 3451 4339 285 4584
12167 4 2 1 1 9 26 819 4518
12168 4 2 1 1 3976 4115 3923 4243
12169 4 2 1 1 4141 3890 4578 5016
12170 4 2 1 1 13 9 819 4518
12171 4 2 1 1 3395 239 3396 5039
12172 4 2 1 1 2878 161 3046 2877
12173 4 2 1 1 2071 2368 2153 4795
12174 4 2 1 1 4017 3893 4171 4337
12175 4 2 1 1 4494 4767 4364 5034
12176 4 2 1 1 930 2783 1398 56
12177 4 2 1 1 178 3797 1924 4165
12178 4 2 1 1 2545 2204 2513 4615
12179 4 2 1 1 4163 3857 4771 4860
12180 4 2 1 1 1148 1147 1149 4942
12181 4 2 1 1 3856 3916 4567 5087
12182 4 2 1 1 4073 4259 4074 4425
12183 4 2 1 1 1074 4139 4661 4670
12184 4 2 1 1 3062 3109 2882 4733
12185 4 2 1 1 4290 4354 3968 5012
12186 4 2 1 1 102 2829 101 3978
12187 4 2 1 1 4666 4873 4040 4875
12188 4 2 1 1 3389 3393 192 4704
12189 4 2 1 1 4405 4596 2874 4597
12190 4 2 1 1 735 724 723 4965
12191 4 2 1 1 852 4099 856 4746
12192 4 2 1 1 396 4768 4332 5035
12193 4 2 1 1 483 3718 3730 4837
12194 4 2 1 1 1413 34 4144 4561
12195 4 2 1 1 4039 4597 4405 4911
12196 4 2 1 1 1863 2138 4364 5034
12197 4 2 1 1 4021 4483 4312 4804
12198 4 2 1 1 737 634 550 551
12199 4 2 1 1 723 590 721 4832
12200 4 2 1 1 2388 2387 2712 4507
12201 4 2 1 1 881 1211 4426 4981
12202 4 2 1 1 414 4446 4060 4618
12203 4 2 1 1 3942 4806 3926 5020
12204 4 2 1 1 641 4161 4065 5019
12205 4 2 1 1 771 596 595 805
12206 4 2 1 1 2196 2372 2264 5053
12207 4 2 1 1 3204 4359 3185 5043
12208 4 2 1 1 908 1431 905 5071
12209 4 2 1 1 2391 2392 2390 4932
12210 4 2 1 1 2868 143 2857 4993
12211 4 2 1 1 2443 1833 2189 4748
12212 4 2 1 1 585 702 770 586
12213 4 2 1 1 631 618 622 4074
12214 4 2 1 1 2890 2963 2889 5029
12215 4 2 1 1 1631 4349 1424 4765
12216 4 2 1 1 3690 3703 3691 4951
12217 4 2 1 1 1117 1118 1178 4808
12218 4 2 1 1 4124 4407 4126 4639
12219 4 2 1 1 26 824 41 4518
12220 4 2 1 1 1876 1878 1877 4616
12221 4 2 1 1 3686 473 3685 4951
12222 4 2 1 1 2117 1850 1965 4603
12223 4 2 1 1 3482 3488 321 4715
12224 4 2 1 1 2759 4340 118 5054
12225 4 2 1 1 1235 4872 4799 4903
12226 4 2 1 1 4018 4023 3893 4337
12227 4 2 1 1 2977 2979 2982 4655
12228 4 2 1 1 1275 1286 1005 4834
12229 4 2 1 1 1333 1189 900 4875
12230 4 2 1 1 1878 1907 1877 4616
12231 4 2 1 1 2239 2251 2535 4744
12232 4 2 1 1 3296 3319 3317 4891
12233 4 2 1 1 749 566 678 4938
12234 4 2 1 1 754 571 570 676
12235 4 2 1 1 822 820 43 4540
12236 4 2 1 1 1362 1102 1653 4629
12237 4 2 1 1 3877 4539 3938 4794
12238 4 2 1 1 3025 3112 3109 4733
12239 4 2 1 1 844 1281 1288 4590
12240 4 2 1 1 1349 1362 1653 4629
12241 4 2 1 1 4236 4818 3922 4834
12242 4 2 1 1 695 4151 4075 4345
12243 4 2 1 1 1837 4843 2064 4902
12244 4 2 1 1 1057 1513 1270 4922
12245 4 2 1 1 1469 4200 1471 4765
12246 4 2 1 1 3608 3613 3607 4878
12247 4 2 1 1 468 3703 4471 4840
12248 4 2 1 1 1653 1102 1569 4629
12249 4 2 1 1 4021 4272 4483 4934
12250 4 2 1 1 887 826 50 5046
12251 4 2 1 1 3631 419 3629 4877
12252 4 2 1 1 3882 3939 3921 4145
12253 4 2 1 1 553 619 552 773
12254 4 2 1 1 1255 1249 892 4772
12255 4 2 1 1 2179 2614 2484 4998
12256 4 2 1 1 4281 3913 4789 4988
12257 4 2 1 1 3893 4018 3832 4969
12258 4 2 1 1 2890 2889 4709 5029
12259 4 2 1 1 1177 4450 1115 4908
12260 4 2 1 1 3863 4029 3908 4305
12261 4 2 1 1 2108 2579 2110 4246
12262 4 2 1 1 3890 3889 4176 5016
12263 4 2 1 1 4396 4579 4390 4896
12264 4 2 1 1 729 741 743 4667
12265 4 2 1 1 25 885 43 4540
12266 4 2 1 1 2126 5047 2132 5048
12267 4 2 1 1 2610 4603 2117 4805
12268 4 2 1 1 471 3702 16 4327
12269 4 2 1 1 910 1428 913 5070
12270 4 2 1 1 958 1518 960 5026
12271 4 2 1 1 3948 3916 4336 4359
12272 4 2 1 1 29 2064 604 4902
12273 4 2 1 1 796 800 817 4649
12274 4 2 1 1 3558 4181 3949 4575
12275 4 2 1 1 469 4527 4258 4717
12276 4 2 1 1 1678 370 1679 4892
12277 4 2 1 1 42 825 13 4518
12278 4 2 1 1 3677 464 3664 4800
12279 4 2 1 1 3718 3712 3719 4837
12280 4 2 1 1 716 549 550 615
12281 4 2 1 1 3854 3876 3961 4831
12282 4 2 1 1 879 4817 900 4875
12283 4 2 1 1 1381 1345 1344 4617
12284 4 2 1 1 3768 3781 4199 5015
12285 4 2 1 1 3722 4132 4502 4914
12286 4 2 1 1 2605 1901 2604 4645
12287 4 2 1 1 695 686 707 4345
12288 4 2 1 1 1068 1069 4505 4927
12289 4 2 1 1 1322 943 941 4905
12290 4 2 1 1 464 4572 4420 4573
12291 4 2 1 1 4014 4172 327 4173
12292 4 2 1 1 1693 1171 1691 4942
12293 4 2 1 1 3952 5044 4670 5082
12294 4 2 1 1 4023 3893 4337 4468
12295 4 2 1 1 2782 1411 53 832
12296 4 2 1 1 47 610 1266 4730
12297 4 2 1 1 1127 4247 1564 4582
12298 4 2 1 1 4308 4773 3954 4830
12299 4 2 1 1 3633 3634 438 5012
12300 4 2 1 1 3886 4143 3948 4396
12301 4 2 1 1 661 652 673 4416
12302 4 2 1 1 2905 2917 2934 4651
12303 4 2 1 1 2501 2502 2744 4627
12304 4 2 1 1 3615 3627 3617 4751
12305 4 2 1 1 895 4228 4590 5073
12306 4 2 1 1 1836 2064 29 4902
12307 4 2 1 1 1408 988 4317 4923
12308 4 2 1 1 517 4757 4619 5018
12309 4 2 1 1 724 727 726 4722
12310 4 2 1 1 4185 4291 2231 4694
12311 4 2 1 1 1991 2613 2162 4998
12312 4 2 1 1 2939 4651 2935 5024
12313 4 2 1 1 4086 4263 4031 4436
12314 4 2 1 1 2462 2423 2459 4826
12315 4 2 1 1 3565 3561 3559 4975
12316 4 2 1 1 3084 3088 2952 4890
12317 4 2 1 1 3345 3255 3327 4775
12318 4 2 1 1 4256 4750 1821 4823
12319 4 2 1 1 497 3752 3742 4624
12320 4 2 1 1 1788 2721 213 1777
12321 4 2 1 1 3326 4168 3324 4913
12322 4 2 1 1 700 692 696 4048
12323 4 2 1 1 799 803 795 4047
12324 4 2 1 1 3550 4163 3552 4860
12325 4 2 1 1 3041 3042 3008 4809
12326 4 2 1 1 27 3623 3616 4970
12327 4 2 1 1 2484 1983 2005 4997
12328 4 2 1 1 1135 1137 1598 4948
12329 4 2 1 1 1127 1129 4247 4581
12330 4 2 1 1 504 3753 503 5005
12331 4 2 1 1 694 696 692 5031
12332 4 2 1 1 4222 4687 341 5009
12333 4 2 1 1 3500 3487 3499 4253
12334 4 2 1 1 4071 4203 4008 4608
12335 4 2 1 1 565 720 732 4989
12336 4 2 1 1 1523 1521 1602 5007
12337 4 2 1 1 718 725 734 4888
12338 4 2 1 1 3988 4175 4039 4405
12339 4 2 1 1 2712 2387 2386 4507
12340 4 2 1 1 4095 4174 3947 4598
12341 4 2 1 1 3310 3308 3293 4821
12342 4 2 1 1 4175 4405 3988 4911
12343 4 2 1 1 3457 3454 300 4526
12344 4 2 1 1 2516 4458 4198 5077
12345 4 2 1 1 1656 1120 4870 4927
12346 4 2 1 1 327 4172 4113 4173
12347 4 2 1 1 2129 2128 2672 4750
12348 4 2 1 1 4169 4656 4464 4926
12349 4 2 1 1 1179 1180 1185 4650
12350 4 2 1 1 3914 4661 4262 4949
12351 4 2 1 1 208 3347 3189 4705
12352 4 2 1 1 870 873 4278 4558
12353 4 2 1 1 3778 3780 4195 4943
12354 4 2 1 1 133 4894 4596 5044
12355 4 2 1 1 607 2215 2624 4635
12356 4 2 1 1 977 1580 1560 5035
12357 4 2 1 1 2935 2934 2917 4651
12358 4 2 1 1 3765 3764 523 4770
12359 4 2 1 1 2015 2509 2018 4672
12360 4 2 1 1 2670 2028 2030 4496
12361 4 2 1 1 4195 4638 4149 4886
12362 4 2 1 1 2745 1889 1884 4703
12363 4 2 1 1 1286 62 138 893
12364 4 2 1 1 1560 1232 1555 5035
12365 4 2 1 1 1989 2638 4202 4625
12366 4 2 1 1 1391 1177 1115 4908
12367 4 2 1 1 1587 1586 1588 4903
12368 4 2 1 1 3460 3466 3463 4692
12369 4 2 1 1 3596 3594 3593 5054
12370 4 2 1 1 1565 1550 1567 5045
12371 4 2 1 1 3945 4838 3897 5068
12372 4 2 1 1 2704 2170 2171 5050
12373 4 2 1 1 653 768 567 568
12374 4 2 1 1 4069 4670 1380 5082
12375 4 2 1 1 2255 2259 2247 5067
12376 4 2 1 1 4056 4744 4324 4745
12377 4 2 1 1 1876 1879 1878 4616
12378 4 2 1 1 1916 1915 2482 4591
12379 4 2 1 1 4324 4744 3971 4745
12380 4 2 1 1 3776 3785 3770 4770
12381 4 2 1 1 3757 500 3746 4901
12382 4 2 1 1 3316 3219 3346 4621
12383 4 2 1 1 3826 4674 3978 4776
12384 4 2 1 1 27 3616 28 4242
12385 4 2 1 1 1109 1110 2784 5044
12386 4 2 1 1 4504 4837 3711 5033
12387 4 2 1 1 2969 4651 2934 4947
12388 4 2 1 1 2280 4551 4284 4635
12389 4 2 1 1 4143 4297 3991 4486
12390 4 2 1 1 3231 4336 4096 5043
12391 4 2 1 1 839 4818 4547 4873
12392 4 2 1 1 3665 3664 3659 4800
12393 4 2 1 1 3711 4837 3718 5033
12394 4 2 1 1 1184 4362 1270 4922
12395 4 2 1 1 2555 2270 2562 4999
12396 4 2 1 1 2250 2257 2408 4734
12397 4 2 1 1 617 4065 641 4161
12398 4 2 1 1 1021 4798 1019 5006
12399 4 2 1 1 539 540 613 650
12400 4 2 1 1 3588 3583 3591 4954
12401 4 2 1 1 1696 1173 1157 4358
12402 4 2 1 1 2542 4459 2411 4967
12403 4 2 1 1 3639 3654 3645 5012
12404 4 2 1 1 1328 609 48 4780
12405 4 2 1 1 1565 1291 1687 5045
12406 4 2 1 1 722 578 701 577
12407 4 2 1 1 3871 4680 4329 4681
12408 4 2 1 1 4198 4918 4625 5078
12409 4 2 1 1 2160 4365 2111 4585
12410 4 2 1 1 3411 3410 259 4501
12411 4 2 1 1 3982 4099 3888 4153
12412 4 2 1 1 703 736 581 580
12413 4 2 1 1 419 420 3629 4877
12414 4 2 1 1 4004 4768 3849 5063
12415 4 2 1 1 4196 4672 3857 4771
12416 4 2 1 1 1505 1382 855 5032
12417 4 2 1 1 2595 1885 2280 4284
12418 4 2 1 1 4301 4742 1086 4949
12419 4 2 1 1 1117 1178 4201 4808
12420 4 2 1 1 3594 3598 4664 5054
12421 4 2 1 1 3197 3184 3195 4794
12422 4 2 1 1 1621 1238 1232 4296
12423 4 2 1 1 3726 3728 4132 4914
12424 4 2 1 1 12 3734 492 4884
12425 4 2 1 1 1424 4349 1493 4765
12426 4 2 1 1 744 729 733 4813
12427 4 2 1 1 627 614 637 4957
12428 4 2 1 1 3539 3532 3538 3873
12429 4 2 1 1 150 2875 149 4982
12430 4 2 1 1 3646 3645 4355 5012
12431 4 2 1 1 2942 2969 2934 4947
12432 4 2 1 1 2737 2361 2474 5017
12433 4 2 1 1 186 340 324 5010
12434 4 2 1 1 625 637 629 4820
12435 4 2 1 1 4236 3922 4818 4873
12436 4 2 1 1 3925 4191 4032 4307
12437 4 2 1 1 3856 3916 3826 4567
12438 4 2 1 1 2271 356 345 2492
12439 4 2 1 1 1623 4475 4474 4580
12440 4 2 1 1 3572 3576 3570 4848
12441 4 2 1 1 2035 2034 2027 4787
12442 4 2 1 1 1238 1621 1290 4296
12443 4 2 1 1 367 1107 1573 72
12444 4 2 1 1 4440 4995 4303 5073
12445 4 2 1 1 191 3389 192 4704
12446 4 2 1 1 2065 39 1840 4437
12447 4 2 1 1 4794 4987 4289 5064
12448 4 2 1 1 1637 4301 1087 4756
12449 4 2 1 1 2675 2391 2676 4932
12450 4 2 1 1 3031 2944 3108 4135
12451 4 2 1 1 910 912 1428 5070
12452 4 2 1 1 3912 4363 3977 4624
12453 4 2 1 1 56 923 930 132
12454 4 2 1 1 2870 133 135 4894
12455 4 2 1 1 4053 4062 220 4555
12456 4 2 1 1 3563 3573 247 3562
12457 4 2 1 1 4129 4221 4900 4935
12458 4 2 1 1 2148 1844 2199 4659
12459 4 2 1 1 628 624 630 4052
12460 4 2 1 1 903 915 865 5071
12461 4 2 1 1 4682 4819 4109 4901
12462 4 2 1 1 2575 4789 2155 5048
12463 4 2 1 1 2140 2202 599 4515
12464 4 2 1 1 4166 4912 4408 4922
12465 4 2 1 1 1109 131 832 5082
12466 4 2 1 1 666 658 662 4046
12467 4 2 1 1 2873 2851 2866 4911
12468 4 2 1 1 81 1726 82 4928
12469 4 2 1 1 613 626 628 5019
12470 4 2 1 1 704 632 545 546
12471 4 2 1 1 3703 4471 4840 4951
12472 4 2 1 1 1545 4338 1582 5045
12473 4 2 1 1 1793 4165 4164 4380
12474 4 2 1 1 4066 4605 3954 4706
12475 4 2 1 1 3828 4063 3872 4588
12476 4 2 1 1 3980 4495 4394 4885
12477 4 2 1 1 3737 3741 3746 4901
12478 4 2 1 1 3647 444 445 4708
12479 4 2 1 1 2951 3035 3029 4745
12480 4 2 1 1 2376 2379 2525 4871
12481 4 2 1 1 139 4824 4435 4887
12482 4 2 1 1 2975 3102 2976 4882
12483 4 2 1 1 3120 3092 3018 4721
12484 4 2 1 1 2064 4660 4462 4902
12485 4 2 1 1 3278 3307 3277 4778
12486 4 2 1 1 1869 1818 2129 4750
12487 4 2 1 1 436 36 3655 4355
12488 4 2 1 1 4440 4587 4153 4876
12489 4 2 1 1 3630 423 4665 4950
12490 4 2 1 1 1897 1901 2217 4645
12491 4 2 1 1 958 957 959 4443
12492 4 2 1 1 661 670 650 4492
12493 4 2 1 1 426 4751 3627 4906
12494 4 2 1 1 1049 1289 1412 4662
12495 4 2 1 1 4063 4296 397 4903
12496 4 2 1 1 3656 117 443 4353
12497 4 2 1 1 1443 2796 67 143
12498 4 2 1 1 3406 3402 219 4062
12499 4 2 1 1 3072 2975 3095 4422
12500 4 2 1 1 20 19 3694 3716
12501 4 2 1 1 3768 25 30 3743
12502 4 2 1 1 3440 3434 3437 4755
12503 4 2 1 1 38 3689 3717 33
12504 4 2 1 1 13 3742 18 3773
12505 4 2 1 1 2670 2032 2028 4496
12506 4 2 1 1 203 532 4111 4152
12507 4 2 1 1 3892 4114 4397 5015
12508 4 2 1 1 3727 4279 486 4801
12509 4 2 1 1 1237 4063 1367 4799
12510 4 2 1 1 652 661 671 4416
12511 4 2 1 1 800 812 784 5037
12512 4 2 1 1 2031 2498 4460 4967
12513 4 2 1 1 3940 4217 3995 4653
12514 4 2 1 1 2420 2419 2054 4767
12515 4 2 1 1 493 3736 492 4884
12516 4 2 1 1 4077 4079 4014 4612
12517 4 2 1 1 3460 3471 3466 4472
12518 4 2 1 1 733 579 708 578
12519 4 2 1 1 727 745 730 4994
12520 4 2 1 1 721 746 738 5059
12521 4 2 1 1 1580 1227 4090 5035
12522 4 2 1 1 12 4504 3734 4884
12523 4 2 1 1 319 334 3504 318
12524 4 2 1 1 4255 4506 4036 4878
12525 4 2 1 1 3294 4611 4342 4891
12526 4 2 1 1 3953 3988 3880 4405
12527 4 2 1 1 2868 4887 143 4993
12528 4 2 1 1 1300 1302 1303 4193
12529 4 2 1 1 1411 2781 53 830
12530 4 2 1 1 3936 4888 804 4984
12531 4 2 1 1 3759 3750 3745 4819
12532 4 2 1 1 3925 4032 4113 4307
12533 4 2 1 1 3515 3518 3522 5004
12534 4 2 1 1 38 1927 89 5079
12535 4 2 1 1 3290 3326 3324 4913
12536 4 2 1 1 3082 3080 3081 4982
12537 4 2 1 1 211 4174 3978 4881
12538 4 2 1 1 4105 4342 4233 4611
12539 4 2 1 1 3135 3288 3338 4976
12540 4 2 1 1 3496 4307 4113 4530
12541 4 2 1 1 3857 4771 4672 4866
12542 4 2 1 1 349 2460 2459 2461
12543 4 2 1 1 1636 882 1288 4590
12544 4 2 1 1 1048 1047 1046 5006
12545 4 2 1 1 2155 2575 2567 4789
12546 4 2 1 1 1688 1679 370 4892
12547 4 2 1 1 1519 1440 1559 4945
12548 4 2 1 1 1378 1670 1375 5006
12549 4 2 1 1 802 818 805 4983
12550 4 2 1 1 1710 845 879 4817
12551 4 2 1 1 4021 4604 4417 4804
12552 4 2 1 1 748 551 645 4814
12553 4 2 1 1 863 866 4278 4707
12554 4 2 1 1 137 139 2858 4824
12555 4 2 1 1 3876 3926 4014 4173
12556 4 2 1 1 785 810 806 4832
12557 4 2 1 1 123 120 2760 4752
12558 4 2 1 1 2680 4123 4202 4997
12559 4 2 1 1 4311 4445 3853 4654
12560 4 2 1 1 2817 2841 2821 4883
12561 4 2 1 1 206 4565 205 4613
12562 4 2 1 1 2168 2170 2704 5050
12563 4 2 1 1 3826 3978 3856 4776
12564 4 2 1 1 481 4583 3731 5033
12565 4 2 1 1 4232 4498 1205 4666
12566 4 2 1 1 3720 4837 4583 5033
12567 4 2 1 1 326 4173 4113 5009
12568 4 2 1 1 1862 1861 1863 5034
12569 4 2 1 1 3593 4622 3596 5054
12570 4 2 1 1 671 661 650 4492
12571 4 2 1 1 4026 4091 3904 4122
12572 4 2 1 1 4405 4595 3953 4916
12573 4 2 1 1 1192 1193 1191 4498
12574 4 2 1 1 2168 2167 2170 5050
12575 4 2 1 1 2526 2052 1994 5017
12576 4 2 1 1 452 3683 40 4762
12577 4 2 1 1 4018 4273 4033 4382
12578 4 2 1 1 4077 4078 3961 4222
12579 4 2 1 1 847 4580 4266 4817
12580 4 2 1 1 1832 4380 2733 4714
12581 4 2 1 1 163 3082 203 4111
12582 4 2 1 1 3168 4525 4468 4862
12583 4 2 1 1 4332 4768 4090 5035
12584 4 2 1 1 2496 2629 2433 4497
12585 4 2 1 1 4130 4251 3752 4624
12586 4 2 1 1 3631 4752 418 4877
12587 4 2 1 1 431 4620 4506 4878
12588 4 2 1 1 660 659 661 4097
12589 4 2 1 1 298 3475 3456 4206
12590 4 2 1 1 752 568 675 569
12591 4 2 1 1 3720 3711 3718 5033
12592 4 2 1 1 507 3738 3739 4819
12593 4 2 1 1 3856 3978 3947 4174
12594 4 2 1 1 1875 1874 1873 4616
12595 4 2 1 1 1613 1266 610 4441
12596 4 2 1 1 3608 4752 3620 4878
12597 4 2 1 1 4255 4506 3625 5052
12598 4 2 1 1 4236 4818 840 4873
12599 4 2 1 1 2016 2436 2437 5078
12600 4 2 1 1 1885 1888 4284 4735
12601 4 2 1 1 369 4061 4756 4765
12602 4 2 1 1 68 67 1443 2796
12603 4 2 1 1 4059 4664 4340 5054
12604 4 2 1 1 52 51 1718 4857
12605 4 2 1 1 731 742 740 4556
12606 4 2 1 1 4266 4580 847 4981
12607 4 2 1 1 2584 4202 2687 4627
12608 4 2 1 1 1952 1948 1951 4681
12609 4 2 1 1 718 734 588 4888
12610 4 2 1 1 1921 4494 4030 5034
12611 4 2 1 1 930 923 4445 4977
12612 4 2 1 1 4310 4548 3858 5063
12613 4 2 1 1 1549 397 1548 5045
12614 4 2 1 1 1439 4476 1684 4945
12615 4 2 1 1 3638 3632 4354 5012
12616 4 2 1 1 1004 66 2793 64
12617 4 2 1 1 2099 2569 2568 4802
12618 4 2 1 1 3199 4557 3348 4842
12619 4 2 1 1 3954 4773 4308 4899
12620 4 2 1 1 3962 4136 3995 5076
12621 4 2 1 1 898 1366 1178 4825
12622 4 2 1 1 395 4313 4476 4477
12623 4 2 1 1 2234 4056 4291 4418
12624 4 2 1 1 678 668 652 4938
12625 4 2 1 1 2611 2514 2050 5077
12626 4 2 1 1 2392 2393 4398 4932
12627 4 2 1 1 1171 1157 370 4358
12628 4 2 1 1 4028 4963 4709 5029
12629 4 2 1 1 1353 1349 1653 4629
12630 4 2 1 1 1198 4477 1655 5081
12631 4 2 1 1 538 641 617 4065
12632 4 2 1 1 1285 1277 1629 4863
12633 4 2 1 1 4264 4889 4727 5057
12634 4 2 1 1 361 3534 360 350
12635 4 2 1 1 3586 3582 3581 4669
12636 4 2 1 1 1659 1049 1247 4844
12637 4 2 1 1 2375 2376 2377 4871
12638 4 2 1 1 2037 2031 2539 4967
12639 4 2 1 1 1192 1195 1193 4498
12640 4 2 1 1 88 2776 87 4946
12641 4 2 1 1 1099 1096 1097 5051
12642 4 2 1 1 786 792 791 4749
12643 4 2 1 1 3539 3540 3532 3873
12644 4 2 1 1 3752 497 513 3795
12645 4 2 1 1 3175 4525 4233 4778
12646 4 2 1 1 3517 4260 344 5004
12647 4 2 1 1 2441 2679 2438 4625
12648 4 2 1 1 3931 4567 3916 5087
12649 4 2 1 1 4122 4444 4091 4762
12650 4 2 1 1 3185 4359 4336 5043
12651 4 2 1 1 949 936 1657 4654
12652 4 2 1 1 2359 2230 2360 4291
12653 4 2 1 1 2633 1792 1849 4383
12654 4 2 1 1 1208 1041 1042 4415
12655 4 2 1 1 3374 180 179 4634
12656 4 2 1 1 1120 1068 4450 4927
12657 4 2 1 1 2702 4331 4684 4714
12658 4 2 1 1 335 4500 3506 4849
12659 4 2 1 1 508 3788 507 524
12660 4 2 1 1 262 261 3424 4191
12661 4 2 1 1 3914 4362 3928 4742
12662 4 2 1 1 2687 1990 2501 4627
12663 4 2 1 1 2190 1945 4748 5066
12664 4 2 1 1 3311 3310 3293 4821
12665 4 2 1 1 1084 1071 1069 4927
12666 4 2 1 1 621 630 624 4052
12667 4 2 1 1 4211 4457 3955 4890
12668 4 2 1 1 4008 4254 4693 4840
12669 4 2 1 1 1226 1178 1432 4825
12670 4 2 1 1 2850 4596 133 4894
12671 4 2 1 1 1946 4393 1945 5066
12672 4 2 1 1 1014 1579 1012 4986
12673 4 2 1 1 1822 4256 1866 4750
12674 4 2 1 1 425 4467 28 4970
12675 4 2 1 1 3864 4126 4124 4407
12676 4 2 1 1 1371 4798 1023 5006
12677 4 2 1 1 1113 4756 1632 4765
12678 4 2 1 1 3674 4268 451 4796
12679 4 2 1 1 4679 4680 3871 4681
12680 4 2 1 1 269 3426 270 3873
12681 4 2 1 1 483 3730 4425 4837
12682 4 2 1 1 4096 4524 232 4614
12683 4 2 1 1 4034 4132 4583 5033
12684 4 2 1 1 3593 4446 4622 5054
12685 4 2 1 1 164 160 238 3326
12686 4 2 1 1 487 3735 20 4781
12687 4 2 1 1 414 4295 4154 4618
12688 4 2 1 1 19 486 4279 4657
12689 4 2 1 1 896 1005 4818 4834
12690 4 2 1 1 1615 1291 1614 5045
12691 4 2 1 1 950 923 134 4445
12692 4 2 1 1 2036 2259 2271 4698
12693 4 2 1 1 4308 4830 3954 5011
12694 4 2 1 1 2084 2305 2307 4677
12695 4 2 1 1 3697 3691 3706 4951
12696 4 2 1 1 3859 3935 3893 4023
12697 4 2 1 1 1336 4136 3962 4479
12698 4 2 1 1 2926 2928 2929 4934
12699 4 2 1 1 2301 2302 2299 4677
12700 4 2 1 1 928 922 1403 5055
12701 4 2 1 1 4074 4258 4073 4425
12702 4 2 1 1 1131 1451 1450 4870
12703 4 2 1 1 3899 4057 4506 4732
12704 4 2 1 1 3460 3463 3462 4692
12705 4 2 1 1 516 515 4388 5018
12706 4 2 1 1 1264 4137 4063 4588
12707 4 2 1 1 617 641 628 4161
12708 4 2 1 1 4004 4768 4296 5035
12709 4 2 1 1 3655 4355 4354 5012
12710 4 2 1 1 686 703 707 5075
12711 4 2 1 1 15 1717 16 4327
12712 4 2 1 1 2673 2036 2271 4698
12713 4 2 1 1 2384 2739 2523 4871
12714 4 2 1 1 1503 1057 1343 4408
12715 4 2 1 1 252 4402 3574 4643
12716 4 2 1 1 3623 27 424 4665
12717 4 2 1 1 2385 2087 2726 4421
12718 4 2 1 1 3500 3501 3487 4253
12719 4 2 1 1 133 4201 4894 5044
12720 4 2 1 1 538 652 671 4065
12721 4 2 1 1 4262 4661 1079 4949
12722 4 2 1 1 4015 4636 3877 4637
12723 4 2 1 1 428 4646 4285 4658
12724 4 2 1 1 4262 4362 3914 4742
12725 4 2 1 1 1815 1813 1819 4823
12726 4 2 1 1 1021 1023 1022 4798
12727 4 2 1 1 2346 2490 2333 4684
12728 4 2 1 1 90 1838 19 4966
12729 4 2 1 1 3839 3899 4931 4991
12730 4 2 1 1 1975 1973 4829 4915
12731 4 2 1 1 1293 4193 4043 4629
12732 4 2 1 1 3490 3493 4307 4715
12733 4 2 1 1 3371 4565 3373 4705
12734 4 2 1 1 2100 2478 2728 4924
12735 4 2 1 1 3928 4193 1297 4856
12736 4 2 1 1 132 4445 923 4977
12737 4 2 1 1 987 137 61 898
12738 4 2 1 1 4079 4372 4117 4974
12739 4 2 1 1 3531 321 320 3504
12740 4 2 1 1 2951 2953 2970 5024
12741 4 2 1 1 989 992 995 5038
12742 4 2 1 1 3314 4775 3315 4988
12743 4 2 1 1 4320 4953 4194 4954
12744 4 2 1 1 416 3596 415 4622
12745 4 2 1 1 3848 3991 4143 4297
12746 4 2 1 1 1102 4629 1361 5051
12747 4 2 1 1 3445 3439 3432 4531
12748 4 2 1 1 4040 4266 3910 4817
12749 4 2 1 1 63 987 139 2790
12750 4 2 1 1 3589 118 3598 5054
12751 4 2 1 1 3524 4500 4212 4671
12752 4 2 1 1 292 3939 4145 5021
12753 4 2 1 1 1872 4616 2435 4823
12754 4 2 1 1 891 1388 4278 4558
12755 4 2 1 1 2446 2445 2353 4448
12756 4 2 1 1 3733 4801 484 4837
12757 4 2 1 1 1556 1554 1238 4338
12758 4 2 1 1 3409 278 3410 4501
12759 4 2 1 1 2342 1871 2633 4383
12760 4 2 1 1 3524 329 330 4671
12761 4 2 1 1 3279 3214 3195 4794
12762 4 2 1 1 279 280 3427 4538
12763 4 2 1 1 4052 4275 4243 4740
12764 4 2 1 1 1212 4426 1214 4558
12765 4 2 1 1 3909 4407 4333 4455
12766 4 2 1 1 3689 4112 34 4561
12767 4 2 1 1 3295 3312 3311 4611
12768 4 2 1 1 797 795 796 4985
12769 4 2 1 1 63 956 65 2792
12770 4 2 1 1 2817 2821 4378 4883
12771 4 2 1 1 4222 4532 4078 5010
12772 4 2 1 1 2970 190 3035 4958
12773 4 2 1 1 3733 3730 3719 4837
12774 4 2 1 1 3373 4565 206 4613
12775 4 2 1 1 3108 4478 3031 4688
12776 4 2 1 1 1112 4224 1641 4493
12777 4 2 1 1 2400 4216 4421 4507
12778 4 2 1 1 3190 3191 3348 4842
12779 4 2 1 1 1628 4358 1331 4904
12780 4 2 1 1 2637 5077 4198 5078
12781 4 2 1 1 720 566 668 565
12782 4 2 1 1 4295 4646 429 4658
12783 4 2 1 1 1962 2624 2215 4939
12784 4 2 1 1 1025 1702 1021 5006
12785 4 2 1 1 2557 2562 2563 4999
12786 4 2 1 1 4036 4000 4255 4665
12787 4 2 1 1 4182 4290 3968 5025
12788 4 2 1 1 4283 4651 3955 4947
12789 4 2 1 1 2150 1761 2566 4858
12790 4 2 1 1 2214 2213 1933 4424
12791 4 2 1 1 4098 4914 4781 5079
12792 4 2 1 1 134 2852 2865 4916
12793 4 2 1 1 4218 4990 4668 5084
12794 4 2 1 1 4241 3964 4631 5080
12795 4 2 1 1 3 645 748 551
12796 4 2 1 1 746 591 5 814
12797 4 2 1 1 7 712 747 581
12798 4 2 1 1 646 711 4 546
12799 4 2 1 1 556 4 646 781
12800 4 2 1 1 2190 1946 1945 5066
12801 4 2 1 1 4566 4098 4966 5079
12802 4 2 1 1 645 542 3 710
12803 4 2 1 1 2504 2216 1960 4754
12804 4 2 1 1 3454 3436 3462 3798
12805 4 2 1 1 782 816 6 596
12806 4 2 1 1 783 8 586 713
12807 4 2 1 1 2502 2547 2548 4627
12808 4 2 1 1 2824 102 2842 3978
12809 4 2 1 1 630 4052 4041 4275
12810 4 2 1 1 4115 4243 3976 4388
12811 4 2 1 1 1264 4063 1039 4588
12812 4 2 1 1 3614 3610 3606 4950
12813 4 2 1 1 2662 2659 2440 5049
12814 4 2 1 1 3623 3618 3621 4970
12815 4 2 1 1 2103 2568 2209 4802
12816 4 2 1 1 642 4074 622 4258
12817 4 2 1 1 2809 4378 2821 4883
12818 4 2 1 1 3948 3886 4396 4579
12819 4 2 1 1 3941 4424 3877 4636
12820 4 2 1 1 3869 3959 3917 4861
12821 4 2 1 1 2127 2126 2132 5048
12822 4 2 1 1 1927 2624 1962 4520
12823 4 2 1 1 2681 4625 2442 4627
12824 4 2 1 1 547 749 1 643
12825 4 2 1 1 1 749 566 678
12826 4 2 1 1 852 4099 4746 5032
12827 4 2 1 1 3741 4682 4251 4901
12828 4 2 1 1 2953 2947 2954 4788
12829 4 2 1 1 427 3627 4751 4906
12830 4 2 1 1 635 541 672 540
12831 4 2 1 1 4034 4098 3906 4132
12832 4 2 1 1 3695 4203 3699 4879
12833 4 2 1 1 4379 4741 4115 4929
12834 4 2 1 1 1997 2577 2724 5017
12835 4 2 1 1 3988 4039 3880 4405
12836 4 2 1 1 275 3405 276 4387
12837 4 2 1 1 541 680 2 644
12838 4 2 1 1 2 571 780 680
12839 4 2 1 1 1286 64 140 2791
12840 4 2 1 1 3918 4604 4325 4769
12841 4 2 1 1 3518 342 4687 5004
12842 4 2 1 1 2454 2453 2534 5000
12843 4 2 1 1 1238 4338 1555 5035
12844 4 2 1 1 741 716 743 4667
12845 4 2 1 1 3048 4804 4483 4934
12846 4 2 1 1 3859 4298 4969 4988
12847 4 2 1 1 594 774 801 593
12848 4 2 1 1 2734 2438 2439 4625
12849 4 2 1 1 4348 4682 506 4819
12850 4 2 1 1 4028 4601 4963 5029
12851 4 2 1 1 1136 1596 1597 4948
12852 4 2 1 1 2489 2335 2490 4684
12853 4 2 1 1 2255 2268 2267 5067
12854 4 2 1 1 64 1004 140 2793
12855 4 2 1 1 3873 4606 4593 4803
12856 4 2 1 1 4056 4185 3393 4291
12857 4 2 1 1 3778 498 3752 3795
12858 4 2 1 1 3916 4972 3275 5043
12859 4 2 1 1 1593 4004 4552 5060
12860 4 2 1 1 2698 2391 2390 4932
12861 4 2 1 1 457 441 440 3657
12862 4 2 1 1 3437 3434 3436 4755
12863 4 2 1 1 3629 4877 421 4950
12864 4 2 1 1 3190 3156 3158 4841
12865 4 2 1 1 4099 4153 3982 4746
12866 4 2 1 1 3962 4136 1335 4905
12867 4 2 1 1 484 4425 3730 4837
12868 4 2 1 1 1165 1175 1577 4892
12869 4 2 1 1 3409 3407 3408 4391
12870 4 2 1 1 901 4558 4099 4981
12871 4 2 1 1 4243 4275 514 4740
12872 4 2 1 1 4018 4033 3832 4382
12873 4 2 1 1 1246 1031 1392 5069
12874 4 2 1 1 3918 4186 4604 4769
12875 4 2 1 1 3433 3431 3432 4584
12876 4 2 1 1 4026 4444 4122 4572
12877 4 2 1 1 2349 4118 2481 4591
12878 4 2 1 1 1069 1120 1656 4927
12879 4 2 1 1 4041 4275 4052 4740
12880 4 2 1 1 1815 1820 4750 4823
12881 4 2 1 1 154 3324 162 4309
12882 4 2 1 1 2975 2976 2974 4882
12883 4 2 1 1 2544 4350 2299 4677
12884 4 2 1 1 2333 2332 2334 4684
12885 4 2 1 1 332 4500 3529 4501
12886 4 2 1 1 989 990 991 5038
12887 4 2 1 1 1476 1477 1475 4200
12888 4 2 1 1 1245 1323 1606 5069
12889 4 2 1 1 1871 2205 4165 4383
12890 4 2 1 1 3680 3677 3665 4800
12891 4 2 1 1 4008 4693 4471 4840
12892 4 2 1 1 3902 4352 216 4988
12893 4 2 1 1 238 530 3789 4676
12894 4 2 1 1 3622 432 431 4620
12895 4 2 1 1 3591 4683 410 4954
12896 4 2 1 1 58 2787 950 134
12897 4 2 1 1 2318 2343 2342 4383
12898 4 2 1 1 3940 3995 3836 5076
12899 4 2 1 1 19 4279 3716 4351
12900 4 2 1 1 4125 4126 3955 4457
12901 4 2 1 1 4079 4076 4260 4671
12902 4 2 1 1 1549 1548 1551 5045
12903 4 2 1 1 1249 1319 1430 5072
12904 4 2 1 1 4498 4666 4475 4875
12905 4 2 1 1 3904 4026 4268 4344
12906 4 2 1 1 1593 4552 4451 5060
12907 4 2 1 1 240 3417 238 4676
12908 4 2 1 1 522 4638 4199 4770
12909 4 2 1 1 1628 1612 4136 4904
12910 4 2 1 1 1896 1898 2349 4118
12911 4 2 1 1 1837 2064 1836 4902
12912 4 2 1 1 2202 4375 82 4929
12913 4 2 1 1 1076 1075 1077 4661
12914 4 2 1 1 2094 2095 2592 4718
12915 4 2 1 1 1017 1016 4587 4986
12916 4 2 1 1 2642 2418 2740 4458
12917 4 2 1 1 3383 184 3379 4086
12918 4 2 1 1 4450 4581 1121 4869
12919 4 2 1 1 923 58 950 134
12920 4 2 1 1 1060 4408 1315 4856
12921 4 2 1 1 4619 5018 3976 5019
12922 4 2 1 1 3736 33 478 3709
12923 4 2 1 1 638 614 627 4957
12924 4 2 1 1 2048 4635 4082 4787
12925 4 2 1 1 1027 4959 1026 5070
12926 4 2 1 1 2031 2037 2498 4967
12927 4 2 1 1 3555 3554 3541 3794
12928 4 2 1 1 291 292 4145 5021
12929 4 2 1 1 3997 4771 3857 4866
12930 4 2 1 1 2202 599 4515 4741
12931 4 2 1 1 39 4268 3663 4344
12932 4 2 1 1 1616 4362 4408 4922
12933 4 2 1 1 1587 1257 1585 4903
12934 4 2 1 1 390 3578 389 4643
12935 4 2 1 1 628 4161 4243 4275
12936 4 2 1 1 4171 4842 4841 4862
12937 4 2 1 1 4211 4838 4788 4890
12938 4 2 1 1 30 521 3787 4886
12939 4 2 1 1 3626 3614 428 5052
12940 4 2 1 1 17 3786 528 4886
12941 4 2 1 1 4517 4561 4071 4879
12942 4 2 1 1 603 2482 1915 4591
12943 4 2 1 1 642 622 623 4045
12944 4 2 1 1 3591 3595 4683 4954
12945 4 2 1 1 139 2858 4824 4887
12946 4 2 1 1 1651 1104 1652 5051
12947 4 2 1 1 3505 323 322 4715
12948 4 2 1 1 4059 4669 4664 5054
12949 4 2 1 1 1025 1021 1045 5006
12950 4 2 1 1 4267 4533 3950 4601
12951 4 2 1 1 3782 3785 518 4544
12952 4 2 1 1 3964 4285 4241 4646
12953 4 2 1 1 1612 4904 944 4905
12954 4 2 1 1 2132 5047 4718 5048
12955 4 2 1 1 398 1668 1667 1217
12956 4 2 1 1 4503 4910 4502 4914
12957 4 2 1 1 3790 532 203 4152
12958 4 2 1 1 4181 4554 3567 4823
12959 4 2 1 1 974 4451 973 5060
12960 4 2 1 1 2824 2842 3856 3978
12961 4 2 1 1 3841 4166 4408 4922
12962 4 2 1 1 3107 3088 2914 4890
12963 4 2 1 1 1901 2605 2217 4645
12964 4 2 1 1 1587 1585 1586 4903
12965 4 2 1 1 861 860 4546 4707
12966 4 2 1 1 1178 1366 1397 4201
12967 4 2 1 1 4104 4495 4265 4885
12968 4 2 1 1 4149 4638 4199 4886
12969 4 2 1 1 4041 4275 4130 4822
12970 4 2 1 1 1604 942 3995 4905
12971 4 2 1 1 1047 1048 1379 5006
12972 4 2 1 1 2365 2623 2360 4291
12973 4 2 1 1 2733 4380 1801 4714
12974 4 2 1 1 2423 2462 2580 4826
12975 4 2 1 1 3945 4422 4419 5085
12976 4 2 1 1 3879 3928 3841 4856
12977 4 2 1 1 4324 4599 4215 5053
12978 4 2 1 1 483 4425 4583 4837
12979 4 2 1 1 1290 1556 4338 5045
12980 4 2 1 1 3880 4039 4128 4405
12981 4 2 1 1 450 3680 4796 4800
12982 4 2 1 1 2390 4507 2388 4932
12983 4 2 1 1 3436 3454 3428 3798
12984 4 2 1 1 3913 4300 4019 4775
12985 4 2 1 1 3278 4778 3308 4821
12986 4 2 1 1 905 903 904 5071
12987 4 2 1 1 717 735 738 5023
12988 4 2 1 1 1257 1234 1256 4903
12989 4 2 1 1 2855 2858 4597 4824
12990 4 2 1 1 132 4916 4445 4977
12991 4 2 1 1 4298 4775 3913 4988
12992 4 2 1 1 3319 3365 3225 4891
12993 4 2 1 1 2857 143 144 4993
12994 4 2 1 1 4251 4518 3977 4682
12995 4 2 1 1 256 3424 258 4715
12996 4 2 1 1 4113 4307 4032 4530
12997 4 2 1 1 3498 3485 3491 4859
12998 4 2 1 1 2852 134 132 4916
12999 4 2 1 1 1821 4256 4181 4748
13000 4 2 1 1 4256 4393 1824 4414
13001 4 2 1 1 1204 1437 4476 5081
13002 4 2 1 1 4180 4751 4467 4906
13003 4 2 1 1 398 1668 1221 874
13004 4 2 1 1 3952 4139 4069 4670
13005 4 2 1 1 3942 4113 5009 5011
13006 4 2 1 1 3315 3360 3313 4988
13007 4 2 1 1 3962 3995 3940 5076
13008 4 2 1 1 810 797 798 4154
13009 4 2 1 1 1408 4321 24 4923
13010 4 2 1 1 3309 4778 3278 4821
13011 4 2 1 1 1699 4586 1426 4872
13012 4 2 1 1 119 3682 459 4762
13013 4 2 1 1 996 1574 1268 4570
13014 4 2 1 1 2876 162 155 3290
13015 4 2 1 1 583 698 778 584
13016 4 2 1 1 3300 3190 3348 4842
13017 4 2 1 1 3389 3391 3392 4704
13018 4 2 1 1 2511 2330 2336 4714
13019 4 2 1 1 938 934 937 4653
13020 4 2 1 1 186 2983 2980 4308
13021 4 2 1 1 748 722 737 4814
13022 4 2 1 1 915 903 1431 5071
13023 4 2 1 1 62 1286 138 2791
13024 4 2 1 1 1612 1611 943 4905
13025 4 2 1 1 4196 4514 366 4860
13026 4 2 1 1 563 674 564 717
13027 4 2 1 1 3906 4034 4279 4351
13028 4 2 1 1 4091 4853 4851 4898
13029 4 2 1 1 4199 4544 4114 5015
13030 4 2 1 1 2734 2442 4625 5049
13031 4 2 1 1 3552 4163 3553 4860
13032 4 2 1 1 4070 4480 4217 4653
13033 4 2 1 1 3948 4396 4143 4701
13034 4 2 1 1 397 1588 1586 4903
13035 4 2 1 1 9 3760 26 4518
13036 4 2 1 1 587 734 747 4984
13037 4 2 1 1 13 3761 9 4518
13038 4 2 1 1 1450 1656 4870 4927
13039 4 2 1 1 3446 3435 3433 4263
13040 4 2 1 1 391 3560 3571 390
13041 4 2 1 1 464 4420 4345 4573
13042 4 2 1 1 1231 1579 1017 4876
13043 4 2 1 1 804 587 813 4984
13044 4 2 1 1 2324 2325 2326 4714
13045 4 2 1 1 3553 362 361 4197
13046 4 2 1 1 2139 2500 213 2073
13047 4 2 1 1 2635 2437 2440 5049
13048 4 2 1 1 2458 2459 2423 4826
13049 4 2 1 1 1058 1059 4454 4912
13050 4 2 1 1 3948 4579 4396 4701
13051 4 2 1 1 3912 4319 4110 5005
13052 4 2 1 1 4181 4680 4679 4748
13053 4 2 1 1 2098 2103 2102 5062
13054 4 2 1 1 3776 4544 3785 4770
13055 4 2 1 1 3709 33 478 4978
13056 4 2 1 1 1068 4505 4450 4927
13057 4 2 1 1 3626 3627 3615 4751
13058 4 2 1 1 1029 1031 1245 5069
13059 4 2 1 1 2594 2056 1955 5002
13060 4 2 1 1 3410 3407 3409 4391
13061 4 2 1 1 4063 4415 3858 4872
13062 4 2 1 1 4090 4332 1227 4477
13063 4 2 1 1 3895 3836 4139 4505
13064 4 2 1 1 239 203 3394 4152
13065 4 2 1 1 3917 3891 4064 4578
13066 4 2 1 1 2614 2179 2613 4998
13067 4 2 1 1 3935 4023 3859 4233
13068 4 2 1 1 2202 18 599 4741
13069 4 2 1 1 19 1838 2149 4657
13070 4 2 1 1 4109 4348 4319 5005
13071 4 2 1 1 4128 3952 4596 4894
13072 4 2 1 1 350 3544 351 4826
13073 4 2 1 1 2437 4625 2438 5078
13074 4 2 1 1 1812 2435 4554 4823
13075 4 2 1 1 1697 1157 1694 4358
13076 4 2 1 1 3907 4008 4254 4693
13077 4 2 1 1 3601 4954 410 5080
13078 4 2 1 1 1997 1995 2577 5017
13079 4 2 1 1 1726 81 1724 4928
13080 4 2 1 1 3586 3593 3582 4669
13081 4 2 1 1 3963 4194 4320 4340
13082 4 2 1 1 972 1593 1334 4552
13083 4 2 1 1 270 3426 271 4418
13084 4 2 1 1 202 3081 201 5074
13085 4 2 1 1 204 4565 168 4913
13086 4 2 1 1 1334 4090 4313 4552
13087 4 2 1 1 4283 3955 4651 5024
13088 4 2 1 1 58 60 950 2787
13089 4 2 1 1 4064 4141 309 4438
13090 4 2 1 1 3319 3296 3365 4891
13091 4 2 1 1 54 2783 1398 129
13092 4 2 1 1 802 805 816 4983
13093 4 2 1 1 4228 4236 3922 4834
13094 4 2 1 1 2432 1946 2192 5066
13095 4 2 1 1 664 663 657 4941
13096 4 2 1 1 4133 4589 3972 5055
13097 4 2 1 1 1636 1288 1281 4590
13098 4 2 1 1 1042 1363 1208 4415
13099 4 2 1 1 2525 2523 2378 4871
13100 4 2 1 1 618 645 634 4814
13101 4 2 1 1 4390 4396 3886 4579
13102 4 2 1 1 2320 2325 2324 4714
13103 4 2 1 1 2947 4788 2953 4890
13104 4 2 1 1 2562 2565 2556 4999
13105 4 2 1 1 3204 3211 3210 4972
13106 4 2 1 1 2231 4291 2230 4694
13107 4 2 1 1 2872 4595 4405 4916
13108 4 2 1 1 3925 4080 4191 4307
13109 4 2 1 1 974 973 1509 5060
13110 4 2 1 1 3533 366 354 3546
13111 4 2 1 1 980 4586 978 5060
13112 4 2 1 1 3608 3607 4877 4878
13113 4 2 1 1 1049 1412 993 4662
13114 4 2 1 1 1537 1539 396 4338
13115 4 2 1 1 3895 4217 3836 4505
13116 4 2 1 1 2615 2272 2609 4797
13117 4 2 1 1 411 3601 410 5080
13118 4 2 1 1 3225 3361 3224 4343
13119 4 2 1 1 3621 4467 425 4970
13120 4 2 1 1 1193 1204 4498 5081
13121 4 2 1 1 48 4708 4158 4759
13122 4 2 1 1 3290 157 2876 2879
13123 4 2 1 1 956 965 964 4435
13124 4 2 1 1 4502 4583 4132 5033
13125 4 2 1 1 155 162 154 3324
13126 4 2 1 1 950 931 923 4445
13127 4 2 1 1 1611 944 4904 4905
13128 4 2 1 1 297 3474 3475 4206
13129 4 2 1 1 3910 398 4426 4768
13130 4 2 1 1 870 4278 1388 4558
13131 4 2 1 1 4458 4496 4197 5077
13132 4 2 1 1 3906 4098 4566 5079
13133 4 2 1 1 1113 4200 4756 4765
13134 4 2 1 1 2546 2502 2501 4627
13135 4 2 1 1 4296 4586 979 4872
13136 4 2 1 1 1268 1269 996 4570
13137 4 2 1 1 2122 2201 611 4434
13138 4 2 1 1 3066 3116 3069 4312
13139 4 2 1 1 1100 1099 1650 5051
13140 4 2 1 1 2240 2242 2238 3873
13141 4 2 1 1 2380 2378 2522 4871
13142 4 2 1 1 4160 4529 4282 4709
13143 4 2 1 1 178 1934 1789 1775
13144 4 2 1 1 3912 4130 4363 4624
13145 4 2 1 1 2530 2102 2105 5062
13146 4 2 1 1 4727 4889 3979 5057
13147 4 2 1 1 1055 1415 1056 4912
13148 4 2 1 1 88 2775 2776 4946
13149 4 2 1 1 293 310 3465 3439
13150 4 2 1 1 314 3517 344 3491
13151 4 2 1 1 2117 2610 1850 4603
13152 4 2 1 1 3424 4361 4191 4715
13153 4 2 1 1 3510 3517 3484 3799
13154 4 2 1 1 950 893 951 4311
13155 4 2 1 1 2272 2263 2119 4499
13156 4 2 1 1 1414 1592 4746 4876
13157 4 2 1 1 572 813 7 712
13158 4 2 1 1 557 677 5 814
13159 4 2 1 1 783 592 8 815
13160 4 2 1 1 2 780 552 644
13161 4 2 1 1 39 40 2775 4344
13162 4 2 1 1 2380 2522 2381 4944
13163 4 2 1 1 1055 1058 1061 4912
13164 4 2 1 1 3847 4936 3906 4960
13165 4 2 1 1 1290 4296 1234 4903
13166 4 2 1 1 2735 1884 1889 4703
13167 4 2 1 1 161 152 167 3080
13168 4 2 1 1 3446 311 294 3472
13169 4 2 1 1 301 286 285 3477
13170 4 2 1 1 300 301 285 3477
13171 4 2 1 1 4375 4928 82 4929
13172 4 2 1 1 1972 1974 2144 4915
13173 4 2 1 1 757 553 638 554
13174 4 2 1 1 20 2747 19 4351
13175 4 2 1 1 3773 4929 4195 4943
13176 4 2 1 1 3677 4420 464 4800
13177 4 2 1 1 1229 4332 1603 5035
13178 4 2 1 1 4019 4184 4083 5047
13179 4 2 1 1 4033 4273 3886 4390
13180 4 2 1 1 1306 1342 4037 4479
13181 4 2 1 1 3626 4751 3614 5052
13182 4 2 1 1 3490 3493 3494 4307
13183 4 2 1 1 4254 4327 3700 4840
13184 4 2 1 1 109 2166 2169 4035
13185 4 2 1 1 749 739 720 4938
13186 4 2 1 1 4160 4709 4028 4963
13187 4 2 1 1 2555 2562 2556 4999
13188 4 2 1 1 3553 3534 361 3540
13189 4 2 1 1 1981 2614 2695 4998
13190 4 2 1 1 622 642 631 4074
13191 4 2 1 1 1080 1079 1078 4949
13192 4 2 1 1 3517 3523 3491 3799
13193 4 2 1 1 3214 3279 225 3877
13194 4 2 1 1 643 678 1 537
13195 4 2 1 1 6 679 782 567
13196 4 2 1 1 781 4 711 582
13197 4 2 1 1 971 4451 973 4552
13198 4 2 1 1 3878 4402 4184 4421
13199 4 2 1 1 3945 4788 4211 4838
13200 4 2 1 1 3927 4014 4079 4612
13201 4 2 1 1 2694 2178 2169 5050
13202 4 2 1 1 4475 4666 4040 4875
13203 4 2 1 1 850 849 848 4981
13204 4 2 1 1 1611 4904 942 4905
13205 4 2 1 1 3485 3483 3484 4782
13206 4 2 1 1 922 927 1403 5055
13207 4 2 1 1 3324 204 168 4913
13208 4 2 1 1 3428 3432 3431 4584
13209 4 2 1 1 4313 4477 395 4768
13210 4 2 1 1 1487 1092 4200 4493
13211 4 2 1 1 3877 4015 3941 4636
13212 4 2 1 1 4180 3915 4906 4991
13213 4 2 1 1 4496 4771 4196 4860
13214 4 2 1 1 119 3668 86 4853
13215 4 2 1 1 4630 4683 4631 5080
13216 4 2 1 1 4076 4079 4010 4671
13217 4 2 1 1 85 120 2765 4752
13218 4 2 1 1 308 4064 292 5021
13219 4 2 1 1 928 1254 920 4452
13220 4 2 1 1 2698 2676 2391 4932
13221 4 2 1 1 3461 3456 3475 4206
13222 4 2 1 1 1249 1255 1403 4772
13223 4 2 1 1 1974 1975 1976 4915
13224 4 2 1 1 3392 4418 3393 4704
13225 4 2 1 1 3257 3258 3252 4155
13226 4 2 1 1 4181 4633 4554 4679
13227 4 2 1 1 1474 1476 1475 4200
13228 4 2 1 1 1017 4876 1579 4986
13229 4 2 1 1 3858 4310 4004 5060
13230 4 2 1 1 1657 936 933 4654
13231 4 2 1 1 2954 2970 2953 4293
13232 4 2 1 1 4196 4209 366 4514
13233 4 2 1 1 2063 2026 2673 4209
13234 4 2 1 1 3616 3621 425 4970
13235 4 2 1 1 3445 3434 3440 4531
13236 4 2 1 1 3371 166 3373 4565
13237 4 2 1 1 3757 499 4652 4901
13238 4 2 1 1 3627 3626 427 4751
13239 4 2 1 1 2877 3080 161 3046
13240 4 2 1 1 57 59 2786 1366
13241 4 2 1 1 3571 4398 4386 4802
13242 4 2 1 1 135 4201 4825 4894
13243 4 2 1 1 3882 3992 3939 4108
13244 4 2 1 1 2678 2677 1896 4189
13245 4 2 1 1 422 3610 3609 4950
13246 4 2 1 1 103 102 1736 4776
13247 4 2 1 1 317 3501 4253 4782
13248 4 2 1 1 4446 4618 415 4622
13249 4 2 1 1 3756 518 501 3782
13250 4 2 1 1 443 117 3649 4353
13251 4 2 1 1 3393 4185 4056 4704
13252 4 2 1 1 1978 1976 1979 4915
13253 4 2 1 1 4474 4475 1713 4498
13254 4 2 1 1 1050 830 1398 4480
13255 4 2 1 1 854 857 1414 4746
13256 4 2 1 1 538 671 641 4065
13257 4 2 1 1 3952 4670 4069 5082
13258 4 2 1 1 3534 361 360 3547
13259 4 2 1 1 3650 36 436 4355
13260 4 2 1 1 3540 3873 3539 5067
13261 4 2 1 1 2326 2336 2330 4714
13262 4 2 1 1 131 1109 2784 5044
13263 4 2 1 1 327 4173 326 5027
13264 4 2 1 1 3346 3174 3173 4621
13265 4 2 1 1 130 2782 131 5082
13266 4 2 1 1 2191 2578 2579 5066
13267 4 2 1 1 876 857 4546 4746
13268 4 2 1 1 811 589 588 718
13269 4 2 1 1 248 4436 4339 4584
13270 4 2 1 1 3538 3532 352 3873
13271 4 2 1 1 3880 4128 3953 4405
13272 4 2 1 1 3406 4206 260 4387
13273 4 2 1 1 3955 4788 4890 5024
13274 4 2 1 1 2244 2674 2425 4826
13275 4 2 1 1 4460 4496 4196 4860
13276 4 2 1 1 877 4986 4546 5069
13277 4 2 1 1 1809 4181 4554 4679
13278 4 2 1 1 4139 4505 4069 4670
13279 4 2 1 1 3938 4767 4642 5064
13280 4 2 1 1 131 2784 133 5044
13281 4 2 1 1 2234 4291 4185 4418
13282 4 2 1 1 3939 3874 4064 4961
13283 4 2 1 1 3409 4391 3408 4501
13284 4 2 1 1 576 713 8 815
13285 4 2 1 1 561 816 6 679
13286 4 2 1 1 1596 1133 1135 4948
13287 4 2 1 1 3916 4359 3991 4972
13288 4 2 1 1 4243 3976 5018 5019
13289 4 2 1 1 1359 4546 4099 4558
13290 4 2 1 1 4835 4850 4218 4990
13291 4 2 1 1 3070 4326 3071 4553
13292 4 2 1 1 3700 4327 3697 4840
13293 4 2 1 1 2240 3873 2238 4418
13294 4 2 1 1 2702 4380 4331 4714
13295 4 2 1 1 4575 4633 3871 4634
13296 4 2 1 1 2084 2340 2305 4677
13297 4 2 1 1 4145 4031 4531 4755
13298 4 2 1 1 2333 2331 2332 4684
13299 4 2 1 1 1704 927 922 5055
13300 4 2 1 1 3779 4199 3781 5015
13301 4 2 1 1 3859 4611 4233 4821
13302 4 2 1 1 3892 4929 4115 4943
13303 4 2 1 1 1710 4475 4580 4817
13304 4 2 1 1 2680 4202 2653 4997
13305 4 2 1 1 399 398 4099 4278
13306 4 2 1 1 1507 4301 4043 4742
13307 4 2 1 1 197 3395 198 5039
13308 4 2 1 1 401 3598 118 4664
13309 4 2 1 1 1085 1080 1515 4949
13310 4 2 1 1 1862 1860 1861 5034
13311 4 2 1 1 3743 3753 504 4319
13312 4 2 1 1 3178 4790 3183 4987
13313 4 2 1 1 4303 4440 3828 4995
13314 4 2 1 1 399 3982 400 4237
13315 4 2 1 1 1378 1375 1377 5006
13316 4 2 1 1 450 4420 3677 4800
13317 4 2 1 1 1193 1195 1196 5081
13318 4 2 1 1 457 440 456 3657
13319 4 2 1 1 1422 4061 4349 4756
13320 4 2 1 1 3445 293 308 3471
13321 4 2 1 1 343 328 3523 3497
13322 4 2 1 1 1172 1165 1159 4892
13323 4 2 1 1 747 813 7 587
13324 4 2 1 1 577 3 710 748
13325 4 2 1 1 746 5 562 677
13326 4 2 1 1 2317 2315 2318 4383
13327 4 2 1 1 302 3462 3455 4692
13328 4 2 1 1 395 3910 398 4474
13329 4 2 1 1 1911 1909 1912 4854
13330 4 2 1 1 1025 1045 1046 5006
13331 4 2 1 1 3183 3184 3179 4987
13332 4 2 1 1 4032 4782 4253 4859
13333 4 2 1 1 3757 4652 500 4901
13334 4 2 1 1 1511 4200 1092 4493
13335 4 2 1 1 4232 4313 4090 4552
13336 4 2 1 1 3389 3390 3391 4704
13337 4 2 1 1 2085 2726 4421 4944
13338 4 2 1 1 3542 3555 3541 3794
13339 4 2 1 1 2230 2231 2365 4291
13340 4 2 1 1 57 1110 1366 2786
13341 4 2 1 1 2529 2521 2612 4793
13342 4 2 1 1 3418 3419 240 4614
13343 4 2 1 1 1555 4338 1229 5035
13344 4 2 1 1 2215 607 2280 4635
13345 4 2 1 1 3585 3586 3581 4669
13346 4 2 1 1 167 3792 165 4528
13347 4 2 1 1 4010 4078 4077 4222
13348 4 2 1 1 3699 479 480 4879
13349 4 2 1 1 3873 4593 4245 4803
13350 4 2 1 1 1447 934 938 4653
13351 4 2 1 1 3458 3471 3460 4472
13352 4 2 1 1 1814 1812 1813 4823
13353 4 2 1 1 1043 1368 4137 4798
13354 4 2 1 1 304 3469 251 4387
13355 4 2 1 1 1017 4587 1035 4876
13356 4 2 1 1 1668 398 1609 4474
13357 4 2 1 1 1305 1301 4037 4856
13358 4 2 1 1 2734 2441 2438 4625
13359 4 2 1 1 2695 2647 1978 4915
13360 4 2 1 1 3633 3639 3634 5012
13361 4 2 1 1 2439 2437 2635 5049
13362 4 2 1 1 2213 2035 2027 4787
13363 4 2 1 1 518 4416 517 4757
13364 4 2 1 1 3920 4031 4086 4248
13365 4 2 1 1 4186 4211 3945 4419
13366 4 2 1 1 930 923 931 4445
13367 4 2 1 1 3628 430 3625 4506
13368 4 2 1 1 2036 2260 2259 4698
13369 4 2 1 1 4252 4349 4210 4870
13370 4 2 1 1 4113 4308 3942 5020
13371 4 2 1 1 972 1334 982 4552
13372 4 2 1 1 410 3595 409 4683
13373 4 2 1 1 3856 3978 2842 4776
13374 4 2 1 1 3988 4577 4214 4911
13375 4 2 1 1 3491 3523 3497 3799
13376 4 2 1 1 2256 2248 2246 4803
13377 4 2 1 1 4348 4518 3977 4540
13378 4 2 1 1 3852 5022 4760 5023
13379 4 2 1 1 850 848 881 4981
13380 4 2 1 1 1184 1270 1272 4922
13381 4 2 1 1 361 4198 4197 4918
13382 4 2 1 1 2824 2829 102 3978
13383 4 2 1 1 4420 4572 464 4800
13384 4 2 1 1 2546 2501 1990 4627
13385 4 2 1 1 1560 1555 977 5035
13386 4 2 1 1 4028 4333 3950 4601
13387 4 2 1 1 1543 1600 396 4338
13388 4 2 1 1 1381 1344 1241 4617
13389 4 2 1 1 1637 4200 4493 4756
13390 4 2 1 1 4307 4308 324 5011
13391 4 2 1 1 3881 3942 4308 5020
13392 4 2 1 1 1070 4505 1069 4927
13393 4 2 1 1 3599 4446 3602 4669
13394 4 2 1 1 3212 3210 3274 4972
13395 4 2 1 1 4311 4654 3853 5072
13396 4 2 1 1 4233 4468 4023 4778
13397 4 2 1 1 811 799 785 4845
13398 4 2 1 1 325 5010 5009 5011
13399 4 2 1 1 3204 3211 4972 5043
13400 4 2 1 1 4307 4032 4530 4715
13401 4 2 1 1 3910 4426 398 4474
13402 4 2 1 1 4023 4337 4018 4632
13403 4 2 1 1 3764 3765 3770 4770
13404 4 2 1 1 1386 1387 4278 4707
13405 4 2 1 1 2662 2636 2659 5049
13406 4 2 1 1 4075 4345 4151 4420
13407 4 2 1 1 4108 4145 3920 4531
13408 4 2 1 1 3849 3910 3888 4768
13409 4 2 1 1 4296 396 4338 5035
13410 4 2 1 1 41 819 26 4518
13411 4 2 1 1 3876 4173 3961 4831
13412 4 2 1 1 2975 4422 4882 5085
13413 4 2 1 1 2554 2555 2269 4766
13414 4 2 1 1 3720 3718 4837 5033
13415 4 2 1 1 371 370 4136 4358
13416 4 2 1 1 2265 2535 2251 4744
13417 4 2 1 1 3368 176 175 4160
13418 4 2 1 1 3997 4163 3857 4771
13419 4 2 1 1 2785 56 132 923
13420 4 2 1 1 3927 4014 3926 4371
13421 4 2 1 1 3470 307 3476 5016
13422 4 2 1 1 517 4544 518 4757
13423 4 2 1 1 2063 2271 2492 356
13424 4 2 1 1 4255 4877 3607 4878
13425 4 2 1 1 3512 3515 4849 5004
13426 4 2 1 1 2203 1765 1762 5040
13427 4 2 1 1 4333 4601 4028 5029
13428 4 2 1 1 2942 3119 2969 4947
13429 4 2 1 1 13 819 42 4518
13430 4 2 1 1 3872 4587 4440 4588
13431 4 2 1 1 4079 4117 4671 4974
13432 4 2 1 1 3908 4282 4160 4529
13433 4 2 1 1 4256 4393 3949 4748
13434 4 2 1 1 4788 4838 3955 4890
13435 4 2 1 1 1500 4869 1517 5001
13436 4 2 1 1 3547 4197 4458 4496
13437 4 2 1 1 3961 5009 5010 5011
13438 4 2 1 1 295 296 3447 4248
13439 4 2 1 1 3517 4671 4260 5004
13440 4 2 1 1 4027 4128 4824 4825
13441 4 2 1 1 2185 2186 4331 4616
13442 4 2 1 1 4320 4683 3595 4954
13443 4 2 1 1 2244 4406 2674 4826
13444 4 2 1 1 1012 1013 1014 4986
13445 4 2 1 1 213 2500 2512 1788
13446 4 2 1 1 3648 4355 3645 5025
13447 4 2 1 1 1513 1272 1270 4922
13448 4 2 1 1 3841 3928 3914 4362
13449 4 2 1 1 3429 3436 286 4755
13450 4 2 1 1 2364 2092 2736 4179
13451 4 2 1 1 4184 4225 2082 4871
13452 4 2 1 1 4731 4965 3896 5022
13453 4 2 1 1 308 4141 4064 4578
13454 4 2 1 1 2209 2568 2569 4802
13455 4 2 1 1 3612 4255 3607 4878
13456 4 2 1 1 4400 4008 4608 4951
13457 4 2 1 1 27 4242 4665 4970
13458 4 2 1 1 3886 4273 4396 4896
13459 4 2 1 1 3602 415 430 3628
13460 4 2 1 1 1088 4301 1637 4493
13461 4 2 1 1 1117 1083 1118 4808
13462 4 2 1 1 3384 3387 3386 4191
13463 4 2 1 1 4506 4620 4036 4878
13464 4 2 1 1 2554 2696 2467 4766
13465 4 2 1 1 2890 2893 2963 5029
13466 4 2 1 1 4469 4784 4017 4811
13467 4 2 1 1 3440 4145 4531 4755
13468 4 2 1 1 1650 1099 1097 5051
13469 4 2 1 1 118 2759 121 4340
13470 4 2 1 1 3977 4518 4251 4624
13471 4 2 1 1 2133 2052 2526 5017
13472 4 2 1 1 863 4278 1561 4707
13473 4 2 1 1 887 50 35 5046
13474 4 2 1 1 4581 4582 1127 5001
13475 4 2 1 1 3537 3538 353 3873
13476 4 2 1 1 1015 1013 4519 4986
13477 4 2 1 1 2528 2521 2529 4793
13478 4 2 1 1 3394 4152 203 5074
13479 4 2 1 1 4340 4664 118 5054
13480 4 2 1 1 367 368 4043 4224
13481 4 2 1 1 1726 1725 82 4929
13482 4 2 1 1 3982 4137 400 4519
13483 4 2 1 1 3925 4113 4172 5020
13484 4 2 1 1 562 677 667 5059
13485 4 2 1 1 1266 889 47 4730
13486 4 2 1 1 29 4397 520 5015
13487 4 2 1 1 3503 4253 263 4361
13488 4 2 1 1 1225 602 1658 4644
13489 4 2 1 1 2554 2269 2696 4766
13490 4 2 1 1 1373 1256 1372 4799
13491 4 2 1 1 3550 3552 3546 4860
13492 4 2 1 1 628 641 613 5019
13493 4 2 1 1 3935 3859 4105 4233
13494 4 2 1 1 2461 2464 2463 349
13495 4 2 1 1 4202 4538 4123 4866
13496 4 2 1 1 254 3382 253 4436
13497 4 2 1 1 3630 4665 4877 4950
13498 4 2 1 1 294 3446 3439 4248
13499 4 2 1 1 4082 4209 2034 4787
13500 4 2 1 1 3962 4037 1342 4479
13501 4 2 1 1 3832 4018 4298 4969
13502 4 2 1 1 3921 4051 290 5021
13503 4 2 1 1 372 4247 4210 4582
13504 4 2 1 1 2758 2759 118 5054
13505 4 2 1 1 3311 3293 4611 4821
13506 4 2 1 1 4171 4366 4017 4784
13507 4 2 1 1 2951 2970 4293 5024
13508 4 2 1 1 4303 4995 4049 5073
13509 4 2 1 1 4625 4918 3997 5078
13510 4 2 1 1 3473 311 3472 4574
13511 4 2 1 1 2595 2280 608 4551
13512 4 2 1 1 2014 1985 1986 4866
13513 4 2 1 1 3552 3553 3548 4860
13514 4 2 1 1 587 747 813 4984
13515 4 2 1 1 1167 4269 1166 4904
13516 4 2 1 1 352 3544 3543 3873
13517 4 2 1 1 2940 2939 2935 5024
13518 4 2 1 1 1275 1274 1405 4834
13519 4 2 1 1 86 4851 2201 4853
13520 4 2 1 1 604 2064 1896 4462
13521 4 2 1 1 1401 4959 1027 5070
13522 4 2 1 1 3571 390 3569 4216
13523 4 2 1 1 352 3532 351 3873
13524 4 2 1 1 3456 4206 3459 4526
13525 4 2 1 1 1109 5044 131 5082
13526 4 2 1 1 411 4954 3601 5080
13527 4 2 1 1 2863 4577 4405 4911
13528 4 2 1 1 2811 2799 2824 4913
13529 4 2 1 1 4128 4201 3952 4894
13530 4 2 1 1 3988 4311 4214 4577
13531 4 2 1 1 2457 2534 2451 5000
13532 4 2 1 1 2142 4915 2647 4998
13533 4 2 1 1 1697 1696 1157 4358
13534 4 2 1 1 1476 1478 1477 4200
13535 4 2 1 1 4444 4572 4026 4800
13536 4 2 1 1 3869 4176 3889 5028
13537 4 2 1 1 4405 4577 2863 4916
13538 4 2 1 1 3071 3069 3116 4326
13539 4 2 1 1 1240 960 1518 5026
13540 4 2 1 1 2105 2107 2347 4085
13541 4 2 1 1 3910 3849 4232 4313
13542 4 2 1 1 839 896 1701 4818
13543 4 2 1 1 2783 129 132 4977
13544 4 2 1 1 2368 2071 1954 4795
13545 4 2 1 1 3942 3926 4173 5020
13546 4 2 1 1 428 4180 4751 5052
13547 4 2 1 1 2031 4460 2539 4967
13548 4 2 1 1 2411 4459 2033 4967
13549 4 2 1 1 3963 4683 4320 4954
13550 4 2 1 1 1126 1279 1671 5001
13551 4 2 1 1 3859 4233 4023 4821
13552 4 2 1 1 2349 604 1896 4462
13553 4 2 1 1 4415 4586 3858 4872
13554 4 2 1 1 205 4565 4168 4613
13555 4 2 1 1 1199 1200 1201 4477
13556 4 2 1 1 2704 2705 2178 5050
13557 4 2 1 1 1244 1139 1137 4948
13558 4 2 1 1 1991 2647 2695 4998
13559 4 2 1 1 4105 4233 3859 4611
13560 4 2 1 1 23 3597 408 4320
13561 4 2 1 1 342 5009 4687 5027
13562 4 2 1 1 1025 1514 1702 5006
13563 4 2 1 1 64 1286 140 1004
13564 4 2 1 1 926 1062 1309 4980
13565 4 2 1 1 344 4079 4014 4260
13566 4 2 1 1 2034 2048 4082 4787
13567 4 2 1 1 3933 4717 4279 4960
13568 4 2 1 1 3493 3495 4307 4715
13569 4 2 1 1 2748 4966 4098 5079
13570 4 2 1 1 417 120 3624 4752
13571 4 2 1 1 514 498 3778 3795
13572 4 2 1 1 3493 322 323 4715
13573 4 2 1 1 4401 4557 3935 4621
13574 4 2 1 1 265 3555 3542 3794
13575 4 2 1 1 3686 3685 3691 4951
13576 4 2 1 1 3433 3430 3431 4584
13577 4 2 1 1 3739 3738 3745 4819
13578 4 2 1 1 1368 4798 1369 4799
13579 4 2 1 1 4115 4379 3923 4741
13580 4 2 1 1 1062 4454 1309 4980
13581 4 2 1 1 340 325 3520 3494
13582 4 2 1 1 3823 4642 3848 5064
13583 4 2 1 1 1166 4269 1139 4948
13584 4 2 1 1 2026 2034 2673 4209
13585 4 2 1 1 2615 2609 1939 4797
13586 4 2 1 1 86 4434 2201 4851
13587 4 2 1 1 1562 944 1331 4904
13588 4 2 1 1 1047 1025 1046 5006
13589 4 2 1 1 4194 4340 4059 4664
13590 4 2 1 1 3479 3451 286 3477
13591 4 2 1 1 284 3451 3452 3477
13592 4 2 1 1 102 2842 3978 4776
13593 4 2 1 1 2530 1899 2478 4924
13594 4 2 1 1 3976 4388 4243 5018
13595 4 2 1 1 3983 4141 4472 5016
13596 4 2 1 1 4339 4531 3434 4584
13597 4 2 1 1 3889 3983 4141 4574
13598 4 2 1 1 660 4097 661 4150
13599 4 2 1 1 1369 4798 1374 4799
13600 4 2 1 1 2004 2000 2003 5017
13601 4 2 1 1 301 285 3436 3454
13602 4 2 1 1 3506 320 336 3514
13603 4 2 1 1 396 1600 1537 4338
13604 4 2 1 1 3945 4417 4186 4419
13605 4 2 1 1 165 176 3368 4528
13606 4 2 1 1 2584 2180 4432 4627
13607 4 2 1 1 1562 1331 1167 4904
13608 4 2 1 1 1632 4756 1631 4765
13609 4 2 1 1 276 3423 275 4387
13610 4 2 1 1 350 3541 3544 4826
13611 4 2 1 1 1177 1391 1389 4908
13612 4 2 1 1 2748 90 2747 4966
13613 4 2 1 1 1109 1207 1110 5044
13614 4 2 1 1 3720 4583 481 5033
13615 4 2 1 1 3914 4301 4043 5076
13616 4 2 1 1 436 3646 3672 3800
13617 4 2 1 1 162 3324 168 4309
13618 4 2 1 1 3634 3639 3645 5012
13619 4 2 1 1 2971 2972 2973 4897
13620 4 2 1 1 1297 4408 3928 4856
13621 4 2 1 1 742 732 720 4989
13622 4 2 1 1 3913 4298 4162 4775
13623 4 2 1 1 297 3475 298 4206
13624 4 2 1 1 4091 4444 4344 4762
13625 4 2 1 1 4393 4748 1945 5066
13626 4 2 1 1 2469 4406 2465 4766
13627 4 2 1 1 3841 4408 4362 4922
13628 4 2 1 1 469 3700 3697 4840
13629 4 2 1 1 1047 1514 1025 5006
13630 4 2 1 1 1040 1038 1039 4588
13631 4 2 1 1 3606 4877 4255 4950
13632 4 2 1 1 40 3676 452 4344
13633 4 2 1 1 3156 3154 3158 4841
13634 4 2 1 1 979 4586 1699 4872
13635 4 2 1 1 4147 4759 4708 4780
13636 4 2 1 1 813 788 804 4984
13637 4 2 1 1 1392 1360 4519 5069
13638 4 2 1 1 25 820 26 4348
13639 4 2 1 1 1638 1094 4224 5051
13640 4 2 1 1 2037 2538 2410 4967
13641 4 2 1 1 1655 4477 4476 5081
13642 4 2 1 1 2289 2700 2304 4992
13643 4 2 1 1 3431 3430 283 4584
13644 4 2 1 1 3852 4731 4760 5022
13645 4 2 1 1 1809 4554 4181 4823
13646 4 2 1 1 3776 3770 3765 4770
13647 4 2 1 1 4160 4282 4028 4709
13648 4 2 1 1 20 3729 487 4351
13649 4 2 1 1 4174 3947 4598 4976
13650 4 2 1 1 314 3498 3491 4859
13651 4 2 1 1 1814 1813 1815 4823
13652 4 2 1 1 4066 4086 3920 4706
13653 4 2 1 1 1203 4476 1655 4945
13654 4 2 1 1 910 909 911 5070
13655 4 2 1 1 1530 1531 396 1529
13656 4 2 1 1 3451 285 286 3477
13657 4 2 1 1 3451 284 285 3477
13658 4 2 1 1 3178 4297 4790 4987
13659 4 2 1 1 946 1389 1391 4908
13660 4 2 1 1 4658 4732 4180 5052
13661 4 2 1 1 299 3457 300 4526
13662 4 2 1 1 2953 4293 2970 5024
13663 4 2 1 1 4181 4256 1821 4823
13664 4 2 1 1 4184 4402 3878 5047
13665 4 2 1 1 481 482 466 3731
13666 4 2 1 1 466 465 481 3704
13667 4 2 1 1 446 463 3652 447
13668 4 2 1 1 201 3394 202 5074
13669 4 2 1 1 3758 515 498 3784
13670 4 2 1 1 446 3679 461 3653
13671 4 2 1 1 3732 480 482 3705
13672 4 2 1 1 3759 502 503 5005
13673 4 2 1 1 3520 341 4532 4687
13674 4 2 1 1 1449 4870 4252 4927
13675 4 2 1 1 3886 4390 4273 4896
13676 4 2 1 1 21 2753 23 4953
13677 4 2 1 1 1351 4479 4193 4629
13678 4 2 1 1 3481 317 318 4782
13679 4 2 1 1 4063 4137 1367 4799
13680 4 2 1 1 3863 4152 4029 4305
13681 4 2 1 1 1298 1383 1105 4742
13682 4 2 1 1 2647 2645 1978 4915
13683 4 2 1 1 3498 4253 4782 4859
13684 4 2 1 1 395 3910 4313 4768
13685 4 2 1 1 4451 4552 4038 5063
13686 4 2 1 1 1301 1299 4193 4856
13687 4 2 1 1 1355 4137 4587 4986
13688 4 2 1 1 250 3443 288 4436
13689 4 2 1 1 4181 3871 4633 4679
13690 4 2 1 1 677 651 667 5059
13691 4 2 1 1 876 4746 4546 4986
13692 4 2 1 1 3467 3464 3468 4692
13693 4 2 1 1 2357 2733 1801 4714
13694 4 2 1 1 3548 3547 356 4460
13695 4 2 1 1 3859 4023 3893 4969
13696 4 2 1 1 3452 300 284 3477
13697 4 2 1 1 3479 286 302 3477
13698 4 2 1 1 3625 3628 4506 4878
13699 4 2 1 1 2486 2185 4331 4616
13700 4 2 1 1 1865 2357 1801 4714
13701 4 2 1 1 3324 168 4309 4913
13702 4 2 1 1 2557 2565 2562 4999
13703 4 2 1 1 746 677 562 5059
13704 4 2 1 1 1059 1062 1058 4454
13705 4 2 1 1 1020 4519 1019 4798
13706 4 2 1 1 2064 4462 604 4902
13707 4 2 1 1 370 4193 4037 4479
13708 4 2 1 1 2422 2240 2275 4826
13709 4 2 1 1 1093 4043 4493 5051
13710 4 2 1 1 1203 1684 4476 4945
13711 4 2 1 1 3622 415 432 3596
13712 4 2 1 1 2952 3107 2953 4890
13713 4 2 1 1 344 4014 4079 4371
13714 4 2 1 1 1885 1888 2280 4284
13715 4 2 1 1 3275 4030 4972 5034
13716 4 2 1 1 2349 1898 2348 4118
13717 4 2 1 1 960 1240 1242 5026
13718 4 2 1 1 283 3452 284 4584
13719 4 2 1 1 903 905 1431 5071
13720 4 2 1 1 3727 3724 4351 4801
13721 4 2 1 1 1234 4296 1233 4872
13722 4 2 1 1 34 4144 4561 4857
13723 4 2 1 1 1152 4358 1693 4942
13724 4 2 1 1 1896 2678 4189 4660
13725 4 2 1 1 2031 2062 2063 4460
13726 4 2 1 1 4095 4168 3856 4565
13727 4 2 1 1 2196 2370 2372 5053
13728 4 2 1 1 3392 3393 3389 4704
13729 4 2 1 1 2034 2035 2048 4787
13730 4 2 1 1 3616 4142 28 4242
13731 4 2 1 1 1309 1062 1059 4454
13732 4 2 1 1 3487 4253 3501 4782
13733 4 2 1 1 3942 5009 3961 5011
13734 4 2 1 1 4467 4751 4000 4970
13735 4 2 1 1 3889 4141 3983 5016
13736 4 2 1 1 4115 4388 4195 4943
13737 4 2 1 1 4099 4426 398 4768
13738 4 2 1 1 3668 3673 460 4898
13739 4 2 1 1 4243 5018 4161 5019
13740 4 2 1 1 218 3402 3403 4062
13741 4 2 1 1 1204 4476 4474 5081
13742 4 2 1 1 1655 4476 1197 5081
13743 4 2 1 1 1520 1202 1521 5007
13744 4 2 1 1 4140 4931 4467 4991
13745 4 2 1 1 155 2799 156 4913
13746 4 2 1 1 2081 4225 4184 4412
13747 4 2 1 1 4131 4842 4171 4862
13748 4 2 1 1 3493 3482 322 4715
13749 4 2 1 1 3044 3100 3043 4963
13750 4 2 1 1 1942 4414 4393 4497
13751 4 2 1 1 3977 4251 4130 4624
13752 4 2 1 1 3335 3275 3211 5043
13753 4 2 1 1 3727 4351 4279 4801
13754 4 2 1 1 1326 4426 4558 4981
13755 4 2 1 1 134 4445 132 4916
13756 4 2 1 1 4450 4505 3895 4927
13757 4 2 1 1 950 134 4311 4445
13758 4 2 1 1 2387 4421 2385 4507
13759 4 2 1 1 746 562 738 5059
13760 4 2 1 1 2260 2036 2279 4698
13761 4 2 1 1 3596 416 3589 5054
13762 4 2 1 1 389 3579 3578 3567
13763 4 2 1 1 3579 389 378 3567
13764 4 2 1 1 301 302 286 3477
13765 4 2 1 1 284 300 285 3477
13766 4 2 1 1 3949 4680 4181 4748
13767 4 2 1 1 3529 334 318 3504
13768 4 2 1 1 2683 2684 2382 4944
13769 4 2 1 1 2731 2639 2341 4412
13770 4 2 1 1 24 4148 4321 4683
13771 4 2 1 1 1587 1615 1257 4903
13772 4 2 1 1 3745 3750 3739 4819
13773 4 2 1 1 4273 4811 4396 4896
13774 4 2 1 1 2713 2478 2100 4924
13775 4 2 1 1 4212 4260 4076 4671
13776 4 2 1 1 4630 4631 4119 5080
13777 4 2 1 1 789 806 810 4647
13778 4 2 1 1 46 4148 2758 4730
13779 4 2 1 1 3438 3441 3442 4755
13780 4 2 1 1 18 513 4741 4943
13781 4 2 1 1 1164 1161 1577 4892
13782 4 2 1 1 4204 4831 4713 5084
13783 4 2 1 1 2127 2132 2575 5048
13784 4 2 1 1 4597 4824 2858 4887
13785 4 2 1 1 1228 4332 1230 5007
13786 4 2 1 1 1567 1614 1291 5045
13787 4 2 1 1 3473 3461 3474 4206
13788 4 2 1 1 1663 1127 4582 5001
13789 4 2 1 1 4298 4382 3240 4632
13790 4 2 1 1 3324 155 162 3290
13791 4 2 1 1 3469 3468 305 4274
13792 4 2 1 1 3393 4056 192 4704
13793 4 2 1 1 3614 4751 4255 5052
13794 4 2 1 1 3528 342 341 4687
13795 4 2 1 1 3594 3596 3598 5054
13796 4 2 1 1 2783 1398 129 4977
13797 4 2 1 1 930 1050 1398 4977
13798 4 2 1 1 3727 485 3724 4801
13799 4 2 1 1 3686 3691 3697 4951
13800 4 2 1 1 3983 4472 4276 4692
13801 4 2 1 1 3416 4035 4202 4997
13802 4 2 1 1 121 2753 118 4340
13803 4 2 1 1 1398 4480 129 4977
13804 4 2 1 1 3497 3486 3492 4530
13805 4 2 1 1 3674 3671 4344 4796
13806 4 2 1 1 203 3082 202 5074
13807 4 2 1 1 3606 421 4877 4950
13808 4 2 1 1 230 4096 231 4614
13809 4 2 1 1 1108 1632 1634 4756
13810 4 2 1 1 176 4160 3368 4528
13811 4 2 1 1 3995 4136 371 5076
13812 4 2 1 1 4095 4613 4524 4614
13813 4 2 1 1 2105 2350 2530 4925
13814 4 2 1 1 3638 3639 3633 5012
13815 4 2 1 1 1260 1027 1401 4959
13816 4 2 1 1 3755 26 505 4348
13817 4 2 1 1 3642 48 444 4708
13818 4 2 1 1 4147 4708 4230 5058
13819 4 2 1 1 4206 3983 4472 4526
13820 4 2 1 1 1256 4799 1585 4903
13821 4 2 1 1 3445 3432 3434 4531
13822 4 2 1 1 353 3538 352 3873
13823 4 2 1 1 3552 3533 3535 3539
13824 4 2 1 1 1144 4269 1167 4942
13825 4 2 1 1 3886 4396 4390 4896
13826 4 2 1 1 2973 2985 2971 4897
13827 4 2 1 1 2238 3873 2242 4606
13828 4 2 1 1 3882 4145 3921 4207
13829 4 2 1 1 3770 3769 3764 4770
13830 4 2 1 1 3443 289 3442 4314
13831 4 2 1 1 3983 4062 3889 4274
13832 4 2 1 1 930 1398 2783 4977
13833 4 2 1 1 398 3910 395 4768
13834 4 2 1 1 1306 4037 1617 4479
13835 4 2 1 1 213 4300 2073 4792
13836 4 2 1 1 1126 1501 1279 5001
13837 4 2 1 1 3910 3849 4313 4768
13838 4 2 1 1 2215 2035 2214 4787
13839 4 2 1 1 1564 4582 4247 4948
13840 4 2 1 1 4034 3906 4279 4960
13841 4 2 1 1 4255 4000 4751 4950
13842 4 2 1 1 307 308 4578 5016
13843 4 2 1 1 4276 4472 3983 4526
13844 4 2 1 1 1515 4061 4756 4949
13845 4 2 1 1 4255 4877 4665 4950
13846 4 2 1 1 2164 4998 2179 5050
13847 4 2 1 1 4026 3904 4268 4996
13848 4 2 1 1 987 898 1226 4825
13849 4 2 1 1 3674 4344 4268 4796
13850 4 2 1 1 2275 2240 4418 4826
13851 4 2 1 1 2700 2289 2288 4179
13852 4 2 1 1 4623 4706 3903 4971
13853 4 2 1 1 4340 4664 4194 4953
13854 4 2 1 1 4354 4355 3968 5012
13855 4 2 1 1 60 893 136 2789
13856 4 2 1 1 396 1531 1590 4332
13857 4 2 1 1 911 1024 912 5070
13858 4 2 1 1 3321 3333 3318 4555
13859 4 2 1 1 1259 4313 4090 4477
13860 4 2 1 1 3992 4066 4003 4072
13861 4 2 1 1 3467 303 3455 4692
13862 4 2 1 1 3614 4255 3612 5052
13863 4 2 1 1 3614 3612 429 5052
13864 4 2 1 1 2364 2287 2092 4179
13865 4 2 1 1 420 404 419 3603
13866 4 2 1 1 4056 3111 4324 5017
13867 4 2 1 1 1663 1501 1126 5001
13868 4 2 1 1 3481 333 317 3501
13869 4 2 1 1 3449 298 3430 282
13870 4 2 1 1 2619 1902 2148 4659
13871 4 2 1 1 1029 1030 5069 5070
13872 4 2 1 1 3528 3522 342 4687
13873 4 2 1 1 349 2463 2462 4406
13874 4 2 1 1 2953 2935 2952 5024
13875 4 2 1 1 370 1173 1689 4358
13876 4 2 1 1 4123 4571 4015 4793
13877 4 2 1 1 3942 4113 4173 5009
13878 4 2 1 1 879 845 899 4817
13879 4 2 1 1 3375 3374 3376 4634
13880 4 2 1 1 3849 4040 4232 4666
13881 4 2 1 1 2215 4787 2214 4939
13882 4 2 1 1 3888 4153 4590 4995
13883 4 2 1 1 2380 2088 2726 4944
13884 4 2 1 1 1716 51 34 4857
13885 4 2 1 1 90 2748 89 4966
13886 4 2 1 1 4098 4504 4351 4781
13887 4 2 1 1 3188 3275 4030 4972
13888 4 2 1 1 2092 2076 2736 4179
13889 4 2 1 1 34 4561 4112 4857
13890 4 2 1 1 4824 4825 4128 4894
13891 4 2 1 1 3674 449 3671 4796
13892 4 2 1 1 3446 294 295 4248
13893 4 2 1 1 4459 4496 4458 4967
13894 4 2 1 1 3460 4472 3466 4692
13895 4 2 1 1 374 384 373 3561
13896 4 2 1 1 156 2811 157 4913
13897 4 2 1 1 4296 4586 4004 5035
13898 4 2 1 1 3377 242 245 4633
13899 4 2 1 1 27 4665 3623 4970
13900 4 2 1 1 3520 340 3521 4532
13901 4 2 1 1 3510 3523 3512 5004
13902 4 2 1 1 853 1382 882 5032
13903 4 2 1 1 1717 15 52 4857
13904 4 2 1 1 2238 4418 3873 4606
13905 4 2 1 1 3518 4687 3522 5004
13906 4 2 1 1 428 413 3614 412
13907 4 2 1 1 411 4241 4954 5080
13908 4 2 1 1 2277 1951 2488 4955
13909 4 2 1 1 3204 3210 4359 4972
13910 4 2 1 1 374 386 3559 375
13911 4 2 1 1 3619 3608 3620 4878
13912 4 2 1 1 3756 4819 4484 5005
13913 4 2 1 1 3611 85 432 4620
13914 4 2 1 1 4282 4028 4709 5029
13915 4 2 1 1 119 2780 32 4762
13916 4 2 1 1 40 32 2780 4762
13917 4 2 1 1 293 4064 309 4961
13918 4 2 1 1 3407 3410 3411 4391
13919 4 2 1 1 244 3400 273 4402
13920 4 2 1 1 517 4416 4619 4757
13921 4 2 1 1 128 2779 40 4762
13922 4 2 1 1 1245 1246 1323 5069
13923 4 2 1 1 2183 4432 2172 5050
13924 4 2 1 1 4233 4525 4468 4778
13925 4 2 1 1 1885 1886 1888 4735
13926 4 2 1 1 673 660 661 4150
13927 4 2 1 1 3029 3035 191 4745
13928 4 2 1 1 2671 612 2143 4563
13929 4 2 1 1 4210 4349 369 4869
13930 4 2 1 1 3983 4472 4141 4574
13931 4 2 1 1 1366 4201 1178 4825
13932 4 2 1 1 3430 283 299 3431
13933 4 2 1 1 1996 1994 1995 5017
13934 4 2 1 1 898 59 2788 61
13935 4 2 1 1 4162 4300 3913 4775
13936 4 2 1 1 472 4327 4400 4951
13937 4 2 1 1 3388 3387 3384 4191
13938 4 2 1 1 4099 398 4426 4558
13939 4 2 1 1 44 1329 14 4624
13940 4 2 1 1 1372 1367 1370 4799
13941 4 2 1 1 3744 3745 3738 4819
13942 4 2 1 1 192 4056 3393 4291
13943 4 2 1 1 1373 1370 1583 4799
13944 4 2 1 1 3389 191 3390 4704
13945 4 2 1 1 2776 4853 87 4946
13946 4 2 1 1 1962 2214 1931 4939
13947 4 2 1 1 2113 2377 2376 4871
13948 4 2 1 1 3666 448 463 464
13949 4 2 1 1 413 428 3614 429
13950 4 2 1 1 412 413 3614 3587
13951 4 2 1 1 4320 4340 4194 4953
13952 4 2 1 1 4236 4817 4040 4873
13953 4 2 1 1 1132 1244 1133 4948
13954 4 2 1 1 2317 2316 2315 4383
13955 4 2 1 1 12 37 2752 4781
13956 4 2 1 1 12 2752 20 4781
13957 4 2 1 1 2512 2721 213 1788
13958 4 2 1 1 3429 287 3441 4755
13959 4 2 1 1 1290 4296 4903 5045
13960 4 2 1 1 116 2751 20 4781
13961 4 2 1 1 2850 4597 4596 4894
13962 4 2 1 1 3431 284 3428 4584
13963 4 2 1 1 3428 3454 3460 3798
13964 4 2 1 1 2439 4625 2437 5049
13965 4 2 1 1 4128 4597 4039 4824
13966 4 2 1 1 1527 1528 1526 4332
13967 4 2 1 1 3691 3685 3690 4951
13968 4 2 1 1 399 4099 3982 4546
13969 4 2 1 1 1231 1592 1044 4876
13970 4 2 1 1 3788 524 523 507
13971 4 2 1 1 3788 508 507 3762
13972 4 2 1 1 343 342 4687 5027
13973 4 2 1 1 1274 1275 1005 4834
13974 4 2 1 1 3917 4141 3890 4578
13975 4 2 1 1 1201 1602 1635 5007
13976 4 2 1 1 2305 2340 2302 4677
13977 4 2 1 1 119 2778 127 4762
13978 4 2 1 1 4233 4611 3293 4821
13979 4 2 1 1 2003 2000 2724 5017
13980 4 2 1 1 2278 1951 2277 4955
13981 4 2 1 1 930 4445 931 4977
13982 4 2 1 1 3380 3379 183 4086
13983 4 2 1 1 1198 4313 4477 5081
13984 4 2 1 1 195 196 4029 5039
13985 4 2 1 1 1567 1291 1565 5045
13986 4 2 1 1 2446 2447 2241 4448
13987 4 2 1 1 3918 4377 4325 4604
13988 4 2 1 1 2800 2821 2818 4883
13989 4 2 1 1 134 4311 4445 4916
13990 4 2 1 1 4196 4771 3857 4860
13991 4 2 1 1 1273 1383 1298 4742
13992 4 2 1 1 4364 4972 4030 5034
13993 4 2 1 1 3756 4484 502 5005
13994 4 2 1 1 3747 3746 3741 4901
13995 4 2 1 1 309 293 310 3465
13996 4 2 1 1 344 328 314 3491
13997 4 2 1 1 310 293 294 3439
13998 4 2 1 1 3517 314 344 330
13999 4 2 1 1 3561 374 3559 4975
14000 4 2 1 1 3183 4790 4289 4987
14001 4 2 1 1 2376 2525 2378 4871
14002 4 2 1 1 1177 4581 4450 4908
14003 4 2 1 1 1816 1815 4750 4823
14004 4 2 1 1 3316 3346 3173 4621
14005 4 2 1 1 1812 4554 1809 4823
14006 4 2 1 1 2746 89 2748 5079
14007 4 2 1 1 2273 2119 2117 4805
14008 4 2 1 1 1869 2129 1870 4750
14009 4 2 1 1 2360 2230 2365 4291
14010 4 2 1 1 1359 4546 4278 4707
14011 4 2 1 1 1245 1031 1246 5069
14012 4 2 1 1 4619 4757 3976 5018
14013 4 2 1 1 37 2750 115 4781
14014 4 2 1 1 3993 3014 4809 4810
14015 4 2 1 1 991 992 989 5038
14016 4 2 1 1 293 309 308 3471
14017 4 2 1 1 293 308 292 3445
14018 4 2 1 1 328 344 343 3523
14019 4 2 1 1 328 343 327 3497
14020 4 2 1 1 4080 4089 3925 4253
14021 4 2 1 1 56 58 923 2785
14022 4 2 1 1 352 3543 353 3873
14023 4 2 1 1 2855 4824 4597 4894
14024 4 2 1 1 26 25 3743 30
14025 4 2 1 1 39 3663 36 40
14026 4 2 1 1 37 33 38 3717
14027 4 2 1 1 119 117 86 3668
14028 4 2 1 1 17 18 3773 13
14029 4 2 1 1 118 3589 120 47
14030 4 2 1 1 16 19 3694 20
14031 4 2 1 1 3393 4418 4185 4704
14032 4 2 1 1 1158 4358 1156 4892
14033 4 2 1 1 409 24 4321 4683
14034 4 2 1 1 243 3577 394 4402
14035 4 2 1 1 2215 4635 4787 4939
14036 4 2 1 1 2240 2422 2425 4826
14037 4 2 1 1 310 294 311 3472
14038 4 2 1 1 329 330 314 3524
14039 4 2 1 1 311 294 295 3446
14040 4 2 1 1 4059 4622 4446 5054
14041 4 2 1 1 3123 3014 3016 4810
14042 4 2 1 1 4625 4918 4198 5049
14043 4 2 1 1 1836 4902 29 4928
14044 4 2 1 1 3013 4809 3014 4810
14045 4 2 1 1 2063 2492 2539 4460
14046 4 2 1 1 3614 429 428 5052
14047 4 2 1 1 118 4664 3598 5054
14048 4 2 1 1 3460 4276 4472 4692
14049 4 2 1 1 433 3648 3645 5025
14050 4 2 1 1 1337 1306 1338 4479
14051 4 2 1 1 164 203 238 145
14052 4 2 1 1 4337 4632 4023 4778
14053 4 2 1 1 4417 4419 3945 4422
14054 4 2 1 1 4279 4801 4034 4960
14055 4 2 1 1 1047 1379 1514 5006
14056 4 2 1 1 3666 3638 448 3664
14057 4 2 1 1 3612 413 3585 3587
14058 4 2 1 1 1227 4332 4090 5035
14059 4 2 1 1 712 703 686 5075
14060 4 2 1 1 671 539 538 641
14061 4 2 1 1 2720 2182 2719 4627
14062 4 2 1 1 860 865 4546 4707
14063 4 2 1 1 378 3579 3567 3568
14064 4 2 1 1 3891 3890 4051 4578
14065 4 2 1 1 2034 2048 2279 4082
14066 4 2 1 1 3077 3074 3089 4623
14067 4 2 1 1 409 3590 24 4683
14068 4 2 1 1 3959 4053 3889 4141
14069 4 2 1 1 365 354 366 3546
14070 4 2 1 1 355 366 354 3533
14071 4 2 1 1 2048 2280 1888 4284
14072 4 2 1 1 3456 3433 3435 3430
14073 4 2 1 1 3507 3481 3485 3487
14074 4 2 1 1 3526 332 268 4501
14075 4 2 1 1 1705 941 943 4905
14076 4 2 1 1 2953 4890 4788 5024
14077 4 2 1 1 2034 4209 4082 4698
14078 4 2 1 1 290 305 3468 306
14079 4 2 1 1 325 341 340 3520
14080 4 2 1 1 325 340 324 3494
14081 4 2 1 1 2674 2243 2425 3873
14082 4 2 1 1 3503 316 263 4253
14083 4 2 1 1 298 3449 3430 3475
14084 4 2 1 1 3527 333 3507 3501
14085 4 2 1 1 368 4043 4301 5076
14086 4 2 1 1 1204 4474 4498 5081
14087 4 2 1 1 1338 1339 1164 4479
14088 4 2 1 1 2341 2081 2731 4412
14089 4 2 1 1 1234 1257 1614 4903
14090 4 2 1 1 3539 3873 3537 4593
14091 4 2 1 1 2341 2639 2303 4412
14092 4 2 1 1 981 978 1509 5060
14093 4 2 1 1 3857 4672 4571 4866
14094 4 2 1 1 3069 4312 3116 4326
14095 4 2 1 1 3255 3270 3327 4775
14096 4 2 1 1 3689 34 479 4879
14097 4 2 1 1 3540 4406 3873 5067
14098 4 2 1 1 4128 4596 4405 4597
14099 4 2 1 1 4590 4995 4153 5073
14100 4 2 1 1 294 4108 293 4961
14101 4 2 1 1 3706 469 3697 4840
14102 4 2 1 1 3547 4459 356 4460
14103 4 2 1 1 1069 1656 1084 4927
14104 4 2 1 1 3872 3982 3888 4153
14105 4 2 1 1 2102 2104 2105 5062
14106 4 2 1 1 854 4746 855 5032
14107 4 2 1 1 3576 3575 3570 4848
14108 4 2 1 1 3540 3534 350 4406
14109 4 2 1 1 379 3560 3558 4256
14110 4 2 1 1 1265 5069 4546 5071
14111 4 2 1 1 1531 396 1529 4332
14112 4 2 1 1 1799 1849 1792 4383
14113 4 2 1 1 2089 2094 2480 5047
14114 4 2 1 1 628 4161 641 5019
14115 4 2 1 1 3411 222 3407 4391
14116 4 2 1 1 334 319 3504 335
14117 4 2 1 1 951 935 950 4311
14118 4 2 1 1 4106 4209 4196 4514
14119 4 2 1 1 523 3787 3788 507
14120 4 2 1 1 3760 3762 3788 507
14121 4 2 1 1 2382 2684 2385 4944
14122 4 2 1 1 3481 3507 333 3501
14123 4 2 1 1 3475 3430 298 3456
14124 4 2 1 1 3701 3717 3728 3802
14125 4 2 1 1 1197 4476 1437 5081
14126 4 2 1 1 2824 3978 3856 4913
14127 4 2 1 1 3447 296 3448 4248
14128 4 2 1 1 1050 4480 1398 4977
14129 4 2 1 1 4450 4252 4870 4927
14130 4 2 1 1 4099 4981 3888 5032
14131 4 2 1 1 2242 2425 2243 3873
14132 4 2 1 1 4021 4804 4417 4934
14133 4 2 1 1 4034 4801 4425 4960
14134 4 2 1 1 3297 3203 3206 5043
14135 4 2 1 1 23 2753 122 4340
14136 4 2 1 1 2394 2675 2676 4932
14137 4 2 1 1 879 4475 4817 4875
14138 4 2 1 1 2446 2241 2445 4448
14139 4 2 1 1 451 449 433 3674
14140 4 2 1 1 470 486 469 3700
14141 4 2 1 1 416 432 415 3596
14142 4 2 1 1 415 3622 432 431
14143 4 2 1 1 2550 2548 2549 359
14144 4 2 1 1 4180 4906 4467 4991
14145 4 2 1 1 1888 1886 2472 4735
14146 4 2 1 1 2543 110 3547 4459
14147 4 2 1 1 2103 2104 2102 5062
14148 4 2 1 1 3490 3494 3502 4307
14149 4 2 1 1 3575 3574 3570 4848
14150 4 2 1 1 61 63 2790 987
14151 4 2 1 1 361 351 362 3540
14152 4 2 1 1 3980 4420 4075 4996
14153 4 2 1 1 213 2500 2139 2512
14154 4 2 1 1 306 3468 3476 4274
14155 4 2 1 1 253 3422 254 4436
14156 4 2 1 1 3920 4207 3882 4971
14157 4 2 1 1 518 4544 4114 4757
14158 4 2 1 1 3943 4371 4089 4974
14159 4 2 1 1 91 2847 106 4087
14160 4 2 1 1 3512 3518 3515 5004
14161 4 2 1 1 1127 4581 4247 4582
14162 4 2 1 1 1030 1026 4959 5070
14163 4 2 1 1 400 4237 3982 4519
14164 4 2 1 1 32 3682 119 4762
14165 4 2 1 1 4091 4122 4026 4444
14166 4 2 1 1 518 3756 501 502
14167 4 2 1 1 24 4148 2755 4923
14168 4 2 1 1 3849 4040 3910 4232
14169 4 2 1 1 1196 1664 1193 5081
14170 4 2 1 1 2953 2952 4890 5024
14171 4 2 1 1 3948 4359 4336 4700
14172 4 2 1 1 3556 364 267 4918
14173 4 2 1 1 1302 1303 4193 4629
14174 4 2 1 1 1509 978 974 5060
14175 4 2 1 1 259 339 3521 4501
14176 4 2 1 1 4467 4751 426 4906
14177 4 2 1 1 4022 4483 4272 4880
14178 4 2 1 1 3990 4380 3378 4383
14179 4 2 1 1 24 23 2755 4320
14180 4 2 1 1 2388 4507 2699 4932
14181 4 2 1 1 48 609 86 4780
14182 4 2 1 1 609 611 86 4780
14183 4 2 1 1 1019 4519 1360 4959
14184 4 2 1 1 4402 4421 3878 4643
14185 4 2 1 1 1208 1363 1409 4415
14186 4 2 1 1 3871 4575 4181 4633
14187 4 2 1 1 4366 4783 4017 4784
14188 4 2 1 1 11 1722 33 4978
14189 4 2 1 1 16 1722 11 4978
14190 4 2 1 1 408 3604 23 4953
14191 4 2 1 1 2726 2088 2385 4944
14192 4 2 1 1 1231 1044 1579 4876
14193 4 2 1 1 1124 1123 4581 5001
14194 4 2 1 1 3944 4451 4038 5063
14195 4 2 1 1 4524 4613 4095 4705
14196 4 2 1 1 302 4276 3462 4692
14197 4 2 1 1 4113 4308 4307 5011
14198 4 2 1 1 48 444 4708 4780
14199 4 2 1 1 78 16 1721 4978
14200 4 2 1 1 2753 4340 23 4953
14201 4 2 1 1 211 3371 210 4565
14202 4 2 1 1 3955 4457 4126 4651
14203 4 2 1 1 1367 4137 1368 4799
14204 4 2 1 1 4004 4586 4296 4872
14205 4 2 1 1 4268 4796 4026 4996
14206 4 2 1 1 3450 3442 290 4314
14207 4 2 1 1 4137 4798 4519 4986
14208 4 2 1 1 4090 4313 3849 4768
14209 4 2 1 1 2380 2113 2378 4871
14210 4 2 1 1 4043 4301 3914 4742
14211 4 2 1 1 3872 4153 3888 4995
14212 4 2 1 1 2190 2578 2191 5066
14213 4 2 1 1 4471 4608 4008 4951
14214 4 2 1 1 3482 321 322 4715
14215 4 2 1 1 3108 2949 2883 4215
14216 4 2 1 1 3702 20 3694 3729
14217 4 2 1 1 3624 3589 120 3598
14218 4 2 1 1 430 429 413 3625
14219 4 2 1 1 464 434 3651 448
14220 4 2 1 1 3782 501 517 518
14221 4 2 1 1 4083 2078 4184 4412
14222 4 2 1 1 1726 82 4928 4929
14223 4 2 1 1 4004 4552 4451 5063
14224 4 2 1 1 4076 4213 4532 4687
14225 4 2 1 1 2701 4684 1865 4714
14226 4 2 1 1 3475 3474 3461 4206
14227 4 2 1 1 361 350 3540 3534
14228 4 2 1 1 1804 4331 4330 4554
14229 4 2 1 1 1524 1526 395 5007
14230 4 2 1 1 1039 1041 1040 4588
14231 4 2 1 1 2583 2236 2532 4418
14232 4 2 1 1 898 1178 1226 4825
14233 4 2 1 1 1611 1705 943 4905
14234 4 2 1 1 4337 4469 4018 4632
14235 4 2 1 1 3785 519 503 518
14236 4 2 1 1 415 430 414 3602
14237 4 2 1 1 434 433 449 3654
14238 4 2 1 1 415 431 430 3628
14239 4 2 1 1 469 485 468 3706
14240 4 2 1 1 1728 30 79 4886
14241 4 2 1 1 216 4352 4019 4775
14242 4 2 1 1 2532 2452 2276 5000
14243 4 2 1 1 2437 4198 2637 5049
14244 4 2 1 1 17 1723 10 4886
14245 4 2 1 1 10 1723 30 4886
14246 4 2 1 1 3314 3315 3313 4988
14247 4 2 1 1 2539 2031 2063 4460
14248 4 2 1 1 1832 2733 2357 4714
14249 4 2 1 1 4035 4997 4428 4998
14250 4 2 1 1 2243 3873 2674 5067
14251 4 2 1 1 1414 4746 1044 4876
14252 4 2 1 1 4109 4251 3977 4682
14253 4 2 1 1 1720 33 77 4978
14254 4 2 1 1 3082 146 163 3046
14255 4 2 1 1 3888 4590 4228 4995
14256 4 2 1 1 2410 2498 2037 4967
14257 4 2 1 1 4008 4327 4254 4840
14258 4 2 1 1 1165 1161 1159 4892
14259 4 2 1 1 3724 485 3733 4801
14260 4 2 1 1 1629 1277 598 4863
14261 4 2 1 1 3606 3610 421 4950
14262 4 2 1 1 942 4904 3995 4905
14263 4 2 1 1 3196 3161 3179 4987
14264 4 2 1 1 2583 2532 2275 4418
14265 4 2 1 1 3596 4622 416 5054
14266 4 2 1 1 2635 2440 2659 5049
14267 4 2 1 1 4417 4422 4021 4934
14268 4 2 1 1 3724 4351 4801 4837
14269 4 2 1 1 4390 4564 4273 4896
14270 4 2 1 1 2543 2540 2697 4459
14271 4 2 1 1 4049 4995 4228 5073
14272 4 2 1 1 135 1366 59 898
14273 4 2 1 1 4131 4621 4557 4842
14274 4 2 1 1 2286 2287 2288 4179
14275 4 2 1 1 3510 4849 4500 5004
14276 4 2 1 1 1227 4332 1228 4477
14277 4 2 1 1 361 362 3557 4918
14278 4 2 1 1 3535 345 3534 5067
14279 4 2 1 1 4004 5035 4586 5060
14280 4 2 1 1 4297 4366 4007 4987
14281 4 2 1 1 1235 1236 1508 4872
14282 4 2 1 1 3952 4661 4139 4670
14283 4 2 1 1 2236 2583 2233 4418
14284 4 2 1 1 1104 367 1107 1103
14285 4 2 1 1 1253 961 1278 4867
14286 4 2 1 1 1058 1055 1056 4912
14287 4 2 1 1 2687 4202 2638 4627
14288 4 2 1 1 1193 4498 1195 5081
14289 4 2 1 1 427 4751 4180 4906
14290 4 2 1 1 3608 4877 4752 4878
14291 4 2 1 1 1729 80 17 4886
14292 4 2 1 1 3689 4561 34 4879
14293 4 2 1 1 1078 1515 1080 4949
14294 4 2 1 1 295 312 311 3473
14295 4 2 1 1 3893 4023 4018 4969
14296 4 2 1 1 1522 1524 395 5007
14297 4 2 1 1 1128 4582 1132 4948
14298 4 2 1 1 3942 4173 3961 5009
14299 4 2 1 1 247 3573 3574 252
14300 4 2 1 1 2811 156 2799 4913
14301 4 2 1 1 3930 4447 4165 4686
14302 4 2 1 1 309 310 4438 4574
14303 4 2 1 1 4099 3982 4546 4746
14304 4 2 1 1 24 4321 4148 4923
14305 4 2 1 1 4625 5049 4198 5078
14306 4 2 1 1 4202 4538 3997 4918
14307 4 2 1 1 518 4150 4416 4757
14308 4 2 1 1 3889 3959 3869 4053
14309 4 2 1 1 872 869 871 4278
14310 4 2 1 1 2243 4245 3873 5067
14311 4 2 1 1 3758 515 499 498
14312 4 2 1 1 3679 446 461 462
14313 4 2 1 1 3784 498 514 515
14314 4 2 1 1 446 461 445 3653
14315 4 2 1 1 480 466 482 3705
14316 4 2 1 1 410 411 426 3601
14317 4 2 1 1 480 3732 482 496
14318 4 2 1 1 1247 892 1659 4844
14319 4 2 1 1 2613 1991 2614 4998
14320 4 2 1 1 3697 4840 4327 4951
14321 4 2 1 1 3930 4165 4164 4686
14322 4 2 1 1 64 62 2791 1286
14323 4 2 1 1 3440 4531 3434 4755
14324 4 2 1 1 1210 4580 4426 4981
14325 4 2 1 1 2616 4554 2431 4616
14326 4 2 1 1 4252 4450 3895 4927
14327 4 2 1 1 4425 4801 4034 4837
14328 4 2 1 1 3938 4794 4289 5064
14329 4 2 1 1 2179 2484 4997 4998
14330 4 2 1 1 4355 5012 3645 5025
14331 4 2 1 1 3520 3521 340 3494
14332 4 2 1 1 3836 3895 4061 5076
14333 4 2 1 1 1319 1320 1430 5072
14334 4 2 1 1 3534 345 4999 5067
14335 4 2 1 1 3680 3671 449 4796
14336 4 2 1 1 2174 2178 2705 5050
14337 4 2 1 1 1876 1875 1879 4616
14338 4 2 1 1 3720 3715 3711 5033
14339 4 2 1 1 3726 495 3717 4914
14340 4 2 1 1 21 3605 118 4664
14341 4 2 1 1 524 508 3788 525
14342 4 2 1 1 439 455 440 3657
14343 4 2 1 1 4385 4724 4186 4769
14344 4 2 1 1 2093 2669 2285 4412
14345 4 2 1 1 4004 4090 4768 5035
14346 4 2 1 1 4232 4498 4313 5081
14347 4 2 1 1 3435 3430 3433 4263
14348 4 2 1 1 3736 494 37 4884
14349 4 2 1 1 3785 4544 3782 4770
14350 4 2 1 1 4062 4274 3983 4387
14351 4 2 1 1 1136 1176 372 4948
14352 4 2 1 1 1631 4756 4349 4765
14353 4 2 1 1 37 38 2746 4914
14354 4 2 1 1 3724 4801 3733 4837
14355 4 2 1 1 3645 5012 3654 5025
14356 4 2 1 1 3387 261 262 4191
14357 4 2 1 1 37 3701 3717 3728
14358 4 2 1 1 3465 309 4472 4574
14359 4 2 1 1 3675 117 3668 3649
14360 4 2 1 1 1502 1130 4582 5001
14361 4 2 1 1 23 3604 21 4953
14362 4 2 1 1 3697 3706 4840 4951
14363 4 2 1 1 2841 2831 2821 4883
14364 4 2 1 1 239 3395 195 5039
14365 4 2 1 1 3873 4406 2674 5067
14366 4 2 1 1 3671 4344 4796 4800
14367 4 2 1 1 1365 1062 926 4980
14368 4 2 1 1 4010 4222 4077 4260
14369 4 2 1 1 274 3399 252 4402
14370 4 2 1 1 3865 4378 4235 4883
14371 4 2 1 1 3792 535 534 536
14372 4 2 1 1 535 3791 534 533
14373 4 2 1 1 3856 3978 4174 4565
14374 4 2 1 1 4279 4351 4034 4801
14375 4 2 1 1 370 4479 4136 4892
14376 4 2 1 1 62 60 2789 893
14377 4 2 1 1 806 789 814 4647
14378 4 2 1 1 2472 1891 1888 4735
14379 4 2 1 1 367 4043 4629 5051
14380 4 2 1 1 368 4301 4043 4493
14381 4 2 1 1 4023 4298 4018 4969
14382 4 2 1 1 2270 4766 2563 4999
14383 4 2 1 1 4026 4796 4420 4996
14384 4 2 1 1 1663 4582 1130 5001
14385 4 2 1 1 910 911 912 5070
14386 4 2 1 1 3108 4215 2883 4599
14387 4 2 1 1 4349 4869 4210 4870
14388 4 2 1 1 2891 3044 3043 4963
14389 4 2 1 1 3178 3179 3161 4987
14390 4 2 1 1 913 5070 1606 5071
14391 4 2 1 1 2458 2276 2453 5000
14392 4 2 1 1 15 4254 1717 4327
14393 4 2 1 1 3760 3788 3787 507
14394 4 2 1 1 484 4801 4425 4837
14395 4 2 1 1 2439 2553 2551 5049
14396 4 2 1 1 2719 4432 2180 4627
14397 4 2 1 1 3876 3961 4173 5027
14398 4 2 1 1 4098 4132 4034 4504
14399 4 2 1 1 2431 4554 2435 4616
14400 4 2 1 1 3478 300 3452 3477
14401 4 2 1 1 286 3453 3451 3479
14402 4 2 1 1 935 950 4311 4445
14403 4 2 1 1 1896 1894 2678 4660
14404 4 2 1 1 1233 1699 1236 4872
14405 4 2 1 1 3523 343 3518 5004
14406 4 2 1 1 4216 4386 3571 4398
14407 4 2 1 1 2342 2317 2318 4383
14408 4 2 1 1 4029 4152 195 5039
14409 4 2 1 1 2078 4179 2669 4412
14410 4 2 1 1 4195 4388 4005 4638
14411 4 2 1 1 352 363 362 3545
14412 4 2 1 1 4008 4840 4471 4951
14413 4 2 1 1 1995 1997 1996 5017
14414 4 2 1 1 4268 4344 4026 4796
14415 4 2 1 1 3891 3939 4064 5021
14416 4 2 1 1 2487 2325 2320 4714
14417 4 2 1 1 1508 4063 4799 4872
14418 4 2 1 1 3888 4981 4590 5032
14419 4 2 1 1 2619 2148 2199 4659
14420 4 2 1 1 853 855 1382 5032
14421 4 2 1 1 4079 4117 4010 4671
14422 4 2 1 1 3520 4532 4213 4687
14423 4 2 1 1 3882 4066 3920 4706
14424 4 2 1 1 4185 4418 4056 4704
14425 4 2 1 1 4153 4440 3872 4587
14426 4 2 1 1 4273 4390 4033 4564
14427 4 2 1 1 2704 2178 2694 5050
14428 4 2 1 1 1473 1470 1468 4200
14429 4 2 1 1 3070 3069 3071 4326
14430 4 2 1 1 4247 4581 1129 4908
14431 4 2 1 1 4201 4128 4825 4894
14432 4 2 1 1 3916 4096 3947 4336
14433 4 2 1 1 3773 3778 513 4943
14434 4 2 1 1 3512 3514 3489 3488
14435 4 2 1 1 3533 3535 366 3548
14436 4 2 1 1 3335 3297 3206 5043
14437 4 2 1 1 304 4276 4274 4387
14438 4 2 1 1 3436 4339 286 4755
14439 4 2 1 1 2075 4083 2074 4179
14440 4 2 1 1 2084 2375 4225 4677
14441 4 2 1 1 83 2762 28 4142
14442 4 2 1 1 408 23 4320 4953
14443 4 2 1 1 4141 4578 308 5016
14444 4 2 1 1 264 265 3542 3794
14445 4 2 1 1 294 3439 3446 3472
14446 4 2 1 1 3517 3498 314 3524
14447 4 2 1 1 926 924 1365 4980
14448 4 2 1 1 3568 376 247 4633
14449 4 2 1 1 3290 160 164 3326
14450 4 2 1 1 4359 4972 3916 5043
14451 4 2 1 1 4157 4488 4038 4678
14452 4 2 1 1 1257 1615 1614 4903
14453 4 2 1 1 3439 310 3465 3472
14454 4 2 1 1 3498 3517 314 3491
14455 4 2 1 1 2543 2542 2540 4459
14456 4 2 1 1 3664 448 3666 464
14457 4 2 1 1 3614 413 429 3612
14458 4 2 1 1 3614 413 3612 3587
14459 4 2 1 1 3638 3666 448 3640
14460 4 2 1 1 3769 517 501 3771
14461 4 2 1 1 4034 4583 4425 4837
14462 4 2 1 1 2484 1981 4997 4998
14463 4 2 1 1 4048 4517 4103 4910
14464 4 2 1 1 3310 3309 3308 4821
14465 4 2 1 1 1196 1198 1197 5081
14466 4 2 1 1 3955 4890 4651 5024
14467 4 2 1 1 403 419 404 3603
14468 4 2 1 1 1164 1577 1337 4479
14469 4 2 1 1 24 2755 45 4923
14470 4 2 1 1 4149 4195 4005 4638
14471 4 2 1 1 3680 3671 4796 4800
14472 4 2 1 1 3429 302 286 3436
14473 4 2 1 1 2450 2451 2452 5000
14474 4 2 1 1 1301 4193 4037 4856
14475 4 2 1 1 3551 353 3550 3538
14476 4 2 1 1 3920 4086 4031 4314
14477 4 2 1 1 3204 4972 4359 5043
14478 4 2 1 1 3921 3891 4051 5021
14479 4 2 1 1 291 4314 4145 4755
14480 4 2 1 1 299 3452 300 283
14481 4 2 1 1 204 3372 168 4565
14482 4 2 1 1 1634 1632 1087 4756
14483 4 2 1 1 1532 1533 396 1531
14484 4 2 1 1 10 13 17 3793
14485 4 2 1 1 3472 3439 3433 3459
14486 4 2 1 1 298 297 4206 4526
14487 4 2 1 1 3305 4300 213 4792
14488 4 2 1 1 452 40 4344 4762
14489 4 2 1 1 4746 4876 1592 5032
14490 4 2 1 1 3873 4593 4606 4704
14491 4 2 1 1 3895 4061 4210 4252
14492 4 2 1 1 1137 1135 1133 4948
14493 4 2 1 1 3548 366 3533 3546
14494 4 2 1 1 2382 2682 2683 4944
14495 4 2 1 1 3906 4503 4914 5079
14496 4 2 1 1 3651 3677 464 3664
14497 4 2 1 1 3782 501 3756 3744
14498 4 2 1 1 4091 4026 4344 4444
14499 4 2 1 1 3469 304 3467 4274
14500 4 2 1 1 3743 3753 4319 4348
14501 4 2 1 1 2394 4398 2661 4932
14502 4 2 1 1 168 3372 166 4565
14503 4 2 1 1 186 5010 324 5011
14504 4 2 1 1 1838 4657 19 4966
14505 4 2 1 1 258 3387 3388 4191
14506 4 2 1 1 3645 3654 433 5025
14507 4 2 1 1 179 4380 4165 4383
14508 4 2 1 1 369 4301 4061 5076
14509 4 2 1 1 118 2753 21 4664
14510 4 2 1 1 3494 3493 3495 4307
14511 4 2 1 1 3466 4472 308 5016
14512 4 2 1 1 4131 4233 3935 4525
14513 4 2 1 1 318 334 3481 3483
14514 4 2 1 1 3941 4209 4106 4514
14515 4 2 1 1 3373 166 3372 4565
14516 4 2 1 1 4339 4531 4031 4755
14517 4 2 1 1 4266 4426 3910 4580
14518 4 2 1 1 872 871 398 4278
14519 4 2 1 1 487 20 4351 4781
14520 4 2 1 1 1123 4869 4581 5001
14521 4 2 1 1 3991 4486 4297 4790
14522 4 2 1 1 277 259 3410 4501
14523 4 2 1 1 4143 4017 4783 4811
14524 4 2 1 1 363 352 3557 3556
14525 4 2 1 1 2075 2076 4083 4179
14526 4 2 1 1 4484 4819 4109 5005
14527 4 2 1 1 4014 4172 3926 4371
14528 4 2 1 1 3953 4405 4128 4596
14529 4 2 1 1 4420 4796 4026 4800
14530 4 2 1 1 4565 4613 3373 4705
14531 4 2 1 1 40 3683 32 4762
14532 4 2 1 1 4348 4109 4819 5005
14533 4 2 1 1 2705 2714 2174 5050
14534 4 2 1 1 3483 3481 318 4782
14535 4 2 1 1 3443 3441 288 4314
14536 4 2 1 1 3534 4999 4766 5067
14537 4 2 1 1 4075 4420 3980 4573
14538 4 2 1 1 20 3735 12 4781
14539 4 2 1 1 3434 4531 4339 4755
14540 4 2 1 1 3928 4043 3914 4742
14541 4 2 1 1 1979 4829 4428 4915
14542 4 2 1 1 203 164 163 145
14543 4 2 1 1 120 3631 22 4752
14544 4 2 1 1 4213 4687 4260 5004
14545 4 2 1 1 4181 4256 3949 4748
14546 4 2 1 1 3290 160 2879 164
14547 4 2 1 1 351 3540 350 4406
14548 4 2 1 1 1582 4338 1556 5045
14549 4 2 1 1 4032 4361 4253 4782
14550 4 2 1 1 4213 4260 4212 5004
14551 4 2 1 1 2614 1991 2695 4998
14552 4 2 1 1 916 869 872 4278
14553 4 2 1 1 154 162 153 4309
14554 4 2 1 1 247 3420 241 4633
14555 4 2 1 1 4008 4327 4840 4951
14556 4 2 1 1 2286 2288 2289 4179
14557 4 2 1 1 3557 3554 361 4918
14558 4 2 1 1 4450 4870 1120 4927
14559 4 2 1 1 2530 1899 4924 4925
14560 4 2 1 1 1981 2695 4428 4998
14561 4 2 1 1 2878 163 146 3046
14562 4 2 1 1 398 1215 4426 4558
14563 4 2 1 1 856 4099 4546 4746
14564 4 2 1 1 3014 3993 3016 4810
14565 4 2 1 1 3508 321 3514 337
14566 4 2 1 1 1637 4493 4301 4756
14567 4 2 1 1 3572 3565 3570 3576
14568 4 2 1 1 2462 4406 2580 4826
14569 4 2 1 1 3414 279 267 4538
14570 4 2 1 1 4059 4194 4664 4669
14571 4 2 1 1 178 2882 3797 4165
14572 4 2 1 1 1060 1315 1299 4856
14573 4 2 1 1 4428 4793 3958 4829
14574 4 2 1 1 2627 4414 2628 4497
14575 4 2 1 1 3449 297 3448 3475
14576 4 2 1 1 3527 3500 332 3501
14577 4 2 1 1 1994 1996 2526 5017
14578 4 2 1 1 2453 2451 2534 5000
14579 4 2 1 1 3601 3588 3591 4954
14580 4 2 1 1 3757 3746 3747 4901
14581 4 2 1 1 420 3603 405 404
14582 4 2 1 1 865 4707 902 5071
14583 4 2 1 1 2621 2737 2134 5017
14584 4 2 1 1 4185 4291 4056 4418
14585 4 2 1 1 4679 4681 3871 4955
14586 4 2 1 1 2669 2093 2731 4412
14587 4 2 1 1 3071 3118 3083 4553
14588 4 2 1 1 3470 3476 4692 5016
14589 4 2 1 1 3547 4458 4459 4496
14590 4 2 1 1 3557 3543 352 3544
14591 4 2 1 1 2953 2940 2935 5024
14592 4 2 1 1 3504 318 3529 3503
14593 4 2 1 1 3360 3309 3310 4821
14594 4 2 1 1 3926 4172 4014 4173
14595 4 2 1 1 244 3421 243 4402
14596 4 2 1 1 292 4961 3939 5021
14597 4 2 1 1 2280 4284 2048 4635
14598 4 2 1 1 4113 4173 4172 5020
14599 4 2 1 1 219 3402 218 4062
14600 4 2 1 1 4213 4076 4260 4687
14601 4 2 1 1 3522 4687 4213 5004
14602 4 2 1 1 3538 3550 3551 3552
14603 4 2 1 1 1238 4296 1290 4338
14604 4 2 1 1 243 252 3579 4643
14605 4 2 1 1 1171 1693 1694 4358
14606 4 2 1 1 3730 3718 3719 4837
14607 4 2 1 1 1579 4876 1044 4986
14608 4 2 1 1 4203 4400 4008 4608
14609 4 2 1 1 4023 4468 4337 4778
14610 4 2 1 1 3872 4440 4153 4995
14611 4 2 1 1 4026 4572 4420 4800
14612 4 2 1 1 4076 4010 4079 4260
14613 4 2 1 1 2610 2117 2119 4805
14614 4 2 1 1 935 931 950 4445
14615 4 2 1 1 2555 4766 2270 4999
14616 4 2 1 1 2215 4635 2035 4787
14617 4 2 1 1 410 4954 4683 5080
14618 4 2 1 1 2073 213 2139 2114
14619 4 2 1 1 3603 419 420 3629
14620 4 2 1 1 4007 4366 4171 4841
14621 4 2 1 1 3872 4440 3828 4588
14622 4 2 1 1 3534 3553 361 3547
14623 4 2 1 1 22 27 2760 4665
14624 4 2 1 1 2004 2359 2000 5017
14625 4 2 1 1 3500 4080 4191 4253
14626 4 2 1 1 1010 1007 1009 5073
14627 4 2 1 1 3535 3540 3552 3539
14628 4 2 1 1 450 4796 4420 4800
14629 4 2 1 1 2458 2459 4826 5000
14630 4 2 1 1 4202 3997 4625 4918
14631 4 2 1 1 3753 3776 503 3750
14632 4 2 1 1 3671 433 3674 3645
14633 4 2 1 1 3858 4586 4310 5060
14634 4 2 1 1 3948 4700 4579 4701
14635 4 2 1 1 12 3736 37 4781
14636 4 2 1 1 372 4210 369 4869
14637 4 2 1 1 3433 3461 3435 3446
14638 4 2 1 1 3498 3513 3485 3487
14639 4 2 1 1 33 3709 11 4978
14640 4 2 1 1 2341 2303 4350 4412
14641 4 2 1 1 3993 3014 4334 4809
14642 4 2 1 1 3963 4320 4194 4954
14643 4 2 1 1 1247 1613 892 4844
14644 4 2 1 1 3523 344 3517 3491
14645 4 2 1 1 28 4142 3616 4970
14646 4 2 1 1 628 4243 4161 5019
14647 4 2 1 1 239 195 4152 5039
14648 4 2 1 1 4200 4224 1483 4493
14649 4 2 1 1 101 2829 2828 3978
14650 4 2 1 1 3677 3664 3665 4800
14651 4 2 1 1 1233 1236 1235 4872
14652 4 2 1 1 4421 4871 2085 4944
14653 4 2 1 1 3910 4313 4232 4498
14654 4 2 1 1 4018 4382 4298 4632
14655 4 2 1 1 2467 2465 2466 4766
14656 4 2 1 1 3311 3312 3313 4611
14657 4 2 1 1 3464 3476 3468 4692
14658 4 2 1 1 2378 2113 2376 4871
14659 4 2 1 1 1642 1638 4224 5051
14660 4 2 1 1 1030 4959 1360 5069
14661 4 2 1 1 311 4053 3959 4574
14662 4 2 1 1 4098 4034 4351 4504
14663 4 2 1 1 3720 3731 3721 5033
14664 4 2 1 1 3779 3768 520 5015
14665 4 2 1 1 3517 3491 3484 3799
14666 4 2 1 1 2375 2377 4225 4871
14667 4 2 1 1 3521 324 340 3494
14668 4 2 1 1 3475 3449 3430 3435
14669 4 2 1 1 3501 3507 3527 3487
14670 4 2 1 1 3535 3533 3552 3548
14671 4 2 1 1 1156 4358 1172 4892
14672 4 2 1 1 397 1549 1566 5045
14673 4 2 1 1 283 300 284 3452
14674 4 2 1 1 3722 480 3695 3726
14675 4 2 1 1 3774 498 3748 3778
14676 4 2 1 1 3643 461 3647 3669
14677 4 2 1 1 1202 1635 1602 5007
14678 4 2 1 1 4192 4579 3948 4700
14679 4 2 1 1 4076 4213 4212 4501
14680 4 2 1 1 3305 213 3126 4792
14681 4 2 1 1 2511 2336 1865 4714
14682 4 2 1 1 2094 2126 2480 5047
14683 4 2 1 1 2182 2718 2719 4432
14684 4 2 1 1 3473 3472 4206 4574
14685 4 2 1 1 184 183 4086 4706
14686 4 2 1 1 366 365 3546 4514
14687 4 2 1 1 3452 249 281 3478
14688 4 2 1 1 3836 4061 3914 5076
14689 4 2 1 1 1045 4959 1578 5006
14690 4 2 1 1 3470 3463 3466 4692
14691 4 2 1 1 4149 4005 4199 4638
14692 4 2 1 1 3514 3480 320 3488
14693 4 2 1 1 3454 3436 301 3462
14694 4 2 1 1 3543 3557 352 3556
14695 4 2 1 1 3940 3995 3962 4905
14696 4 2 1 1 3501 3481 3507 3487
14697 4 2 1 1 3435 3430 3475 3456
14698 4 2 1 1 1876 1874 1875 4616
14699 4 2 1 1 441 457 3682 3657
14700 4 2 1 1 3560 4393 4256 4414
14701 4 2 1 1 3882 3920 4066 4108
14702 4 2 1 1 390 4421 3578 4643
14703 4 2 1 1 3743 4319 25 4348
14704 4 2 1 1 178 1934 1936 1789
14705 4 2 1 1 3739 3764 3745 3738
14706 4 2 1 1 3438 3442 3450 4755
14707 4 2 1 1 14 821 44 4624
14708 4 2 1 1 4173 5009 326 5027
14709 4 2 1 1 284 300 3431 3428
14710 4 2 1 1 3409 3410 4391 4501
14711 4 2 1 1 22 2760 120 4752
14712 4 2 1 1 255 4263 3383 4436
14713 4 2 1 1 1146 371 4269 4942
14714 4 2 1 1 3107 2952 3088 4890
14715 4 2 1 1 4086 4248 4031 4263
14716 4 2 1 1 422 421 3610 4950
14717 4 2 1 1 3648 3674 433 3645
14718 4 2 1 1 2144 1974 2645 4915
14719 4 2 1 1 1128 1134 4582 4948
14720 4 2 1 1 4440 4153 4995 5073
14721 4 2 1 1 1229 4338 4332 5035
14722 4 2 1 1 3523 328 3491 3497
14723 4 2 1 1 4314 4339 288 4436
14724 4 2 1 1 306 4274 3476 5016
14725 4 2 1 1 2325 2336 2326 4714
14726 4 2 1 1 2659 2553 2635 5049
14727 4 2 1 1 3673 3647 461 3669
14728 4 2 1 1 498 3748 3778 3752
14729 4 2 1 1 3726 480 3695 3699
14730 4 2 1 1 4095 4524 4096 4614
14731 4 2 1 1 3533 3552 3548 3546
14732 4 2 1 1 3717 3689 3726 3802
14733 4 2 1 1 4457 4651 3955 4890
14734 4 2 1 1 3444 3440 3437 4755
14735 4 2 1 1 3720 3721 3715 5033
14736 4 2 1 1 2681 2441 4625 4627
14737 4 2 1 1 13 821 14 4624
14738 4 2 1 1 184 3079 183 4706
14739 4 2 1 1 183 3379 184 4086
14740 4 2 1 1 3420 242 241 4633
14741 4 2 1 1 4305 4791 4187 5074
14742 4 2 1 1 4132 4504 4884 5033
14743 4 2 1 1 1578 4959 1046 5006
14744 4 2 1 1 265 3556 267 4918
14745 4 2 1 1 4148 4730 4729 5054
14746 4 2 1 1 4258 4527 4045 4717
14747 4 2 1 1 3279 3958 226 4539
14748 4 2 1 1 1975 4829 1976 4915
14749 4 2 1 1 2177 2717 2718 4432
14750 4 2 1 1 478 477 3736 3709
14751 4 2 1 1 4301 4756 4061 4949
14752 4 2 1 1 299 3456 3431 3457
14753 4 2 1 1 3509 3481 334 3483
14754 4 2 1 1 48 4708 4759 4780
14755 4 2 1 1 3995 4136 3962 4905
14756 4 2 1 1 3506 3480 320 3514
14757 4 2 1 1 3454 285 3436 3428
14758 4 2 1 1 4032 4191 4361 4715
14759 4 2 1 1 3178 3183 3179 4987
14760 4 2 1 1 2758 4730 4148 5054
14761 4 2 1 1 1569 4629 1102 5051
14762 4 2 1 1 364 4538 267 4918
14763 4 2 1 1 449 3654 3671 3680
14764 4 2 1 1 3602 3619 415 3628
14765 4 2 1 1 3733 485 3724 3706
14766 4 2 1 1 3785 503 3776 3759
14767 4 2 1 1 89 4566 4966 5079
14768 4 2 1 1 2037 2539 2414 4967
14769 4 2 1 1 284 3431 283 4584
14770 4 2 1 1 258 323 3505 4715
14771 4 2 1 1 1894 1896 2064 4660
14772 4 2 1 1 1849 2342 2633 4383
14773 4 2 1 1 2048 2035 2215 4635
14774 4 2 1 1 455 438 454 3681
14775 4 2 1 1 3601 426 3591 3627
14776 4 2 1 1 3653 3679 461 3643
14777 4 2 1 1 3774 3758 498 3784
14778 4 2 1 1 308 307 4578 5021
14779 4 2 1 1 398 1668 1217 1221
14780 4 2 1 1 4359 4700 3948 4701
14781 4 2 1 1 3744 3782 501 3769
14782 4 2 1 1 3638 3651 448 3664
14783 4 2 1 1 3690 3730 483 3718
14784 4 2 1 1 320 3514 337 336
14785 4 2 1 1 3628 3613 3619 4878
14786 4 2 1 1 3941 4015 3877 4539
14787 4 2 1 1 4202 4432 2653 4997
14788 4 2 1 1 1328 48 4759 4780
14789 4 2 1 1 4014 4173 327 5027
14790 4 2 1 1 367 1103 1104 5051
14791 4 2 1 1 1245 5069 1606 5070
14792 4 2 1 1 4056 4291 3111 5017
14793 4 2 1 1 243 3421 252 4643
14794 4 2 1 1 272 280 3416 4538
14795 4 2 1 1 2669 2076 2285 4179
14796 4 2 1 1 367 4224 4043 5051
14797 4 2 1 1 4330 4679 3871 4955
14798 4 2 1 1 2553 2659 2636 5049
14799 4 2 1 1 3623 3621 3616 4970
14800 4 2 1 1 3619 3613 3608 4878
14801 4 2 1 1 2275 4418 2532 5000
14802 4 2 1 1 2172 4432 2173 5050
14803 4 2 1 1 367 4043 4193 4629
14804 4 2 1 1 285 300 3454 301
14805 4 2 1 1 4344 4444 4026 4800
14806 4 2 1 1 310 3472 311 4574
14807 4 2 1 1 2177 2715 2717 4432
14808 4 2 1 1 2437 5049 4625 5078
14809 4 2 1 1 473 474 3707 490
14810 4 2 1 1 3496 342 326 3502
14811 4 2 1 1 3448 281 3449 4263
14812 4 2 1 1 1577 1161 1165 4892
14813 4 2 1 1 89 4966 2748 5079
14814 4 2 1 1 10 3786 17 4886
14815 4 2 1 1 30 3787 10 4886
14816 4 2 1 1 4210 4252 4061 4349
14817 4 2 1 1 3360 3310 3313 4821
14818 4 2 1 1 3108 4478 4215 4599
14819 4 2 1 1 1505 4876 4153 5032
14820 4 2 1 1 477 476 493 3709
14821 4 2 1 1 2724 2000 1997 5017
14822 4 2 1 1 3983 4472 4692 5016
14823 4 2 1 1 400 4959 1401 5070
14824 4 2 1 1 2307 2305 2306 4677
14825 4 2 1 1 3630 424 27 4665
14826 4 2 1 1 3582 3613 3607 3608
14827 4 2 1 1 3745 3765 3764 3739
14828 4 2 1 1 505 4348 26 4518
14829 4 2 1 1 309 3465 310 4574
14830 4 2 1 1 2320 2316 2319 4383
14831 4 2 1 1 3387 262 3386 4191
14832 4 2 1 1 4255 4665 4000 4950
14833 4 2 1 1 4279 19 4657 4966
14834 4 2 1 1 2450 4448 2449 5000
14835 4 2 1 1 251 3423 249 4387
14836 4 2 1 1 350 3534 360 349
14837 4 2 1 1 3565 3572 3570 3561
14838 4 2 1 1 18 4741 4929 4943
14839 4 2 1 1 3489 3514 3482 3488
14840 4 2 1 1 3463 3436 3462 3455
14841 4 2 1 1 4266 4590 3888 4981
14842 4 2 1 1 3466 3445 308 3471
14843 4 2 1 1 3497 343 3518 3523
14844 4 2 1 1 249 3423 260 4387
14845 4 2 1 1 298 4206 3456 4526
14846 4 2 1 1 3483 3485 3481 4782
14847 4 2 1 1 351 352 3545 3532
14848 4 2 1 1 291 3444 3440 3466
14849 4 2 1 1 3455 3437 3429 3438
14850 4 2 1 1 3508 3490 3515 3482
14851 4 2 1 1 211 210 4174 4565
14852 4 2 1 1 4079 3927 4372 4974
14853 4 2 1 1 4336 4359 3916 5043
14854 4 2 1 1 3472 3433 3461 3459
14855 4 2 1 1 1290 4338 4296 5045
14856 4 2 1 1 2458 2423 2634 4826
14857 4 2 1 1 118 4340 2753 4664
14858 4 2 1 1 324 3521 3495 3494
14859 4 2 1 1 3469 3443 305 3468
14860 4 2 1 1 371 4136 3995 4904
14861 4 2 1 1 1202 1602 1521 5007
14862 4 2 1 1 4486 4790 3991 4972
14863 4 2 1 1 1157 1173 370 4358
14864 4 2 1 1 426 3617 3591 3627
14865 4 2 1 1 3758 3774 498 3748
14866 4 2 1 1 3643 3679 461 3669
14867 4 2 1 1 3433 3461 3456 3435
14868 4 2 1 1 3485 3513 3507 3487
14869 4 2 1 1 1199 4477 1201 5007
14870 4 2 1 1 251 3404 275 4387
14871 4 2 1 1 4031 4314 4086 4436
14872 4 2 1 1 3540 3535 3552 3553
14873 4 2 1 1 3483 3480 3509 3484
14874 4 2 1 1 3428 3457 3431 3432
14875 4 2 1 1 399 398 395 4768
14876 4 2 1 1 3412 3414 3413 4815
14877 4 2 1 1 2821 2831 2818 4883
14878 4 2 1 1 4228 4995 4590 5073
14879 4 2 1 1 47 2758 118 5054
14880 4 2 1 1 3873 4606 4418 4704
14881 4 2 1 1 4014 4260 4079 5027
14882 4 2 1 1 3214 3198 3197 4794
14883 4 2 1 1 2236 4448 2582 5000
14884 4 2 1 1 114 3534 345 4999
14885 4 2 1 1 4153 4746 4099 5032
14886 4 2 1 1 2192 1946 2191 5066
14887 4 2 1 1 3458 3428 3454 3460
14888 4 2 1 1 3480 3510 3512 3506
14889 4 2 1 1 3480 3509 319 3483
14890 4 2 1 1 213 1935 2721 2512
14891 4 2 1 1 1534 1535 396 1533
14892 4 2 1 1 4450 4581 3895 4908
14893 4 2 1 1 4099 4278 398 4558
14894 4 2 1 1 2301 2305 2302 4677
14895 4 2 1 1 3942 4308 4113 5011
14896 4 2 1 1 503 3776 3759 3750
14897 4 2 1 1 415 3593 3619 3602
14898 4 2 1 1 3671 3654 433 3645
14899 4 2 1 1 292 4064 4961 5021
14900 4 2 1 1 3563 247 376 4575
14901 4 2 1 1 2291 2093 2285 4412
14902 4 2 1 1 3533 3552 3550 3539
14903 4 2 1 1 1023 4798 1021 5006
14904 4 2 1 1 2466 2465 2464 4406
14905 4 2 1 1 4090 4477 4313 4768
14906 4 2 1 1 2543 2596 2542 4459
14907 4 2 1 1 4351 4504 4034 4837
14908 4 2 1 1 1537 1538 396 1539
14909 4 2 1 1 511 527 3749 528
14910 4 2 1 1 458 443 3670 442
14911 4 2 1 1 3696 493 494 477
14912 4 2 1 1 1044 4876 4746 4986
14913 4 2 1 1 3753 4348 3750 5005
14914 4 2 1 1 87 2776 2774 4853
14915 4 2 1 1 3275 4972 3211 5043
14916 4 2 1 1 3518 327 3497 3492
14917 4 2 1 1 1521 1522 1520 5007
14918 4 2 1 1 3525 315 331 3526
14919 4 2 1 1 1408 827 988 4923
14920 4 2 1 1 241 3568 247 4633
14921 4 2 1 1 3895 4450 4252 4870
14922 4 2 1 1 3409 268 278 4501
14923 4 2 1 1 3895 4210 4450 4870
14924 4 2 1 1 309 4438 4141 4574
14925 4 2 1 1 350 351 4406 4826
14926 4 2 1 1 1566 1549 1551 5045
14927 4 2 1 1 353 3551 3550 364
14928 4 2 1 1 276 3406 260 4387
14929 4 2 1 1 3509 3510 3480 3506
14930 4 2 1 1 3428 3454 3457 3458
14931 4 2 1 1 259 3425 257 4501
14932 4 2 1 1 268 257 3425 4501
14933 4 2 1 1 4031 4145 3920 4314
14934 4 2 1 1 2286 2092 2287 4179
14935 4 2 1 1 351 3545 3540 3532
14936 4 2 1 1 3550 364 4163 4815
14937 4 2 1 1 1019 4519 4959 5006
14938 4 2 1 1 3456 3430 299 3431
14939 4 2 1 1 3481 334 3507 3509
14940 4 2 1 1 2202 18 4741 4929
14941 4 2 1 1 3753 3750 503 5005
14942 4 2 1 1 1228 4477 4332 5007
14943 4 2 1 1 3546 3548 366 4860
14944 4 2 1 1 118 3605 401 4664
14945 4 2 1 1 29 4902 4397 4928
14946 4 2 1 1 4184 4225 4001 4412
14947 4 2 1 1 4222 4260 4076 4687
14948 4 2 1 1 3699 3726 3689 3802
14949 4 2 1 1 1526 4332 395 5007
14950 4 2 1 1 272 3416 4202 4538
14951 4 2 1 1 4519 4986 1013 5069
14952 4 2 1 1 2346 2489 2490 4684
14953 4 2 1 1 3872 3828 4440 4995
14954 4 2 1 1 3858 4004 4586 5060
14955 4 2 1 1 2463 349 2464 4406
14956 4 2 1 1 2190 2191 1946 5066
14957 4 2 1 1 195 3395 196 5039
14958 4 2 1 1 3959 4141 3917 4438
14959 4 2 1 1 3895 4252 4210 4870
14960 4 2 1 1 3509 3480 319 3506
14961 4 2 1 1 4546 4707 865 5071
14962 4 2 1 1 3462 3436 302 3455
14963 4 2 1 1 2349 2481 2482 4591
14964 4 2 1 1 20 3716 3694 3729
14965 4 2 1 1 3589 3624 120 3611
14966 4 2 1 1 30 3768 3743 3781
14967 4 2 1 1 36 3663 3637 3650
14968 4 2 1 1 301 285 286 3436
14969 4 2 1 1 3742 3773 3752 513
14970 4 2 1 1 3689 3717 3726 495
14971 4 2 1 1 444 3647 3668 3642
14972 4 2 1 1 3616 409 3595 3590
14973 4 2 1 1 4472 4526 3459 4574
14974 4 2 1 1 4426 4580 4266 4981
14975 4 2 1 1 4191 4307 3495 4715
14976 4 2 1 1 27 22 3630 4665
14977 4 2 1 1 15 3694 470 4254
14978 4 2 1 1 213 4083 2073 4300
14979 4 2 1 1 1372 1370 1373 4799
14980 4 2 1 1 3889 3983 4274 5016
14981 4 2 1 1 48 86 444 4780
14982 4 2 1 1 1523 1524 1522 5007
14983 4 2 1 1 3439 294 310 3472
14984 4 2 1 1 3524 330 314 3517
14985 4 2 1 1 504 4319 3753 5005
14986 4 2 1 1 226 3958 227 4539
14987 4 2 1 1 4076 4532 4222 4687
14988 4 2 1 1 3429 3436 3437 3455
14989 4 2 1 1 3515 3514 3508 3482
14990 4 2 1 1 2240 2425 2242 3873
14991 4 2 1 1 29 4928 4397 5015
14992 4 2 1 1 3674 449 433 3671
14993 4 2 1 1 415 431 3619 3622
14994 4 2 1 1 4017 4784 4783 4811
14995 4 2 1 1 4583 4837 4034 5033
14996 4 2 1 1 3765 3745 3764 3770
14997 4 2 1 1 4172 4173 3926 5020
14998 4 2 1 1 34 4561 479 4879
14999 4 2 1 1 1337 1338 1164 4479
15000 4 2 1 1 1196 1197 1664 5081
15001 4 2 1 1 3540 3535 3553 3534
15002 4 2 1 1 4327 4400 4112 4978
15003 4 2 1 1 4027 4201 4128 4825
15004 4 2 1 1 2361 4291 2474 5017
15005 4 2 1 1 1974 1976 1978 4915
15006 4 2 1 1 3876 4173 4014 5027
15007 4 2 1 1 3876 4077 3961 5027
15008 4 2 1 1 4095 4565 4174 4705
15009 4 2 1 1 4216 4421 390 4643
15010 4 2 1 1 3533 3536 3537 3550
15011 4 2 1 1 4031 4531 4339 4584
15012 4 2 1 1 3921 4145 3939 5021
15013 4 2 1 1 2734 4625 2439 5049
15014 4 2 1 1 3647 445 461 3643
15015 4 2 1 1 3774 514 498 3778
15016 4 2 1 1 3726 3722 480 496
15017 4 2 1 1 4483 4804 4021 4934
15018 4 2 1 1 1916 2482 2481 4591
15019 4 2 1 1 4247 4582 372 4948
15020 4 2 1 1 396 1536 1537 1535
15021 4 2 1 1 1328 48 49 4759
15022 4 2 1 1 362 361 3540 3553
15023 4 2 1 1 1060 1301 1307 4856
15024 4 2 1 1 3044 2891 3094 4963
15025 4 2 1 1 4001 4184 244 4225
15026 4 2 1 1 363 352 3551 3545
15027 4 2 1 1 2381 2088 2380 4944
15028 4 2 1 1 3413 3414 267 4815
15029 4 2 1 1 3411 4391 3410 4501
15030 4 2 1 1 270 3873 3426 4418
15031 4 2 1 1 3495 258 4191 4715
15032 4 2 1 1 268 3529 257 4501
15033 4 2 1 1 4005 4544 4199 4770
15034 4 2 1 1 395 4477 4476 4945
15035 4 2 1 1 3435 3447 3448 4263
15036 4 2 1 1 2285 2076 2092 4179
15037 4 2 1 1 2487 1832 2357 4714
15038 4 2 1 1 282 3430 3449 4263
15039 4 2 1 1 3962 4136 4037 4479
15040 4 2 1 1 255 3422 248 4436
15041 4 2 1 1 381 1818 1869 4750
15042 4 2 1 1 304 4274 3469 4387
15043 4 2 1 1 4141 4472 309 4574
15044 4 2 1 1 248 3422 250 4436
15045 4 2 1 1 3668 3649 117 3642
15046 4 2 1 1 3773 3754 13 3742
15047 4 2 1 1 3717 3701 33 3689
15048 4 2 1 1 4040 4873 4817 4875
15049 4 2 1 1 3274 3210 3211 4972
15050 4 2 1 1 4212 4213 4076 4260
15051 4 2 1 1 3500 263 316 4253
15052 4 2 1 1 2403 2303 2639 4412
15053 4 2 1 1 4008 4112 4327 4400
15054 4 2 1 1 3791 535 534 3792
15055 4 2 1 1 3789 531 532 3790
15056 4 2 1 1 914 1386 906 4707
15057 4 2 1 1 1378 1377 1028 5006
15058 4 2 1 1 4141 4438 3959 4574
15059 4 2 1 1 2448 2449 2447 4448
15060 4 2 1 1 4168 4565 4095 4613
15061 4 2 1 1 4418 4826 3542 5000
15062 4 2 1 1 4504 4034 4837 5033
15063 4 2 1 1 3452 249 248 281
15064 4 2 1 1 253 3381 250 4436
15065 4 2 1 1 300 283 3431 299
15066 4 2 1 1 371 3995 4269 4904
15067 4 2 1 1 4013 4646 4295 4658
15068 4 2 1 1 3042 4334 3014 4809
15069 4 2 1 1 366 355 3535 3533
15070 4 2 1 1 3736 37 4781 4884
15071 4 2 1 1 2319 2316 2317 4383
15072 4 2 1 1 4008 4203 4112 4400
15073 4 2 1 1 3990 4331 4330 4380
15074 4 2 1 1 4106 4196 3857 4514
15075 4 2 1 1 3716 3700 470 3694
15076 4 2 1 1 3743 3768 504 3753
15077 4 2 1 1 435 3637 3663 3648
15078 4 2 1 1 166 3371 211 4565
15079 4 2 1 1 3625 413 3612 429
15080 4 2 1 1 3651 464 448 3664
15081 4 2 1 1 3782 517 501 3769
15082 4 2 1 1 4285 4646 4013 4658
15083 4 2 1 1 3428 300 285 284
15084 4 2 1 1 2439 2635 2553 5049
15085 4 2 1 1 3466 3437 3434 3463
15086 4 2 1 1 3515 3518 3512 3489
15087 4 2 1 1 1871 4165 2633 4383
15088 4 2 1 1 3418 230 231 4614
15089 4 2 1 1 4004 3858 4586 4872
15090 4 2 1 1 4163 4538 3857 4815
15091 4 2 1 1 4113 3942 4173 5020
15092 4 2 1 1 4233 3935 4525 4621
15093 4 2 1 1 40 2780 128 4762
15094 4 2 1 1 308 4472 4141 5016
15095 4 2 1 1 3461 3433 3456 3459
15096 4 2 1 1 3485 3507 3513 3511
15097 4 2 1 1 2453 2452 2451 5000
15098 4 2 1 1 3315 3362 3241 4298
15099 4 2 1 1 2465 4406 2466 4766
15100 4 2 1 1 92 531 194 4152
15101 4 2 1 1 1299 1301 1060 4856
15102 4 2 1 1 486 3716 19 4279
15103 4 2 1 1 255 3383 254 4436
15104 4 2 1 1 3459 3465 4472 4574
15105 4 2 1 1 127 2780 119 4762
15106 4 2 1 1 249 3479 251 4387
15107 4 2 1 1 168 4881 4309 4913
15108 4 2 1 1 320 336 337 3531
15109 4 2 1 1 4037 4193 1304 4479
15110 4 2 1 1 3537 4593 3873 4704
15111 4 2 1 1 4112 4400 4203 4978
15112 4 2 1 1 3486 3523 3518 3512
15113 4 2 1 1 3466 3434 3445 3460
15114 4 2 1 1 451 3663 39 4268
15115 4 2 1 1 20 2752 116 4781
15116 4 2 1 1 4319 4348 3977 4540
15117 4 2 1 1 3888 4590 4153 5032
15118 4 2 1 1 3431 3456 3433 3457
15119 4 2 1 1 3509 3485 3481 3483
15120 4 2 1 1 2695 1978 4428 4915
15121 4 2 1 1 3452 299 300 3478
15122 4 2 1 1 3565 3572 3571 3576
15123 4 2 1 1 115 2752 37 4781
15124 4 2 1 1 4352 4775 216 4988
15125 4 2 1 1 4216 4398 3571 4932
15126 4 2 1 1 202 3394 203 5074
15127 4 2 1 1 4137 4519 3982 4986
15128 4 2 1 1 1133 1244 1137 4948
15129 4 2 1 1 1615 4903 1588 5045
15130 4 2 1 1 409 3595 3621 3616
15131 4 2 1 1 3752 3773 3778 513
15132 4 2 1 1 4332 4338 396 5035
15133 4 2 1 1 2422 2275 2634 4826
15134 4 2 1 1 3446 3439 3433 3472
15135 4 2 1 1 3537 3533 3550 3539
15136 4 2 1 1 297 4387 4206 4526
15137 4 2 1 1 3432 3445 3434 3460
15138 4 2 1 1 3486 3510 3523 3512
15139 4 2 1 1 908 5070 913 5071
15140 4 2 1 1 428 3600 3614 3626
15141 4 2 1 1 3652 3666 463 3678
15142 4 2 1 1 3771 3757 3783 516
15143 4 2 1 1 4274 4276 3983 4387
15144 4 2 1 1 3463 3455 3462 4692
15145 4 2 1 1 3315 3362 4298 4775
15146 4 2 1 1 108 2296 2294 4992
15147 4 2 1 1 3485 3517 3498 3491
15148 4 2 1 1 3465 3439 3472 3459
15149 4 2 1 1 3465 3459 3472 4574
15150 4 2 1 1 3436 3429 302 3455
15151 4 2 1 1 4587 4876 1017 4986
15152 4 2 1 1 4451 4552 4004 5060
15153 4 2 1 1 328 3523 3491 344
15154 4 2 1 1 293 309 3471 3465
15155 4 2 1 1 259 3530 339 4501
15156 4 2 1 1 2423 2580 2244 4826
15157 4 2 1 1 4037 4193 3928 4856
15158 4 2 1 1 1164 1577 4479 4892
15159 4 2 1 1 294 3439 4108 4248
15160 4 2 1 1 120 417 3631 4752
15161 4 2 1 1 2442 4627 4625 5049
15162 4 2 1 1 1408 45 827 4923
15163 4 2 1 1 2179 4998 4997 5050
15164 4 2 1 1 4034 4504 4132 5033
15165 4 2 1 1 3384 188 187 4080
15166 4 2 1 1 222 223 3407 4391
15167 4 2 1 1 3457 3431 300 3428
15168 4 2 1 1 2582 4448 2450 5000
15169 4 2 1 1 334 318 319 3483
15170 4 2 1 1 2815 2828 3978 4309
15171 4 2 1 1 3759 3750 4819 5005
15172 4 2 1 1 2342 2505 2317 4383
15173 4 2 1 1 3575 3576 3570 3564
15174 4 2 1 1 3512 3518 3486 3489
15175 4 2 1 1 3463 3460 3434 3466
15176 4 2 1 1 3570 3565 3561 3559
15177 4 2 1 1 265 3427 272 4918
15178 4 2 1 1 3082 3046 3080 4982
15179 4 2 1 1 2707 178 1935 1934
15180 4 2 1 1 417 401 402 3594
15181 4 2 1 1 3698 487 472 471
15182 4 2 1 1 3560 373 384 3561
15183 4 2 1 1 307 3466 308 5016
15184 4 2 1 1 1722 16 78 4978
15185 4 2 1 1 399 4099 398 4768
15186 4 2 1 1 3488 321 3514 3482
15187 4 2 1 1 494 477 478 3696
15188 4 2 1 1 512 511 3749 528
15189 4 2 1 1 443 458 3670 459
15190 4 2 1 1 2511 4684 2330 4714
15191 4 2 1 1 272 3555 265 4918
15192 4 2 1 1 251 3479 304 4387
15193 4 2 1 1 489 473 3707 490
15194 4 2 1 1 473 3707 3708 3735
15195 4 2 1 1 3920 4108 4031 4248
15196 4 2 1 1 1520 4945 1202 5007
15197 4 2 1 1 3552 3548 3546 4860
15198 4 2 1 1 2707 178 1934 1936
15199 4 2 1 1 1680 4269 1144 4942
15200 4 2 1 1 1722 77 33 4978
15201 4 2 1 1 3435 3449 3430 4263
15202 4 2 1 1 3591 410 426 3601
15203 4 2 1 1 3784 514 498 3774
15204 4 2 1 1 3653 461 445 3643
15205 4 2 1 1 3732 480 3722 496
15206 4 2 1 1 3442 3464 3467 3438
15207 4 2 1 1 3516 3519 3520 3490
15208 4 2 1 1 387 3579 252 4643
15209 4 2 1 1 3197 3195 3214 4794
15210 4 2 1 1 3437 3436 3429 4755
15211 4 2 1 1 4099 4546 4278 4558
15212 4 2 1 1 1472 1470 1473 4200
15213 4 2 1 1 368 369 372 5076
15214 4 2 1 1 3434 3428 3460 3798
15215 4 2 1 1 4348 4819 3750 5005
15216 4 2 1 1 3512 3480 3514 3488
15217 4 2 1 1 1799 1792 4380 4383
15218 4 2 1 1 386 3559 3573 3570
15219 4 2 1 1 299 282 283 3430
15220 4 2 1 1 23 4340 4320 4953
15221 4 2 1 1 1789 1936 178 2343
15222 4 2 1 1 3547 345 3534 3535
15223 4 2 1 1 3443 4314 288 4436
15224 4 2 1 1 310 309 4438 4961
15225 4 2 1 1 4345 4420 4075 4573
15226 4 2 1 1 2197 213 2139 2512
15227 4 2 1 1 263 4191 3424 4361
15228 4 2 1 1 281 297 3448 3449
15229 4 2 1 1 3500 316 332 3501
15230 4 2 1 1 883 52 15 4836
15231 4 2 1 1 3549 267 3550 4815
15232 4 2 1 1 2845 106 2847 4087
15233 4 2 1 1 2384 2379 393 4871
15234 4 2 1 1 249 260 297 4387
15235 4 2 1 1 2437 4198 5049 5078
15236 4 2 1 1 4040 4817 4475 4875
15237 4 2 1 1 3654 449 3671 433
15238 4 2 1 1 431 415 3619 3628
15239 4 2 1 1 503 3785 3776 519
15240 4 2 1 1 3717 3701 3689 3802
15241 4 2 1 1 396 395 4332 4768
15242 4 2 1 1 2468 2557 2563 4999
15243 4 2 1 1 3589 3598 3596 5054
15244 4 2 1 1 1978 1979 4428 4915
15245 4 2 1 1 283 300 3431 284
15246 4 2 1 1 332 3529 268 4501
15247 4 2 1 1 3424 261 258 4191
15248 4 2 1 1 266 3537 353 3873
15249 4 2 1 1 368 1646 1480 1484
15250 4 2 1 1 473 3713 3712 489
15251 4 2 1 1 257 3530 259 4501
15252 4 2 1 1 4197 4198 5077 5078
15253 4 2 1 1 286 302 301 3436
15254 4 2 1 1 3437 3436 3434 3463
15255 4 2 1 1 3514 3515 3512 3489
15256 4 2 1 1 367 4629 1711 5051
15257 4 2 1 1 3407 223 3408 4391
15258 4 2 1 1 3953 4595 4405 4596
15259 4 2 1 1 273 3421 244 4402
15260 4 2 1 1 327 3518 3497 343
15261 4 2 1 1 3791 534 533 4881
15262 4 2 1 1 3454 3457 300 3428
15263 4 2 1 1 3983 4276 4206 4387
15264 4 2 1 1 3727 3700 486 3716
15265 4 2 1 1 3596 432 3622 3611
15266 4 2 1 1 3779 504 3768 3753
15267 4 2 1 1 15 4836 52 4857
15268 4 2 1 1 4077 4260 4222 5027
15269 4 2 1 1 2134 2133 2621 5017
15270 4 2 1 1 4351 4034 4801 4837
15271 4 2 1 1 3512 3480 3506 3514
15272 4 2 1 1 3500 4191 263 4253
15273 4 2 1 1 1441 1439 1440 4945
15274 4 2 1 1 2737 2621 2361 5017
15275 4 2 1 1 3456 3431 3433 3430
15276 4 2 1 1 3485 3481 3507 3509
15277 4 2 1 1 224 4117 331 4212
15278 4 2 1 1 376 4575 247 4633
15279 4 2 1 1 3697 3713 3691 3686
15280 4 2 1 1 3765 3739 3745 3776
15281 4 2 1 1 3582 3593 3613 3608
15282 4 2 1 1 3535 3552 3553 3548
15283 4 2 1 1 3759 503 3750 5005
15284 4 2 1 1 2389 2396 2383 4507
15285 4 2 1 1 4546 4986 4519 5069
15286 4 2 1 1 873 398 4278 4558
15287 4 2 1 1 455 456 440 3657
15288 4 2 1 1 4247 3895 4581 4908
15289 4 2 1 1 3546 366 4514 4860
15290 4 2 1 1 267 3427 265 4918
15291 4 2 1 1 3252 3258 3286 4155
15292 4 2 1 1 3545 351 3540 362
15293 4 2 1 1 4344 4026 4796 4800
15294 4 2 1 1 3549 3550 3546 4815
15295 4 2 1 1 3509 3485 3483 3484
15296 4 2 1 1 3457 3433 3431 3432
15297 4 2 1 1 3574 3563 3570 3573
15298 4 2 1 1 3482 3508 3490 3493
15299 4 2 1 1 3467 3429 3438 3455
15300 4 2 1 1 351 352 362 3545
15301 4 2 1 1 3751 506 522 3739
15302 4 2 1 1 3917 4141 4064 4438
15303 4 2 1 1 4342 4611 4105 4891
15304 4 2 1 1 4274 4276 304 4692
15305 4 2 1 1 250 3453 248 4436
15306 4 2 1 1 2832 2839 99 4088
15307 4 2 1 1 302 303 286 3479
15308 4 2 1 1 2395 2698 2699 4932
15309 4 2 1 1 3509 319 335 3506
15310 4 2 1 1 3470 3466 307 5016
15311 4 2 1 1 4210 4869 4450 4870
15312 4 2 1 1 4798 4799 400 5006
15313 4 2 1 1 1849 2505 2342 4383
15314 4 2 1 1 4503 38 4914 5079
15315 4 2 1 1 2289 2304 2293 4992
15316 4 2 1 1 3536 3533 354 3546
15317 4 2 1 1 3576 3565 3570 3564
15318 4 2 1 1 377 387 3575 388
15319 4 2 1 1 1146 1169 371 4942
15320 4 2 1 1 3514 321 320 337
15321 4 2 1 1 3914 4742 4301 4949
15322 4 2 1 1 4198 4458 4197 5077
15323 4 2 1 1 3538 3550 3552 3539
15324 4 2 1 1 3446 3473 311 3472
15325 4 2 1 1 3534 2686 2468 4999
15326 4 2 1 1 4202 4625 2638 4627
15327 4 2 1 1 3315 3327 3362 4775
15328 4 2 1 1 533 4309 168 4881
15329 4 2 1 1 4247 4581 4210 4582
15330 4 2 1 1 240 230 3418 4614
15331 4 2 1 1 2561 3534 114 4999
15332 4 2 1 1 252 3421 274 4402
15333 4 2 1 1 439 440 455 3632
15334 4 2 1 1 3480 320 319 3506
15335 4 2 1 1 3548 3553 3535 3547
15336 4 2 1 1 3489 3486 3512 3488
15337 4 2 1 1 1199 4945 4477 5007
15338 4 2 1 1 4079 4371 3927 4974
15339 4 2 1 1 1472 1473 1474 4200
15340 4 2 1 1 321 3508 3514 3482
15341 4 2 1 1 3485 3510 3517 3484
15342 4 2 1 1 3432 3458 3433 3439
15343 4 2 1 1 2276 2452 2453 5000
15344 4 2 1 1 3013 3008 3014 4809
15345 4 2 1 1 4729 4730 4622 5054
15346 4 2 1 1 1360 4959 4519 5069
15347 4 2 1 1 2663 2517 2516 4198
15348 4 2 1 1 282 3449 281 4263
15349 4 2 1 1 1832 2506 1799 4383
15350 4 2 1 1 4687 5009 4222 5027
15351 4 2 1 1 2350 1899 2530 4925
15352 4 2 1 1 92 4152 194 4688
15353 4 2 1 1 3533 3536 3550 3546
15354 4 2 1 1 2845 2834 106 4087
15355 4 2 1 1 267 4538 3427 4918
15356 4 2 1 1 1238 4296 4338 5035
15357 4 2 1 1 348 2459 2455 5000
15358 4 2 1 1 2306 2305 2301 4677
15359 4 2 1 1 3442 3467 3441 3438
15360 4 2 1 1 3519 3520 3490 3493
15361 4 2 1 1 3708 3707 11 3735
15362 4 2 1 1 1029 5069 1245 5070
15363 4 2 1 1 3872 4137 3982 4587
15364 4 2 1 1 3557 3541 264 3544
15365 4 2 1 1 1849 1799 2506 4383
15366 4 2 1 1 346 4418 3542 5000
15367 4 2 1 1 2280 2048 2215 4635
15368 4 2 1 1 288 3453 250 4436
15369 4 2 1 1 1019 4798 4519 5006
15370 4 2 1 1 3467 4274 304 4692
15371 4 2 1 1 2385 2088 2382 4944
15372 4 2 1 1 4251 4682 4109 4901
15373 4 2 1 1 3507 3513 3527 3487
15374 4 2 1 1 3475 3461 3435 3456
15375 4 2 1 1 3765 3745 3770 3776
15376 4 2 1 1 3593 3613 3586 3582
15377 4 2 1 1 3724 3691 3713 3719
15378 4 2 1 1 497 3742 3752 513
15379 4 2 1 1 3621 425 409 3616
15380 4 2 1 1 3435 3448 3449 4263
15381 4 2 1 1 270 269 3873 4704
15382 4 2 1 1 3509 334 319 3483
15383 4 2 1 1 3766 3774 3747 3740
15384 4 2 1 1 3583 3588 3617 3609
15385 4 2 1 1 4393 4414 3560 4497
15386 4 2 1 1 3305 4083 213 4300
15387 4 2 1 1 248 281 255 4436
15388 4 2 1 1 362 363 352 3557
15389 4 2 1 1 425 28 3616 4970
15390 4 2 1 1 1723 79 30 4886
15391 4 2 1 1 3545 352 3551 3532
15392 4 2 1 1 4233 4778 4023 4821
15393 4 2 1 1 3424 263 262 4191
15394 4 2 1 1 3857 4163 4815 4860
15395 4 2 1 1 1476 1474 1473 4200
15396 4 2 1 1 3464 3437 3455 3438
15397 4 2 1 1 3490 3508 3515 3516
15398 4 2 1 1 4077 4079 4010 4260
15399 4 2 1 1 1723 17 80 4886
15400 4 2 1 1 277 3425 259 4501
15401 4 2 1 1 2731 2093 2639 4412
15402 4 2 1 1 2647 4915 2695 4998
15403 4 2 1 1 4210 4247 3895 4581
15404 4 2 1 1 3427 4538 272 4918
15405 4 2 1 1 1996 1997 1998 5017
15406 4 2 1 1 288 4339 4314 4755
15407 4 2 1 1 3435 3461 3473 3446
15408 4 2 1 1 3487 3525 3498 3513
15409 4 2 1 1 258 261 3387 4191
15410 4 2 1 1 303 286 3429 302
15411 4 2 1 1 4036 4752 4255 4878
15412 4 2 1 1 3512 3523 3518 5004
15413 4 2 1 1 4064 4141 3917 4578
15414 4 2 1 1 2133 2526 2002 5017
15415 4 2 1 1 3949 4748 4393 5066
15416 4 2 1 1 288 4314 3441 4755
15417 4 2 1 1 4039 4824 4597 4887
15418 4 2 1 1 2580 4406 2244 4826
15419 4 2 1 1 438 3660 3659 454
15420 4 2 1 1 3557 352 351 3544
15421 4 2 1 1 397 1588 4903 5045
15422 4 2 1 1 2645 1974 1978 4915
15423 4 2 1 1 368 4200 4301 4493
15424 4 2 1 1 4136 4904 1612 4905
15425 4 2 1 1 400 4519 4137 4798
15426 4 2 1 1 295 3447 3473 3446
15427 4 2 1 1 4752 4877 4255 4878
15428 4 2 1 1 4153 3982 4746 4876
15429 4 2 1 1 524 508 3764 507
15430 4 2 1 1 3437 3464 3455 3463
15431 4 2 1 1 3515 3490 3489 3482
15432 4 2 1 1 4005 4199 4638 4770
15433 4 2 1 1 3510 3485 3517 3511
15434 4 2 1 1 3439 3458 3433 3459
15435 4 2 1 1 1997 2000 1998 5017
15436 4 2 1 1 4206 4276 3983 4526
15437 4 2 1 1 1981 4428 4997 4998
15438 4 2 1 1 4131 4525 3935 4621
15439 4 2 1 1 3735 473 3707 489
15440 4 2 1 1 1971 1992 228 4915
15441 4 2 1 1 2360 2001 2359 5017
15442 4 2 1 1 2384 2522 4871 4944
15443 4 2 1 1 3066 3069 3067 4312
15444 4 2 1 1 4131 3935 4557 4621
15445 4 2 1 1 4426 4474 3910 4580
15446 4 2 1 1 287 303 3429 3441
15447 4 2 1 1 3508 322 338 3519
15448 4 2 1 1 356 3547 110 4459
15449 4 2 1 1 3791 165 167 3792
15450 4 2 1 1 2584 4432 4202 4627
15451 4 2 1 1 4145 4314 4031 4755
15452 4 2 1 1 4597 4824 4128 4894
15453 4 2 1 1 3635 458 3670 442
15454 4 2 1 1 527 3749 3740 511
15455 4 2 1 1 493 3687 477 3696
15456 4 2 1 1 2726 2385 4421 4944
15457 4 2 1 1 4237 4546 4519 5069
15458 4 2 1 1 2468 2563 2564 4766
15459 4 2 1 1 3876 4014 4077 5027
15460 4 2 1 1 3433 4263 3430 4584
15461 4 2 1 1 4108 4248 3439 4531
15462 4 2 1 1 4031 4339 4314 4436
15463 4 2 1 1 2336 2357 1865 4714
15464 4 2 1 1 4468 4525 4131 4862
15465 4 2 1 1 363 352 353 3551
15466 4 2 1 1 3651 3677 3664 3801
15467 4 2 1 1 3700 470 486 3716
15468 4 2 1 1 520 504 3768 3779
15469 4 2 1 1 1615 1614 4903 5045
15470 4 2 1 1 3427 267 279 4538
15471 4 2 1 1 3042 3014 3008 4809
15472 4 2 1 1 3464 3470 3476 4692
15473 4 2 1 1 2685 2396 2389 4507
15474 4 2 1 1 3079 3078 3077 4706
15475 4 2 1 1 3433 3472 3461 3446
15476 4 2 1 1 2093 2291 2403 4412
15477 4 2 1 1 29 3768 4928 5015
15478 4 2 1 1 4099 4558 4426 4981
15479 4 2 1 1 338 337 321 3508
15480 4 2 1 1 321 337 338 3531
15481 4 2 1 1 3874 4072 4438 4961
15482 4 2 1 1 3551 3532 3552 3545
15483 4 2 1 1 4330 4554 383 4633
15484 4 2 1 1 317 332 3501 333
15485 4 2 1 1 281 282 298 3449
15486 4 2 1 1 2076 2078 4083 4179
15487 4 2 1 1 227 4428 4123 4539
15488 4 2 1 1 225 3877 3279 4539
15489 4 2 1 1 239 3789 203 3790
15490 4 2 1 1 3420 245 242 4633
15491 4 2 1 1 3687 477 476 493
15492 4 2 1 1 3446 295 3447 4248
15493 4 2 1 1 3035 190 4745 4958
15494 4 2 1 1 47 3589 416 5054
15495 4 2 1 1 3587 3584 3610 3615
15496 4 2 1 1 3688 3692 3721 3715
15497 4 2 1 1 3421 4402 252 4643
15498 4 2 1 1 1168 1673 1676 4269
15499 4 2 1 1 473 3712 490 489
15500 4 2 1 1 228 3355 3127 4915
15501 4 2 1 1 4032 4307 4191 4715
15502 4 2 1 1 4206 4387 4276 4526
15503 4 2 1 1 3552 3533 3550 3546
15504 4 2 1 1 319 335 320 3504
15505 4 2 1 1 3313 3311 4611 4821
15506 4 2 1 1 3444 3438 3450 4755
15507 4 2 1 1 3538 3537 353 3550
15508 4 2 1 1 4233 4342 3935 4621
15509 4 2 1 1 266 3543 264 3873
15510 4 2 1 1 2214 1962 2215 4939
15511 4 2 1 1 2487 2357 2325 4714
15512 4 2 1 1 2435 4616 4554 4823
15513 4 2 1 1 266 3426 269 3873
15514 4 2 1 1 1628 4136 4358 4904
15515 4 2 1 1 260 3474 297 4206
15516 4 2 1 1 2828 2829 2815 3978
15517 4 2 1 1 4206 3459 4526 4574
15518 4 2 1 1 4210 3895 4450 4581
15519 4 2 1 1 1526 1528 395 4332
15520 4 2 1 1 334 317 318 3481
15521 4 2 1 1 3939 4108 3992 4961
15522 4 2 1 1 475 490 491 3734
15523 4 2 1 1 2674 4406 3873 4826
15524 4 2 1 1 3579 3567 243 3578
15525 4 2 1 1 2244 2425 2422 4826
15526 4 2 1 1 3451 249 3452 3477
15527 4 2 1 1 3479 249 3451 3477
15528 4 2 1 1 4079 4260 4077 5027
15529 4 2 1 1 531 4087 532 4111
15530 4 2 1 1 221 3227 3228 4442
15531 4 2 1 1 1368 4137 4798 4799
15532 4 2 1 1 3595 3597 3623 3616
15533 4 2 1 1 3752 3780 3773 3754
15534 4 2 1 1 508 3764 3738 3737
15535 4 2 1 1 390 4421 4216 4507
15536 4 2 1 1 3889 4141 4053 4574
15537 4 2 1 1 4117 4212 224 4391
15538 4 2 1 1 2319 2317 2505 4383
15539 4 2 1 1 3627 3588 3600 3615
15540 4 2 1 1 3704 3721 3705 3693
15541 4 2 1 1 3772 3758 3783 3747
15542 4 2 1 1 2526 1996 2002 5017
15543 4 2 1 1 336 320 335 3504
15544 4 2 1 1 3375 180 3374 4634
15545 4 2 1 1 3070 3071 3083 4553
15546 4 2 1 1 2088 2381 2682 4944
15547 4 2 1 1 320 336 3531 3504
15548 4 2 1 1 3541 264 3554 3557
15549 4 2 1 1 3550 3538 3537 3539
15550 4 2 1 1 213 2197 1935 2512
15551 4 2 1 1 2395 2699 2389 4932
15552 4 2 1 1 3550 3546 4815 4860
15553 4 2 1 1 3501 333 332 3527
15554 4 2 1 1 298 297 3449 3475
15555 4 2 1 1 2088 2682 2382 4944
15556 4 2 1 1 221 3228 222 4442
15557 4 2 1 1 167 2810 535 4088
15558 4 2 1 1 3544 264 3557 3543
15559 4 2 1 1 278 268 3425 4501
15560 4 2 1 1 3771 3747 3767 3772
15561 4 2 1 1 3587 3584 3615 3588
15562 4 2 1 1 3721 3693 3692 3688
15563 4 2 1 1 321 320 337 3531
15564 4 2 1 1 3480 3486 3510 3484
15565 4 2 1 1 3428 3458 3432 3460
15566 4 2 1 1 3420 247 246 4633
15567 4 2 1 1 312 4053 3473 4206
15568 4 2 1 1 3455 3464 3467 4692
15569 4 2 1 1 1528 1529 1530 4332
15570 4 2 1 1 300 3428 285 3454
15571 4 2 1 1 3384 3385 4080 4191
15572 4 2 1 1 308 4578 4064 5021
15573 4 2 1 1 3482 322 3508 3493
15574 4 2 1 1 3467 303 3429 3455
15575 4 2 1 1 476 3710 492 3709
15576 4 2 1 1 2815 4309 3978 4913
15577 4 2 1 1 3745 3764 3744 3738
15578 4 2 1 1 3659 3639 3633 3638
15579 4 2 1 1 3764 507 3739 523
15580 4 2 1 1 3580 3587 3584 3606
15581 4 2 1 1 3632 3658 3666 3636
15582 4 2 1 1 3763 3737 3767 3771
15583 4 2 1 1 3692 3684 3711 3688
15584 4 2 1 1 3463 3437 3436 3455
15585 4 2 1 1 3514 3489 3482 3515
15586 4 2 1 1 2114 213 2139 2197
15587 4 2 1 1 3928 4362 3841 4408
15588 4 2 1 1 4008 4400 4327 4951
15589 4 2 1 1 3432 3434 3428 3460
15590 4 2 1 1 3512 3486 3510 3480
15591 4 2 1 1 3559 3570 3563 3573
15592 4 2 1 1 4210 4581 4450 4869
15593 4 2 1 1 3424 4191 258 4715
15594 4 2 1 1 3676 3648 3663 3650
15595 4 2 1 1 3624 3596 3589 3598
15596 4 2 1 1 3702 3694 3700 3729
15597 4 2 1 1 3781 3753 3743 3755
15598 4 2 1 1 3459 4206 3472 4574
15599 4 2 1 1 378 388 389 3579
15600 4 2 1 1 4031 4263 4531 4584
15601 4 2 1 1 2798 4569 4087 4676
15602 4 2 1 1 466 3705 3704 3731
15603 4 2 1 1 311 3473 312 4053
15604 4 2 1 1 2815 2829 2824 3978
15605 4 2 1 1 3429 3441 3438 4755
15606 4 2 1 1 295 4108 4066 4248
15607 4 2 1 1 361 350 351 3540
15608 4 2 1 1 3534 2468 4766 4999
15609 4 2 1 1 3566 243 3567 3577
15610 4 2 1 1 402 3608 419 418
15611 4 2 1 1 3453 286 287 3479
15612 4 2 1 1 3683 3655 32 3681
15613 4 2 1 1 379 4256 4181 4823
15614 4 2 1 1 436 437 3655 3683
15615 4 2 1 1 221 222 4391 4442
15616 4 2 1 1 352 3538 3551 3532
15617 4 2 1 1 3431 300 299 3457
15618 4 2 1 1 340 221 4532 5010
15619 4 2 1 1 3990 4684 4331 4714
15620 4 2 1 1 3910 4475 4474 4498
15621 4 2 1 1 1606 5070 5069 5071
15622 4 2 1 1 3386 262 263 4191
15623 4 2 1 1 320 335 319 3506
15624 4 2 1 1 1693 4358 1171 4942
15625 4 2 1 1 3313 3310 3311 4821
15626 4 2 1 1 906 4237 5070 5071
15627 4 2 1 1 2824 2815 3978 4913
15628 4 2 1 1 275 3423 251 4387
15629 4 2 1 1 2674 3873 2425 4826
15630 4 2 1 1 3609 3588 3584 3583
15631 4 2 1 1 3687 3721 3714 3688
15632 4 2 1 1 1677 1168 1676 4269
15633 4 2 1 1 3550 4815 4163 4860
15634 4 2 1 1 906 399 4237 5071
15635 4 2 1 1 3841 3928 4408 4856
15636 4 2 1 1 303 287 286 3479
15637 4 2 1 1 3436 302 301 3462
15638 4 2 1 1 2462 2459 349 4826
15639 4 2 1 1 3744 3738 3764 3737
15640 4 2 1 1 3632 3659 3633 3638
15641 4 2 1 1 3567 3579 243 3568
15642 4 2 1 1 2133 2002 2621 5017
15643 4 2 1 1 4076 4212 4391 4501
15644 4 2 1 1 3857 4514 4196 4860
15645 4 2 1 1 168 4565 4881 4913
15646 4 2 1 1 113 2222 2510 4694
15647 4 2 1 1 3608 3582 3593 3594
15648 4 2 1 1 3776 3739 3751 3765
15649 4 2 1 1 3698 3713 3697 3686
15650 4 2 1 1 3671 3634 3646 3660
15651 4 2 1 1 3385 188 3384 4080
15652 4 2 1 1 3543 265 3557 3556
15653 4 2 1 1 527 511 3761 528
15654 4 2 1 1 443 442 458 3656
15655 4 2 1 1 249 297 281 3478
15656 4 2 1 1 3552 3538 3532 3551
15657 4 2 1 1 2336 2325 2357 4714
15658 4 2 1 1 4301 4493 4200 4756
15659 4 2 1 1 3721 3704 3705 3731
15660 4 2 1 1 3600 3626 3627 3615
15661 4 2 1 1 3757 3783 3758 3747
15662 4 2 1 1 4405 4577 3988 4911
15663 4 2 1 1 227 3958 4428 4539
15664 4 2 1 1 4224 4493 4043 5051
15665 4 2 1 1 419 3582 402 403
15666 4 2 1 1 442 458 441 3635
15667 4 2 1 1 378 377 388 3579
15668 4 2 1 1 9 3788 3762 3786
15669 4 2 1 1 3788 3760 9 3762
15670 4 2 1 1 3655 437 438 3683
15671 4 2 1 1 335 320 336 3506
15672 4 2 1 1 3888 4153 4099 5032
15673 4 2 1 1 399 395 396 4768
15674 4 2 1 1 4137 3982 4587 4986
15675 4 2 1 1 3563 3575 3570 3564
15676 4 2 1 1 3587 3615 3600 3588
15677 4 2 1 1 3692 3693 3721 3704
15678 4 2 1 1 3772 3783 3771 3747
15679 4 2 1 1 2236 2532 4418 5000
15680 4 2 1 1 387 377 3575 376
15681 4 2 1 1 215 216 4019 4775
15682 4 2 1 1 4269 4904 1167 4942
15683 4 2 1 1 3504 3529 257 3503
15684 4 2 1 1 2361 2001 2360 5017
15685 4 2 1 1 3530 338 3531 3505
15686 4 2 1 1 506 3760 3787 507
15687 4 2 1 1 3480 3510 3509 3484
15688 4 2 1 1 3457 3428 3458 3432
15689 4 2 1 1 3990 4331 4380 4714
15690 4 2 1 1 281 298 3452 3478
15691 4 2 1 1 438 3659 455 454
15692 4 2 1 1 4359 4486 3991 4972
15693 4 2 1 1 4622 4730 416 5054
15694 4 2 1 1 3702 471 487 3698
15695 4 2 1 1 3594 417 401 3598
15696 4 2 1 1 43 820 25 4540
15697 4 2 1 1 334 333 317 3481
15698 4 2 1 1 3430 298 299 282
15699 4 2 1 1 3473 311 295 3446
15700 4 2 1 1 4064 4438 309 4961
15701 4 2 1 1 4031 4248 4108 4531
15702 4 2 1 1 354 365 3536 3546
15703 4 2 1 1 2831 2839 4088 4594
15704 4 2 1 1 266 264 3426 3873
15705 4 2 1 1 512 3749 3780 528
15706 4 2 1 1 494 3701 3696 478
15707 4 2 1 1 443 3670 3675 459
15708 4 2 1 1 3638 3651 3664 3801
15709 4 2 1 1 2639 2093 2403 4412
15710 4 2 1 1 3882 4066 3992 4108
15711 4 2 1 1 535 534 536 4088
15712 4 2 1 1 534 535 533 4088
15713 4 2 1 1 45 1408 24 4923
15714 4 2 1 1 3537 3873 266 4704
15715 4 2 1 1 4095 4613 4565 4705
15716 4 2 1 1 3753 4319 4348 5005
15717 4 2 1 1 264 3426 3873 4826
15718 4 2 1 1 3995 4904 4136 4905
15719 4 2 1 1 3688 3711 3692 3715
15720 4 2 1 1 3610 3584 3587 3606
15721 4 2 1 1 3658 3666 3636 3662
15722 4 2 1 1 3549 3536 365 3546
15723 4 2 1 1 906 4707 399 5071
15724 4 2 1 1 3983 4206 4472 4574
15725 4 2 1 1 3464 3455 3467 3438
15726 4 2 1 1 3490 3519 3508 3516
15727 4 2 1 1 111 3560 2496 4497
15728 4 2 1 1 286 303 3429 287
15729 4 2 1 1 2380 4871 2522 4944
15730 4 2 1 1 3466 3460 3445 3471
15731 4 2 1 1 3518 3497 3523 3486
15732 4 2 1 1 298 282 281 3452
15733 4 2 1 1 3579 378 377 3568
15734 4 2 1 1 243 3578 3567 3577
15735 4 2 1 1 3600 428 3614 412
15736 4 2 1 1 4053 4062 3889 4206
15737 4 2 1 1 264 3541 3554 3794
15738 4 2 1 1 1531 1530 396 1532
15739 4 2 1 1 4474 4475 3910 4580
15740 4 2 1 1 3582 3607 419 3608
15741 4 2 1 1 400 4798 4137 4799
15742 4 2 1 1 4546 4746 3982 4986
15743 4 2 1 1 335 334 319 3509
15744 4 2 1 1 221 4442 4391 4532
15745 4 2 1 1 2684 4507 2385 4944
15746 4 2 1 1 283 282 299 3452
15747 4 2 1 1 227 4123 3412 4539
15748 4 2 1 1 4014 4079 4077 5027
15749 4 2 1 1 3745 3764 3770 3744
15750 4 2 1 1 3670 3635 3669 3661
15751 4 2 1 1 3766 3775 3774 3740
15752 4 2 1 1 3078 3079 184 4706
15753 4 2 1 1 3534 3535 3553 3547
15754 4 2 1 1 2700 4179 2402 4992
15755 4 2 1 1 3587 3614 412 3600
15756 4 2 1 1 3505 3531 256 3504
15757 4 2 1 1 3774 3747 3772 3766
15758 4 2 1 1 3695 3721 3687 3693
15759 4 2 1 1 3588 3615 3617 3609
15760 4 2 1 1 2458 4826 2634 5000
15761 4 2 1 1 2092 2286 2285 4179
15762 4 2 1 1 4053 4141 3959 4574
15763 4 2 1 1 4035 4432 4202 4997
15764 4 2 1 1 4109 4682 4348 4819
15765 4 2 1 1 3983 4053 3889 4206
15766 4 2 1 1 4191 4253 4032 4361
15767 4 2 1 1 2001 2000 2359 5017
15768 4 2 1 1 4174 4565 3978 4881
15769 4 2 1 1 2798 2833 4087 4569
15770 4 2 1 1 2511 1865 4684 4714
15771 4 2 1 1 2543 2413 2596 4459
15772 4 2 1 1 3622 3620 3594 3624
15773 4 2 1 1 3672 3646 3674 3676
15774 4 2 1 1 3753 3777 3751 3755
15775 4 2 1 1 3698 3729 3727 3725
15776 4 2 1 1 3465 3472 310 4574
15777 4 2 1 1 3559 3570 3565 3564
15778 4 2 1 1 3623 3618 3592 3595
15779 4 2 1 1 3649 3647 3670 3644
15780 4 2 1 1 1441 1440 1442 4945
15781 4 2 1 1 3770 3745 3782 3785
15782 4 2 1 1 3733 3691 3719 3730
15783 4 2 1 1 3613 3599 3602 3586
15784 4 2 1 1 3684 490 475 474
15785 4 2 1 1 3434 3466 3445 3440
15786 4 2 1 1 3518 3497 3486 3492
15787 4 2 1 1 4153 4587 3872 4876
15788 4 2 1 1 3614 3600 3615 3626
15789 4 2 1 1 3783 3757 3771 3747
15790 4 2 1 1 3494 325 3520 3502
15791 4 2 1 1 3450 3468 290 3442
15792 4 2 1 1 493 476 492 3709
15793 4 2 1 1 2319 2506 2487 4383
15794 4 2 1 1 3624 3594 3596 3598
15795 4 2 1 1 3700 3729 3698 3702
15796 4 2 1 1 3676 3646 3648 3650
15797 4 2 1 1 3777 3753 3781 3755
15798 4 2 1 1 4061 4301 3914 5076
15799 4 2 1 1 3777 3751 3765 3776
15800 4 2 1 1 3713 3698 3697 3725
15801 4 2 1 1 3660 3672 3646 3671
15802 4 2 1 1 3786 3762 9 3761
15803 4 2 1 1 9 3787 3760 3788
15804 4 2 1 1 3314 216 4775 4988
15805 4 2 1 1 333 334 3507 3481
15806 4 2 1 1 298 3430 299 3456
15807 4 2 1 1 507 3764 3739 3738
15808 4 2 1 1 3550 3536 3549 3546
15809 4 2 1 1 250 3422 253 4436
15810 4 2 1 1 3578 392 3577 4421
15811 4 2 1 1 3443 3467 288 3441
15812 4 2 1 1 3521 3493 3519 323
15813 4 2 1 1 211 4565 4174 4881
15814 4 2 1 1 493 3696 494 3723
15815 4 2 1 1 442 443 3670 3644
15816 4 2 1 1 3775 3749 527 528
15817 4 2 1 1 3592 424 423 3618
15818 4 2 1 1 3580 420 3607 3606
15819 4 2 1 1 3632 455 3659 3658
15820 4 2 1 1 3712 3684 490 3711
15821 4 2 1 1 3592 3597 3623 3595
15822 4 2 1 1 3749 3754 3780 3752
15823 4 2 1 1 4136 4358 370 4892
15824 4 2 1 1 441 458 3682 457
15825 4 2 1 1 475 490 3711 491
15826 4 2 1 1 321 3514 320 3488
15827 4 2 1 1 3765 3751 522 3739
15828 4 2 1 1 3660 3646 437 3634
15829 4 2 1 1 472 3713 3698 3686
15830 4 2 1 1 402 3582 3608 3594
15831 4 2 1 1 3671 3646 3674 3672
15832 4 2 1 1 3727 3698 3725 3697
15833 4 2 1 1 3751 3777 3753 3776
15834 4 2 1 1 3470 4692 3466 5016
15835 4 2 1 1 165 3791 167 166
15836 4 2 1 1 353 3543 266 3873
15837 4 2 1 1 3785 3770 3745 3776
15838 4 2 1 1 3586 3613 3593 3602
15839 4 2 1 1 3691 3719 3724 3733
15840 4 2 1 1 3654 3665 3639 3671
15841 4 2 1 1 349 2460 2461 2456
15842 4 2 1 1 357 4538 4202 4918
15843 4 2 1 1 3477 249 3452 3478
15844 4 2 1 1 3451 3453 249 3479
15845 4 2 1 1 3466 4692 4472 5016
15846 4 2 1 1 239 238 3789 240
15847 4 2 1 1 3545 3552 3540 3532
15848 4 2 1 1 534 4088 533 4309
15849 4 2 1 1 491 3711 475 3688
15850 4 2 1 1 3632 3659 3638 3658
15851 4 2 1 1 3607 3612 3580 3606
15852 4 2 1 1 396 1530 1529 4332
15853 4 2 1 1 3468 3469 3467 4274
15854 4 2 1 1 271 3542 346 4418
15855 4 2 1 1 3468 3450 290 3476
15856 4 2 1 1 2633 4165 1792 4383
15857 4 2 1 1 3874 4438 4064 4961
15858 4 2 1 1 3464 3444 3437 3438
15859 4 2 1 1 3522 3515 3516 3490
15860 4 2 1 1 2394 2676 2395 4932
15861 4 2 1 1 2699 2712 2389 4507
15862 4 2 1 1 3914 4301 4061 4949
15863 4 2 1 1 25 3743 504 4319
15864 4 2 1 1 3442 3441 3443 4314
15865 4 2 1 1 3705 482 3732 3731
15866 4 2 1 1 3783 515 3758 3784
15867 4 2 1 1 523 524 3764 507
15868 4 2 1 1 2004 4694 4291 5017
15869 4 2 1 1 1869 380 381 4750
15870 4 2 1 1 399 3982 4237 4546
15871 4 2 1 1 2454 2457 347 5000
15872 4 2 1 1 2505 1849 2506 4383
15873 4 2 1 1 3437 3463 3470 3464
15874 4 2 1 1 3490 3522 3515 3489
15875 4 2 1 1 323 339 3519 3521
15876 4 2 1 1 288 3467 3469 304
15877 4 2 1 1 3429 303 302 3455
15878 4 2 1 1 383 4330 4331 4554
15879 4 2 1 1 3736 493 477 494
15880 4 2 1 1 387 376 3575 3574
15881 4 2 1 1 2804 4087 2805 4111
15882 4 2 1 1 3508 322 321 338
15883 4 2 1 1 3558 3560 3571 3565
15884 4 2 1 1 459 443 458 3656
15885 4 2 1 1 512 3761 511 528
15886 4 2 1 1 322 321 3531 3505
15887 4 2 1 1 3765 523 3764 3739
15888 4 2 1 1 2798 4087 238 4676
15889 4 2 1 1 3748 3775 3749 3740
15890 4 2 1 1 3696 3687 3695 3723
15891 4 2 1 1 3670 3635 3644 3669
15892 4 2 1 1 178 1789 2205 4165
15893 4 2 1 1 3745 3782 3744 3770
15894 4 2 1 1 4096 4336 3916 5043
15895 4 2 1 1 3570 3575 3563 3574
15896 4 2 1 1 1724 81 29 4928
15897 4 2 1 1 39 2775 88 4946
15898 4 2 1 1 3927 4079 4014 4371
15899 4 2 1 1 322 321 338 3531
15900 4 2 1 1 3647 3670 3644 3669
15901 4 2 1 1 9 3786 3761 3793
15902 4 2 1 1 3518 3486 3489 3492
15903 4 2 1 1 3437 3466 3434 3440
15904 4 2 1 1 213 3305 214 4083
15905 4 2 1 1 3429 3467 3438 3441
15906 4 2 1 1 3519 3490 3508 3493
15907 4 2 1 1 3580 420 405 404
15908 4 2 1 1 3658 440 455 456
15909 4 2 1 1 372 371 368 5076
15910 4 2 1 1 3573 3563 3559 3562
15911 4 2 1 1 168 3791 533 4881
15912 4 2 1 1 3629 3603 21 3604
15913 4 2 1 1 2319 2505 2506 4383
15914 4 2 1 1 3485 3509 3510 3484
15915 4 2 1 1 3433 3457 3458 3432
15916 4 2 1 1 3538 353 352 3551
15917 4 2 1 1 1573 72 1572 4629
15918 4 2 1 1 3662 440 3658 456
15919 4 2 1 1 3518 3515 3522 3489
15920 4 2 1 1 3470 3463 3437 3466
15921 4 2 1 1 25 3768 30 29
15922 4 2 1 1 14 13 3742 18
15923 4 2 1 1 38 3689 33 34
15924 4 2 1 1 28 23 24 3590
15925 4 2 1 1 16 15 3694 19
15926 4 2 1 1 282 4263 281 4584
15927 4 2 1 1 271 4185 4418 4448
15928 4 2 1 1 2503 2720 2744 4627
15929 4 2 1 1 2002 1996 1998 5017
15930 4 2 1 1 2549 359 2548 4627
15931 4 2 1 1 3710 475 476 492
15932 4 2 1 1 3485 3517 3491 3484
15933 4 2 1 1 3439 3465 3458 3459
15934 4 2 1 1 2561 2559 2706 4999
15935 4 2 1 1 3480 3512 3486 3488
15936 4 2 1 1 3982 3872 4587 4876
15937 4 2 1 1 1936 2589 178 2343
15938 4 2 1 1 1971 228 1992 5017
15939 4 2 1 1 2984 2983 186 4308
15940 4 2 1 1 382 394 108 383
15941 4 2 1 1 3584 3615 3609 3610
15942 4 2 1 1 3688 3721 3714 3715
15943 4 2 1 1 3457 3456 3433 3459
15944 4 2 1 1 3511 3485 3507 3509
15945 4 2 1 1 4500 4849 4213 5004
15946 4 2 1 1 3504 257 256 3503
15947 4 2 1 1 3721 3705 3732 3731
15948 4 2 1 1 3588 3627 3600 3601
15949 4 2 1 1 3784 3758 3783 3772
15950 4 2 1 1 2552 359 2548 2550
15951 4 2 1 1 4099 399 4278 4546
15952 4 2 1 1 2423 2244 2422 4826
15953 4 2 1 1 178 2707 2589 1936
15954 4 2 1 1 3455 3463 3464 4692
15955 4 2 1 1 2468 2564 2467 4766
15956 4 2 1 1 3314 3327 3315 4775
15957 4 2 1 1 243 241 3567 3568
15958 4 2 1 1 2662 2663 2636 5049
15959 4 2 1 1 2813 2798 2833 4087
15960 4 2 1 1 3524 3498 3525 3513
15961 4 2 1 1 3446 3461 3473 3472
15962 4 2 1 1 4959 5069 1030 5070
15963 4 2 1 1 4206 4526 4472 4574
15964 4 2 1 1 2827 2805 4087 4111
15965 4 2 1 1 3470 3464 3463 4692
15966 4 2 1 1 3467 3443 3442 3441
15967 4 2 1 1 3493 3520 3521 3519
15968 4 2 1 1 4088 4594 4235 4883
15969 4 2 1 1 224 4117 4391 4893
15970 4 2 1 1 238 2798 2804 4087
15971 4 2 1 1 4476 4477 4313 5081
15972 4 2 1 1 4500 4501 4213 4849
15973 4 2 1 1 19 2747 90 4966
15974 4 2 1 1 3777 3751 522 3765
15975 4 2 1 1 290 3468 3476 306
15976 4 2 1 1 16 20 3694 3702
15977 4 2 1 1 3589 118 120 3598
15978 4 2 1 1 109 347 357 358
15979 4 2 1 1 394 382 108 393
15980 4 2 1 1 3545 362 3540 3553
15981 4 2 1 1 4015 3958 4539 4793
15982 4 2 1 1 493 3714 3687 3723
15983 4 2 1 1 458 3635 3670 3661
15984 4 2 1 1 527 3740 3775 3766
15985 4 2 1 1 18 2202 82 4929
15986 4 2 1 1 3437 3429 3438 4755
15987 4 2 1 1 3274 3211 3275 4972
15988 4 2 1 1 4746 4876 3982 4986
15989 4 2 1 1 4260 4687 4222 5027
15990 4 2 1 1 3982 4153 3872 4876
15991 4 2 1 1 1832 1799 4380 4383
15992 4 2 1 1 4274 4692 3476 5016
15993 4 2 1 1 2182 358 4432 4627
15994 4 2 1 1 3530 3531 257 3505
15995 4 2 1 1 3458 3457 3433 3459
15996 4 2 1 1 3509 3511 3485 3510
15997 4 2 1 1 3444 3437 3438 4755
15998 4 2 1 1 2292 2291 2289 4992
15999 4 2 1 1 3427 280 272 4538
16000 4 2 1 1 2805 2826 2827 4087
16001 4 2 1 1 228 1993 1999 2061
16002 4 2 1 1 322 3508 321 3482
16003 4 2 1 1 3978 4565 3856 4913
16004 4 2 1 1 362 352 351 3557
16005 4 2 1 1 3554 264 265 3557
16006 4 2 1 1 3520 3490 3493 3494
16007 4 2 1 1 3464 3442 3467 3468
16008 4 2 1 1 3767 526 509 525
16009 4 2 1 1 2197 2114 213 2198
16010 4 2 1 1 2000 2001 1998 5017
16011 4 2 1 1 338 322 3531 3505
16012 4 2 1 1 3666 3632 3638 3658
16013 4 2 1 1 3580 3612 3587 3606
16014 4 2 1 1 3687 3721 3688 3693
16015 4 2 1 1 3747 3766 3767 3772
16016 4 2 1 1 3615 3584 3609 3588
16017 4 2 1 1 2423 2422 2634 4826
16018 4 2 1 1 530 238 4087 4676
16019 4 2 1 1 1670 400 1378 73
16020 4 2 1 1 117 3675 3668 119
16021 4 2 1 1 37 3701 33 3717
16022 4 2 1 1 2362 213 2197 1935
16023 4 2 1 1 181 4102 3070 4634
16024 4 2 1 1 2361 2621 2001 5017
16025 4 2 1 1 4083 4179 2078 4412
16026 4 2 1 1 229 3275 230 3931
16027 4 2 1 1 3584 3609 3583 406
16028 4 2 1 1 394 4225 393 4677
16029 4 2 1 1 2448 2447 2446 4448
16030 4 2 1 1 377 3575 3569 388
16031 4 2 1 1 2699 4507 2389 4932
16032 4 2 1 1 113 2225 2222 4694
16033 4 2 1 1 260 3423 276 4387
16034 4 2 1 1 2004 4291 2359 5017
16035 4 2 1 1 4212 4213 4500 4501
16036 4 2 1 1 3616 3595 3597 3590
16037 4 2 1 1 3668 3647 3649 3642
16038 4 2 1 1 3742 3773 3754 3752
16039 4 2 1 1 526 3740 3741 510
16040 4 2 1 1 440 457 3662 441
16041 4 2 1 1 3983 4692 4274 5016
16042 4 2 1 1 4237 4546 5069 5071
16043 4 2 1 1 318 317 334 3529
16044 4 2 1 1 3435 3473 3447 3446
16045 4 2 1 1 3525 3487 3498 3499
16046 4 2 1 1 3188 3275 3352 4030
16047 4 2 1 1 281 3448 255 4263
16048 4 2 1 1 217 218 4062 5028
16049 4 2 1 1 9 3787 3788 10
16050 4 2 1 1 9 3788 3786 10
16051 4 2 1 1 3560 111 373 4497
16052 4 2 1 1 368 4043 4224 4493
16053 4 2 1 1 3761 3786 527 528
16054 4 2 1 1 508 3738 3764 507
16055 4 2 1 1 477 478 3736 494
16056 4 2 1 1 348 2455 2689 5000
16057 4 2 1 1 3714 3687 476 493
16058 4 2 1 1 2820 4088 2832 4309
16059 4 2 1 1 303 287 288 3441
16060 4 2 1 1 322 323 338 3519
16061 4 2 1 1 1151 1691 1171 4942
16062 4 2 1 1 2385 4507 4421 4944
16063 4 2 1 1 2395 2676 2698 4932
16064 4 2 1 1 2389 2712 2685 4507
16065 4 2 1 1 2362 1937 213 1935
16066 4 2 1 1 2454 348 2689 5000
16067 4 2 1 1 3452 298 299 3478
16068 4 2 1 1 260 4206 297 4387
16069 4 2 1 1 471 487 472 3708
16070 4 2 1 1 182 4086 183 4971
16071 4 2 1 1 1341 76 1407 4479
16072 4 2 1 1 3575 376 377 3564
16073 4 2 1 1 3753 3743 3768 3781
16074 4 2 1 1 3596 3611 3624 3589
16075 4 2 1 1 3700 3716 3729 3694
16076 4 2 1 1 3637 3663 3648 3650
16077 4 2 1 1 2581 373 111 2497
16078 4 2 1 1 1694 1157 1171 4358
16079 4 2 1 1 263 4253 4191 4361
16080 4 2 1 1 1937 178 2707 2589
16081 4 2 1 1 3453 249 248 3451
16082 4 2 1 1 249 3451 3452 248
16083 4 2 1 1 4087 4569 3931 4676
16084 4 2 1 1 3705 466 482 3731
16085 4 2 1 1 1354 72 1351 4629
16086 4 2 1 1 3582 419 402 3608
16087 4 2 1 1 2182 4432 2719 4627
16088 4 2 1 1 3713 472 473 3686
16089 4 2 1 1 226 227 3412 4539
16090 4 2 1 1 3529 318 317 3503
16091 4 2 1 1 4596 4597 4128 4894
16092 4 2 1 1 270 3873 4418 4704
16093 4 2 1 1 2833 2834 2813 4087
16094 4 2 1 1 3554 3555 359 4918
16095 4 2 1 1 3635 442 3670 3644
16096 4 2 1 1 3696 493 3687 3723
16097 4 2 1 1 3749 527 3740 3775
16098 4 2 1 1 3430 4263 282 4584
16099 4 2 1 1 3776 3739 3745 3750
16100 4 2 1 1 3593 3619 3613 3608
16101 4 2 1 1 3634 3639 3671 3645
16102 4 2 1 1 3713 3697 3691 3724
16103 4 2 1 1 1993 1995 228 1999
16104 4 2 1 1 4477 4945 395 5007
16105 4 2 1 1 457 440 3662 456
16106 4 2 1 1 3624 3594 417 3620
16107 4 2 1 1 3698 487 3729 3725
16108 4 2 1 1 243 3566 3567 241
16109 4 2 1 1 3749 3775 3780 528
16110 4 2 1 1 3618 424 3623 3592
16111 4 2 1 1 3670 3649 3644 443
16112 4 2 1 1 298 3452 299 282
16113 4 2 1 1 1668 74 398 4474
16114 4 2 1 1 2695 4915 4428 4998
16115 4 2 1 1 3621 3595 3623 3616
16116 4 2 1 1 3780 3752 3773 3778
16117 4 2 1 1 3714 476 3687 3688
16118 4 2 1 1 2669 4179 2285 4412
16119 4 2 1 1 3755 3781 3777 521
16120 4 2 1 1 3729 3702 487 3698
16121 4 2 1 1 3594 3624 417 3598
16122 4 2 1 1 269 266 3873 4704
16123 4 2 1 1 254 3422 255 4436
16124 4 2 1 1 3570 3559 3563 3564
16125 4 2 1 1 349 2455 348 2459
16126 4 2 1 1 3705 3721 3695 3693
16127 4 2 1 1 3747 3772 3758 3774
16128 4 2 1 1 3615 3617 3627 3588
16129 4 2 1 1 3519 3508 322 3493
16130 4 2 1 1 3467 3429 303 3441
16131 4 2 1 1 3550 267 364 4815
16132 4 2 1 1 3982 4519 4237 4546
16133 4 2 1 1 265 3543 3557 264
16134 4 2 1 1 3786 9 10 3793
16135 4 2 1 1 4514 4815 3546 4860
16136 4 2 1 1 3982 4876 4587 4986
16137 4 2 1 1 297 281 298 3449
16138 4 2 1 1 332 317 3501 316
16139 4 2 1 1 3670 3649 443 3675
16140 4 2 1 1 3780 3754 3749 512
16141 4 2 1 1 2177 2718 2182 4432
16142 4 2 1 1 317 333 334 3529
16143 4 2 1 1 3774 3748 3747 3740
16144 4 2 1 1 3617 3591 3588 3583
16145 4 2 1 1 3448 3449 3475 3435
16146 4 2 1 1 3500 3527 3487 3501
16147 4 2 1 1 2328 112 2337 4714
16148 4 2 1 1 3636 3658 440 3632
16149 4 2 1 1 535 533 167 3791
16150 4 2 1 1 3766 3740 526 527
16151 4 2 1 1 492 3714 476 493
16152 4 2 1 1 264 3554 265 3794
16153 4 2 1 1 3538 3552 3532 3539
16154 4 2 1 1 3939 4961 4064 5021
16155 4 2 1 1 376 3575 3563 3564
16156 4 2 1 1 215 3314 216 4775
16157 4 2 1 1 3556 352 353 363
16158 4 2 1 1 364 363 353 3551
16159 4 2 1 1 4106 4514 3857 4539
16160 4 2 1 1 4263 4436 281 4584
16161 4 2 1 1 290 4207 4145 4314
16162 4 2 1 1 3611 3596 3624 3622
16163 4 2 1 1 3716 3700 3729 3727
16164 4 2 1 1 3663 3674 3648 3676
16165 4 2 1 1 3753 3768 3779 3781
16166 4 2 1 1 4165 4380 1792 4383
16167 4 2 1 1 2468 2563 4766 4999
16168 4 2 1 1 72 1354 1572 4629
16169 4 2 1 1 38 3717 495 4914
16170 4 2 1 1 3604 22 3629 3630
16171 4 2 1 1 4237 4519 400 4959
16172 4 2 1 1 3352 3193 3188 4030
16173 4 2 1 1 1573 367 72 4629
16174 4 2 1 1 4263 4339 4031 4436
16175 4 2 1 1 3692 3720 3721 3715
16176 4 2 1 1 3610 3614 3587 3615
16177 4 2 1 1 3640 3666 3641 3636
16178 4 2 1 1 421 405 3584 3606
16179 4 2 1 1 2362 2197 213 2198
16180 4 2 1 1 349 4406 2462 4826
16181 4 2 1 1 3658 440 3632 455
16182 4 2 1 1 3765 522 523 3739
16183 4 2 1 1 3660 437 438 3634
16184 4 2 1 1 2002 2001 2621 5017
16185 4 2 1 1 3688 492 3714 476
16186 4 2 1 1 3756 3782 3745 3785
16187 4 2 1 1 3691 3733 3703 3730
16188 4 2 1 1 497 3742 14 4624
16189 4 2 1 1 3982 4519 4546 4986
16190 4 2 1 1 217 3333 218 5028
16191 4 2 1 1 18 3773 513 4943
16192 4 2 1 1 2577 228 1995 1999
16193 4 2 1 1 4278 4546 399 4707
16194 4 2 1 1 224 223 3229 4893
16195 4 2 1 1 87 86 2201 4853
16196 4 2 1 1 352 3556 353 3543
16197 4 2 1 1 182 183 3089 4971
16198 4 2 1 1 2292 2403 2291 4992
16199 4 2 1 1 3061 2882 178 4165
16200 4 2 1 1 190 4593 4704 4745
16201 4 2 1 1 360 4918 4625 5049
16202 4 2 1 1 3426 4418 3873 4826
16203 4 2 1 1 2141 228 1999 2061
16204 4 2 1 1 1998 2001 2002 5017
16205 4 2 1 1 3785 3745 3756 3759
16206 4 2 1 1 3654 3665 3680 3677
16207 4 2 1 1 3691 3733 3706 3703
16208 4 2 1 1 22 3604 3629 21
16209 4 2 1 1 405 420 3606 421
16210 4 2 1 1 3473 3448 3461 3435
16211 4 2 1 1 3513 3525 3526 3487
16212 4 2 1 1 3600 3614 3615 3587
16213 4 2 1 1 3746 3771 3757 3747
16214 4 2 1 1 3641 3666 3640 3652
16215 4 2 1 1 1533 1532 396 1534
16216 4 2 1 1 11 12 3710 3709
16217 4 2 1 1 224 4391 223 4893
16218 4 2 1 1 3541 3557 350 3544
16219 4 2 1 1 526 3741 509 510
16220 4 2 1 1 4432 4997 4035 5050
16221 4 2 1 1 2686 2560 2565 4999
16222 4 2 1 1 3466 3444 3437 3470
16223 4 2 1 1 395 4332 4477 5007
16224 4 2 1 1 2502 2503 2744 4627
16225 4 2 1 1 2810 4088 2820 4309
16226 4 2 1 1 3759 3785 3745 3776
16227 4 2 1 1 3733 3724 3691 3706
16228 4 2 1 1 3619 3602 3613 3628
16229 4 2 1 1 3654 3680 3665 3671
16230 4 2 1 1 2519 2517 2663 4198
16231 4 2 1 1 3782 3745 3744 3756
16232 4 2 1 1 3730 3703 3691 3690
16233 4 2 1 1 3756 3782 3785 518
16234 4 2 1 1 3703 3733 484 3730
16235 4 2 1 1 2827 2826 2847 4087
16236 4 2 1 1 2729 349 2456 2460
16237 4 2 1 1 1341 1351 76 4479
16238 4 2 1 1 2497 373 111 4497
16239 4 2 1 1 3412 4123 4538 4539
16240 4 2 1 1 3470 3444 3437 3464
16241 4 2 1 1 3496 3522 3490 3489
16242 4 2 1 1 3658 3636 440 3662
16243 4 2 1 1 3767 3737 509 3741
16244 4 2 1 1 3528 3522 3516 3490
16245 4 2 1 1 3450 3444 3464 3438
16246 4 2 1 1 3646 3671 3674 3645
16247 4 2 1 1 3753 3751 3776 3750
16248 4 2 1 1 3724 3727 3725 3697
16249 4 2 1 1 3873 4406 351 4826
16250 4 2 1 1 2295 2303 2403 4992
16251 4 2 1 1 22 21 3629 3631
16252 4 2 1 1 3983 4276 4274 4692
16253 4 2 1 1 228 227 3355 4428
16254 4 2 1 1 242 4330 383 4633
16255 4 2 1 1 29 520 3768 5015
16256 4 2 1 1 345 2558 114 4999
16257 4 2 1 1 3467 3468 4274 4692
16258 4 2 1 1 2275 4826 4418 5000
16259 4 2 1 1 3688 491 3711 3715
16260 4 2 1 1 394 244 243 4402
16261 4 2 1 1 3526 3500 332 3527
16262 4 2 1 1 3474 3448 297 3475
16263 4 2 1 1 2226 2225 113 4694
16264 4 2 1 1 3516 3520 3528 3490
16265 4 2 1 1 3464 3442 3450 3438
16266 4 2 1 1 211 166 4565 4881
16267 4 2 1 1 383 4554 4331 4616
16268 4 2 1 1 298 281 297 3478
16269 4 2 1 1 2236 4418 4448 5000
16270 4 2 1 1 2831 4594 4088 4883
16271 4 2 1 1 3042 4487 177 4594
16272 4 2 1 1 3441 4314 3442 4755
16273 4 2 1 1 536 535 4088 4235
16274 4 2 1 1 3520 3493 3521 3494
16275 4 2 1 1 3442 3468 3443 3467
16276 4 2 1 1 3539 3540 3552 3532
16277 4 2 1 1 109 2354 2407 4035
16278 4 2 1 1 3602 3619 3613 3593
16279 4 2 1 1 3724 3697 3691 3706
16280 4 2 1 1 3745 3759 3776 3750
16281 4 2 1 1 3671 3639 3654 3645
16282 4 2 1 1 3698 3727 3700 3697
16283 4 2 1 1 3779 3753 3777 3776
16284 4 2 1 1 3674 3648 3646 3645
16285 4 2 1 1 3891 4578 4051 5021
16286 4 2 1 1 2361 2360 4291 5017
16287 4 2 1 1 167 535 3791 3792
16288 4 2 1 1 3789 532 203 3790
16289 4 2 1 1 3563 3575 376 3574
16290 4 2 1 1 47 889 46 4730
16291 4 2 1 1 3557 3541 350 3554
16292 4 2 1 1 2548 2503 2502 4627
16293 4 2 1 1 3739 3776 3751 3750
16294 4 2 1 1 3634 3671 3646 3645
16295 4 2 1 1 3724 3725 3713 3697
16296 4 2 1 1 3748 3778 3775 3774
16297 4 2 1 1 3643 3647 3644 3669
16298 4 2 1 1 3695 3726 3723 3722
16299 4 2 1 1 2240 2425 3873 4826
16300 4 2 1 1 177 4487 4235 4594
16301 4 2 1 1 4031 4263 4248 4531
16302 4 2 1 1 2746 4914 38 5079
16303 4 2 1 1 349 3541 350 4826
16304 4 2 1 1 2289 4179 2700 4992
16305 4 2 1 1 3857 4815 4514 4860
16306 4 2 1 1 178 1937 2471 2589
16307 4 2 1 1 3623 3618 3595 3621
16308 4 2 1 1 3711 3684 475 3688
16309 4 2 1 1 3729 3700 3698 3727
16310 4 2 1 1 3777 3753 3779 3781
16311 4 2 1 1 3646 3648 3674 3676
16312 4 2 1 1 3596 3622 3594 3624
16313 4 2 1 1 2558 345 114 2492
16314 4 2 1 1 3610 3587 3614 3606
16315 4 2 1 1 3632 3666 3640 3636
16316 4 2 1 1 3720 3692 3711 3715
16317 4 2 1 1 394 244 4184 4225
16318 4 2 1 1 110 356 4459 4967
16319 4 2 1 1 2471 2318 178 2589
16320 4 2 1 1 3414 4538 267 4815
16321 4 2 1 1 3673 3670 3647 3669
16322 4 2 1 1 3527 3513 3526 3487
16323 4 2 1 1 3461 3448 3475 3435
16324 4 2 1 1 3444 3466 3437 3440
16325 4 2 1 1 3873 4418 2240 4826
16326 4 2 1 1 2804 2798 2813 4087
16327 4 2 1 1 2468 2467 2466 4766
16328 4 2 1 1 2711 2362 213 2198
16329 4 2 1 1 3591 3601 3627 3588
16330 4 2 1 1 3679 3641 3643 3653
16331 4 2 1 1 3772 3784 3758 3774
16332 4 2 1 1 228 4428 3355 4915
16333 4 2 1 1 229 4087 3931 4676
16334 4 2 1 1 3744 3764 3770 3769
16335 4 2 1 1 178 1937 2339 2471
16336 4 2 1 1 213 1937 2362 2339
16337 4 2 1 1 2182 2720 2503 4627
16338 4 2 1 1 191 3035 190 4745
16339 4 2 1 1 4153 4876 4746 5032
16340 4 2 1 1 1626 370 1340 76
16341 4 2 1 1 3891 4064 4578 5021
16342 4 2 1 1 394 4184 244 4402
16343 4 2 1 1 23 424 3630 408
16344 4 2 1 1 18 4929 3773 4943
16345 4 2 1 1 2294 2293 108 4992
16346 4 2 1 1 2703 2141 228 1999
16347 4 2 1 1 190 4704 191 4745
16348 4 2 1 1 4314 4339 4031 4755
16349 4 2 1 1 3782 3744 3770 3769
16350 4 2 1 1 3748 3774 3775 3740
16351 4 2 1 1 3643 3644 3635 3669
16352 4 2 1 1 228 2577 2703 1999
16353 4 2 1 1 3580 3584 405 3606
16354 4 2 1 1 241 242 383 4633
16355 4 2 1 1 213 2607 2711 2198
16356 4 2 1 1 3476 4274 3468 4692
16357 4 2 1 1 2711 213 2362 2339
16358 4 2 1 1 3748 3747 3758 3774
16359 4 2 1 1 3617 3591 3627 3588
16360 4 2 1 1 3658 3659 3638 3664
16361 4 2 1 1 421 405 406 3584
16362 4 2 1 1 388 377 387 3579
16363 4 2 1 1 3531 256 257 3505
16364 4 2 1 1 4339 4436 4263 4584
16365 4 2 1 1 4031 4339 4263 4584
16366 4 2 1 1 2289 2293 2292 4992
16367 4 2 1 1 2831 2839 2818 4088
16368 4 2 1 1 272 4538 357 4918
16369 4 2 1 1 490 3684 475 3711
16370 4 2 1 1 3442 4314 3450 4755
16371 4 2 1 1 2585 228 2011 2406
16372 4 2 1 1 2804 2826 2805 4087
16373 4 2 1 1 3555 272 357 4918
16374 4 2 1 1 3585 3612 3587 3580
16375 4 2 1 1 3664 3638 3658 3666
16376 4 2 1 1 391 3578 390 4421
16377 4 2 1 1 3545 3540 3552 3553
16378 4 2 1 1 3635 441 3636 3662
16379 4 2 1 1 3575 3569 3576 3564
16380 4 2 1 1 1151 1690 1691 4942
16381 4 2 1 1 383 4330 242 4331
16382 4 2 1 1 180 181 3070 4634
16383 4 2 1 1 377 376 3579 3568
16384 4 2 1 1 2011 2123 228 2585
16385 4 2 1 1 1867 1869 1868 4750
16386 4 2 1 1 257 256 3531 3504
16387 4 2 1 1 267 353 3550 364
16388 4 2 1 1 2724 2009 193 2577
16389 4 2 1 1 212 3978 534 4881
16390 4 2 1 1 32 40 3655 3683
16391 4 2 1 1 21 3631 120 3605
16392 4 2 1 1 3447 4248 3448 4263
16393 4 2 1 1 2003 193 2006 2004
16394 4 2 1 1 1869 1870 1868 4750
16395 4 2 1 1 3575 377 3569 3564
16396 4 2 1 1 2407 2166 109 4035
16397 4 2 1 1 107 384 373 2581
16398 4 2 1 1 4519 4959 4237 5069
16399 4 2 1 1 213 2607 2312 2711
16400 4 2 1 1 3467 3443 288 3469
16401 4 2 1 1 3521 3493 323 3495
16402 4 2 1 1 2344 178 2321 2314
16403 4 2 1 1 2009 228 2577 2703
16404 4 2 1 1 340 186 221 5010
16405 4 2 1 1 1832 4383 4380 4714
16406 4 2 1 1 3467 303 288 3441
16407 4 2 1 1 3519 322 323 3493
16408 4 2 1 1 3578 379 389 3567
16409 4 2 1 1 379 378 389 3567
16410 4 2 1 1 1535 1534 396 1536
16411 4 2 1 1 2832 2820 2839 4088
16412 4 2 1 1 2711 2312 213 2339
16413 4 2 1 1 420 3580 405 3606
16414 4 2 1 1 3889 4053 3983 4574
16415 4 2 1 1 2311 2321 178 2314
16416 4 2 1 1 322 338 3530 3505
16417 4 2 1 1 2123 228 2008 2011
16418 4 2 1 1 2703 228 2141 2012
16419 4 2 1 1 110 2492 356 4967
16420 4 2 1 1 2703 2009 228 2010
16421 4 2 1 1 1028 1379 1378 5006
16422 4 2 1 1 2313 178 2339 2471
16423 4 2 1 1 421 3584 3610 3606
16424 4 2 1 1 2313 2315 178 2471
16425 4 2 1 1 2527 2337 112 4714
16426 4 2 1 1 228 2703 2010 2012
16427 4 2 1 1 3416 227 228 4428
16428 4 2 1 1 400 4237 4959 5070
16429 4 2 1 1 281 4263 255 4436
16430 4 2 1 1 2360 2359 4291 5017
16431 4 2 1 1 2561 2706 2560 4999
16432 4 2 1 1 4001 4412 4350 4992
16433 4 2 1 1 2010 2008 228 2011
16434 4 2 1 1 3530 257 256 3505
16435 4 2 1 1 2006 2008 193 2003
16436 4 2 1 1 2314 178 2311 2313
16437 4 2 1 1 2011 228 2010 2012
16438 4 2 1 1 193 2009 2724 2003
16439 4 2 1 1 3494 3493 3521 3495
16440 4 2 1 1 3468 3469 3443 3467
16441 4 2 1 1 1725 18 82 4929
16442 4 2 1 1 2314 2315 178 2313
16443 4 2 1 1 492 475 3688 491
16444 4 2 1 1 4136 371 4358 4904
16445 4 2 1 1 20 471 487 3702
16446 4 2 1 1 120 401 417 3598
16447 4 2 1 1 3604 408 23 3630
16448 4 2 1 1 3672 3646 3676 3800
16449 4 2 1 1 288 304 303 3467
16450 4 2 1 1 323 339 338 3519
16451 4 2 1 1 2009 193 2008 2003
16452 4 2 1 1 186 324 4307 4308
16453 4 2 1 1 111 2496 2495 4497
16454 4 2 1 1 348 4826 2459 5000
16455 4 2 1 1 3920 4086 4066 4248
16456 4 2 1 1 305 306 4176 4274
16457 4 2 1 1 263 316 332 3500
16458 4 2 1 1 3676 3646 3650 3800
16459 4 2 1 1 290 289 4207 4314
16460 4 2 1 1 37 478 3701 494
16461 4 2 1 1 295 4066 296 4248
16462 4 2 1 1 179 178 3378 4383
16463 4 2 1 1 1680 1681 1146 4942
16464 4 2 1 1 3612 3614 3587 3606
16465 4 2 1 1 3632 3666 3638 3640
16466 4 2 1 1 4015 4539 4123 4793
16467 4 2 1 1 3604 23 22 3630
16468 4 2 1 1 238 239 3789 203
16469 4 2 1 1 167 166 3791 168
16470 4 2 1 1 3631 21 120 22
16471 4 2 1 1 2004 193 2006 4694
16472 4 2 1 1 32 40 31 3655
16473 4 2 1 1 30 3787 9 10
16474 4 2 1 1 117 32 31 3656
16475 4 2 1 1 177 3042 176 4487
16476 4 2 1 1 2129 1818 1816 4750
16477 4 2 1 1 211 3286 212 3978
16478 4 2 1 1 4309 4881 3978 4913
16479 4 2 1 1 3416 228 4035 4428
16480 4 2 1 1 186 4307 4080 4308
16481 4 2 1 1 193 2510 2006 4694
16482 4 2 1 1 378 379 389 3796
16483 4 2 1 1 76 1340 1339 4479
16484 4 2 1 1 3450 3444 3470 3464
16485 4 2 1 1 3448 3473 3447 3435
16486 4 2 1 1 3473 4053 311 4574
16487 4 2 1 1 2308 393 2379 4871
16488 4 2 1 1 22 21 23 3604
16489 4 2 1 1 4997 4998 4035 5050
16490 4 2 1 1 76 370 1340 4479
16491 4 2 1 1 178 179 3061 4165
16492 4 2 1 1 377 3558 3569 3564
16493 4 2 1 1 3889 4274 4176 5016
16494 4 2 1 1 368 4224 4200 4493
16495 4 2 1 1 228 1993 1992 5017
16496 4 2 1 1 3560 384 107 3571
16497 4 2 1 1 3193 3352 3127 4030
16498 4 2 1 1 89 2746 38 5079
16499 4 2 1 1 3857 4538 4123 4539
16500 4 2 1 1 306 4176 4274 5016
16501 4 2 1 1 186 324 4308 5011
16502 4 2 1 1 382 383 108 112
16503 4 2 1 1 242 112 108 383
16504 4 2 1 1 475 492 3688 476
16505 4 2 1 1 1538 396 1536 1537
16506 4 2 1 1 492 3688 3714 3715
16507 4 2 1 1 76 1339 1407 4479
16508 4 2 1 1 2403 2292 2295 4992
16509 4 2 1 1 377 376 387 3579
16510 4 2 1 1 346 4448 4418 5000
16511 4 2 1 1 384 3560 107 373
16512 4 2 1 1 217 4062 3403 4387
16513 4 2 1 1 252 376 387 3574
16514 4 2 1 1 2845 2813 2834 4087
16515 4 2 1 1 392 4871 4421 4944
16516 4 2 1 1 3978 4881 4565 4913
16517 4 2 1 1 2810 2818 2820 4088
16518 4 2 1 1 3741 526 509 3767
16519 4 2 1 1 3636 441 440 3662
16520 4 2 1 1 1146 1677 1680 4269
16521 4 2 1 1 4269 371 4904 4942
16522 4 2 1 1 1668 1610 74 4474
16523 4 2 1 1 217 3403 251 4387
16524 4 2 1 1 2383 2683 2682 4944
16525 4 2 1 1 252 3398 216 4402
16526 4 2 1 1 394 243 3566 3577
16527 4 2 1 1 3768 504 25 3743
16528 4 2 1 1 18 3773 3742 513
16529 4 2 1 1 38 3689 495 3717
16530 4 2 1 1 28 409 3616 3590
16531 4 2 1 1 3716 470 19 3694
16532 4 2 1 1 114 3547 345 3534
16533 4 2 1 1 3543 267 265 3556
16534 4 2 1 1 3983 4053 4206 4574
16535 4 2 1 1 3380 4086 182 4436
16536 4 2 1 1 2845 2847 2826 4087
16537 4 2 1 1 250 3380 182 4436
16538 4 2 1 1 364 353 363 3556
16539 4 2 1 1 110 345 3547 356
16540 4 2 1 1 3857 4539 4123 4571
16541 4 2 1 1 20 487 3708 3735
16542 4 2 1 1 266 3390 190 4704
16543 4 2 1 1 1151 1686 1690 4942
16544 4 2 1 1 216 3398 215 4019
16545 4 2 1 1 186 4191 4080 4307
16546 4 2 1 1 383 382 3566 4554
16547 4 2 1 1 529 530 4087 4676
16548 4 2 1 1 3494 3520 3490 3502
16549 4 2 1 1 3450 3468 3442 3464
16550 4 2 1 1 2468 2686 2557 4999
16551 4 2 1 1 3111 4291 193 5017
16552 4 2 1 1 110 345 356 2492
16553 4 2 1 1 178 4165 2205 4383
16554 4 2 1 1 2308 2379 2309 4871
16555 4 2 1 1 4145 4207 3920 4314
16556 4 2 1 1 2454 348 2456 2689
16557 4 2 1 1 3412 4539 4538 4815
16558 4 2 1 1 3702 487 20 3729
16559 4 2 1 1 3624 120 417 3598
16560 4 2 1 1 304 288 251 3469
16561 4 2 1 1 323 3521 258 339
16562 4 2 1 1 2831 4088 2818 4883
16563 4 2 1 1 2384 2524 2522 4944
16564 4 2 1 1 2539 2492 110 4967
16565 4 2 1 1 192 3393 193 4291
16566 4 2 1 1 3473 4206 4053 4574
16567 4 2 1 1 3567 381 380 4823
16568 4 2 1 1 477 493 3736 3709
16569 4 2 1 1 3470 3450 3464 3476
16570 4 2 1 1 3520 3528 3490 3502
16571 4 2 1 1 3464 3450 3468 3476
16572 4 2 1 1 494 3701 37 3728
16573 4 2 1 1 117 3675 443 3649
16574 4 2 1 1 214 3401 213 4083
16575 4 2 1 1 272 4202 357 4538
16576 4 2 1 1 3412 3413 226 4539
16577 4 2 1 1 3920 4066 4108 4248
16578 4 2 1 1 444 460 86 3668
16579 4 2 1 1 425 28 409 3616
16580 4 2 1 1 504 29 520 3768
16581 4 2 1 1 19 486 470 3716
16582 4 2 1 1 4123 4539 4015 4571
16583 4 2 1 1 268 3408 224 4501
16584 4 2 1 1 3571 2572 2573 107
16585 4 2 1 1 2813 2826 2804 4087
16586 4 2 1 1 258 256 3505 3530
16587 4 2 1 1 5069 5070 4237 5071
16588 4 2 1 1 347 3542 348 5000
16589 4 2 1 1 271 4418 346 4448
16590 4 2 1 1 266 265 264 3543
16591 4 2 1 1 4237 5069 4959 5070
16592 4 2 1 1 243 383 3566 241
16593 4 2 1 1 2497 111 2494 4497
16594 4 2 1 1 258 257 256 3530
16595 4 2 1 1 2198 2114 213 4179
16596 4 2 1 1 4358 4904 371 4942
16597 4 2 1 1 36 452 436 3683
16598 4 2 1 1 349 350 4406 4826
16599 4 2 1 1 4035 4428 228 4998
16600 4 2 1 1 322 338 323 3530
16601 4 2 1 1 3388 187 186 4191
16602 4 2 1 1 20 471 3708 487
16603 4 2 1 1 2559 114 2558 4999
16604 4 2 1 1 216 4352 3573 4402
16605 4 2 1 1 179 4165 178 4383
16606 4 2 1 1 2552 2550 2551 5049
16607 4 2 1 1 346 3542 347 5000
16608 4 2 1 1 1610 1624 74 4474
16609 4 2 1 1 3530 323 322 3505
16610 4 2 1 1 349 2459 348 4826
16611 4 2 1 1 3655 36 436 3683
16612 4 2 1 1 189 3385 263 4191
16613 4 2 1 1 3563 376 247 3574
16614 4 2 1 1 2384 4871 392 4944
16615 4 2 1 1 2818 2839 2820 4088
16616 4 2 1 1 492 491 3688 3715
16617 4 2 1 1 247 181 3375 4634
16618 4 2 1 1 391 4421 390 4507
16619 4 2 1 1 1374 1376 73 4799
16620 4 2 1 1 2543 2697 110 4459
16621 4 2 1 1 47 4730 2758 5054
16622 4 2 1 1 333 317 332 3529
16623 4 2 1 1 249 251 3479 3453
16624 4 2 1 1 312 3474 220 4206
16625 4 2 1 1 3568 243 252 3579
16626 4 2 1 1 268 257 3529 3503
16627 4 2 1 1 3473 3448 3474 3461
16628 4 2 1 1 3453 287 288 3479
16629 4 2 1 1 224 3408 4391 4501
16630 4 2 1 1 303 288 287 3479
16631 4 2 1 1 47 416 4730 5054
16632 4 2 1 1 1681 1685 1169 4942
16633 4 2 1 1 2141 2012 228 4998
16634 4 2 1 1 2541 2539 110 4967
16635 4 2 1 1 272 265 3555 3542
16636 4 2 1 1 360 361 3554 4918
16637 4 2 1 1 2294 2292 2293 4992
16638 4 2 1 1 178 3990 3378 4383
16639 4 2 1 1 249 250 3453 248
16640 4 2 1 1 3526 224 331 4212
16641 4 2 1 1 256 268 3503 257
16642 4 2 1 1 241 252 3568 243
16643 4 2 1 1 357 4202 272 4432
16644 4 2 1 1 2309 4677 2308 4871
16645 4 2 1 1 3412 3413 4539 4815
16646 4 2 1 1 4538 4539 3857 4815
16647 4 2 1 1 3406 4062 220 4206
16648 4 2 1 1 260 3448 297 3474
16649 4 2 1 1 263 3526 3500 332
16650 4 2 1 1 73 400 397 4799
16651 4 2 1 1 2813 2845 2826 4087
16652 4 2 1 1 392 3578 391 4421
16653 4 2 1 1 2524 2381 2522 4944
16654 4 2 1 1 350 3557 351 3544
16655 4 2 1 1 348 3541 349 4826
16656 4 2 1 1 72 367 370 4629
16657 4 2 1 1 4350 4412 2303 4992
16658 4 2 1 1 271 264 265 3542
16659 4 2 1 1 1686 1169 1685 4942
16660 4 2 1 1 211 3978 212 4881
16661 4 2 1 1 4380 4383 3990 4714
16662 4 2 1 1 2303 4412 2403 4992
16663 4 2 1 1 1583 1374 73 4799
16664 4 2 1 1 2403 4412 2291 4992
16665 4 2 1 1 3555 358 359 4918
16666 4 2 1 1 1457 71 1459 4869
16667 4 2 1 1 3521 323 258 3495
16668 4 2 1 1 3443 250 288 3469
16669 4 2 1 1 381 4554 4616 4823
16670 4 2 1 1 221 3411 259 4501
16671 4 2 1 1 4625 4627 359 5049
16672 4 2 1 1 69 1585 1373 4799
16673 4 2 1 1 1594 74 1417 4474
16674 4 2 1 1 242 108 178 244
16675 4 2 1 1 3566 382 381 4554
16676 4 2 1 1 3475 3474 3448 3461
16677 4 2 1 1 3527 3500 3487 3526
16678 4 2 1 1 2309 2307 2308 4677
16679 4 2 1 1 87 2774 86 4853
16680 4 2 1 1 1417 74 1624 4474
16681 4 2 1 1 226 225 3279 4539
16682 4 2 1 1 46 2758 47 4730
16683 4 2 1 1 255 249 281 248
16684 4 2 1 1 392 2384 393 4871
16685 4 2 1 1 220 3474 260 4206
16686 4 2 1 1 185 4086 3383 4263
16687 4 2 1 1 478 37 3736 494
16688 4 2 1 1 228 1995 1993 5017
16689 4 2 1 1 2304 2402 108 4992
16690 4 2 1 1 187 4080 186 4191
16691 4 2 1 1 111 2495 2494 4497
16692 4 2 1 1 2607 2198 213 4179
16693 4 2 1 1 184 185 3078 4706
16694 4 2 1 1 224 4212 3526 4501
16695 4 2 1 1 2454 347 348 5000
16696 4 2 1 1 1586 1585 69 4903
16697 4 2 1 1 3554 361 350 3557
16698 4 2 1 1 1680 1146 4269 4942
16699 4 2 1 1 2292 2294 2295 4992
16700 4 2 1 1 177 4235 4088 4594
16701 4 2 1 1 533 168 167 3791
16702 4 2 1 1 189 4080 3385 4191
16703 4 2 1 1 263 3526 332 268
16704 4 2 1 1 184 4086 185 4706
16705 4 2 1 1 252 216 3573 4402
16706 4 2 1 1 360 359 2552 5049
16707 4 2 1 1 258 3388 186 4191
16708 4 2 1 1 359 2550 2552 5049
16709 4 2 1 1 1146 1168 1677 4269
16710 4 2 1 1 221 4391 3411 4501
16711 4 2 1 1 255 3448 185 4263
16712 4 2 1 1 351 3557 361 362
16713 4 2 1 1 69 1373 1583 4799
16714 4 2 1 1 251 3469 217 4387
16715 4 2 1 1 379 389 390 3578
16716 4 2 1 1 190 3390 191 4704
16717 4 2 1 1 182 3443 250 4436
16718 4 2 1 1 3521 221 259 4501
16719 4 2 1 1 1585 4799 69 4903
16720 4 2 1 1 218 3403 217 4062
16721 4 2 1 1 3857 4539 4514 4815
16722 4 2 1 1 228 2577 1995 5017
16723 4 2 1 1 70 1683 1439 4476
16724 4 2 1 1 2524 2682 2381 4944
16725 4 2 1 1 3380 183 182 4086
16726 4 2 1 1 3500 315 189 4080
16727 4 2 1 1 338 339 323 3530
16728 4 2 1 1 383 382 4554 4616
16729 4 2 1 1 185 4248 4086 4263
16730 4 2 1 1 3529 332 268 3503
16731 4 2 1 1 223 224 3408 4391
16732 4 2 1 1 358 4625 359 4918
16733 4 2 1 1 3521 258 339 259
16734 4 2 1 1 250 251 288 3469
16735 4 2 1 1 33 37 12 3736
16736 4 2 1 1 2552 2553 2636 5049
16737 4 2 1 1 3554 359 360 4918
16738 4 2 1 1 2552 2551 2553 5049
16739 4 2 1 1 247 3573 181 3562
16740 4 2 1 1 186 3495 4191 4307
16741 4 2 1 1 304 288 303 3479
16742 4 2 1 1 185 3448 296 4248
16743 4 2 1 1 178 2314 2344 4383
16744 4 2 1 1 11 16 3708 20
16745 4 2 1 1 21 118 3605 120
16746 4 2 1 1 31 40 36 3655
16747 4 2 1 1 32 117 119 3656
16748 4 2 1 1 220 3406 219 4062
16749 4 2 1 1 4428 4915 228 4998
16750 4 2 1 1 2686 2561 2560 4999
16751 4 2 1 1 23 27 22 3630
16752 4 2 1 1 220 4062 4053 4206
16753 4 2 1 1 2384 392 2524 4944
16754 4 2 1 1 217 250 3443 3469
16755 4 2 1 1 3521 258 186 3495
16756 4 2 1 1 424 23 3630 27
16757 4 2 1 1 2315 2314 178 4383
16758 4 2 1 1 184 3383 185 4086
16759 4 2 1 1 186 324 3495 4307
16760 4 2 1 1 3579 376 252 3568
16761 4 2 1 1 224 4391 4212 4501
16762 4 2 1 1 4179 4412 4001 4992
16763 4 2 1 1 906 907 905 5071
16764 4 2 1 1 389 379 390 3796
16765 4 2 1 1 359 4625 360 4918
16766 4 2 1 1 193 4694 2004 5017
16767 4 2 1 1 1455 71 1457 4869
16768 4 2 1 1 107 373 111 2581
16769 4 2 1 1 3573 247 181 252
16770 4 2 1 1 346 347 4448 5000
16771 4 2 1 1 2004 2003 193 5017
16772 4 2 1 1 3448 4248 185 4263
16773 4 2 1 1 190 3536 266 4704
16774 4 2 1 1 247 3562 181 4634
16775 4 2 1 1 312 220 4053 4206
16776 4 2 1 1 193 2724 2577 5017
16777 4 2 1 1 112 242 108 178
16778 4 2 1 1 2295 2294 2296 4992
16779 4 2 1 1 260 3406 220 4206
16780 4 2 1 1 906 905 904 5071
16781 4 2 1 1 258 186 3495 4191
16782 4 2 1 1 251 217 3469 250
16783 4 2 1 1 258 221 259 3521
16784 4 2 1 1 3530 258 323 3505
16785 4 2 1 1 3562 375 181 4102
16786 4 2 1 1 267 225 3413 4815
16787 4 2 1 1 380 381 4750 4823
16788 4 2 1 1 376 3579 252 387
16789 4 2 1 1 373 3560 107 111
16790 4 2 1 1 20 16 471 3702
16791 4 2 1 1 401 120 118 3598
16792 4 2 1 1 2003 2724 193 5017
16793 4 2 1 1 70 1682 1683 4476
16794 4 2 1 1 478 37 3701 33
16795 4 2 1 1 252 376 3574 247
16796 4 2 1 1 3547 114 345 110
16797 4 2 1 1 3411 221 222 4391
16798 4 2 1 1 267 3549 225 4815
16799 4 2 1 1 224 3526 268 4501
16800 4 2 1 1 2293 2304 108 4992
16801 4 2 1 1 217 3469 305 4274
16802 4 2 1 1 185 3383 255 4263
16803 4 2 1 1 289 3443 182 4314
16804 4 2 1 1 534 177 536 4088
16805 4 2 1 1 190 4593 3536 4704
16806 4 2 1 1 345 110 114 2492
16807 4 2 1 1 3562 4102 181 4634
16808 4 2 1 1 288 3479 251 3453
16809 4 2 1 1 382 381 4554 4616
16810 4 2 1 1 2524 2383 2682 4944
16811 4 2 1 1 109 228 2585 2406
16812 4 2 1 1 40 36 3655 3683
16813 4 2 1 1 365 225 3549 4815
16814 4 2 1 1 2321 112 178 2344
16815 4 2 1 1 386 3573 216 4352
16816 4 2 1 1 409 28 24 3590
16817 4 2 1 1 504 29 3768 25
16818 4 2 1 1 470 15 19 3694
16819 4 2 1 1 381 3567 3577 3566
16820 4 2 1 1 71 1455 1494 4869
16821 4 2 1 1 360 4625 359 5049
16822 4 2 1 1 3567 3578 381 3577
16823 4 2 1 1 2300 2299 2298 4350
16824 4 2 1 1 113 2510 193 4694
16825 4 2 1 1 213 4179 4001 4992
16826 4 2 1 1 1146 1681 1169 4942
16827 4 2 1 1 1151 1169 1686 4942
16828 4 2 1 1 189 263 3500 4191
16829 4 2 1 1 332 316 263 3503
16830 4 2 1 1 108 178 244 213
16831 4 2 1 1 228 271 113 193
16832 4 2 1 1 397 69 73 4799
16833 4 2 1 1 267 3543 265 266
16834 4 2 1 1 257 258 259 3530
16835 4 2 1 1 3557 350 351 361
16836 4 2 1 1 120 3605 401 118
16837 4 2 1 1 36 40 452 3683
16838 4 2 1 1 2300 2299 4350 4677
16839 4 2 1 1 354 3536 190 4593
16840 4 2 1 1 188 3385 189 4080
16841 4 2 1 1 471 20 3708 16
16842 4 2 1 1 193 4291 4694 5017
16843 4 2 1 1 353 3556 267 3543
16844 4 2 1 1 189 3500 4080 4191
16845 4 2 1 1 3479 288 251 304
16846 4 2 1 1 2308 2307 2306 4677
16847 4 2 1 1 359 4625 358 4627
16848 4 2 1 1 1502 75 1501 5001
16849 4 2 1 1 250 249 3453 251
16850 4 2 1 1 252 241 3568 247
16851 4 2 1 1 256 263 3503 268
16852 4 2 1 1 3526 189 263 3500
16853 4 2 1 1 243 242 383 241
16854 4 2 1 1 185 255 260 3448
16855 4 2 1 1 263 224 3526 268
16856 4 2 1 1 271 265 272 3542
16857 4 2 1 1 3554 359 3555 3541
16858 4 2 1 1 3556 353 267 364
16859 4 2 1 1 3542 3555 348 3541
16860 4 2 1 1 1937 213 178 2339
16861 4 2 1 1 3375 181 180 4634
16862 4 2 1 1 2559 2561 114 4999
16863 4 2 1 1 2300 2306 2301 4677
16864 4 2 1 1 3521 340 221 4532
16865 4 2 1 1 350 360 3554 3541
16866 4 2 1 1 478 37 33 3736
16867 4 2 1 1 536 4088 177 4235
16868 4 2 1 1 71 1494 1495 4869
16869 4 2 1 1 2300 2301 2299 4677
16870 4 2 1 1 3990 4383 178 4714
16871 4 2 1 1 228 193 2009 2577
16872 4 2 1 1 2321 178 213 2311
16873 4 2 1 1 1500 75 1495 4869
16874 4 2 1 1 2300 2308 2306 4677
16875 4 2 1 1 177 165 3792 4528
16876 4 2 1 1 529 4087 229 4676
16877 4 2 1 1 177 3792 4235 4528
16878 4 2 1 1 339 258 323 3530
16879 4 2 1 1 69 1583 73 4799
16880 4 2 1 1 194 3790 239 4152
16881 4 2 1 1 1500 75 4869 5001
16882 4 2 1 1 109 228 113 2585
16883 4 2 1 1 189 331 315 3526
16884 4 2 1 1 3568 376 252 247
16885 4 2 1 1 108 112 178 2321
16886 4 2 1 1 346 272 3555 3542
16887 4 2 1 1 74 1594 70 4474
16888 4 2 1 1 3500 189 315 3526
16889 4 2 1 1 3789 229 240 4676
16890 4 2 1 1 193 2577 228 5017
16891 4 2 1 1 360 361 350 3554
16892 4 2 1 1 263 268 332 3503
16893 4 2 1 1 379 3578 380 3567
16894 4 2 1 1 3413 225 226 4539
16895 4 2 1 1 177 176 165 4528
16896 4 2 1 1 251 288 3453 250
16897 4 2 1 1 186 340 3521 324
16898 4 2 1 1 182 305 3443 289
16899 4 2 1 1 229 4614 240 4676
16900 4 2 1 1 186 324 3521 3495
16901 4 2 1 1 305 217 3443 3469
16902 4 2 1 1 239 195 194 4152
16903 4 2 1 1 177 3792 536 4235
16904 4 2 1 1 1500 1501 75 5001
16905 4 2 1 1 252 181 3573 216
16906 4 2 1 1 267 190 225 3549
16907 4 2 1 1 212 3791 166 4881
16908 4 2 1 1 182 250 3443 217
16909 4 2 1 1 221 258 186 3521
16910 4 2 1 1 3790 194 531 4152
16911 4 2 1 1 108 178 213 2321
16912 4 2 1 1 381 380 3578 3567
16913 4 2 1 1 3413 225 4539 4815
16914 4 2 1 1 382 3577 394 3566
16915 4 2 1 1 229 230 240 4614
16916 4 2 1 1 3578 392 381 3577
16917 4 2 1 1 211 212 166 4881
16918 4 2 1 1 529 229 3789 4676
16919 4 2 1 1 266 353 267 3543
16920 4 2 1 1 365 3536 190 354
16921 4 2 1 1 3536 365 190 3549
16922 4 2 1 1 339 259 258 3530
16923 4 2 1 1 360 350 349 3541
16924 4 2 1 1 347 3555 348 3542
16925 4 2 1 1 272 357 346 3555
16926 4 2 1 1 359 348 3555 3541
16927 4 2 1 1 3791 212 534 4881
16928 4 2 1 1 272 346 271 3542
16929 4 2 1 1 224 263 3526 189
16930 4 2 1 1 3554 360 359 3541
16931 4 2 1 1 346 3555 347 3542
16932 4 2 1 1 382 3577 3566 381
16933 4 2 1 1 380 392 3578 391
16934 4 2 1 1 3791 177 165 3792
16935 4 2 1 1 3789 239 194 3790
16936 4 2 1 1 394 382 3566 383
16937 4 2 1 1 71 1495 75 4869
16938 4 2 1 1 392 380 3578 381
16939 4 2 1 1 166 177 165 3791
16940 4 2 1 1 194 240 239 3789
16941 4 2 1 1 3577 382 394 393
16942 4 2 1 1 224 331 189 3526
16943 4 2 1 1 347 3555 358 348
16944 4 2 1 1 358 359 348 3555
16945 4 2 1 1 186 340 221 3521
16946 4 2 1 1 305 182 3443 217
16947 4 2 1 1 347 357 3555 346
16948 4 2 1 1 357 347 3555 358
16949 4 2 1 1 3792 534 177 536
16950 4 2 1 1 3789 194 531 3790
16951 4 2 1 1 534 3792 177 3791
16952 4 2 1 1 3573 181 386 216
16953 4 2 1 1 365 190 3549 225
16954 4 2 1 1 194 229 240 3789
16955 4 2 1 1 177 166 212 3791
16956 4 2 1 1 3791 212 177 534
16957 4 2 1 1 3778 513 514 3795
16958 4 2 1 1 3656 441 3682 3657
16959 4 2 1 1 456 3682 3657 3681
16960 4 2 1 1 475 3710 3707 3734
16961 4 2 1 1 2300 392 107 2308
16962 4 2 1 1 1797 178 2284 1776
16963 4 2 1 1 381 2322 111 112
16964 4 2 1 1 1941 1940 212 2656
16965 4 2 1 1 1756 1963 212 2072
16966 4 2 1 1 1940 1941 212 1926
16967 4 2 1 1 393 2300 392 108
16968 4 2 1 1 1797 2351 213 1778
16969 4 2 1 1 244 2300 394 108
16970 4 2 1 1 368 1646 72 71
16971 4 2 1 1 400 911 1024 1401
16972 4 2 1 1 1146 372 371 75
16973 4 2 1 1 3534 2686 2561 349
16974 4 2 1 1 393 2384 2308 2379
16975 4 2 1 1 2384 393 2308 392
16976 4 2 1 1 392 2524 2308 2384
16977 4 2 1 1 392 107 2308 2524
16978 4 2 1 1 396 1595 69 70
16979 4 2 1 1 213 3258 2366 1926
16980 4 2 1 1 2322 392 107 108
16981 4 2 1 1 212 1941 2656 2072
16982 4 2 1 1 1963 212 1754 1756
16983 4 2 1 1 178 1925 1924 3797
16984 4 2 1 1 452 3672 3676 3800
16985 4 2 1 1 178 1925 1940 1926
16986 4 2 1 1 3752 498 497 3795
16987 4 2 1 1 1755 212 1756 1754
16988 4 2 1 1 1925 178 1940 2603
16989 4 2 1 1 2656 212 1756 2603
16990 4 2 1 1 2351 1797 213 2366
16991 4 2 1 1 400 906 73 399
16992 4 2 1 1 10 17 3786 3793
16993 4 2 1 1 381 2490 112 1818
16994 4 2 1 1 906 1668 398 872
16995 4 2 1 1 2333 383 112 242
16996 4 2 1 1 1668 906 398 74
16997 4 2 1 1 2284 178 2366 1924
16998 4 2 1 1 212 1926 3258 213
16999 4 2 1 1 178 2284 2366 1797
17000 4 2 1 1 3560 2627 1867 1869
17001 4 2 1 1 3560 2627 2496 2629
17002 4 2 1 1 906 400 1378 1401
17003 4 2 1 1 1869 380 3560 111
17004 4 2 1 1 111 381 1869 380
17005 4 2 1 1 3560 2627 1829 1867
17006 4 2 1 1 399 906 73 74
17007 4 2 1 1 400 906 1378 73
17008 4 2 1 1 1595 399 73 74
17009 4 2 1 1 393 2300 2308 392
17010 4 2 1 1 3523 3517 3510 3799
17011 4 2 1 1 3436 3428 3434 3798
17012 4 2 1 1 3707 3735 489 3734
17013 4 2 1 1 348 2456 114 113
17014 4 2 1 1 114 2456 349 2561
17015 4 2 1 1 348 2586 113 114
17016 4 2 1 1 2552 360 110 359
17017 4 2 1 1 2552 359 109 2503
17018 4 2 1 1 370 1626 1173 1157
17019 4 2 1 1 1146 372 75 1168
17020 4 2 1 1 3547 2543 2641 2642
17021 4 2 1 1 1627 370 1163 1625
17022 4 2 1 1 3651 3638 3639 3801
17023 4 2 1 1 372 1168 1136 75
17024 4 2 1 1 359 2552 109 110
17025 4 2 1 1 3677 3665 3664 3801
17026 4 2 1 1 2663 3547 2418 2642
17027 4 2 1 1 178 1925 1926 1924
17028 4 2 1 1 3699 3689 3701 3802
17029 4 2 1 1 3682 459 458 3656
17030 4 2 1 1 3726 3728 3717 3802
17031 4 2 1 1 3657 3655 438 3681
17032 4 2 1 1 1964 229 2485 1738
17033 4 2 1 1 3646 436 3650 3800
17034 4 2 1 1 3497 3484 3491 3799
17035 4 2 1 1 3547 2663 110 2543
17036 4 2 1 1 3534 2468 2686 349
17037 4 2 1 1 2464 2456 349 2461
17038 4 2 1 1 2468 349 2466 2456
17039 4 2 1 1 391 2572 3571 107
17040 4 2 1 1 371 76 1146 75
17041 4 2 1 1 2327 382 1875 2490
17042 4 2 1 1 3547 2663 2543 2642
17043 4 2 1 1 1626 370 76 1171
17044 4 2 1 1 1496 368 72 71
17045 4 2 1 1 359 2586 110 109
17046 4 2 1 1 371 1496 76 75
17047 4 2 1 1 228 229 2158 3352
17048 4 2 1 1 1744 229 1964 2158
17049 4 2 1 1 531 2827 92 2847
17050 4 2 1 1 492 12 3710 3734
17051 4 2 1 1 911 400 906 1401
17052 4 2 1 1 2603 212 1940 2656
17053 4 2 1 1 2552 359 2503 2548
17054 4 2 1 1 2456 114 349 348
17055 4 2 1 1 906 398 74 399
17056 4 2 1 1 1626 370 1173 1162
17057 4 2 1 1 13 9 3761 3793
17058 4 2 1 1 2468 349 2456 2686
17059 4 2 1 1 1528 70 1441 395
17060 4 2 1 1 178 242 2333 112
17061 4 2 1 1 2627 3560 1829 1828
17062 4 2 1 1 3460 3454 3462 3798
17063 4 2 1 1 1168 372 1136 1141
17064 4 2 1 1 2394 3571 2395 2572
17065 4 2 1 1 3560 2627 1869 111
17066 4 2 1 1 370 1626 1157 1171
17067 4 2 1 1 2456 349 2561 2686
17068 4 2 1 1 2456 2464 349 2466
17069 4 2 1 1 1818 381 111 112
17070 4 2 1 1 872 398 874 1668
17071 4 2 1 1 212 2656 1756 2072
17072 4 2 1 1 1924 1926 178 2366
17073 4 2 1 1 394 2300 393 108
17074 4 2 1 1 395 1524 1441 1526
17075 4 2 1 1 381 1818 111 1869
17076 4 2 1 1 177 178 3014 2603
17077 4 2 1 1 2300 392 108 107
17078 4 2 1 1 396 70 69 1538
17079 4 2 1 1 114 349 3534 2561
17080 4 2 1 1 381 2490 382 112
17081 4 2 1 1 181 182 3069 3875
17082 4 2 1 1 182 305 289 3875
17083 4 2 1 1 216 3313 217 3902
17084 4 2 1 1 1760 100 2632 3978
17085 4 2 1 1 1963 1760 2632 3978
17086 4 2 1 1 2655 1923 2194 3993
17087 4 2 1 1 1763 1768 2655 3993
17088 4 2 1 1 1923 2655 1768 3993
17089 4 2 1 1 1923 1768 1922 3993
17090 4 2 1 1 1922 3797 1923 3993
17091 4 2 1 1 1922 1768 1770 3993
17092 4 2 1 1 312 296 295 4003
17093 4 2 1 1 295 311 312 4003
17094 4 2 1 1 1753 2430 2200 4030
17095 4 2 1 1 2730 2163 2354 4035
17096 4 2 1 1 306 290 305 4051
17097 4 2 1 1 290 289 305 4051
17098 4 2 1 1 365 3877 3941 4082
17099 4 2 1 1 2073 2074 1796 4083
17100 4 2 1 1 386 374 385 4085
17101 4 2 1 1 374 386 375 4085
17102 4 2 1 1 386 3902 375 4085
17103 4 2 1 1 3335 230 3931 4096
17104 4 2 1 1 2837 2827 92 4111
17105 4 2 1 1 2827 531 92 4111
17106 4 2 1 1 3215 3877 225 4117
17107 4 2 1 1 225 3877 365 4117
17108 4 2 1 1 3877 4082 365 4117
17109 4 2 1 1 92 4111 531 4152
17110 4 2 1 1 2837 92 3863 4152
17111 4 2 1 1 2837 4111 92 4152
17112 4 2 1 1 1789 1773 2205 4165
17113 4 2 1 1 1770 1771 1773 4165
17114 4 2 1 1 1770 1769 1771 4165
17115 4 2 1 1 1770 1773 1774 4165
17116 4 2 1 1 1922 1770 1774 4165
17117 4 2 1 1 1774 1773 1775 4165
17118 4 2 1 1 1922 1774 2284 4165
17119 4 2 1 1 2284 178 1924 4165
17120 4 2 1 1 2284 1924 1922 4165
17121 4 2 1 1 1922 1924 3797 4165
17122 4 2 1 1 1922 3797 3993 4165
17123 4 2 1 1 1922 3993 1770 4165
17124 4 2 1 1 3902 3837 4118 4189
17125 4 2 1 1 374 4085 375 4246
17126 4 2 1 1 2366 1926 3258 4257
17127 4 2 1 1 2351 1780 1835 4257
17128 4 2 1 1 3829 4082 3911 4284
17129 4 2 1 1 1783 2073 1796 4300
17130 4 2 1 1 2603 3014 1755 4334
17131 4 2 1 1 1925 1923 3797 4334
17132 4 2 1 1 1459 1458 1457 4349
17133 4 2 1 1 375 3875 4102 4365
17134 4 2 1 1 4085 375 4246 4365
17135 4 2 1 1 4102 4246 375 4365
17136 4 2 1 1 3902 4085 4118 4365
17137 4 2 1 1 3902 4118 3875 4365
17138 4 2 1 1 375 3902 3875 4365
17139 4 2 1 1 375 4085 3902 4365
17140 4 2 1 1 3875 4118 4051 4365
17141 4 2 1 1 4051 4118 3833 4365
17142 4 2 1 1 4082 4117 3860 4372
17143 4 2 1 1 3829 4082 4284 4372
17144 4 2 1 1 2599 2600 2574 4398
17145 4 2 1 1 2599 2574 2571 4398
17146 4 2 1 1 3560 1828 2627 4414
17147 4 2 1 1 1828 3560 1829 4414
17148 4 2 1 1 1829 3560 1867 4414
17149 4 2 1 1 1216 1267 1608 4426
17150 4 2 1 1 1608 1609 1216 4426
17151 4 2 1 1 1770 1768 1769 4447
17152 4 2 1 1 1770 3993 1768 4447
17153 4 2 1 1 2543 3547 2641 4459
17154 4 2 1 1 3829 4227 3943 4463
17155 4 2 1 1 1417 1419 1594 4474
17156 4 2 1 1 1624 1239 1417 4474
17157 4 2 1 1 1239 1624 1251 4474
17158 4 2 1 1 1219 1223 1239 4474
17159 4 2 1 1 1251 1219 1239 4474
17160 4 2 1 1 1610 1251 1624 4474
17161 4 2 1 1 1251 1267 1219 4474
17162 4 2 1 1 1610 1608 1251 4474
17163 4 2 1 1 1251 1608 1267 4474
17164 4 2 1 1 1608 1610 1609 4474
17165 4 2 1 1 1741 3108 1744 4478
17166 4 2 1 1 3865 4235 4160 4487
17167 4 2 1 1 2430 1921 2211 4494
17168 4 2 1 1 2430 2211 2200 4494
17169 4 2 1 1 3902 4118 3837 4509
17170 4 2 1 1 4051 4176 3890 4509
17171 4 2 1 1 1731 99 98 4594
17172 4 2 1 1 1754 99 1731 4594
17173 4 2 1 1 1754 1731 1755 4594
17174 4 2 1 1 1754 1755 177 4594
17175 4 2 1 1 1755 1731 1757 4594
17176 4 2 1 1 1755 1757 4334 4594
17177 4 2 1 1 1757 1731 2566 4594
17178 4 2 1 1 1751 1747 1749 4599
17179 4 2 1 1 1752 1887 1751 4599
17180 4 2 1 1 2069 1887 2608 4599
17181 4 2 1 1 1749 1747 3803 4599
17182 4 2 1 1 1752 2070 1887 4599
17183 4 2 1 1 1751 1749 1752 4599
17184 4 2 1 1 1887 2070 2608 4599
17185 4 2 1 1 2333 3990 2331 4684
17186 4 2 1 1 1740 1739 1730 4688
17187 4 2 1 1 2225 2226 2223 4694
17188 4 2 1 1 2007 2223 2224 4694
17189 4 2 1 1 2222 2225 2223 4694
17190 4 2 1 1 2470 2007 2224 4694
17191 4 2 1 1 2223 2007 2222 4694
17192 4 2 1 1 2004 2007 2470 4694
17193 4 2 1 1 2007 2006 2222 4694
17194 4 2 1 1 2004 2006 2007 4694
17195 4 2 1 1 2006 2510 2222 4694
17196 4 2 1 1 3921 4051 3833 4719
17197 4 2 1 1 3875 4365 4051 4719
17198 4 2 1 1 4051 4365 3833 4719
17199 4 2 1 1 289 3875 4051 4719
17200 4 2 1 1 3911 4082 3829 4736
17201 4 2 1 1 2971 4227 189 4736
17202 4 2 1 1 3829 4736 4227 4737
17203 4 2 1 1 3215 3877 4117 4761
17204 4 2 1 1 1460 1715 1462 4765
17205 4 2 1 1 1458 1460 1461 4765
17206 4 2 1 1 3877 3941 4082 4787
17207 4 2 1 1 1835 1780 1782 4792
17208 4 2 1 1 1835 4257 1780 4792
17209 4 2 1 1 1782 1781 1783 4792
17210 4 2 1 1 1782 1780 1781 4792
17211 4 2 1 1 1781 2073 1783 4792
17212 4 2 1 1 2073 4300 1783 4792
17213 4 2 1 1 2570 2571 2573 4802
17214 4 2 1 1 2832 4309 534 4881
17215 4 2 1 1 3215 4761 4117 4893
17216 4 2 1 1 1970 1972 1971 4915
17217 4 2 1 1 1977 1992 1971 4915
17218 4 2 1 1 3312 4611 4555 4919
17219 4 2 1 1 3902 4509 3837 4919
17220 4 2 1 1 3902 4118 4085 4925
17221 4 2 1 1 3903 4022 4623 4971
17222 4 2 1 1 3089 4623 3068 4971
17223 4 2 1 1 289 4719 4207 4971
17224 4 2 1 1 3068 4022 3069 4971
17225 4 2 1 1 3068 4623 4022 4971
17226 4 2 1 1 289 182 3875 4971
17227 4 2 1 1 289 3875 4719 4971
17228 4 2 1 1 331 4372 315 4974
17229 4 2 1 1 313 315 4089 4974
17230 4 2 1 1 374 4246 375 4975
17231 4 2 1 1 375 4246 4102 4975
17232 4 2 1 1 3288 4174 3131 4976
17233 4 2 1 1 3288 4674 4174 4976
17234 4 2 1 1 3947 4174 4674 4976
17235 4 2 1 1 151 2800 152 4982
17236 4 2 1 1 4019 4352 4178 4988
17237 4 2 1 1 3313 4919 3902 4988
17238 4 2 1 1 4178 4352 3902 4988
17239 4 2 1 1 2406 2013 2354 4998
17240 4 2 1 1 2730 2354 2013 4998
17241 4 2 1 1 1371 1377 1375 5006
17242 4 2 1 1 3957 5010 3954 5011
17243 4 2 1 1 1966 2135 1968 5017
17244 4 2 1 1 1749 1752 4599 5017
17245 4 2 1 1 1966 1968 1752 5017
17246 4 2 1 1 1752 1749 1966 5017
17247 4 2 1 1 1749 4599 3803 5017
17248 4 2 1 1 1966 1967 2135 5017
17249 4 2 1 1 1967 1971 2135 5017
17250 4 2 1 1 1750 1966 1749 5017
17251 4 2 1 1 1966 1750 1967 5017
17252 4 2 1 1 1749 1748 1750 5017
17253 4 2 1 1 1749 3803 1748 5017
17254 4 2 1 1 217 305 3902 5028
17255 4 2 1 1 3313 217 3902 5028
17256 4 2 1 1 1859 1738 106 5034
17257 4 2 1 1 2667 2165 2668 5050
17258 4 2 1 1 2166 2667 2668 5050
17259 4 2 1 1 4833 4957 4208 3898
17260 4 2 1 1 4208 4957 4833 4234
17261 4 2 1 1 4208 4328 4833 3898
17262 4 2 1 1 4833 4328 4208 4234
17263 4 2 1 1 4570 3811 4482 3937
17264 4 2 1 1 4570 4482 3811 4146
17265 4 2 1 1 2158 1753 193 228
17266 4 2 1 1 4284 4463 4304 3829
17267 4 2 1 1 4304 4463 4284 4159
17268 4 2 1 1 4738 3974 4238 4357
17269 4 2 1 1 4738 4238 3974 4120
17270 4 2 1 1 3796 3569 3571 390
17271 4 2 1 1 3796 3571 3569 3558
17272 4 2 1 1 3560 3796 3571 390
17273 4 2 1 1 3560 3571 3796 3558
17274 4 2 1 1 379 3796 3560 390
17275 4 2 1 1 379 3560 3796 3558
17276 4 2 1 1 4220 5036 4288 3804
17277 4 2 1 1 4288 5036 4220 3999
17278 4 2 1 1 212 178 2603 1940
17279 4 2 1 1 212 2603 178 177
17280 4 2 1 1 178 212 1926 1940
17281 4 2 1 1 178 1926 212 213
17282 4 2 1 1 1921 1920 4030 2652
17283 4 2 1 1 1921 4030 1920 5034
17284 4 2 1 1 416 4747 85 47
17285 4 2 1 1 85 4747 416 432
17286 4 2 1 1 295 311 4961 294
17287 4 2 1 1 295 4961 311 4072
17288 4 2 1 1 310 4961 311 294
17289 4 2 1 1 3834 3903 4129 4605
17290 4 2 1 1 4129 3903 3834 4720
17291 4 2 1 1 492 3709 12 3736
17292 4 2 1 1 12 3709 492 3710
17293 4 2 1 1 3902 4092 3837 4189
17294 4 2 1 1 3837 4092 3902 4919
17295 4 2 1 1 4416 517 4065 501
17296 4 2 1 1 4416 4065 517 4619
17297 4 2 1 1 4898 461 4592 4394
17298 4 2 1 1 4592 461 4898 460
17299 4 2 1 1 4592 4851 4898 4394
17300 4 2 1 1 4898 4851 4592 460
17301 4 2 1 1 4058 3867 733 722
17302 4 2 1 1 4058 733 3867 4562
17303 4 2 1 1 743 733 3867 722
17304 4 2 1 1 743 3867 733 4562
17305 4 2 1 1 365 3941 4209 4082
17306 4 2 1 1 4209 3941 365 4514
17307 4 2 1 1 4209 366 365 4082
17308 4 2 1 1 365 366 4209 4514
17309 4 2 1 1 1775 1776 4165 178
17310 4 2 1 1 1775 4165 1776 1774
17311 4 2 1 1 2284 4165 1776 178
17312 4 2 1 1 2284 1776 4165 1774
17313 4 2 1 1 4677 2300 4001 4350
17314 4 2 1 1 4375 4689 4379 3975
17315 4 2 1 1 4379 4689 4375 3892
17316 4 2 1 1 4286 4922 4650 1276
17317 4 2 1 1 4286 4650 4922 3986
17318 4 2 1 1 1433 4650 4922 1276
17319 4 2 1 1 1433 4922 4650 3986
17320 4 2 1 1 4120 5031 692 4048
17321 4 2 1 1 692 5031 4120 4093
17322 4 2 1 1 514 4943 4740 513
17323 4 2 1 1 4740 4943 514 4115
17324 4 2 1 1 3657 3656 32 3682
17325 4 2 1 1 3657 32 3656 31
17326 4 2 1 1 37 4914 4132 3728
17327 4 2 1 1 4132 4914 37 4781
17328 4 2 1 1 37 4884 4132 4781
17329 4 2 1 1 4053 311 4003 312
17330 4 2 1 1 4102 4553 4326 3070
17331 4 2 1 1 4703 3829 4735 4304
17332 4 2 1 1 4703 4735 3829 4239
17333 4 2 1 1 4290 447 4011 4230
17334 4 2 1 1 4290 4011 447 448
17335 4 2 1 1 4074 484 467 468
17336 4 2 1 1 4074 467 484 483
17337 4 2 1 1 3703 467 484 468
17338 4 2 1 1 2603 212 1755 177
17339 4 2 1 1 2603 1755 212 1756
17340 4 2 1 1 4752 3611 3622 4036
17341 4 2 1 1 4752 3622 3611 3624
17342 4 2 1 1 1706 1267 4474 1219
17343 4 2 1 1 4474 1267 1706 4426
17344 4 2 1 1 4474 4580 1706 1219
17345 4 2 1 1 1706 4580 4474 4426
17346 4 2 1 1 515 498 4275 499
17347 4 2 1 1 515 514 4275 498
17348 4 2 1 1 515 4275 514 4243
17349 4 2 1 1 4200 368 1483 4224
17350 4 2 1 1 1484 368 1483 1480
17351 4 2 1 1 4242 4470 3899 4142
17352 4 2 1 1 3899 4470 4242 4036
17353 4 2 1 1 4717 4933 4205 3933
17354 4 2 1 1 4205 4933 4717 600
17355 4 2 1 1 4269 372 1672 4948
17356 4 2 1 1 1599 1176 372 1141
17357 4 2 1 1 372 1176 1599 4948
17358 4 2 1 1 1672 1599 372 1141
17359 4 2 1 1 372 1599 1672 4948
17360 4 2 1 1 4767 2053 4637 4642
17361 4 2 1 1 4767 4637 2053 2047
17362 4 2 1 1 4998 2142 228 2141
17363 4 2 1 1 4998 228 2142 4915
17364 4 2 1 1 2061 228 2142 2141
17365 4 2 1 1 2061 2142 228 4915
17366 4 2 1 1 4803 4734 2598 2257
17367 4 2 1 1 4803 2598 4734 3911
17368 4 2 1 1 1891 2598 4734 2257
17369 4 2 1 1 1891 4734 2598 3911
17370 4 2 1 1 1063 5032 1009 1516
17371 4 2 1 1 1009 5032 1063 4153
17372 4 2 1 1 5070 400 906 911
17373 4 2 1 1 5070 906 400 4237
17374 4 2 1 1 1112 1483 4493 1487
17375 4 2 1 1 4493 1483 1112 4224
17376 4 2 1 1 4880 3074 3068 3073
17377 4 2 1 1 4880 3068 3074 4623
17378 4 2 1 1 4338 1552 396 1543
17379 4 2 1 1 4338 396 1552 4332
17380 4 2 1 1 1590 396 1552 1543
17381 4 2 1 1 1590 1552 396 4332
17382 4 2 1 1 3017 4721 3004 3003
17383 4 2 1 1 3017 3004 4721 4267
17384 4 2 1 1 4656 3004 4721 3003
17385 4 2 1 1 4656 4721 3004 4267
17386 4 2 1 1 331 4117 225 365
17387 4 2 1 1 225 4117 331 224
17388 4 2 1 1 371 4043 367 368
17389 4 2 1 1 5030 4144 1448 4456
17390 4 2 1 1 5030 1448 4144 4561
17391 4 2 1 1 396 1546 1542 1538
17392 4 2 1 1 69 1549 396 1538
17393 4 2 1 1 69 396 1549 397
17394 4 2 1 1 1549 1546 396 1538
17395 4 2 1 1 1549 396 1546 397
17396 4 2 1 1 4462 3924 4094 604
17397 4 2 1 1 4462 4094 3924 4183
17398 4 2 1 1 4376 5046 888 1224
17399 4 2 1 1 888 5046 4376 4068
17400 4 2 1 1 4376 888 921 1224
17401 4 2 1 1 921 888 4376 4068
17402 4 2 1 1 4376 921 4980 1224
17403 4 2 1 1 4980 921 4376 4068
17404 4 2 1 1 3990 178 242 2333
17405 4 2 1 1 3990 242 178 3378
17406 4 2 1 1 1777 1778 178 213
17407 4 2 1 1 1777 178 1778 1776
17408 4 2 1 1 1797 178 1778 213
17409 4 2 1 1 1797 1778 178 1776
17410 4 2 1 1 2343 2205 178 1789
17411 4 2 1 1 2343 178 2205 4383
17412 4 2 1 1 4278 1386 398 872
17413 4 2 1 1 906 398 1386 872
17414 4 2 1 1 875 873 398 874
17415 4 2 1 1 398 873 875 4558
17416 4 2 1 1 4053 4003 4628 312
17417 4 2 1 1 4516 4628 3850 3827
17418 4 2 1 1 3850 4628 4516 4078
17419 4 2 1 1 4640 4741 4466 4205
17420 4 2 1 1 4466 4741 4640 3923
17421 4 2 1 1 1561 1387 4278 985
17422 4 2 1 1 1561 4278 1387 4707
17423 4 2 1 1 1463 1464 369 1467
17424 4 2 1 1 1463 369 1464 4765
17425 4 2 1 1 1468 369 1466 1467
17426 4 2 1 1 369 1464 1466 1467
17427 4 2 1 1 369 1466 1464 4765
17428 4 2 1 1 4006 722 4058 701
17429 4 2 1 1 4006 4058 722 3867
17430 4 2 1 1 5049 2442 359 2550
17431 4 2 1 1 5049 359 2442 4627
17432 4 2 1 1 2549 359 2442 2550
17433 4 2 1 1 2549 2442 359 4627
17434 4 2 1 1 3978 4674 1963 1760
17435 4 2 1 1 415 4747 4154 431
17436 4 2 1 1 4154 4747 415 4618
17437 4 2 1 1 4154 430 415 431
17438 4 2 1 1 414 415 4154 430
17439 4 2 1 1 4154 415 414 4618
17440 4 2 1 1 1688 1158 370 1689
17441 4 2 1 1 1688 370 1158 4892
17442 4 2 1 1 4358 370 1158 1689
17443 4 2 1 1 4358 1158 370 4892
17444 4 2 1 1 495 4910 480 479
17445 4 2 1 1 480 4910 495 496
17446 4 2 1 1 495 3726 480 496
17447 4 2 1 1 4556 4822 4363 3844
17448 4 2 1 1 4363 4822 4556 4041
17449 4 2 1 1 228 1971 1967 5017
17450 4 2 1 1 3919 4814 737 3867
17451 4 2 1 1 737 4814 3919 634
17452 4 2 1 1 4698 2598 4803 3911
17453 4 2 1 1 4803 2598 4698 4245
17454 4 2 1 1 4803 4593 4698 3911
17455 4 2 1 1 4698 4593 4803 4245
17456 4 2 1 1 5028 4555 3312 3333
17457 4 2 1 1 3312 4555 5028 4919
17458 4 2 1 1 3312 3313 5028 3333
17459 4 2 1 1 5028 3313 3312 4919
17460 4 2 1 1 4902 5041 4183 3975
17461 4 2 1 1 4183 5041 4902 4462
17462 4 2 1 1 1139 1672 4269 1140
17463 4 2 1 1 1139 4269 1672 4948
17464 4 2 1 1 4551 5065 4437 4159
17465 4 2 1 1 4551 4437 5065 4238
17466 4 2 1 1 3984 4437 5065 4159
17467 4 2 1 1 3984 5065 4437 4238
17468 4 2 1 1 4891 3318 3312 4555
17469 4 2 1 1 4891 3312 3318 3317
17470 4 2 1 1 4371 330 4079 344
17471 4 2 1 1 4371 4079 330 4974
17472 4 2 1 1 623 4052 621 624
17473 4 2 1 1 621 4052 623 4045
17474 4 2 1 1 4035 272 228 3416
17475 4 2 1 1 351 3540 3873 3532
17476 4 2 1 1 351 3873 3540 4406
17477 4 2 1 1 4324 4599 3111 2883
17478 4 2 1 1 4324 3111 4599 5017
17479 4 2 1 1 193 3111 4599 2883
17480 4 2 1 1 193 4599 3111 5017
17481 4 2 1 1 975 5035 1593 976
17482 4 2 1 1 212 2072 3258 1941
17483 4 2 1 1 4282 4029 4028 3909
17484 4 2 1 1 4282 4028 4029 3908
17485 4 2 1 1 3824 4028 4029 3909
17486 4 2 1 1 3824 4029 4028 3908
17487 4 2 1 1 4624 497 597 14
17488 4 2 1 1 4624 597 497 4740
17489 4 2 1 1 4754 2499 1961 4067
17490 4 2 1 1 4754 1961 2499 2216
17491 4 2 1 1 4621 3230 3222 3220
17492 4 2 1 1 4621 3222 3230 4342
17493 4 2 1 1 1817 381 1872 4823
17494 4 2 1 1 4616 1872 381 4823
17495 4 2 1 1 4138 733 708 4058
17496 4 2 1 1 4138 708 733 719
17497 4 2 1 1 4725 5025 435 433
17498 4 2 1 1 435 5025 4725 4182
17499 4 2 1 1 5002 2055 4315 1844
17500 4 2 1 1 5002 4315 2055 4188
17501 4 2 1 1 4277 4754 4067 3875
17502 4 2 1 1 4067 4754 4277 3885
17503 4 2 1 1 2323 2320 4383 2316
17504 4 2 1 1 2323 4383 2320 4714
17505 4 2 1 1 4978 34 4857 1716
17506 4 2 1 1 4978 4857 34 4112
17507 4 2 1 1 1858 1798 4084 2184
17508 4 2 1 1 1858 4084 1798 4792
17509 4 2 1 1 2219 4084 1798 2184
17510 4 2 1 1 2105 4925 2347 2350
17511 4 2 1 1 2105 2347 4925 4085
17512 4 2 1 1 2348 2347 4925 2350
17513 4 2 1 1 2348 4925 2347 4085
17514 4 2 1 1 1460 1715 369 1481
17515 4 2 1 1 1460 369 1715 4765
17516 4 2 1 1 1463 369 1715 1481
17517 4 2 1 1 1463 1715 369 4765
17518 4 2 1 1 4615 1960 1959 1961
17519 4 2 1 1 4615 1959 1960 4481
17520 4 2 1 1 4570 601 995 4317
17521 4 2 1 1 4570 995 601 1589
17522 4 2 1 1 272 109 2177 2174
17523 4 2 1 1 2162 2730 4035 2163
17524 4 2 1 1 2162 4035 2730 4998
17525 4 2 1 1 3476 307 290 306
17526 4 2 1 1 968 4038 4678 967
17527 4 2 1 1 968 4678 4038 4488
17528 4 2 1 1 4147 3851 4230 3883
17529 4 2 1 1 4147 4230 3851 3936
17530 4 2 1 1 3936 4780 4592 4047
17531 4 2 1 1 4592 4780 3936 4147
17532 4 2 1 1 272 109 4035 228
17533 4 2 1 1 4458 2412 2415 2640
17534 4 2 1 1 4458 2415 2412 4459
17535 4 2 1 1 2641 2643 4458 2640
17536 4 2 1 1 2641 4458 2643 4459
17537 4 2 1 1 2643 2412 4458 2640
17538 4 2 1 1 2643 4458 2412 4459
17539 4 2 1 1 4437 4996 4238 3974
17540 4 2 1 1 4437 4238 4996 3845
17541 4 2 1 1 4357 4238 4996 3974
17542 4 2 1 1 4357 4996 4238 3845
17543 4 2 1 1 4389 3908 4485 3863
17544 4 2 1 1 4389 4485 3908 3824
17545 4 2 1 1 4491 4689 3924 4369
17546 4 2 1 1 3924 4689 4491 3835
17547 4 2 1 1 4350 4001 2298 2300
17548 4 2 1 1 2154 4019 4789 4300
17549 4 2 1 1 4789 4019 2154 5048
17550 4 2 1 1 4037 4136 4193 370
17551 4 2 1 1 4037 4193 4136 4043
17552 4 2 1 1 368 71 1473 1646
17553 4 2 1 1 4505 1066 1347 1393
17554 4 2 1 1 1347 1066 4505 4069
17555 4 2 1 1 1347 1712 4505 1393
17556 4 2 1 1 4505 1712 1347 4069
17557 4 2 1 1 4687 5027 5004 343
17558 4 2 1 1 4687 5004 5027 4260
17559 4 2 1 1 4261 2090 2187 3878
17560 4 2 1 1 4261 2187 2090 2096
17561 4 2 1 1 4346 4142 1732 2427
17562 4 2 1 1 4346 1732 4142 3973
17563 4 2 1 1 4902 3924 4689 4183
17564 4 2 1 1 4902 4689 3924 4397
17565 4 2 1 1 4770 3771 3763 4638
17566 4 2 1 1 4770 3763 3771 3769
17567 4 2 1 1 2152 4155 1855 1857
17568 4 2 1 1 1855 4155 2152 4384
17569 4 2 1 1 4561 479 605 34
17570 4 2 1 1 4561 605 479 4517
17571 4 2 1 1 4842 3198 3199 4557
17572 4 2 1 1 4842 3199 3198 3191
17573 4 2 1 1 4296 4004 3872 4768
17574 4 2 1 1 2353 2444 4448 2445
17575 4 2 1 1 4448 2444 2353 4694
17576 4 2 1 1 4808 1433 1181 1581
17577 4 2 1 1 4808 1181 1433 3986
17578 4 2 1 1 4340 2755 2754 2756
17579 4 2 1 1 4340 2754 2755 4148
17580 4 2 1 1 3931 105 5034 4364
17581 4 2 1 1 2479 105 5034 1859
17582 4 2 1 1 2479 5034 105 4364
17583 4 2 1 1 3544 351 3873 352
17584 4 2 1 1 3544 3873 351 4826
17585 4 2 1 1 2887 4963 4487 3044
17586 4 2 1 1 4487 4963 2887 4160
17587 4 2 1 1 4487 176 2887 3044
17588 4 2 1 1 2887 176 4487 4160
17589 4 2 1 1 5036 4208 3898 4328
17590 4 2 1 1 5036 3898 4208 4690
17591 4 2 1 1 448 463 4012 447
17592 4 2 1 1 448 4012 463 4573
17593 4 2 1 1 4265 4012 463 447
17594 4 2 1 1 4265 463 4012 4573
17595 4 2 1 1 4797 1848 1847 4226
17596 4 2 1 1 4797 1847 1848 2609
17597 4 2 1 1 4736 4513 4958 3932
17598 4 2 1 1 4736 4958 4513 4116
17599 4 2 1 1 4957 619 627 638
17600 4 2 1 1 4957 627 619 4874
17601 4 2 1 1 3768 29 4886 30
17602 4 2 1 1 3768 4886 29 4928
17603 4 2 1 1 1724 4886 29 30
17604 4 2 1 1 1724 29 4886 4928
17605 4 2 1 1 461 446 4104 462
17606 4 2 1 1 4265 4104 446 462
17607 4 2 1 1 4265 446 4104 5058
17608 4 2 1 1 445 446 4104 461
17609 4 2 1 1 4104 446 445 5058
17610 4 2 1 1 4104 4592 445 461
17611 4 2 1 1 445 4592 4104 5058
17612 4 2 1 1 4608 4009 4693 4006
17613 4 2 1 1 4608 4693 4009 4471
17614 4 2 1 1 4254 15 4527 470
17615 4 2 1 1 4254 4527 15 4836
17616 4 2 1 1 4576 2475 2157 2620
17617 4 2 1 1 4576 2157 2475 4135
17618 4 2 1 1 2109 4585 2110 2111
17619 4 2 1 1 2110 4585 2109 4246
17620 4 2 1 1 4958 190 2971 2970
17621 4 2 1 1 4958 2971 190 4736
17622 4 2 1 1 4030 1753 228 2200
17623 4 2 1 1 4915 4030 228 2200
17624 4 2 1 1 4915 228 4030 3127
17625 4 2 1 1 4494 4030 4915 2200
17626 4 2 1 1 4494 4915 4030 3127
17627 4 2 1 1 2801 4600 2814 2806
17628 4 2 1 1 2814 4600 2801 4111
17629 4 2 1 1 4448 347 2446 2448
17630 4 2 1 1 113 2446 347 2448
17631 4 2 1 1 4111 4600 2844 2814
17632 4 2 1 1 2825 4600 2844 3863
17633 4 2 1 1 2825 2844 4600 2814
17634 4 2 1 1 4041 740 4044 620
17635 4 2 1 1 4041 4044 740 4556
17636 4 2 1 1 5037 4370 4449 4649
17637 4 2 1 1 5037 4449 4370 4839
17638 4 2 1 1 4637 4767 2130 2047
17639 4 2 1 1 2130 4767 4637 3938
17640 4 2 1 1 2130 2060 4637 2047
17641 4 2 1 1 4637 2060 2130 3938
17642 4 2 1 1 2608 4599 2473 2069
17643 4 2 1 1 2371 2473 4599 2069
17644 4 2 1 1 2371 4599 2473 4324
17645 4 2 1 1 4562 4517 5030 4561
17646 4 2 1 1 4562 5030 4517 4058
17647 4 2 1 1 3868 4813 744 4138
17648 4 2 1 1 744 4813 3868 4812
17649 4 2 1 1 744 725 3868 4138
17650 4 2 1 1 3868 725 744 4812
17651 4 2 1 1 4634 3885 4102 4553
17652 4 2 1 1 4634 4102 3885 4067
17653 4 2 1 1 4326 4102 3885 4553
17654 4 2 1 1 264 3544 3873 3543
17655 4 2 1 1 264 3873 3544 4826
17656 4 2 1 1 4694 2353 271 2226
17657 4 2 1 1 113 271 2353 2226
17658 4 2 1 1 113 2353 271 346
17659 4 2 1 1 4761 4711 4117 3850
17660 4 2 1 1 4761 4117 4711 3860
17661 4 2 1 1 2254 4743 2252 4734
17662 4 2 1 1 4116 2252 4743 4734
17663 4 2 1 1 4116 4743 2252 4513
17664 4 2 1 1 4617 1348 3944 4451
17665 4 2 1 1 4617 3944 1348 1241
17666 4 2 1 1 969 3944 1348 4451
17667 4 2 1 1 969 1348 3944 1241
17668 4 2 1 1 4982 2809 2800 4378
17669 4 2 1 1 4982 2800 2809 151
17670 4 2 1 1 4652 501 4901 4484
17671 4 2 1 1 4652 4901 501 500
17672 4 2 1 1 224 190 331 225
17673 4 2 1 1 365 331 190 225
17674 4 2 1 1 4927 1073 1449 1071
17675 4 2 1 1 4927 1449 1073 4252
17676 4 2 1 1 4636 2038 2040 4015
17677 4 2 1 1 4636 2040 2038 2039
17678 4 2 1 1 3196 4007 3197 3351
17679 4 2 1 1 3196 3197 4007 4987
17680 4 2 1 1 4453 1903 1904 1906
17681 4 2 1 1 4453 1904 1903 4281
17682 4 2 1 1 4727 3956 3827 4264
17683 4 2 1 1 4727 3827 3956 4381
17684 4 2 1 1 1453 4349 1455 1456
17685 4 2 1 1 1453 1455 4349 4869
17686 4 2 1 1 1457 1455 4349 1456
17687 4 2 1 1 1457 4349 1455 4869
17688 4 2 1 1 4859 313 4371 314
17689 4 2 1 1 4859 4371 313 4089
17690 4 2 1 1 4974 4371 313 314
17691 4 2 1 1 4974 313 4371 4089
17692 4 2 1 1 3300 3182 4842 3339
17693 4 2 1 1 3300 4842 3182 4862
17694 4 2 1 1 4131 4842 3182 3339
17695 4 2 1 1 4131 3182 4842 4862
17696 4 2 1 1 4447 1763 1768 1767
17697 4 2 1 1 4447 1768 1763 3993
17698 4 2 1 1 4586 1427 4415 4443
17699 4 2 1 1 4586 4415 1427 962
17700 4 2 1 1 5087 4913 2842 3856
17701 4 2 1 1 5087 2842 4913 2823
17702 4 2 1 1 4684 2702 1803 4331
17703 4 2 1 1 4684 1803 2702 2701
17704 4 2 1 1 5017 1753 228 193
17705 4 2 1 1 1746 3803 1753 1748
17706 4 2 1 1 3803 5017 1753 1748
17707 4 2 1 1 3803 1753 5017 193
17708 4 2 1 1 4605 4250 4706 3903
17709 4 2 1 1 4605 4706 4250 3954
17710 4 2 1 1 4249 4515 4315 4205
17711 4 2 1 1 4315 4515 4249 3810
17712 4 2 1 1 4382 4564 4162 3343
17713 4 2 1 1 4382 4162 4564 4033
17714 4 2 1 1 3367 4162 4564 3343
17715 4 2 1 1 3367 4564 4162 4033
17716 4 2 1 1 873 871 398 874
17717 4 2 1 1 873 398 871 4278
17718 4 2 1 1 2335 2490 4616 2327
17719 4 2 1 1 4616 2186 2335 2327
17720 4 2 1 1 3757 499 516 500
17721 4 2 1 1 2024 4636 2038 2039
17722 4 2 1 1 2038 4636 2024 4106
17723 4 2 1 1 4243 5018 4275 4161
17724 4 2 1 1 4243 4275 5018 515
17725 4 2 1 1 4808 1180 1433 1581
17726 4 2 1 1 4808 1433 1180 4650
17727 4 2 1 1 400 1379 1378 1401
17728 4 2 1 1 400 1378 1379 5006
17729 4 2 1 1 1260 1048 4959 1401
17730 4 2 1 1 4959 1048 400 1401
17731 4 2 1 1 4959 400 1048 5006
17732 4 2 1 1 1048 1379 400 1401
17733 4 2 1 1 1048 400 1379 5006
17734 4 2 1 1 144 1443 68 833
17735 4 2 1 1 68 1443 144 2796
17736 4 2 1 1 4842 3198 4794 3191
17737 4 2 1 1 4842 4794 3198 4287
17738 4 2 1 1 4769 2990 2988 2989
17739 4 2 1 1 4769 2988 2990 4385
17740 4 2 1 1 4456 998 997 1054
17741 4 2 1 1 4456 997 998 4322
17742 4 2 1 1 3560 1867 4750 1869
17743 4 2 1 1 3560 4750 1867 4414
17744 4 2 1 1 4401 4893 3215 3217
17745 4 2 1 1 3215 4893 4401 4002
17746 4 2 1 1 5072 1358 4214 1321
17747 4 2 1 1 5072 4214 1358 4411
17748 4 2 1 1 3252 4564 3250 3251
17749 4 2 1 1 3250 4564 3252 4390
17750 4 2 1 1 5077 2516 2417 2515
17751 4 2 1 1 5077 2417 2516 4458
17752 4 2 1 1 4167 1911 1910 1965
17753 4 2 1 1 4167 1910 1911 4854
17754 4 2 1 1 4669 3587 3580 3585
17755 4 2 1 1 4669 3580 3587 4194
17756 4 2 1 1 4928 1734 1836 4375
17757 4 2 1 1 4928 1836 1734 81
17758 4 2 1 1 1308 1059 4454 1309
17759 4 2 1 1 1308 4454 1059 4856
17760 4 2 1 1 4798 1015 4986 1355
17761 4 2 1 1 4798 4986 1015 4519
17762 4 2 1 1 4087 1738 3931 106
17763 4 2 1 1 5034 3931 1738 106
17764 4 2 1 1 4376 4452 3868 3972
17765 4 2 1 1 3868 4452 4376 4068
17766 4 2 1 1 2956 4685 3085 2957
17767 4 2 1 1 3085 4685 2956 4282
17768 4 2 1 1 3959 311 4003 4053
17769 4 2 1 1 3959 4003 311 4072
17770 4 2 1 1 5003 3001 2993 3028
17771 4 2 1 1 5003 2993 3001 4464
17772 4 2 1 1 3773 4886 18 17
17773 4 2 1 1 3773 18 4886 4929
17774 4 2 1 1 1725 18 4886 17
17775 4 2 1 1 1725 4886 18 4929
17776 4 2 1 1 1763 5040 1759 1762
17777 4 2 1 1 1759 5040 1763 3993
17778 4 2 1 1 2138 4567 2479 1854
17779 4 2 1 1 2479 4567 2138 4364
17780 4 2 1 1 1743 4478 2136 1740
17781 4 2 1 1 2136 4478 1743 4215
17782 4 2 1 1 3920 4706 4971 3882
17783 4 2 1 1 4971 4706 3920 4086
17784 4 2 1 1 4667 731 4536 741
17785 4 2 1 1 4667 4536 731 4044
17786 4 2 1 1 4846 4536 731 741
17787 4 2 1 1 4846 731 4536 4044
17788 4 2 1 1 4712 187 188 4080
17789 4 2 1 1 4712 188 187 2984
17790 4 2 1 1 4785 4560 4559 3960
17791 4 2 1 1 4785 4559 4560 4346
17792 4 2 1 1 1295 4193 1293 1296
17793 4 2 1 1 1293 4193 1295 4043
17794 4 2 1 1 4939 1930 2657 1931
17795 4 2 1 1 4939 2657 1930 4335
17796 4 2 1 1 3393 270 4418 3392
17797 4 2 1 1 4043 4136 5076 371
17798 4 2 1 1 607 4120 4093 608
17799 4 2 1 1 4093 4120 607 5031
17800 4 2 1 1 4093 606 607 608
17801 4 2 1 1 607 606 4093 5031
17802 4 2 1 1 4723 4902 3924 4397
17803 4 2 1 1 3924 4902 4723 604
17804 4 2 1 1 4553 3062 3026 3011
17805 4 2 1 1 4553 3026 3062 4733
17806 4 2 1 1 4906 4140 4991 3915
17807 4 2 1 1 4906 4991 4140 4467
17808 4 2 1 1 4491 4909 4689 3808
17809 4 2 1 1 4689 4909 4491 3835
17810 4 2 1 1 4615 4686 3930 4164
17811 4 2 1 1 3930 4686 4615 4481
17812 4 2 1 1 4717 642 4073 3933
17813 4 2 1 1 4717 4073 642 4258
17814 4 2 1 1 2899 4639 2898 2900
17815 4 2 1 1 2898 4639 2899 4407
17816 4 2 1 1 2540 4459 2541 2697
17817 4 2 1 1 2540 2541 4459 4967
17818 4 2 1 1 110 2541 4459 2697
17819 4 2 1 1 110 4459 2541 4967
17820 4 2 1 1 4363 4696 4867 597
17821 4 2 1 1 4363 4867 4696 4044
17822 4 2 1 1 4403 4867 4696 597
17823 4 2 1 1 4403 4696 4867 4044
17824 4 2 1 1 4730 4025 4937 889
17825 4 2 1 1 4730 4937 4025 4729
17826 4 2 1 1 5013 2280 608 607
17827 4 2 1 1 5013 608 2280 4551
17828 4 2 1 1 4418 2231 4448 4185
17829 4 2 1 1 4418 4448 2231 2233
17830 4 2 1 1 2232 2231 4448 2233
17831 4 2 1 1 1164 1163 4479 1356
17832 4 2 1 1 1164 4479 1163 4892
17833 4 2 1 1 370 1163 4479 4892
17834 4 2 1 1 4398 2601 4802 2599
17835 4 2 1 1 4398 4802 2601 4386
17836 4 2 1 1 2107 2106 5062 2104
17837 4 2 1 1 2107 5062 2106 373
17838 4 2 1 1 4753 4610 4244 3929
17839 4 2 1 1 4753 4244 4610 4413
17840 4 2 1 1 4156 4244 4610 3929
17841 4 2 1 1 4156 4610 4244 4413
17842 4 2 1 1 4964 4962 4482 727
17843 4 2 1 1 4964 4482 4962 4240
17844 4 2 1 1 4071 3867 4693 3907
17845 4 2 1 1 4071 4693 3867 4006
17846 4 2 1 1 4438 311 4574 310
17847 4 2 1 1 4438 4574 311 3959
17848 4 2 1 1 3558 4393 3560 3565
17849 4 2 1 1 3560 4393 3558 4256
17850 4 2 1 1 4981 901 1326 1674
17851 4 2 1 1 4981 1326 901 4558
17852 4 2 1 1 4910 605 38 607
17853 4 2 1 1 4451 1243 4617 1348
17854 4 2 1 1 4451 4617 1243 4310
17855 4 2 1 1 4936 4699 3806 4864
17856 4 2 1 1 4936 3806 4699 4410
17857 4 2 1 1 4866 1989 4202 3997
17858 4 2 1 1 4866 4202 1989 1985
17859 4 2 1 1 4865 690 4395 4511
17860 4 2 1 1 4865 4395 690 4423
17861 4 2 1 1 2715 2173 5050 2714
17862 4 2 1 1 5050 2173 2715 4432
17863 4 2 1 1 2348 4925 1898 2350
17864 4 2 1 1 1898 4925 2348 4118
17865 4 2 1 1 4592 461 444 445
17866 4 2 1 1 4592 444 461 460
17867 4 2 1 1 3647 444 461 445
17868 4 2 1 1 4808 1082 1081 1083
17869 4 2 1 1 4808 1081 1082 4262
17870 4 2 1 1 4448 2353 347 346
17871 4 2 1 1 4448 347 2353 2446
17872 4 2 1 1 113 347 2353 346
17873 4 2 1 1 113 2353 347 2446
17874 4 2 1 1 757 619 553 773
17875 4 2 1 1 757 553 619 638
17876 4 2 1 1 4007 3332 3351 3196
17877 4 2 1 1 4007 3351 3332 4841
17878 4 2 1 1 502 5005 4150 503
17879 4 2 1 1 502 4150 5005 4110
17880 4 2 1 1 4723 4150 5005 503
17881 4 2 1 1 4723 5005 4150 4110
17882 4 2 1 1 4401 4893 4442 4002
17883 4 2 1 1 4442 4893 4401 3226
17884 4 2 1 1 4906 411 4285 427
17885 4 2 1 1 4906 4285 411 4119
17886 4 2 1 1 3377 4634 246 3376
17887 4 2 1 1 3377 246 4634 4633
17888 4 2 1 1 247 246 4634 3376
17889 4 2 1 1 247 4634 246 4633
17890 4 2 1 1 411 4285 428 412
17891 4 2 1 1 428 4285 411 427
17892 4 2 1 1 428 3600 411 412
17893 4 2 1 1 5046 4759 919 1328
17894 4 2 1 1 5046 919 4759 4452
17895 4 2 1 1 1254 919 4759 1328
17896 4 2 1 1 1254 4759 919 4452
17897 4 2 1 1 4917 4169 3970 3840
17898 4 2 1 1 4917 3970 4169 4223
17899 4 2 1 1 4858 1757 4594 4334
17900 4 2 1 1 4858 4594 1757 2566
17901 4 2 1 1 1835 4257 2483 2218
17902 4 2 1 1 1835 2483 4257 4792
17903 4 2 1 1 2219 2483 4257 2218
17904 4 2 1 1 1375 1376 5006 1670
17905 4 2 1 1 4655 2972 4882 4134
17906 4 2 1 1 4655 4882 2972 3106
17907 4 2 1 1 4485 1737 94 95
17908 4 2 1 1 4485 94 1737 4389
17909 4 2 1 1 3656 441 458 3682
17910 4 2 1 1 3656 458 441 442
17911 4 2 1 1 4256 4750 3560 4414
17912 4 2 1 1 119 3668 4762 3675
17913 4 2 1 1 119 4762 3668 4853
17914 4 2 1 1 4898 4762 3668 3675
17915 4 2 1 1 4898 3668 4762 4853
17916 4 2 1 1 426 4630 409 425
17917 4 2 1 1 409 4630 426 410
17918 4 2 1 1 409 3621 426 425
17919 4 2 1 1 4861 3874 3959 4438
17920 4 2 1 1 4861 3959 3874 4264
17921 4 2 1 1 4072 3959 3874 4438
17922 4 2 1 1 4072 3874 3959 4264
17923 4 2 1 1 4340 2754 2758 2757
17924 4 2 1 1 4340 2758 2754 4148
17925 4 2 1 1 4703 1883 1885 1884
17926 4 2 1 1 4703 1885 1883 4304
17927 4 2 1 1 4387 3403 3402 4062
17928 4 2 1 1 4387 3402 3403 3404
17929 4 2 1 1 5012 448 4354 3638
17930 4 2 1 1 5012 4354 448 4290
17931 4 2 1 1 3640 4354 448 3638
17932 4 2 1 1 3640 448 4354 4290
17933 4 2 1 1 2990 4673 3021 2999
17934 4 2 1 1 3021 4673 2990 4385
17935 4 2 1 1 4739 584 698 681
17936 4 2 1 1 4739 698 584 778
17937 4 2 1 1 2882 3014 3993 3016
17938 4 2 1 1 4811 3289 3180 4143
17939 4 2 1 1 4811 3180 3289 3266
17940 4 2 1 1 5066 2208 373 2192
17941 4 2 1 1 5066 373 2208 4497
17942 4 2 1 1 2206 373 2208 2192
17943 4 2 1 1 4784 3234 3243 4469
17944 4 2 1 1 4784 3243 3234 3265
17945 4 2 1 1 5019 4491 3835 4492
17946 4 2 1 1 5019 3835 4491 4489
17947 4 2 1 1 4762 4946 4853 2776
17948 4 2 1 1 4853 4946 4762 4091
17949 4 2 1 1 4735 2735 4239 4703
17950 4 2 1 1 4735 4239 2735 1886
17951 4 2 1 1 1889 4239 2735 4703
17952 4 2 1 1 1889 2735 4239 1886
17953 4 2 1 1 4638 527 3766 526
17954 4 2 1 1 4638 3766 527 4195
17955 4 2 1 1 375 181 3902 386
17956 4 2 1 1 375 3902 181 3875
17957 4 2 1 1 216 3902 181 386
17958 4 2 1 1 5040 1761 1759 1762
17959 4 2 1 1 5040 1759 1761 4858
17960 4 2 1 1 4646 651 4285 4013
17961 4 2 1 1 4646 4285 651 3964
17962 4 2 1 1 389 3796 388 378
17963 4 2 1 1 388 3796 389 3569
17964 4 2 1 1 3796 377 388 378
17965 4 2 1 1 388 377 3796 3569
17966 4 2 1 1 3796 3558 377 378
17967 4 2 1 1 377 3558 3796 3569
17968 4 2 1 1 4771 2018 2015 2017
17969 4 2 1 1 4771 2015 2018 4672
17970 4 2 1 1 4767 2138 1863 2419
17971 4 2 1 1 4767 1863 2138 4364
17972 4 2 1 1 5027 342 327 343
17973 4 2 1 1 5027 327 342 326
17974 4 2 1 1 3518 327 342 343
17975 4 2 1 1 1287 4269 3995 4904
17976 4 2 1 1 3995 4269 1287 4948
17977 4 2 1 1 4705 3337 4524 3189
17978 4 2 1 1 4705 4524 3337 4598
17979 4 2 1 1 3329 4524 3337 3189
17980 4 2 1 1 3329 3337 4524 4598
17981 4 2 1 1 2485 1741 229 1964
17982 4 2 1 1 1744 1741 229 194
17983 4 2 1 1 1744 229 1741 1964
17984 4 2 1 1 1459 369 71 1481
17985 4 2 1 1 1459 71 369 4869
17986 4 2 1 1 4905 939 940 941
17987 4 2 1 1 4905 940 939 3995
17988 4 2 1 1 4947 2903 3087 2969
17989 4 2 1 1 4947 3087 2903 4126
17990 4 2 1 1 4853 2778 119 4762
17991 4 2 1 1 4853 119 2778 2774
17992 4 2 1 1 4804 3033 3034 4604
17993 4 2 1 1 4804 3034 3033 2931
17994 4 2 1 1 3837 4919 4433 4092
17995 4 2 1 1 4433 4919 3837 4509
17996 4 2 1 1 2456 2729 348 349
17997 4 2 1 1 2456 348 2729 2689
17998 4 2 1 1 2455 348 2729 349
17999 4 2 1 1 2455 2729 348 2689
18000 4 2 1 1 2134 2070 4599 2608
18001 4 2 1 1 4599 2070 2134 5017
18002 4 2 1 1 4965 4722 4845 4081
18003 4 2 1 1 4965 4845 4722 724
18004 4 2 1 1 718 4845 4722 4081
18005 4 2 1 1 718 4722 4845 724
18006 4 2 1 1 4601 3040 3043 2937
18007 4 2 1 1 4601 3043 3040 4533
18008 4 2 1 1 4667 729 4562 743
18009 4 2 1 1 4667 4562 729 4537
18010 4 2 1 1 4886 3780 528 17
18011 4 2 1 1 4886 528 3780 4195
18012 4 2 1 1 1046 1048 4959 1260
18013 4 2 1 1 1046 4959 1048 5006
18014 4 2 1 1 3299 4701 4700 3140
18015 4 2 1 1 4700 4701 3299 4579
18016 4 2 1 1 4740 498 513 497
18017 4 2 1 1 4740 513 498 514
18018 4 2 1 1 3795 513 498 497
18019 4 2 1 1 3795 498 513 514
18020 4 2 1 1 4765 1458 369 4349
18021 4 2 1 1 4765 369 1458 1460
18022 4 2 1 1 1459 369 1458 4349
18023 4 2 1 1 1459 1458 369 1460
18024 4 2 1 1 494 37 4132 3728
18025 4 2 1 1 4132 37 494 4884
18026 4 2 1 1 4132 3723 494 3728
18027 4 2 1 1 494 3723 4132 4884
18028 4 2 1 1 4193 1295 1297 1296
18029 4 2 1 1 4193 1297 1295 3928
18030 4 2 1 1 4961 4108 295 294
18031 4 2 1 1 4725 39 435 35
18032 4 2 1 1 4725 435 39 451
18033 4 2 1 1 3663 39 435 451
18034 4 2 1 1 517 5018 4065 516
18035 4 2 1 1 4065 5018 517 4619
18036 4 2 1 1 4446 3884 4622 4059
18037 4 2 1 1 4446 4622 3884 4060
18038 4 2 1 1 4683 4148 3963 4320
18039 4 2 1 1 4683 3963 4148 4321
18040 4 2 1 1 1847 5040 1766 1765
18041 4 2 1 1 1766 5040 1847 4226
18042 4 2 1 1 4803 2257 2250 4734
18043 4 2 1 1 4803 2250 2257 2256
18044 4 2 1 1 216 3313 4988 3314
18045 4 2 1 1 4988 3313 216 3902
18046 4 2 1 1 4142 4470 84 85
18047 4 2 1 1 4142 84 4470 3973
18048 4 2 1 1 1842 84 4470 85
18049 4 2 1 1 1842 4470 84 3973
18050 4 2 1 1 3312 4891 3295 3317
18051 4 2 1 1 3295 4891 3312 4611
18052 4 2 1 1 1215 398 1669 1217
18053 4 2 1 1 1215 1669 398 4426
18054 4 2 1 1 1667 1669 398 1217
18055 4 2 1 1 4836 4863 598 1277
18056 4 2 1 1 598 4863 4836 4373
18057 4 2 1 1 4539 4514 3877 3941
18058 4 2 1 1 365 3877 4514 3941
18059 4 2 1 1 4723 504 519 503
18060 4 2 1 1 4723 519 504 520
18061 4 2 1 1 3779 504 519 520
18062 4 2 1 1 4092 2199 2619 1903
18063 4 2 1 1 4092 2619 2199 4659
18064 4 2 1 1 4966 1735 1838 4566
18065 4 2 1 1 4966 1838 1735 90
18066 4 2 1 1 147 4982 148 2878
18067 4 2 1 1 148 4982 147 4600
18068 4 2 1 1 4946 1840 1733 88
18069 4 2 1 1 4946 1733 1840 4316
18070 4 2 1 1 4251 498 3758 4130
18071 4 2 1 1 4251 3758 498 3748
18072 4 2 1 1 4632 3233 3291 4337
18073 4 2 1 1 4632 3291 3233 3236
18074 4 2 1 1 4611 4891 4555 4105
18075 4 2 1 1 4555 4891 4611 3312
18076 4 2 1 1 5003 3023 3010 4223
18077 4 2 1 1 5003 3010 3023 3009
18078 4 2 1 1 4934 2924 2925 4417
18079 4 2 1 1 4934 2925 2924 2926
18080 4 2 1 1 4676 237 4569 4168
18081 4 2 1 1 4676 4569 237 238
18082 4 2 1 1 4831 3862 3926 4204
18083 4 2 1 1 4831 3926 3862 3876
18084 4 2 1 1 4834 4049 3922 4228
18085 4 2 1 1 4834 3922 4049 4214
18086 4 2 1 1 5029 2964 4685 2963
18087 4 2 1 1 5029 4685 2964 4282
18088 4 2 1 1 5047 2086 2090 3878
18089 4 2 1 1 5047 2090 2086 2089
18090 4 2 1 1 35 4355 36 3637
18091 4 2 1 1 4913 2808 2815 4309
18092 4 2 1 1 4913 2815 2808 2799
18093 4 2 1 1 533 167 2810 535
18094 4 2 1 1 2810 4088 533 535
18095 4 2 1 1 533 4088 2810 4309
18096 4 2 1 1 4890 5085 2947 4788
18097 4 2 1 1 2947 5085 4890 2946
18098 4 2 1 1 4438 311 4961 4072
18099 4 2 1 1 4438 4961 311 310
18100 4 2 1 1 4003 3959 4628 3956
18101 4 2 1 1 4003 4628 3959 4053
18102 4 2 1 1 4465 4628 3959 3956
18103 4 2 1 1 4465 3959 4628 4053
18104 4 2 1 1 4076 4442 4893 4010
18105 4 2 1 1 4893 4442 4076 4391
18106 4 2 1 1 4856 1308 1305 1307
18107 4 2 1 1 4856 1305 1308 4037
18108 4 2 1 1 4951 3684 3692 4400
18109 4 2 1 1 4951 3692 3684 3690
18110 4 2 1 1 4603 2725 2159 1850
18111 4 2 1 1 4603 2159 2725 4508
18112 4 2 1 1 332 4500 4212 3527
18113 4 2 1 1 4212 4500 332 4501
18114 4 2 1 1 4212 3526 332 3527
18115 4 2 1 1 332 3526 4212 4501
18116 4 2 1 1 4913 2797 2823 2811
18117 4 2 1 1 4913 2823 2797 4569
18118 4 2 1 1 984 4678 143 1575
18119 4 2 1 1 143 4678 984 4157
18120 4 2 1 1 143 1443 984 1575
18121 4 2 1 1 984 1443 143 4157
18122 4 2 1 1 4760 4923 4148 4321
18123 4 2 1 1 4148 4923 4760 4025
18124 4 2 1 1 4148 3884 4760 4321
18125 4 2 1 1 4760 3884 4148 4025
18126 4 2 1 1 797 4845 4050 785
18127 4 2 1 1 4050 4845 797 4728
18128 4 2 1 1 5022 5023 738 735
18129 4 2 1 1 738 5023 5022 3852
18130 4 2 1 1 738 721 5022 735
18131 4 2 1 1 5022 721 738 3852
18132 4 2 1 1 4283 4576 3864 3825
18133 4 2 1 1 3864 4576 4283 4135
18134 4 2 1 1 4281 4919 3902 4092
18135 4 2 1 1 4281 3902 4919 4988
18136 4 2 1 1 4715 256 3504 3505
18137 4 2 1 1 4715 3504 256 4361
18138 4 2 1 1 4436 3380 3379 3381
18139 4 2 1 1 4436 3379 3380 4086
18140 4 2 1 1 4750 380 3560 1869
18141 4 2 1 1 4589 1310 1312 3879
18142 4 2 1 1 4589 1312 1310 1311
18143 4 2 1 1 4462 4512 4404 3846
18144 4 2 1 1 4404 4512 4462 4183
18145 4 2 1 1 4661 1492 4139 1075
18146 4 2 1 1 4661 4139 1492 4252
18147 4 2 1 1 1073 4139 1492 1075
18148 4 2 1 1 1073 1492 4139 4252
18149 4 2 1 1 4560 4930 4347 3960
18150 4 2 1 1 4347 4930 4560 4140
18151 4 2 1 1 5029 2891 4709 2890
18152 4 2 1 1 5029 4709 2891 4963
18153 4 2 1 1 4808 1330 1081 4262
18154 4 2 1 1 4808 1081 1330 1117
18155 4 2 1 1 4494 3193 3127 4030
18156 4 2 1 1 4494 3127 3193 3330
18157 4 2 1 1 4588 1036 1037 4587
18158 4 2 1 1 4588 1037 1036 1038
18159 4 2 1 1 4587 1607 1355 1436
18160 4 2 1 1 4587 1355 1607 4137
18161 4 2 1 1 4387 3402 3406 4062
18162 4 2 1 1 4387 3406 3402 3405
18163 4 2 1 1 3077 4706 3076 4623
18164 4 2 1 1 3077 3076 4706 3078
18165 4 2 1 1 2981 3076 4706 4623
18166 4 2 1 1 2981 4706 3076 3078
18167 4 2 1 1 4307 5011 325 4113
18168 4 2 1 1 325 5011 4307 324
18169 4 2 1 1 4565 210 4705 3371
18170 4 2 1 1 4565 4705 210 4174
18171 4 2 1 1 209 4705 210 3371
18172 4 2 1 1 209 210 4705 4174
18173 4 2 1 1 1293 4629 1292 1362
18174 4 2 1 1 1292 4629 1293 4043
18175 4 2 1 1 3771 4770 4388 4638
18176 4 2 1 1 3771 4388 4770 4544
18177 4 2 1 1 4005 4388 4770 4638
18178 4 2 1 1 4005 4770 4388 4544
18179 4 2 1 1 4735 2257 2408 2472
18180 4 2 1 1 4735 2408 2257 4734
18181 4 2 1 1 4632 3253 3272 4382
18182 4 2 1 1 4632 3272 3253 3238
18183 4 2 1 1 4834 1446 896 1274
18184 4 2 1 1 4834 896 1446 4818
18185 4 2 1 1 1168 1673 372 1141
18186 4 2 1 1 1168 372 1673 4269
18187 4 2 1 1 1672 372 1673 1141
18188 4 2 1 1 1672 1673 372 4269
18189 4 2 1 1 1478 1480 368 1646
18190 4 2 1 1 1473 1476 368 1646
18191 4 2 1 1 1473 368 1476 4200
18192 4 2 1 1 1476 1478 368 1646
18193 4 2 1 1 1476 368 1478 4200
18194 4 2 1 1 3535 366 345 355
18195 4 2 1 1 14 3742 513 18
18196 4 2 1 1 513 3742 14 497
18197 4 2 1 1 4004 4552 5035 1593
18198 4 2 1 1 4004 5035 4552 4090
18199 4 2 1 1 975 5035 4552 1593
18200 4 2 1 1 975 4552 5035 4090
18201 4 2 1 1 4647 4013 4295 789
18202 4 2 1 1 4647 4295 4013 4646
18203 4 2 1 1 4659 2533 1844 4315
18204 4 2 1 1 4659 1844 2533 2148
18205 4 2 1 1 3781 4886 521 30
18206 4 2 1 1 521 4886 3781 4199
18207 4 2 1 1 4867 1345 4617 4024
18208 4 2 1 1 4617 1345 4867 4403
18209 4 2 1 1 4617 4764 4867 4024
18210 4 2 1 1 4867 4764 4617 4403
18211 4 2 1 1 3150 4987 3149 3161
18212 4 2 1 1 3149 4987 3150 4297
18213 4 2 1 1 5064 4637 4642 3938
18214 4 2 1 1 5064 4642 4637 4758
18215 4 2 1 1 3925 4253 4859 4032
18216 4 2 1 1 4859 4253 3925 4089
18217 4 2 1 1 3547 4198 3553 361
18218 4 2 1 1 4197 3553 4198 361
18219 4 2 1 1 36 2773 4158 126
18220 4 2 1 1 36 4158 2773 4355
18221 4 2 1 1 4998 2354 228 4035
18222 4 2 1 1 4998 228 2354 2406
18223 4 2 1 1 109 228 2354 4035
18224 4 2 1 1 109 2354 228 2406
18225 4 2 1 1 1741 229 1730 2485
18226 4 2 1 1 1741 1730 229 194
18227 4 2 1 1 4682 3740 511 510
18228 4 2 1 1 4682 511 3740 4251
18229 4 2 1 1 4001 213 244 3401
18230 4 2 1 1 152 4883 4982 2800
18231 4 2 1 1 4982 4883 152 167
18232 4 2 1 1 4822 4161 4652 4107
18233 4 2 1 1 4822 4652 4161 4275
18234 4 2 1 1 4981 1636 4266 4590
18235 4 2 1 1 4981 4266 1636 849
18236 4 2 1 1 1281 4266 1636 4590
18237 4 2 1 1 1281 1636 4266 849
18238 4 2 1 1 4205 4045 599 600
18239 4 2 1 1 598 599 4045 600
18240 4 2 1 1 598 4045 599 4696
18241 4 2 1 1 4706 183 4971 3079
18242 4 2 1 1 4706 4971 183 4086
18243 4 2 1 1 69 396 1584 1595
18244 4 2 1 1 5024 3971 3825 4293
18245 4 2 1 1 5024 3825 3971 4283
18246 4 2 1 1 4400 3693 3687 3688
18247 4 2 1 1 4400 3687 3693 4203
18248 4 2 1 1 3224 221 4442 3227
18249 4 2 1 1 2318 2343 178 2589
18250 4 2 1 1 2318 178 2343 4383
18251 4 2 1 1 4800 3660 3659 3665
18252 4 2 1 1 4800 3659 3660 4444
18253 4 2 1 1 4993 4175 2851 4911
18254 4 2 1 1 142 2851 4175 4911
18255 4 2 1 1 34 3689 495 38
18256 4 2 1 1 495 3689 34 479
18257 4 2 1 1 2986 4880 3096 3121
18258 4 2 1 1 3096 4880 2986 4272
18259 4 2 1 1 4857 3907 4561 4112
18260 4 2 1 1 4857 4561 3907 4144
18261 4 2 1 1 4915 4494 3355 3127
18262 4 2 1 1 4915 3355 4494 4829
18263 4 2 1 1 3958 3355 4494 3127
18264 4 2 1 1 3958 4494 3355 4829
18265 4 2 1 1 4672 4015 3857 4571
18266 4 2 1 1 4672 3857 4015 4106
18267 4 2 1 1 4539 3857 4015 4571
18268 4 2 1 1 4539 4015 3857 4106
18269 4 2 1 1 4408 1364 1297 3928
18270 4 2 1 1 4408 1297 1364 1343
18271 4 2 1 1 4029 5039 3908 4305
18272 4 2 1 1 4282 3908 5039 4305
18273 4 2 1 1 5073 1006 895 4228
18274 4 2 1 1 5073 895 1006 1007
18275 4 2 1 1 4029 4389 4688 3863
18276 4 2 1 1 4688 4389 4029 3909
18277 4 2 1 1 5071 1323 1606 915
18278 4 2 1 1 5071 1606 1323 5069
18279 4 2 1 1 2773 117 4158 125
18280 4 2 1 1 4158 117 2773 4353
18281 4 2 1 1 4954 3584 3583 4953
18282 4 2 1 1 4954 3583 3584 3588
18283 4 2 1 1 142 4993 2851 2871
18284 4 2 1 1 2851 4993 142 4175
18285 4 2 1 1 4896 3336 3262 4396
18286 4 2 1 1 4896 3262 3336 3261
18287 4 2 1 1 5021 291 308 307
18288 4 2 1 1 5021 308 291 292
18289 4 2 1 1 3466 308 291 307
18290 4 2 1 1 4837 3713 3712 3719
18291 4 2 1 1 4837 3712 3713 4504
18292 4 2 1 1 4765 1458 1493 1461
18293 4 2 1 1 4765 1493 1458 4349
18294 4 2 1 1 5009 342 325 326
18295 4 2 1 1 5009 325 342 341
18296 4 2 1 1 3502 325 342 326
18297 4 2 1 1 5058 803 4047 4104
18298 4 2 1 1 5058 4047 803 3936
18299 4 2 1 1 4342 4233 3294 3292
18300 4 2 1 1 4342 3294 4233 4611
18301 4 2 1 1 3293 3294 4233 3292
18302 4 2 1 1 3293 4233 3294 4611
18303 4 2 1 1 4614 3931 230 4096
18304 4 2 1 1 5006 1371 1376 1375
18305 4 2 1 1 4914 3906 4502 4503
18306 4 2 1 1 4914 4502 3906 4132
18307 4 2 1 1 4572 3679 462 3678
18308 4 2 1 1 4572 462 3679 4495
18309 4 2 1 1 4886 4929 4195 3773
18310 4 2 1 1 4195 4929 4886 4149
18311 4 2 1 1 241 4633 4554 4181
18312 4 2 1 1 241 3567 4554 3566
18313 4 2 1 1 4554 3567 241 4181
18314 4 2 1 1 4778 3169 4468 3277
18315 4 2 1 1 4778 4468 3169 4525
18316 4 2 1 1 5012 437 3655 4355
18317 4 2 1 1 5012 3655 437 438
18318 4 2 1 1 704 646 4431 632
18319 4 2 1 1 4431 646 704 711
18320 4 2 1 1 3069 181 4102 3070
18321 4 2 1 1 4102 181 3069 3875
18322 4 2 1 1 4102 4326 3069 3070
18323 4 2 1 1 3069 4326 4102 3875
18324 4 2 1 1 4688 4215 3108 4478
18325 4 2 1 1 4688 3108 4215 4135
18326 4 2 1 1 4717 598 4045 600
18327 4 2 1 1 4717 4045 598 4527
18328 4 2 1 1 4859 3484 3485 3491
18329 4 2 1 1 4859 3485 3484 4782
18330 4 2 1 1 4596 2854 130 4595
18331 4 2 1 1 4596 130 2854 2867
18332 4 2 1 1 4552 1445 4232 4313
18333 4 2 1 1 4552 4232 1445 982
18334 4 2 1 1 3290 155 4913 3324
18335 4 2 1 1 3290 4913 155 2876
18336 4 2 1 1 4651 3084 2906 2917
18337 4 2 1 1 4651 2906 3084 4457
18338 4 2 1 1 4591 2630 2481 1916
18339 4 2 1 1 4591 2481 2630 4365
18340 4 2 1 1 4393 3565 3561 3560
18341 4 2 1 1 4393 3561 3565 3949
18342 4 2 1 1 4436 3379 3383 3382
18343 4 2 1 1 4436 3383 3379 4086
18344 4 2 1 1 4886 4928 4929 1726
18345 4 2 1 1 4929 4928 4886 4149
18346 4 2 1 1 4685 2964 3085 3058
18347 4 2 1 1 4685 3085 2964 4282
18348 4 2 1 1 385 4848 386 4352
18349 4 2 1 1 385 386 4848 3570
18350 4 2 1 1 3573 386 4848 4352
18351 4 2 1 1 3573 4848 386 3570
18352 4 2 1 1 4570 992 995 1574
18353 4 2 1 1 4570 995 992 5038
18354 4 2 1 1 2163 4035 2667 2407
18355 4 2 1 1 2166 2667 4035 2407
18356 4 2 1 1 2166 4035 2667 5050
18357 4 2 1 1 3995 3836 4217 3940
18358 4 2 1 1 3995 4217 3836 3895
18359 4 2 1 1 3295 4891 3294 3296
18360 4 2 1 1 3294 4891 3295 4611
18361 4 2 1 1 4380 3871 4955 4330
18362 4 2 1 1 4380 4955 3871 4164
18363 4 2 1 1 4616 2616 4331 2486
18364 4 2 1 1 4616 4331 2616 4554
18365 4 2 1 1 1804 4331 2616 2486
18366 4 2 1 1 1804 2616 4331 4554
18367 4 2 1 1 4802 3572 3571 384
18368 4 2 1 1 4802 3571 3572 4386
18369 4 2 1 1 4963 2888 2887 4709
18370 4 2 1 1 4963 2887 2888 3094
18371 4 2 1 1 4975 5066 4329 3949
18372 4 2 1 1 4329 5066 4975 4246
18373 4 2 1 1 4527 622 4009 4258
18374 4 2 1 1 4527 4009 622 3919
18375 4 2 1 1 3978 102 1851 101
18376 4 2 1 1 3978 1851 102 4776
18377 4 2 1 1 4851 460 4853 86
18378 4 2 1 1 4851 4853 460 4898
18379 4 2 1 1 3668 4853 460 86
18380 4 2 1 1 3668 460 4853 4898
18381 4 2 1 1 4757 661 4114 4150
18382 4 2 1 1 4757 4114 661 4492
18383 4 2 1 1 3924 4114 661 4150
18384 4 2 1 1 3924 661 4114 4492
18385 4 2 1 1 2315 2318 178 2471
18386 4 2 1 1 178 2318 2315 4383
18387 4 2 1 1 2816 5087 2823 2830
18388 4 2 1 1 2823 5087 2816 4569
18389 4 2 1 1 4653 4480 932 4070
18390 4 2 1 1 4653 932 4480 986
18391 4 2 1 1 4580 1660 1710 880
18392 4 2 1 1 4580 1710 1660 4475
18393 4 2 1 1 1063 5073 1011 1009
18394 4 2 1 1 1011 5073 1063 4440
18395 4 2 1 1 4901 499 4130 3758
18396 4 2 1 1 4901 4130 499 4652
18397 4 2 1 1 4742 1182 1271 1273
18398 4 2 1 1 4742 1271 1182 4362
18399 4 2 1 1 5050 2005 2179 2588
18400 4 2 1 1 5050 2179 2005 4997
18401 4 2 1 1 4954 3592 3583 3591
18402 4 2 1 1 4954 3583 3592 4953
18403 4 2 1 1 4849 3529 4501 257
18404 4 2 1 1 4849 4501 3529 4500
18405 4 2 1 1 2296 2297 4350 2298
18406 4 2 1 1 2296 4350 4001 2298
18407 4 2 1 1 4001 4350 2296 4992
18408 4 2 1 1 368 1643 1104 1646
18409 4 2 1 1 368 1104 1107 1646
18410 4 2 1 1 1107 1104 368 367
18411 4 2 1 1 368 1107 72 1646
18412 4 2 1 1 72 1107 368 367
18413 4 2 1 1 3758 4901 3748 4251
18414 4 2 1 1 3758 3748 4901 3747
18415 4 2 1 1 3740 3748 4901 4251
18416 4 2 1 1 3740 4901 3748 3747
18417 4 2 1 1 3849 4488 4552 4038
18418 4 2 1 1 4552 4488 3849 4232
18419 4 2 1 1 5072 1248 1358 1430
18420 4 2 1 1 5072 1358 1248 4411
18421 4 2 1 1 1304 4479 1351 1341
18422 4 2 1 1 1351 4479 1304 4193
18423 4 2 1 1 4873 899 841 4817
18424 4 2 1 1 4873 841 899 1357
18425 4 2 1 1 4844 5038 3937 4662
18426 4 2 1 1 3937 5038 4844 4441
18427 4 2 1 1 3097 5074 200 201
18428 4 2 1 1 200 5074 3097 4791
18429 4 2 1 1 4149 5015 3768 4199
18430 4 2 1 1 3768 5015 4149 4928
18431 4 2 1 1 3768 4886 4149 4199
18432 4 2 1 1 4149 4886 3768 4928
18433 4 2 1 1 4901 3737 3744 3746
18434 4 2 1 1 4901 3744 3737 4682
18435 4 2 1 1 4583 4034 4960 3985
18436 4 2 1 1 4960 4034 4583 4425
18437 4 2 1 1 4960 4073 4583 3985
18438 4 2 1 1 4583 4073 4960 4425
18439 4 2 1 1 4108 4961 4145 293
18440 4 2 1 1 4108 4145 4961 3939
18441 4 2 1 1 292 4145 4961 293
18442 4 2 1 1 292 4961 4145 3939
18443 4 2 1 1 4916 136 4311 4577
18444 4 2 1 1 4916 4311 136 134
18445 4 2 1 1 1802 4331 1804 2716
18446 4 2 1 1 1804 4331 1802 4330
18447 4 2 1 1 4569 4676 3856 3931
18448 4 2 1 1 4569 3856 4676 4168
18449 4 2 1 1 4614 3856 4676 3931
18450 4 2 1 1 4614 4676 3856 4168
18451 4 2 1 1 158 3290 159 2879
18452 4 2 1 1 158 159 3290 3326
18453 4 2 1 1 4071 4879 3907 4203
18454 4 2 1 1 4071 3907 4879 4561
18455 4 2 1 1 4112 3907 4879 4203
18456 4 2 1 1 4112 4879 3907 4561
18457 4 2 1 1 2033 4967 2415 2670
18458 4 2 1 1 2033 2415 4967 4459
18459 4 2 1 1 4458 2415 4967 2670
18460 4 2 1 1 4458 4967 2415 4459
18461 4 2 1 1 4862 3167 3165 4468
18462 4 2 1 1 4862 3165 3167 3166
18463 4 2 1 1 4530 3925 4859 4032
18464 4 2 1 1 4530 4859 3925 4172
18465 4 2 1 1 4526 3460 3458 3454
18466 4 2 1 1 4526 3458 3460 4472
18467 4 2 1 1 5085 2974 2975 2955
18468 4 2 1 1 5085 2975 2974 4882
18469 4 2 1 1 4597 2850 2874 2860
18470 4 2 1 1 4597 2874 2850 4596
18471 4 2 1 1 4787 2214 2213 2035
18472 4 2 1 1 4787 2213 2214 4424
18473 4 2 1 1 3542 4826 271 264
18474 4 2 1 1 3542 271 4826 4418
18475 4 2 1 1 3426 271 4826 264
18476 4 2 1 1 3426 4826 271 4418
18477 4 2 1 1 4904 1166 1287 4269
18478 4 2 1 1 4904 1287 1166 1280
18479 4 2 1 1 4910 4914 38 495
18480 4 2 1 1 38 4914 4910 4503
18481 4 2 1 1 5060 5035 974 4004
18482 4 2 1 1 5060 974 5035 976
18483 4 2 1 1 1593 974 5035 4004
18484 4 2 1 1 1593 5035 974 976
18485 4 2 1 1 4972 3159 4359 4486
18486 4 2 1 1 4972 4359 3159 3210
18487 4 2 1 1 4770 524 3763 3764
18488 4 2 1 1 4770 3763 524 4638
18489 4 2 1 1 4885 803 795 792
18490 4 2 1 1 4885 795 803 4104
18491 4 2 1 1 5074 5039 3396 239
18492 4 2 1 1 5074 3396 5039 4305
18493 4 2 1 1 4972 5034 3931 3275
18494 4 2 1 1 3931 5034 4972 4364
18495 4 2 1 1 3931 3916 4972 3275
18496 4 2 1 1 4972 3916 3931 4364
18497 4 2 1 1 4684 2335 2356 2489
18498 4 2 1 1 5007 1520 395 1522
18499 4 2 1 1 5007 395 1520 4945
18500 4 2 1 1 1441 395 1520 1522
18501 4 2 1 1 1441 1520 395 4945
18502 4 2 1 1 4371 4089 3926 3943
18503 4 2 1 1 4371 3926 4089 4172
18504 4 2 1 1 5020 3926 4089 3943
18505 4 2 1 1 5020 4089 3926 4172
18506 4 2 1 1 4894 2860 2855 2870
18507 4 2 1 1 4894 2855 2860 4597
18508 4 2 1 1 1775 1789 4165 1773
18509 4 2 1 1 1775 4165 1789 178
18510 4 2 1 1 4591 603 4462 4560
18511 4 2 1 1 4591 4462 603 2482
18512 4 2 1 1 604 4462 603 4560
18513 4 2 1 1 604 603 4462 2482
18514 4 2 1 1 4227 315 4080 189
18515 4 2 1 1 4227 4080 315 4089
18516 4 2 1 1 4857 4254 3907 4112
18517 4 2 1 1 4857 3907 4254 4836
18518 4 2 1 1 4755 291 3440 4145
18519 4 2 1 1 4755 3440 291 3444
18520 4 2 1 1 4426 3888 4768 4099
18521 4 2 1 1 4426 4768 3888 3910
18522 4 2 1 1 5074 3863 4600 4187
18523 4 2 1 1 5074 4600 3863 4152
18524 4 2 1 1 4072 4066 4961 3992
18525 4 2 1 1 4072 4961 4066 295
18526 4 2 1 1 4108 4961 4066 3992
18527 4 2 1 1 4108 4066 4961 295
18528 4 2 1 1 3872 4137 4588 4063
18529 4 2 1 1 3872 4588 4137 4587
18530 4 2 1 1 4176 4509 3869 3890
18531 4 2 1 1 4176 3869 4509 5028
18532 4 2 1 1 2618 4823 1821 1819
18533 4 2 1 1 1821 4823 2618 4181
18534 4 2 1 1 4898 3904 4091 4122
18535 4 2 1 1 4898 4091 3904 4851
18536 4 2 1 1 3294 4891 3340 3296
18537 4 2 1 1 3340 4891 3294 4342
18538 4 2 1 1 4901 4819 4484 3744
18539 4 2 1 1 4901 4484 4819 4109
18540 4 2 1 1 4997 2653 5050 4432
18541 4 2 1 1 2183 2653 5050 2590
18542 4 2 1 1 2183 5050 2653 4432
18543 4 2 1 1 4505 4908 3895 4217
18544 4 2 1 1 3895 4908 4505 4450
18545 4 2 1 1 5062 2107 2105 4085
18546 4 2 1 1 5062 2105 2107 2104
18547 4 2 1 1 3658 4800 3659 3664
18548 4 2 1 1 3659 4800 3658 4444
18549 4 2 1 1 4778 4821 3175 3308
18550 4 2 1 1 4778 3175 4821 4233
18551 4 2 1 1 3176 3175 4821 3308
18552 4 2 1 1 3176 4821 3175 4233
18553 4 2 1 1 4654 934 932 4653
18554 4 2 1 1 4654 932 934 933
18555 4 2 1 1 189 190 331 224
18556 4 2 1 1 189 331 190 4736
18557 4 2 1 1 4799 1508 1237 4063
18558 4 2 1 1 4799 1237 1508 1372
18559 4 2 1 1 4781 5079 2748 4098
18560 4 2 1 1 2748 5079 4781 2746
18561 4 2 1 1 368 1468 4200 1473
18562 4 2 1 1 368 4200 1468 369
18563 4 2 1 1 71 1481 368 1473
18564 4 2 1 1 71 368 1481 369
18565 4 2 1 1 1467 1468 368 1473
18566 4 2 1 1 1467 368 1468 369
18567 4 2 1 1 1481 1467 368 1473
18568 4 2 1 1 1481 368 1467 369
18569 4 2 1 1 4808 3952 1662 4262
18570 4 2 1 1 4808 1662 3952 4201
18571 4 2 1 1 3848 5064 4297 4007
18572 4 2 1 1 3848 4297 5064 4289
18573 4 2 1 1 4987 4297 5064 4007
18574 4 2 1 1 4987 5064 4297 4289
18575 4 2 1 1 4823 1820 1821 1819
18576 4 2 1 1 4823 1821 1820 4750
18577 4 2 1 1 349 4406 2466 2464
18578 4 2 1 1 4555 3323 219 3322
18579 4 2 1 1 219 3323 4555 4062
18580 4 2 1 1 219 220 4555 3322
18581 4 2 1 1 4555 220 219 4062
18582 4 2 1 1 4837 3711 3712 4504
18583 4 2 1 1 4837 3712 3711 3718
18584 4 2 1 1 4698 2034 2279 4082
18585 4 2 1 1 4698 2279 2034 2036
18586 4 2 1 1 4191 187 3384 3388
18587 4 2 1 1 4191 3384 187 4080
18588 4 2 1 1 4593 4116 4736 3911
18589 4 2 1 1 4736 4116 4593 4958
18590 4 2 1 1 4593 190 4736 4958
18591 4 2 1 1 370 4193 4629 367
18592 4 2 1 1 370 4629 4193 4479
18593 4 2 1 1 4927 1450 1449 4870
18594 4 2 1 1 4927 1449 1450 1084
18595 4 2 1 1 2833 4087 2840 2834
18596 4 2 1 1 105 2840 4087 2834
18597 4 2 1 1 105 4087 2840 3931
18598 4 2 1 1 247 3562 4575 3563
18599 4 2 1 1 4575 3562 247 4634
18600 4 2 1 1 3679 3678 446 462
18601 4 2 1 1 463 446 3678 462
18602 4 2 1 1 463 3678 446 3652
18603 4 2 1 1 3783 3758 499 3757
18604 4 2 1 1 499 3758 3783 515
18605 4 2 1 1 499 516 3783 3757
18606 4 2 1 1 3783 516 499 515
18607 4 2 1 1 4493 1094 5051 4224
18608 4 2 1 1 4493 5051 1094 1093
18609 4 2 1 1 4257 2351 3258 2366
18610 4 2 1 1 213 3258 2351 2366
18611 4 2 1 1 508 4819 3737 3738
18612 4 2 1 1 3737 4819 508 4682
18613 4 2 1 1 75 372 1502 1136
18614 4 2 1 1 190 3536 267 266
18615 4 2 1 1 190 267 3536 3549
18616 4 2 1 1 3550 3536 267 3549
18617 4 2 1 1 4158 48 49 2767
18618 4 2 1 1 4158 49 48 4759
18619 4 2 1 1 4706 4971 3089 3079
18620 4 2 1 1 3089 4971 4706 4623
18621 4 2 1 1 3089 3077 4706 3079
18622 4 2 1 1 4706 3077 3089 4623
18623 4 2 1 1 4684 2356 2665 1811
18624 4 2 1 1 4684 2665 2356 4331
18625 4 2 1 1 4477 1655 4945 1199
18626 4 2 1 1 4477 4945 1655 4476
18627 4 2 1 1 4532 3519 4501 3521
18628 4 2 1 1 4532 4501 3519 4213
18629 4 2 1 1 4479 1617 1304 4037
18630 4 2 1 1 4479 1304 1617 1341
18631 4 2 1 1 4505 3836 4069 4217
18632 4 2 1 1 4505 4069 3836 4139
18633 4 2 1 1 2081 4677 4412 4350
18634 4 2 1 1 2081 4412 4677 4225
18635 4 2 1 1 4001 4412 4677 4350
18636 4 2 1 1 4001 4677 4412 4225
18637 4 2 1 1 4954 3592 3595 4320
18638 4 2 1 1 4954 3595 3592 3591
18639 4 2 1 1 4414 1826 1866 1829
18640 4 2 1 1 1866 1867 4414 1829
18641 4 2 1 1 4912 1059 4856 1056
18642 4 2 1 1 4912 4856 1059 4454
18643 4 2 1 1 1114 4224 1642 1643
18644 4 2 1 1 1114 1642 4224 5051
18645 4 2 1 1 379 3578 391 380
18646 4 2 1 1 391 3578 379 390
18647 4 2 1 1 391 3560 379 380
18648 4 2 1 1 379 3560 391 390
18649 4 2 1 1 4765 1512 1471 1486
18650 4 2 1 1 4765 1471 1512 4200
18651 4 2 1 1 4908 1129 1390 1389
18652 4 2 1 1 4908 1390 1129 4247
18653 4 2 1 1 4598 4095 4705 4524
18654 4 2 1 1 4598 4705 4095 4174
18655 4 2 1 1 2490 382 4616 2327
18656 4 2 1 1 4766 2469 2674 2696
18657 4 2 1 1 4766 2674 2469 4406
18658 4 2 1 1 4932 2661 2393 4398
18659 4 2 1 1 4932 2393 2661 2675
18660 4 2 1 1 4834 1420 1421 1275
18661 4 2 1 1 4834 1421 1420 4214
18662 4 2 1 1 3597 23 3616 3590
18663 4 2 1 1 28 23 3616 27
18664 4 2 1 1 28 3616 23 3590
18665 4 2 1 1 435 3637 39 3663
18666 4 2 1 1 435 39 3637 35
18667 4 2 1 1 36 39 3637 3663
18668 4 2 1 1 36 3637 39 35
18669 4 2 1 1 3642 444 86 3668
18670 4 2 1 1 86 444 3642 48
18671 4 2 1 1 86 117 3642 3668
18672 4 2 1 1 3642 117 86 48
18673 4 2 1 1 153 167 162 161
18674 4 2 1 1 3202 5043 3205 3203
18675 4 2 1 1 3205 5043 3202 4336
18676 4 2 1 1 4825 1366 135 898
18677 4 2 1 1 4825 135 1366 4201
18678 4 2 1 1 2954 4134 4897 4293
18679 4 2 1 1 2954 2970 4897 2971
18680 4 2 1 1 4897 2970 2954 4293
18681 4 2 1 1 3503 4253 317 316
18682 4 2 1 1 3503 317 4253 4782
18683 4 2 1 1 4030 4972 4790 3188
18684 4 2 1 1 4790 4972 4030 4364
18685 4 2 1 1 4790 4289 4030 3188
18686 4 2 1 1 4030 4289 4790 4364
18687 4 2 1 1 4067 4329 4634 4102
18688 4 2 1 1 4634 4329 4067 4615
18689 4 2 1 1 4982 2878 2877 2875
18690 4 2 1 1 4982 2877 2878 3046
18691 4 2 1 1 4308 2980 4250 2983
18692 4 2 1 1 4308 4250 2980 3954
18693 4 2 1 1 178 2331 2328 112
18694 4 2 1 1 2328 4714 178 112
18695 4 2 1 1 5034 2138 2479 1861
18696 4 2 1 1 5034 2479 2138 4364
18697 4 2 1 1 4131 4862 3893 4468
18698 4 2 1 1 4131 3893 4862 4171
18699 4 2 1 1 4337 3893 4862 4468
18700 4 2 1 1 4337 4862 3893 4171
18701 4 2 1 1 1935 2721 178 213
18702 4 2 1 1 1935 178 2721 1934
18703 4 2 1 1 1777 178 2721 213
18704 4 2 1 1 1777 2721 178 1934
18705 4 2 1 1 4086 4314 4971 182
18706 4 2 1 1 289 4314 4971 4207
18707 4 2 1 1 289 4971 4314 182
18708 4 2 1 1 3547 3548 345 3535
18709 4 2 1 1 3547 345 3548 356
18710 4 2 1 1 366 345 3548 3535
18711 4 2 1 1 366 3548 345 356
18712 4 2 1 1 4465 220 4555 4053
18713 4 2 1 1 4465 4555 220 3322
18714 4 2 1 1 4707 866 1359 861
18715 4 2 1 1 4707 1359 866 4278
18716 4 2 1 1 4694 4185 271 4448
18717 4 2 1 1 1542 1539 396 1538
18718 4 2 1 1 1542 396 1539 4338
18719 4 2 1 1 3393 271 4418 270
18720 4 2 1 1 3393 4418 271 4185
18721 4 2 1 1 5012 3646 437 4355
18722 4 2 1 1 5012 437 3646 3634
18723 4 2 1 1 2641 4458 3547 2642
18724 4 2 1 1 2641 3547 4458 4459
18725 4 2 1 1 3498 314 329 313
18726 4 2 1 1 329 314 3498 3524
18727 4 2 1 1 3498 3525 329 3524
18728 4 2 1 1 3434 4584 3432 3428
18729 4 2 1 1 3432 4584 3434 4531
18730 4 2 1 1 3570 3561 374 3559
18731 4 2 1 1 374 386 3570 3559
18732 4 2 1 1 3570 386 374 385
18733 4 2 1 1 3602 3599 430 414
18734 4 2 1 1 413 430 3599 414
18735 4 2 1 1 413 3599 430 3625
18736 4 2 1 1 464 3677 434 450
18737 4 2 1 1 464 434 3677 3651
18738 4 2 1 1 3654 3677 434 3651
18739 4 2 1 1 3730 3690 467 3703
18740 4 2 1 1 467 3690 3730 483
18741 4 2 1 1 467 484 3730 3703
18742 4 2 1 1 3730 484 467 483
18743 4 2 1 1 2584 4202 2183 1988
18744 4 2 1 1 2584 2183 4202 4432
18745 4 2 1 1 2653 2183 4202 1988
18746 4 2 1 1 2653 4202 2183 4432
18747 4 2 1 1 4872 1234 4903 1235
18748 4 2 1 1 4872 4903 1234 4296
18749 4 2 1 1 4974 3943 3927 4372
18750 4 2 1 1 4974 3927 3943 4371
18751 4 2 1 1 4633 4679 4330 4554
18752 4 2 1 1 4330 4679 4633 3871
18753 4 2 1 1 4448 2449 347 2448
18754 4 2 1 1 4448 347 2449 5000
18755 4 2 1 1 2457 347 2449 2448
18756 4 2 1 1 2457 2449 347 5000
18757 4 2 1 1 4062 5028 4274 217
18758 4 2 1 1 305 4274 5028 217
18759 4 2 1 1 305 5028 4274 4176
18760 4 2 1 1 213 1780 4792 1781
18761 4 2 1 1 2980 185 4706 3078
18762 4 2 1 1 2980 4706 185 3954
18763 4 2 1 1 2765 4752 2766 4242
18764 4 2 1 1 2765 2766 4752 120
18765 4 2 1 1 123 2766 4752 4242
18766 4 2 1 1 123 4752 2766 120
18767 4 2 1 1 3977 4682 4348 4109
18768 4 2 1 1 4348 4682 3977 4518
18769 4 2 1 1 4282 4029 5039 3908
18770 4 2 1 1 4282 5039 4029 4685
18771 4 2 1 1 3677 3680 434 450
18772 4 2 1 1 3677 434 3680 3654
18773 4 2 1 1 449 434 3680 450
18774 4 2 1 1 449 3680 434 3654
18775 4 2 1 1 3733 485 468 484
18776 4 2 1 1 468 485 3733 3706
18777 4 2 1 1 468 3703 3733 484
18778 4 2 1 1 3733 3703 468 3706
18779 4 2 1 1 3759 503 518 3785
18780 4 2 1 1 518 503 3759 502
18781 4 2 1 1 518 3756 3759 3785
18782 4 2 1 1 3759 3756 518 502
18783 4 2 1 1 4897 2972 2954 2971
18784 4 2 1 1 4897 2954 2972 4134
18785 4 2 1 1 4799 400 4063 4137
18786 4 2 1 1 4799 4063 400 397
18787 4 2 1 1 3982 4063 400 4137
18788 4 2 1 1 3982 400 4063 397
18789 4 2 1 1 5032 854 852 853
18790 4 2 1 1 5032 852 854 4746
18791 4 2 1 1 2330 4714 3990 2329
18792 4 2 1 1 3990 4714 2330 4684
18793 4 2 1 1 3990 2331 2330 2329
18794 4 2 1 1 2330 2331 3990 4684
18795 4 2 1 1 3440 291 308 292
18796 4 2 1 1 308 291 3440 3466
18797 4 2 1 1 308 3445 3440 292
18798 4 2 1 1 3440 3445 308 3466
18799 4 2 1 1 3492 3496 342 326
18800 4 2 1 1 342 327 3492 326
18801 4 2 1 1 3492 327 342 3518
18802 4 2 1 1 5024 2952 4651 2935
18803 4 2 1 1 5024 4651 2952 4890
18804 4 2 1 1 5035 1603 1227 4332
18805 4 2 1 1 5035 1227 1603 977
18806 4 2 1 1 3215 4794 3198 3214
18807 4 2 1 1 3198 4794 3215 4287
18808 4 2 1 1 3443 3442 305 3468
18809 4 2 1 1 3443 305 3442 289
18810 4 2 1 1 290 305 3442 3468
18811 4 2 1 1 290 3442 305 289
18812 4 2 1 1 4903 4063 4872 4799
18813 4 2 1 1 4903 4872 4063 4296
18814 4 2 1 1 2679 4627 2441 1990
18815 4 2 1 1 2441 4627 2679 4625
18816 4 2 1 1 3689 3699 495 3726
18817 4 2 1 1 3689 495 3699 479
18818 4 2 1 1 480 495 3699 3726
18819 4 2 1 1 480 3699 495 479
18820 4 2 1 1 3595 409 426 410
18821 4 2 1 1 426 409 3595 3621
18822 4 2 1 1 426 3591 3595 410
18823 4 2 1 1 3673 3668 444 3647
18824 4 2 1 1 444 3668 3673 460
18825 4 2 1 1 444 461 3673 3647
18826 4 2 1 1 3673 461 444 460
18827 4 2 1 1 391 3560 107 3571
18828 4 2 1 1 390 3569 4643 389
18829 4 2 1 1 390 4643 3569 4216
18830 4 2 1 1 3600 3627 411 3601
18831 4 2 1 1 426 411 3627 3601
18832 4 2 1 1 426 3627 411 427
18833 4 2 1 1 4948 3995 372 4247
18834 4 2 1 1 4948 372 3995 4269
18835 4 2 1 1 3753 3776 519 503
18836 4 2 1 1 519 3776 3753 3779
18837 4 2 1 1 519 504 3753 503
18838 4 2 1 1 3753 504 519 3779
18839 4 2 1 1 3727 3697 469 3700
18840 4 2 1 1 469 486 3727 3700
18841 4 2 1 1 3727 486 469 485
18842 4 2 1 1 3663 3648 451 435
18843 4 2 1 1 3663 451 3648 3674
18844 4 2 1 1 433 451 3648 435
18845 4 2 1 1 433 3648 451 3674
18846 4 2 1 1 4719 4207 3882 3921
18847 4 2 1 1 4719 3882 4207 4971
18848 4 2 1 1 3534 360 114 3547
18849 4 2 1 1 110 114 360 3547
18850 4 2 1 1 4817 3910 4580 4266
18851 4 2 1 1 4817 4580 3910 4475
18852 4 2 1 1 4942 1331 4358 4904
18853 4 2 1 1 4942 4358 1331 1152
18854 4 2 1 1 374 384 3572 385
18855 4 2 1 1 3572 384 374 3561
18856 4 2 1 1 3572 3570 374 385
18857 4 2 1 1 374 3570 3572 3561
18858 4 2 1 1 448 447 3666 463
18859 4 2 1 1 448 3666 447 3640
18860 4 2 1 1 3652 3666 447 463
18861 4 2 1 1 3652 447 3666 3640
18862 4 2 1 1 3757 500 3771 3746
18863 4 2 1 1 3757 3771 500 516
18864 4 2 1 1 501 3771 500 3746
18865 4 2 1 1 33 3709 12 11
18866 4 2 1 1 12 3709 33 3736
18867 4 2 1 1 4132 4781 4504 4098
18868 4 2 1 1 4504 4781 4132 4884
18869 4 2 1 1 483 3690 3692 467
18870 4 2 1 1 3692 465 483 467
18871 4 2 1 1 4065 517 500 501
18872 4 2 1 1 4065 500 517 516
18873 4 2 1 1 3771 500 517 501
18874 4 2 1 1 3771 517 500 516
18875 4 2 1 1 3786 3762 526 3788
18876 4 2 1 1 509 3762 526 510
18877 4 2 1 1 290 3921 4145 4207
18878 4 2 1 1 4145 3921 290 5021
18879 4 2 1 1 4242 27 2760 124
18880 4 2 1 1 4242 2760 27 4665
18881 4 2 1 1 4476 3910 5081 4313
18882 4 2 1 1 4476 5081 3910 4474
18883 4 2 1 1 4498 5081 3910 4313
18884 4 2 1 1 4498 3910 5081 4474
18885 4 2 1 1 3450 290 307 291
18886 4 2 1 1 307 290 3450 3476
18887 4 2 1 1 3450 3470 307 3476
18888 4 2 1 1 3520 3528 325 341
18889 4 2 1 1 3520 325 3528 3502
18890 4 2 1 1 342 325 3528 341
18891 4 2 1 1 342 3528 325 3502
18892 4 2 1 1 3692 3711 3718 3720
18893 4 2 1 1 3692 483 3718 3690
18894 4 2 1 1 3718 483 3692 3720
18895 4 2 1 1 3737 3771 3744 3746
18896 4 2 1 1 501 3771 3744 3769
18897 4 2 1 1 501 3744 3771 3746
18898 4 2 1 1 533 168 162 167
18899 4 2 1 1 533 162 168 4309
18900 4 2 1 1 153 533 162 167
18901 4 2 1 1 153 162 533 4309
18902 4 2 1 1 2810 533 153 167
18903 4 2 1 1 2810 153 533 4309
18904 4 2 1 1 342 3522 3502 3496
18905 4 2 1 1 342 3502 3522 3528
18906 4 2 1 1 3490 3502 3522 3496
18907 4 2 1 1 3490 3522 3502 3528
18908 4 2 1 1 3444 3466 307 3470
18909 4 2 1 1 307 3466 3444 291
18910 4 2 1 1 307 3450 3444 3470
18911 4 2 1 1 3444 3450 307 291
18912 4 2 1 1 3558 379 4181 378
18913 4 2 1 1 3558 4181 379 4256
18914 4 2 1 1 4459 4496 4460 3547
18915 4 2 1 1 4459 4460 4496 4967
18916 4 2 1 1 4810 3123 3013 4522
18917 4 2 1 1 4810 3013 3123 3014
18918 4 2 1 1 521 30 3755 3781
18919 4 2 1 1 3743 30 3755 26
18920 4 2 1 1 3743 3755 30 3781
18921 4 2 1 1 3663 3676 36 40
18922 4 2 1 1 3663 36 3676 3650
18923 4 2 1 1 452 36 3676 40
18924 4 2 1 1 2073 2114 4083 213
18925 4 2 1 1 2073 4083 2114 2074
18926 4 2 1 1 4179 4083 2114 213
18927 4 2 1 1 4179 2114 4083 2074
18928 4 2 1 1 4750 4414 1866 1867
18929 4 2 1 1 4750 1866 4414 4256
18930 4 2 1 1 2637 5049 2664 2440
18931 4 2 1 1 2664 5049 2637 4198
18932 4 2 1 1 5035 1238 1232 1555
18933 4 2 1 1 5035 1232 1238 4296
18934 4 2 1 1 4448 2236 2233 4418
18935 4 2 1 1 4448 2233 2236 2576
18936 4 2 1 1 4330 3990 242 4331
18937 4 2 1 1 4974 329 315 331
18938 4 2 1 1 4974 315 329 313
18939 4 2 1 1 3525 315 329 331
18940 4 2 1 1 4826 3542 348 3541
18941 4 2 1 1 4826 348 3542 5000
18942 4 2 1 1 3665 3801 3651 3639
18943 4 2 1 1 3651 3801 3665 3677
18944 4 2 1 1 3651 3654 3665 3639
18945 4 2 1 1 3665 3654 3651 3677
18946 4 2 1 1 4692 302 303 3455
18947 4 2 1 1 4692 303 302 4276
18948 4 2 1 1 3931 229 1738 4087
18949 4 2 1 1 3798 3460 3436 3462
18950 4 2 1 1 3798 3436 3460 3434
18951 4 2 1 1 3463 3436 3460 3462
18952 4 2 1 1 3463 3460 3436 3434
18953 4 2 1 1 455 438 3657 439
18954 4 2 1 1 455 3657 438 3681
18955 4 2 1 1 526 525 3762 509
18956 4 2 1 1 526 3762 525 3788
18957 4 2 1 1 508 3762 525 509
18958 4 2 1 1 508 525 3762 3788
18959 4 2 1 1 5004 4212 4671 4260
18960 4 2 1 1 5004 4671 4212 4500
18961 4 2 1 1 3623 3616 23 27
18962 4 2 1 1 23 3616 3623 3597
18963 4 2 1 1 23 424 3623 27
18964 4 2 1 1 3773 3780 13 3754
18965 4 2 1 1 3773 13 3780 17
18966 4 2 1 1 512 13 3780 3754
18967 4 2 1 1 406 421 3604 405
18968 4 2 1 1 3629 421 3604 3630
18969 4 2 1 1 4684 2333 242 383
18970 4 2 1 1 242 2333 4684 3990
18971 4 2 1 1 242 4331 4684 383
18972 4 2 1 1 4684 4331 242 3990
18973 4 2 1 1 4155 3257 3367 4033
18974 4 2 1 1 4155 3367 3257 3258
18975 4 2 1 1 527 3761 526 3786
18976 4 2 1 1 3762 526 3761 3786
18977 4 2 1 1 3762 3761 526 510
18978 4 2 1 1 4942 1331 1167 1149
18979 4 2 1 1 4942 1167 1331 4904
18980 4 2 1 1 402 3605 419 403
18981 4 2 1 1 3603 419 3605 403
18982 4 2 1 1 5027 3961 4222 4077
18983 4 2 1 1 5027 4222 3961 5009
18984 4 2 1 1 1711 5051 1106 1101
18985 4 2 1 1 1711 1106 5051 4629
18986 4 2 1 1 1569 1106 5051 1101
18987 4 2 1 1 1569 5051 1106 4629
18988 4 2 1 1 3572 3565 3560 3561
18989 4 2 1 1 3560 3565 3572 3571
18990 4 2 1 1 3560 384 3572 3561
18991 4 2 1 1 3572 384 3560 3571
18992 4 2 1 1 16 4327 3708 471
18993 4 2 1 1 3513 3511 3498 3485
18994 4 2 1 1 3513 3498 3511 3524
18995 4 2 1 1 3517 3498 3511 3485
18996 4 2 1 1 3517 3511 3498 3524
18997 4 2 1 1 3613 3599 3612 3625
18998 4 2 1 1 413 3612 3599 3625
18999 4 2 1 1 413 3599 3612 3585
19000 4 2 1 1 4768 4477 4332 4090
19001 4 2 1 1 4768 4332 4477 395
19002 4 2 1 1 4857 15 4254 1717
19003 4 2 1 1 4857 4254 15 4836
19004 4 2 1 1 3629 419 3605 3603
19005 4 2 1 1 3605 419 3629 3631
19006 4 2 1 1 3605 21 3629 3603
19007 4 2 1 1 3629 21 3605 3631
19008 4 2 1 1 3487 3499 3526 3500
19009 4 2 1 1 3487 3526 3499 3525
19010 4 2 1 1 315 3526 3499 3500
19011 4 2 1 1 315 3499 3526 3525
19012 4 2 1 1 286 4755 287 3429
19013 4 2 1 1 287 4755 286 4339
19014 4 2 1 1 4621 4233 3172 4525
19015 4 2 1 1 4621 3172 4233 4342
19016 4 2 1 1 3522 342 3492 3496
19017 4 2 1 1 3492 342 3522 3518
19018 4 2 1 1 3492 3489 3522 3496
19019 4 2 1 1 3522 3489 3492 3518
19020 4 2 1 1 415 3593 3622 3619
19021 4 2 1 1 415 3622 3593 3596
19022 4 2 1 1 3594 3593 3622 3596
19023 4 2 1 1 3724 3727 469 485
19024 4 2 1 1 469 3727 3724 3697
19025 4 2 1 1 469 3706 3724 485
19026 4 2 1 1 3724 3706 469 3697
19027 4 2 1 1 3458 3439 3471 3465
19028 4 2 1 1 293 3471 3439 3465
19029 4 2 1 1 293 3439 3471 3445
19030 4 2 1 1 194 4688 1730 92
19031 4 2 1 1 3735 11 20 12
19032 4 2 1 1 3735 20 11 3708
19033 4 2 1 1 3639 3801 3664 3665
19034 4 2 1 1 3664 3801 3639 3638
19035 4 2 1 1 3664 3659 3639 3665
19036 4 2 1 1 3639 3659 3664 3638
19037 4 2 1 1 426 3617 3595 3591
19038 4 2 1 1 426 3595 3617 3621
19039 4 2 1 1 3618 3617 3595 3621
19040 4 2 1 1 4829 4428 3355 3958
19041 4 2 1 1 4829 3355 4428 4915
19042 4 2 1 1 4355 4353 3968 4158
19043 4 2 1 1 4355 3968 4353 4354
19044 4 2 1 1 3685 3691 3713 3686
19045 4 2 1 1 3713 473 3685 3686
19046 4 2 1 1 3685 473 3713 3712
19047 4 2 1 1 3681 3683 438 454
19048 4 2 1 1 3681 438 3683 3655
19049 4 2 1 1 419 3607 404 420
19050 4 2 1 1 3580 3607 404 3581
19051 4 2 1 1 3580 404 3607 420
19052 4 2 1 1 3684 474 3712 490
19053 4 2 1 1 3684 3712 474 3685
19054 4 2 1 1 473 3712 474 490
19055 4 2 1 1 473 474 3712 3685
19056 4 2 1 1 438 439 3659 3633
19057 4 2 1 1 438 3659 439 455
19058 4 2 1 1 3632 3659 439 3633
19059 4 2 1 1 3632 439 3659 455
19060 4 2 1 1 3721 3705 3722 3732
19061 4 2 1 1 3721 3722 3705 3695
19062 4 2 1 1 480 3722 3705 3732
19063 4 2 1 1 480 3705 3722 3695
19064 4 2 1 1 3659 3660 3639 3665
19065 4 2 1 1 3671 3639 3660 3665
19066 4 2 1 1 3671 3660 3639 3634
19067 4 2 1 1 4088 4594 1754 177
19068 4 2 1 1 1754 4594 4088 99
19069 4 2 1 1 3401 244 4402 3400
19070 4 2 1 1 372 371 3995 4269
19071 4 2 1 1 3995 371 372 5076
19072 4 2 1 1 4538 364 4815 4163
19073 4 2 1 1 4538 4815 364 267
19074 4 2 1 1 107 391 111 3560
19075 4 2 1 1 380 111 391 3560
19076 4 2 1 1 4351 19 4966 2747
19077 4 2 1 1 4351 4966 19 4279
19078 4 2 1 1 3473 3448 312 3474
19079 4 2 1 1 3547 110 2552 360
19080 4 2 1 1 2552 110 3547 2663
19081 4 2 1 1 3547 4198 5049 2663
19082 4 2 1 1 4344 39 4946 2775
19083 4 2 1 1 4344 4946 39 4268
19084 4 2 1 1 349 360 114 3534
19085 4 2 1 1 4593 4958 4745 190
19086 4 2 1 1 4745 4958 4593 4116
19087 4 2 1 1 488 3713 3698 472
19088 4 2 1 1 3698 3713 488 3725
19089 4 2 1 1 3698 487 488 472
19090 4 2 1 1 488 487 3698 3725
19091 4 2 1 1 3683 453 436 437
19092 4 2 1 1 3683 436 453 452
19093 4 2 1 1 3672 453 436 452
19094 4 2 1 1 3608 418 3594 3620
19095 4 2 1 1 3608 3594 418 402
19096 4 2 1 1 417 3594 418 3620
19097 4 2 1 1 417 418 3594 402
19098 4 2 1 1 453 3683 438 437
19099 4 2 1 1 438 3683 453 454
19100 4 2 1 1 438 3660 453 437
19101 4 2 1 1 453 3660 438 454
19102 4 2 1 1 4501 4076 4532 4391
19103 4 2 1 1 4501 4532 4076 4213
19104 4 2 1 1 2061 1993 4915 228
19105 4 2 1 1 2061 4915 1993 1977
19106 4 2 1 1 1992 4915 1993 228
19107 4 2 1 1 1992 1993 4915 1977
19108 4 2 1 1 370 72 371 367
19109 4 2 1 1 368 371 72 367
19110 4 2 1 1 368 72 371 1496
19111 4 2 1 1 85 416 3611 432
19112 4 2 1 1 3596 416 3611 3589
19113 4 2 1 1 3596 3611 416 432
19114 4 2 1 1 420 3603 421 405
19115 4 2 1 1 420 421 3603 3629
19116 4 2 1 1 3604 421 3603 405
19117 4 2 1 1 3604 3603 421 3629
19118 4 2 1 1 408 407 3630 3604
19119 4 2 1 1 3761 511 526 510
19120 4 2 1 1 3761 526 511 527
19121 4 2 1 1 3740 526 511 510
19122 4 2 1 1 3740 511 526 527
19123 4 2 1 1 473 3735 488 489
19124 4 2 1 1 473 3713 488 472
19125 4 2 1 1 488 3713 473 489
19126 4 2 1 1 4981 3888 4426 4099
19127 4 2 1 1 4981 4426 3888 4266
19128 4 2 1 1 3751 522 521 3777
19129 4 2 1 1 3751 3755 521 505
19130 4 2 1 1 521 3755 3751 3777
19131 4 2 1 1 3630 424 407 408
19132 4 2 1 1 3630 407 424 423
19133 4 2 1 1 3592 407 424 408
19134 4 2 1 1 3592 424 407 423
19135 4 2 1 1 2323 4383 2527 2344
19136 4 2 1 1 2323 2527 4383 4714
19137 4 2 1 1 2527 4383 112 2344
19138 4 2 1 1 2527 112 4383 4714
19139 4 2 1 1 112 4383 178 2344
19140 4 2 1 1 112 178 4383 4714
19141 4 2 1 1 4245 3873 3539 4593
19142 4 2 1 1 3539 3873 4245 5067
19143 4 2 1 1 4245 3535 3539 5067
19144 4 2 1 1 3564 3576 3558 3569
19145 4 2 1 1 3564 3558 3576 3565
19146 4 2 1 1 3571 3558 3576 3569
19147 4 2 1 1 3571 3576 3558 3565
19148 4 2 1 1 5071 399 4546 4707
19149 4 2 1 1 5071 4546 399 4237
19150 4 2 1 1 404 403 3607 419
19151 4 2 1 1 404 3607 403 3581
19152 4 2 1 1 3582 3607 403 419
19153 4 2 1 1 3582 403 3607 3581
19154 4 2 1 1 92 91 531 2847
19155 4 2 1 1 4087 531 91 2847
19156 4 2 1 1 4871 4677 2375 2309
19157 4 2 1 1 4871 2375 4677 4225
19158 4 2 1 1 522 3787 507 506
19159 4 2 1 1 507 3787 522 523
19160 4 2 1 1 507 3739 522 506
19161 4 2 1 1 522 3739 507 523
19162 4 2 1 1 368 369 4301 4200
19163 4 2 1 1 368 4301 369 5076
19164 4 2 1 1 4927 4139 3895 4252
19165 4 2 1 1 4927 3895 4139 4505
19166 4 2 1 1 3660 453 3646 3672
19167 4 2 1 1 3660 3646 453 437
19168 4 2 1 1 436 3646 453 3672
19169 4 2 1 1 436 453 3646 437
19170 4 2 1 1 525 3767 3737 509
19171 4 2 1 1 3737 3767 525 3763
19172 4 2 1 1 3737 508 525 509
19173 4 2 1 1 242 3378 4330 3377
19174 4 2 1 1 242 4330 3378 3990
19175 4 2 1 1 3723 3714 3695 3722
19176 4 2 1 1 3723 3695 3714 3687
19177 4 2 1 1 3721 3695 3714 3722
19178 4 2 1 1 3721 3714 3695 3687
19179 4 2 1 1 4191 3925 4253 4080
19180 4 2 1 1 4191 4253 3925 4032
19181 4 2 1 1 3708 473 488 472
19182 4 2 1 1 488 473 3708 3735
19183 4 2 1 1 488 487 3708 472
19184 4 2 1 1 3708 487 488 3735
19185 4 2 1 1 3499 315 329 3525
19186 4 2 1 1 329 315 3499 313
19187 4 2 1 1 329 3498 3499 3525
19188 4 2 1 1 3499 3498 329 313
19189 4 2 1 1 3609 422 3584 3610
19190 4 2 1 1 3609 3584 422 406
19191 4 2 1 1 421 3584 422 3610
19192 4 2 1 1 421 422 3584 406
19193 4 2 1 1 475 490 3707 474
19194 4 2 1 1 3707 490 475 3734
19195 4 2 1 1 3747 3741 3771 3767
19196 4 2 1 1 3747 3771 3741 3746
19197 4 2 1 1 3737 3771 3741 3767
19198 4 2 1 1 3737 3741 3771 3746
19199 4 2 1 1 3662 3635 3641 3636
19200 4 2 1 1 3641 3666 3662 3636
19201 4 2 1 1 3662 3666 3641 3667
19202 4 2 1 1 181 386 3562 3573
19203 4 2 1 1 181 3562 386 375
19204 4 2 1 1 3559 3562 386 3573
19205 4 2 1 1 3559 386 3562 375
19206 4 2 1 1 5017 4056 2474 4324
19207 4 2 1 1 5017 2474 4056 4291
19208 4 2 1 1 3670 3675 3647 3649
19209 4 2 1 1 3670 3647 3675 3673
19210 4 2 1 1 3668 3647 3675 3649
19211 4 2 1 1 3668 3675 3647 3673
19212 4 2 1 1 399 73 1584 1595
19213 4 2 1 1 1584 396 399 1595
19214 4 2 1 1 3679 3641 3678 3667
19215 4 2 1 1 3666 3678 3641 3667
19216 4 2 1 1 3666 3641 3678 3652
19217 4 2 1 1 4184 3577 4402 394
19218 4 2 1 1 4225 393 4184 394
19219 4 2 1 1 4225 4184 393 4871
19220 4 2 1 1 393 3577 4184 394
19221 4 2 1 1 3580 3612 3581 3585
19222 4 2 1 1 3580 3581 3612 3607
19223 4 2 1 1 4815 365 3546 3549
19224 4 2 1 1 4815 3546 365 4514
19225 4 2 1 1 457 458 3635 441
19226 4 2 1 1 3635 458 457 3661
19227 4 2 1 1 3635 3662 457 441
19228 4 2 1 1 457 3662 3635 3661
19229 4 2 1 1 4594 2839 99 98
19230 4 2 1 1 4594 99 2839 4088
19231 4 2 1 1 3627 3626 411 427
19232 4 2 1 1 3627 411 3626 3600
19233 4 2 1 1 428 411 3626 427
19234 4 2 1 1 428 3626 411 3600
19235 4 2 1 1 3747 3766 3741 3767
19236 4 2 1 1 3747 3741 3766 3740
19237 4 2 1 1 526 3741 3766 3767
19238 4 2 1 1 526 3766 3741 3740
19239 4 2 1 1 4428 4539 4793 4123
19240 4 2 1 1 4793 4539 4428 3958
19241 4 2 1 1 4582 4869 4581 4210
19242 4 2 1 1 4582 4581 4869 5001
19243 4 2 1 1 5016 3890 306 4176
19244 4 2 1 1 5016 306 3890 4578
19245 4 2 1 1 4051 306 3890 4176
19246 4 2 1 1 4051 3890 306 4578
19247 4 2 1 1 4707 902 904 914
19248 4 2 1 1 904 902 4707 5071
19249 4 2 1 1 904 906 4707 914
19250 4 2 1 1 4707 906 904 5071
19251 4 2 1 1 475 3734 492 3710
19252 4 2 1 1 492 3734 475 491
19253 4 2 1 1 408 3592 3623 424
19254 4 2 1 1 3623 3592 408 3597
19255 4 2 1 1 3623 23 408 424
19256 4 2 1 1 408 23 3623 3597
19257 4 2 1 1 4677 2300 393 394
19258 4 2 1 1 4677 393 2300 2308
19259 4 2 1 1 5000 2634 2275 4826
19260 4 2 1 1 5000 2275 2634 2276
19261 4 2 1 1 483 481 3692 3720
19262 4 2 1 1 483 3692 481 465
19263 4 2 1 1 3704 481 3692 465
19264 4 2 1 1 3599 3586 3612 3585
19265 4 2 1 1 3599 3612 3586 3613
19266 4 2 1 1 3581 3612 3586 3585
19267 4 2 1 1 3730 3719 3690 3691
19268 4 2 1 1 3730 3690 3719 3718
19269 4 2 1 1 3635 3669 3641 3643
19270 4 2 1 1 3679 3669 3641 3667
19271 4 2 1 1 3679 3641 3669 3643
19272 4 2 1 1 4539 4106 3941 4015
19273 4 2 1 1 4539 3941 4106 4514
19274 4 2 1 1 3780 3749 3778 3775
19275 4 2 1 1 3780 3778 3749 3752
19276 4 2 1 1 3748 3778 3749 3775
19277 4 2 1 1 3748 3749 3778 3752
19278 4 2 1 1 3751 506 521 522
19279 4 2 1 1 3751 521 506 505
19280 4 2 1 1 3787 521 506 522
19281 4 2 1 1 481 3731 3692 3720
19282 4 2 1 1 481 3692 3731 3704
19283 4 2 1 1 3721 3692 3731 3720
19284 4 2 1 1 3721 3731 3692 3704
19285 4 2 1 1 3622 3620 3593 3594
19286 4 2 1 1 3622 3593 3620 3619
19287 4 2 1 1 3608 3593 3620 3594
19288 4 2 1 1 3608 3620 3593 3619
19289 4 2 1 1 3633 3639 3660 3634
19290 4 2 1 1 3660 3639 3633 3659
19291 4 2 1 1 3660 438 3633 3634
19292 4 2 1 1 3633 438 3660 3659
19293 4 2 1 1 525 3737 524 508
19294 4 2 1 1 525 524 3737 3763
19295 4 2 1 1 3764 524 3737 508
19296 4 2 1 1 3764 3737 524 3763
19297 4 2 1 1 5049 3547 2552 360
19298 4 2 1 1 186 2984 4712 187
19299 4 2 1 1 4712 2984 186 4308
19300 4 2 1 1 4712 4080 186 187
19301 4 2 1 1 186 4080 4712 4308
19302 4 2 1 1 3712 3718 3684 3711
19303 4 2 1 1 3692 3718 3684 3690
19304 4 2 1 1 3692 3684 3718 3711
19305 4 2 1 1 3763 3764 3744 3769
19306 4 2 1 1 3744 3764 3763 3737
19307 4 2 1 1 3744 3771 3763 3769
19308 4 2 1 1 3763 3771 3744 3737
19309 4 2 1 1 3653 3641 3678 3679
19310 4 2 1 1 3678 3641 3653 3652
19311 4 2 1 1 3678 446 3653 3679
19312 4 2 1 1 3653 446 3678 3652
19313 4 2 1 1 4348 25 4540 4319
19314 4 2 1 1 4348 4540 25 820
19315 4 2 1 1 3595 3592 3617 3618
19316 4 2 1 1 3595 3617 3592 3591
19317 4 2 1 1 3583 3592 3617 3591
19318 4 2 1 1 906 907 5070 909
19319 4 2 1 1 906 5070 907 5071
19320 4 2 1 1 908 5070 907 909
19321 4 2 1 1 908 907 5070 5071
19322 4 2 1 1 416 47 3611 3589
19323 4 2 1 1 416 3611 47 85
19324 4 2 1 1 120 3611 47 3589
19325 4 2 1 1 120 47 3611 85
19326 4 2 1 1 346 347 109 113
19327 4 2 1 1 109 347 346 357
19328 4 2 1 1 346 272 109 357
19329 4 2 1 1 5045 4296 397 4338
19330 4 2 1 1 5045 397 4296 4903
19331 4 2 1 1 2818 4883 2810 2800
19332 4 2 1 1 2818 2810 4883 4088
19333 4 2 1 1 152 2810 4883 2800
19334 4 2 1 1 4918 358 357 3555
19335 4 2 1 1 3617 3609 3592 3583
19336 4 2 1 1 3617 3592 3609 3618
19337 4 2 1 1 423 3609 3592 3618
19338 4 2 1 1 4531 4263 3439 3433
19339 4 2 1 1 4531 3439 4263 4248
19340 4 2 1 1 3446 3439 4263 3433
19341 4 2 1 1 3446 4263 3439 4248
19342 4 2 1 1 109 113 348 2586
19343 4 2 1 1 348 113 109 347
19344 4 2 1 1 109 358 348 347
19345 4 2 1 1 120 417 3605 3631
19346 4 2 1 1 120 3605 417 401
19347 4 2 1 1 402 417 3605 401
19348 4 2 1 1 1937 1935 178 213
19349 4 2 1 1 1937 178 1935 2707
19350 4 2 1 1 4881 166 168 3791
19351 4 2 1 1 4881 168 166 4565
19352 4 2 1 1 381 4554 3567 3566
19353 4 2 1 1 381 3567 4554 4823
19354 4 2 1 1 1754 4088 2632 99
19355 4 2 1 1 100 2632 4088 99
19356 4 2 1 1 3031 195 4688 194
19357 4 2 1 1 3031 4688 195 4029
19358 4 2 1 1 4152 4688 195 194
19359 4 2 1 1 4152 195 4688 4029
19360 4 2 1 1 3571 2573 384 107
19361 4 2 1 1 3571 384 2573 4802
19362 4 2 1 1 2581 384 2570 107
19363 4 2 1 1 2581 2570 384 4802
19364 4 2 1 1 384 2573 2570 107
19365 4 2 1 1 384 2570 2573 4802
19366 4 2 1 1 3931 229 4614 230
19367 4 2 1 1 3931 4614 229 4676
19368 4 2 1 1 3613 3599 3628 3602
19369 4 2 1 1 3613 3628 3599 3625
19370 4 2 1 1 430 3628 3599 3602
19371 4 2 1 1 430 3599 3628 3625
19372 4 2 1 1 73 400 5006 1670
19373 4 2 1 1 5006 400 73 4799
19374 4 2 1 1 5006 1376 73 1670
19375 4 2 1 1 73 1376 5006 4799
19376 4 2 1 1 371 368 75 372
19377 4 2 1 1 371 75 368 1496
19378 4 2 1 1 71 368 75 1496
19379 4 2 1 1 4088 167 4235 535
19380 4 2 1 1 4088 4235 167 4883
19381 4 2 1 1 4088 534 100 2832
19382 4 2 1 1 272 4035 4202 3416
19383 4 2 1 1 272 4202 4035 4432
19384 4 2 1 1 3802 3701 3726 3728
19385 4 2 1 1 3802 3726 3701 3699
19386 4 2 1 1 3695 3726 3696 3723
19387 4 2 1 1 3695 3696 3726 3699
19388 4 2 1 1 3701 3726 3696 3699
19389 4 2 1 1 228 2123 2510 2585
19390 4 2 1 1 228 113 2510 193
19391 4 2 1 1 2510 113 228 2585
19392 4 2 1 1 4291 3111 192 4056
19393 4 2 1 1 4291 192 3111 193
19394 4 2 1 1 3655 32 3657 31
19395 4 2 1 1 3655 3657 32 3681
19396 4 2 1 1 4412 4083 4001 4184
19397 4 2 1 1 4412 4001 4083 4179
19398 4 2 1 1 4625 4202 358 4627
19399 4 2 1 1 4432 4202 358 357
19400 4 2 1 1 4432 358 4202 4627
19401 4 2 1 1 76 72 371 370
19402 4 2 1 1 76 371 72 1496
19403 4 2 1 1 2510 2006 228 193
19404 4 2 1 1 2510 228 2006 2123
19405 4 2 1 1 2008 228 2006 193
19406 4 2 1 1 2008 2006 228 2123
19407 4 2 1 1 4501 221 4532 3521
19408 4 2 1 1 4501 4532 221 4391
19409 4 2 1 1 2011 2406 4998 2013
19410 4 2 1 1 4998 2406 2011 228
19411 4 2 1 1 4998 2012 2011 2013
19412 4 2 1 1 2011 2012 4998 228
19413 4 2 1 1 2290 4179 2311 2310
19414 4 2 1 1 2311 2312 4179 2290
19415 4 2 1 1 2311 4179 2312 213
19416 4 2 1 1 2607 4179 2312 2290
19417 4 2 1 1 2607 2312 4179 213
19418 4 2 1 1 2311 2312 178 213
19419 4 2 1 1 2311 178 2312 2313
19420 4 2 1 1 2339 178 2312 213
19421 4 2 1 1 2339 2312 178 2313
19422 4 2 1 1 2008 2009 228 193
19423 4 2 1 1 228 2009 2008 2010
19424 4 2 1 1 2310 108 213 2321
19425 4 2 1 1 213 2311 2310 2321
19426 4 2 1 1 2310 2311 213 4179
19427 4 2 1 1 1832 4383 2487 2506
19428 4 2 1 1 2487 4383 1832 4714
19429 4 2 1 1 30 3755 505 521
19430 4 2 1 1 505 3755 30 26
19431 4 2 1 1 436 36 3676 452
19432 4 2 1 1 3676 36 436 3650
19433 4 2 1 1 3676 3800 436 452
19434 4 2 1 1 436 3800 3676 3650
19435 4 2 1 1 4263 3447 3446 3435
19436 4 2 1 1 4263 3446 3447 4248
19437 4 2 1 1 393 4677 4871 2308
19438 4 2 1 1 4871 4677 393 4225
19439 4 2 1 1 2289 4179 2291 2286
19440 4 2 1 1 2289 2291 4179 4992
19441 4 2 1 1 4412 4179 2291 4992
19442 4 2 1 1 281 3448 260 255
19443 4 2 1 1 260 3448 281 297
19444 4 2 1 1 260 249 281 255
19445 4 2 1 1 281 249 260 297
19446 4 2 1 1 528 3761 13 512
19447 4 2 1 1 13 3780 528 512
19448 4 2 1 1 528 3780 13 17
19449 4 2 1 1 3656 459 117 119
19450 4 2 1 1 3656 117 459 443
19451 4 2 1 1 3675 117 459 119
19452 4 2 1 1 3675 459 117 443
19453 4 2 1 1 11 3735 3734 12
19454 4 2 1 1 3734 3735 11 3707
19455 4 2 1 1 3734 3710 11 12
19456 4 2 1 1 11 3710 3734 3707
19457 4 2 1 1 5006 4519 400 4798
19458 4 2 1 1 5006 400 4519 4959
19459 4 2 1 1 4823 379 3567 4181
19460 4 2 1 1 4823 3567 379 380
19461 4 2 1 1 3536 3537 267 266
19462 4 2 1 1 3536 267 3537 3550
19463 4 2 1 1 353 267 3537 266
19464 4 2 1 1 353 3537 267 3550
19465 4 2 1 1 2487 4383 2320 2319
19466 4 2 1 1 2487 2320 4383 4714
19467 4 2 1 1 397 69 4903 1586
19468 4 2 1 1 397 4903 69 4799
19469 4 2 1 1 397 73 396 400
19470 4 2 1 1 399 396 73 400
19471 4 2 1 1 399 73 396 1584
19472 4 2 1 1 108 112 381 382
19473 4 2 1 1 381 112 108 2322
19474 4 2 1 1 108 392 381 2322
19475 4 2 1 1 1441 1439 395 70
19476 4 2 1 1 395 1439 1441 4945
19477 4 2 1 1 1439 4474 395 70
19478 4 2 1 1 395 4474 1439 4945
19479 4 2 1 1 1439 4476 4474 70
19480 4 2 1 1 4474 4476 1439 4945
19481 4 2 1 1 396 399 70 395
19482 4 2 1 1 396 70 399 1595
19483 4 2 1 1 74 399 70 1595
19484 4 2 1 1 4225 244 4677 394
19485 4 2 1 1 4225 4677 244 4001
19486 4 2 1 1 2300 4677 244 394
19487 4 2 1 1 2300 244 4677 4001
19488 4 2 1 1 213 2310 4992 108
19489 4 2 1 1 213 4992 2310 4179
19490 4 2 1 1 2402 4992 2310 108
19491 4 2 1 1 2402 2310 4992 4179
19492 4 2 1 1 2684 4507 2683 2396
19493 4 2 1 1 2684 2683 4507 4944
19494 4 2 1 1 2383 2683 4507 2396
19495 4 2 1 1 2383 4507 2683 4944
19496 4 2 1 1 398 4474 70 395
19497 4 2 1 1 70 4474 398 74
19498 4 2 1 1 70 399 398 395
19499 4 2 1 1 398 399 70 74
19500 4 2 1 1 369 4869 75 372
19501 4 2 1 1 75 4869 369 71
19502 4 2 1 1 75 368 369 372
19503 4 2 1 1 369 368 75 71
19504 4 2 1 1 3760 9 30 3787
19505 4 2 1 1 30 9 3760 26
19506 4 2 1 1 3760 505 30 26
19507 4 2 1 1 3786 3793 13 3761
19508 4 2 1 1 13 3793 3786 17
19509 4 2 1 1 13 528 3786 3761
19510 4 2 1 1 3786 528 13 17
19511 4 2 1 1 4387 217 4274 3469
19512 4 2 1 1 4387 4274 217 4062
19513 4 2 1 1 4436 182 4314 4086
19514 4 2 1 1 4436 4314 182 3443
19515 4 2 1 1 332 3503 317 316
19516 4 2 1 1 317 3503 332 3529
19517 4 2 1 1 228 109 271 272
19518 4 2 1 1 228 271 109 113
19519 4 2 1 1 346 271 109 272
19520 4 2 1 1 346 109 271 113
19521 4 2 1 1 69 73 396 397
19522 4 2 1 1 69 396 73 1584
19523 4 2 1 1 243 383 394 3566
19524 4 2 1 1 72 1351 4479 76
19525 4 2 1 1 4479 1351 72 4629
19526 4 2 1 1 4479 370 72 76
19527 4 2 1 1 72 370 4479 4629
19528 4 2 1 1 107 392 111 391
19529 4 2 1 1 107 111 392 2322
19530 4 2 1 1 380 111 392 391
19531 4 2 1 1 359 348 109 358
19532 4 2 1 1 359 109 348 2586
19533 4 2 1 1 110 359 114 2586
19534 4 2 1 1 110 114 359 360
19535 4 2 1 1 348 114 359 2586
19536 4 2 1 1 381 392 111 2322
19537 4 2 1 1 381 111 392 380
19538 4 2 1 1 534 177 1754 212
19539 4 2 1 1 534 1754 177 4088
19540 4 2 1 1 2632 534 1754 212
19541 4 2 1 1 2632 1754 534 4088
19542 4 2 1 1 100 2632 534 4088
19543 4 2 1 1 4334 2603 3797 1925
19544 4 2 1 1 178 3797 2603 1925
19545 4 2 1 1 1755 177 3014 2603
19546 4 2 1 1 112 383 2490 382
19547 4 2 1 1 112 2490 383 2333
19548 4 2 1 1 4616 2490 383 382
19549 4 2 1 1 107 2572 392 391
19550 4 2 1 1 107 392 2572 2524
19551 4 2 1 1 4944 2383 392 2524
19552 4 2 1 1 392 2383 2572 2524
19553 4 2 1 1 2572 2395 391 3571
19554 4 2 1 1 4932 391 2395 3571
19555 4 2 1 1 4334 3014 3797 2603
19556 4 2 1 1 178 3797 3014 2603
19557 4 2 1 1 178 3014 3797 2882
19558 4 2 1 1 1875 2490 381 1818
19559 4 2 1 1 1875 381 2490 382
19560 4 2 1 1 1817 1873 381 1818
19561 4 2 1 1 1873 1875 381 1818
19562 4 2 1 1 70 396 1536 1538
19563 4 2 1 1 1340 1625 4479 370
19564 4 2 1 1 1340 4479 1625 1356
19565 4 2 1 1 1163 4479 1625 370
19566 4 2 1 1 1163 1625 4479 1356
19567 4 2 1 1 1741 3108 194 1744
19568 4 2 1 1 5017 1750 2200 1748
19569 4 2 1 1 5017 1753 2200 228
19570 4 2 1 1 2200 1753 5017 1748
19571 4 2 1 1 2457 2456 347 2448
19572 4 2 1 1 113 2456 347 348
19573 4 2 1 1 113 347 2456 2448
19574 4 2 1 1 371 76 1169 1146
19575 4 2 1 1 4432 2182 357 358
19576 4 2 1 1 109 357 2182 358
19577 4 2 1 1 359 4627 2503 2548
19578 4 2 1 1 2182 4627 359 358
19579 4 2 1 1 359 4627 2182 2503
19580 4 2 1 1 359 109 2182 358
19581 4 2 1 1 2182 109 359 2503
19582 4 2 1 1 2072 212 4155 1963
19583 4 2 1 1 4674 4155 3978 1963
19584 4 2 1 1 4674 3978 4155 3286
19585 4 2 1 1 4155 212 3978 1963
19586 4 2 1 1 4155 3978 212 3286
19587 4 2 1 1 371 76 1151 1169
19588 4 2 1 1 1151 4942 371 1169
19589 4 2 1 1 392 2389 2572 2383
19590 4 2 1 1 392 4944 4507 2383
19591 4 2 1 1 392 4507 2389 2383
19592 4 2 1 1 305 3875 4051 289
19593 4 2 1 1 4600 4152 2844 3863
19594 4 2 1 1 4600 2844 4152 4111
19595 4 2 1 1 2837 2844 4152 3863
19596 4 2 1 1 2837 4152 2844 4111
19597 4 2 1 1 3258 3126 4084 3260
19598 4 2 1 1 4084 3126 3258 4257
19599 4 2 1 1 3258 4155 4084 4257
19600 4 2 1 1 3902 4352 4085 386
19601 4 2 1 1 3902 4085 4352 4121
19602 4 2 1 1 385 4085 4352 386
19603 4 2 1 1 385 4352 4085 4121
19604 4 2 1 1 4736 315 189 331
19605 4 2 1 1 4082 4736 4372 3829
19606 4 2 1 1 4372 315 4736 331
19607 4 2 1 1 4402 216 4019 3398
19608 4 2 1 1 4402 4019 216 4352
19609 4 2 1 1 1216 1669 398 1667
19610 4 2 1 1 398 1669 1216 4426
19611 4 2 1 1 398 1609 1216 1667
19612 4 2 1 1 1216 1609 398 4426
19613 4 2 1 1 3943 3829 4284 4372
19614 4 2 1 1 4284 3829 3943 4463
19615 4 2 1 1 4284 3861 3943 4372
19616 4 2 1 1 3943 3861 4284 4463
19617 4 2 1 1 4599 1745 3108 4478
19618 4 2 1 1 1744 3108 1745 4478
19619 4 2 1 1 2211 1969 4915 1970
19620 4 2 1 1 4915 1973 2211 1970
19621 4 2 1 1 2208 2497 373 2206
19622 4 2 1 1 2208 373 2497 4497
19623 4 2 1 1 3902 4176 5028 305
19624 4 2 1 1 3902 5028 4176 4509
19625 4 2 1 1 4509 4051 3837 3890
19626 4 2 1 1 4509 3837 4051 4118
19627 4 2 1 1 3846 3837 4051 3890
19628 4 2 1 1 3846 4051 3837 4118
19629 4 2 1 1 4671 331 4974 4117
19630 4 2 1 1 4671 4974 331 329
19631 4 2 1 1 1963 4674 1857 1760
19632 4 2 1 1 1857 4674 1963 4155
19633 4 2 1 1 4720 4719 4510 3875
19634 4 2 1 1 4720 4510 4719 3833
19635 4 2 1 1 4365 4510 4719 3875
19636 4 2 1 1 4365 4719 4510 3833
19637 4 2 1 1 354 4736 4082 3911
19638 4 2 1 1 331 190 354 365
19639 4 2 1 1 354 190 331 4736
19640 4 2 1 1 354 4736 4593 190
19641 4 2 1 1 4593 4736 354 3911
19642 4 2 1 1 4761 4424 4787 3860
19643 4 2 1 1 4787 4424 4761 3877
19644 4 2 1 1 3877 4117 4787 4082
19645 4 2 1 1 3877 4787 4117 4761
19646 4 2 1 1 3860 4787 4117 4082
19647 4 2 1 1 3860 4117 4787 4761
19648 4 2 1 1 228 2200 1969 4915
19649 4 2 1 1 4915 2200 2211 4494
19650 4 2 1 1 4915 2211 2200 1969
19651 4 2 1 1 4958 4737 2971 4736
19652 4 2 1 1 4958 2971 4737 4897
19653 4 2 1 1 4227 2971 4737 4736
19654 4 2 1 1 4227 4737 2971 4897
19655 4 2 1 1 4971 4277 3903 4022
19656 4 2 1 1 4089 4974 4372 3943
19657 4 2 1 1 4372 4974 4089 315
19658 4 2 1 1 4089 4372 3829 3943
19659 4 2 1 1 4089 3829 4227 3943
19660 4 2 1 1 221 4442 4628 3224
19661 4 2 1 1 4628 220 221 3224
19662 4 2 1 1 221 220 4628 5010
19663 4 2 1 1 5010 3957 220 4628
19664 4 2 1 1 3902 5028 4919 3313
19665 4 2 1 1 4919 5028 3902 4509
19666 4 2 1 1 5034 106 105 3931
19667 4 2 1 1 5034 105 106 1859
19668 4 2 1 1 4458 2516 3547 2418
19669 4 2 1 1 4458 3547 2516 4198
19670 4 2 1 1 2663 3547 2516 2418
19671 4 2 1 1 2663 2516 3547 4198
19672 4 2 1 1 1469 4200 369 1468
19673 4 2 1 1 369 4200 1469 4765
19674 4 2 1 1 369 1466 1469 1468
19675 4 2 1 1 1469 1466 369 4765
19676 4 2 1 1 1371 1374 5006 1376
19677 4 2 1 1 1371 5006 1374 4798
19678 4 2 1 1 4799 5006 1374 1376
19679 4 2 1 1 4799 1374 5006 4798
19680 4 2 1 1 108 2298 244 2300
19681 4 2 1 1 4001 244 2298 2300
19682 4 2 1 1 623 4205 3933 4045
19683 4 2 1 1 623 3933 4205 4820
19684 4 2 1 1 1478 1479 368 1480
19685 4 2 1 1 1478 368 1479 4200
19686 4 2 1 1 1483 368 1479 1480
19687 4 2 1 1 1483 1479 368 4200
19688 4 2 1 1 4030 229 1964 1738
19689 4 2 1 1 229 5034 4030 3275
19690 4 2 1 1 4030 5034 229 1738
19691 4 2 1 1 229 3931 5034 3275
19692 4 2 1 1 5034 3931 229 1738
19693 4 2 1 1 4720 3903 4971 4277
19694 4 2 1 1 4971 3903 4720 4719
19695 4 2 1 1 4971 3875 4720 4277
19696 4 2 1 1 4720 3875 4971 4719
19697 4 2 1 1 5076 3817 3879 3841
19698 4 2 1 1 5076 3879 3817 3940
19699 4 2 1 1 3888 4768 3982 3872
19700 4 2 1 1 396 4768 3982 399
19701 4 2 1 1 396 3982 4768 3872
19702 4 2 1 1 4886 1724 1726 1728
19703 4 2 1 1 4886 1726 1724 4928
19704 4 2 1 1 4740 513 597 497
19705 4 2 1 1 14 597 513 497
19706 4 2 1 1 4253 315 4859 3499
19707 4 2 1 1 4253 4859 315 4089
19708 4 2 1 1 313 4859 315 3499
19709 4 2 1 1 313 315 4859 4089
19710 4 2 1 1 4442 3226 3223 3227
19711 4 2 1 1 4442 3223 3226 4401
19712 4 2 1 1 4003 3954 312 296
19713 4 2 1 1 3954 185 312 296
19714 4 2 1 1 185 3448 312 296
19715 4 2 1 1 312 4003 185 3954
19716 4 2 1 1 185 221 5010 220
19717 4 2 1 1 185 5010 221 3954
19718 4 2 1 1 3957 185 5010 220
19719 4 2 1 1 3957 5010 185 3954
19720 4 2 1 1 4003 3957 185 3954
19721 4 2 1 1 3874 4861 3870 3917
19722 4 2 1 1 3870 4861 3874 4264
19723 4 2 1 1 2519 2664 5049 2662
19724 4 2 1 1 5049 2664 2519 4198
19725 4 2 1 1 5049 2663 2519 2662
19726 4 2 1 1 2519 2663 5049 4198
19727 4 2 1 1 4628 312 3957 220
19728 4 2 1 1 4628 3957 312 4003
19729 4 2 1 1 185 3957 312 220
19730 4 2 1 1 185 312 3957 4003
19731 4 2 1 1 36 2768 4355 35
19732 4 2 1 1 4355 2768 36 4158
19733 4 2 1 1 5046 4182 4355 35
19734 4 2 1 1 4355 4182 5046 4158
19735 4 2 1 1 2768 5046 4355 35
19736 4 2 1 1 4355 5046 2768 4158
19737 4 2 1 1 345 4209 366 356
19738 4 2 1 1 2271 2673 4209 356
19739 4 2 1 1 4209 2673 2271 4698
19740 4 2 1 1 345 2271 4209 356
19741 4 2 1 1 4209 2271 345 4698
19742 4 2 1 1 16 1721 4327 1717
19743 4 2 1 1 16 4327 1721 4978
19744 4 2 1 1 4327 1721 4112 1717
19745 4 2 1 1 4327 4112 1721 4978
19746 4 2 1 1 4112 1721 4857 1717
19747 4 2 1 1 4112 4857 1721 4978
19748 4 2 1 1 4857 1721 1718 1717
19749 4 2 1 1 4857 1718 1721 4978
19750 4 2 1 1 4442 4076 4078 4010
19751 4 2 1 1 4442 4078 4076 4532
19752 4 2 1 1 4222 4078 4076 4010
19753 4 2 1 1 4222 4076 4078 4532
19754 4 2 1 1 5063 4004 3828 3858
19755 4 2 1 1 5063 3828 4004 4768
19756 4 2 1 1 3872 3828 4004 3858
19757 4 2 1 1 3872 4004 3828 4768
19758 4 2 1 1 1738 2485 4087 229
19759 4 2 1 1 1738 4087 2485 91
19760 4 2 1 1 4087 2485 1730 229
19761 4 2 1 1 4087 1730 2485 91
19762 4 2 1 1 194 4087 1730 229
19763 4 2 1 1 5076 4136 3928 3962
19764 4 2 1 1 5076 3928 4136 4043
19765 4 2 1 1 4037 3928 4136 3962
19766 4 2 1 1 4037 4136 3928 4043
19767 4 2 1 1 290 5021 307 291
19768 4 2 1 1 532 145 203 4111
19769 4 2 1 1 2084 4677 2651 2340
19770 4 2 1 1 2084 2651 4677 4225
19771 4 2 1 1 2081 2651 4677 2340
19772 4 2 1 1 2081 4677 2651 4225
19773 4 2 1 1 2107 5062 4246 4085
19774 4 2 1 1 2107 4246 5062 373
19775 4 2 1 1 374 4246 5062 4085
19776 4 2 1 1 374 5062 4246 373
19777 4 2 1 1 85 4242 4752 2765
19778 4 2 1 1 4752 4242 85 4036
19779 4 2 1 1 5004 343 4260 344
19780 4 2 1 1 5004 4260 343 5027
19781 4 2 1 1 4014 4260 343 344
19782 4 2 1 1 4014 343 4260 5027
19783 4 2 1 1 4578 306 5021 307
19784 4 2 1 1 4578 5021 306 4051
19785 4 2 1 1 290 5021 306 307
19786 4 2 1 1 290 306 5021 4051
19787 4 2 1 1 2601 4398 2606 2397
19788 4 2 1 1 2601 2606 4398 4386
19789 4 2 1 1 2401 2606 4398 2397
19790 4 2 1 1 2401 4398 2606 4386
19791 4 2 1 1 4093 707 695 694
19792 4 2 1 1 4093 695 707 4151
19793 4 2 1 1 4872 4004 4063 4296
19794 4 2 1 1 4872 4063 4004 3858
19795 4 2 1 1 3872 4063 4004 4296
19796 4 2 1 1 3872 4004 4063 3858
19797 4 2 1 1 1484 1648 368 1646
19798 4 2 1 1 1648 1647 368 1646
19799 4 2 1 1 1648 368 1647 4224
19800 4 2 1 1 1640 1643 368 1646
19801 4 2 1 1 1640 368 1643 4224
19802 4 2 1 1 1647 1640 368 1646
19803 4 2 1 1 1647 368 1640 4224
19804 4 2 1 1 295 3447 312 3473
19805 4 2 1 1 295 312 3447 296
19806 4 2 1 1 3448 312 3447 3473
19807 4 2 1 1 3448 3447 312 296
19808 4 2 1 1 4892 1628 4358 1172
19809 4 2 1 1 4892 4358 1628 4136
19810 4 2 1 1 1175 4892 1612 4136
19811 4 2 1 1 1175 1612 4892 1174
19812 4 2 1 1 1628 1612 4892 4136
19813 4 2 1 1 1628 4892 1612 1174
19814 4 2 1 1 3995 3895 372 4247
19815 4 2 1 1 372 3895 3995 5076
19816 4 2 1 1 18 597 513 14
19817 4 2 1 1 18 599 513 597
19818 4 2 1 1 513 599 18 4741
19819 4 2 1 1 599 4740 513 597
19820 4 2 1 1 513 4740 599 4741
19821 4 2 1 1 599 4052 4740 597
19822 4 2 1 1 4740 4052 599 4741
19823 4 2 1 1 4945 1202 1635 1519
19824 4 2 1 1 4945 1635 1202 5007
19825 4 2 1 1 16 4327 4400 3708
19826 4 2 1 1 4400 4327 16 4978
19827 4 2 1 1 4400 11 16 3708
19828 4 2 1 1 16 11 4400 4978
19829 4 2 1 1 3607 3582 3586 3613
19830 4 2 1 1 3586 3582 3607 3581
19831 4 2 1 1 3586 3612 3607 3613
19832 4 2 1 1 3607 3612 3586 3581
19833 4 2 1 1 3690 3719 3685 3691
19834 4 2 1 1 3713 3685 3719 3691
19835 4 2 1 1 3713 3719 3685 3712
19836 4 2 1 1 418 417 3605 402
19837 4 2 1 1 3605 417 418 3631
19838 4 2 1 1 3605 419 418 402
19839 4 2 1 1 418 419 3605 3631
19840 4 2 1 1 3609 406 407 3583
19841 4 2 1 1 3609 3592 407 423
19842 4 2 1 1 407 3592 3609 3583
19843 4 2 1 1 113 4694 271 2226
19844 4 2 1 1 271 4694 113 193
19845 4 2 1 1 3661 3669 3641 3635
19846 4 2 1 1 3641 3669 3661 3667
19847 4 2 1 1 3641 3662 3661 3635
19848 4 2 1 1 3661 3662 3641 3667
19849 4 2 1 1 3609 422 407 406
19850 4 2 1 1 3609 407 422 423
19851 4 2 1 1 3630 422 407 423
19852 4 2 1 1 3685 3719 3718 3712
19853 4 2 1 1 3718 3719 3685 3690
19854 4 2 1 1 3718 3684 3685 3712
19855 4 2 1 1 3685 3684 3718 3690
19856 4 2 1 1 167 2810 4883 152
19857 4 2 1 1 167 4883 2810 4088
19858 4 2 1 1 243 394 242 244
19859 4 2 1 1 243 242 394 383
19860 4 2 1 1 108 242 394 244
19861 4 2 1 1 108 394 242 383
19862 4 2 1 1 506 3760 521 3787
19863 4 2 1 1 506 521 3760 505
19864 4 2 1 1 30 521 3760 3787
19865 4 2 1 1 30 3760 521 505
19866 4 2 1 1 213 4001 4083 3401
19867 4 2 1 1 213 4083 4001 4179
19868 4 2 1 1 4087 529 194 531
19869 4 2 1 1 4087 194 529 229
19870 4 2 1 1 3789 194 529 531
19871 4 2 1 1 3789 529 194 229
19872 4 2 1 1 312 3474 185 220
19873 4 2 1 1 312 185 3474 3448
19874 4 2 1 1 260 185 3474 220
19875 4 2 1 1 260 3474 185 3448
19876 4 2 1 1 1534 70 396 1536
19877 4 2 1 1 1744 194 193 3108
19878 4 2 1 1 4599 1745 1744 3108
19879 4 2 1 1 4599 1744 193 3108
19880 4 2 1 1 76 1171 371 1151
19881 4 2 1 1 76 371 1171 370
19882 4 2 1 1 4942 371 1171 1151
19883 4 2 1 1 396 1532 70 1534
19884 4 2 1 1 70 396 1530 1532
19885 4 2 1 1 2158 229 4030 3275
19886 4 2 1 1 2158 4030 229 1964
19887 4 2 1 1 1528 4332 396 395
19888 4 2 1 1 396 4332 1528 1530
19889 4 2 1 1 396 70 1528 395
19890 4 2 1 1 1528 70 396 1530
19891 4 2 1 1 1747 3803 1745 1746
19892 4 2 1 1 1745 3803 1747 4599
19893 4 2 1 1 3803 1744 1745 1746
19894 4 2 1 1 1745 1744 3803 4599
19895 4 2 1 1 1744 193 3803 4599
19896 4 2 1 1 354 366 4082 365
19897 4 2 1 1 4593 355 3911 354
19898 4 2 1 1 4593 3911 355 4698
19899 4 2 1 1 3911 355 4082 354
19900 4 2 1 1 3911 4082 355 4698
19901 4 2 1 1 4082 355 366 354
19902 4 2 1 1 3829 3911 4239 4735
19903 4 2 1 1 3829 4239 3911 4736
19904 4 2 1 1 4734 4239 3911 4735
19905 4 2 1 1 4734 3911 4239 4736
19906 4 2 1 1 1971 1970 228 1967
19907 4 2 1 1 1971 228 1970 4915
19908 4 2 1 1 1969 228 1970 1967
19909 4 2 1 1 1969 1970 228 4915
19910 4 2 1 1 1419 1594 4476 1682
19911 4 2 1 1 1419 4476 1594 4474
19912 4 2 1 1 70 4476 1594 1682
19913 4 2 1 1 70 1594 4476 4474
19914 4 2 1 1 1744 229 193 194
19915 4 2 1 1 2158 193 1744 229
19916 4 2 1 1 2574 2571 3571 2572
19917 4 2 1 1 2574 3571 2571 4398
19918 4 2 1 1 2399 2600 3571 2572
19919 4 2 1 1 2399 3571 2600 4398
19920 4 2 1 1 2600 2574 3571 2572
19921 4 2 1 1 2600 3571 2574 4398
19922 4 2 1 1 2804 238 530 145
19923 4 2 1 1 2804 530 238 4087
19924 4 2 1 1 532 2804 530 145
19925 4 2 1 1 532 530 2804 4087
19926 4 2 1 1 4111 2804 532 145
19927 4 2 1 1 4111 532 2804 4087
19928 4 2 1 1 1648 368 1649 1484
19929 4 2 1 1 1648 1649 368 4224
19930 4 2 1 1 1483 1649 368 1484
19931 4 2 1 1 1483 368 1649 4224
19932 4 2 1 1 4886 1725 1726 4929
19933 4 2 1 1 1726 1725 4886 1729
19934 4 2 1 1 3889 4062 3869 5028
19935 4 2 1 1 3869 4062 3889 4053
19936 4 2 1 1 4555 4465 3869 5028
19937 4 2 1 1 3869 4465 4555 4053
19938 4 2 1 1 4062 4555 3869 5028
19939 4 2 1 1 3869 4555 4062 4053
19940 4 2 1 1 5045 1546 396 397
19941 4 2 1 1 396 4338 5045 397
19942 4 2 1 1 4278 4707 906 1386
19943 4 2 1 1 906 4707 4278 399
19944 4 2 1 1 906 398 4278 1386
19945 4 2 1 1 4278 398 906 399
19946 4 2 1 1 271 4448 2353 4694
19947 4 2 1 1 271 2353 4448 346
19948 4 2 1 1 2200 5017 1969 1750
19949 4 2 1 1 2200 1969 5017 228
19950 4 2 1 1 1967 1969 5017 1750
19951 4 2 1 1 1967 5017 1969 228
19952 4 2 1 1 19 598 4717 600
19953 4 2 1 1 19 4657 4717 486
19954 4 2 1 1 4717 4657 19 600
19955 4 2 1 1 470 4717 19 598
19956 4 2 1 1 470 19 4717 486
19957 4 2 1 1 479 4910 34 495
19958 4 2 1 1 479 34 4910 605
19959 4 2 1 1 38 34 4910 495
19960 4 2 1 1 38 4910 34 605
19961 4 2 1 1 290 4207 4051 3921
19962 4 2 1 1 290 4051 4207 289
19963 4 2 1 1 4719 4051 4207 3921
19964 4 2 1 1 4719 4207 4051 289
19965 4 2 1 1 3258 212 4155 2072
19966 4 2 1 1 4155 212 3258 3286
19967 4 2 1 1 5050 4432 272 4035
19968 4 2 1 1 272 109 2182 2177
19969 4 2 1 1 2182 109 272 357
19970 4 2 1 1 2182 4432 272 2177
19971 4 2 1 1 272 4432 2182 357
19972 4 2 1 1 2163 2164 4035 2162
19973 4 2 1 1 4998 4035 2164 2162
19974 4 2 1 1 4998 2164 4035 5050
19975 4 2 1 1 5050 272 2178 4035
19976 4 2 1 1 5050 2178 272 2174
19977 4 2 1 1 109 2178 272 4035
19978 4 2 1 1 109 272 2178 2174
19979 4 2 1 1 367 370 4136 371
19980 4 2 1 1 4136 370 367 4193
19981 4 2 1 1 4136 4043 367 371
19982 4 2 1 1 367 4043 4136 4193
19983 4 2 1 1 217 182 3902 305
19984 4 2 1 1 217 3902 182 216
19985 4 2 1 1 181 182 3902 216
19986 4 2 1 1 3352 4030 228 3127
19987 4 2 1 1 4599 2473 2134 2608
19988 4 2 1 1 4102 3885 3875 4326
19989 4 2 1 1 4102 3875 3885 4067
19990 4 2 1 1 4277 3875 3885 4326
19991 4 2 1 1 4277 3885 3875 4067
19992 4 2 1 1 4743 2252 2258 2254
19993 4 2 1 1 4743 2258 2252 4513
19994 4 2 1 1 1744 3803 2158 1746
19995 4 2 1 1 1744 2158 3803 193
19996 4 2 1 1 1753 2158 3803 1746
19997 4 2 1 1 1753 3803 2158 193
19998 4 2 1 1 4616 2335 4684 2490
19999 4 2 1 1 4616 2186 4684 2335
20000 4 2 1 1 4616 4684 2186 4331
20001 4 2 1 1 2356 4684 2186 2335
20002 4 2 1 1 2356 2186 4684 4331
20003 4 2 1 1 499 4161 516 500
20004 4 2 1 1 4065 4161 516 5018
20005 4 2 1 1 4065 516 4161 500
20006 4 2 1 1 515 4275 4161 499
20007 4 2 1 1 4161 4275 515 5018
20008 4 2 1 1 4161 516 515 499
20009 4 2 1 1 515 516 4161 5018
20010 4 2 1 1 396 1546 4338 1542
20011 4 2 1 1 396 4338 1546 5045
20012 4 2 1 1 1545 4338 1546 1542
20013 4 2 1 1 1545 1546 4338 5045
20014 4 2 1 1 5018 4065 5019 4619
20015 4 2 1 1 5018 5019 4065 4161
20016 4 2 1 1 2329 2331 178 3990
20017 4 2 1 1 178 2331 2329 2328
20018 4 2 1 1 178 4714 2329 3990
20019 4 2 1 1 2329 4714 178 2328
20020 4 2 1 1 2231 4448 4694 2232
20021 4 2 1 1 2231 4694 4448 4185
20022 4 2 1 1 2106 2103 5062 2104
20023 4 2 1 1 5062 373 2207 2106
20024 4 2 1 1 2207 373 5062 384
20025 4 2 1 1 2207 2103 5062 2106
20026 4 2 1 1 5062 2103 2207 384
20027 4 2 1 1 3954 5011 186 4308
20028 4 2 1 1 3954 185 186 221
20029 4 2 1 1 186 2980 3954 4308
20030 4 2 1 1 186 3954 2980 185
20031 4 2 1 1 3401 4184 244 4001
20032 4 2 1 1 244 4184 3401 4402
20033 4 2 1 1 1798 2483 4084 2219
20034 4 2 1 1 1798 4084 2483 4792
20035 4 2 1 1 4257 4084 2483 2219
20036 4 2 1 1 4257 2483 4084 4792
20037 4 2 1 1 377 3558 4181 378
20038 4 2 1 1 4181 3558 377 4575
20039 4 2 1 1 4181 3568 377 378
20040 4 2 1 1 377 3568 4181 4575
20041 4 2 1 1 272 2174 4432 5050
20042 4 2 1 1 272 4432 2174 2177
20043 4 2 1 1 2715 4432 2174 5050
20044 4 2 1 1 2715 2174 4432 2177
20045 4 2 1 1 4768 4099 3982 399
20046 4 2 1 1 4768 3982 4099 3888
20047 4 2 1 1 365 3877 4539 4514
20048 4 2 1 1 4539 3877 365 225
20049 4 2 1 1 4539 4815 365 4514
20050 4 2 1 1 365 4815 4539 225
20051 4 2 1 1 4823 380 4256 4750
20052 4 2 1 1 4823 4256 380 379
20053 4 2 1 1 3560 4256 380 4750
20054 4 2 1 1 3560 380 4256 379
20055 4 2 1 1 4061 369 3895 4210
20056 4 2 1 1 4061 3895 369 5076
20057 4 2 1 1 372 3895 369 4210
20058 4 2 1 1 372 369 3895 5076
20059 4 2 1 1 4080 4227 2985 4712
20060 4 2 1 1 2985 4227 4080 189
20061 4 2 1 1 2985 188 4080 4712
20062 4 2 1 1 4080 188 2985 189
20063 4 2 1 1 345 355 4082 4698
20064 4 2 1 1 4082 355 345 366
20065 4 2 1 1 4082 4209 345 4698
20066 4 2 1 1 345 4209 4082 366
20067 4 2 1 1 3547 4198 4197 3553
20068 4 2 1 1 4197 4198 3547 4458
20069 4 2 1 1 381 1816 4750 4823
20070 4 2 1 1 381 4750 1816 1818
20071 4 2 1 1 1817 2691 381 4823
20072 4 2 1 1 1817 381 2691 1818
20073 4 2 1 1 2691 1816 381 4823
20074 4 2 1 1 2691 381 1816 1818
20075 4 2 1 1 4045 599 4052 4205
20076 4 2 1 1 4045 4052 599 4696
20077 4 2 1 1 3642 4708 4158 48
20078 4 2 1 1 4158 4708 3642 4353
20079 4 2 1 1 4158 117 3642 48
20080 4 2 1 1 3642 117 4158 4353
20081 4 2 1 1 4492 641 4619 5019
20082 4 2 1 1 4492 4619 641 671
20083 4 2 1 1 4065 4619 641 5019
20084 4 2 1 1 4065 641 4619 671
20085 4 2 1 1 347 2454 2456 2457
20086 4 2 1 1 347 2456 2454 348
20087 4 2 1 1 4554 241 383 4633
20088 4 2 1 1 383 241 4554 3566
20089 4 2 1 1 5010 186 3954 5011
20090 4 2 1 1 5010 3954 186 221
20091 4 2 1 1 4035 2667 2164 2163
20092 4 2 1 1 4035 2164 2667 5050
20093 4 2 1 1 4350 2296 2295 2297
20094 4 2 1 1 2295 2296 4350 4992
20095 4 2 1 1 2295 2303 4350 2297
20096 4 2 1 1 4350 2303 2295 4992
20097 4 2 1 1 4001 244 2296 2298
20098 4 2 1 1 108 2296 244 2298
20099 4 2 1 1 4001 4992 244 213
20100 4 2 1 1 4001 244 4992 2296
20101 4 2 1 1 108 244 4992 213
20102 4 2 1 1 108 4992 244 2296
20103 4 2 1 1 5051 1104 4224 1114
20104 4 2 1 1 5051 4224 1104 367
20105 4 2 1 1 368 1104 4224 367
20106 4 2 1 1 1104 1643 4224 1114
20107 4 2 1 1 4224 1643 1104 368
20108 4 2 1 1 2474 2737 4324 2473
20109 4 2 1 1 4324 2737 2474 5017
20110 4 2 1 1 2134 4599 4324 2473
20111 4 2 1 1 4324 4599 2134 5017
20112 4 2 1 1 2737 2134 4324 2473
20113 4 2 1 1 4324 2134 2737 5017
20114 4 2 1 1 2653 5050 2005 4997
20115 4 2 1 1 2653 2005 5050 2590
20116 4 2 1 1 3954 4066 296 4003
20117 4 2 1 1 4087 2840 4569 2833
20118 4 2 1 1 4087 4569 2840 3931
20119 4 2 1 1 75 372 4582 1502
20120 4 2 1 1 4582 372 75 4869
20121 4 2 1 1 4582 5001 75 1502
20122 4 2 1 1 75 5001 4582 4869
20123 4 2 1 1 4948 372 1134 4582
20124 4 2 1 1 4948 1134 372 1136
20125 4 2 1 1 1502 1134 372 4582
20126 4 2 1 1 1502 372 1134 1136
20127 4 2 1 1 3875 3902 182 305
20128 4 2 1 1 3875 182 3902 181
20129 4 2 1 1 4414 1824 1822 1826
20130 4 2 1 1 1822 1824 4414 4256
20131 4 2 1 1 1822 1866 4414 1826
20132 4 2 1 1 4414 1866 1822 4256
20133 4 2 1 1 4257 4792 213 1780
20134 4 2 1 1 213 4792 4257 3126
20135 4 2 1 1 4257 3258 213 3126
20136 4 2 1 1 2351 213 4257 3258
20137 4 2 1 1 2351 4257 213 1780
20138 4 2 1 1 4314 4971 3920 4086
20139 4 2 1 1 4314 3920 4971 4207
20140 4 2 1 1 4291 4185 193 4694
20141 4 2 1 1 4291 193 4185 3393
20142 4 2 1 1 271 193 4185 4694
20143 4 2 1 1 271 4185 193 3393
20144 4 2 1 1 5028 4274 3889 4062
20145 4 2 1 1 5028 3889 4274 4176
20146 4 2 1 1 4507 4216 3571 4932
20147 4 2 1 1 3571 4216 4507 390
20148 4 2 1 1 3571 391 4507 4932
20149 4 2 1 1 4507 391 3571 390
20150 4 2 1 1 383 4684 4616 4331
20151 4 2 1 1 4918 361 5049 360
20152 4 2 1 1 4918 5049 361 4198
20153 4 2 1 1 3547 5049 361 360
20154 4 2 1 1 3547 361 5049 4198
20155 4 2 1 1 421 3604 422 406
20156 4 2 1 1 421 422 3604 3630
20157 4 2 1 1 407 422 3604 406
20158 4 2 1 1 407 3604 422 3630
20159 4 2 1 1 3497 3486 3510 3523
20160 4 2 1 1 3510 3486 3497 3484
20161 4 2 1 1 3510 3799 3497 3523
20162 4 2 1 1 3497 3799 3510 3484
20163 4 2 1 1 3439 3471 3432 3458
20164 4 2 1 1 3439 3432 3471 3445
20165 4 2 1 1 3460 3432 3471 3458
20166 4 2 1 1 3460 3471 3432 3445
20167 4 2 1 1 4248 185 4066 296
20168 4 2 1 1 3954 4066 185 296
20169 4 2 1 1 3954 185 4066 4706
20170 4 2 1 1 4066 4086 185 4248
20171 4 2 1 1 4066 185 4086 4706
20172 4 2 1 1 2663 2552 5049 3547
20173 4 2 1 1 2663 5049 2552 2636
20174 4 2 1 1 4245 355 3533 3535
20175 4 2 1 1 3533 355 4245 4593
20176 4 2 1 1 3533 3539 4245 3535
20177 4 2 1 1 4245 3539 3533 4593
20178 4 2 1 1 531 92 1730 91
20179 4 2 1 1 1730 92 531 194
20180 4 2 1 1 1730 4087 531 91
20181 4 2 1 1 531 4087 1730 194
20182 4 2 1 1 4184 3577 4421 4402
20183 4 2 1 1 393 392 4421 3577
20184 4 2 1 1 4421 392 393 4871
20185 4 2 1 1 4421 4184 393 3577
20186 4 2 1 1 393 4184 4421 4871
20187 4 2 1 1 371 4358 1171 370
20188 4 2 1 1 371 1171 4358 4942
20189 4 2 1 1 530 3789 203 238
20190 4 2 1 1 203 3789 530 532
20191 4 2 1 1 203 145 530 238
20192 4 2 1 1 530 145 203 532
20193 4 2 1 1 3726 3728 3696 3723
20194 4 2 1 1 3726 3696 3728 3701
20195 4 2 1 1 494 3696 3728 3723
20196 4 2 1 1 494 3728 3696 3701
20197 4 2 1 1 529 3789 532 530
20198 4 2 1 1 532 3789 529 531
20199 4 2 1 1 532 4087 529 530
20200 4 2 1 1 529 4087 532 531
20201 4 2 1 1 393 3577 381 392
20202 4 2 1 1 381 3577 393 382
20203 4 2 1 1 381 108 393 392
20204 4 2 1 1 393 108 381 382
20205 4 2 1 1 534 100 4881 3978
20206 4 2 1 1 534 4881 100 2832
20207 4 2 1 1 4881 100 4309 3978
20208 4 2 1 1 4881 4309 100 2832
20209 4 2 1 1 4309 100 2828 3978
20210 4 2 1 1 4309 2828 100 2832
20211 4 2 1 1 534 3978 2632 100
20212 4 2 1 1 2632 3978 534 212
20213 4 2 1 1 4202 358 4918 4625
20214 4 2 1 1 4202 4918 358 357
20215 4 2 1 1 4179 2291 2285 4412
20216 4 2 1 1 4179 2285 2291 2286
20217 4 2 1 1 177 4528 4160 176
20218 4 2 1 1 4160 4528 177 4235
20219 4 2 1 1 4160 4487 177 176
20220 4 2 1 1 177 4487 4160 4235
20221 4 2 1 1 381 1872 1873 1817
20222 4 2 1 1 381 1873 1872 4616
20223 4 2 1 1 349 3541 359 360
20224 4 2 1 1 359 3541 349 348
20225 4 2 1 1 359 114 349 360
20226 4 2 1 1 349 114 359 348
20227 4 2 1 1 4594 177 4334 1755
20228 4 2 1 1 4594 4334 177 3042
20229 4 2 1 1 3014 4334 177 1755
20230 4 2 1 1 3014 177 4334 3042
20231 4 2 1 1 2490 383 4684 4616
20232 4 2 1 1 2490 4684 383 2333
20233 4 2 1 1 2572 2395 392 391
20234 4 2 1 1 392 2395 2572 2389
20235 4 2 1 1 4932 4507 392 391
20236 4 2 1 1 392 4507 4932 2389
20237 4 2 1 1 2395 4932 392 391
20238 4 2 1 1 392 4932 2395 2389
20239 4 2 1 1 3014 3797 3993 4334
20240 4 2 1 1 3014 3993 3797 2882
20241 4 2 1 1 1875 381 4616 1873
20242 4 2 1 1 1875 4616 381 382
20243 4 2 1 1 4406 349 3534 350
20244 4 2 1 1 2468 349 4766 2466
20245 4 2 1 1 2468 4766 349 3534
20246 4 2 1 1 4406 4766 349 2466
20247 4 2 1 1 4406 349 4766 3534
20248 4 2 1 1 2158 228 4030 1753
20249 4 2 1 1 2158 4030 228 3352
20250 4 2 1 1 4507 392 4421 4944
20251 4 2 1 1 4421 392 4507 391
20252 4 2 1 1 4227 4736 315 189
20253 4 2 1 1 4084 3258 3367 4155
20254 4 2 1 1 3367 3258 4084 3260
20255 4 2 1 1 3367 4162 4084 4155
20256 4 2 1 1 4084 4162 3367 3260
20257 4 2 1 1 4736 4372 354 4082
20258 4 2 1 1 4736 354 4372 331
20259 4 2 1 1 354 4372 365 4082
20260 4 2 1 1 354 365 4372 331
20261 4 2 1 1 365 4372 4117 4082
20262 4 2 1 1 365 4117 4372 331
20263 4 2 1 1 194 3108 4478 3031
20264 4 2 1 1 194 4688 4478 1730
20265 4 2 1 1 4478 4688 194 3031
20266 4 2 1 1 1741 4478 194 3108
20267 4 2 1 1 1741 194 4478 1730
20268 4 2 1 1 2211 4915 4829 1973
20269 4 2 1 1 4829 4915 2211 4494
20270 4 2 1 1 4829 2058 2211 1973
20271 4 2 1 1 2211 2058 4829 4494
20272 4 2 1 1 4051 3875 3902 4118
20273 4 2 1 1 3902 3875 4051 305
20274 4 2 1 1 4051 4176 3902 305
20275 4 2 1 1 4509 4051 3902 4118
20276 4 2 1 1 4509 3902 4051 4176
20277 4 2 1 1 4089 4372 4736 3829
20278 4 2 1 1 4736 4372 4089 315
20279 4 2 1 1 4736 4227 4089 3829
20280 4 2 1 1 4089 4227 4736 315
20281 4 2 1 1 4628 221 4532 4442
20282 4 2 1 1 4532 221 4628 5010
20283 4 2 1 1 4532 4078 4628 4442
20284 4 2 1 1 4628 4078 4532 5010
20285 4 2 2 2 160 5130 5203 2804
20286 4 2 2 2 5093 5104 2816 5159
20287 4 2 2 2 5104 5093 2816 5148
20288 4 2 2 2 5135 5200 2797 2816
20289 4 2 2 2 5200 2812 2797 2816
20290 4 2 2 2 5130 160 5203 5106
20291 4 2 2 2 2806 5189 5124 2801
20292 4 2 2 2 2848 2836 5124 2801
20293 4 2 2 2 2806 5124 5142 2801
20294 4 2 2 2 2805 5173 5188 2848
20295 4 2 2 2 5124 5142 5128 2806
20296 4 2 2 2 5174 5162 5127 2849
20297 4 2 2 2 2836 5142 5124 2801
20298 4 2 2 2 5160 5173 2805 2848
20299 4 2 2 2 2849 5191 5174 2807
20300 4 2 2 2 157 5135 5119 5200
20301 4 2 2 2 5093 2816 2830 2840
20302 4 2 2 2 2814 2806 5142 2801
20303 4 2 2 2 5135 157 2797 5200
20304 4 2 2 2 157 5135 5199 5119
20305 4 2 2 2 5130 5123 5140 2804
20306 4 2 2 2 5128 5129 5190 2806
20307 4 2 2 2 5143 5127 2802 5136
20308 4 2 2 2 5131 5203 5130 2804
20309 4 2 2 2 5128 5142 5151 2806
20310 4 2 2 2 5130 160 5106 5202
20311 4 2 2 2 2800 2810 2818 5133
20312 4 2 2 2 2836 2814 5142 2801
20313 4 2 2 2 2849 5174 5162 2807
20314 4 2 2 2 2798 5140 5123 2804
20315 4 2 2 2 2808 5132 5125 5138
20316 4 2 2 2 5147 5136 2809 5133
20317 4 2 2 2 5147 2809 2800 5133
20318 4 2 2 2 2822 2802 5127 2849
20319 4 2 2 2 5125 5198 2799 5134
20320 4 2 2 2 5130 5140 5149 2804
20321 4 2 2 2 2809 2817 5136 5147
20322 4 2 2 2 5124 5160 5142 2836
20323 4 2 2 2 5135 2797 2823 2816
20324 4 2 2 2 2807 5190 5129 2806
20325 4 2 2 2 2805 2836 5160 2848
20326 4 2 2 2 5135 157 5199 2811
20327 4 2 2 2 5129 5128 5151 2806
20328 4 2 2 2 5203 5131 2805 2804
20329 4 2 2 2 5131 5130 5149 2804
20330 4 2 2 2 2800 2818 5147 5133
20331 4 2 2 2 2799 5125 5134 5164
20332 4 2 2 2 2803 2808 2819 5137
20333 4 2 2 2 2810 5139 5133 5126
20334 4 2 2 2 2808 2799 2815 5125
20335 4 2 2 2 5151 2807 2806 2825
20336 4 2 2 2 5162 2822 5127 2849
20337 4 2 2 2 5160 5173 5131 2805
20338 4 2 2 2 2811 5198 5134 2799
20339 4 2 2 2 5139 2818 2810 5133
20340 4 2 2 2 5137 2819 2803 2820
20341 4 2 2 2 5134 2811 5144 5135
20342 4 2 2 2 5159 5104 2816 5167
20343 4 2 2 2 5127 2802 2822 5143
20344 4 2 2 2 2820 2810 2803 5126
20345 4 2 2 2 2807 5129 5151 2806
20346 4 2 2 2 5134 5199 2811 5135
20347 4 2 2 2 2800 2821 2809 5147
20348 4 2 2 2 5129 5162 5174 2807
20349 4 2 2 2 2817 5143 5136 5147
20350 4 2 2 2 2798 2813 5140 2804
20351 4 2 2 2 5125 2815 2808 5138
20352 4 2 2 2 2813 5149 5140 2804
20353 4 2 2 2 5125 2799 2815 5164
20354 4 2 2 2 2817 2809 2821 5147
20355 4 2 2 2 2814 5169 5142 2825
20356 4 2 2 2 2816 5141 5167 2833
20357 4 2 2 2 2803 5137 2820 5126
20358 4 2 2 2 2800 2818 2821 5147
20359 4 2 2 2 2804 2813 5149 2826
20360 4 2 2 2 2810 2820 5139 5126
20361 4 2 2 2 5139 5147 2818 5133
20362 4 2 2 2 2822 5127 5143 5162
20363 4 2 2 2 2815 5125 5164 5138
20364 4 2 2 2 2810 2820 2818 5139
20365 4 2 2 2 5135 2811 5144 2823
20366 4 2 2 2 2849 5162 2822 2807
20367 4 2 2 2 5169 5151 5142 2825
20368 4 2 2 2 2838 5172 5178 2846
20369 4 2 2 2 2797 2811 5135 2823
20370 4 2 2 2 5088 5089 5150 5120
20371 4 2 2 2 5178 5102 5103 5152
20372 4 2 2 2 5135 157 2811 2797
20373 4 2 2 2 5100 5099 5154 5184
20374 4 2 2 2 2814 5142 2837 2836
20375 4 2 2 2 100 99 2832 5187
20376 4 2 2 2 5101 5100 5155 5182
20377 4 2 2 2 97 96 2841 5182
20378 4 2 2 2 2816 5148 5093 2830
20379 4 2 2 2 5102 5101 5163 5180
20380 4 2 2 2 2845 5170 5175 2834
20381 4 2 2 2 5097 5096 5153 5185
20382 4 2 2 2 101 100 2828 5185
20383 4 2 2 2 5161 5089 5091 5122
20384 4 2 2 2 2838 2822 5162 2807
20385 4 2 2 2 5096 5095 5156 5183
20386 4 2 2 2 5138 5164 2815 5156
20387 4 2 2 2 5090 5088 5171 5121
20388 4 2 2 2 5091 5103 5172 5176
20389 4 2 2 2 98 99 5186 2839
20390 4 2 2 2 5092 5090 5157 5175
20391 4 2 2 2 5141 2813 2833 2834
20392 4 2 2 2 2818 2821 5147 5154
20393 4 2 2 2 2817 2822 2802 5143
20394 4 2 2 2 5093 2816 2840 5159
20395 4 2 2 2 5149 5140 5170 2813
20396 4 2 2 2 2807 5151 2838 2825
20397 4 2 2 2 2835 96 95 5180
20398 4 2 2 2 97 98 5184 2831
20399 4 2 2 2 5142 5160 5161 2836
20400 4 2 2 2 5167 2812 2816 2833
20401 4 2 2 2 5098 5158 5186 2839
20402 4 2 2 2 5152 5162 5129 2807
20403 4 2 2 2 2805 5131 5150 2826
20404 4 2 2 2 5140 5141 5157 2813
20405 4 2 2 2 5098 5158 5099 5186
20406 4 2 2 2 5139 2818 5147 5154
20407 4 2 2 2 5149 2813 2845 2826
20408 4 2 2 2 5095 5094 5165 5181
20409 4 2 2 2 5098 5097 5166 5187
20410 4 2 2 2 2825 2814 5169 2844
20411 4 2 2 2 2829 102 101 5183
20412 4 2 2 2 5147 2821 5155 5154
20413 4 2 2 2 2820 2818 5139 2839
20414 4 2 2 2 2843 95 94 5178
20415 4 2 2 2 5169 2837 5122 2844
20416 4 2 2 2 5169 5122 5091 2844
20417 4 2 2 2 5152 5172 5178 2838
20418 4 2 2 2 5179 103 104 2830
20419 4 2 2 2 5183 5156 2829 5165
20420 4 2 2 2 5167 2798 2812 2833
20421 4 2 2 2 103 102 2842 5181
20422 4 2 2 2 2836 5160 2827 2805
20423 4 2 2 2 92 2827 5120 2847
20424 4 2 2 2 5172 5151 5169 2825
20425 4 2 2 2 5169 5176 2846 2844
20426 4 2 2 2 5149 5150 5131 2826
20427 4 2 2 2 5098 5166 2832 5187
20428 4 2 2 2 94 2843 5178 2838
20429 4 2 2 2 5142 2837 5169 2814
20430 4 2 2 2 5176 5169 5091 2844
20431 4 2 2 2 5120 91 92 2847
20432 4 2 2 2 2841 5182 5155 5100
20433 4 2 2 2 5155 2817 2821 5147
20434 4 2 2 2 5120 2827 2837 5161
20435 4 2 2 2 5090 5121 5170 2845
20436 4 2 2 2 99 5098 5186 2839
20437 4 2 2 2 5182 96 2841 5155
20438 4 2 2 2 5161 5120 2827 5150
20439 4 2 2 2 5172 5169 5176 2846
20440 4 2 2 2 5158 5098 2832 2839
20441 4 2 2 2 148 5190 2807 2806
20442 4 2 2 2 5121 5171 5170 2845
20443 4 2 2 2 5172 94 5178 2846
20444 4 2 2 2 5157 5175 5170 2834
20445 4 2 2 2 2799 2811 2824 5134
20446 4 2 2 2 5170 5149 2813 2845
20447 4 2 2 2 5151 5172 2838 2825
20448 4 2 2 2 2816 5159 5141 2833
20449 4 2 2 2 5089 5120 2837 5161
20450 4 2 2 2 5157 5170 5140 2813
20451 4 2 2 2 5100 5154 2841 2831
20452 4 2 2 2 2821 2841 5154 2831
20453 4 2 2 2 5104 2812 5201 158
20454 4 2 2 2 5134 2811 2824 5144
20455 4 2 2 2 2817 5155 5143 5147
20456 4 2 2 2 5134 2824 2799 5164
20457 4 2 2 2 5184 5154 5100 2831
20458 4 2 2 2 5203 2805 145 2804
20459 4 2 2 2 2829 2815 5164 5156
20460 4 2 2 2 5155 2835 2817 5143
20461 4 2 2 2 5158 5184 5154 5099
20462 4 2 2 2 2805 5188 145 2848
20463 4 2 2 2 2829 102 5183 5165
20464 4 2 2 2 5130 5203 5131 5107
20465 4 2 2 2 5128 5129 5110 5190
20466 4 2 2 2 2813 5141 5157 2834
20467 4 2 2 2 2821 2841 5155 5154
20468 4 2 2 2 2825 5169 2846 2844
20469 4 2 2 2 5182 2841 97 5100
20470 4 2 2 2 2831 5154 2818 2839
20471 4 2 2 2 5159 5141 5167 2816
20472 4 2 2 2 5158 2832 5146 2839
20473 4 2 2 2 5175 105 106 2834
20474 4 2 2 2 5098 2832 99 5187
20475 4 2 2 2 5121 106 91 2847
20476 4 2 2 2 2818 2821 5154 2831
20477 4 2 2 2 5143 5163 2822 5162
20478 4 2 2 2 5154 2841 5155 5100
20479 4 2 2 2 5177 104 105 2840
20480 4 2 2 2 5176 93 94 2846
20481 4 2 2 2 2837 5169 5122 5161
20482 4 2 2 2 5144 2824 5134 5164
20483 4 2 2 2 5202 5106 5130 5123
20484 4 2 2 2 5185 5166 2828 5153
20485 4 2 2 2 2837 93 92 5122
20486 4 2 2 2 2846 5172 5169 2825
20487 4 2 2 2 2835 5163 5101 5180
20488 4 2 2 2 5149 5170 5171 2845
20489 4 2 2 2 2819 5137 5146 2820
20490 4 2 2 2 5137 5145 2819 5146
20491 4 2 2 2 158 5200 2812 2797
20492 4 2 2 2 5153 101 5185 5096
20493 4 2 2 2 5162 5152 2838 2807
20494 4 2 2 2 2806 147 5189 2801
20495 4 2 2 2 2832 5146 5098 5158
20496 4 2 2 2 5184 5158 98 5099
20497 4 2 2 2 5159 5177 5092 2840
20498 4 2 2 2 5098 99 2832 2839
20499 4 2 2 2 5120 2837 92 5089
20500 4 2 2 2 2838 5178 94 2846
20501 4 2 2 2 5161 5089 5120 5150
20502 4 2 2 2 5155 5182 96 5101
20503 4 2 2 2 5166 2828 100 5185
20504 4 2 2 2 5125 5118 5198 5134
20505 4 2 2 2 5175 5157 5092 2834
20506 4 2 2 2 2829 2828 2815 5153
20507 4 2 2 2 5100 97 5184 2831
20508 4 2 2 2 5100 2841 97 2831
20509 4 2 2 2 5145 2828 2819 5166
20510 4 2 2 2 5179 5148 5168 2830
20511 4 2 2 2 2835 2841 96 5155
20512 4 2 2 2 2846 2838 5172 2825
20513 4 2 2 2 5172 5178 5103 5152
20514 4 2 2 2 2837 5089 5161 5122
20515 4 2 2 2 2849 148 5191 2807
20516 4 2 2 2 94 5178 5103 5172
20517 4 2 2 2 2837 5169 2814 2844
20518 4 2 2 2 5091 5161 5122 5169
20519 4 2 2 2 2845 5175 106 2834
20520 4 2 2 2 2841 2817 2821 5155
20521 4 2 2 2 2829 5096 5156 5183
20522 4 2 2 2 2823 5148 5135 2816
20523 4 2 2 2 5139 5146 2820 2839
20524 4 2 2 2 5181 102 2842 5165
20525 4 2 2 2 5144 2811 2824 2823
20526 4 2 2 2 5152 2822 5162 2838
20527 4 2 2 2 5121 5090 106 2845
20528 4 2 2 2 5186 5158 98 2839
20529 4 2 2 2 2837 92 2827 5120
20530 4 2 2 2 2799 2824 2815 5164
20531 4 2 2 2 5096 5153 2829 5156
20532 4 2 2 2 2805 5150 2827 2826
20533 4 2 2 2 2811 5198 2799 156
20534 4 2 2 2 5179 2842 103 2830
20535 4 2 2 2 106 5121 2845 2847
20536 4 2 2 2 5142 5161 2837 2836
20537 4 2 2 2 5166 100 2832 5187
20538 4 2 2 2 2816 5104 5135 5200
20539 4 2 2 2 5139 2820 5146 5126
20540 4 2 2 2 5159 5092 2834 2840
20541 4 2 2 2 5146 5166 2832 5098
20542 4 2 2 2 5092 5177 105 2840
20543 4 2 2 2 5102 5178 2843 5152
20544 4 2 2 2 2829 2815 2824 5164
20545 4 2 2 2 2820 5137 5146 5126
20546 4 2 2 2 5157 5175 5090 5170
20547 4 2 2 2 2812 5104 5201 5167
20548 4 2 2 2 5168 2842 5179 2830
20549 4 2 2 2 96 2835 5101 5180
20550 4 2 2 2 2824 102 2829 5165
20551 4 2 2 2 2835 5163 5155 5101
20552 4 2 2 2 5089 2837 92 5122
20553 4 2 2 2 5176 5091 5169 5172
20554 4 2 2 2 5155 96 2835 5101
20555 4 2 2 2 5159 5092 5157 2834
20556 4 2 2 2 5155 5163 2835 5143
20557 4 2 2 2 5153 2829 101 5096
20558 4 2 2 2 5097 5166 100 5185
20559 4 2 2 2 5156 5183 5095 5165
20560 4 2 2 2 2824 2842 102 5165
20561 4 2 2 2 2817 2841 2835 5155
20562 4 2 2 2 5095 5183 102 5165
20563 4 2 2 2 5090 5121 5171 5170
20564 4 2 2 2 2833 2816 5159 2840
20565 4 2 2 2 5199 5134 5119 5135
20566 4 2 2 2 5094 5093 5168 5179
20567 4 2 2 2 5122 93 5091 2844
20568 4 2 2 2 2832 2828 100 5166
20569 4 2 2 2 2834 2833 5159 2840
20570 4 2 2 2 5162 2843 2822 5152
20571 4 2 2 2 5163 2843 2822 5162
20572 4 2 2 2 5185 5097 5166 5153
20573 4 2 2 2 5099 5158 98 5186
20574 4 2 2 2 2837 5142 5169 5161
20575 4 2 2 2 2826 5149 5150 2847
20576 4 2 2 2 5096 2829 101 5183
20577 4 2 2 2 5172 5176 94 2846
20578 4 2 2 2 5152 5178 2843 2838
20579 4 2 2 2 5151 5172 5152 2838
20580 4 2 2 2 5146 2832 2819 2820
20581 4 2 2 2 2828 2832 2819 5166
20582 4 2 2 2 2834 5092 105 2840
20583 4 2 2 2 5091 93 5176 2844
20584 4 2 2 2 2837 93 5122 2844
20585 4 2 2 2 2824 2842 5144 2823
20586 4 2 2 2 2843 5163 5180 5102
20587 4 2 2 2 5148 5179 5093 2830
20588 4 2 2 2 5121 5171 2845 2847
20589 4 2 2 2 5120 5150 5088 2847
20590 4 2 2 2 5145 2828 5166 5153
20591 4 2 2 2 5168 2842 103 5179
20592 4 2 2 2 5187 5166 100 5097
20593 4 2 2 2 5146 5139 5158 2839
20594 4 2 2 2 5168 5144 2842 2823
20595 4 2 2 2 5164 5144 2824 5165
20596 4 2 2 2 5102 2843 5163 5152
20597 4 2 2 2 5156 5164 2824 5165
20598 4 2 2 2 5150 5120 2827 2847
20599 4 2 2 2 2820 5146 2832 2839
20600 4 2 2 2 5156 2824 2829 5165
20601 4 2 2 2 5165 5168 5181 5094
20602 4 2 2 2 5092 105 5175 2834
20603 4 2 2 2 5164 2824 2829 5156
20604 4 2 2 2 5093 5159 5177 5092
20605 4 2 2 2 5149 5171 5150 2847
20606 4 2 2 2 2835 2843 5163 5180
20607 4 2 2 2 2846 5176 93 2844
20608 4 2 2 2 5144 5148 5135 2823
20609 4 2 2 2 2823 2842 5168 2830
20610 4 2 2 2 2812 5104 5200 158
20611 4 2 2 2 2816 2823 5148 2830
20612 4 2 2 2 5163 2843 5162 5152
20613 4 2 2 2 94 5103 5176 5172
20614 4 2 2 2 5181 5095 102 5165
20615 4 2 2 2 5171 5088 5150 2847
20616 4 2 2 2 2842 2824 5144 5165
20617 4 2 2 2 5179 5168 5148 5093
20618 4 2 2 2 5104 5148 2816 5135
20619 4 2 2 2 2843 95 5178 5102
20620 4 2 2 2 2827 5161 5150 5160
20621 4 2 2 2 5180 95 2843 5102
20622 4 2 2 2 5181 2842 103 5168
20623 4 2 2 2 5152 2843 2822 2838
20624 4 2 2 2 5179 103 5168 5094
20625 4 2 2 2 2843 2835 95 5180
20626 4 2 2 2 5093 104 5177 2840
20627 4 2 2 2 5171 5121 5088 2847
20628 4 2 2 2 5177 5159 5093 2840
20629 4 2 2 2 5144 5168 5148 2823
20630 4 2 2 2 103 5181 5168 5094
20631 4 2 2 2 2826 5150 2827 2847
20632 4 2 2 2 5168 5148 2823 2830
20633 4 2 2 2 5168 5181 2842 5165
20634 4 2 2 2 2822 2835 2843 5163
20635 4 2 2 2 104 5093 2830 2840
20636 4 2 2 2 5168 2842 5144 5165
20637 4 2 2 2 5088 91 5120 2847
20638 4 2 2 2 5106 5203 5130 5107
20639 4 2 2 2 5190 5110 5128 5109
20640 4 2 2 2 5118 5199 5134 5119
20641 4 2 2 2 5190 148 147 2806
20642 4 2 2 2 5093 5179 104 2830
20643 4 2 2 2 5203 145 160 2804
20644 4 2 2 2 5121 91 5088 2847
20645 4 2 2 2 5127 5192 5112 5111
20646 4 2 2 2 5191 149 148 2849
20647 4 2 2 2 5110 5174 5111 5191
20648 4 2 2 2 5188 146 145 2848
20649 4 2 2 2 5188 5108 5173 5107
20650 4 2 2 2 5202 5105 5106 5123
20651 4 2 2 2 5109 5124 5189 5108
20652 4 2 2 2 147 146 5189 2801
20653 4 2 2 2 5198 5117 5118 5125
20654 4 2 2 2 5137 5196 5116 5115
20655 4 2 2 2 2803 153 154 5196
20656 4 2 2 2 5117 5116 5132 5197
20657 4 2 2 2 150 151 2809 5193
20658 4 2 2 2 2802 149 150 5192
20659 4 2 2 2 156 157 2811 5199
20660 4 2 2 2 152 153 2810 5195
20661 4 2 2 2 5113 5193 5112 5136
20662 4 2 2 2 5194 5113 5114 5133
20663 4 2 2 2 155 156 2799 5198
20664 4 2 2 2 159 158 5201 2812
20665 4 2 2 2 2800 151 152 5194
20666 4 2 2 2 154 155 2808 5197
20667 4 2 2 2 5200 158 157 2797
20668 4 2 2 2 5202 160 159 2798
20669 4 2 2 2 5200 5135 5119 5104
20670 4 2 2 2 5167 5201 5105 5104
20671 4 2 2 2 5195 2810 5115 153
20672 4 2 2 2 5190 2806 5109 5128
20673 4 2 2 2 5190 5109 2806 147
20674 4 2 2 2 5189 2806 5109 147
20675 4 2 2 2 5194 2800 5114 152
20676 4 2 2 2 5194 5114 2800 5133
20677 4 2 2 2 2802 5127 149 5192
20678 4 2 2 2 2802 149 5127 2849
20679 4 2 2 2 5203 2805 5107 145
20680 4 2 2 2 5203 5107 2805 5131
20681 4 2 2 2 5188 5107 2805 145
20682 4 2 2 2 5194 5133 151 5113
20683 4 2 2 2 5194 151 5133 2800
20684 4 2 2 2 5127 5111 149 5192
20685 4 2 2 2 5191 5110 2807 148
20686 4 2 2 2 5190 5110 2807 5129
20687 4 2 2 2 5190 2807 5110 148
20688 4 2 2 2 160 2804 5202 5130
20689 4 2 2 2 160 5202 2804 2798
20690 4 2 2 2 5123 5202 2804 5130
20691 4 2 2 2 5123 2804 5202 2798
20692 4 2 2 2 5160 2848 5124 5173
20693 4 2 2 2 5124 2848 5160 2836
20694 4 2 2 2 5142 2825 2806 2814
20695 4 2 2 2 2806 2825 5142 5151
20696 4 2 2 2 2817 5136 2802 2809
20697 4 2 2 2 2802 5136 2817 5143
20698 4 2 2 2 2798 2833 5141 2813
20699 4 2 2 2 5141 5140 2798 2813
20700 4 2 2 2 2798 5140 5141 5123
20701 4 2 2 2 2826 5131 2804 2805
20702 4 2 2 2 2826 2804 5131 5149
20703 4 2 2 2 5153 101 2828 5185
20704 4 2 2 2 5153 2828 101 2829
20705 4 2 2 2 5139 2839 5154 5158
20706 4 2 2 2 5154 2839 5139 2818
20707 4 2 2 2 2815 5153 5145 5138
20708 4 2 2 2 5145 5153 2815 2828
20709 4 2 2 2 2815 2819 5145 2828
20710 4 2 2 2 5156 2815 5153 2829
20711 4 2 2 2 5156 5153 2815 5138
20712 4 2 2 2 2834 5141 5159 2833
20713 4 2 2 2 2834 5159 5141 5157
20714 4 2 2 2 5143 2835 2822 5163
20715 4 2 2 2 5143 2822 2835 2817
20716 4 2 2 2 5152 2807 5151 2838
20717 4 2 2 2 5151 2807 5152 5129
20718 4 2 2 2 5150 2805 5160 5131
20719 4 2 2 2 5160 2805 5150 2827
20720 4 2 2 2 5149 2847 2845 5171
20721 4 2 2 2 2845 2847 5149 2826
20722 4 2 2 2 2819 5166 5146 5145
20723 4 2 2 2 5146 5166 2819 2832
20724 4 2 2 2 2839 98 5184 5158
20725 4 2 2 2 5184 98 2839 2831
20726 4 2 2 2 5184 5154 2839 5158
20727 4 2 2 2 2839 5154 5184 2831
20728 4 2 2 2 2845 5090 5175 5170
20729 4 2 2 2 2845 5175 5090 106
20730 4 2 2 2 2836 5161 2827 5160
20731 4 2 2 2 2836 2827 5161 2837
20732 4 2 2 2 2834 5170 2813 2845
20733 4 2 2 2 2834 2813 5170 5157
20734 4 2 2 2 5104 2816 2812 5200
20735 4 2 2 2 5104 2812 2816 5167
20736 4 2 2 2 5127 2849 5111 5174
20737 4 2 2 2 5127 5111 2849 149
20738 4 2 2 2 5191 5111 2849 5174
20739 4 2 2 2 5191 2849 5111 149
20740 4 2 2 2 5199 2811 5118 5134
20741 4 2 2 2 5199 5118 2811 156
20742 4 2 2 2 5198 5118 2811 5134
20743 4 2 2 2 5198 2811 5118 156
20744 4 2 2 2 5124 2848 5108 5173
20745 4 2 2 2 5188 5108 2848 5173
20746 4 2 2 2 5188 2848 5108 146
20747 4 2 2 2 5137 5115 2803 5196
20748 4 2 2 2 5137 2803 5115 5126
20749 4 2 2 2 2810 5115 2803 5126
20750 4 2 2 2 2806 5109 5124 5189
20751 4 2 2 2 2806 5124 5109 5128
20752 4 2 2 2 154 2803 5137 2808
20753 4 2 2 2 5137 2803 154 5196
20754 4 2 2 2 154 5116 5137 5196
20755 4 2 2 2 5108 5189 2848 5124
20756 4 2 2 2 5108 2848 5189 146
20757 4 2 2 2 2801 2848 5189 5124
20758 4 2 2 2 2801 5189 2848 146
20759 4 2 2 2 5126 2810 5114 5133
20760 4 2 2 2 2800 5114 2810 5133
20761 4 2 2 2 5127 2802 5112 5192
20762 4 2 2 2 5127 5112 2802 5136
20763 4 2 2 2 2802 150 5112 5192
20764 4 2 2 2 5107 2805 5173 5188
20765 4 2 2 2 5107 5173 2805 5131
20766 4 2 2 2 151 2809 5133 2800
20767 4 2 2 2 5132 2808 5117 5197
20768 4 2 2 2 5132 5117 2808 5125
20769 4 2 2 2 2808 155 5117 5197
20770 4 2 2 2 5110 2807 5174 5191
20771 4 2 2 2 5110 5174 2807 5129
20772 4 2 2 2 159 2812 5167 2798
20773 4 2 2 2 5167 2812 159 5201
20774 4 2 2 2 159 5105 5167 5201
20775 4 2 2 2 5123 5202 5167 2798
20776 4 2 2 2 5123 5167 5202 5105
20777 4 2 2 2 159 5167 5202 2798
20778 4 2 2 2 159 5202 5167 5105
20779 4 2 2 2 5141 2798 5167 2833
20780 4 2 2 2 5167 2798 5141 5123
20781 4 2 2 2 5145 2815 2808 2819
20782 4 2 2 2 2808 2815 5145 5138
20783 4 2 2 2 5145 5132 2808 5138
20784 4 2 2 2 2810 5115 5114 5195
20785 4 2 2 2 2810 5114 5115 5126
20786 4 2 2 2 5115 153 2803 5196
20787 4 2 2 2 2803 153 5115 2810
20788 4 2 2 2 5137 5132 154 2808
20789 4 2 2 2 5137 154 5132 5116
20790 4 2 2 2 5197 154 5132 2808
20791 4 2 2 2 5197 5132 154 5116
20792 4 2 2 2 5114 152 2810 5195
20793 4 2 2 2 2810 152 5114 2800
20794 4 2 2 2 2802 5136 150 2809
20795 4 2 2 2 2802 150 5136 5112
20796 4 2 2 2 5193 150 5136 2809
20797 4 2 2 2 5193 5136 150 5112
20798 4 2 2 2 5113 5136 2809 5193
20799 4 2 2 2 2809 5136 5113 5133
20800 4 2 2 2 2809 151 5113 5193
20801 4 2 2 2 5113 151 2809 5133
20802 4 2 2 2 2808 5125 155 2799
20803 4 2 2 2 2808 155 5125 5117
20804 4 2 2 2 5198 155 5125 2799
20805 4 2 2 2 5198 5125 155 5117
20806 4 2 2 2 2808 5145 5137 5132
20807 4 2 2 2 5137 5145 2808 2819
$EndElements
