$MeshFormat
2.2 0 8
$EndMeshFormat
$PhysicalNames
2
3 1 "teflon_OPEM_RESERVED_1"
3 2 "air_OPEM_RESERVED_2"
$EndPhysicalNames
$Nodes
1463
1 0.00207 0 0
2 0.00207 0 0.002
3 0.001792672585833789 0.001035 0
4 0.001792672585833788 0.001035 0.002
5 0.001792672585833788 -0.001035000000000001 0
6 0.001792672585833787 -0.001035000000000001 0.002
7 0.001035 0.001792672585833789 0
8 0.001035 0.001792672585833788 0.002
9 0.001034999999999999 -0.001792672585833789 0
10 -4.596323321948149e-19 -0.00207 0
11 -0.001035000000000001 -0.001792672585833788 0
12 -0.001792672585833789 -0.001034999999999999 0
13 -0.00207 2.535018874235021e-19 0
14 -0.001792672585833788 0.001035 0
15 -0.001035 0.001792672585833789 0
16 2.298161660974071e-19 0.00207 0
17 6.661338147750939e-20 0.0005999999999999999 0
18 -0.0002999999999999999 0.0005196152422706631 0
19 -0.000519615242270663 0.0003000000000000002 0
20 -0.0005999999999999999 7.347880794884118e-20 0
21 -0.0005196152422706632 -0.0002999999999999998 0
22 -0.0003000000000000002 -0.000519615242270663 0
23 -1.332267629550188e-19 -0.0005999999999999999 0
24 0.0002999999999999996 -0.0005196152422706633 0
25 0.000519615242270663 -0.0003000000000000002 0
26 0.0005999999999999999 0 0
27 0.0005196152422706631 0.0002999999999999999 0
28 0.0003 0.0005196152422706631 0
29 0.001034999999999999 -0.001792672585833789 0.002
30 2.298161660974074e-19 0.00207 0.002
31 -4.596323321948148e-19 -0.00207 0.002
32 -0.001034999999999999 0.001792672585833788 0.002
33 -0.001035000000000001 -0.001792672585833787 0.002
34 -0.001792672585833787 0.001035000000000001 0.002
35 -0.001792672585833788 -0.001034999999999999 0.002
36 -0.00207 2.535018874235021e-19 0.002
37 0.001 0 0.002
38 0.0008660254037844387 0.0004999999999999999 0.002
39 0.0005000000000000001 0.0008660254037844386 0.002
40 1.110223024625157e-19 0.001 0.002
41 -0.0004999999999999998 0.0008660254037844387 0.002
42 -0.0008660254037844384 0.0005000000000000003 0.002
43 -0.001 1.224646799147353e-19 0.002
44 -0.0008660254037844388 -0.0004999999999999997 0.002
45 -0.0005000000000000004 -0.0008660254037844384 0.002
46 -2.220446049250313e-19 -0.001 0.002
47 0.0004999999999999994 -0.000866025403784439 0.002
48 0.0008660254037844384 -0.0005000000000000004 0.002
49 0.0005999999999999999 0 0.002
50 0.0005196152422706631 0.0002999999999999999 0.002
51 0.000519615242270663 -0.0003000000000000002 0.002
52 0.0003 0.0005196152422706631 0.002
53 0.0002999999999999996 -0.0005196152422706633 0.002
54 6.661338147750939e-20 0.0005999999999999999 0.002
55 -1.332267629550188e-19 -0.0005999999999999999 0.002
56 -0.0002999999999999999 0.0005196152422706631 0.002
57 -0.0003000000000000002 -0.000519615242270663 0.002
58 -0.000519615242270663 0.0003000000000000002 0.002
59 -0.0005196152422706632 -0.0002999999999999998 0.002
60 -0.0005999999999999999 7.347880794884118e-20 0.002
61 0.001931336292916894 0.0005174999999999998 0.001
62 0.001931336292916894 -0.0005175000000000003 0.001
63 0.001413836292916894 0.001413836292916894 0.001
64 0.0006469630609464232 0.0005924128094260045 0
65 0.0008196152422706631 0.0002196152422706632 0
66 0.0004382062673637695 0.0008429274143955284 0
67 0.0008196152422706631 -0.0002196152422706634 0
68 0.0005999999999999995 -0.0006000000000000002 0
69 0.0002196152422706628 -0.0008196152422706631 0
70 -0.0002196152422706634 -0.0008196152422706629 0
71 -0.0006000000000000002 -0.0005999999999999996 0
72 -0.0008196152422706631 -0.000219615242270663 0
73 -0.0008196152422706628 0.0002196152422706633 0
74 -0.0006130049663569598 0.0005970084040843464 0
75 0.001061106434786594 0.0005924705716491477 0
76 0.00123626411357167 -9.12752630912813e-20 0
77 0.001074817161700963 -0.0006205459776376809 0
78 0.0006214295339921801 -0.001076347526198308 0
79 -3.778998940047111e-19 -0.001243505876127206 0
80 -0.0006218713121694312 -0.00107711270844698 0
81 -0.001077187754622925 -0.0006219146400993137 0
82 -0.001243860998444689 3.256682135800032e-19 0
83 -0.001077225277710897 0.0006219363040642559 0
84 -0.0003647990508074503 0.001361448592166306 0
85 -0.0004189342833998747 0.0008324218079353968 0
86 0.0008998187600384743 0.001055714490418592 0
87 0.0004502911471064845 0.001373425671881827 0
88 -0.0008168673998349633 0.001084036801155669 0
89 0.0009999999999999992 -0.001 0.002
90 -0.0003660254037844383 0.001366025403784438 0.002
91 -0.001 -0.0009999999999999996 0.002
92 0.001366025403784438 -0.0003660254037844387 0.002
93 0.0003660254037844381 -0.001366025403784438 0.002
94 0.0003660254037844388 0.001366025403784438 0.002
95 -0.0003660254037844393 -0.001366025403784438 0.002
96 -0.001366025403784438 0.000366025403784439 0.002
97 0.001366025403784438 0.0003660254037844387 0.002
98 -0.001366025403784438 -0.0003660254037844384 0.002
99 0.001 0.0009999999999999998 0.002
100 -0.0009999999999999996 0.001 0.002
101 0.001413836292916893 -0.001413836292916895 0.001
102 0.0005175000000000003 0.001931336292916894 0.0009999999999999998
103 0.0005174999999999991 -0.001931336292916894 0.001
104 -0.0005174999999999996 0.001931336292916894 0.001
105 -0.0005175000000000005 -0.001931336292916894 0.001
106 -0.001413836292916893 0.001413836292916894 0.001
107 -0.001413836292916894 -0.001413836292916893 0.001
108 -0.001931336292916894 0.0005175000000000003 0.001
109 -0.001931336292916894 -0.0005174999999999995 0.001
110 0.0007286222178569498 0.0008315794372997309 0.0009278080476459084
111 -0.0007117147026380773 0.0008264771567180716 0.001002910715080662
112 -0.09999999999999999 -0.09999999999999999 -0.09999999999999999
113 -0.09999999999999999 -0.09999999999999999 0.09999999999999999
114 0.09999999999999999 -0.09999999999999999 -0.09999999999999999
115 0.09999999999999999 -0.09999999999999999 0.09999999999999999
116 -0.09999999999999999 0.09999999999999999 -0.09999999999999999
117 -0.09999999999999999 0.09999999999999999 0.09999999999999999
118 0.09999999999999999 0.09999999999999999 -0.09999999999999999
119 0.09999999999999999 0.09999999999999999 0.09999999999999999
120 0.0025 0 -0.001
121 0.002165063509461097 0.00125 -0.001
122 0.002165063509461097 0.00125 0.0015
123 0.0025 0 0.0015
124 0.00125 0.002165063509461097 -0.001
125 2.775557561562891e-19 0.0025 -0.001
126 -0.001249999999999999 0.002165063509461097 -0.001
127 -0.002165063509461096 0.001250000000000001 -0.001
128 -0.0025 3.061616997868383e-19 -0.001
129 -0.002165063509461097 -0.001249999999999999 -0.001
130 -0.001250000000000001 -0.002165063509461096 -0.001
131 -5.551115123125783e-19 -0.0025 -0.001
132 0.001249999999999998 -0.002165063509461097 -0.001
133 0.002165063509461096 -0.001250000000000001 -0.001
134 0.00125 0.002165063509461097 0.0015
135 -0.047 -0.05 0.0015
136 -0.0474019237886467 -0.0485 0.0015
137 -0.0485 -0.0474019237886467 0.0015
138 -0.05 -0.047 0.0015
139 -0.05 0.047 0.0015
140 -0.0485 0.0474019237886467 0.0015
141 -0.0474019237886467 0.0485 0.0015
142 -0.047 0.05 0.0015
143 0.047 0.05 0.0015
144 0.0474019237886467 0.0485 0.0015
145 0.0485 0.0474019237886467 0.0015
146 0.05 0.047 0.0015
147 0.05 -0.047 0.0015
148 0.0485 -0.0474019237886467 0.0015
149 0.0474019237886467 -0.0485 0.0015
150 0.047 -0.05 0.0015
151 0.002165063509461096 -0.001250000000000001 0.0015
152 0.001249999999999998 -0.002165063509461097 0.0015
153 2.775557561562891e-19 0.0025 0.0015
154 -5.551115123125783e-19 -0.0025 0.0015
155 -0.001249999999999999 0.002165063509461097 0.0015
156 -0.001250000000000001 -0.002165063509461096 0.0015
157 -0.002165063509461096 0.001250000000000001 0.0015
158 -0.002165063509461097 -0.001249999999999999 0.0015
159 -0.0025 3.061616997868383e-19 0.0015
160 -0.05 -0.05 0.0015
161 -0.05 0.05 0.002
162 -0.05 0.05 0.0015
163 -0.05 -0.05 0.002
164 -0.05 0.047 0.002
165 -0.05 -0.047 0.002
166 0.05 0.05 0.002
167 0.05 0.05 0.0015
168 0.047 0.05 0.002
169 -0.047 0.05 0.002
170 0.05 -0.05 0.002
171 0.05 -0.05 0.0015
172 0.05 -0.047 0.002
173 0.05 0.047 0.002
174 -0.047 -0.05 0.002
175 0.047 -0.05 0.002
176 -0.0474019237886467 0.0485 0.002
177 -0.0485 0.0474019237886467 0.002
178 -0.0474019237886467 -0.0485 0.002
179 -0.0485 -0.0474019237886467 0.002
180 0.0474019237886467 0.0485 0.002
181 0.0485 0.0474019237886467 0.002
182 0.0485 -0.0474019237886467 0.002
183 0.0474019237886467 -0.0485 0.002
184 0.000866025403784439 0.0005 0.00500000000000001
185 0.001 0 0.00500000000000001
186 0.0005 0.000866025403784439 0.00500000000000001
187 1.11022302462516e-19 0.001 0.00500000000000001
188 -0.0005 0.000866025403784439 0.00500000000000001
189 -0.000866025403784438 0.0005 0.00500000000000001
190 -0.001 1.22464679914735e-19 0.00500000000000001
191 -0.000866025403784439 -0.0005 0.00500000000000001
192 -0.0005 -0.000866025403784438 0.00500000000000001
193 -2.22044604925031e-19 -0.001 0.00500000000000001
194 0.000499999999999999 -0.000866025403784439 0.00500000000000001
195 0.000866025403784438 -0.0005 0.00500000000000001
196 0.000866025403784439 0.0005 0.00900000000000001
197 0.001 0 0.00900000000000001
198 0.0005 0.000866025403784439 0.00900000000000001
199 1.11022302462516e-19 0.001 0.00900000000000001
200 -0.0005 0.000866025403784439 0.00900000000000001
201 -0.000866025403784438 0.0005 0.00900000000000001
202 -0.001 1.22464679914735e-19 0.00900000000000001
203 -0.000866025403784439 -0.0005 0.00900000000000001
204 -0.0005 -0.000866025403784438 0.00900000000000001
205 -2.22044604925031e-19 -0.001 0.00900000000000001
206 0.000499999999999999 -0.000866025403784439 0.00900000000000001
207 0.000866025403784438 -0.0005 0.00900000000000001
208 0.000866025403784439 0.0005 0.013
209 0.001 0 0.013
210 0.0005 0.000866025403784439 0.013
211 1.11022302462516e-19 0.001 0.013
212 -0.0005 0.000866025403784439 0.013
213 -0.000866025403784438 0.0005 0.013
214 -0.001 1.22464679914735e-19 0.013
215 -0.000866025403784439 -0.0005 0.013
216 -0.0005 -0.000866025403784438 0.013
217 -2.22044604925031e-19 -0.001 0.013
218 0.000499999999999999 -0.000866025403784439 0.013
219 0.000866025403784438 -0.0005 0.013
220 0.0008660254037844387 0.0004999999999999999 0.017
221 0.001 0 0.017
222 0.0005000000000000001 0.0008660254037844386 0.017
223 1.110223024625157e-19 0.001 0.017
224 -0.0004999999999999998 0.0008660254037844387 0.017
225 -0.0008660254037844384 0.0005000000000000003 0.017
226 -0.001 1.224646799147353e-19 0.017
227 -0.0008660254037844388 -0.0004999999999999997 0.017
228 -0.0005000000000000004 -0.0008660254037844384 0.017
229 -2.220446049250313e-19 -0.001 0.017
230 0.0004999999999999994 -0.000866025403784439 0.017
231 0.0008660254037844384 -0.0005000000000000004 0.017
232 0.003 0 0.017
233 0.00259807621135332 0.0015 0.017
234 0.00259807621135332 -0.0015 0.017
235 0.0015 0.00259807621135332 0.017
236 0.0015 -0.00259807621135332 0.017
237 3.33066907387547e-19 0.003 0.017
238 -6.66133814775094e-19 -0.003 0.017
239 -0.0015 0.00259807621135332 0.017
240 -0.0015 -0.00259807621135332 0.017
241 -0.00259807621135332 0.0015 0.017
242 -0.00259807621135332 -0.0015 0.017
243 -0.003 3.67394039744206e-19 0.017
244 0.003 0 0.019
245 0.00259807621135332 0.0015 0.019
246 0.00259807621135332 -0.0015 0.019
247 0.0015 0.00259807621135332 0.019
248 0.0015 -0.00259807621135332 0.019
249 3.33066907387547e-19 0.003 0.019
250 -6.66133814775094e-19 -0.003 0.019
251 -0.0015 0.00259807621135332 0.019
252 -0.0015 -0.00259807621135332 0.019
253 -0.00259807621135332 0.0015 0.019
254 -0.00259807621135332 -0.0015 0.019
255 -0.003 3.67394039744206e-19 0.019
256 0.001 0 0.019
257 0.000866025403784439 0.0005 0.019
258 0.0005 0.000866025403784439 0.019
259 1.11022302462516e-19 0.001 0.019
260 -0.0005 0.000866025403784439 0.019
261 -0.000866025403784438 0.0005 0.019
262 -0.001 1.22464679914735e-19 0.019
263 -0.000866025403784439 -0.0005 0.019
264 -0.0005 -0.000866025403784438 0.019
265 -2.22044604925031e-19 -0.001 0.019
266 0.000499999999999999 -0.000866025403784439 0.019
267 0.000866025403784438 -0.0005 0.019
268 -0.0474019237886467 -0.0515 0.0015
269 -0.0485 -0.0525980762113533 0.0015
270 -0.05 -0.053 0.0015
271 -0.0515 -0.0525980762113533 0.0015
272 -0.0525980762113533 -0.0515 0.0015
273 -0.053 -0.05 0.0015
274 -0.0525980762113533 -0.0485 0.0015
275 -0.0515 -0.0474019237886467 0.0015
276 -0.0474019237886467 -0.0515 0.002
277 -0.0485 -0.0525980762113533 0.002
278 -0.05 -0.053 0.002
279 -0.0515 -0.0525980762113533 0.002
280 -0.0525980762113533 -0.0515 0.002
281 -0.053 -0.05 0.002
282 -0.0525980762113533 -0.0485 0.002
283 -0.0515 -0.0474019237886467 0.002
284 -0.0515 0.0474019237886467 0.0015
285 -0.0525980762113533 0.0485 0.0015
286 -0.053 0.05 0.0015
287 -0.0525980762113533 0.0515 0.0015
288 -0.0515 0.0525980762113533 0.0015
289 -0.05 0.053 0.0015
290 -0.0485 0.0525980762113533 0.0015
291 -0.0474019237886467 0.0515 0.0015
292 -0.0515 0.0474019237886467 0.002
293 -0.0525980762113533 0.0485 0.002
294 -0.053 0.05 0.002
295 -0.0525980762113533 0.0515 0.002
296 -0.0515 0.0525980762113533 0.002
297 -0.05 0.053 0.002
298 -0.0485 0.0525980762113533 0.002
299 -0.0474019237886467 0.0515 0.002
300 0.0525980762113533 0.0485 0.0015
301 0.053 0.05 0.0015
302 0.0515 0.0474019237886467 0.0015
303 0.0474019237886467 0.0515 0.0015
304 0.0485 0.0525980762113533 0.0015
305 0.05 0.053 0.0015
306 0.0515 0.0525980762113533 0.0015
307 0.0525980762113533 0.0515 0.0015
308 0.0525980762113533 0.0485 0.002
309 0.053 0.05 0.002
310 0.0515 0.0474019237886467 0.002
311 0.0474019237886467 0.0515 0.002
312 0.0485 0.0525980762113533 0.002
313 0.05 0.053 0.002
314 0.0515 0.0525980762113533 0.002
315 0.0525980762113533 0.0515 0.002
316 0.0525980762113533 -0.0515 0.0015
317 0.053 -0.05 0.0015
318 0.0515 -0.0525980762113533 0.0015
319 0.05 -0.053 0.0015
320 0.0485 -0.0525980762113533 0.0015
321 0.0474019237886467 -0.0515 0.0015
322 0.0515 -0.0474019237886467 0.0015
323 0.0525980762113533 -0.0485 0.0015
324 0.0525980762113533 -0.0515 0.002
325 0.053 -0.05 0.002
326 0.0515 -0.0525980762113533 0.002
327 0.05 -0.053 0.002
328 0.0485 -0.0525980762113533 0.002
329 0.0474019237886467 -0.0515 0.002
330 0.0515 -0.0474019237886467 0.002
331 0.0525980762113533 -0.0485 0.002
332 0.003 0 0.00900000000000001
333 0.00259807621135332 0.0015 0.00900000000000001
334 0.00259807621135332 -0.0015 0.00900000000000001
335 0.0015 0.00259807621135332 0.00900000000000001
336 0.0015 -0.00259807621135332 0.00900000000000001
337 3.33066907387547e-19 0.003 0.00900000000000001
338 -6.66133814775094e-19 -0.003 0.00900000000000001
339 -0.0015 0.00259807621135332 0.00900000000000001
340 -0.0015 -0.00259807621135332 0.00900000000000001
341 -0.00259807621135332 0.0015 0.00900000000000001
342 -0.00259807621135332 -0.0015 0.00900000000000001
343 -0.003 3.67394039744206e-19 0.00900000000000001
344 0.003 0 0.00500000000000001
345 0.00259807621135332 0.0015 0.00500000000000001
346 0.00259807621135332 -0.0015 0.00500000000000001
347 0.0015 0.00259807621135332 0.00500000000000001
348 0.0015 -0.00259807621135332 0.00500000000000001
349 3.33066907387547e-19 0.003 0.00500000000000001
350 -6.66133814775094e-19 -0.003 0.00500000000000001
351 -0.0015 0.00259807621135332 0.00500000000000001
352 -0.0015 -0.00259807621135332 0.00500000000000001
353 -0.00259807621135332 0.0015 0.00500000000000001
354 -0.00259807621135332 -0.0015 0.00500000000000001
355 -0.003 3.67394039744206e-19 0.00500000000000001
356 0.003 0 0.013
357 0.00259807621135332 0.0015 0.013
358 0.00259807621135332 -0.0015 0.013
359 0.0015 0.00259807621135332 0.013
360 0.0015 -0.00259807621135332 0.013
361 3.33066907387547e-19 0.003 0.013
362 -6.66133814775094e-19 -0.003 0.013
363 -0.0015 0.00259807621135332 0.013
364 -0.0015 -0.00259807621135332 0.013
365 -0.00259807621135332 0.0015 0.013
366 -0.00259807621135332 -0.0015 0.013
367 -0.003 3.67394039744206e-19 0.013
368 -0.1 -0.1 -0.0666666666666666
369 -0.1 -0.1 -0.0333333333333332
370 -0.1 -0.1 1.665334536937735e-16
371 -0.1 -0.1 0.03333333333333352
372 -0.1 -0.1 0.06666666666666679
373 0.1 -0.1 -0.0666666666666666
374 0.1 -0.1 -0.0333333333333332
375 0.1 -0.1 1.665334536937735e-16
376 0.1 -0.1 0.03333333333333352
377 0.1 -0.1 0.06666666666666679
378 -0.0666666666666666 -0.1 -0.1
379 -0.0333333333333332 -0.1 -0.1
380 1.665334536937735e-16 -0.1 -0.1
381 0.03333333333333352 -0.1 -0.1
382 0.06666666666666679 -0.1 -0.1
383 -0.0666666666666666 -0.1 0.1
384 -0.0333333333333332 -0.1 0.1
385 1.665334536937735e-16 -0.1 0.1
386 0.03333333333333352 -0.1 0.1
387 0.06666666666666679 -0.1 0.1
388 -0.1 0.1 -0.0666666666666666
389 -0.1 0.1 -0.0333333333333332
390 -0.1 0.1 1.665334536937735e-16
391 -0.1 0.1 0.03333333333333352
392 -0.1 0.1 0.06666666666666679
393 -0.1 0.0666666666666666 -0.1
394 -0.1 0.0333333333333332 -0.1
395 -0.1 -1.665334536937735e-16 -0.1
396 -0.1 -0.03333333333333352 -0.1
397 -0.1 -0.06666666666666679 -0.1
398 -0.1 0.0666666666666666 0.1
399 -0.1 0.0333333333333332 0.1
400 -0.1 -1.665334536937735e-16 0.1
401 -0.1 -0.03333333333333352 0.1
402 -0.1 -0.06666666666666679 0.1
403 0.1 0.1 -0.0666666666666666
404 0.1 0.1 -0.0333333333333332
405 0.1 0.1 1.665334536937735e-16
406 0.1 0.1 0.03333333333333352
407 0.1 0.1 0.06666666666666679
408 0.1 -0.0666666666666666 -0.1
409 0.1 -0.0333333333333332 -0.1
410 0.1 1.665334536937735e-16 -0.1
411 0.1 0.03333333333333352 -0.1
412 0.1 0.06666666666666679 -0.1
413 0.1 -0.0666666666666666 0.1
414 0.1 -0.0333333333333332 0.1
415 0.1 1.665334536937735e-16 0.1
416 0.1 0.03333333333333352 0.1
417 0.1 0.06666666666666679 0.1
418 0.0666666666666666 0.1 -0.1
419 0.0333333333333332 0.1 -0.1
420 -1.665334536937735e-16 0.1 -0.1
421 -0.03333333333333352 0.1 -0.1
422 -0.06666666666666679 0.1 -0.1
423 0.0666666666666666 0.1 0.1
424 0.0333333333333332 0.1 0.1
425 -1.665334536937735e-16 0.1 0.1
426 -0.03333333333333352 0.1 0.1
427 -0.06666666666666679 0.1 0.1
428 -0.05 0.01566666666666663 0.0015
429 -0.05 -0.01566666666666673 0.0015
430 0.01566666666666663 0.05 0.0015
431 -0.01566666666666673 0.05 0.0015
432 0.05 -0.01566666666666663 0.0015
433 0.05 0.01566666666666673 0.0015
434 -0.01566666666666663 -0.05 0.0015
435 0.01566666666666673 -0.05 0.0015
436 -0.05 0.01566666666666663 0.002
437 -0.05 -0.01566666666666673 0.002
438 0.01566666666666663 0.05 0.002
439 -0.01566666666666673 0.05 0.002
440 0.05 -0.01566666666666663 0.002
441 0.05 0.01566666666666673 0.002
442 -0.01566666666666663 -0.05 0.002
443 0.01566666666666673 -0.05 0.002
444 -0.07017302317878332 -0.1 -0.01647460514525788
445 0.07128977633781297 -0.1 -0.01639423274624065
446 -0.01548636925209879 -0.1 0.06825987323689237
447 -0.01594859988865015 -0.1 -0.06651085860348721
448 0.04693914603142005 -0.1 0.0698100917519737
449 -0.06973838197128715 -0.1 0.04752515494304879
450 0.05110102858105997 -0.1 -0.07140492046094457
451 0.07131599130402869 -0.1 0.01643963839964524
452 0.04232177217450475 -0.1 7.567608900860279e-06
453 0.03955728906029315 -0.1 -0.03830783787052749
454 0.01339745962155611 -0.1 -0.01666666666666648
455 0.013406926137134 -0.1 0.01666792793481697
456 -0.01487989327346068 -0.1 2.102113585283893e-07
457 -0.01547005383792516 -0.1 -0.03333333333333317
458 -0.01486656191141457 -0.1 0.03272222190327057
459 -0.04517393081756669 -0.1 0.01624210235052989
460 0.01482079679212416 -0.1 0.04974405813183783
461 -0.07214772270506259 -0.1 -0.05106956810707244
462 0.01968185763370062 -0.1 -0.07007039112428956
463 0.04348014296058267 -0.1 0.03350578005076987
464 -0.0501140187510277 -0.1 -0.07273772727603675
465 0.0726820644252166 -0.1 -0.04973598202832744
466 -0.04978570673664705 -0.1 0.07251249151696226
467 0.07265672946293864 -0.1 0.04897985335269375
468 -0.07701706719352744 -0.1 0.0161251970963309
469 -0.03737661561248361 -0.1 -0.01568017222643975
470 -0.03901019013780285 -0.1 0.04745236879014075
471 -0.04353833899565543 -0.1 -0.04263437744860454
472 0.01666666666666684 -0.1 0.07767090063073989
473 0.009578367467528021 -0.1 -0.04440153273374835
474 -0.07559830641437071 -0.1 -0.07559830641437071
475 0.07559830641437087 -0.1 0.07559830641437087
476 -0.07559830641437081 -0.1 0.0755983064143709
477 0.0755983064143709 -0.1 -0.07559830641437082
478 -0.1 0.07017302317878332 -0.01647460514525788
479 -0.1 -0.07128977633781297 -0.01639423274624065
480 -0.1 0.01548636925209879 0.06825987323689237
481 -0.1 0.01594859988865015 -0.06651085860348721
482 -0.1 -0.04693914603142005 0.0698100917519737
483 -0.1 0.06973838197128715 0.04752515494304879
484 -0.1 -0.05110102858105997 -0.07140492046094457
485 -0.1 -0.07131599130402869 0.01643963839964524
486 -0.1 -0.04232177217450475 7.567608900860279e-06
487 -0.1 -0.03955728906029315 -0.03830783787052749
488 -0.1 -0.01339745962155611 -0.01666666666666648
489 -0.1 -0.013406926137134 0.01666792793481697
490 -0.1 0.01487989327346068 2.102113585283893e-07
491 -0.1 0.01547005383792516 -0.03333333333333317
492 -0.1 0.01486656191141457 0.03272222190327057
493 -0.1 0.04517393081756669 0.01624210235052989
494 -0.1 -0.01482079679212416 0.04974405813183783
495 -0.1 0.07214772270506259 -0.05106956810707244
496 -0.1 -0.01968185763370062 -0.07007039112428956
497 -0.1 -0.04348014296058267 0.03350578005076987
498 -0.1 0.0501140187510277 -0.07273772727603675
499 -0.1 -0.0726820644252166 -0.04973598202832744
500 -0.1 0.04978570673664705 0.07251249151696226
501 -0.1 -0.07265672946293864 0.04897985335269375
502 -0.1 0.07701706719352744 0.0161251970963309
503 -0.1 0.03737661561248361 -0.01568017222643975
504 -0.1 0.03901019013780285 0.04745236879014075
505 -0.1 0.04353833899565543 -0.04263437744860454
506 -0.1 -0.01666666666666684 0.07767090063073989
507 -0.1 -0.009578367467528021 -0.04440153273374835
508 -0.1 0.07559830641437071 -0.07559830641437071
509 -0.1 -0.07559830641437087 0.07559830641437087
510 -0.1 0.07559830641437081 0.0755983064143709
511 -0.1 -0.0755983064143709 -0.07559830641437082
512 0.1 -0.0679355163404147 -0.01311795075629904
513 0.1 0.07128977633781297 -0.01639423274624065
514 0.1 -0.0154863692520988 0.06825987323689237
515 0.1 -0.0147864340069203 -0.0677679766638892
516 0.1 0.04693914603142005 0.0698100917519737
517 0.1 -0.06973838197128716 0.04752515494304879
518 0.1 0.05110102858105997 -0.07140492046094457
519 0.1 0.07131599130402874 0.01643963839964527
520 0.1 0.04232177217450481 7.567608900888034e-06
521 0.1 0.03955728906029315 -0.03830783787052747
522 0.1 0.01339745962155611 -0.01666666666666647
523 0.1 0.01340692613713401 0.01666792793481697
524 0.1 -0.01468189939926164 0.001362600995676172
525 0.1 -0.01547005383792519 -0.03333333333333316
526 0.1 -0.01483356293238143 0.03294928703399017
527 0.1 -0.04611019694861251 0.01737601289888722
528 0.1 0.01482629662196303 0.04978190232029109
529 0.1 0.04348105959888915 0.03351208741551212
530 0.1 -0.06724952928100714 -0.04968012535237101
531 0.1 0.01987555194732227 -0.07027991080102322
532 0.1 -0.04836539647744468 -0.07207622532428426
533 0.1 0.0726820644252166 -0.04973598202832744
534 0.1 -0.04978570673664707 0.07251249151696224
535 0.1 0.07265683858654656 0.04898060422944875
536 0.1 -0.07675681905206289 0.01702331008379412
537 0.1 -0.04538407000047477 -0.0327205145559577
538 0.1 -0.04022386422257579 0.04626207712298422
539 0.1 0.01666666666666684 0.07767090063073989
540 0.1 0.0100480947161672 -0.04419872981077802
541 0.1 -0.07559830641437071 -0.07559830641437071
542 0.1 0.07559830641437087 0.07559830641437087
543 0.1 -0.07559830641437081 0.0755983064143709
544 0.1 0.0755983064143709 -0.07559830641437082
545 0.1 -0.03961810718100305 -0.008492321960760801
546 0.1 -0.03440463951700193 -0.05297923422464312
547 -0.0163942327462406 -0.07128977633781297 -0.1
548 -0.0664970611969717 0.01596484995286868 -0.1
549 0.01630219136681075 0.06983147047824943 -0.1
550 0.07012346250148579 -0.01955752182355256 -0.1
551 0.04985875435730427 -0.07177426516480566 -0.1
552 -0.07140492046094454 -0.05110102858105994 -0.1
553 0.07223240424053118 0.05045874500044815 -0.1
554 -0.04752515494304867 0.06973838197128718 -0.1
555 0.01668853137962186 -0.07126566461078226 -0.1
556 4.90497722304047e-05 -0.04231338439229705 -0.1
557 -0.03830191184719463 -0.03955609080569205 -0.1
558 -0.01666666666666632 -0.01339745962155609 -0.1
559 0.01570796326383501 -0.01284730068920125 -0.1
560 -0.0001597839004715609 0.01497316418144945 -0.1
561 0.0333333333333338 0.01547005383792506 -0.1
562 -0.03148792693524029 0.01552165908303555 -0.1
563 -0.01600651077127069 0.04553812749232729 -0.1
564 -0.07006710388598146 -0.01967894958056402 -0.1
565 0.06636024169272187 0.01581573691884776 -0.1
566 0.03838610234421998 -0.03945308969632149 -0.1
567 -0.04973527654935922 -0.0726819217758593 -0.1
568 -0.0721917394143337 0.04911910680774531 -0.1
569 0.07225590076138846 -0.05029287317201397 -0.1
570 0.05057662089648855 0.07261013160372592 -0.1
571 0.01562059839826528 0.03737329175797966 -0.1
572 -0.01611256153616846 0.07702159598837277 -0.1
573 -0.04674167865217302 0.0391764250614528 -0.1
574 0.0424042316546919 0.043593238266196 -0.1
575 -0.04430425987523882 -0.009574621027655673 -0.1
576 0.04419872981077822 -0.01004809471616709 -0.1
577 -0.07559830641437082 -0.07559830641437086 -0.1
578 0.07559830641437086 -0.07559830641437082 -0.1
579 -0.07559830641437086 0.07559830641437082 -0.1
580 0.07559830641437082 0.07559830641437086 -0.1
581 0.07012346250148579 -0.01955752182355256 0.09999999999999998
582 -0.0664970611969717 0.01596484995286868 0.09999999999999998
583 -0.0163942327462406 -0.07128977633781297 0.09999999999999998
584 0.01630219136681075 0.06983147047824943 0.09999999999999998
585 0.04985875435730427 -0.07177426516480566 0.09999999999999998
586 -0.07140492046094454 -0.05110102858105994 0.09999999999999998
587 0.07223240424053118 0.05045874500044815 0.09999999999999998
588 -0.04752515494304867 0.06973838197128718 0.09999999999999998
589 0.01668853137962186 -0.07126566461078226 0.09999999999999998
590 4.90497722304047e-05 -0.04231338439229705 0.09999999999999998
591 -0.03830191184719463 -0.03955609080569205 0.09999999999999998
592 -0.01666666666666632 -0.01339745962155609 0.09999999999999998
593 0.01570796326383501 -0.01284730068920125 0.09999999999999998
594 -0.0001597839004715609 0.01497316418144945 0.09999999999999998
595 0.0333333333333338 0.01547005383792506 0.09999999999999998
596 -0.03148792693524029 0.01552165908303555 0.09999999999999998
597 -0.01600651077127069 0.04553812749232729 0.09999999999999998
598 -0.07006710388598146 -0.01967894958056402 0.09999999999999998
599 0.06636024169272187 0.01581573691884776 0.09999999999999998
600 0.03838610234421998 -0.03945308969632149 0.09999999999999998
601 -0.04973527654935922 -0.0726819217758593 0.09999999999999998
602 -0.0721917394143337 0.04911910680774531 0.09999999999999998
603 0.07225590076138846 -0.05029287317201397 0.09999999999999998
604 0.05057662089648855 0.07261013160372592 0.09999999999999998
605 0.01562059839826528 0.03737329175797966 0.09999999999999998
606 -0.01611256153616846 0.07702159598837277 0.09999999999999998
607 -0.04674167865217302 0.0391764250614528 0.09999999999999998
608 0.0424042316546919 0.043593238266196 0.09999999999999998
609 -0.04430425987523882 -0.009574621027655673 0.09999999999999998
610 0.04419872981077822 -0.01004809471616709 0.09999999999999998
611 -0.07559830641437082 -0.07559830641437086 0.09999999999999998
612 0.07559830641437086 -0.07559830641437082 0.09999999999999998
613 -0.07559830641437086 0.07559830641437082 0.09999999999999998
614 0.07559830641437082 0.07559830641437086 0.09999999999999998
615 0.07017302317878332 0.1 -0.01647460514525788
616 -0.07128977633781297 0.1 -0.01639423274624065
617 0.01548636925209879 0.1 0.06825987323689237
618 0.01594859988865015 0.1 -0.06651085860348721
619 -0.04693914603142005 0.1 0.0698100917519737
620 0.06973838197128715 0.1 0.04752515494304879
621 -0.05110102858105997 0.1 -0.07140492046094457
622 -0.07131599130402869 0.1 0.01643963839964524
623 -0.04232177217450475 0.1 7.567608900860279e-06
624 -0.03955728906029315 0.1 -0.03830783787052749
625 -0.01339745962155611 0.1 -0.01666666666666648
626 -0.013406926137134 0.1 0.01666792793481697
627 0.01487989327346068 0.1 2.102113585283893e-07
628 0.01547005383792516 0.1 -0.03333333333333317
629 0.01486656191141457 0.1 0.03272222190327057
630 0.04517393081756669 0.1 0.01624210235052989
631 -0.01482079679212416 0.1 0.04974405813183783
632 0.07214772270506259 0.1 -0.05106956810707244
633 -0.01968185763370062 0.1 -0.07007039112428956
634 -0.04348014296058267 0.1 0.03350578005076987
635 0.0501140187510277 0.1 -0.07273772727603675
636 -0.0726820644252166 0.1 -0.04973598202832744
637 0.04978570673664705 0.1 0.07251249151696226
638 -0.07265672946293864 0.1 0.04897985335269375
639 0.07701706719352744 0.1 0.0161251970963309
640 0.03737661561248361 0.1 -0.01568017222643975
641 0.03901019013780285 0.1 0.04745236879014075
642 0.04353833899565543 0.1 -0.04263437744860454
643 -0.01666666666666684 0.1 0.07767090063073989
644 -0.009578367467528021 0.1 -0.04440153273374835
645 0.07559830641437071 0.1 -0.07559830641437071
646 -0.07559830641437087 0.1 0.07559830641437087
647 0.07559830641437081 0.1 0.0755983064143709
648 -0.0755983064143709 0.1 -0.07559830641437082
649 0.002332531754730549 0.0006249999999999999 0.0002500000000000004
650 0.001346003476027948 0.0003970650837555708 -0.001
651 -0.00120439352359282 -0.0004217748026746517 -0.001
652 0.0003397270137524905 -0.001312837365146627 -0.001
653 -0.0003301951021956046 0.001364382938682638 -0.001
654 0.000457531754730549 0.001707531754730549 -0.001
655 0.0004575317547305485 0.0007924682452694517 -0.001
656 -0.0003962341226347263 0.0002287658773652743 -0.001
657 -0.00125 0.0007924682452694529 -0.001
658 0.0004428927930500888 -0.0001798837233355877 -0.001
659 0.001249999999999999 -0.0007803703960294334 -0.001
660 -0.0002665462126993669 -0.0006588406475726919 -0.001
661 -0.0007577127053334659 -0.001384752720809177 -0.001
662 0.00125 0.00125 -0.001
663 0.001707531754730548 0.001707531754730548 0.0002500000000000002
664 -0.02980059411774307 -0.004586000118417938 0.0015
665 0.02980059411774307 0.004586000118417942 0.0015
666 -0.0005044328936783436 -0.03247894320731456 0.0015
667 0.0005044328936783416 0.03247894320731455 0.0015
668 -0.02981795873852821 0.03194338883662523 0.0015
669 0.02637077341341497 0.02826165337451467 0.0015
670 0.02981795873852821 -0.03194338883662522 0.0015
671 -0.02637077341341497 -0.02826165337451467 0.0015
672 0.01602280180254605 0.01179288034957438 0.0015
673 0.00553907414277488 0.01850512763219052 0.0015
674 0.01664555221788534 0.0005402713657927484 0.0015
675 0.00391200088980536 0.001039085751488341 0.0015
676 -0.01602280180254606 -0.01179288034957439 0.0015
677 -0.00553907414277488 -0.01850512763219053 0.0015
678 0.000205402104923956 -0.004562274075739399 0.0015
679 -0.01664555221788533 -0.0005402713657927446 0.0015
680 -0.00391200088980536 -0.001039085751488341 0.0015
681 -0.01061734786773531 -0.005312679909755967 0.0015
682 -0.004808443447686626 -0.008523365598680107 0.0015
683 0.003244595033909606 -0.0109466339326348 0.0015
684 0.01061734786773531 0.005312679909755967 0.0015
685 0.004634090179734399 0.008510818140662941 0.0015
686 -0.0001672334575101317 0.004549169018346003 0.0015
687 -0.003244595033909613 0.0109466339326348 0.0015
688 -0.009594453352147656 0.001026801016407285 0.0015
689 -0.01187362430042129 0.00806025923113662 0.0015
690 -0.01073676121159966 0.01983984710759767 0.0015
691 -0.005966599654675419 0.005284831232190004 0.0015
692 0.009594453352147658 -0.001026801016407285 0.0015
693 0.01187362430042129 -0.008060259231136617 0.0015
694 0.01073676121159966 -0.01983984710759767 0.0015
695 0.005969845287958906 -0.005285945607818695 0.0015
696 -0.02481241509769626 0.01173064839296924 0.0015
697 0.02481241509769626 -0.01173064839296924 0.0015
698 -0.007221944115348113 -0.002776919479582862 0.0015
699 -0.003930482052454453 -0.004324155398905035 0.0015
700 -0.005962814211632101 0.0008592849360724996 0.0015
701 -0.003131958817583444 0.001867037563511609 0.0015
702 -0.0025 -0.002499999999999999 0.0015
703 0.007221944115348114 0.002776919479582859 0.0015
704 0.003923392057632587 0.004322819886857423 0.0015
705 0.005963463338288798 -0.0008595078111982374 0.0015
706 0.003137967875776873 -0.001869100750389869 0.0015
707 0.0025 0.0025 0.0015
708 0.01431899154582145 -0.03356351952288997 0.0015
709 -0.01431899154582145 0.03356351952288996 0.0015
710 0.002332531754730548 -0.0006250000000000004 0.0002500000000000002
711 0.0006250000000000002 0.002332531754730549 0.0002500000000000002
712 -0.0006249999999999997 0.002332531754730548 0.0002500000000000002
713 -0.001707531754730548 0.001707531754730549 0.0002500000000000002
714 -0.002332531754730548 0.0006250000000000006 0.0002500000000000002
715 -0.002332531754730549 -0.0006249999999999996 0.0002500000000000004
716 -0.001707531754730549 -0.001707531754730548 0.0002500000000000004
717 -0.0006250000000000009 -0.002332531754730548 0.0002500000000000002
718 0.0006249999999999988 -0.002332531754730549 0.0002500000000000002
719 0.001707531754730547 -0.001707531754730549 0.0002500000000000002
720 -0.04867225305227715 -0.04867225305227715 0.0015
721 -0.04867225305227715 0.04867225305227715 0.0015
722 0.04867225305227715 0.04867225305227715 0.0015
723 0.04867225305227715 -0.04867225305227715 0.0015
724 -0.04867225305227715 0.04867225305227715 0.002
725 -0.02793878790285415 -0.0002599855411698181 0.002
726 0.02965612986725329 0.004643443053248925 0.002
727 0.00324295468184759 -0.03006278896159575 0.002
728 0.0055964883519956 0.02919553699366875 0.002
729 -0.03100156598257239 -0.02824451882548839 0.002
730 0.03035048991197991 0.02961026595465881 0.002
731 0.02770744632898509 -0.03098603208507006 0.002
732 -0.03028784266897198 0.0275491616068759 0.002
733 -0.0145712244953784 -0.01147916883207651 0.002
734 -0.002789055340921739 -0.01658302163223012 0.002
735 -0.01489676487579043 -0.0003603022881805876 0.002
736 0.01430521069187522 0.01267768769428859 0.002
737 0.00182987468383989 0.01651674611832996 0.002
738 0.0159944115601097 0.000667598731898406 0.002
739 0.009591804180164681 0.005325849887643778 0.002
740 0.004082815976576747 0.008597694143594395 0.002
741 -0.004084352503018388 0.01140023443932969 0.002
742 0.002023269428072449 0.002334080669562473 0.002
743 0.009112262659919034 -0.001364364973228038 0.002
744 0.0118877405500264 -0.006603109042028707 0.002
745 0.00341422909258105 -0.0007638797020367022 0.002
746 0.005775015150956771 -0.006925760574454676 0.002
747 -0.008954381759553398 -0.004696824126834012 0.002
748 -0.001968275805335169 -0.002729502505840286 0.002
749 -0.009136788837866268 0.001407459318593456 0.002
750 -0.004129281051252202 -0.00906723288410116 0.002
751 0.008218628292594541 -0.01604666089142833 0.002
752 -0.01194574555476226 -0.02486610296284269 0.002
753 0.0002395059121231377 -0.006031625173173781 0.002
754 0.002564313258478757 -0.002866961221923613 0.002
755 0.02391072609982817 -0.0106652378166744 0.002
756 -0.006350153823868243 -0.002173636183445802 0.002
757 -0.005175719112208559 0.0009815349413018048 0.002
758 -0.003286990971616827 -0.000335505287728752 0.002
759 0.006019557906402895 0.002775715645975711 0.002
760 -0.001534259963156673 0.006906989349964754 0.002
761 -9.250191063296335e-05 0.003391626545734944 0.002
762 -0.006061647364278715 0.005757533940349711 0.002
763 -0.01457745409671992 0.009534752684838827 0.002
764 0.002457929833991606 0.004504722421511126 0.002
765 0.004314012856989367 0.001155936261167781 0.002
766 0.005565211243329815 -0.001419012172862801 0.002
767 -0.009608835083487623 0.02197375377226798 0.002
768 -0.00338549671706479 0.003524174947156668 0.002
769 -0.004114629652372782 -0.004773473143057757 0.002
770 -0.002940767441945421 0.001307111306498511 0.002
771 -0.004121617840327728 -0.002168811917462233 0.002
772 0.001748322822716341 -0.01131389305559633 0.002
773 0.002821019411659288 0.00077206524891109 0.002
774 -0.04867225305227715 -0.04867225305227715 0.002
775 0.04867225305227715 0.04867225305227715 0.002
776 0.04867225305227715 -0.04867225305227715 0.002
777 -0.000529237746757157 0.0001279915320718538 0.017
778 0.0005085944743544028 -9.622504486493771e-05 0.017
779 0.0001537749551350624 0.00052232909936926 0.017
780 -0.0001744182275378167 -0.000490562612162344 0.017
781 -0.0002886751345948127 0.0004999999999999999 0.017
782 -8.521475905433901e-05 0.0001553801185347373 0.017
783 -0.0002619193351026006 -0.0001146432730680382 0.017
784 -0.0005552667855303354 -0.000307206626157161 0.017
785 0.0002422258533301376 0.0001764250871842576 0.017
786 0.0005451034477673403 0.0003280924242455031 0.017
787 9.686889862365904e-05 -0.0001564623717993863 0.017
788 0.0002995117582041137 -0.0005182125721018512 0.017
789 0.001078271768244039 0.0009873546823766742 0.01700000000000001
790 0.001366025403784438 0.0003660254037844386 0.01700000000000001
791 0.0004373449659408933 0.001342885676504589 0.01700000000000001
792 0.001366025403784438 -0.0003660254037844392 0.01700000000000001
793 0.0009999999999999992 -0.001 0.01700000000000001
794 0.000366025403784438 -0.001366025403784438 0.01700000000000001
795 -0.0003660254037844393 -0.001366025403784438 0.01700000000000001
796 -0.001 -0.0009999999999999996 0.01700000000000001
797 -0.001366025403784438 -0.0003660254037844385 0.01700000000000001
798 -0.001366025403784438 0.0003660254037844391 0.01700000000000001
799 -0.0009999999999999998 0.001 0.01700000000000001
800 -0.0003660254037844383 0.001366025403784438 0.01700000000000001
801 0.001728744252021569 0.0009644917690751102 0.01700000000000001
802 0.001296980119701077 0.001645655347254356 0.01700000000000001
803 0.002029317258734327 8.687126293806516e-05 0.01700000000000001
804 0.001824809929840821 -0.0008399107851263028 0.01700000000000001
805 0.001163646390588964 -0.00162879908316698 0.01700000000000001
806 0.0001937135956714177 -0.001991444935001146 0.01700000000000001
807 -0.000827989283471701 -0.001821490688582422 0.01700000000000001
808 -0.001627850426330433 -0.001163482245728266 0.01700000000000001
809 -0.001991523440700343 -0.0001936811593993457 0.01700000000000001
810 -0.001821558358887475 0.0008280322686941417 0.01700000000000001
811 -0.0010365640479731 0.001795381596388673 0.01700000000000001
812 0.0001786088076208958 0.002043014046436076 0.01700000000000001
813 0.001078271768244039 0.0009873546823766742 0.019
814 0.0004373449659408934 0.001342885676504589 0.019
815 0.001366025403784439 0.0003660254037844384 0.019
816 0.001366025403784438 -0.0003660254037844391 0.019
817 0.0009999999999999992 -0.001 0.019
818 0.000366025403784438 -0.001366025403784438 0.019
819 -0.0003660254037844393 -0.001366025403784438 0.019
820 -0.0009999999999999998 -0.001 0.019
821 -0.001366025403784439 -0.0003660254037844385 0.019
822 -0.001366025403784438 0.0003660254037844393 0.019
823 -0.001 0.0009999999999999996 0.019
824 -0.0003660254037844381 0.001366025403784439 0.019
825 0.001728744252021569 0.00096449176907511 0.019
826 0.001296980119701077 0.001645655347254356 0.019
827 0.002029317258734327 8.687126293806489e-05 0.019
828 0.001824809929840821 -0.0008399107851263024 0.019
829 0.001163646390588964 -0.00162879908316698 0.019
830 0.0001937135956714177 -0.001991444935001146 0.019
831 -0.0008279892834717005 -0.001821490688582422 0.019
832 -0.001627850426330433 -0.001163482245728266 0.019
833 -0.001991523440700343 -0.0001936811593993457 0.019
834 -0.001821558358887475 0.0008280322686941415 0.019
835 -0.0010365640479731 0.001795381596388673 0.019
836 0.0001786088076208956 0.002043014046436076 0.019
837 0.0005464101615137754 -0.0001690598923241495 0.019
838 -0.0005464101615137752 0.0001966355377495207 0.019
839 -0.0001267949192431123 -0.0005577350269189627 0.019
840 0.0001267949192431124 0.0005853106723443338 0.019
841 0.0002886751345948132 -0.0004999999999999998 0.019
842 -0.0004398617857592665 -0.0002368836827700646 0.019
843 0.0001085460510238409 -0.0001620149596065623 0.019
844 0.0004329463215145718 0.0002604535619967214 0.019
845 -0.0001171522849631646 0.0002029137097789892 0.019
846 -0.0003171321551697109 0.0005584808872762136 0.019
847 -0.05161602540378443 -0.04906698729810778 0.001499999999999999
848 -0.05 -0.05186602540378443 0.001499999999999999
849 -0.05161602540378443 -0.04906698729810778 0.002
850 -0.05 -0.05186602540378443 0.002
851 -0.04906698729810778 0.05161602540378443 0.0015
852 -0.05186602540378443 0.05 0.0015
853 -0.04906698729810778 0.05161602540378443 0.002
854 -0.05111961524227066 0.04866076951545868 0.002
855 -0.05180262794416288 0.05020980762113533 0.002
856 0.05136602540378444 0.049 0.0015
857 0.05109807621135331 0.05109807621135331 0.0015
858 0.049 0.05136602540378444 0.0015
859 0.05161602540378443 0.04906698729810778 0.002
860 0.04866076951545868 0.05111961524227066 0.002
861 0.05020980762113533 0.05180262794416288 0.002
862 0.04906698729810778 -0.05161602540378443 0.0015
863 0.05186602540378443 -0.05 0.0015
864 0.04906698729810778 -0.05161602540378443 0.002
865 0.05186602540378443 -0.05 0.002
866 0.001078271768244039 0.000987354682376674 0.00900000000000001
867 0.001366025403784439 0.0003660254037844384 0.00900000000000001
868 0.0004373449659408934 0.001342885676504589 0.00900000000000001
869 0.001366025403784438 -0.0003660254037844391 0.00900000000000001
870 0.0009999999999999992 -0.001 0.00900000000000001
871 0.000366025403784438 -0.001366025403784438 0.00900000000000001
872 -0.0003660254037844393 -0.001366025403784438 0.00900000000000001
873 -0.0009999999999999998 -0.001 0.00900000000000001
874 -0.001366025403784439 -0.0003660254037844385 0.00900000000000001
875 -0.001366025403784438 0.0003660254037844393 0.00900000000000001
876 -0.001 0.0009999999999999996 0.00900000000000001
877 -0.0003660254037844381 0.001366025403784439 0.00900000000000001
878 0.001728744252021569 0.00096449176907511 0.00900000000000001
879 0.001296980119701077 0.001645655347254356 0.00900000000000001
880 0.002029317258734327 8.687126293806492e-05 0.00900000000000001
881 0.001824809929840821 -0.0008399107851263025 0.00900000000000001
882 0.001163646390588964 -0.00162879908316698 0.00900000000000001
883 0.0001937135956714177 -0.001991444935001146 0.00900000000000001
884 -0.0008279892834717005 -0.001821490688582422 0.00900000000000001
885 -0.001627850426330433 -0.001163482245728266 0.00900000000000001
886 -0.001991523440700343 -0.0001936811593993457 0.00900000000000001
887 -0.001821558358887475 0.0008280322686941415 0.00900000000000001
888 -0.0010365640479731 0.001795381596388673 0.00900000000000001
889 0.0001786088076208956 0.002043014046436076 0.00900000000000001
890 0.001078271768244039 0.0009873546823766742 0.005000000000000011
891 0.0004373449659408934 0.001342885676504589 0.005000000000000011
892 0.001366025403784439 0.0003660254037844384 0.005000000000000011
893 0.001366025403784438 -0.0003660254037844391 0.005000000000000011
894 0.0009999999999999992 -0.001 0.005000000000000011
895 0.000366025403784438 -0.001366025403784438 0.005000000000000011
896 -0.0003660254037844393 -0.001366025403784438 0.005000000000000011
897 -0.0009999999999999998 -0.001 0.005000000000000011
898 -0.001366025403784439 -0.0003660254037844385 0.005000000000000011
899 -0.001366025403784438 0.0003660254037844393 0.005000000000000011
900 -0.001 0.0009999999999999996 0.005000000000000011
901 -0.0003660254037844381 0.001366025403784439 0.005000000000000011
902 0.001728744252021569 0.00096449176907511 0.005000000000000011
903 0.001296980119701077 0.001645655347254356 0.005000000000000011
904 0.002029317258734327 8.687126293806489e-05 0.005000000000000011
905 0.001824809929840821 -0.0008399107851263024 0.005000000000000011
906 0.001163646390588964 -0.00162879908316698 0.005000000000000011
907 0.0001937135956714177 -0.001991444935001146 0.005000000000000011
908 -0.0008279892834717005 -0.001821490688582422 0.005000000000000011
909 -0.001627850426330433 -0.001163482245728266 0.005000000000000011
910 -0.001991523440700343 -0.0001936811593993457 0.005000000000000011
911 -0.001821558358887475 0.0008280322686941415 0.005000000000000011
912 -0.0010365640479731 0.001795381596388673 0.005000000000000011
913 0.0001786088076208956 0.002043014046436076 0.005000000000000011
914 0.001078271768244039 0.0009873546823766742 0.013
915 0.0004373449659408934 0.001342885676504589 0.013
916 0.001366025403784439 0.0003660254037844384 0.013
917 0.001366025403784438 -0.0003660254037844391 0.013
918 0.0009999999999999992 -0.001 0.013
919 0.000366025403784438 -0.001366025403784438 0.013
920 -0.0003660254037844393 -0.001366025403784438 0.013
921 -0.0009999999999999998 -0.001 0.013
922 -0.001366025403784439 -0.0003660254037844385 0.013
923 -0.001366025403784438 0.0003660254037844393 0.013
924 -0.001 0.0009999999999999996 0.013
925 -0.0003660254037844381 0.001366025403784439 0.013
926 0.001728744252021569 0.00096449176907511 0.013
927 0.001296980119701077 0.001645655347254356 0.013
928 0.002029317258734327 8.687126293806489e-05 0.013
929 0.001824809929840821 -0.0008399107851263024 0.013
930 0.001163646390588964 -0.00162879908316698 0.013
931 0.0001937135956714177 -0.001991444935001146 0.013
932 -0.0008279892834717005 -0.001821490688582422 0.013
933 -0.001627850426330433 -0.001163482245728266 0.013
934 -0.001991523440700343 -0.0001936811593993457 0.013
935 -0.001821558358887475 0.0008280322686941415 0.013
936 -0.0010365640479731 0.001795381596388673 0.013
937 0.0001786088076208956 0.002043014046436076 0.013
938 0.0002606759936278675 -0.001380540026447158 0.006885609512296048
939 -0.0003907868689017214 0.001411346366756387 0.01498521124041358
940 -0.04813397459621557 -0.0505 0.00175
941 0.001154330633332057 0.0003431767346917688 0.003563242769739365
942 -0.04913103254056383 0.05241922200404545 0.001749469366743047
943 -0.04687833402450534 0.05074304901791385 0.001750004208293741
944 0.0007216878364870322 0.00125 -0.05145365209006041
945 -0.04934807621135332 0.05243301270189221 0.05192746910654454
946 0.04818423233502271 0.05181576766497729 0.05118433876736302
947 -0.05065192378864668 -0.05243301270189221 0.05109886669532871
948 0.05243301270189223 -0.04934807621135331 -0.0485481067781865
949 0.0524330127018922 -0.05065192378864668 0.05091035374277683
950 0.000108819766544988 -0.0007294937881748593 0.06102197901165871
951 0.0007216878364870324 0.00125 -0.0262240600040148
952 0.05173205080756888 0.05173205080756888 -0.04771301158894847
953 -0.05045243360374507 0.05168850519622881 -0.04911026529806979
954 -0.05168850519622867 -0.05045243360374522 -0.04911026529806946
955 -0.009971604460603967 0.03721453447995482 0.04323902605948491
956 -0.0001053916474270763 0.000741046578073029 0.04003633589924854
957 -0.05181576766497729 0.04818423233502271 0.02719837412398841
958 0.0007216878364870324 0.00125 -0.01360649731333493
959 -0.01951269148509307 -0.005228409925588285 0.018
960 -0.05243301270189221 0.04934807621135332 -0.02389062738141653
961 0.004994268434774253 0.01863886354521517 0.018
962 0.02809964290619348 0.007529276624317396 0.03320041474321339
963 0.05066996008109788 0.05250032506170024 0.02665264533854719
964 -0.007742144600789459 -0.02889407700969158 0.0344172273560859
965 -8.800272802797351e-05 0.0004533285774835815 0.02951863206846696
966 0.01906383040425835 0.005108137961464863 0.018
967 0.05173205080756887 0.05173205080756887 -0.02309833877165507
968 -0.05178108891324553 -0.04821891108675447 0.02673566154710911
969 0.04821891108675448 -0.05178108891324552 0.02664212284171478
970 -0.004943528355653174 -0.01844949899195523 0.018
971 0.04821891108675447 -0.05178108891324553 -0.02375315020697579
972 0.01982408400548487 -0.01982408400548488 0.0325853635107114
973 0.0118013680603201 -0.00316216704134519 0.011
974 -0.01782392976746973 0.01782392976746973 0.02986858125599728
975 -0.04934807621135331 -0.05243301270189223 -0.02389062738141635
976 0.07350214714391638 0.07350214714391638 0.00175
977 -0.07350214714391638 0.07350214714391638 0.00175
978 0.0001088197665449496 -0.0007294937881745822 0.02432362061690348
979 -0.01148891969116893 -0.003078446753154712 0.02715492794721364
980 0.009987470336003876 0.002676134610962012 0.02665837256770021
981 0.07351377945319683 -0.07351377945319683 0.00175
982 -0.07350214714391957 -0.07350214714391526 0.001750000000000147
983 0.0007216878364870324 0.00125 -0.007292178422994367
984 -0.009122188301690414 -0.002444282988642573 -0.008971264445756012
985 -0.04821891108675447 0.05178108891324553 0.01509779612189916
986 -0.06633030641114081 0.04562430758498194 0.01500360396035676
987 -0.008910227086058332 -0.00891022708605833 0.011
988 0.008704932251305761 0.008704932251305763 0.011
989 0.003036667528696267 -0.01133299750278919 0.011
990 0.04818423233502271 0.05181576766497729 0.01444671026450981
991 0.06616918094928786 0.03383081905071204 0.01816803105559722
992 0.07237994229575216 0.04400331253519794 0.00175
993 -0.008929600373089553 0.008929600373089552 0.011
994 -0.04821891108675447 0.05178108891324553 -0.01164689221343197
995 -0.06604758883896124 0.04570006153013355 -0.01139096953256614
996 -0.06847925580851731 0.05495150167062048 0.00175
997 -0.07048997813617698 0.02868595593666641 -0.001668972281467038
998 0.04465195370915563 0.04189315525539297 -0.01310668368221717
999 0.03627260492606552 0.06372739507393441 -0.01302516975539051
1000 -0.03065540218397241 0.06934459781602749 0.00175
1001 -0.06934459781602749 -0.03065540218397241 0.00175
1002 0.03065540218397241 -0.06934459781602749 0.00175
1003 0.01514352564497681 -0.0342643900148854 -0.0388388560470376
1004 -0.03728357598289464 0.0133382875447876 -0.0388388560470376
1005 0.05547725450920127 0.07044139211432432 0.00175
1006 -0.05547725450920181 -0.07044139211432635 0.00175
1007 -0.005048216573334378 0.005048216573334377 0.0255486323761465
1008 -0.03065540218397236 -0.06934459781602753 0.001749999999999979
1009 0.07419587727290827 -0.02328182059945735 0.001940390538679544
1010 -0.04934807621135332 -0.05243301270189222 0.01483136646602396
1011 -0.05178108891324554 -0.04821891108675447 -0.01164689221343189
1012 0.05243301270189221 -0.04934807621135332 0.01478635664227875
1013 0.07045054433123879 -0.05547970683833246 0.00175
1014 0.006188702337727788 -0.006188702337727792 -0.007693516415876725
1015 -0.05547725450920127 0.07044139211432432 0.00175
1016 -0.07044139211432393 -0.05547725450920116 0.00175
1017 0.05243301270189222 -0.04934807621135332 -0.01158061200224918
1018 0.05547970683833246 -0.07045054433123879 0.00175
1019 0.02949956797706885 0.07641372015966325 0.01417106645101811
1020 -0.0002207683778699131 0.0008239188029150804 0.0218911632182653
1021 0.00809578676097176 -0.008095786760971758 0.02582483138350816
1022 8.618733657310811e-05 4.638093101653134e-05 0.01800066731451884
1023 -0.04955944317121579 -0.006378278439735841 0.05295040442293487
1024 0.00565505869940286 0.005655058699402858 -0.005112215791825808
1025 0.0214310526341615 0.00337695061596842 -0.01991527865867487
1026 -0.007253403432757163 -0.001943543592184402 0.00700000000000001
1027 0.00196961916782362 0.007350718805879326 0.02469798111559954
1028 -0.0002173509077868646 -0.001221249692963269 -0.004676123823316228
1029 -0.005800566654908803 0.005800566654908813 -0.006476198003613935
1030 -0.05181576766497729 0.04818423233502271 0.009509480985528755
1031 0.06382772168857523 0.03075202838521946 0.001228672381230084
1032 -0.04631981034197519 -0.06373465478523782 0.00175
1033 -0.005680986424429759 0.0403259668053706 -0.0388388560470376
1034 0.007537584375155745 -0.007537584375155745 0.018
1035 -0.02294208061109076 -0.02739688448008105 -0.03717117269898846
1036 0.04822927405783631 0.05177072594216368 -0.005737057590788014
1037 0.06501024951383622 0.05402198423542217 0.01334759247577874
1038 -0.05243301270189221 0.04934807621135332 -0.005945580890951433
1039 -0.05598752954267227 0.0609056207072622 -0.0118085269203009
1040 0.00404652665736957 0.001084263549993182 0.02321379972866964
1041 0.009144517607060879 0.002031792425970245 0.006573209160743355
1042 -0.003195119575806355 0.01192434859316733 0.018
1043 -0.01192434859316733 0.003195119575806355 0.018
1044 0.06016255877040197 0.06016255877040197 -0.007684659809328566
1045 0.06401770196963188 0.05375603192250312 0.00175
1046 0.06246293779462323 -0.03460891564600599 0.001380319860966851
1047 0.06039586741939042 -0.04721443572035326 0.00175
1048 0.0006830127018922186 -0.001183012701892219 0.02126023981990895
1049 -0.001370037811602854 -0.005113050721192353 0.02307631795744537
1050 -0.002365441689588115 -0.008827948567884474 0.018
1051 -0.04311709601339293 0.06429561060565138 0.0007919760275472242
1052 -0.03582606967307213 0.05653117182212206 0.00919147630008393
1053 -0.03083976311538795 0.05622449942476786 -0.01148016895173869
1054 -0.001925508398617715 0.007186095174041944 0.00700000000000001
1055 0.002129906023018256 0.007948917493251152 0.011
1056 0.001424758450937405 0.0009658326600892954 0.003313804162182405
1057 0.007157253662334041 0.007157253662334039 0.018
1058 0.07019014664589414 0.03314267879061998 -0.02201330736236974
1059 -0.0001428743117538321 0.00173696453655232 0.003416108060818089
1060 0.02170060294969711 0.04040229976656362 0.03578099984909065
1061 0.04821891108675447 -0.05178108891324553 0.009289904599367507
1062 0.05741965889806195 -0.05741965889806195 0.009633839252458497
1063 0.04631981034197551 0.06373465478523667 0.00175
1064 -0.00377792057677993 -0.0010122907676171 0.02293508207043504
1065 0.000146522174281303 0.02284652726567166 -0.01991527865867487
1066 -0.007955407223231887 0.00213164494092569 0.011
1067 0.05240123512211908 0.005009172686898856 -0.05578821758439585
1068 0.04821891108675447 -0.05178108891324553 -0.005916859942328311
1069 0.05775002042049768 -0.05775002042049768 -0.006311575005082188
1070 -0.004613324663487921 -0.02198794274670994 -0.02241368907879728
1071 0.05178108891324553 0.04821891108675447 0.009232789542319084
1072 -0.05178108891324553 -0.04821891108675447 0.009309263977844462
1073 -0.05746974677975417 -0.05746974677975417 0.009661036654096957
1074 -0.00118301270189222 -0.0006830127018922196 0.02092607000774062
1075 -0.0008266000408039179 0.0002214868133969429 0.01810771219926753
1076 -0.005604261473637819 -0.005604261473637819 0.015
1077 -0.00214753494950202 -0.008014709542571453 0.011
1078 0.002051302068801831 -0.007655563542439642 0.015
1079 0.001251107785677791 0.0001749382794082378 0.01799374446463731
1080 0.005867174593069413 -0.005867174593069414 0.011
1081 0.001948463766321884 0.001581185118515215 0.015
1082 0.005338255101696551 0.001430381143490904 0.015
1083 0.007555799209395054 -0.002024570296329106 0.018
1084 0.002296309412178984 0.00179320377010837 0.007013101766965605
1085 0.002233575759994614 0.001394522838876787 0.01101928298741894
1086 0.00533825510169659 0.001430381143490915 0.011
1087 -0.0002207875577564467 -0.000823990383226107 0.01811404924428817
1088 0.0009858439182435167 0.001707531754730548 -0.004146089211497183
1089 -0.001552218020533426 -0.01236221525069468 0.0351295896901772
1090 -0.047258938647459 0.05433820755542981 -0.005121209833447532
1091 -0.02221928768422431 -0.008167113444979855 0.05018327469283251
1092 -0.04058951336049642 0.07104902989156694 -0.02519045773426499
1093 -0.05923146042410503 0.05923146042410503 0.00175
1094 0.05177072594216368 0.04822927405783631 -0.003799181573761247
1095 0.05501205192268547 0.05501205192268547 -0.004768119582274631
1096 0.05705908890467834 0.05705908890467834 0.00175
1097 0.01658121774653334 -0.05411770491201422 0.04477089499562911
1098 -0.06148629063390831 0.04692225770061504 -0.002649675229207781
1099 -0.05724740300103296 0.04275259699896701 0.00175
1100 0.07213524436054855 -0.0332270444798656 -0.02868257730410762
1101 -0.0002207683778699035 0.0008239188029150444 0.01819060512679839
1102 -0.001715164533643325 1.194057721372893e-05 0.003498552231805991
1103 -0.0008867041261206498 -0.001310674279158369 0.003450294242752033
1104 0.07316918491937099 -0.0344653273812429 0.03213765625621257
1105 0.02805215742178596 0.0319844002004903 -0.03540567518030178
1106 0.001641053732275447 -0.001307361364358658 0.003483274656137038
1107 -0.06373465478523645 -0.04631981034197556 0.00175
1108 0.05243301270189221 -0.04934807621135332 0.007217793459350365
1109 -0.07094939840141649 0.06848276608179929 -0.02427752140344723
1110 -0.0184054204099446 -0.06389123202605469 -0.04045820137296567
1111 0.001729989093617892 0.0002939291107474828 0.02096268600796132
1112 -0.001989336162543173 0.001412475999913276 0.01500279209354295
1113 -0.003634894449252065 0.003634894449252065 0.015
1114 -0.002529774539146019 -0.0004886571943937448 0.01496583939771849
1115 -0.004509441031002454 -0.001208301082572871 0.015
1116 -0.008783169260153647 -0.002353443110244013 0.01942595474056982
1117 -0.06313920343182654 0.06584880528126705 0.0219638134072548
1118 -0.03953333658292791 0.07020673498396873 0.03027595895611551
1119 -0.05265408133202717 -0.05990516637854525 0.00175
1120 -0.04721313076605377 -0.05742185121745855 0.00189766958166797
1121 0.05243301270189222 -0.04934807621135332 -0.003754348606959345
1122 -0.04859827858190335 -0.05258607241895662 0.008103011229586102
1123 -0.02005184400407092 -0.0625824952248127 0.03535285926489232
1124 -0.05744541979026117 -0.01891987106761305 -0.03330347202098025
1125 0.00443119732566602 0.00525022076183343 0.00700000000000001
1126 -0.01979595747504448 0.01154171799471103 -0.02389680533494248
1127 0.04631840400105025 -0.06373990332102246 0.00175
1128 0.01046656135396038 0.02226364246222746 0.05198202695386352
1129 -0.0002207683778699092 0.0008239188029150659 0.02039445114821834
1130 6.345456295269494e-05 -0.0004030388684376012 0.02024442367509901
1131 -0.05209149295498267 0.03017346960331574 -0.01491810413618398
1132 -0.006236084176656359 0.006236084176656359 0.01976665241100948
1133 0.05173205080756887 0.05173205080756887 -0.002231559104779799
1134 0.001001507736168172 0.003737677755552912 0.015
1135 0.001860838282268636 0.006944743014095789 0.018
1136 0.001001507736168172 0.003737677755552916 0.00700000000000001
1137 0.00100150773616817 0.003737677755552907 0.011
1138 -0.0450737583602767 0.02286013380129612 0.04372927512913639
1139 0.000577350269189621 -0.0005773502691896219 0.01822967042024664
1140 0.01780318117058979 0.05220055803248922 0.06843724386274505
1141 0.05422547443286253 -0.01030224868578093 0.05986422119423461
1142 -0.0304302929636272 -0.00831940608017334 -0.06678735937619604
1143 0.05779664323708972 -0.05370209646459562 0.001956545199638678
1144 -0.004621557177327356 -0.02843373094564014 -0.06437046761597112
1145 -0.0001100414490497958 -0.002027195291921405 0.01480142795870692
1146 -0.001209032026220762 -0.004512168949833847 0.015
1147 -0.02954931640114025 0.03901407683924312 -0.02262449764023149
1148 -0.03424344645496338 -0.05603347123103545 0.009150468982817793
1149 -0.01984361212493269 0.0249132446428981 -0.06673791264490771
1150 0.05212355967082635 0.057925232584428 0.009190535988187098
1151 0.05974309022923926 0.07384752896007775 0.0244055735721882
1152 0.01908551480062054 0.06524213799660375 -0.04407170527367361
1153 0.0009361426999052315 -0.002316083183389655 0.006969029594094547
1154 0.001927038831858549 -0.007191806828654335 0.00700000000000001
1155 0.003667000184169048 -0.003667000184169048 0.00700000000000001
1156 -0.00099825237668477 -0.003725528588563957 0.00700000000000001
1157 0.0007824342743443451 -0.002209075310783981 0.01100596055734586
1158 -0.0009982523766847672 -0.003725528588563945 0.011
1159 -0.002350416704024889 0.0005445208441984345 0.007066600368871653
1160 -0.002726050631567556 0.002726050631567557 0.00700000000000001
1161 -0.002360889751783914 0.0005316366288256997 0.01103443117955001
1162 -0.005009148673085919 -0.001342197341720795 0.011
1163 -0.002726050631567546 0.002726050631567546 0.011
1164 0.002092323442970287 -0.002090996342340775 0.01513244793428524
1165 0.004412372306223878 -0.001182291596158133 0.015
1166 0.002498680389709953 -0.0007005285095933857 0.0069610404687406
1167 0.002720778394355508 -0.0005376484389813885 0.01083965368455232
1168 0.003282684487065992 -0.002806852326052317 0.011
1169 0.003586743581341162 0.003586743581341162 0.01165643411065873
1170 0.00358674358134113 0.00358674358134113 0.01565643411065872
1171 0.04005627885502902 0.03144954187454409 0.0236194516773872
1172 -0.05442058882818866 0.05983440805030104 0.01220460501905087
1173 0.0600657118680223 0.047302900633719 0.00175
1174 -0.05567852623673607 -0.05567852623673607 0.00175
1175 0.02352106307874885 -0.06800948509032746 -0.04241812230246011
1176 -0.07278751638501556 0.03106844750951834 -0.0371989295435104
1177 0.02899844275539767 0.06824866193156615 0.03729752279893399
1178 0.02348113532737674 -0.02721260452581446 0.06754552130883927
1179 -0.001963059311862194 -0.001567021945803274 0.007031696936618211
1180 -0.003808390178740924 -0.003808390178740925 0.007722446151822367
1181 -0.002040478096088785 -0.001541736068898158 0.01104739824333911
1182 -0.02267815625701968 0.01887557769121483 0.06354118642051718
1183 0.05992953083699991 0.02059368983145748 0.04828484408525661
1184 -0.03049688241288696 0.03810645924555196 0.02342031467921843
1185 0.00351418424664551 -0.001451118512842039 0.02153147068509634
1186 0.04818423233502271 0.05181576766497729 0.007355906093962609
1187 0.0008623155256792693 0.001353518490915913 0.018
1188 -0.07252912417424602 0.03220366037877719 0.04020273096038453
1189 0.0007065012822763722 0.002636698681067981 0.02095753074993368
1190 -0.001519252538655011 -0.005669927663788531 0.018
1191 -0.01703998772093235 -0.005446184729986899 -0.0388388560470376
1192 -0.05140440342096347 -0.07615837391465621 0.02975650347581006
1193 -0.005671776346646683 -0.001519747891733913 0.018
1194 0.03095895587372472 0.04240062600774672 -0.01603601139568879
1195 -0.0004715342514307754 -0.0003776440468303254 0.01758041444717022
1196 -0.06164403161585483 -0.06314266281434674 -0.01348383668315703
1197 0.04822927405783632 0.05177072594216368 -0.001908451046734849
1198 -0.03801785697385415 -0.05314891053533526 -0.009359787352110035
1199 0.04360466225241283 -0.02337568698739446 -0.03462504854253254
1200 -0.05725108504651749 -0.04274891495348248 0.00175
1201 -0.06416451412661406 -0.03786786623543185 0.01802246276247679
1202 -0.05677854315886014 -0.04873546173335634 0.001683883261260235
1203 -0.0177697102015059 0.06552307098016749 0.06521351413313323
1204 -0.005210045845386552 0.06990826929123543 0.03341628352630378
1205 -0.01892589855272156 0.06214207265781301 -0.06596907486741733
1206 0.03576859024902391 0.05570028098688405 0.001105670450056403
1207 0.0558772844408852 -0.04412271555911478 0.00175
1208 -0.03594191083453148 -0.02471181849058623 0.03117886963771426
1209 -0.03926832893063829 -0.03335083959283243 0.01925274243801865
1210 -0.05775423707553231 0.04792225843769161 0.00175
1211 0.04274673667589611 -0.05725326332410386 0.00175
1212 0.03794210419693674 -0.06412541929718828 0.01796601372054115
1213 0.0479823668642937 -0.05670932561140231 0.001757871082942299
1214 0.03088361884840129 -0.04157833427335814 0.02058482876162308
1215 0.05218543597808588 -0.02913388353419299 0.01609010424918741
1216 0.02699286603877019 -0.01577347578346688 -0.06487121645824977
1217 -0.01927057334643753 -0.04096925471681659 0.06786026568909818
1218 0.0001626971144274453 0.0003106208616566251 -0.00294013946262088
1219 -0.002862179043211532 0.001413524342166038 -0.006540808803438848
1220 0.00043276431849065 0.000566971991100982 0.01835164589789419
1221 0.01212244050014215 0.02909762801315182 -0.06347512531578051
1222 -0.004940902130986248 0.001040488530594856 0.008195918133125231
1223 -0.002103227629326765 -0.007849352372530103 -0.004803330162665456
1224 0.001262463890171685 -0.004711579380841806 0.01161004621168227
1225 -0.004008073527184212 0.004008073527184212 0.018
1226 -0.03880764294438577 0.05662538157627132 0.001683020728173569
1227 -0.003406937170449108 0.01630252655614297 0.03706184851569283
1228 0.07245857220565122 0.07326531897602051 -0.03389441664292876
1229 0.006459696613263842 -0.001730870490874094 0.00907143241190842
1230 -0.05686381021924927 0.05183915240524836 -0.002728185281266725
1231 0.0475665533536992 0.02485941086201945 -0.02651887808228167
1232 0.001262463890171686 -0.00471157938084181 0.006389953788317737
1233 0.06630406678025264 -0.0001684261343723771 -0.02550864589289796
1234 -0.001582394612951787 0.001883870590514826 0.00335292369997966
1235 0.03600823734225807 -0.03993363642128804 -0.01483500507465204
1236 -0.00441932846619596 0.001799203083054405 0.01154745774807454
1237 -0.06488427155444038 0.004711610841567775 -0.06212784792585739
1238 -0.02564126385105314 -0.01438535170166325 -0.01883568345178337
1239 0.06979884078974226 -0.04360493397511271 -0.01365876267178159
1240 0.0735236746417755 -0.07017193757123019 -0.03152864155685003
1241 0.0739708589758404 -0.04530188480948171 0.01694021760257537
1242 0.07254477442451274 -0.06924779126961887 0.0336645178805711
1243 0.07550964119732936 0.05600020579085697 0.03935773973518785
1244 0.04269332480183102 -0.07829760867683715 -0.02097269505553677
1245 -0.07662422969164194 -0.06226802241127623 0.03063321987366331
1246 0.03666959308724527 0.02807744725359164 0.06681747215990876
1247 -0.0759093236698873 -0.04184320501442886 -0.02191352933053459
1248 0.06187298654090032 -0.04250617261497767 0.01222068300415269
1249 -0.003867314962504017 -0.003861943703524676 0.01858764868298278
1250 0.001447960571682507 -0.005403862420875625 0.018
1251 0.004827260203414176 -0.004827260203414176 0.02064389280674044
1252 -0.001856893759768891 0.001856893759768891 0.02079701990838954
1253 0.0004852070364913442 0.0005444231313817449 0.01758767734546635
1254 0.05168850519622864 0.05045243360374521 0.005818179653638089
1255 0.00247340997587376 -0.0001015188281100899 0.01494432878091825
1256 0.05731289464142101 -0.04348581909770913 -0.007746537130898282
1257 0.05574341858914413 0.04425658141085585 0.00175
1258 -0.05966177599279461 -0.02833263732147519 0.04225545201640197
1259 0.04792151514129823 0.05775701109543751 0.00175
1260 -0.06193630418371293 0.02917253930927782 0.07071885214442994
1261 0.04870610082040732 -0.0285032579533682 0.03775067825967748
1262 -0.04191650931725394 -0.05495861401909315 0.005089551922991579
1263 -0.04537346447372733 0.05462653552627265 0.008636823588435691
1264 0.001207592776424185 0.002162557814822475 0.003671498651047499
1265 0.0006719616190446279 -0.002061837058507653 0.003493442324777262
1266 -0.04509613460091948 0.001051037693219035 0.0266222551186017
1267 -0.05247685912662612 0.059342774461169 0.000686764198618947
1268 0.0113229282764948 0.01694475587576244 -0.0388388560470376
1269 0.004154334516439265 -0.004389147117907137 0.01576626585548556
1270 0.07678518827902731 0.01076509134965372 0.0003971083147296811
1271 -0.05243301270189221 0.05065192378864668 -0.00228682435339777
1272 -0.05420711494712227 0.04579288505287771 -0.002616940079040812
1273 -0.0008266000408039337 0.0002214868133969471 0.01993059063400452
1274 -0.0571707701916388 0.02530515489625228 0.02337094436001184
1275 0.002909561452977308 -0.000779614641653994 -0.004021040222647973
1276 0.01614261299974202 -0.005084600223055657 0.04081564459796507
1277 0.01719670112393863 -0.01050478848571074 -0.0388388560470376
1278 -0.05659709331328983 0.0517676858256888 0.00175
1279 0.05017042710559121 0.05915938131023273 -0.01439591418058691
1280 0.04512302424336706 0.07373873339664704 -0.03540567518030176
1281 -0.001255035101485097 0.003620657072209779 0.015
1282 -0.00242823645520618 0.006424010558242614 0.01243394891013612
1283 0.004024424135299483 0.004024424135299482 0.0211351222751229
1284 0.05420350936046105 -0.0297302117845305 -0.018021486480854
1285 -0.05172129202618473 -0.05642394929638446 0.005269613522793321
1286 0.04752361886175865 -0.07432731483399815 0.04033816826541033
1287 0.05968941684917787 0.043247290678413 -0.007416186833972506
1288 0.0003391970818196424 -0.0002482561753268244 0.01753612477939831
1289 0.003632725347308706 0.003947540331503469 0.0039277776320076
1290 0.02590129464984467 0.004227122168975007 0.06348615208781336
1291 -0.03911559938728053 -0.03117698120172799 -0.02054061646097025
1292 0.0273885817224028 0.05182696520193204 0.02232826259637141
1293 -0.06883780394279768 0.05450027413292534 0.0406644773711931
1294 0.06605100855446486 -0.003252090552506703 0.02724178263999716
1295 0.005427648537344841 0.001454334042381506 0.018
1296 0.0213998624272897 -0.04773727264760908 -0.06784101812009734
1297 0.05045243360374521 -0.05168850519622863 0.005325251896795469
1298 0.05056928339536994 -0.05981680090294089 0.005964418789583983
1299 -0.04797085144718687 0.05757288549520333 -0.001946319686286903
1300 -0.008514437914191632 0.03598369156516937 0.02111657308845954
1301 -0.0004936148775762299 0.002236383394779845 0.011
1302 -0.001184116046316069 0.004419181246909173 0.0115437019738576
1303 0.00277945753946702 -2.528865451430504e-05 0.003424218162765229
1304 0.002363859796947003 -0.01063632952434792 -0.01991527865867486
1305 0.01976581081281228 -0.02481239686899667 -0.01848930227250932
1306 -0.000683012701892219 -0.001183012701892218 0.02003670007928972
1307 -0.007120510030213563 0.001268585257301528 0.02165905791218893
1308 -0.002322638394143423 -0.001407959104488227 0.003444062544333008
1309 0.06493597621451212 -0.02271478324276607 -0.0563173442382356
1310 0.0007442414985673875 0.001140662762774681 0.02001867505991544
1311 0.04934807621135332 -0.05243301270189221 -0.002272711843129465
1312 -0.0002708893640409076 0.0002781300554198175 0.01756612416471903
1313 0.03243203146026975 -0.05902989260040114 -0.01461927707227856
1314 -0.07069631011587847 0.03603015072061908 -0.06943237900660457
1315 -0.0003291545152420352 2.017854204242853e-05 0.01845287282001052
1316 -0.07273132297544499 0.004827358999732055 -0.01834949829072824
1317 -0.05011419788177274 0.05334283999327934 0.006317711925012961
1318 0.05761263476208748 0.05203979933677447 0.00175
1319 -0.05225574654190978 -0.05062343839272713 0.005260651709584779
1320 -0.05982469619744727 -0.04975077622606324 0.007194023810679044
1321 -0.05621954158713596 -0.07559570667972981 -0.03786817103221699
1322 -0.003993225686637823 0.003993225686637823 0.00476221221437186
1323 -0.003737933982155378 -0.003737933982155378 0.01173802085134631
1324 0.04657763837521973 -0.05342236162478026 0.005714406676914475
1325 -0.03159480121230829 -0.0360534710026427 -0.06245881189076196
1326 -0.03308323777806673 -0.06892445433574304 -0.07059309697660686
1327 0.01153728367238331 0.01730185439026705 0.03224530835053917
1328 -0.007654069685006075 0.01326565106683615 -0.0388388560470376
1329 0.05804686777776479 0.07946938362128941 -0.01828966780780143
1330 -0.04566014020351263 0.03622533084644581 0.01835392755475859
1331 0.05176807321874138 0.05659853908384457 0.00175
1332 0.07376986444865929 0.0290289800703735 -0.05376138775302103
1333 0.0323919059565527 -0.06971750694984721 0.06997700045341393
1334 -0.03373917926487333 0.04325905326053362 0.07448610949642086
1335 0.07301099651048761 0.0543273042410591 -0.02383842242497461
1336 -0.04336431836626324 -0.07737531236640072 -0.01708909975277454
1337 0.0006830127018922186 -0.001183012701892219 0.01996704490741064
1338 0.0008707877202312011 0.001637056229524508 0.01457728833258983
1339 -0.008713824166809166 0.07072689770394273 -0.02898321596435392
1340 -0.006679411422958052 -0.00178974289669682 -0.003630360030103679
1341 -0.04056342867490614 -0.04591849788895342 0.01102733688709814
1342 0.004934024547662854 -0.00132206789298159 0.006403935930831324
1343 -0.00381032735008455 0.03675068189850451 0.0690864117537781
1344 0.0008239903832261215 -0.0002207875577564505 0.01983592672981267
1345 -0.02777139848910181 0.05299699105951729 0.0418257424993619
1346 -0.06994111745308892 0.06994111745308892 0.06809169803203581
1347 -0.05458729564640655 -0.03017898148062874 0.07390474831329864
1348 -0.05343472624246006 -0.04656527375753993 0.005724808953965401
1349 0.03065350261766224 0.05401025354832024 -0.07191623759966657
1350 0.05181801773791547 -0.05678493456696186 -0.001368264585784858
1351 -0.001387071071863042 -0.0008008258567252694 0.01800000000000001
1352 -0.005314349125701667 0.001423975556528798 0.018
1353 -0.001423975556528797 0.005314349125701669 0.018
1354 0.00462445522774928 0.001239119043709297 0.007224082822569915
1355 0.06496637829956811 0.03815859750972103 0.07288740259482164
1356 0.06917947025102124 0.0695535939770274 0.06774855372711493
1357 0.00450267921681761 -0.003669787550262808 0.02608541339458861
1358 0.07493305378182186 -0.03313690755040755 0.06304866096307751
1359 0.001506472507921428 0.00562223193976851 0.004665243532722791
1360 -0.02673148968631326 -0.05379003795042962 -0.02185323058782331
1361 -0.006094041923669542 -0.04443652634227993 -0.03209886656264855
1362 0.001574357155936444 -0.07283212421751922 -0.01652142791727725
1363 0.0006746229157968857 0.002024315098696355 0.0159478088766306
1364 -0.0007292490962836432 0.002272442646041601 0.007056544836924782
1365 -0.001184116046316073 0.004419181246909188 0.007543701973857609
1366 0.05665191541146992 -0.04821762463737647 0.004854566929937302
1367 -0.04484154776345864 0.03390686829233246 -0.03752360553725802
1368 0.002777750992669537 0.001592913539022 0.003394208646885797
1369 0.005150024246824097 0.001379944837937211 0.004462959521880239
1370 0.005420974553668708 0.007794338451534611 0.034589724037207
1371 -0.01005928982574934 0.004191418987747477 -0.01991527865867487
1372 -0.04973580470788275 0.05296376177478886 -0.0007056398624500455
1373 0.001047059648440901 0.003119180644740792 0.02491975133334486
1374 0.05665242529728537 -0.04821748801388399 -0.001371173415579485
1375 0.07036111735043744 0.07036111735043737 -0.06545348998775306
1376 0.05208115246523685 0.03922192950496462 0.02073469051775765
1377 -0.05163987293928952 -0.05612008912738568 0.00175
1378 0.0001506371610750213 0.0003010900937670075 0.01979178777036624
1379 0.06095454520886401 0.03972772765063654 0.0397396678622328
1380 0.0673846312287664 -0.07385278216110523 0.06298801862440662
1381 0.007550614151889495 -0.001526212815440625 0.03484821415539149
1382 0.0002086018190064965 -0.004695898190333868 -0.01044933786816465
1383 -0.06931274268260869 0.06818892084500287 -0.0693127426826088
1384 0.04005277536982502 0.02974338146952349 -0.060688992655869
1385 0.0008272002769945865 0.005257669276282532 0.01384699083617151
1386 0.00217109282716041 0.0006257087765919322 0.018
1387 -0.05243301270189222 -0.04934807621135332 -0.005109710923788854
1388 -0.0512736121294077 -0.05475318517608547 -0.003761345449769667
1389 -0.0002173509077868646 -0.001221249692963269 -0.00252991087283419
1390 -0.001134514425317439 -0.004234065477204483 -0.003603017348075208
1391 -0.04346010936591009 0.06834915892930504 0.07287089167330836
1392 -0.03270468099435801 -0.04531853652437046 0.0360236658365117
1393 0.04694919457687156 -0.06401841893740126 -0.01192376614343536
1394 0.05177072594216368 0.04822927405783632 -0.001078089084859242
1395 -0.0004717382298682597 0.002303938482055482 0.01499741921951008
1396 -0.02882165944653465 -0.07124048471196293 0.06476818101846799
1397 -0.001540614242363315 -0.005749650627364154 0.004614288901240561
1398 -0.07360802762678896 -0.006479002097102156 0.02178483715444855
1399 0.02119284134083836 0.02895152556617716 0.02021577092936629
1400 -0.02734107022559197 0.04854453258287936 -0.04433067671754452
1401 -0.06219722511353357 -0.02701287276279581 -0.06920901728050263
1402 0.03626466315888095 0.07490912141900723 0.06505993777266682
1403 0.000330198887458883 3.567444639843555e-06 0.01850792516363901
1404 -0.03580514545130357 0.05399463216297633 0.02656515771388531
1405 0.008811739035989594 0.0167969081157377 0.07587666027902061
1406 0.0005173097300290733 0.008545754368870905 -0.01044933786816465
1407 -0.01292527139929296 0.008582149023522974 0.05126208757808316
1408 0.0007641531263772911 -0.002851858292402655 0.02061364236365979
1409 0.006192813963108964 0.001659359500291228 -0.002566459947955442
1410 0.002540529370126275 -0.02422585439058805 0.05580963334679168
1411 0.004544625747380331 -0.005074128248488225 -0.001696214316427001
1412 0.07085366293765039 -0.07085366293765046 -0.06337097872489789
1413 0.04104061179310781 -0.07037864592344399 -0.06665153280478027
1414 0.0008203642353035653 -0.07245036487699513 -0.06494767936164038
1415 -0.04556628378703225 0.03018296988304842 -0.06368388573873779
1416 -0.02107399007054688 -0.004065133266823658 0.07597867745419938
1417 0.01510156984581614 0.0009400696930348531 -0.0100426792156519
1418 0.01379066155173677 0.0160522735306883 -0.0132368623061877
1419 -0.06397990992399853 -0.07211696296811126 -0.06786659284573419
1420 -0.004605224146517766 -0.001233966091023736 0.006715289018545359
1421 -0.08014542415026985 0.02123741279573597 0.01277522320391562
1422 -0.0006155303572967534 -0.01267172226353429 -0.03754020682442998
1423 0.04530768681751868 -0.0546923131824813 -0.001294521381060043
1424 -0.003908183727062346 0.001246141931212647 0.015
1425 -0.0572470547396744 0.07582779431924593 0.04720608153019369
1426 0.003701211176089336 0.0009917365456501809 0.018
1427 -0.0187195043051518 0.006904117379702816 -0.01000509125418847
1428 -0.04688215375930911 -0.06291765143527993 0.01268719252028867
1429 0.0630785407030362 -0.05596249335859167 0.02413936442317002
1430 -0.003032376561091852 0.000812522850691625 0.003568038608879331
1431 -0.005367845011755241 0.00143830973599524 0.004922794482958659
1432 -0.0400242199278336 0.003267690858692269 -0.01732986558437017
1433 -0.01200578034390703 0.006040538826950949 0.03694467678695933
1434 0.02356142395927314 0.007805536913414603 -0.05827855162740539
1435 0.001127081925606403 -0.00420632701065568 0.01529364270899608
1436 0.05243301270189222 -0.05065192378864668 -0.001217912409544029
1437 0.0008759751521413488 0.002233246071374487 0.007736773181997845
1438 0.0007656933157034081 0.002262684567887703 0.006128025451136707
1439 0.0007989943683785833 0.002212691019066577 0.0101326358450974
1440 0.001094664477839064 0.002365077247165949 0.01180585067949498
1441 0.001393082260688404 -0.06453248824445422 0.07024115402878149
1442 0.05649558054980035 -0.03897732749925605 0.02528512430379393
1443 0.001328152495911842 0.004956732594942432 0.00900000000000001
1444 -0.03794984794929046 -0.05778853644107156 0.02600346668513565
1445 0.01012178034983344 -0.07003276372070034 0.02178337723246011
1446 0.001671393726729136 2.067139578353577e-05 0.003712424031978609
1447 0.04939012922254265 0.05227606872752237 0.004749840558219686
1448 -0.00441685451789193 -0.001183492601154893 0.003891685435165277
1449 0.0007619068588188532 -0.002843475107747171 0.01431996780417811
1450 0.01100413478469493 -0.02409658805101378 0.01877341402291553
1451 -0.001376438472746258 -0.00152987101438591 0.01538282470658733
1452 -0.002700924154210142 -0.002700924154210142 0.01487816316243796
1453 -0.03856116322560686 -0.01197401187991772 -0.04518646805558657
1454 0.06071371269804693 0.04464265328400552 -0.07415836880048284
1455 -0.001507315731332534 0.001375209699791949 0.018
1456 0.006204362686699688 0.05433504718589328 0.04758982872092453
1457 -0.0006997522785452113 -0.002611511056242817 0.003881305099029011
1458 0.001011124113124873 -0.00377356656294006 0.003253244871839376
1459 0.002406829712759336 0.001433710946759392 0.02080656585586376
1460 -0.05647273333159149 -0.06165037770826756 0.02358482503577971
1461 0.0627419872672815 0.05148149000485078 -0.01666527290988537
1462 -0.005737122480512592 -0.004618638560882087 -0.07696652265708498
1463 -0.003641994687897825 0.003641994687897825 0.009000000000000011
$EndNodes
$Elements
6766
1 4 2 1 1 77 62 76 67
2 4 2 1 1 68 77 101 78
3 4 2 1 1 103 79 69 78
4 4 2 1 1 70 105 80 79
5 4 2 1 1 81 107 80 71
6 4 2 1 1 82 109 81 72
7 4 2 1 1 45 80 71 70
8 4 2 1 1 77 68 48 67
9 4 2 1 1 47 69 68 78
10 4 2 1 1 69 46 70 79
11 4 2 1 1 72 44 81 71
12 4 2 1 1 61 76 62 110
13 4 2 1 1 108 109 82 111
14 4 2 1 1 17 87 16 110
15 4 2 1 1 65 76 75 110
16 4 2 1 1 99 61 97 110
17 4 2 1 1 84 102 104 111
18 4 2 1 1 105 80 45 70
19 4 2 1 1 45 80 107 71
20 4 2 1 1 62 77 48 67
21 4 2 1 1 101 47 68 78
22 4 2 1 1 79 69 46 103
23 4 2 1 1 81 44 107 71
24 4 2 1 1 81 109 44 72
25 4 2 1 1 46 105 70 79
26 4 2 1 1 69 47 103 78
27 4 2 1 1 48 68 77 101
28 4 2 1 1 83 82 73 111
29 4 2 1 1 84 110 102 111
30 4 2 1 1 75 64 65 110
31 4 2 1 1 75 76 61 110
32 4 2 1 1 27 50 49 110
33 4 2 1 1 19 58 56 111
34 4 2 1 1 18 19 56 111
35 4 2 1 1 17 52 28 110
36 4 2 1 1 17 54 52 110
37 4 2 1 1 17 66 87 110
38 4 2 1 1 50 27 28 110
39 4 2 1 1 50 28 52 110
40 4 2 1 1 45 80 105 107
41 4 2 1 1 107 109 44 81
42 4 2 1 1 46 105 79 103
43 4 2 1 1 103 47 101 78
44 4 2 1 1 101 77 48 62
45 4 2 1 1 83 108 82 111
46 4 2 1 1 6 89 92 101
47 4 2 1 1 90 104 30 94
48 4 2 1 1 97 99 4 61
49 4 2 1 1 97 2 92 61
50 4 2 1 1 35 107 98 91
51 4 2 1 1 29 93 89 101
52 4 2 1 1 33 107 91 95
53 4 2 1 1 109 96 36 98
54 4 2 1 1 25 26 51 67
55 4 2 1 1 51 53 25 68
56 4 2 1 1 24 25 53 68
57 4 2 1 1 55 24 69 23
58 4 2 1 1 55 24 53 69
59 4 2 1 1 23 55 57 70
60 4 2 1 1 57 22 23 70
61 4 2 1 1 21 22 59 71
62 4 2 1 1 22 57 59 71
63 4 2 1 1 59 60 21 72
64 4 2 1 1 60 20 21 72
65 4 2 1 1 63 86 75 110
66 4 2 1 1 85 17 84 111
67 4 2 1 1 83 73 74 111
68 4 2 1 1 88 84 104 111
69 4 2 1 1 16 102 84 110
70 4 2 1 1 17 16 84 110
71 4 2 1 1 96 36 108 109
72 4 2 1 1 101 92 6 62
73 4 2 1 1 62 92 2 61
74 4 2 1 1 107 109 35 98
75 4 2 1 1 94 104 30 102
76 4 2 1 1 29 93 101 103
77 4 2 1 1 107 33 105 95
78 4 2 1 1 16 104 84 102
79 4 2 1 1 61 62 37 110
80 4 2 1 1 92 37 97 61
81 4 2 1 1 91 107 45 95
82 4 2 1 1 108 43 109 111
83 4 2 1 1 40 104 90 94
84 4 2 1 1 93 95 46 103
85 4 2 1 1 109 43 96 98
86 4 2 1 1 89 93 47 101
87 4 2 1 1 98 107 44 91
88 4 2 1 1 92 89 48 101
89 4 2 1 1 3 63 86 75
90 4 2 1 1 88 85 84 111
91 4 2 1 1 64 86 66 110
92 4 2 1 1 83 88 106 111
93 4 2 1 1 104 88 15 84
94 4 2 1 1 61 75 3 76
95 4 2 1 1 87 66 86 110
96 4 2 1 1 45 57 55 70
97 4 2 1 1 45 59 57 71
98 4 2 1 1 88 74 85 111
99 4 2 1 1 53 51 47 68
100 4 2 1 1 55 47 69 53
101 4 2 1 1 60 44 72 59
102 4 2 1 1 107 105 45 95
103 4 2 1 1 37 92 62 61
104 4 2 1 1 48 37 62 67
105 4 2 1 1 45 46 105 70
106 4 2 1 1 44 45 107 71
107 4 2 1 1 44 109 107 98
108 4 2 1 1 101 93 47 103
109 4 2 1 1 94 40 104 102
110 4 2 1 1 95 105 46 103
111 4 2 1 1 96 108 43 109
112 4 2 1 1 101 48 92 62
113 4 2 1 1 97 61 37 110
114 4 2 1 1 68 48 47 101
115 4 2 1 1 69 47 46 103
116 4 2 1 1 43 44 109 72
117 4 2 1 1 61 1 62 76
118 4 2 1 1 5 77 101 62
119 4 2 1 1 103 101 9 78
120 4 2 1 1 79 105 10 103
121 4 2 1 1 105 80 11 107
122 4 2 1 1 12 109 107 81
123 4 2 1 1 13 82 108 109
124 4 2 1 1 17 110 84 111
125 4 2 1 1 108 96 43 111
126 4 2 1 1 86 64 75 110
127 4 2 1 1 86 7 87 110
128 4 2 1 1 108 82 13 83
129 4 2 1 1 109 12 82 81
130 4 2 1 1 107 80 11 81
131 4 2 1 1 10 80 105 79
132 4 2 1 1 9 79 103 78
133 4 2 1 1 101 77 5 78
134 4 2 1 1 62 1 77 76
135 4 2 1 1 94 40 102 110
136 4 2 1 1 65 64 27 110
137 4 2 1 1 88 14 83 106
138 4 2 1 1 74 73 19 111
139 4 2 1 1 104 40 90 111
140 4 2 1 1 40 104 102 111
141 4 2 1 1 15 88 104 111
142 4 2 1 1 15 106 88 111
143 4 2 1 1 86 63 7 110
144 4 2 1 1 83 74 88 111
145 4 2 1 1 37 48 51 67
146 4 2 1 1 46 45 55 70
147 4 2 1 1 45 44 59 71
148 4 2 1 1 40 102 110 111
149 4 2 1 1 51 48 47 68
150 4 2 1 1 47 55 69 46
151 4 2 1 1 44 60 72 43
152 4 2 1 1 38 99 97 110
153 4 2 1 1 96 100 42 111
154 4 2 1 1 46 45 105 95
155 4 2 1 1 48 37 92 62
156 4 2 1 1 107 45 44 91
157 4 2 1 1 64 66 28 110
158 4 2 1 1 74 18 85 111
159 4 2 1 1 109 44 43 98
160 4 2 1 1 89 47 48 101
161 4 2 1 1 93 46 47 103
162 4 2 1 1 61 3 1 76
163 4 2 1 1 77 5 1 62
164 4 2 1 1 101 5 9 78
165 4 2 1 1 10 9 79 103
166 4 2 1 1 11 10 80 105
167 4 2 1 1 11 12 107 81
168 4 2 1 1 82 13 12 109
169 4 2 1 1 108 13 14 83
170 4 2 1 1 93 31 95 103
171 4 2 1 1 4 2 97 61
172 4 2 1 1 99 8 4 63
173 4 2 1 1 92 2 6 62
174 4 2 1 1 108 34 36 96
175 4 2 1 1 6 29 89 101
176 4 2 1 1 94 30 8 102
177 4 2 1 1 36 35 109 98
178 4 2 1 1 107 35 33 91
179 4 2 1 1 94 99 39 110
180 4 2 1 1 15 16 104 84
181 4 2 1 1 7 3 63 86
182 4 2 1 1 14 15 106 88
183 4 2 1 1 41 100 90 111
184 4 2 1 1 31 105 95 103
185 4 2 1 1 17 28 66 110
186 4 2 1 1 18 17 85 111
187 4 2 1 1 40 110 54 111
188 4 2 1 1 97 37 38 110
189 4 2 1 1 104 30 32 90
190 4 2 1 1 106 32 34 100
191 4 2 1 1 43 96 42 111
192 4 2 1 1 18 74 19 111
193 4 2 1 1 28 27 64 110
194 4 2 1 1 38 49 50 110
195 4 2 1 1 94 39 40 110
196 4 2 1 1 52 54 40 110
197 4 2 1 1 105 33 31 95
198 4 2 1 1 29 31 93 103
199 4 2 1 1 38 37 49 110
200 4 2 1 1 41 90 40 111
201 4 2 1 1 42 58 43 111
202 4 2 1 1 54 56 41 111
203 4 2 1 1 50 52 39 110
204 4 2 1 1 40 39 52 110
205 4 2 1 1 38 39 99 110
206 4 2 1 1 56 58 42 111
207 4 2 1 1 42 100 41 111
208 4 2 1 1 41 40 54 111
209 4 2 1 1 39 38 50 110
210 4 2 1 1 41 56 42 111
211 4 2 1 1 36 13 108 109
212 4 2 1 1 11 33 105 107
213 4 2 1 1 12 35 107 109
214 4 2 1 1 5 6 62 101
215 4 2 1 1 30 16 102 104
216 4 2 1 1 9 29 101 103
217 4 2 1 1 1 2 61 62
218 4 2 1 1 10 31 103 105
219 4 2 1 1 110 16 7 87
220 4 2 1 1 110 7 16 102
221 4 2 1 1 18 54 111 56
222 4 2 1 1 70 71 57 22
223 4 2 1 1 70 57 71 45
224 4 2 1 1 67 68 51 25
225 4 2 1 1 67 51 68 48
226 4 2 1 1 68 69 53 24
227 4 2 1 1 68 53 69 47
228 4 2 1 1 69 70 55 23
229 4 2 1 1 69 55 70 46
230 4 2 1 1 71 72 59 21
231 4 2 1 1 71 59 72 44
232 4 2 1 1 51 37 26 49
233 4 2 1 1 51 26 37 67
234 4 2 1 1 111 17 54 18
235 4 2 1 1 111 54 17 110
236 4 2 1 1 14 34 83 106
237 4 2 1 1 14 83 34 108
238 4 2 1 1 83 34 111 106
239 4 2 1 1 83 111 34 108
240 4 2 1 1 111 34 100 106
241 4 2 1 1 15 32 111 104
242 4 2 1 1 15 111 32 106
243 4 2 1 1 100 32 111 106
244 4 2 1 1 7 8 110 63
245 4 2 1 1 7 110 8 102
246 4 2 1 1 99 110 8 63
247 4 2 1 1 26 65 37 67
248 4 2 1 1 76 62 37 67
249 4 2 1 1 37 62 76 110
250 4 2 1 1 65 76 37 67
251 4 2 1 1 37 76 65 110
252 4 2 1 1 43 109 82 72
253 4 2 1 1 82 109 43 111
254 4 2 1 1 73 43 82 72
255 4 2 1 1 82 43 73 111
256 4 2 1 1 19 58 73 20
257 4 2 1 1 19 73 58 111
258 4 2 1 1 43 58 73 111
259 4 2 1 1 27 65 37 26
260 4 2 1 1 37 65 27 110
261 4 2 1 1 37 49 27 26
262 4 2 1 1 27 49 37 110
263 4 2 1 1 3 4 99 61
264 4 2 1 1 3 99 4 63
265 4 2 1 1 110 3 99 61
266 4 2 1 1 110 99 3 63
267 4 2 1 1 75 3 110 61
268 4 2 1 1 75 110 3 63
269 4 2 1 1 58 60 73 20
270 4 2 1 1 58 73 60 43
271 4 2 1 1 72 73 60 20
272 4 2 1 1 72 60 73 43
273 4 2 1 1 111 34 96 100
274 4 2 1 1 96 34 111 108
275 4 2 1 1 32 111 90 100
276 4 2 1 1 32 90 111 104
277 4 2 1 1 110 8 94 99
278 4 2 1 1 110 94 8 102
279 4 2 2 2 353 911 912 1159
280 4 2 2 2 341 888 887 1159
281 4 2 2 2 888 341 887 1161
282 4 2 2 2 365 936 935 1161
283 4 2 2 2 946 1060 963 1171
284 4 2 2 2 798 809 810 1114
285 4 2 2 2 935 934 923 1114
286 4 2 2 2 338 340 1156 1158
287 4 2 2 2 252 1306 1074 1408
288 4 2 2 2 367 935 1112 1114
289 4 2 2 2 243 1112 810 1114
290 4 2 2 2 125 1024 124 1088
291 4 2 2 2 995 996 503 997
292 4 2 2 2 312 1206 311 1447
293 4 2 2 2 611 476 509 947
294 4 2 2 2 506 1023 480 1260
295 4 2 2 2 798 810 1112 1114
296 4 2 2 2 935 923 1112 1114
297 4 2 2 2 963 990 1019 1150
298 4 2 2 2 476 501 509 947
299 4 2 2 2 974 1407 1138 1433
300 4 2 2 2 897 909 898 1103
301 4 2 2 2 1092 953 1205 1400
302 4 2 2 2 433 1257 1031 1287
303 4 2 2 2 1017 1069 971 1239
304 4 2 2 2 946 963 1060 1292
305 4 2 2 2 806 805 794 818
306 4 2 2 2 295 296 1278 1317
307 4 2 2 2 1138 1407 1091 1433
308 4 2 2 2 506 582 1023 1260
309 4 2 2 2 367 934 935 1114
310 4 2 2 2 809 243 810 1114
311 4 2 2 2 883 338 884 1153
312 4 2 2 2 908 350 907 1153
313 4 2 2 2 338 883 884 1157
314 4 2 2 2 932 931 362 1157
315 4 2 2 2 1208 1347 1258 1392
316 4 2 2 2 874 1161 886 1181
317 4 2 2 2 922 934 1161 1181
318 4 2 2 2 662 655 654 1218
319 4 2 2 2 946 1060 1171 1246
320 4 2 2 2 874 886 1159 1179
321 4 2 2 2 910 898 1159 1179
322 4 2 2 2 995 1109 960 1176
323 4 2 2 2 1046 1207 432 1284
324 4 2 2 2 865 325 331 1108
325 4 2 2 2 611 509 586 947
326 4 2 2 2 926 1081 916 1255
327 4 2 2 2 300 301 1173 1394
328 4 2 2 2 611 466 476 947
329 4 2 2 2 1023 1188 1138 1274
330 4 2 2 2 494 1188 1023 1398
331 4 2 2 2 367 935 365 1112
332 4 2 2 2 810 243 241 1112
333 4 2 2 2 1023 1138 1266 1274
334 4 2 2 2 333 878 880 1085
335 4 2 2 2 801 233 803 1081
336 4 2 2 2 904 345 902 1084
337 4 2 2 2 878 333 880 1084
338 4 2 2 2 926 357 928 1085
339 4 2 2 2 966 972 1021 1034
340 4 2 2 2 611 601 466 947
341 4 2 2 2 187 41 188 1059
342 4 2 2 2 128 657 651 1218
343 4 2 2 2 1182 1260 1023 1416
344 4 2 2 2 983 1014 958 1024
345 4 2 2 2 792 804 1164 1255
346 4 2 2 2 846 259 260 1378
347 4 2 2 2 621 1205 953 1383
348 4 2 2 2 963 1171 1060 1292
349 4 2 2 2 1023 1188 480 1260
350 4 2 2 2 935 923 924 1112
351 4 2 2 2 799 798 810 1112
352 4 2 2 2 971 1235 1003 1313
353 4 2 2 2 960 1109 953 1176
354 4 2 2 2 1200 1209 1201 1348
355 4 2 2 2 839 843 842 1378
356 4 2 2 2 951 1191 1304 1371
357 4 2 2 2 960 1092 994 1147
358 4 2 2 2 334 1153 882 1166
359 4 2 2 2 346 906 1153 1166
360 4 2 2 2 882 1157 334 1167
361 4 2 2 2 358 1157 930 1167
362 4 2 2 2 309 308 1173 1254
363 4 2 2 2 995 1131 997 1316
364 4 2 2 2 1025 1067 1231 1233
365 4 2 2 2 537 1100 948 1240
366 4 2 2 2 953 1109 636 1383
367 4 2 2 2 354 352 769 1308
368 4 2 2 2 967 952 1105 1152
369 4 2 2 2 346 905 906 1166
370 4 2 2 2 334 882 881 1166
371 4 2 2 2 882 334 881 1167
372 4 2 2 2 929 358 930 1167
373 4 2 2 2 318 316 324 1143
374 4 2 2 2 877 888 876 1301
375 4 2 2 2 924 936 925 1301
376 4 2 2 2 971 1003 948 1175
377 4 2 2 2 995 997 503 1316
378 4 2 2 2 952 1228 1335 1375
379 4 2 2 2 145 998 1094 1231
380 4 2 2 2 978 1048 1185 1408
381 4 2 2 2 307 306 1095 1133
382 4 2 2 2 920 921 932 1145
383 4 2 2 2 624 1092 953 1205
384 4 2 2 2 1014 983 1275 1409
385 4 2 2 2 1235 1305 1003 1313
386 4 2 2 2 933 921 922 1114
387 4 2 2 2 850 278 277 1122
388 4 2 2 2 328 864 329 1297
389 4 2 2 2 885 874 886 1181
390 4 2 2 2 922 933 934 1181
391 4 2 2 2 946 1151 963 1177
392 4 2 2 2 627 439 438 1204
393 4 2 2 2 962 1171 1060 1246
394 4 2 2 2 293 285 292 1099
395 4 2 2 2 944 1149 1191 1328
396 4 2 2 2 1174 1107 1202 1387
397 4 2 2 2 708 666 1305 1361
398 4 2 2 2 890 1056 891 1264
399 4 2 2 2 874 885 886 1179
400 4 2 2 2 910 909 898 1179
401 4 2 2 2 171 1311 723 1436
402 4 2 2 2 971 1199 1003 1235
403 4 2 2 2 921 933 932 1145
404 4 2 2 2 865 331 330 1108
405 4 2 2 2 476 449 501 947
406 4 2 2 2 909 1102 898 1103
407 4 2 2 2 509 482 586 947
408 4 2 2 2 948 1003 971 1199
409 4 2 2 2 1217 1347 1208 1392
410 4 2 2 2 364 932 933 1145
411 4 2 2 2 127 657 128 1218
412 4 2 2 2 287 295 296 1278
413 4 2 2 2 626 1000 439 1204
414 4 2 2 2 315 306 314 1331
415 4 2 2 2 315 307 306 1331
416 4 2 2 2 1128 1276 956 1370
417 4 2 2 2 1025 1199 1067 1233
418 4 2 2 2 1013 1242 1241 1429
419 4 2 2 2 1211 1214 1212 1324
420 4 2 2 2 958 1304 951 1417
421 4 2 2 2 554 1205 953 1415
422 4 2 2 2 431 1065 709 1147
423 4 2 2 2 1025 1067 1105 1231
424 4 2 2 2 946 1183 1171 1379
425 4 2 2 2 969 1214 1097 1261
426 4 2 2 2 967 1152 1105 1194
427 4 2 2 2 953 1314 1176 1383
428 4 2 2 2 1201 1209 1072 1348
429 4 2 2 2 662 121 650 1218
430 4 2 2 2 1214 1215 972 1261
431 4 2 2 2 851 290 289 942
432 4 2 2 2 168 1186 1206 1292
433 4 2 2 2 1141 1178 949 1358
434 4 2 2 2 948 1296 1216 1309
435 4 2 2 2 953 1383 554 1415
436 4 2 2 2 278 850 279 1319
437 4 2 2 2 283 282 849 1319
438 4 2 2 2 812 235 836 1187
439 4 2 2 2 962 966 755 972
440 4 2 2 2 946 1356 1151 1402
441 4 2 2 2 901 912 900 1364
442 4 2 2 2 888 877 876 1364
443 4 2 2 2 298 853 297 942
444 4 2 2 2 466 947 601 1396
445 4 2 2 2 569 1309 948 1412
446 4 2 2 2 824 800 812 1101
447 4 2 2 2 284 854 162 852
448 4 2 2 2 1138 1266 974 1433
449 4 2 2 2 1009 1233 1100 1284
450 4 2 2 2 990 1171 1071 1376
451 4 2 2 2 1060 1128 962 1246
452 4 2 2 2 1004 1147 1126 1328
453 4 2 2 2 537 1240 948 1412
454 4 2 2 2 593 950 1410 1416
455 4 2 2 2 431 1000 627 1339
456 4 2 2 2 124 121 707 663
457 4 2 2 2 1049 1050 1021 1089
458 4 2 2 2 1151 1177 946 1402
459 4 2 2 2 848 160 268 1387
460 4 2 2 2 480 1023 494 1188
461 4 2 2 2 653 125 654 1218
462 4 2 2 2 1138 1188 1023 1260
463 4 2 2 2 790 1081 803 1255
464 4 2 2 2 947 1258 1347 1392
465 4 2 2 2 546 948 537 1100
466 4 2 2 2 709 1065 1126 1147
467 4 2 2 2 332 880 1084 1166
468 4 2 2 2 344 1084 904 1166
469 4 2 2 2 880 332 1085 1167
470 4 2 2 2 356 928 1085 1167
471 4 2 2 2 954 1291 975 1360
472 4 2 2 2 627 626 439 1204
473 4 2 2 2 586 601 611 947
474 4 2 2 2 951 1371 958 1406
475 4 2 2 2 1033 1194 1152 1339
476 4 2 2 2 957 1138 945 1188
477 4 2 2 2 506 1023 598 1347
478 4 2 2 2 716 129 130 702
479 4 2 2 2 965 978 1049 1064
480 4 2 2 2 524 1100 1009 1233
481 4 2 2 2 449 501 947 1245
482 4 2 2 2 958 951 1406 1418
483 4 2 2 2 1023 1258 1208 1347
484 4 2 2 2 906 348 346 1153
485 4 2 2 2 882 336 334 1157
486 4 2 2 2 336 882 334 1153
487 4 2 2 2 358 360 930 1157
488 4 2 2 2 1023 1260 609 1416
489 4 2 2 2 918 1164 929 1255
490 4 2 2 2 1212 1214 1061 1324
491 4 2 2 2 1038 1039 995 1230
492 4 2 2 2 346 348 906 1106
493 4 2 2 2 290 297 298 1299
494 4 2 2 2 697 1025 1199 1305
495 4 2 2 2 509 501 482 947
496 4 2 2 2 46 192 45 1103
497 4 2 2 2 854 284 285 852
498 4 2 2 2 947 1245 482 1258
499 4 2 2 2 1183 1246 1141 1355
500 4 2 2 2 554 953 1205 1383
501 4 2 2 2 1070 1291 1035 1361
502 4 2 2 2 994 1038 960 1131
503 4 2 2 2 523 1183 991 1294
504 4 2 2 2 850 277 276 1122
505 4 2 2 2 506 480 582 1260
506 4 2 2 2 954 1035 1291 1360
507 4 2 2 2 624 953 621 1205
508 4 2 2 2 929 918 930 1164
509 4 2 2 2 804 805 793 1164
510 4 2 2 2 245 233 247 1170
511 4 2 2 2 235 247 233 1170
512 4 2 2 2 466 1192 947 1396
513 4 2 2 2 967 999 1152 1194
514 4 2 2 2 506 582 598 1023
515 4 2 2 2 617 1203 1204 1456
516 4 2 2 2 1009 1233 432 1270
517 4 2 2 2 528 991 1183 1379
518 4 2 2 2 571 1205 1221 1349
519 4 2 2 2 290 289 297 1299
520 4 2 2 2 947 1258 482 1347
521 4 2 2 2 1196 1247 975 1321
522 4 2 2 2 627 999 430 1339
523 4 2 2 2 627 430 431 1339
524 4 2 2 2 499 954 1247 1321
525 4 2 2 2 492 1188 494 1398
526 4 2 2 2 1091 1266 1138 1433
527 4 2 2 2 945 1334 1138 1345
528 4 2 2 2 1056 1059 891 1264
529 4 2 2 2 170 865 330 1297
530 4 2 2 2 345 904 344 1084
531 4 2 2 2 333 880 332 1085
532 4 2 2 2 332 880 333 1084
533 4 2 2 2 928 357 356 1085
534 4 2 2 2 2 1056 92 1446
535 4 2 2 2 617 1204 1177 1456
536 4 2 2 2 439 627 431 1000
537 4 2 2 2 503 1109 995 1176
538 4 2 2 2 955 974 1138 1184
539 4 2 2 2 949 969 1097 1261
540 4 2 2 2 125 1024 1088 1406
541 4 2 2 2 841 839 843 1403
542 4 2 2 2 301 1133 1318 1394
543 4 2 2 2 596 1260 1182 1416
544 4 2 2 2 566 948 569 1309
545 4 2 2 2 120 133 705 710
546 4 2 2 2 127 128 714 700
547 4 2 2 2 708 1305 435 1361
548 4 2 2 2 2 92 1106 1446
549 4 2 2 2 257 1079 256 1403
550 4 2 2 2 569 1412 948 1413
551 4 2 2 2 974 1184 732 1330
552 4 2 2 2 1067 1199 1025 1277
553 4 2 2 2 985 1172 1118 1263
554 4 2 2 2 996 997 986 1421
555 4 2 2 2 1118 945 1345 1425
556 4 2 2 2 1033 1205 1152 1221
557 4 2 2 2 586 947 482 1347
558 4 2 2 2 971 1003 1175 1313
559 4 2 2 2 950 956 1128 1276
560 4 2 2 2 1025 1268 1105 1434
561 4 2 2 2 618 1152 1205 1349
562 4 2 2 2 524 1233 1009 1270
563 4 2 2 2 811 812 800 1363
564 4 2 2 2 952 1335 1332 1375
565 4 2 2 2 600 949 1178 1358
566 4 2 2 2 976 992 519 1037
567 4 2 2 2 601 947 1347 1396
568 4 2 2 2 1235 1284 1199 1305
569 4 2 2 2 260 824 823 1129
570 4 2 2 2 1025 1105 1067 1434
571 4 2 2 2 1070 984 1304 1371
572 4 2 2 2 928 916 917 1255
573 4 2 2 2 566 1296 948 1309
574 4 2 2 2 529 992 991 1037
575 4 2 2 2 891 913 901 1438
576 4 2 2 2 1138 1182 955 1345
577 4 2 2 2 430 1065 1033 1194
578 4 2 2 2 1062 1212 1018 1429
579 4 2 2 2 546 537 948 1412
580 4 2 2 2 163 850 276 1319
581 4 2 2 2 430 1194 1033 1339
582 4 2 2 2 824 836 835 1129
583 4 2 2 2 963 946 1171 1379
584 4 2 2 2 833 834 1252 1273
585 4 2 2 2 550 515 1067 1309
586 4 2 2 2 927 1085 914 1440
587 4 2 2 2 431 438 627 439
588 4 2 2 2 438 431 627 430
589 4 2 2 2 992 1045 976 1335
590 4 2 2 2 650 120 659 1218
591 4 2 2 2 955 1184 1138 1345
592 4 2 2 2 944 1149 1142 1191
593 4 2 2 2 439 626 627 1000
594 4 2 2 2 627 438 1019 1204
595 4 2 2 2 995 1176 1131 1316
596 4 2 2 2 952 1349 1280 1375
597 4 2 2 2 494 1258 1023 1347
598 4 2 2 2 654 124 662 1088
599 4 2 2 2 628 1152 999 1339
600 4 2 2 2 992 1037 976 1045
601 4 2 2 2 954 1247 1124 1401
602 4 2 2 2 972 1178 1261 1276
603 4 2 2 2 1065 1105 1033 1194
604 4 2 2 2 440 962 972 1261
605 4 2 2 2 1023 1182 1138 1260
606 4 2 2 2 890 1084 903 1438
607 4 2 2 2 255 833 834 1252
608 4 2 2 2 926 916 928 1255
609 4 2 2 2 627 1000 625 1339
610 4 2 2 2 804 803 792 1079
611 4 2 2 2 957 1184 1138 1330
612 4 2 2 2 479 1247 1196 1321
613 4 2 2 2 1092 1205 1339 1400
614 4 2 2 2 755 962 726 966
615 4 2 2 2 285 852 284 1271
616 4 2 2 2 662 654 1088 1218
617 4 2 2 2 1011 975 1124 1291
618 4 2 2 2 303 304 1197 1206
619 4 2 2 2 501 482 947 1245
620 4 2 2 2 254 1064 252 1074
621 4 2 2 2 1325 1326 954 1401
622 4 2 2 2 99 8 94 1059
623 4 2 2 2 966 980 1021 1276
624 4 2 2 2 99 1056 8 1059
625 4 2 2 2 667 1033 430 1065
626 4 2 2 2 1004 1191 1149 1328
627 4 2 2 2 2 97 92 1056
628 4 2 2 2 947 1347 1217 1392
629 4 2 2 2 126 657 127 1218
630 4 2 2 2 991 1183 1171 1294
631 4 2 2 2 617 1140 1203 1456
632 4 2 2 2 806 805 236 1164
633 4 2 2 2 976 1045 1044 1335
634 4 2 2 2 954 1110 1035 1360
635 4 2 2 2 816 827 828 1079
636 4 2 2 2 946 1171 1183 1246
637 4 2 2 2 266 841 265 1337
638 4 2 2 2 857 166 315 861
639 4 2 2 2 1070 1305 666 1361
640 4 2 2 2 963 1151 946 1243
641 4 2 2 2 624 953 636 1383
642 4 2 2 2 1141 595 1246 1290
643 4 2 2 2 962 1128 1060 1327
644 4 2 2 2 948 1309 546 1412
645 4 2 2 2 624 621 953 1383
646 4 2 2 2 1070 1360 1291 1361
647 4 2 2 2 1138 1182 1091 1407
648 4 2 2 2 449 476 466 947
649 4 2 2 2 141 1053 994 1090
650 4 2 2 2 91 98 35 1103
651 4 2 2 2 868 889 877 1439
652 4 2 2 2 440 1009 1270 1294
653 4 2 2 2 441 1031 1257 1376
654 4 2 2 2 967 952 1152 1280
655 4 2 2 2 635 1280 1152 1349
656 4 2 2 2 302 300 1257 1394
657 4 2 2 2 962 972 1261 1276
658 4 2 2 2 995 503 1176 1316
659 4 2 2 2 884 873 885 1181
660 4 2 2 2 932 933 921 1181
661 4 2 2 2 493 986 996 1117
662 4 2 2 2 628 999 627 1339
663 4 2 2 2 653 657 126 1218
664 4 2 2 2 252 250 831 1306
665 4 2 2 2 274 1200 275 1387
666 4 2 2 2 254 252 240 1351
667 4 2 2 2 242 254 240 1351
668 4 2 2 2 291 299 943 1226
669 4 2 2 2 651 128 1218 1389
670 4 2 2 2 709 1065 690 1126
671 4 2 2 2 873 884 885 1179
672 4 2 2 2 897 909 908 1179
673 4 2 2 2 1060 1128 955 1327
674 4 2 2 2 603 949 1358 1380
675 4 2 2 2 257 813 815 1079
676 4 2 2 2 954 1401 1326 1419
677 4 2 2 2 1138 1334 1182 1345
678 4 2 2 2 1060 1327 1300 1399
679 4 2 2 2 519 976 1037 1151
680 4 2 2 2 601 947 586 1347
681 4 2 2 2 324 326 318 1143
682 4 2 2 2 919 920 931 1145
683 4 2 2 2 432 1199 1025 1233
684 4 2 2 2 809 833 243 1351
685 4 2 2 2 971 948 1240 1244
686 4 2 2 2 265 841 839 1130
687 4 2 2 2 999 1005 640 1063
688 4 2 2 2 285 284 292 1099
689 4 2 2 2 1314 1383 953 1415
690 4 2 2 2 1211 1313 1235 1423
691 4 2 2 2 954 1321 499 1419
692 4 2 2 2 879 866 1085 1439
693 4 2 2 2 948 1100 546 1309
694 4 2 2 2 1152 1221 1205 1349
695 4 2 2 2 528 1183 1355 1379
696 4 2 2 2 956 1227 1128 1370
697 4 2 2 2 1060 955 1300 1327
698 4 2 2 2 1067 1277 1025 1434
699 4 2 2 2 846 838 261 1315
700 4 2 2 2 835 824 812 836
701 4 2 2 2 484 954 499 1419
702 4 2 2 2 877 889 868 1437
703 4 2 2 2 794 818 805 1139
704 4 2 2 2 539 528 1141 1183
705 4 2 2 2 1085 1301 210 1440
706 4 2 2 2 954 975 1247 1321
707 4 2 2 2 961 1300 1327 1399
708 4 2 2 2 950 1128 956 1407
709 4 2 2 2 960 1092 953 1109
710 4 2 2 2 967 1152 999 1280
711 4 2 2 2 435 1305 1235 1313
712 4 2 2 2 569 948 566 1413
713 4 2 2 2 1003 435 1305 1361
714 4 2 2 2 431 667 709 1065
715 4 2 2 2 789 790 801 1079
716 4 2 2 2 516 1355 1243 1379
717 4 2 2 2 1131 1004 1316 1367
718 4 2 2 2 662 650 655 1218
719 4 2 2 2 971 1175 948 1244
720 4 2 2 2 1118 1204 1203 1345
721 4 2 2 2 671 1291 1070 1360
722 4 2 2 2 801 789 1079 1187
723 4 2 2 2 964 1208 1209 1392
724 4 2 2 2 1009 432 1233 1284
725 4 2 2 2 540 1233 1067 1309
726 4 2 2 2 879 1084 866 1437
727 4 2 2 2 946 1243 1151 1356
728 4 2 2 2 438 1060 1300 1399
729 4 2 2 2 524 1270 1009 1294
730 4 2 2 2 1007 1189 1252 1353
731 4 2 2 2 1105 1152 1033 1194
732 4 2 2 2 608 1140 946 1246
733 4 2 2 2 1240 1244 948 1413
734 4 2 2 2 1079 1187 789 1253
735 4 2 2 2 596 609 1260 1416
736 4 2 2 2 654 655 653 1218
737 4 2 2 2 1008 1032 1006 1428
738 4 2 2 2 809 243 242 1351
739 4 2 2 2 242 240 808 1351
740 4 2 2 2 254 832 252 1351
741 4 2 2 2 506 494 480 1023
742 4 2 2 2 958 984 1371 1382
743 4 2 2 2 288 1271 1267 1372
744 4 2 2 2 124 125 686 1024
745 4 2 2 2 1090 1299 1271 1372
746 4 2 2 2 969 1212 1097 1214
747 4 2 2 2 1177 1204 1019 1292
748 4 2 2 2 291 290 1299 1372
749 4 2 2 2 802 801 789 1363
750 4 2 2 2 962 1171 1183 1294
751 4 2 2 2 440 972 1215 1261
752 4 2 2 2 1003 1199 948 1296
753 4 2 2 2 945 1391 1345 1425
754 4 2 2 2 945 1293 1260 1346
755 4 2 2 2 1004 1328 1149 1400
756 4 2 2 2 258 259 840 1378
757 4 2 2 2 198 1301 1085 1439
758 4 2 2 2 506 494 1023 1347
759 4 2 2 2 241 239 251 1455
760 4 2 2 2 813 825 1079 1187
761 4 2 2 2 1070 1238 1035 1291
762 4 2 2 2 949 1242 1104 1358
763 4 2 2 2 994 1092 1053 1147
764 4 2 2 2 1128 1227 956 1407
765 4 2 2 2 493 996 977 1117
766 4 2 2 2 805 806 829 818
767 4 2 2 2 830 829 806 818
768 4 2 2 2 962 1183 1171 1246
769 4 2 2 2 1141 1183 528 1294
770 4 2 2 2 960 1131 995 1176
771 4 2 2 2 1110 1360 1336 1362
772 4 2 2 2 593 950 1178 1410
773 4 2 2 2 573 1383 1314 1415
774 4 2 2 2 1058 1233 1231 1332
775 4 2 2 2 120 650 121 1218
776 4 2 2 2 603 949 600 1358
777 4 2 2 2 600 949 603 1333
778 4 2 2 2 955 1138 974 1182
779 4 2 2 2 1097 1214 972 1261
780 4 2 2 2 975 954 1124 1291
781 4 2 2 2 435 1003 1305 1313
782 4 2 2 2 598 1023 609 1347
783 4 2 2 2 566 1216 1296 1309
784 4 2 2 2 729 970 959 1208
785 4 2 2 2 1110 975 1336 1360
786 4 2 2 2 1035 1110 954 1325
787 4 2 2 2 946 1140 608 1402
788 4 2 2 2 432 1284 1235 1305
789 4 2 2 2 838 842 845 1378
790 4 2 2 2 569 532 1309 1412
791 4 2 2 2 1094 1318 1133 1394
792 4 2 2 2 449 947 466 1192
793 4 2 2 2 1242 1358 949 1380
794 4 2 2 2 251 253 241 1455
795 4 2 2 2 617 1177 1402 1456
796 4 2 2 2 1004 1367 1147 1400
797 4 2 2 2 440 962 1261 1294
798 4 2 2 2 484 1401 954 1419
799 4 2 2 2 1011 1124 1001 1291
800 4 2 2 2 995 960 1038 1131
801 4 2 2 2 957 985 1117 1118
802 4 2 2 2 305 1197 304 1259
803 4 2 2 2 962 1261 1141 1276
804 4 2 2 2 958 1371 1304 1382
805 4 2 2 2 697 1199 432 1305
806 4 2 2 2 1003 1296 1175 1361
807 4 2 2 2 1097 1441 1123 1445
808 4 2 2 2 622 638 502 1117
809 4 2 2 2 492 480 494 1188
810 4 2 2 2 1008 1336 1360 1362
811 4 2 2 2 1118 1203 631 1425
812 4 2 2 2 449 947 1192 1245
813 4 2 2 2 998 1194 1036 1279
814 4 2 2 2 554 573 1205 1415
815 4 2 2 2 871 882 883 1153
816 4 2 2 2 907 906 895 1153
817 4 2 2 2 930 931 919 1157
818 4 2 2 2 871 883 882 1157
819 4 2 2 2 875 886 887 1159
820 4 2 2 2 911 910 899 1159
821 4 2 2 2 923 934 935 1161
822 4 2 2 2 887 886 875 1161
823 4 2 2 2 301 308 300 1173
824 4 2 2 2 954 1110 975 1321
825 4 2 2 2 260 259 824 1129
826 4 2 2 2 1217 1347 947 1396
827 4 2 2 2 1355 1356 946 1402
828 4 2 2 2 353 768 351 1234
829 4 2 2 2 1012 1108 1061 1215
830 4 2 2 2 635 1280 1349 1375
831 4 2 2 2 958 951 1304 1371
832 4 2 2 2 709 1126 668 1147
833 4 2 2 2 440 962 755 972
834 4 2 2 2 725 974 959 1043
835 4 2 2 2 963 1150 1019 1151
836 4 2 2 2 483 1293 1117 1425
837 4 2 2 2 1014 1305 1304 1417
838 4 2 2 2 125 653 126 1218
839 4 2 2 2 1123 1008 1192 1444
840 4 2 2 2 366 934 367 1114
841 4 2 2 2 242 243 809 1114
842 4 2 2 2 846 840 259 1378
843 4 2 2 2 1300 1345 1204 1404
844 4 2 2 2 815 813 825 1079
845 4 2 2 2 573 554 1383 1415
846 4 2 2 2 529 519 992 1037
847 4 2 2 2 608 1355 946 1402
848 4 2 2 2 296 288 287 1278
849 4 2 2 2 914 926 927 1338
850 4 2 2 2 608 1246 946 1355
851 4 2 2 2 804 1079 792 1139
852 4 2 2 2 256 815 816 1079
853 4 2 2 2 665 432 1025 1233
854 4 2 2 2 1060 1140 946 1177
855 4 2 2 2 691 126 127 1219
856 4 2 2 2 1004 1142 1149 1191
857 4 2 2 2 974 732 1266 1330
858 4 2 2 2 301 309 308 1173
859 4 2 2 2 562 1237 1142 1415
860 4 2 2 2 431 1033 667 1065
861 4 2 2 2 1035 1144 1142 1191
862 4 2 2 2 1131 1316 1176 1367
863 4 2 2 2 1038 995 1131 1272
864 4 2 2 2 634 1117 1015 1118
865 4 2 2 2 431 1033 1065 1147
866 4 2 2 2 1191 1070 1304 1371
867 4 2 2 2 600 1178 1141 1358
868 4 2 2 2 766 346 344 1303
869 4 2 2 2 440 1009 432 1270
870 4 2 2 2 905 904 893 1166
871 4 2 2 2 869 880 881 1166
872 4 2 2 2 917 928 929 1167
873 4 2 2 2 869 881 880 1167
874 4 2 2 2 994 1131 960 1147
875 4 2 2 2 816 1079 828 1139
876 4 2 2 2 487 499 954 1247
877 4 2 2 2 1171 1183 991 1376
878 4 2 2 2 656 651 657 1218
879 4 2 2 2 704 711 124 707
880 4 2 2 2 222 220 1338 1363
881 4 2 2 2 1085 1137 335 1439
882 4 2 2 2 1142 1144 944 1191
883 4 2 2 2 807 240 831 1351
884 4 2 2 2 1033 1149 1328 1400
885 4 2 2 2 641 1177 1151 1402
886 4 2 2 2 599 539 514 1141
887 4 2 2 2 204 872 1157 1181
888 4 2 2 2 1021 1050 1049 1251
889 4 2 2 2 1097 1445 964 1450
890 4 2 2 2 599 1141 1246 1355
891 4 2 2 2 487 1247 954 1401
892 4 2 2 2 806 250 236 830
893 4 2 2 2 240 831 238 807
894 4 2 2 2 234 805 236 829
895 4 2 2 2 566 948 1296 1413
896 4 2 2 2 576 1216 1067 1434
897 4 2 2 2 571 1205 563 1221
898 4 2 2 2 466 470 1192 1396
899 4 2 2 2 624 1092 1205 1339
900 4 2 2 2 1223 1304 984 1382
901 4 2 2 2 323 330 331 1207
902 4 2 2 2 846 840 845 1315
903 4 2 2 2 828 246 804 232
904 4 2 2 2 996 995 1039 1230
905 4 2 2 2 515 565 550 1067
906 4 2 2 2 974 1182 1138 1407
907 4 2 2 2 582 609 1023 1260
908 4 2 2 2 644 1205 1152 1339
909 4 2 2 2 963 1037 991 1376
910 4 2 2 2 528 991 523 1183
911 4 2 2 2 130 699 717 702
912 4 2 2 2 255 254 833 1074
913 4 2 2 2 322 323 863 1436
914 4 2 2 2 960 1039 994 1092
915 4 2 2 2 902 1056 1368 1446
916 4 2 2 2 963 1019 990 1292
917 4 2 2 2 737 1042 1054 1055
918 4 2 2 2 442 964 1209 1392
919 4 2 2 2 1211 1235 150 1423
920 4 2 2 2 1182 1334 955 1345
921 4 2 2 2 1060 946 1140 1246
922 4 2 2 2 829 246 828 1337
923 4 2 2 2 971 1239 1069 1240
924 4 2 2 2 792 803 804 1255
925 4 2 2 2 635 642 1152 1280
926 4 2 2 2 727 964 443 1450
927 4 2 2 2 1145 1164 806 1449
928 4 2 2 2 626 625 627 1000
929 4 2 2 2 565 515 531 1067
930 4 2 2 2 484 487 954 1401
931 4 2 2 2 1004 1237 1176 1367
932 4 2 2 2 193 192 46 1103
933 4 2 2 2 810 253 255 834
934 4 2 2 2 804 1079 828 1386
935 4 2 2 2 1144 1296 1003 1361
936 4 2 2 2 1184 1345 1300 1404
937 4 2 2 2 235 237 812 836
938 4 2 2 2 826 245 233 247
939 4 2 2 2 233 235 826 247
940 4 2 2 2 98 1102 35 1103
941 4 2 2 2 617 1402 1140 1456
942 4 2 2 2 991 1171 441 1294
943 4 2 2 2 223 222 1338 1363
944 4 2 2 2 500 1260 1293 1346
945 4 2 2 2 1060 1140 1128 1246
946 4 2 2 2 1100 1239 971 1240
947 4 2 2 2 954 1035 1325 1453
948 4 2 2 2 1141 1261 1178 1276
949 4 2 2 2 238 1145 806 1449
950 4 2 2 2 610 595 1141 1290
951 4 2 2 2 528 529 991 1379
952 4 2 2 2 839 1315 843 1403
953 4 2 2 2 236 806 1164 1449
954 4 2 2 2 438 1019 1204 1292
955 4 2 2 2 1240 948 1412 1413
956 4 2 2 2 322 1121 323 1436
957 4 2 2 2 349 913 1059 1264
958 4 2 2 2 1072 1320 1201 1348
959 4 2 2 2 483 1117 638 1425
960 4 2 2 2 1031 1058 433 1287
961 4 2 2 2 948 1100 971 1240
962 4 2 2 2 787 785 782 1288
963 4 2 2 2 1110 1144 1361 1414
964 4 2 2 2 1260 945 1346 1391
965 4 2 2 2 443 1097 1214 1450
966 4 2 2 2 236 238 806 1449
967 4 2 2 2 812 237 835 836
968 4 2 2 2 834 810 253 1455
969 4 2 2 2 457 1336 1008 1362
970 4 2 2 2 972 1214 1097 1450
971 4 2 2 2 985 1118 1052 1263
972 4 2 2 2 800 791 812 1187
973 4 2 2 2 1097 1178 949 1261
974 4 2 2 2 348 906 1106 1265
975 4 2 2 2 859 310 308 1254
976 4 2 2 2 494 1023 1258 1398
977 4 2 2 2 761 1059 349 1234
978 4 2 2 2 953 960 1176 1367
979 4 2 2 2 954 975 1110 1360
980 4 2 2 2 514 1141 528 1294
981 4 2 2 2 947 968 1245 1258
982 4 2 2 2 600 1178 949 1333
983 4 2 2 2 232 804 828 1386
984 4 2 2 2 1063 1150 1005 1151
985 4 2 2 2 967 1329 1279 1461
986 4 2 2 2 966 1034 1021 1083
987 4 2 2 2 687 686 125 1024
988 4 2 2 2 1107 1200 1011 1247
989 4 2 2 2 526 1294 1104 1358
990 4 2 2 2 593 1405 950 1416
991 4 2 2 2 975 1321 1110 1336
992 4 2 2 2 231 792 793 1164
993 4 2 2 2 858 305 857 1197
994 4 2 2 2 478 996 995 1109
995 4 2 2 2 1035 1110 1325 1361
996 4 2 2 2 1110 1325 1144 1414
997 4 2 2 2 535 1151 519 1243
998 4 2 2 2 960 1092 1147 1400
999 4 2 2 2 155 126 686 712
1000 4 2 2 2 955 1227 1128 1407
1001 4 2 2 2 709 690 668 1126
1002 4 2 2 2 493 986 1117 1293
1003 4 2 2 2 1067 1216 576 1309
1004 4 2 2 2 945 957 1188 1293
1005 4 2 2 2 1128 1227 955 1327
1006 4 2 2 2 951 1304 1191 1422
1007 4 2 2 2 1005 1019 640 1063
1008 4 2 2 2 1023 1347 1091 1416
1009 4 2 2 2 965 1049 978 1357
1010 4 2 2 2 357 1081 926 1255
1011 4 2 2 2 1199 1216 948 1296
1012 4 2 2 2 806 250 238 236
1013 4 2 2 2 248 236 250 830
1014 4 2 2 2 250 252 831 238
1015 4 2 2 2 238 252 831 240
1016 4 2 2 2 1008 1428 1192 1444
1017 4 2 2 2 248 234 236 829
1018 4 2 2 2 829 248 234 246
1019 4 2 2 2 240 252 831 1351
1020 4 2 2 2 644 618 1152 1205
1021 4 2 2 2 1069 1240 1018 1393
1022 4 2 2 2 972 1178 1097 1261
1023 4 2 2 2 651 129 128 1389
1024 4 2 2 2 595 599 1141 1246
1025 4 2 2 2 530 1240 537 1412
1026 4 2 2 2 962 1141 1261 1294
1027 4 2 2 2 443 964 1445 1450
1028 4 2 2 2 232 828 246 244
1029 4 2 2 2 234 804 246 232
1030 4 2 2 2 236 805 806 829
1031 4 2 2 2 829 806 236 830
1032 4 2 2 2 831 250 806 830
1033 4 2 2 2 810 834 255 833
1034 4 2 2 2 809 833 810 243
1035 4 2 2 2 807 831 238 806
1036 4 2 2 2 121 1088 124 1409
1037 4 2 2 2 963 1171 1376 1379
1038 4 2 2 2 1104 1294 1141 1358
1039 4 2 2 2 629 1019 1177 1204
1040 4 2 2 2 592 1410 1217 1416
1041 4 2 2 2 519 1151 1037 1243
1042 4 2 2 2 234 804 805 829
1043 4 2 2 2 1176 1316 1004 1367
1044 4 2 2 2 1091 1347 1217 1416
1045 4 2 2 2 618 1205 549 1349
1046 4 2 2 2 960 953 1092 1400
1047 4 2 2 2 708 435 666 1361
1048 4 2 2 2 1011 1200 138 1291
1049 4 2 2 2 246 804 829 828
1050 4 2 2 2 806 818 794 1087
1051 4 2 2 2 484 487 499 954
1052 4 2 2 2 540 515 1067 1332
1053 4 2 2 2 962 441 1171 1294
1054 4 2 2 2 948 1244 1175 1413
1055 4 2 2 2 1003 1216 1199 1296
1056 4 2 2 2 1203 1391 631 1425
1057 4 2 2 2 240 807 238 1451
1058 4 2 2 2 571 549 1205 1349
1059 4 2 2 2 286 852 285 1271
1060 4 2 2 2 629 1177 617 1204
1061 4 2 2 2 560 1434 1221 1462
1062 4 2 2 2 1119 1032 1196 1388
1063 4 2 2 2 955 1060 1300 1456
1064 4 2 2 2 967 1105 952 1231
1065 4 2 2 2 311 1206 1186 1447
1066 4 2 2 2 284 852 162 1271
1067 4 2 2 2 985 986 957 1117
1068 4 2 2 2 1015 1051 1118 1172
1069 4 2 2 2 643 617 606 1203
1070 4 2 2 2 1053 1147 1092 1339
1071 4 2 2 2 1045 1044 1335 1461
1072 4 2 2 2 948 1216 1199 1309
1073 4 2 2 2 844 257 256 1403
1074 4 2 2 2 482 1258 494 1347
1075 4 2 2 2 944 1191 1144 1422
1076 4 2 2 2 540 1067 515 1309
1077 4 2 2 2 1035 1325 1144 1361
1078 4 2 2 2 1241 1242 1104 1429
1079 4 2 2 2 949 1097 969 1286
1080 4 2 2 2 241 810 255 243
1081 4 2 2 2 430 667 431 1033
1082 4 2 2 2 949 1178 1141 1261
1083 4 2 2 2 536 1013 981 1242
1084 4 2 2 2 668 1147 1126 1432
1085 4 2 2 2 582 609 598 1023
1086 4 2 2 2 487 1124 1247 1401
1087 4 2 2 2 521 1332 1335 1375
1088 4 2 2 2 1020 1252 1064 1373
1089 4 2 2 2 576 1216 566 1309
1090 4 2 2 2 966 1171 726 1399
1091 4 2 2 2 516 1243 528 1379
1092 4 2 2 2 432 1199 1284 1305
1093 4 2 2 2 836 235 237 247
1094 4 2 2 2 1138 945 1260 1334
1095 4 2 2 2 446 1123 1396 1441
1096 4 2 2 2 1144 1191 1035 1422
1097 4 2 2 2 926 357 927 1081
1098 4 2 2 2 801 802 233 1081
1099 4 2 2 2 903 902 345 1084
1100 4 2 2 2 878 879 333 1084
1101 4 2 2 2 878 333 879 1085
1102 4 2 2 2 926 927 357 1085
1103 4 2 2 2 305 1133 1197 1331
1104 4 2 2 2 1069 1239 1013 1240
1105 4 2 2 2 1061 1298 1212 1324
1106 4 2 2 2 581 599 514 1141
1107 4 2 2 2 1176 1314 505 1383
1108 4 2 2 2 971 1240 1069 1393
1109 4 2 2 2 960 995 1039 1109
1110 4 2 2 2 257 813 1079 1220
1111 4 2 2 2 132 678 152 718
1112 4 2 2 2 962 1171 966 1399
1113 4 2 2 2 959 1208 1091 1266
1114 4 2 2 2 125 126 1029 1219
1115 4 2 2 2 966 988 961 1399
1116 4 2 2 2 576 1067 561 1434
1117 4 2 2 2 618 635 1152 1349
1118 4 2 2 2 301 856 857 1394
1119 4 2 2 2 985 1263 1052 1330
1120 4 2 2 2 639 1005 976 1151
1121 4 2 2 2 981 1062 1018 1429
1122 4 2 2 2 196 1084 867 1166
1123 4 2 2 2 1326 1401 557 1419
1124 4 2 2 2 457 1110 1336 1362
1125 4 2 2 2 1007 1252 1189 1373
1126 4 2 2 2 1227 1300 955 1327
1127 4 2 2 2 1144 1325 1110 1361
1128 4 2 2 2 253 810 255 241
1129 4 2 2 2 554 1205 621 1383
1130 4 2 2 2 857 315 166 859
1131 4 2 2 2 1123 1441 460 1445
1132 4 2 2 2 330 1207 1108 1366
1133 4 2 2 2 468 1006 982 1192
1134 4 2 2 2 915 927 914 1440
1135 4 2 2 2 842 264 839 1306
1136 4 2 2 2 274 275 847 1387
1137 4 2 2 2 532 546 1309 1412
1138 4 2 2 2 1010 1072 1073 1201
1139 4 2 2 2 1149 1205 1033 1221
1140 4 2 2 2 1035 1191 1142 1453
1141 4 2 2 2 565 1067 531 1332
1142 4 2 2 2 1201 1245 968 1258
1143 4 2 2 2 1067 1231 1233 1332
1144 4 2 2 2 502 638 483 1117
1145 4 2 2 2 1013 981 1242 1429
1146 4 2 2 2 237 249 836 247
1147 4 2 2 2 1079 1022 1253 1288
1148 4 2 2 2 964 1123 1097 1217
1149 4 2 2 2 828 244 232 1386
1150 4 2 2 2 1001 1316 488 1398
1151 4 2 2 2 1012 1061 1062 1212
1152 4 2 2 2 560 559 1434 1462
1153 4 2 2 2 797 798 809 1351
1154 4 2 2 2 796 807 795 1351
1155 4 2 2 2 919 930 1145 1449
1156 4 2 2 2 886 342 885 1181
1157 4 2 2 2 366 934 933 1181
1158 4 2 2 2 1033 1152 1105 1221
1159 4 2 2 2 593 1410 592 1416
1160 4 2 2 2 561 1067 1384 1434
1161 4 2 2 2 960 1367 953 1400
1162 4 2 2 2 497 482 1245 1258
1163 4 2 2 2 458 1008 1123 1445
1164 4 2 2 2 1124 1247 1001 1316
1165 4 2 2 2 1274 1398 1188 1421
1166 4 2 2 2 808 809 797 1114
1167 4 2 2 2 934 933 922 1114
1168 4 2 2 2 1204 1292 1177 1456
1169 4 2 2 2 962 1327 1060 1399
1170 4 2 2 2 1067 1233 540 1332
1171 4 2 2 2 891 890 903 1438
1172 4 2 2 2 342 886 885 1179
1173 4 2 2 2 910 354 909 1179
1174 4 2 2 2 557 1326 1325 1401
1175 4 2 2 2 1260 1334 945 1391
1176 4 2 2 2 1176 1237 1004 1316
1177 4 2 2 2 944 1144 1277 1422
1178 4 2 2 2 430 1033 431 1339
1179 4 2 2 2 818 265 819 1337
1180 4 2 2 2 838 845 846 1378
1181 4 2 2 2 694 1223 1014 1304
1182 4 2 2 2 617 1203 631 1204
1183 4 2 2 2 991 1037 963 1379
1184 4 2 2 2 458 1123 1008 1192
1185 4 2 2 2 1209 1341 1072 1348
1186 4 2 2 2 810 241 253 1455
1187 4 2 2 2 1128 1140 1060 1456
1188 4 2 2 2 1018 1286 1242 1429
1189 4 2 2 2 1104 1242 949 1429
1190 4 2 2 2 503 995 478 996
1191 4 2 2 2 1212 1286 1018 1429
1192 4 2 2 2 999 1152 628 1280
1193 4 2 2 2 251 835 239 237
1194 4 2 2 2 627 1019 629 1204
1195 4 2 2 2 562 575 1142 1237
1196 4 2 2 2 237 249 835 836
1197 4 2 2 2 237 835 811 812
1198 4 2 2 2 513 992 976 1335
1199 4 2 2 2 1208 1209 968 1258
1200 4 2 2 2 527 1104 1009 1241
1201 4 2 2 2 808 1114 797 1451
1202 4 2 2 2 1205 1400 953 1415
1203 4 2 2 2 802 1081 801 1363
1204 4 2 2 2 593 1178 950 1290
1205 4 2 2 2 975 1011 1124 1247
1206 4 2 2 2 236 248 829 830
1207 4 2 2 2 238 831 250 806
1208 4 2 2 2 833 255 810 243
1209 4 2 2 2 1097 964 1217 1410
1210 4 2 2 2 234 246 248 1269
1211 4 2 2 2 248 236 234 1269
1212 4 2 2 2 1050 1250 1049 1251
1213 4 2 2 2 955 1334 1343 1345
1214 4 2 2 2 516 528 1355 1379
1215 4 2 2 2 254 252 1064 1249
1216 4 2 2 2 1025 1277 1268 1434
1217 4 2 2 2 1035 1361 1144 1422
1218 4 2 2 2 659 658 650 1218
1219 4 2 2 2 1091 1138 1023 1182
1220 4 2 2 2 1123 1192 947 1444
1221 4 2 2 2 804 246 829 234
1222 4 2 2 2 596 1182 1260 1334
1223 4 2 2 2 890 891 903 1264
1224 4 2 2 2 1237 1367 1004 1415
1225 4 2 2 2 975 1124 954 1247
1226 4 2 2 2 584 617 1140 1203
1227 4 2 2 2 957 1293 945 1425
1228 4 2 2 2 175 1214 1211 1324
1229 4 2 2 2 539 528 514 1141
1230 4 2 2 2 697 1025 432 1199
1231 4 2 2 2 671 1238 1070 1291
1232 4 2 2 2 314 1331 313 1447
1233 4 2 2 2 955 1182 974 1407
1234 4 2 2 2 1004 1149 1367 1400
1235 4 2 2 2 550 1067 576 1309
1236 4 2 2 2 962 1183 1141 1294
1237 4 2 2 2 1183 991 1376 1379
1238 4 2 2 2 1097 1212 969 1286
1239 4 2 2 2 495 1109 505 1383
1240 4 2 2 2 754 346 348 1155
1241 4 2 2 2 957 1117 1293 1425
1242 4 2 2 2 957 945 1118 1425
1243 4 2 2 2 1054 1055 1042 1282
1244 4 2 2 2 1058 540 1233 1332
1245 4 2 2 2 301 857 307 1133
1246 4 2 2 2 305 306 857 1133
1247 4 2 2 2 1151 1356 620 1402
1248 4 2 2 2 960 1147 1367 1400
1249 4 2 2 2 944 1268 1221 1328
1250 4 2 2 2 529 528 1243 1379
1251 4 2 2 2 255 834 253 1252
1252 4 2 2 2 985 1117 1118 1172
1253 4 2 2 2 932 364 362 1145
1254 4 2 2 2 1014 1024 983 1409
1255 4 2 2 2 1152 1205 1033 1339
1256 4 2 2 2 540 525 1233 1309
1257 4 2 2 2 835 251 249 237
1258 4 2 2 2 811 239 835 237
1259 4 2 2 2 1149 1221 944 1462
1260 4 2 2 2 944 1221 1434 1462
1261 4 2 2 2 507 1237 1124 1401
1262 4 2 2 2 845 842 843 1378
1263 4 2 2 2 962 1276 1141 1290
1264 4 2 2 2 834 833 822 1273
1265 4 2 2 2 456 1008 457 1336
1266 4 2 2 2 1104 1242 538 1358
1267 4 2 2 2 1004 1126 1147 1432
1268 4 2 2 2 1296 1361 1144 1414
1269 4 2 2 2 1291 1360 1035 1361
1270 4 2 2 2 1371 1406 1065 1427
1271 4 2 2 2 1266 1274 1138 1330
1272 4 2 2 2 456 1362 1008 1445
1273 4 2 2 2 347 1084 1136 1438
1274 4 2 2 2 291 1299 1090 1372
1275 4 2 2 2 957 1118 1117 1425
1276 4 2 2 2 668 1126 690 1427
1277 4 2 2 2 1138 1260 1182 1334
1278 4 2 2 2 971 1068 1017 1235
1279 4 2 2 2 959 970 964 1208
1280 4 2 2 2 531 1067 515 1332
1281 4 2 2 2 604 1356 1355 1402
1282 4 2 2 2 955 1343 1203 1345
1283 4 2 2 2 683 1014 694 1223
1284 4 2 2 2 959 974 1266 1433
1285 4 2 2 2 563 1205 1149 1221
1286 4 2 2 2 593 1290 950 1405
1287 4 2 2 2 828 827 816 1344
1288 4 2 2 2 782 783 787 1312
1289 4 2 2 2 546 530 537 1412
1290 4 2 2 2 1097 460 1441 1445
1291 4 2 2 2 1006 982 1192 1460
1292 4 2 2 2 1018 1069 981 1240
1293 4 2 2 2 910 898 909 1102
1294 4 2 2 2 277 1122 278 1285
1295 4 2 2 2 970 1021 1034 1050
1296 4 2 2 2 439 1300 1204 1404
1297 4 2 2 2 962 1060 1171 1399
1298 4 2 2 2 507 1124 487 1401
1299 4 2 2 2 638 1117 622 1425
1300 4 2 2 2 668 1131 994 1147
1301 4 2 2 2 768 1234 353 1430
1302 4 2 2 2 935 924 936 1112
1303 4 2 2 2 810 811 799 1112
1304 4 2 2 2 944 1221 1149 1328
1305 4 2 2 2 497 1258 1201 1398
1306 4 2 2 2 1178 1141 1276 1290
1307 4 2 2 2 1070 1238 984 1371
1308 4 2 2 2 1124 1004 1237 1316
1309 4 2 2 2 961 1300 1227 1327
1310 4 2 2 2 434 1360 1070 1361
1311 4 2 2 2 902 1303 904 1446
1312 4 2 2 2 438 1292 1060 1399
1313 4 2 2 2 1008 1362 442 1445
1314 4 2 2 2 1175 1313 1003 1362
1315 4 2 2 2 631 1203 1118 1204
1316 4 2 2 2 256 257 815 1079
1317 4 2 2 2 330 1108 331 1366
1318 4 2 2 2 981 1069 1013 1240
1319 4 2 2 2 121 120 675 649
1320 4 2 2 2 715 128 129 680
1321 4 2 2 2 823 824 835 1129
1322 4 2 2 2 1183 1376 1171 1379
1323 4 2 2 2 1199 1235 971 1284
1324 4 2 2 2 561 1221 560 1434
1325 4 2 2 2 879 868 866 1439
1326 4 2 2 2 1204 1300 955 1345
1327 4 2 2 2 1110 1326 1325 1414
1328 4 2 2 2 297 290 298 942
1329 4 2 2 2 320 1311 319 1423
1330 4 2 2 2 964 1123 442 1445
1331 4 2 2 2 842 263 264 1306
1332 4 2 2 2 122 121 663 707
1333 4 2 2 2 357 926 928 1255
1334 4 2 2 2 618 633 572 1205
1335 4 2 2 2 320 321 862 1311
1336 4 2 2 2 727 442 443 964
1337 4 2 2 2 446 458 1123 1441
1338 4 2 2 2 1128 1343 955 1407
1339 4 2 2 2 967 952 1228 1335
1340 4 2 2 2 926 1081 927 1338
1341 4 2 2 2 528 1183 523 1294
1342 4 2 2 2 359 927 357 1081
1343 4 2 2 2 235 233 802 1081
1344 4 2 2 2 335 333 879 1084
1345 4 2 2 2 347 903 345 1084
1346 4 2 2 2 333 335 879 1085
1347 4 2 2 2 927 359 357 1085
1348 4 2 2 2 641 1151 620 1402
1349 4 2 2 2 945 1188 1138 1260
1350 4 2 2 2 1004 1124 1237 1453
1351 4 2 2 2 184 38 39 1056
1352 4 2 2 2 994 1053 668 1147
1353 4 2 2 2 668 1131 1147 1432
1354 4 2 2 2 1237 1176 1367 1415
1355 4 2 2 2 257 1220 1079 1403
1356 4 2 2 2 726 962 440 1294
1357 4 2 2 2 514 528 526 1294
1358 4 2 2 2 460 1123 458 1441
1359 4 2 2 2 1304 1305 1070 1422
1360 4 2 2 2 529 1037 991 1243
1361 4 2 2 2 1175 1361 1296 1414
1362 4 2 2 2 992 1058 1031 1287
1363 4 2 2 2 525 1100 524 1233
1364 4 2 2 2 618 572 549 1205
1365 4 2 2 2 948 1175 1003 1296
1366 4 2 2 2 1174 1196 1107 1387
1367 4 2 2 2 901 913 891 1059
1368 4 2 2 2 204 873 872 1181
1369 4 2 2 2 921 216 920 1181
1370 4 2 2 2 1015 1118 1117 1172
1371 4 2 2 2 955 1128 1060 1456
1372 4 2 2 2 158 129 716 702
1373 4 2 2 2 951 1065 1371 1406
1374 4 2 2 2 451 1242 1018 1286
1375 4 2 2 2 431 1033 1147 1339
1376 4 2 2 2 479 499 1247 1321
1377 4 2 2 2 951 944 1268 1277
1378 4 2 2 2 1140 1177 1060 1456
1379 4 2 2 2 1175 1003 1361 1362
1380 4 2 2 2 793 805 804 1139
1381 4 2 2 2 192 897 896 1179
1382 4 2 2 2 873 204 872 1179
1383 4 2 2 2 1178 1333 600 1441
1384 4 2 2 2 173 1257 1071 1376
1385 4 2 2 2 956 1091 950 1407
1386 4 2 2 2 1141 1183 962 1290
1387 4 2 2 2 453 1244 1240 1413
1388 4 2 2 2 933 934 366 1114
1389 4 2 2 2 242 809 808 1114
1390 4 2 2 2 1065 1194 667 1418
1391 4 2 2 2 446 1123 458 1396
1392 4 2 2 2 634 622 1015 1117
1393 4 2 2 2 1023 1138 1091 1266
1394 4 2 2 2 575 1325 1142 1401
1395 4 2 2 2 952 1105 1152 1349
1396 4 2 2 2 335 1136 1084 1437
1397 4 2 2 2 908 897 896 1103
1398 4 2 2 2 624 1205 644 1339
1399 4 2 2 2 1003 1305 1070 1361
1400 4 2 2 2 946 1177 963 1292
1401 4 2 2 2 195 1153 894 1166
1402 4 2 2 2 870 1153 207 1166
1403 4 2 2 2 207 1157 870 1167
1404 4 2 2 2 359 1085 927 1440
1405 4 2 2 2 1006 1073 982 1460
1406 4 2 2 2 946 1060 1177 1292
1407 4 2 2 2 597 1203 1140 1343
1408 4 2 2 2 550 569 532 1309
1409 4 2 2 2 992 1045 1335 1461
1410 4 2 2 2 950 1405 1128 1407
1411 4 2 2 2 1033 1105 1065 1268
1412 4 2 2 2 963 1177 1019 1292
1413 4 2 2 2 817 828 829 1139
1414 4 2 2 2 884 1158 1157 1181
1415 4 2 2 2 1157 1158 932 1181
1416 4 2 2 2 949 1178 1097 1333
1417 4 2 2 2 217 218 229 1145
1418 4 2 2 2 230 229 218 1145
1419 4 2 2 2 607 1334 1260 1391
1420 4 2 2 2 1175 1362 1110 1414
1421 4 2 2 2 441 962 726 1294
1422 4 2 2 2 868 879 866 1437
1423 4 2 2 2 1142 1149 944 1462
1424 4 2 2 2 601 1347 591 1396
1425 4 2 2 2 346 906 905 1106
1426 4 2 2 2 1131 1176 960 1367
1427 4 2 2 2 443 964 442 1445
1428 4 2 2 2 600 603 585 1333
1429 4 2 2 2 1196 1387 1174 1388
1430 4 2 2 2 1138 1188 957 1274
1431 4 2 2 2 336 1224 338 1232
1432 4 2 2 2 962 1246 1128 1290
1433 4 2 2 2 903 1084 347 1438
1434 4 2 2 2 1017 1235 1256 1284
1435 4 2 2 2 952 1058 1231 1332
1436 4 2 2 2 307 301 1133 1318
1437 4 2 2 2 1124 1291 1238 1432
1438 4 2 2 2 1216 1434 559 1462
1439 4 2 2 2 963 1151 1019 1177
1440 4 2 2 2 431 1147 1053 1339
1441 4 2 2 2 313 1259 312 1447
1442 4 2 2 2 307 1095 306 1331
1443 4 2 2 2 1097 1123 964 1445
1444 4 2 2 2 552 557 1401 1419
1445 4 2 2 2 1201 968 1209 1258
1446 4 2 2 2 686 704 124 1024
1447 4 2 2 2 956 1089 1276 1410
1448 4 2 2 2 807 808 240 1351
1449 4 2 2 2 832 831 252 1351
1450 4 2 2 2 457 1008 456 1362
1451 4 2 2 2 1004 1142 1237 1415
1452 4 2 2 2 527 1009 1013 1241
1453 4 2 2 2 845 1220 840 1403
1454 4 2 2 2 725 959 974 1266
1455 4 2 2 2 1004 1131 1147 1367
1456 4 2 2 2 965 1370 1007 1433
1457 4 2 2 2 527 1241 1013 1242
1458 4 2 2 2 235 1081 802 1363
1459 4 2 2 2 958 1014 1304 1417
1460 4 2 2 2 595 599 610 1141
1461 4 2 2 2 741 737 1042 1054
1462 4 2 2 2 453 1240 1412 1413
1463 4 2 2 2 961 1042 1227 1300
1464 4 2 2 2 562 1142 1149 1415
1465 4 2 2 2 1188 1260 945 1293
1466 4 2 2 2 804 803 1079 1386
1467 4 2 2 2 602 1260 1346 1391
1468 4 2 2 2 828 1079 827 1386
1469 4 2 2 2 127 700 691 1219
1470 4 2 2 2 273 274 847 1387
1471 4 2 2 2 1124 1237 507 1316
1472 4 2 2 2 561 1067 565 1384
1473 4 2 2 2 979 964 1089 1091
1474 4 2 2 2 563 1149 1205 1415
1475 4 2 2 2 828 1111 827 1344
1476 4 2 2 2 440 726 755 962
1477 4 2 2 2 517 1358 1242 1380
1478 4 2 2 2 443 1445 1097 1450
1479 4 2 2 2 966 1021 972 1276
1480 4 2 2 2 503 997 490 1316
1481 4 2 2 2 998 967 1194 1279
1482 4 2 2 2 1025 1277 1199 1305
1483 4 2 2 2 965 1089 1049 1357
1484 4 2 2 2 352 354 769 1180
1485 4 2 2 2 581 600 1141 1358
1486 4 2 2 2 550 566 569 1309
1487 4 2 2 2 92 1056 37 1446
1488 4 2 2 2 1110 1361 1175 1414
1489 4 2 2 2 957 1118 945 1404
1490 4 2 2 2 662 1088 121 1218
1491 4 2 2 2 804 234 1164 1255
1492 4 2 2 2 490 1398 1316 1421
1493 4 2 2 2 628 640 627 999
1494 4 2 2 2 249 251 835 1252
1495 4 2 2 2 322 863 171 1436
1496 4 2 2 2 963 1376 991 1379
1497 4 2 2 2 665 433 432 1233
1498 4 2 2 2 458 456 1008 1445
1499 4 2 2 2 622 502 977 1117
1500 4 2 2 2 814 824 259 1310
1501 4 2 2 2 525 1100 1233 1309
1502 4 2 2 2 432 1199 1233 1284
1503 4 2 2 2 802 1187 801 1386
1504 4 2 2 2 825 1187 826 1386
1505 4 2 2 2 558 1144 1142 1325
1506 4 2 2 2 1004 1147 1131 1432
1507 4 2 2 2 948 971 1100 1284
1508 4 2 2 2 996 997 995 1098
1509 4 2 2 2 1183 1246 962 1290
1510 4 2 2 2 952 1332 1231 1384
1511 4 2 2 2 584 606 617 1203
1512 4 2 2 2 125 1088 654 1218
1513 4 2 2 2 1105 1231 1067 1384
1514 4 2 2 2 490 1316 997 1421
1515 4 2 2 2 1092 1339 1147 1400
1516 4 2 2 2 540 522 1058 1233
1517 4 2 2 2 726 966 962 1171
1518 4 2 2 2 184 892 890 1084
1519 4 2 2 2 867 196 866 1084
1520 4 2 2 2 196 867 866 1085
1521 4 2 2 2 208 914 916 1085
1522 4 2 2 2 950 1276 1290 1410
1523 4 2 2 2 231 1164 1145 1255
1524 4 2 2 2 990 963 1037 1150
1525 4 2 2 2 491 1237 1176 1316
1526 4 2 2 2 1097 1214 1212 1445
1527 4 2 2 2 952 1105 1349 1384
1528 4 2 2 2 590 1217 592 1410
1529 4 2 2 2 1153 1156 884 1179
1530 4 2 2 2 908 1156 1153 1179
1531 4 2 2 2 463 1018 1212 1286
1532 4 2 2 2 865 1108 330 1297
1533 4 2 2 2 618 635 642 1152
1534 4 2 2 2 289 290 297 942
1535 4 2 2 2 565 1384 1067 1454
1536 4 2 2 2 1072 1073 1201 1320
1537 4 2 2 2 815 257 256 1344
1538 4 2 2 2 1089 1091 956 1433
1539 4 2 2 2 959 964 970 979
1540 4 2 2 2 563 1205 573 1415
1541 4 2 2 2 912 353 1159 1160
1542 4 2 2 2 888 1159 341 1160
1543 4 2 2 2 545 1009 1100 1239
1544 4 2 2 2 656 657 653 1218
1545 4 2 2 2 957 985 1118 1404
1546 4 2 2 2 323 1121 322 1374
1547 4 2 2 2 291 290 298 1226
1548 4 2 2 2 905 1303 1106 1446
1549 4 2 2 2 1070 1361 1035 1422
1550 4 2 2 2 332 1086 1085 1167
1551 4 2 2 2 1085 1086 356 1167
1552 4 2 2 2 1176 953 1367 1415
1553 4 2 2 2 620 1151 535 1243
1554 4 2 2 2 1037 1150 963 1151
1555 4 2 2 2 458 1123 460 1445
1556 4 2 2 2 488 1247 1124 1316
1557 4 2 2 2 1004 1237 1142 1453
1558 4 2 2 2 1018 1240 981 1244
1559 4 2 2 2 257 815 813 1310
1560 4 2 2 2 879 1085 335 1439
1561 4 2 2 2 952 1058 1332 1335
1562 4 2 2 2 1015 1092 1039 1109
1563 4 2 2 2 725 974 732 1266
1564 4 2 2 2 488 1001 1247 1316
1565 4 2 2 2 439 438 1204 1300
1566 4 2 2 2 506 482 494 1347
1567 4 2 2 2 489 1001 488 1398
1568 4 2 2 2 958 1406 1024 1417
1569 4 2 2 2 970 1050 1034 1078
1570 4 2 2 2 966 1021 980 1083
1571 4 2 2 2 257 258 844 1378
1572 4 2 2 2 442 727 752 970
1573 4 2 2 2 1006 1174 1119 1196
1574 4 2 2 2 449 466 470 1192
1575 4 2 2 2 362 932 1157 1158
1576 4 2 2 2 338 1157 884 1158
1577 4 2 2 2 620 406 535 1151
1578 4 2 2 2 1004 1149 1142 1415
1579 4 2 2 2 983 1219 1088 1406
1580 4 2 2 2 561 1384 1221 1434
1581 4 2 2 2 556 1325 557 1326
1582 4 2 2 2 540 531 515 1332
1583 4 2 2 2 842 263 262 1315
1584 4 2 2 2 1215 1294 1261 1442
1585 4 2 2 2 1105 1194 1065 1418
1586 4 2 2 2 1104 1009 1241 1442
1587 4 2 2 2 829 805 818 1139
1588 4 2 2 2 1152 1280 952 1349
1589 4 2 2 2 1142 1191 1004 1453
1590 4 2 2 2 134 124 707 663
1591 4 2 2 2 956 1276 950 1410
1592 4 2 2 2 927 1081 359 1338
1593 4 2 2 2 250 830 831 1306
1594 4 2 2 2 635 1349 570 1375
1595 4 2 2 2 1105 1221 1152 1349
1596 4 2 2 2 956 1370 1276 1381
1597 4 2 2 2 437 1201 1200 1209
1598 4 2 2 2 996 1039 1093 1230
1599 4 2 2 2 120 123 675 649
1600 4 2 2 2 159 128 715 680
1601 4 2 2 2 298 299 291 1226
1602 4 2 2 2 363 365 936 1112
1603 4 2 2 2 241 239 811 1112
1604 4 2 2 2 255 1074 833 1252
1605 4 2 2 2 591 1347 1217 1396
1606 4 2 2 2 260 823 261 1273
1607 4 2 2 2 280 1285 279 1319
1608 4 2 2 2 439 1184 1300 1404
1609 4 2 2 2 1110 1321 954 1326
1610 4 2 2 2 437 1208 959 1266
1611 4 2 2 2 559 1216 1144 1296
1612 4 2 2 2 502 493 1117 1293
1613 4 2 2 2 955 974 1227 1407
1614 4 2 2 2 432 1009 1046 1284
1615 4 2 2 2 242 1114 808 1451
1616 4 2 2 2 948 1199 971 1284
1617 4 2 2 2 1027 1042 1007 1227
1618 4 2 2 2 1037 1151 963 1243
1619 4 2 2 2 1221 1268 1033 1328
1620 4 2 2 2 468 444 982 1006
1621 4 2 2 2 761 349 351 1234
1622 4 2 2 2 968 1209 1208 1392
1623 4 2 2 2 593 1178 590 1410
1624 4 2 2 2 435 708 1235 1305
1625 4 2 2 2 879 335 1084 1437
1626 4 2 2 2 620 639 406 1151
1627 4 2 2 2 1073 1119 1006 1174
1628 4 2 2 2 1025 1231 1105 1418
1629 4 2 2 2 305 306 1133 1331
1630 4 2 2 2 671 1070 434 1360
1631 4 2 2 2 1191 1238 1070 1371
1632 4 2 2 2 561 560 559 1434
1633 4 2 2 2 951 1328 1191 1371
1634 4 2 2 2 532 515 550 1309
1635 4 2 2 2 565 1067 1332 1454
1636 4 2 2 2 565 576 550 1067
1637 4 2 2 2 563 571 549 1205
1638 4 2 2 2 955 1300 1204 1456
1639 4 2 2 2 1141 1104 1261 1294
1640 4 2 2 2 966 973 1034 1083
1641 4 2 2 2 996 1039 995 1109
1642 4 2 2 2 825 827 245 1459
1643 4 2 2 2 432 1235 670 1305
1644 4 2 2 2 1037 1243 963 1379
1645 4 2 2 2 624 636 621 1383
1646 4 2 2 2 1067 1216 1199 1277
1647 4 2 2 2 552 1401 484 1419
1648 4 2 2 2 336 338 883 1153
1649 4 2 2 2 907 350 348 1153
1650 4 2 2 2 338 336 883 1157
1651 4 2 2 2 360 362 931 1157
1652 4 2 2 2 785 1253 782 1288
1653 4 2 2 2 124 654 125 1088
1654 4 2 2 2 121 662 124 1088
1655 4 2 2 2 545 1009 524 1100
1656 4 2 2 2 333 1085 332 1086
1657 4 2 2 2 356 1085 357 1086
1658 4 2 2 2 1033 1339 1205 1400
1659 4 2 2 2 1203 1343 1334 1345
1660 4 2 2 2 502 1117 483 1293
1661 4 2 2 2 889 1301 877 1439
1662 4 2 2 2 944 1144 1216 1277
1663 4 2 2 2 156 130 702 716
1664 4 2 2 2 499 369 461 1321
1665 4 2 2 2 640 999 628 1280
1666 4 2 2 2 492 1188 1398 1421
1667 4 2 2 2 307 857 306 1133
1668 4 2 2 2 964 1123 1217 1392
1669 4 2 2 2 568 1314 573 1383
1670 4 2 2 2 700 701 127 691
1671 4 2 2 2 986 1117 985 1172
1672 4 2 2 2 968 1208 1258 1392
1673 4 2 2 2 273 847 272 1387
1674 4 2 2 2 609 1347 1023 1416
1675 4 2 2 2 593 590 592 1410
1676 4 2 2 2 1060 1177 1292 1456
1677 4 2 2 2 264 265 839 1306
1678 4 2 2 2 972 1097 964 1450
1679 4 2 2 2 581 1141 514 1358
1680 4 2 2 2 608 604 1355 1402
1681 4 2 2 2 944 1144 1142 1462
1682 4 2 2 2 576 566 550 1309
1683 4 2 2 2 913 1364 901 1438
1684 4 2 2 2 1035 1360 1110 1361
1685 4 2 2 2 274 273 282 1202
1686 4 2 2 2 988 973 1082 1086
1687 4 2 2 2 442 964 727 970
1688 4 2 2 2 1033 1205 1149 1400
1689 4 2 2 2 557 1144 558 1325
1690 4 2 2 2 1021 1034 1050 1251
1691 4 2 2 2 899 898 910 1102
1692 4 2 2 2 626 1118 1000 1204
1693 4 2 2 2 1131 1316 1004 1432
1694 4 2 2 2 955 1334 1182 1343
1695 4 2 2 2 1258 1266 1208 1398
1696 4 2 2 2 884 1153 338 1156
1697 4 2 2 2 350 1153 908 1156
1698 4 2 2 2 495 636 1109 1383
1699 4 2 2 2 365 936 1161 1163
1700 4 2 2 2 341 1161 888 1163
1701 4 2 2 2 610 1141 600 1178
1702 4 2 2 2 967 1335 1329 1461
1703 4 2 2 2 825 815 827 1111
1704 4 2 2 2 1097 1217 1123 1441
1705 4 2 2 2 488 507 1124 1247
1706 4 2 2 2 319 326 327 1350
1707 4 2 2 2 967 1228 952 1280
1708 4 2 2 2 567 1326 557 1419
1709 4 2 2 2 346 1106 905 1303
1710 4 2 2 2 858 857 167 1197
1711 4 2 2 2 833 1252 1074 1273
1712 4 2 2 2 288 852 287 1271
1713 4 2 2 2 944 951 1268 1328
1714 4 2 2 2 205 872 871 1157
1715 4 2 2 2 217 919 920 1157
1716 4 2 2 2 804 232 234 1255
1717 4 2 2 2 189 900 899 1159
1718 4 2 2 2 876 201 875 1159
1719 4 2 2 2 201 876 875 1161
1720 4 2 2 2 213 923 924 1161
1721 4 2 2 2 1100 1233 1199 1284
1722 4 2 2 2 523 991 1270 1294
1723 4 2 2 2 894 893 905 1106
1724 4 2 2 2 353 355 911 1159
1725 4 2 2 2 887 343 341 1159
1726 4 2 2 2 341 343 887 1161
1727 4 2 2 2 935 367 365 1161
1728 4 2 2 2 1175 1361 1110 1362
1729 4 2 2 2 981 1018 451 1242
1730 4 2 2 2 190 43 44 1102
1731 4 2 2 2 189 42 43 1102
1732 4 2 2 2 634 1118 631 1425
1733 4 2 2 2 1061 1062 1212 1298
1734 4 2 2 2 327 864 328 1297
1735 4 2 2 2 893 195 894 1166
1736 4 2 2 2 869 870 207 1166
1737 4 2 2 2 869 207 870 1167
1738 4 2 2 2 917 918 219 1167
1739 4 2 2 2 1033 1221 1105 1268
1740 4 2 2 2 908 909 897 1103
1741 4 2 2 2 1123 1392 1148 1444
1742 4 2 2 2 669 1231 1025 1418
1743 4 2 2 2 548 1237 562 1415
1744 4 2 2 2 929 930 358 1164
1745 4 2 2 2 805 804 234 1164
1746 4 2 2 2 440 1215 1009 1294
1747 4 2 2 2 364 362 1146 1158
1748 4 2 2 2 582 596 609 1260
1749 4 2 2 2 260 261 846 1273
1750 4 2 2 2 130 699 129 1390
1751 4 2 2 2 528 1183 539 1355
1752 4 2 2 2 429 1238 1291 1432
1753 4 2 2 2 460 1097 1286 1445
1754 4 2 2 2 610 1141 1178 1290
1755 4 2 2 2 332 881 334 1167
1756 4 2 2 2 881 332 334 1166
1757 4 2 2 2 905 346 344 1166
1758 4 2 2 2 929 356 358 1167
1759 4 2 2 2 1013 1047 1046 1239
1760 4 2 2 2 1243 1355 946 1379
1761 4 2 2 2 486 1016 1201 1245
1762 4 2 2 2 1006 1119 1032 1196
1763 4 2 2 2 858 304 305 1197
1764 4 2 2 2 694 1070 1304 1305
1765 4 2 2 2 1020 1064 978 1373
1766 4 2 2 2 1017 1239 971 1284
1767 4 2 2 2 694 1304 1014 1305
1768 4 2 2 2 947 1192 1123 1396
1769 4 2 2 2 1231 1332 1067 1384
1770 4 2 2 2 519 639 976 1151
1771 4 2 2 2 790 792 803 1079
1772 4 2 2 2 855 854 161 1317
1773 4 2 2 2 965 1049 979 1064
1774 4 2 2 2 1062 1248 1047 1366
1775 4 2 2 2 597 1182 1334 1343
1776 4 2 2 2 804 232 803 1386
1777 4 2 2 2 828 827 244 1386
1778 4 2 2 2 479 1196 444 1321
1779 4 2 2 2 729 752 959 970
1780 4 2 2 2 727 970 964 1450
1781 4 2 2 2 365 1113 363 1163
1782 4 2 2 2 976 1044 1329 1335
1783 4 2 2 2 213 1161 924 1301
1784 4 2 2 2 1039 1092 960 1109
1785 4 2 2 2 969 949 1429 1442
1786 4 2 2 2 1034 1250 1050 1251
1787 4 2 2 2 607 1260 602 1391
1788 4 2 2 2 571 1221 561 1384
1789 4 2 2 2 259 1129 260 1378
1790 4 2 2 2 1124 954 1401 1453
1791 4 2 2 2 633 624 621 1205
1792 4 2 2 2 330 323 322 1207
1793 4 2 2 2 982 1006 444 1196
1794 4 2 2 2 821 263 262 1273
1795 4 2 2 2 273 281 282 1202
1796 4 2 2 2 745 346 766 1303
1797 4 2 2 2 791 800 812 1363
1798 4 2 2 2 736 961 988 1399
1799 4 2 2 2 1149 1221 1033 1328
1800 4 2 2 2 590 1178 600 1441
1801 4 2 2 2 635 549 570 1349
1802 4 2 2 2 369 499 479 1321
1803 4 2 2 2 951 1065 1328 1371
1804 4 2 2 2 233 1170 245 1426
1805 4 2 2 2 1325 1401 954 1453
1806 4 2 2 2 888 877 889 1301
1807 4 2 2 2 936 937 925 1301
1808 4 2 2 2 429 1316 1001 1398
1809 4 2 2 2 956 979 965 1089
1810 4 2 2 2 1033 1147 1339 1400
1811 4 2 2 2 434 1070 666 1361
1812 4 2 2 2 1105 1231 1194 1418
1813 4 2 2 2 1142 1237 575 1401
1814 4 2 2 2 563 573 1149 1415
1815 4 2 2 2 650 658 655 1218
1816 4 2 2 2 1015 1051 1039 1092
1817 4 2 2 2 517 538 1242 1358
1818 4 2 2 2 274 273 1202 1387
1819 4 2 2 2 968 947 1245 1460
1820 4 2 2 2 121 124 704 1409
1821 4 2 2 2 433 1231 1058 1233
1822 4 2 2 2 968 1444 947 1460
1823 4 2 2 2 500 602 1260 1346
1824 4 2 2 2 365 935 936 1112
1825 4 2 2 2 810 241 811 1112
1826 4 2 2 2 1149 1367 1400 1415
1827 4 2 2 2 651 656 660 1389
1828 4 2 2 2 1005 1045 1037 1096
1829 4 2 2 2 463 1286 1212 1445
1830 4 2 2 2 1003 1144 1361 1422
1831 4 2 2 2 133 705 710 706
1832 4 2 2 2 969 1212 1062 1429
1833 4 2 2 2 714 701 127 700
1834 4 2 2 2 1001 1124 1011 1247
1835 4 2 2 2 850 1122 276 1319
1836 4 2 2 2 958 1304 1014 1382
1837 4 2 2 2 981 1018 1242 1429
1838 4 2 2 2 561 576 565 1067
1839 4 2 2 2 1142 1144 1035 1325
1840 4 2 2 2 950 1091 1410 1416
1841 4 2 2 2 524 1009 527 1104
1842 4 2 2 2 1149 1004 1367 1415
1843 4 2 2 2 434 442 1008 1362
1844 4 2 2 2 442 1123 964 1392
1845 4 2 2 2 761 349 1059 1264
1846 4 2 2 2 453 1240 465 1412
1847 4 2 2 2 479 1016 982 1196
1848 4 2 2 2 653 655 656 1218
1849 4 2 2 2 1035 1291 1238 1453
1850 4 2 2 2 1124 1004 1316 1432
1851 4 2 2 2 957 986 1188 1293
1852 4 2 2 2 957 1138 1274 1330
1853 4 2 2 2 952 1231 1105 1384
1854 4 2 2 2 253 251 1225 1252
1855 4 2 2 2 282 281 849 1319
1856 4 2 2 2 1199 1233 1100 1309
1857 4 2 2 2 1058 1287 992 1461
1858 4 2 2 2 930 1164 1145 1449
1859 4 2 2 2 676 984 1070 1238
1860 4 2 2 2 950 1182 1405 1407
1861 4 2 2 2 615 976 639 1005
1862 4 2 2 2 1173 1254 308 1257
1863 4 2 2 2 473 1110 1362 1414
1864 4 2 2 2 1036 1259 1095 1279
1865 4 2 2 2 194 47 48 1106
1866 4 2 2 2 932 931 920 1145
1867 4 2 2 2 825 813 815 1310
1868 4 2 2 2 497 494 482 1258
1869 4 2 2 2 571 1349 1221 1384
1870 4 2 2 2 471 1321 1110 1326
1871 4 2 2 2 429 1001 1124 1291
1872 4 2 2 2 804 828 1079 1139
1873 4 2 2 2 970 1021 1050 1089
1874 4 2 2 2 260 1273 846 1378
1875 4 2 2 2 1022 1079 1220 1403
1876 4 2 2 2 1010 1073 968 1201
1877 4 2 2 2 619 631 1391 1425
1878 4 2 2 2 545 1013 1009 1239
1879 4 2 2 2 963 1243 946 1379
1880 4 2 2 2 529 523 528 991
1881 4 2 2 2 519 1037 529 1243
1882 4 2 2 2 490 997 503 1421
1883 4 2 2 2 358 360 1168 1269
1884 4 2 2 2 272 160 848 1387
1885 4 2 2 2 667 1065 430 1194
1886 4 2 2 2 990 1071 1037 1376
1887 4 2 2 2 885 340 884 1181
1888 4 2 2 2 933 932 364 1181
1889 4 2 2 2 497 1245 1201 1258
1890 4 2 2 2 437 1208 1266 1398
1891 4 2 2 2 201 1159 876 1364
1892 4 2 2 2 610 581 600 1141
1893 4 2 2 2 442 1123 1008 1445
1894 4 2 2 2 345 347 1084 1125
1895 4 2 2 2 335 333 1084 1125
1896 4 2 2 2 1240 1244 1018 1393
1897 4 2 2 2 640 1005 999 1329
1898 4 2 2 2 443 1214 1097 1445
1899 4 2 2 2 1003 1277 1144 1422
1900 4 2 2 2 856 167 857 1394
1901 4 2 2 2 837 844 256 1403
1902 4 2 2 2 930 360 358 1164
1903 4 2 2 2 236 805 234 1164
1904 4 2 2 2 594 1182 596 1343
1905 4 2 2 2 909 1103 908 1308
1906 4 2 2 2 820 263 821 1306
1907 4 2 2 2 1128 1405 1343 1407
1908 4 2 2 2 908 909 352 1179
1909 4 2 2 2 340 885 884 1179
1910 4 2 2 2 877 1364 889 1437
1911 4 2 2 2 1141 1246 1183 1290
1912 4 2 2 2 216 228 215 1451
1913 4 2 2 2 227 215 228 1451
1914 4 2 2 2 977 1015 622 1117
1915 4 2 2 2 479 982 444 1196
1916 4 2 2 2 1100 1239 1009 1284
1917 4 2 2 2 491 507 1237 1316
1918 4 2 2 2 1221 1349 1105 1384
1919 4 2 2 2 437 729 959 1208
1920 4 2 2 2 944 1216 1144 1462
1921 4 2 2 2 1067 1216 1277 1434
1922 4 2 2 2 813 1187 1079 1220
1923 4 2 2 2 520 991 992 1270
1924 4 2 2 2 502 493 977 1117
1925 4 2 2 2 560 1221 1149 1462
1926 4 2 2 2 903 345 902 1264
1927 4 2 2 2 569 551 1412 1413
1928 4 2 2 2 827 244 245 1459
1929 4 2 2 2 460 1286 1097 1333
1930 4 2 2 2 502 622 391 638
1931 4 2 2 2 848 269 270 1388
1932 4 2 2 2 795 807 806 1087
1933 4 2 2 2 1067 1384 1332 1454
1934 4 2 2 2 124 121 704 707
1935 4 2 2 2 730 726 1171 1399
1936 4 2 2 2 1003 1235 1199 1305
1937 4 2 2 2 1142 1144 558 1462
1938 4 2 2 2 785 779 782 1253
1939 4 2 2 2 1200 1202 1107 1387
1940 4 2 2 2 203 874 873 1181
1941 4 2 2 2 921 922 215 1181
1942 4 2 2 2 741 1042 993 1054
1943 4 2 2 2 974 993 1042 1132
1944 4 2 2 2 1015 616 1092 1109
1945 4 2 2 2 446 460 458 1441
1946 4 2 2 2 618 549 635 1349
1947 4 2 2 2 955 1345 1203 1456
1948 4 2 2 2 997 995 1098 1272
1949 4 2 2 2 1091 1182 1023 1416
1950 4 2 2 2 344 1084 1166 1354
1951 4 2 2 2 343 887 886 1159
1952 4 2 2 2 910 911 355 1159
1953 4 2 2 2 343 886 887 1161
1954 4 2 2 2 367 935 934 1161
1955 4 2 2 2 944 1434 1216 1462
1956 4 2 2 2 882 336 883 1153
1957 4 2 2 2 348 906 907 1153
1958 4 2 2 2 336 882 883 1157
1959 4 2 2 2 360 931 930 1157
1960 4 2 2 2 1012 1062 969 1212
1961 4 2 2 2 1062 1047 1143 1366
1962 4 2 2 2 191 898 897 1179
1963 4 2 2 2 874 203 873 1179
1964 4 2 2 2 1058 1231 433 1287
1965 4 2 2 2 1105 1384 1067 1434
1966 4 2 2 2 1097 1178 1410 1441
1967 4 2 2 2 767 974 993 1042
1968 4 2 2 2 520 1058 992 1335
1969 4 2 2 2 955 1343 1182 1407
1970 4 2 2 2 1066 1115 1076 1162
1971 4 2 2 2 912 1160 1159 1364
1972 4 2 2 2 1159 1160 888 1364
1973 4 2 2 2 1019 1150 1063 1151
1974 4 2 2 2 606 643 425 617
1975 4 2 2 2 603 1358 534 1380
1976 4 2 2 2 893 892 185 1166
1977 4 2 2 2 197 867 869 1166
1978 4 2 2 2 869 867 197 1167
1979 4 2 2 2 209 916 917 1167
1980 4 2 2 2 473 1362 1175 1414
1981 4 2 2 2 1036 1206 1197 1259
1982 4 2 2 2 901 913 912 1364
1983 4 2 2 2 888 889 877 1364
1984 4 2 2 2 902 345 904 1303
1985 4 2 2 2 503 478 995 1109
1986 4 2 2 2 441 726 440 1294
1987 4 2 2 2 620 1151 1243 1356
1988 4 2 2 2 1015 1051 1000 1118
1989 4 2 2 2 792 793 804 1139
1990 4 2 2 2 554 633 621 1205
1991 4 2 2 2 572 633 554 1205
1992 4 2 2 2 362 931 932 1145
1993 4 2 2 2 429 138 1200 1291
1994 4 2 2 2 910 355 1102 1308
1995 4 2 2 2 1002 1362 455 1445
1996 4 2 2 2 671 1198 1291 1360
1997 4 2 2 2 699 130 129 702
1998 4 2 2 2 1149 1400 1205 1415
1999 4 2 2 2 816 815 827 1079
2000 4 2 2 2 971 1244 1240 1393
2001 4 2 2 2 552 567 557 1419
2002 4 2 2 2 318 319 862 1311
2003 4 2 2 2 1304 1371 984 1382
2004 4 2 2 2 443 1212 1211 1214
2005 4 2 2 2 1047 1256 1069 1374
2006 4 2 2 2 1184 955 1300 1345
2007 4 2 2 2 888 1163 1161 1301
2008 4 2 2 2 1161 1163 936 1301
2009 4 2 2 2 286 287 852 1271
2010 4 2 2 2 1038 1098 995 1272
2011 4 2 2 2 254 832 833 1074
2012 4 2 2 2 1128 950 1276 1290
2013 4 2 2 2 8 1059 1056 1264
2014 4 2 2 2 1207 1248 1108 1366
2015 4 2 2 2 947 1392 1217 1396
2016 4 2 2 2 1014 697 1305 1417
2017 4 2 2 2 1067 1233 1199 1309
2018 4 2 2 2 173 441 1257 1376
2019 4 2 2 2 260 1129 823 1273
2020 4 2 2 2 1235 1313 1068 1423
2021 4 2 2 2 949 1261 1141 1358
2022 4 2 2 2 480 1188 504 1260
2023 4 2 2 2 1212 1286 1097 1445
2024 4 2 2 2 967 1194 1105 1231
2025 4 2 2 2 556 1144 557 1325
2026 4 2 2 2 443 1212 1214 1445
2027 4 2 2 2 794 1087 818 1139
2028 4 2 2 2 550 410 565 515
2029 4 2 2 2 537 1239 1100 1240
2030 4 2 2 2 1097 1178 972 1410
2031 4 2 2 2 644 633 618 1205
2032 4 2 2 2 270 278 279 1377
2033 4 2 2 2 562 1149 1142 1462
2034 4 2 2 2 841 266 267 1344
2035 4 2 2 2 410 531 565 515
2036 4 2 2 2 891 1059 913 1264
2037 4 2 2 2 991 529 1243 1379
2038 4 2 2 2 459 1008 1006 1428
2039 4 2 2 2 974 1042 1007 1132
2040 4 2 2 2 256 816 815 1344
2041 4 2 2 2 235 1134 1081 1363
2042 4 2 2 2 1013 1062 981 1429
2043 4 2 2 2 964 1097 972 1410
2044 4 2 2 2 561 1384 565 1454
2045 4 2 2 2 909 1102 1103 1308
2046 4 2 2 2 944 951 1328 1422
2047 4 2 2 2 440 1261 1215 1294
2048 4 2 2 2 984 1238 679 1427
2049 4 2 2 2 488 1124 507 1316
2050 4 2 2 2 489 1201 1001 1398
2051 4 2 2 2 752 959 970 987
2052 4 2 2 2 521 518 1332 1375
2053 4 2 2 2 344 345 1084 1354
2054 4 2 2 2 775 1186 1254 1447
2055 4 2 2 2 690 1126 1065 1427
2056 4 2 2 2 956 1370 965 1433
2057 4 2 2 2 278 1122 850 1319
2058 4 2 2 2 972 1021 1034 1450
2059 4 2 2 2 1094 1257 1173 1394
2060 4 2 2 2 634 1117 1118 1425
2061 4 2 2 2 963 990 1037 1376
2062 4 2 2 2 986 957 1188 1274
2063 4 2 2 2 552 396 484 1401
2064 4 2 2 2 487 1124 507 1247
2065 4 2 2 2 311 860 312 1447
2066 4 2 2 2 627 629 626 1204
2067 4 2 2 2 560 563 1149 1221
2068 4 2 2 2 968 1258 947 1392
2069 4 2 2 2 819 830 831 1087
2070 4 2 2 2 1056 2 1303 1446
2071 4 2 2 2 470 1123 1192 1396
2072 4 2 2 2 1091 1217 964 1410
2073 4 2 2 2 793 794 805 1139
2074 4 2 2 2 1217 1347 591 1416
2075 4 2 2 2 1011 1107 1196 1387
2076 4 2 2 2 556 1326 547 1414
2077 4 2 2 2 982 1245 1192 1460
2078 4 2 2 2 556 1296 1144 1414
2079 4 2 2 2 1011 1200 1107 1387
2080 4 2 2 2 1095 1096 1044 1331
2081 4 2 2 2 966 961 988 1057
2082 4 2 2 2 207 1153 195 1166
2083 4 2 2 2 132 659 133 1389
2084 4 2 2 2 827 815 816 1344
2085 4 2 2 2 463 451 1018 1286
2086 4 2 2 2 344 904 905 1166
2087 4 2 2 2 880 881 332 1167
2088 4 2 2 2 881 880 332 1166
2089 4 2 2 2 356 929 928 1167
2090 4 2 2 2 811 1363 800 1395
2091 4 2 2 2 1217 1410 1091 1416
2092 4 2 2 2 400 480 582 506
2093 4 2 2 2 245 825 826 1386
2094 4 2 2 2 802 801 233 1386
2095 4 2 2 2 1091 1208 1023 1266
2096 4 2 2 2 584 1140 597 1203
2097 4 2 2 2 436 1266 732 1330
2098 4 2 2 2 1047 1069 1143 1374
2099 4 2 2 2 493 996 986 1421
2100 4 2 2 2 559 1144 1216 1462
2101 4 2 2 2 697 1014 693 1417
2102 4 2 2 2 665 432 697 1025
2103 4 2 2 2 631 1118 626 1204
2104 4 2 2 2 569 566 551 1413
2105 4 2 2 2 493 1188 986 1293
2106 4 2 2 2 957 1117 986 1293
2107 4 2 2 2 1056 1264 902 1368
2108 4 2 2 2 1079 1220 1187 1253
2109 4 2 2 2 251 239 835 1455
2110 4 2 2 2 1182 1343 594 1405
2111 4 2 2 2 665 1025 669 1231
2112 4 2 2 2 796 808 797 1451
2113 4 2 2 2 231 1145 219 1255
2114 4 2 2 2 1097 1410 1217 1441
2115 4 2 2 2 719 132 133 1411
2116 4 2 2 2 961 1042 1027 1227
2117 4 2 2 2 1082 1083 1057 1295
2118 4 2 2 2 1126 1238 1191 1371
2119 4 2 2 2 1277 1305 1304 1422
2120 4 2 2 2 473 1110 457 1362
2121 4 2 2 2 1001 1200 1107 1247
2122 4 2 2 2 336 338 1153 1232
2123 4 2 2 2 486 1001 489 1201
2124 4 2 2 2 954 1325 1110 1326
2125 4 2 2 2 562 548 575 1237
2126 4 2 2 2 232 804 803 1255
2127 4 2 2 2 801 1187 1079 1386
2128 4 2 2 2 352 748 769 1308
2129 4 2 2 2 1171 1292 730 1399
2130 4 2 2 2 1304 1305 1025 1417
2131 4 2 2 2 817 828 816 1344
2132 4 2 2 2 506 598 482 1347
2133 4 2 2 2 950 1405 1182 1416
2134 4 2 2 2 471 1110 1321 1336
2135 4 2 2 2 861 314 313 1447
2136 4 2 2 2 1097 1333 1178 1441
2137 4 2 2 2 919 1145 931 1449
2138 4 2 2 2 459 458 1008 1192
2139 4 2 2 2 840 844 258 1378
2140 4 2 2 2 469 456 457 1336
2141 4 2 2 2 1191 1328 951 1422
2142 4 2 2 2 951 944 1277 1422
2143 4 2 2 2 342 340 885 1181
2144 4 2 2 2 933 364 366 1181
2145 4 2 2 2 262 263 842 1273
2146 4 2 2 2 1005 1096 1037 1150
2147 4 2 2 2 1065 1406 951 1418
2148 4 2 2 2 503 505 1109 1176
2149 4 2 2 2 1142 1325 1035 1453
2150 4 2 2 2 825 1079 1187 1386
2151 4 2 2 2 436 1398 1274 1421
2152 4 2 2 2 830 818 806 1087
2153 4 2 2 2 479 1016 1196 1247
2154 4 2 2 2 948 1100 1199 1284
2155 4 2 2 2 969 1062 1012 1429
2156 4 2 2 2 279 271 270 1377
2157 4 2 2 2 527 1104 1241 1242
2158 4 2 2 2 34 96 100 1234
2159 4 2 2 2 455 1362 456 1445
2160 4 2 2 2 219 918 917 1255
2161 4 2 2 2 359 1081 1134 1338
2162 4 2 2 2 909 354 352 1179
2163 4 2 2 2 340 342 885 1179
2164 4 2 2 2 519 976 520 992
2165 4 2 2 2 952 1375 1332 1454
2166 4 2 2 2 693 697 694 1014
2167 4 2 2 2 968 1073 1010 1460
2168 4 2 2 2 1095 1133 1094 1318
2169 4 2 2 2 489 497 1201 1398
2170 4 2 2 2 1173 1257 300 1394
2171 4 2 2 2 951 1268 1025 1277
2172 4 2 2 2 835 239 811 1455
2173 4 2 2 2 919 918 218 1145
2174 4 2 2 2 1046 1239 1047 1256
2175 4 2 2 2 1126 1371 1065 1427
2176 4 2 2 2 522 1233 524 1270
2177 4 2 2 2 291 851 290 1372
2178 4 2 2 2 1070 1191 1304 1422
2179 4 2 2 2 529 520 991 992
2180 4 2 2 2 949 1286 969 1429
2181 4 2 2 2 452 1002 455 1212
2182 4 2 2 2 929 1164 358 1255
2183 4 2 2 2 249 247 1135 1189
2184 4 2 2 2 1052 1184 985 1330
2185 4 2 2 2 272 847 160 1387
2186 4 2 2 2 496 564 395 1237
2187 4 2 2 2 527 1013 536 1242
2188 4 2 2 2 1118 1204 1345 1404
2189 4 2 2 2 1128 1246 1140 1405
2190 4 2 2 2 617 1177 641 1402
2191 4 2 2 2 1228 1280 632 1375
2192 4 2 2 2 1001 1011 1200 1247
2193 4 2 2 2 1104 1429 949 1442
2194 4 2 2 2 971 1239 1100 1284
2195 4 2 2 2 845 840 844 1403
2196 4 2 2 2 340 1158 884 1181
2197 4 2 2 2 932 1158 364 1181
2198 4 2 2 2 969 1286 1212 1429
2199 4 2 2 2 899 910 911 1102
2200 4 2 2 2 339 888 341 1160
2201 4 2 2 2 912 351 353 1160
2202 4 2 2 2 1004 1191 1126 1432
2203 4 2 2 2 1028 1219 983 1382
2204 4 2 2 2 258 259 814 1220
2205 4 2 2 2 1123 947 1392 1444
2206 4 2 2 2 1004 1432 1124 1453
2207 4 2 2 2 1279 1329 1044 1461
2208 4 2 2 2 1013 1239 512 1240
2209 4 2 2 2 635 419 570 549
2210 4 2 2 2 965 1040 978 1373
2211 4 2 2 2 238 250 252 1190
2212 4 2 2 2 252 240 238 1190
2213 4 2 2 2 327 1297 328 1324
2214 4 2 2 2 960 1147 1131 1367
2215 4 2 2 2 267 817 816 1344
2216 4 2 2 2 180 1186 168 1292
2217 4 2 2 2 357 928 356 1255
2218 4 2 2 2 455 1002 454 1362
2219 4 2 2 2 444 1196 1006 1336
2220 4 2 2 2 624 633 644 1205
2221 4 2 2 2 184 39 186 1056
2222 4 2 2 2 717 130 131 678
2223 4 2 2 2 979 1089 956 1433
2224 4 2 2 2 952 1280 1228 1375
2225 4 2 2 2 369 444 461 1321
2226 4 2 2 2 697 432 670 1305
2227 4 2 2 2 584 1140 617 1402
2228 4 2 2 2 629 617 631 1204
2229 4 2 2 2 1140 1402 1177 1456
2230 4 2 2 2 442 1148 1123 1392
2231 4 2 2 2 790 792 221 1255
2232 4 2 2 2 494 1258 497 1398
2233 4 2 2 2 277 278 1120 1285
2234 4 2 2 2 586 482 598 1347
2235 4 2 2 2 1004 1126 1191 1328
2236 4 2 2 2 1065 1268 1105 1418
2237 4 2 2 2 736 988 966 1399
2238 4 2 2 2 671 666 434 1070
2239 4 2 2 2 634 622 1117 1425
2240 4 2 2 2 679 984 676 1238
2241 4 2 2 2 822 261 823 1273
2242 4 2 2 2 956 1276 1089 1381
2243 4 2 2 2 1349 1375 952 1454
2244 4 2 2 2 429 1291 1124 1432
2245 4 2 2 2 971 1175 1244 1313
2246 4 2 2 2 1120 1032 1198 1262
2247 4 2 2 2 1141 1261 1104 1358
2248 4 2 2 2 471 1110 447 1326
2249 4 2 2 2 951 1268 1065 1418
2250 4 2 2 2 1153 1155 346 1166
2251 4 2 2 2 334 1155 1153 1166
2252 4 2 2 2 516 529 528 1243
2253 4 2 2 2 453 1175 1244 1413
2254 4 2 2 2 978 1185 1357 1408
2255 4 2 2 2 669 1194 1231 1418
2256 4 2 2 2 561 574 1384 1454
2257 4 2 2 2 246 1185 828 1337
2258 4 2 2 2 956 1091 1407 1433
2259 4 2 2 2 1003 1216 1144 1277
2260 4 2 2 2 596 1260 607 1334
2261 4 2 2 2 967 998 1194 1231
2262 4 2 2 2 1003 1070 1305 1422
2263 4 2 2 2 983 1024 958 1406
2264 4 2 2 2 455 463 1212 1445
2265 4 2 2 2 1199 1216 1067 1309
2266 4 2 2 2 358 1164 360 1269
2267 4 2 2 2 261 838 846 1273
2268 4 2 2 2 369 479 444 1321
2269 4 2 2 2 559 1144 556 1296
2270 4 2 2 2 1134 1281 1353 1385
2271 4 2 2 2 496 507 487 1401
2272 4 2 2 2 852 288 162 1372
2273 4 2 2 2 710 705 120 675
2274 4 2 2 2 128 714 700 680
2275 4 2 2 2 1053 1092 1000 1339
2276 4 2 2 2 299 943 1226 1263
2277 4 2 2 2 1182 1405 594 1416
2278 4 2 2 2 955 1203 1343 1456
2279 4 2 2 2 978 1040 965 1357
2280 4 2 2 2 732 1184 974 1300
2281 4 2 2 2 792 1164 231 1255
2282 4 2 2 2 463 1018 452 1212
2283 4 2 2 2 90 94 30 1059
2284 4 2 2 2 991 441 1171 1376
2285 4 2 2 2 603 600 581 1358
2286 4 2 2 2 796 795 1087 1351
2287 4 2 2 2 496 484 396 1401
2288 4 2 2 2 970 979 964 1089
2289 4 2 2 2 1022 1220 1079 1253
2290 4 2 2 2 979 1050 970 1116
2291 4 2 2 2 946 1355 1243 1356
2292 4 2 2 2 570 1375 1349 1454
2293 4 2 2 2 974 1043 993 1132
2294 4 2 2 2 951 1065 1268 1328
2295 4 2 2 2 560 571 563 1221
2296 4 2 2 2 593 594 1405 1416
2297 4 2 2 2 1016 1107 1001 1201
2298 4 2 2 2 1203 1345 1204 1456
2299 4 2 2 2 582 400 506 598
2300 4 2 2 2 564 548 395 1237
2301 4 2 2 2 470 1123 458 1192
2302 4 2 2 2 826 247 836 1310
2303 4 2 2 2 1191 1238 1126 1432
2304 4 2 2 2 332 1166 1084 1354
2305 4 2 2 2 498 505 1314 1383
2306 4 2 2 2 946 1177 1140 1402
2307 4 2 2 2 835 836 249 1189
2308 4 2 2 2 610 1178 593 1290
2309 4 2 2 2 971 1069 1017 1393
2310 4 2 2 2 496 564 1237 1401
2311 4 2 2 2 840 1220 845 1315
2312 4 2 2 2 894 194 895 1153
2313 4 2 2 2 871 206 870 1153
2314 4 2 2 2 206 871 870 1157
2315 4 2 2 2 218 918 919 1157
2316 4 2 2 2 905 906 894 1106
2317 4 2 2 2 902 1368 1303 1446
2318 4 2 2 2 899 898 190 1159
2319 4 2 2 2 875 202 874 1159
2320 4 2 2 2 202 875 874 1161
2321 4 2 2 2 922 923 214 1161
2322 4 2 2 2 468 1192 982 1245
2323 4 2 2 2 455 1212 1002 1445
2324 4 2 2 2 1208 1258 1023 1266
2325 4 2 2 2 340 884 1156 1179
2326 4 2 2 2 908 352 1156 1179
2327 4 2 2 2 257 815 1310 1344
2328 4 2 2 2 210 1085 198 1301
2329 4 2 2 2 522 1058 1233 1270
2330 4 2 2 2 521 533 518 1375
2331 4 2 2 2 362 364 932 1158
2332 4 2 2 2 340 338 884 1158
2333 4 2 2 2 517 534 1358 1380
2334 4 2 2 2 4 99 97 1056
2335 4 2 2 2 320 862 319 1311
2336 4 2 2 2 429 1124 1001 1316
2337 4 2 2 2 256 257 844 1344
2338 4 2 2 2 597 1182 596 1334
2339 4 2 2 2 1199 1216 1003 1277
2340 4 2 2 2 857 861 305 858
2341 4 2 2 2 775 1254 166 1447
2342 4 2 2 2 1303 1368 1056 1446
2343 4 2 2 2 1176 1314 953 1415
2344 4 2 2 2 835 1129 836 1189
2345 4 2 2 2 323 1207 331 1366
2346 4 2 2 2 917 929 928 1255
2347 4 2 2 2 633 572 420 618
2348 4 2 2 2 1261 1294 1104 1442
2349 4 2 2 2 1237 1401 1142 1453
2350 4 2 2 2 789 790 220 1363
2351 4 2 2 2 690 687 1029 1406
2352 4 2 2 2 830 818 819 1337
2353 4 2 2 2 950 1290 1178 1410
2354 4 2 2 2 496 1237 507 1401
2355 4 2 2 2 961 728 1300 1399
2356 4 2 2 2 997 1098 1099 1272
2357 4 2 2 2 125 124 686 711
2358 4 2 2 2 974 1227 1042 1300
2359 4 2 2 2 642 1280 635 1375
2360 4 2 2 2 1192 1245 947 1460
2361 4 2 2 2 1238 1291 1124 1453
2362 4 2 2 2 435 434 666 1361
2363 4 2 2 2 491 481 1176 1237
2364 4 2 2 2 694 677 1223 1304
2365 4 2 2 2 465 453 1412 1413
2366 4 2 2 2 565 1332 531 1454
2367 4 2 2 2 125 687 1024 1406
2368 4 2 2 2 365 363 936 1163
2369 4 2 2 2 339 341 888 1163
2370 4 2 2 2 391 483 502 638
2371 4 2 2 2 478 977 996 1109
2372 4 2 2 2 252 250 1306 1408
2373 4 2 2 2 1225 1252 251 1353
2374 4 2 2 2 460 1333 1097 1441
2375 4 2 2 2 333 335 1085 1169
2376 4 2 2 2 282 281 1319 1348
2377 4 2 2 2 986 1099 1030 1330
2378 4 2 2 2 1003 1361 1070 1422
2379 4 2 2 2 493 478 977 996
2380 4 2 2 2 1128 1140 1343 1405
2381 4 2 2 2 1119 1196 1174 1388
2382 4 2 2 2 1052 985 1184 1404
2383 4 2 2 2 951 1277 1025 1304
2384 4 2 2 2 858 303 304 1197
2385 4 2 2 2 1009 1046 1013 1241
2386 4 2 2 2 246 232 244 1083
2387 4 2 2 2 246 234 232 1083
2388 4 2 2 2 825 1111 827 1459
2389 4 2 2 2 976 1005 615 1329
2390 4 2 2 2 419 635 618 549
2391 4 2 2 2 1051 1053 1039 1092
2392 4 2 2 2 805 829 804 1139
2393 4 2 2 2 540 515 525 1309
2394 4 2 2 2 625 628 627 1339
2395 4 2 2 2 471 457 1110 1336
2396 4 2 2 2 575 557 1325 1401
2397 4 2 2 2 737 961 1042 1055
2398 4 2 2 2 257 258 813 1220
2399 4 2 2 2 226 225 213 1112
2400 4 2 2 2 213 214 226 1112
2401 4 2 2 2 834 822 823 1273
2402 4 2 2 2 822 833 821 1273
2403 4 2 2 2 829 828 804 1139
2404 4 2 2 2 1156 1158 340 1180
2405 4 2 2 2 432 1233 433 1270
2406 4 2 2 2 1311 1350 1121 1436
2407 4 2 2 2 445 1018 981 1244
2408 4 2 2 2 1121 1311 1068 1350
2409 4 2 2 2 1000 1092 625 1339
2410 4 2 2 2 534 543 603 1380
2411 4 2 2 2 496 395 481 1237
2412 4 2 2 2 822 821 262 1273
2413 4 2 2 2 433 1233 1058 1270
2414 4 2 2 2 1046 1009 1215 1248
2415 4 2 2 2 856 301 300 1394
2416 4 2 2 2 543 612 603 1380
2417 4 2 2 2 522 525 524 1233
2418 4 2 2 2 436 1274 1266 1330
2419 4 2 2 2 979 1091 1089 1433
2420 4 2 2 2 610 599 581 1141
2421 4 2 2 2 513 520 976 992
2422 4 2 2 2 500 602 399 1260
2423 4 2 2 2 459 1006 1192 1428
2424 4 2 2 2 596 1182 597 1343
2425 4 2 2 2 396 552 564 1401
2426 4 2 2 2 168 1206 438 1292
2427 4 2 2 2 499 1321 461 1419
2428 4 2 2 2 623 1015 1000 1118
2429 4 2 2 2 557 556 558 1144
2430 4 2 2 2 330 331 1207 1366
2431 4 2 2 2 571 560 561 1221
2432 4 2 2 2 955 1204 1345 1456
2433 4 2 2 2 323 317 863 1436
2434 4 2 2 2 597 1140 605 1343
2435 4 2 2 2 618 572 420 549
2436 4 2 2 2 1128 955 1343 1456
2437 4 2 2 2 974 1007 1043 1132
2438 4 2 2 2 754 1155 348 1458
2439 4 2 2 2 1102 1308 355 1430
2440 4 2 2 2 675 704 121 707
2441 4 2 2 2 997 1131 428 1316
2442 4 2 2 2 665 669 1025 1418
2443 4 2 2 2 1014 1304 1223 1382
2444 4 2 2 2 801 1079 790 1386
2445 4 2 2 2 813 258 814 1187
2446 4 2 2 2 919 931 930 1449
2447 4 2 2 2 442 1008 1123 1148
2448 4 2 2 2 333 332 1084 1354
2449 4 2 2 2 844 1220 257 1403
2450 4 2 2 2 309 315 1254 1318
2451 4 2 2 2 884 338 340 1156
2452 4 2 2 2 352 350 908 1156
2453 4 2 2 2 459 1006 1008 1336
2454 4 2 2 2 258 1187 813 1220
2455 4 2 2 2 95 91 33 1103
2456 4 2 2 2 843 837 844 1378
2457 4 2 2 2 778 786 785 1253
2458 4 2 2 2 317 1143 316 1436
2459 4 2 2 2 839 842 1130 1378
2460 4 2 2 2 1238 1432 1191 1453
2461 4 2 2 2 283 1200 282 1348
2462 4 2 2 2 983 958 1014 1382
2463 4 2 2 2 484 496 487 1401
2464 4 2 2 2 669 667 1194 1418
2465 4 2 2 2 1005 1150 1037 1151
2466 4 2 2 2 255 1064 254 1074
2467 4 2 2 2 439 1052 1184 1404
2468 4 2 2 2 332 334 1166 1342
2469 4 2 2 2 738 988 739 1041
2470 4 2 2 2 532 530 546 1412
2471 4 2 2 2 547 556 557 1326
2472 4 2 2 2 425 584 606 617
2473 4 2 2 2 984 1371 1238 1427
2474 4 2 2 2 523 1270 524 1294
2475 4 2 2 2 609 591 1347 1416
2476 4 2 2 2 1049 1089 1021 1357
2477 4 2 2 2 365 1112 363 1113
2478 4 2 2 2 239 1112 241 1113
2479 4 2 2 2 562 1149 573 1415
2480 4 2 2 2 301 857 1133 1394
2481 4 2 2 2 634 1015 623 1118
2482 4 2 2 2 208 916 914 1338
2483 4 2 2 2 1343 1405 1182 1407
2484 4 2 2 2 318 862 171 1436
2485 4 2 2 2 436 1266 1274 1398
2486 4 2 2 2 947 1123 1392 1396
2487 4 2 2 2 1183 946 1355 1379
2488 4 2 2 2 395 548 481 1237
2489 4 2 2 2 601 586 591 1347
2490 4 2 2 2 655 658 656 1218
2491 4 2 2 2 1126 1238 1371 1427
2492 4 2 2 2 1097 1286 949 1333
2493 4 2 2 2 457 1110 473 1414
2494 4 2 2 2 800 812 1101 1187
2495 4 2 2 2 967 1280 1279 1329
2496 4 2 2 2 888 337 339 1301
2497 4 2 2 2 363 361 936 1301
2498 4 2 2 2 738 973 988 1041
2499 4 2 2 2 988 1041 973 1086
2500 4 2 2 2 1039 1053 994 1092
2501 4 2 2 2 500 399 480 1260
2502 4 2 2 2 699 680 702 129
2503 4 2 2 2 465 1412 450 1413
2504 4 2 2 2 318 326 319 1350
2505 4 2 2 2 971 1017 1068 1393
2506 4 2 2 2 1009 1013 1046 1239
2507 4 2 2 2 812 802 235 1187
2508 4 2 2 2 806 831 830 1087
2509 4 2 2 2 831 806 807 1087
2510 4 2 2 2 1124 1401 1237 1453
2511 4 2 2 2 334 1167 1157 1168
2512 4 2 2 2 1157 1167 358 1168
2513 4 2 2 2 1038 995 1098 1230
2514 4 2 2 2 323 322 1207 1374
2515 4 2 2 2 592 1217 591 1416
2516 4 2 2 2 1070 1191 1035 1238
2517 4 2 2 2 991 441 1270 1294
2518 4 2 2 2 568 573 554 1383
2519 4 2 2 2 495 636 389 1109
2520 4 2 2 2 624 1092 616 1109
2521 4 2 2 2 836 1129 824 1310
2522 4 2 2 2 996 1098 995 1230
2523 4 2 2 2 1123 1148 1008 1444
2524 4 2 2 2 1176 1237 481 1314
2525 4 2 2 2 820 821 263 1351
2526 4 2 2 2 991 1243 1037 1379
2527 4 2 2 2 767 974 732 993
2528 4 2 2 2 441 726 962 1171
2529 4 2 2 2 470 458 1123 1396
2530 4 2 2 2 460 1286 463 1445
2531 4 2 2 2 1015 1000 1051 1092
2532 4 2 2 2 1058 992 1335 1461
2533 4 2 2 2 1018 1127 1002 1212
2534 4 2 2 2 480 504 500 1260
2535 4 2 2 2 471 1321 1326 1419
2536 4 2 2 2 1004 1191 1432 1453
2537 4 2 2 2 754 1106 346 1303
2538 4 2 2 2 1106 1303 2 1446
2539 4 2 2 2 359 1081 357 1170
2540 4 2 2 2 644 1152 628 1339
2541 4 2 2 2 571 574 1349 1384
2542 4 2 2 2 769 1180 354 1448
2543 4 2 2 2 594 596 1182 1416
2544 4 2 2 2 789 791 802 1363
2545 4 2 2 2 1207 1215 1108 1248
2546 4 2 2 2 546 515 532 1309
2547 4 2 2 2 454 1244 1175 1362
2548 4 2 2 2 974 1007 1042 1227
2549 4 2 2 2 1005 1063 999 1279
2550 4 2 2 2 958 1406 1417 1418
2551 4 2 2 2 471 457 447 1110
2552 4 2 2 2 606 584 597 1203
2553 4 2 2 2 937 936 361 1301
2554 4 2 2 2 888 889 337 1301
2555 4 2 2 2 1050 1116 1049 1249
2556 4 2 2 2 486 1016 1001 1201
2557 4 2 2 2 482 598 506 401
2558 4 2 2 2 571 561 574 1384
2559 4 2 2 2 729 1208 437 1209
2560 4 2 2 2 893 905 1106 1446
2561 4 2 2 2 1011 1198 975 1291
2562 4 2 2 2 666 1070 694 1305
2563 4 2 2 2 566 1216 559 1296
2564 4 2 2 2 982 1073 1245 1460
2565 4 2 2 2 1006 1032 1008 1336
2566 4 2 2 2 467 1242 451 1286
2567 4 2 2 2 630 1151 641 1177
2568 4 2 2 2 268 1120 1198 1262
2569 4 2 2 2 949 1104 1261 1358
2570 4 2 2 2 346 754 348 1106
2571 4 2 2 2 629 641 617 1177
2572 4 2 2 2 1019 1063 1005 1151
2573 4 2 2 2 1025 1304 1277 1305
2574 4 2 2 2 554 573 563 1205
2575 4 2 2 2 608 1140 584 1402
2576 4 2 2 2 981 1013 512 1240
2577 4 2 2 2 34 1102 96 1234
2578 4 2 2 2 606 643 1203 1391
2579 4 2 2 2 631 617 643 1203
2580 4 2 2 2 431 1053 1000 1339
2581 4 2 2 2 1061 1297 1108 1298
2582 4 2 2 2 455 454 456 1362
2583 4 2 2 2 1217 1392 1123 1396
2584 4 2 2 2 529 519 520 992
2585 4 2 2 2 483 1346 1293 1425
2586 4 2 2 2 633 572 554 421
2587 4 2 2 2 309 859 308 1254
2588 4 2 2 2 696 668 690 1427
2589 4 2 2 2 351 1364 349 1365
2590 4 2 2 2 1017 1256 1239 1284
2591 4 2 2 2 1128 1343 1140 1456
2592 4 2 2 2 1095 1094 1173 1318
2593 4 2 2 2 623 1000 626 1118
2594 4 2 2 2 956 965 979 1433
2595 4 2 2 2 1140 1246 605 1405
2596 4 2 2 2 899 1102 911 1234
2597 4 2 2 2 974 1184 955 1300
2598 4 2 2 2 434 1008 1360 1362
2599 4 2 2 2 43 190 189 1102
2600 4 2 2 2 190 44 191 1102
2601 4 2 2 2 815 1079 825 1386
2602 4 2 2 2 967 1228 1329 1335
2603 4 2 2 2 1070 1035 1191 1422
2604 4 2 2 2 1052 1118 985 1404
2605 4 2 2 2 666 694 708 1305
2606 4 2 2 2 565 531 411 1454
2607 4 2 2 2 946 1246 1183 1355
2608 4 2 2 2 979 1049 965 1089
2609 4 2 2 2 500 1293 483 1346
2610 4 2 2 2 235 237 247 1135
2611 4 2 2 2 841 267 837 1344
2612 4 2 2 2 770 1234 768 1430
2613 4 2 2 2 1002 1313 1244 1362
2614 4 2 2 2 485 982 486 1016
2615 4 2 2 2 325 331 1108 1366
2616 4 2 2 2 845 1315 1220 1403
2617 4 2 2 2 986 997 1099 1330
2618 4 2 2 2 440 1270 441 1294
2619 4 2 2 2 140 994 668 1131
2620 4 2 2 2 1142 1401 1325 1453
2621 4 2 2 2 242 808 240 1451
2622 4 2 2 2 692 1409 1014 1411
2623 4 2 2 2 979 1049 1050 1116
2624 4 2 2 2 336 1153 334 1155
2625 4 2 2 2 348 346 1153 1155
2626 4 2 2 2 976 1329 1228 1335
2627 4 2 2 2 986 985 1030 1172
2628 4 2 2 2 957 986 985 1030
2629 4 2 2 2 565 411 553 1454
2630 4 2 2 2 604 587 1355 1356
2631 4 2 2 2 401 482 598 586
2632 4 2 2 2 351 912 349 1364
2633 4 2 2 2 339 337 888 1364
2634 4 2 2 2 548 1314 1237 1415
2635 4 2 2 2 249 247 237 1135
2636 4 2 2 2 532 409 550 515
2637 4 2 2 2 1332 1375 518 1454
2638 4 2 2 2 520 992 513 1335
2639 4 2 2 2 212 213 225 1112
2640 4 2 2 2 212 225 224 1112
2641 4 2 2 2 977 1039 1015 1093
2642 4 2 2 2 294 1030 295 1278
2643 4 2 2 2 339 888 1160 1364
2644 4 2 2 2 351 1160 912 1364
2645 4 2 2 2 553 411 518 1454
2646 4 2 2 2 548 481 1237 1314
2647 4 2 2 2 1173 1318 1094 1394
2648 4 2 2 2 1178 1290 1276 1410
2649 4 2 2 2 622 977 623 1015
2650 4 2 2 2 595 1290 593 1405
2651 4 2 2 2 737 988 961 1055
2652 4 2 2 2 531 518 411 1454
2653 4 2 2 2 1095 1063 1259 1331
2654 4 2 2 2 1044 1045 1005 1096
2655 4 2 2 2 975 1196 1011 1247
2656 4 2 2 2 1093 1117 996 1172
2657 4 2 2 2 441 1031 433 1257
2658 4 2 2 2 564 575 1237 1401
2659 4 2 2 2 434 1361 435 1362
2660 4 2 2 2 266 265 818 1337
2661 4 2 2 2 527 538 1104 1242
2662 4 2 2 2 588 1346 619 1391
2663 4 2 2 2 623 1015 616 1092
2664 4 2 2 2 37 92 97 1056
2665 4 2 2 2 451 536 981 1242
2666 4 2 2 2 1189 1252 1020 1373
2667 4 2 2 2 948 1199 1100 1309
2668 4 2 2 2 1237 1314 1176 1415
2669 4 2 2 2 954 1326 1321 1419
2670 4 2 2 2 562 1142 558 1462
2671 4 2 2 2 591 1217 583 1396
2672 4 2 2 2 754 766 346 1155
2673 4 2 2 2 1182 1407 950 1416
2674 4 2 2 2 717 699 130 678
2675 4 2 2 2 363 936 1163 1301
2676 4 2 2 2 888 339 1163 1301
2677 4 2 2 2 619 634 631 1425
2678 4 2 2 2 1178 1276 972 1410
2679 4 2 2 2 642 632 1280 1375
2680 4 2 2 2 548 562 573 1415
2681 4 2 2 2 577 552 511 1419
2682 4 2 2 2 1025 1305 697 1417
2683 4 2 2 2 556 1144 559 1462
2684 4 2 2 2 520 992 1058 1270
2685 4 2 2 2 491 1176 503 1316
2686 4 2 2 2 1105 1268 1221 1434
2687 4 2 2 2 554 633 421 621
2688 4 2 2 2 824 1129 259 1310
2689 4 2 2 2 616 1015 977 1109
2690 4 2 2 2 452 1018 1002 1212
2691 4 2 2 2 563 549 572 1205
2692 4 2 2 2 913 349 912 1364
2693 4 2 2 2 337 889 888 1364
2694 4 2 2 2 1003 1199 1277 1305
2695 4 2 2 2 927 915 914 1338
2696 4 2 2 2 845 840 846 1378
2697 4 2 2 2 312 1259 1206 1447
2698 4 2 2 2 966 962 980 1276
2699 4 2 2 2 694 1070 677 1304
2700 4 2 2 2 1244 1313 1175 1362
2701 4 2 2 2 599 1246 608 1355
2702 4 2 2 2 962 1128 1276 1290
2703 4 2 2 2 433 1058 1031 1270
2704 4 2 2 2 1243 1355 516 1356
2705 4 2 2 2 550 569 409 532
2706 4 2 2 2 1201 1320 1107 1348
2707 4 2 2 2 831 832 252 1306
2708 4 2 2 2 396 564 496 1401
2709 4 2 2 2 486 489 497 1201
2710 4 2 2 2 459 1006 468 1192
2711 4 2 2 2 732 1184 1052 1330
2712 4 2 2 2 628 644 618 1152
2713 4 2 2 2 966 961 1327 1399
2714 4 2 2 2 814 836 824 1310
2715 4 2 2 2 951 1025 1268 1418
2716 4 2 2 2 512 1239 537 1240
2717 4 2 2 2 1140 1343 1203 1456
2718 4 2 2 2 545 527 1009 1013
2719 4 2 2 2 630 1019 1151 1177
2720 4 2 2 2 1105 1268 1025 1418
2721 4 2 2 2 762 1322 1066 1431
2722 4 2 2 2 1031 1058 992 1270
2723 4 2 2 2 1192 1428 1006 1460
2724 4 2 2 2 582 480 399 1260
2725 4 2 2 2 263 1273 821 1306
2726 4 2 2 2 1034 1078 1050 1250
2727 4 2 2 2 991 1031 441 1376
2728 4 2 2 2 999 1279 967 1280
2729 4 2 2 2 552 484 511 1419
2730 4 2 2 2 708 670 1235 1305
2731 4 2 2 2 1007 1043 979 1433
2732 4 2 2 2 851 288 289 1372
2733 4 2 2 2 620 1243 535 1356
2734 4 2 2 2 1073 1201 1016 1245
2735 4 2 2 2 195 194 48 1106
2736 4 2 2 2 569 541 532 1412
2737 4 2 2 2 965 980 1040 1373
2738 4 2 2 2 141 668 994 1053
2739 4 2 2 2 1201 1245 1073 1460
2740 4 2 2 2 96 36 98 1102
2741 4 2 2 2 1061 1214 1012 1215
2742 4 2 2 2 968 1201 1073 1460
2743 4 2 2 2 966 961 1057 1327
2744 4 2 2 2 1003 1144 1216 1296
2745 4 2 2 2 782 787 1288 1312
2746 4 2 2 2 341 343 1161 1236
2747 4 2 2 2 736 966 726 1399
2748 4 2 2 2 639 630 1005 1151
2749 4 2 2 2 289 296 297 1267
2750 4 2 2 2 450 578 551 1412
2751 4 2 2 2 677 683 694 1223
2752 4 2 2 2 993 1054 1042 1282
2753 4 2 2 2 125 1029 687 1406
2754 4 2 2 2 1155 1232 348 1458
2755 4 2 2 2 262 842 838 1273
2756 4 2 2 2 1217 1396 1123 1441
2757 4 2 2 2 525 546 1100 1309
2758 4 2 2 2 452 455 463 1212
2759 4 2 2 2 445 981 1240 1244
2760 4 2 2 2 834 823 1252 1273
2761 4 2 2 2 602 500 613 1346
2762 4 2 2 2 910 911 1102 1430
2763 4 2 2 2 358 360 1157 1168
2764 4 2 2 2 334 1157 336 1168
2765 4 2 2 2 686 704 711 124
2766 4 2 2 2 538 517 534 1358
2767 4 2 2 2 610 593 595 1290
2768 4 2 2 2 513 976 1228 1335
2769 4 2 2 2 342 340 1181 1323
2770 4 2 2 2 548 573 1314 1415
2771 4 2 2 2 457 447 1110 1414
2772 4 2 2 2 498 495 505 1383
2773 4 2 2 2 612 475 585 1380
2774 4 2 2 2 93 29 89 1265
2775 4 2 2 2 367 1114 1112 1424
2776 4 2 2 2 1112 1114 243 1424
2777 4 2 2 2 160 276 268 940
2778 4 2 2 2 1072 1319 1122 1320
2779 4 2 2 2 844 837 256 1344
2780 4 2 2 2 1190 1250 250 1408
2781 4 2 2 2 167 1133 857 1394
2782 4 2 2 2 451 981 452 1018
2783 4 2 2 2 438 1300 728 1399
2784 4 2 2 2 367 1162 1161 1181
2785 4 2 2 2 1161 1162 343 1181
2786 4 2 2 2 258 840 259 1220
2787 4 2 2 2 454 1002 1244 1362
2788 4 2 2 2 477 578 450 1412
2789 4 2 2 2 493 986 1188 1421
2790 4 2 2 2 1005 1037 976 1151
2791 4 2 2 2 838 842 262 1315
2792 4 2 2 2 1065 1033 1268 1328
2793 4 2 2 2 967 1228 1280 1329
2794 4 2 2 2 666 671 677 1070
2795 4 2 2 2 808 809 242 1351
2796 4 2 2 2 254 833 832 1351
2797 4 2 2 2 486 1201 497 1245
2798 4 2 2 2 982 1073 1016 1245
2799 4 2 2 2 630 640 1005 1019
2800 4 2 2 2 558 1144 556 1462
2801 4 2 2 2 435 1235 1211 1313
2802 4 2 2 2 483 638 1346 1425
2803 4 2 2 2 437 959 725 1266
2804 4 2 2 2 795 806 794 1087
2805 4 2 2 2 619 427 646 1346
2806 4 2 2 2 606 426 643 1391
2807 4 2 2 2 1221 1268 944 1434
2808 4 2 2 2 1035 1238 1191 1453
2809 4 2 2 2 752 733 959 987
2810 4 2 2 2 447 1326 1110 1414
2811 4 2 2 2 160 163 276 940
2812 4 2 2 2 317 325 316 1143
2813 4 2 2 2 997 436 1099 1330
2814 4 2 2 2 531 1332 518 1454
2815 4 2 2 2 521 1332 1058 1335
2816 4 2 2 2 1124 1432 1238 1453
2817 4 2 2 2 541 569 578 1412
2818 4 2 2 2 1107 1320 1202 1348
2819 4 2 2 2 1051 1052 1000 1118
2820 4 2 2 2 592 594 593 1416
2821 4 2 2 2 659 652 658 1389
2822 4 2 2 2 665 669 433 1231
2823 4 2 2 2 951 1304 1025 1417
2824 4 2 2 2 1148 1428 1008 1444
2825 4 2 2 2 6 92 89 1106
2826 4 2 2 2 222 208 210 1338
2827 4 2 2 2 222 220 208 1338
2828 4 2 2 2 1011 1196 1107 1247
2829 4 2 2 2 520 521 1058 1335
2830 4 2 2 2 561 565 574 1454
2831 4 2 2 2 271 848 270 1388
2832 4 2 2 2 969 1261 949 1442
2833 4 2 2 2 1089 1091 964 1410
2834 4 2 2 2 516 528 539 1355
2835 4 2 2 2 813 826 825 1187
2836 4 2 2 2 801 802 789 1187
2837 4 2 2 2 513 1228 533 1335
2838 4 2 2 2 582 399 602 1260
2839 4 2 2 2 957 1330 985 1404
2840 4 2 2 2 459 1192 1008 1428
2841 4 2 2 2 965 1089 1357 1381
2842 4 2 2 2 613 500 510 1346
2843 4 2 2 2 947 1444 1192 1460
2844 4 2 2 2 450 1412 551 1413
2845 4 2 2 2 694 1014 697 1305
2846 4 2 2 2 429 1001 437 1398
2847 4 2 2 2 427 613 646 1346
2848 4 2 2 2 953 1400 1367 1415
2849 4 2 2 2 827 828 244 1185
2850 4 2 2 2 1231 1287 1058 1461
2851 4 2 2 2 767 974 1042 1300
2852 4 2 2 2 1129 1252 823 1273
2853 4 2 2 2 986 1210 996 1278
2854 4 2 2 2 1329 1335 1044 1461
2855 4 2 2 2 352 909 908 1308
2856 4 2 2 2 489 1398 490 1421
2857 4 2 2 2 979 1007 965 1064
2858 4 2 2 2 562 560 1149 1462
2859 4 2 2 2 501 497 482 1245
2860 4 2 2 2 434 1360 1361 1362
2861 4 2 2 2 1073 1006 1428 1460
2862 4 2 2 2 1021 1276 980 1381
2863 4 2 2 2 1023 1266 1258 1398
2864 4 2 2 2 305 1133 857 1197
2865 4 2 2 2 346 1155 766 1342
2866 4 2 2 2 342 343 1162 1181
2867 4 2 2 2 367 366 1162 1181
2868 4 2 2 2 1060 1292 1171 1399
2869 4 2 2 2 305 1197 1259 1331
2870 4 2 2 2 393 568 579 1383
2871 4 2 2 2 841 1130 265 1337
2872 4 2 2 2 393 498 568 1383
2873 4 2 2 2 491 507 481 1237
2874 4 2 2 2 725 732 436 1266
2875 4 2 2 2 1127 1298 1213 1324
2876 4 2 2 2 1089 1276 1021 1381
2877 4 2 2 2 970 1034 989 1078
2878 4 2 2 2 609 592 591 1416
2879 4 2 2 2 521 540 1058 1332
2880 4 2 2 2 525 545 524 1100
2881 4 2 2 2 301 1318 1173 1394
2882 4 2 2 2 910 1102 355 1430
2883 4 2 2 2 376 536 451 1242
2884 4 2 2 2 325 324 316 1143
2885 4 2 2 2 585 475 448 1380
2886 4 2 2 2 175 443 1211 1214
2887 4 2 2 2 601 591 583 1396
2888 4 2 2 2 831 1087 807 1351
2889 4 2 2 2 1032 1198 1196 1388
2890 4 2 2 2 832 821 833 1074
2891 4 2 2 2 428 1131 668 1432
2892 4 2 2 2 336 1155 1168 1224
2893 4 2 2 2 980 965 1040 1357
2894 4 2 2 2 326 324 865 1297
2895 4 2 2 2 841 1337 266 1344
2896 4 2 2 2 91 44 98 1103
2897 4 2 2 2 488 487 507 1247
2898 4 2 2 2 1220 1315 1022 1403
2899 4 2 2 2 538 526 1104 1358
2900 4 2 2 2 472 446 385 1441
2901 4 2 2 2 309 1254 1173 1318
2902 4 2 2 2 855 296 295 1317
2903 4 2 2 2 624 616 636 1109
2904 4 2 2 2 520 523 991 1270
2905 4 2 2 2 599 595 608 1246
2906 4 2 2 2 580 645 570 1375
2907 4 2 2 2 438 730 1292 1399
2908 4 2 2 2 1003 1305 1277 1422
2909 4 2 2 2 1175 1296 948 1413
2910 4 2 2 2 316 318 863 1436
2911 4 2 2 2 1081 1082 233 1255
2912 4 2 2 2 544 580 553 1375
2913 4 2 2 2 570 645 635 1375
2914 4 2 2 2 210 223 222 1338
2915 4 2 2 2 210 211 223 1338
2916 4 2 2 2 445 1240 453 1244
2917 4 2 2 2 1212 1298 1127 1324
2918 4 2 2 2 468 982 485 1245
2919 4 2 2 2 1094 1095 1036 1133
2920 4 2 2 2 214 1112 923 1114
2921 4 2 2 2 798 1112 226 1114
2922 4 2 2 2 937 1301 361 1440
2923 4 2 2 2 99 39 1056 1059
2924 4 2 2 2 1040 1111 1020 1459
2925 4 2 2 2 902 345 1303 1368
2926 4 2 2 2 327 328 1213 1324
2927 4 2 2 2 566 1296 555 1413
2928 4 2 2 2 282 1202 281 1348
2929 4 2 2 2 601 384 466 1396
2930 4 2 2 2 630 1005 640 1329
2931 4 2 2 2 986 1030 1210 1278
2932 4 2 2 2 465 450 453 1413
2933 4 2 2 2 908 1103 896 1457
2934 4 2 2 2 763 767 732 993
2935 4 2 2 2 1021 1089 970 1450
2936 4 2 2 2 634 622 623 1015
2937 4 2 2 2 1018 1244 1127 1393
2938 4 2 2 2 255 1064 1074 1252
2939 4 2 2 2 969 1214 1261 1442
2940 4 2 2 2 621 648 579 1383
2941 4 2 2 2 624 625 1092 1339
2942 4 2 2 2 435 150 1211 1235
2943 4 2 2 2 904 345 344 1303
2944 4 2 2 2 631 634 626 1118
2945 4 2 2 2 427 588 613 1346
2946 4 2 2 2 468 485 371 1245
2947 4 2 2 2 246 248 1251 1408
2948 4 2 2 2 604 608 584 1402
2949 4 2 2 2 951 1277 1304 1422
2950 4 2 2 2 544 553 518 1375
2951 4 2 2 2 625 1000 623 1092
2952 4 2 2 2 471 1326 464 1419
2953 4 2 2 2 949 1261 1104 1442
2954 4 2 2 2 442 1209 729 1341
2955 4 2 2 2 564 575 548 1237
2956 4 2 2 2 1063 1095 1044 1331
2957 4 2 2 2 605 1140 608 1246
2958 4 2 2 2 612 585 603 1380
2959 4 2 2 2 1191 1328 1126 1371
2960 4 2 2 2 908 1308 1103 1457
2961 4 2 2 2 99 94 39 1059
2962 4 2 2 2 132 652 659 1389
2963 4 2 2 2 463 451 452 1018
2964 4 2 2 2 968 1245 1201 1460
2965 4 2 2 2 353 355 1159 1222
2966 4 2 2 2 512 1013 545 1239
2967 4 2 2 2 825 815 1111 1310
2968 4 2 2 2 1159 1179 343 1420
2969 4 2 2 2 520 523 529 991
2970 4 2 2 2 376 451 467 1242
2971 4 2 2 2 1024 983 1088 1406
2972 4 2 2 2 274 1202 1200 1387
2973 4 2 2 2 263 842 1273 1306
2974 4 2 2 2 877 876 200 1301
2975 4 2 2 2 924 925 212 1301
2976 4 2 2 2 526 523 524 1294
2977 4 2 2 2 483 500 504 1293
2978 4 2 2 2 949 1333 1286 1380
2979 4 2 2 2 985 1330 1184 1404
2980 4 2 2 2 493 503 478 996
2981 4 2 2 2 1017 1121 1069 1374
2982 4 2 2 2 812 1363 811 1395
2983 4 2 2 2 816 828 817 1139
2984 4 2 2 2 986 1172 1030 1278
2985 4 2 2 2 968 1392 947 1444
2986 4 2 2 2 986 996 1117 1172
2987 4 2 2 2 1246 1290 595 1405
2988 4 2 2 2 976 615 1228 1329
2989 4 2 2 2 278 270 1120 1377
2990 4 2 2 2 346 905 344 1303
2991 4 2 2 2 1118 1345 945 1404
2992 4 2 2 2 944 1277 1216 1434
2993 4 2 2 2 481 548 394 1314
2994 4 2 2 2 487 479 499 1247
2995 4 2 2 2 508 648 495 1383
2996 4 2 2 2 1037 1071 991 1376
2997 4 2 2 2 297 853 289 942
2998 4 2 2 2 280 279 850 1319
2999 4 2 2 2 827 1111 815 1344
3000 4 2 2 2 323 1374 317 1436
3001 4 2 2 2 486 982 479 1016
3002 4 2 2 2 630 629 1019 1177
3003 4 2 2 2 1126 1328 1065 1371
3004 4 2 2 2 748 1308 352 1457
3005 4 2 2 2 900 899 911 1234
3006 4 2 2 2 814 1187 258 1220
3007 4 2 2 2 495 648 636 1383
3008 4 2 2 2 674 692 684 1409
3009 4 2 2 2 974 1043 1007 1433
3010 4 2 2 2 975 1291 1198 1360
3011 4 2 2 2 909 910 1102 1308
3012 4 2 2 2 293 292 1030 1099
3013 4 2 2 2 393 508 498 1383
3014 4 2 2 2 429 1124 1316 1432
3015 4 2 2 2 493 504 1188 1293
3016 4 2 2 2 1091 950 1407 1416
3017 4 2 2 2 485 1016 486 1245
3018 4 2 2 2 823 1129 835 1252
3019 4 2 2 2 526 528 523 1294
3020 4 2 2 2 458 455 456 1445
3021 4 2 2 2 992 1287 1045 1461
3022 4 2 2 2 232 233 1082 1255
3023 4 2 2 2 164 1099 436 1330
3024 4 2 2 2 30 94 8 1059
3025 4 2 2 2 671 1198 136 1291
3026 4 2 2 2 140 141 994 1090
3027 4 2 2 2 342 343 1179 1420
3028 4 2 2 2 328 1297 329 1324
3029 4 2 2 2 983 1275 1028 1382
3030 4 2 2 2 1198 1336 975 1360
3031 4 2 2 2 616 623 977 1015
3032 4 2 2 2 972 1089 964 1410
3033 4 2 2 2 461 474 511 1419
3034 4 2 2 2 680 128 129 1340
3035 4 2 2 2 619 588 427 1346
3036 4 2 2 2 336 1157 338 1224
3037 4 2 2 2 1039 1053 1051 1299
3038 4 2 2 2 442 434 435 1362
3039 4 2 2 2 585 448 1333 1380
3040 4 2 2 2 448 1286 460 1333
3041 4 2 2 2 449 468 371 1245
3042 4 2 2 2 634 623 626 1118
3043 4 2 2 2 357 1082 1081 1255
3044 4 2 2 2 511 499 461 1419
3045 4 2 2 2 1010 1072 1209 1341
3046 4 2 2 2 628 618 642 1152
3047 4 2 2 2 579 508 393 1383
3048 4 2 2 2 434 442 174 1148
3049 4 2 2 2 505 1176 481 1314
3050 4 2 2 2 454 453 1175 1244
3051 4 2 2 2 553 518 1375 1454
3052 4 2 2 2 820 821 832 1306
3053 4 2 2 2 521 540 522 1058
3054 4 2 2 2 1140 605 1343 1405
3055 4 2 2 2 356 929 358 1255
3056 4 2 2 2 996 1093 977 1117
3057 4 2 2 2 555 1413 1296 1414
3058 4 2 2 2 597 1334 1203 1343
3059 4 2 2 2 944 1268 1277 1434
3060 4 2 2 2 501 449 371 1245
3061 4 2 2 2 594 596 597 1343
3062 4 2 2 2 889 337 1301 1439
3063 4 2 2 2 455 460 463 1445
3064 4 2 2 2 818 817 829 1139
3065 4 2 2 2 138 1200 1011 1387
3066 4 2 2 2 584 605 597 1140
3067 4 2 2 2 459 458 456 1008
3068 4 2 2 2 605 1246 595 1405
3069 4 2 2 2 35 1103 1102 1308
3070 4 2 2 2 583 1396 1217 1441
3071 4 2 2 2 997 1131 995 1272
3072 4 2 2 2 498 1314 568 1383
3073 4 2 2 2 961 1227 1027 1327
3074 4 2 2 2 254 1064 255 1193
3075 4 2 2 2 587 608 604 1355
3076 4 2 2 2 473 454 1175 1362
3077 4 2 2 2 969 1012 1214 1442
3078 4 2 2 2 949 1242 1286 1429
3079 4 2 2 2 1095 1133 306 1331
3080 4 2 2 2 449 1192 468 1245
3081 4 2 2 2 778 1253 785 1288
3082 4 2 2 2 436 437 1266 1398
3083 4 2 2 2 345 903 347 1264
3084 4 2 2 2 360 1435 1164 1449
3085 4 2 2 2 642 635 632 1375
3086 4 2 2 2 252 1074 1049 1408
3087 4 2 2 2 913 349 1364 1438
3088 4 2 2 2 381 551 555 1413
3089 4 2 2 2 901 900 188 1364
3090 4 2 2 2 876 877 200 1364
3091 4 2 2 2 504 480 492 1188
3092 4 2 2 2 637 620 1356 1402
3093 4 2 2 2 1038 1090 1039 1271
3094 4 2 2 2 261 823 260 1101
3095 4 2 2 2 636 616 389 1109
3096 4 2 2 2 988 1086 1082 1169
3097 4 2 2 2 642 628 1152 1280
3098 4 2 2 2 468 459 444 1006
3099 4 2 2 2 980 1057 1027 1327
3100 4 2 2 2 347 1264 349 1359
3101 4 2 2 2 642 1280 1228 1329
3102 4 2 2 2 542 587 614 1356
3103 4 2 2 2 363 1112 936 1395
3104 4 2 2 2 959 1026 735 1066
3105 4 2 2 2 432 433 441 1270
3106 4 2 2 2 441 440 432 1270
3107 4 2 2 2 637 1356 604 1402
3108 4 2 2 2 566 555 551 1413
3109 4 2 2 2 852 1271 288 1372
3110 4 2 2 2 604 637 647 1356
3111 4 2 2 2 811 1112 239 1395
3112 4 2 2 2 246 244 828 1185
3113 4 2 2 2 842 843 839 1315
3114 4 2 2 2 838 1273 842 1378
3115 4 2 2 2 945 1293 1346 1425
3116 4 2 2 2 651 1218 656 1389
3117 4 2 2 2 354 352 1179 1180
3118 4 2 2 2 554 621 579 1383
3119 4 2 2 2 502 483 493 1293
3120 4 2 2 2 852 162 1271 1372
3121 4 2 2 2 126 125 686 712
3122 4 2 2 2 566 559 556 1296
3123 4 2 2 2 1069 1239 1017 1256
3124 4 2 2 2 725 437 729 959
3125 4 2 2 2 453 462 1175 1413
3126 4 2 2 2 524 527 526 1104
3127 4 2 2 2 414 534 603 1358
3128 4 2 2 2 671 434 1198 1360
3129 4 2 2 2 246 1083 244 1185
3130 4 2 2 2 604 647 614 1356
3131 4 2 2 2 336 1155 334 1168
3132 4 2 2 2 975 1196 1321 1336
3133 4 2 2 2 551 578 569 1412
3134 4 2 2 2 638 646 392 1346
3135 4 2 2 2 812 237 235 1363
3136 4 2 2 2 539 599 416 1355
3137 4 2 2 2 542 516 587 1356
3138 4 2 2 2 444 1321 1196 1336
3139 4 2 2 2 371 485 501 1245
3140 4 2 2 2 1089 972 1276 1410
3141 4 2 2 2 1110 1361 1360 1362
3142 4 2 2 2 602 1346 588 1391
3143 4 2 2 2 245 1170 247 1283
3144 4 2 2 2 381 555 462 1413
3145 4 2 2 2 462 1175 1413 1414
3146 4 2 2 2 470 446 458 1396
3147 4 2 2 2 630 1019 1005 1151
3148 4 2 2 2 562 563 573 1149
3149 4 2 2 2 485 982 1016 1245
3150 4 2 2 2 492 1398 489 1421
3151 4 2 2 2 976 1037 1005 1045
3152 4 2 2 2 516 1355 587 1356
3153 4 2 2 2 1074 1306 1048 1408
3154 4 2 2 2 1107 1202 1200 1348
3155 4 2 2 2 583 385 446 1441
3156 4 2 2 2 851 162 288 1372
3157 4 2 2 2 381 450 551 1413
3158 4 2 2 2 660 658 652 1389
3159 4 2 2 2 237 1134 235 1363
3160 4 2 2 2 1200 1201 1107 1348
3161 4 2 2 2 288 1230 1267 1271
3162 4 2 2 2 700 688 691 1029
3163 4 2 2 2 1103 1308 33 1457
3164 4 2 2 2 957 1030 985 1330
3165 4 2 2 2 965 956 1089 1381
3166 4 2 2 2 257 844 1344 1378
3167 4 2 2 2 274 282 1200 1202
3168 4 2 2 2 1001 1107 1016 1247
3169 4 2 2 2 842 839 1130 1306
3170 4 2 2 2 392 483 638 1346
3171 4 2 2 2 1091 1407 1182 1416
3172 4 2 2 2 788 787 780 1288
3173 4 2 2 2 701 686 155 713
3174 4 2 2 2 680 129 699 1340
3175 4 2 2 2 445 452 981 1018
3176 4 2 2 2 131 132 718 678
3177 4 2 2 2 29 1106 89 1265
3178 4 2 2 2 623 1000 1015 1092
3179 4 2 2 2 602 398 613 500
3180 4 2 2 2 1127 1213 1211 1324
3181 4 2 2 2 540 525 522 1233
3182 4 2 2 2 1031 1037 992 1173
3183 4 2 2 2 358 1168 1165 1269
3184 4 2 2 2 630 615 1005 1329
3185 4 2 2 2 283 282 1319 1348
3186 4 2 2 2 833 1074 821 1273
3187 4 2 2 2 345 902 1264 1368
3188 4 2 2 2 8 99 4 1056
3189 4 2 2 2 966 972 962 1276
3190 4 2 2 2 555 462 1413 1414
3191 4 2 2 2 767 1042 961 1300
3192 4 2 2 2 1222 1322 1066 1463
3193 4 2 2 2 596 582 607 1260
3194 4 2 2 2 966 1057 980 1327
3195 4 2 2 2 441 730 726 1171
3196 4 2 2 2 690 673 687 1406
3197 4 2 2 2 348 1106 754 1265
3198 4 2 2 2 512 445 981 1240
3199 4 2 2 2 814 259 258 1310
3200 4 2 2 2 367 1112 365 1424
3201 4 2 2 2 241 1112 243 1424
3202 4 2 2 2 1006 1196 1032 1336
3203 4 2 2 2 917 916 209 1255
3204 4 2 2 2 659 658 1218 1389
3205 4 2 2 2 517 1242 467 1380
3206 4 2 2 2 827 1111 828 1185
3207 4 2 2 2 1015 1039 977 1109
3208 4 2 2 2 615 513 976 1228
3209 4 2 2 2 572 554 563 1205
3210 4 2 2 2 1066 1322 1222 1431
3211 4 2 2 2 1021 1251 1049 1357
3212 4 2 2 2 326 318 1143 1350
3213 4 2 2 2 601 583 384 1396
3214 4 2 2 2 1227 1327 1128 1370
3215 4 2 2 2 337 339 1302 1365
3216 4 2 2 2 607 602 588 1391
3217 4 2 2 2 407 535 542 1356
3218 4 2 2 2 535 1243 516 1356
3219 4 2 2 2 1001 1200 437 1201
3220 4 2 2 2 366 1114 367 1115
3221 4 2 2 2 243 1114 242 1115
3222 4 2 2 2 359 361 1137 1440
3223 4 2 2 2 1227 1407 974 1433
3224 4 2 2 2 1095 1173 1094 1287
3225 4 2 2 2 356 1082 357 1255
3226 4 2 2 2 637 641 620 1402
3227 4 2 2 2 414 603 581 1358
3228 4 2 2 2 246 1185 1337 1408
3229 4 2 2 2 509 476 372 501
3230 4 2 2 2 778 785 787 1288
3231 4 2 2 2 361 1301 1137 1440
3232 4 2 2 2 44 1102 98 1103
3233 4 2 2 2 767 732 974 1300
3234 4 2 2 2 489 494 497 1398
3235 4 2 2 2 751 973 1034 1450
3236 4 2 2 2 1012 1108 1215 1248
3237 4 2 2 2 556 555 1296 1414
3238 4 2 2 2 807 1087 795 1351
3239 4 2 2 2 558 556 559 1462
3240 4 2 2 2 972 1089 1021 1450
3241 4 2 2 2 944 1328 1191 1422
3242 4 2 2 2 1068 1235 971 1313
3243 4 2 2 2 1027 1227 1007 1370
3244 4 2 2 2 359 361 937 1338
3245 4 2 2 2 510 613 398 500
3246 4 2 2 2 611 466 383 476
3247 4 2 2 2 91 35 33 1103
3248 4 2 2 2 384 446 466 1396
3249 4 2 2 2 436 1274 997 1421
3250 4 2 2 2 414 581 514 1358
3251 4 2 2 2 362 1145 364 1146
3252 4 2 2 2 832 820 831 1351
3253 4 2 2 2 807 796 808 1351
3254 4 2 2 2 533 1228 632 1375
3255 4 2 2 2 578 450 551 382
3256 4 2 2 2 575 558 562 1142
3257 4 2 2 2 589 472 385 1441
3258 4 2 2 2 359 1134 361 1338
3259 4 2 2 2 813 258 257 1310
3260 4 2 2 2 495 389 478 1109
3261 4 2 2 2 553 1375 570 1454
3262 4 2 2 2 337 889 1364 1437
3263 4 2 2 2 472 1333 460 1441
3264 4 2 2 2 949 1286 1242 1380
3265 4 2 2 2 597 1334 588 1391
3266 4 2 2 2 491 503 490 1316
3267 4 2 2 2 559 566 576 1216
3268 4 2 2 2 541 569 532 408
3269 4 2 2 2 834 823 835 1252
3270 4 2 2 2 1105 1221 1384 1434
3271 4 2 2 2 263 821 262 1075
3272 4 2 2 2 910 354 355 1308
3273 4 2 2 2 426 619 643 1391
3274 4 2 2 2 642 1228 632 1329
3275 4 2 2 2 263 1315 1087 1351
3276 4 2 2 2 986 1098 996 1210
3277 4 2 2 2 525 515 546 1309
3278 4 2 2 2 530 465 1240 1412
3279 4 2 2 2 1020 1048 978 1074
3280 4 2 2 2 814 259 824 1101
3281 4 2 2 2 466 611 383 601
3282 4 2 2 2 991 1031 992 1270
3283 4 2 2 2 820 263 264 1087
3284 4 2 2 2 477 450 578 382
3285 4 2 2 2 577 552 397 511
3286 4 2 2 2 467 517 376 1242
3287 4 2 2 2 661 129 651 1389
3288 4 2 2 2 32 1059 761 1234
3289 4 2 2 2 294 293 1030 1210
3290 4 2 2 2 900 912 901 1234
3291 4 2 2 2 640 999 1280 1329
3292 4 2 2 2 669 667 430 1194
3293 4 2 2 2 438 1206 1019 1292
3294 4 2 2 2 463 467 451 1286
3295 4 2 2 2 1096 1254 315 1318
3296 4 2 2 2 950 1290 1128 1405
3297 4 2 2 2 430 1194 999 1206
3298 4 2 2 2 817 1337 828 1344
3299 4 2 2 2 407 620 535 1356
3300 4 2 2 2 857 1133 167 1197
3301 4 2 2 2 327 326 864 1297
3302 4 2 2 2 1083 1251 1021 1357
3303 4 2 2 2 1002 1211 443 1212
3304 4 2 2 2 957 986 1030 1330
3305 4 2 2 2 1242 1286 467 1380
3306 4 2 2 2 345 1264 347 1368
3307 4 2 2 2 617 424 584 1402
3308 4 2 2 2 965 1007 979 1433
3309 4 2 2 2 453 445 465 1240
3310 4 2 2 2 343 342 1162 1420
3311 4 2 2 2 1045 1095 1044 1287
3312 4 2 2 2 1271 1299 1267 1372
3313 4 2 2 2 387 475 585 612
3314 4 2 2 2 630 615 639 1005
3315 4 2 2 2 347 1084 1125 1136
3316 4 2 2 2 335 1125 1084 1136
3317 4 2 2 2 736 961 737 988
3318 4 2 2 2 583 446 1396 1441
3319 4 2 2 2 392 510 483 1346
3320 4 2 2 2 462 450 381 1413
3321 4 2 2 2 484 397 552 511
3322 4 2 2 2 955 1227 974 1300
3323 4 2 2 2 957 1274 986 1330
3324 4 2 2 2 1107 1196 1016 1247
3325 4 2 2 2 171 863 318 1436
3326 4 2 2 2 263 1075 1315 1351
3327 4 2 2 2 412 544 580 553
3328 4 2 2 2 1047 1062 1013 1248
3329 4 2 2 2 906 894 1106 1265
3330 4 2 2 2 988 1169 1082 1170
3331 4 2 2 2 320 319 1213 1423
3332 4 2 2 2 428 668 696 1432
3333 4 2 2 2 1017 1256 1121 1374
3334 4 2 2 2 837 841 843 1403
3335 4 2 2 2 604 637 423 647
3336 4 2 2 2 337 335 1137 1439
3337 4 2 2 2 903 891 913 1264
3338 4 2 2 2 958 1029 984 1219
3339 4 2 2 2 543 612 413 603
3340 4 2 2 2 1037 1071 990 1150
3341 4 2 2 2 534 543 413 603
3342 4 2 2 2 1137 1301 337 1439
3343 4 2 2 2 258 1310 259 1378
3344 4 2 2 2 787 783 780 1195
3345 4 2 2 2 841 1139 839 1403
3346 4 2 2 2 408 541 569 578
3347 4 2 2 2 645 580 570 418
3348 4 2 2 2 423 614 604 647
3349 4 2 2 2 384 583 446 1396
3350 4 2 2 2 1107 1174 1016 1196
3351 4 2 2 2 344 346 766 1342
3352 4 2 2 2 922 214 923 1114
3353 4 2 2 2 798 226 797 1114
3354 4 2 2 2 1211 1212 1127 1324
3355 4 2 2 2 520 1058 522 1270
3356 4 2 2 2 1289 1354 345 1369
3357 4 2 2 2 443 1214 731 1450
3358 4 2 2 2 297 1267 296 1317
3359 4 2 2 2 418 570 645 635
3360 4 2 2 2 270 269 1120 1388
3361 4 2 2 2 987 1026 959 1066
3362 4 2 2 2 1016 1073 1006 1174
3363 4 2 2 2 719 133 706 1411
3364 4 2 2 2 296 289 288 1267
3365 4 2 2 2 818 265 266 1139
3366 4 2 2 2 474 461 511 368
3367 4 2 2 2 495 508 388 648
3368 4 2 2 2 520 521 522 1058
3369 4 2 2 2 782 1288 1253 1312
3370 4 2 2 2 518 544 412 553
3371 4 2 2 2 958 1024 1014 1417
3372 4 2 2 2 467 377 517 1380
3373 4 2 2 2 911 1234 1102 1430
3374 4 2 2 2 337 339 1301 1302
3375 4 2 2 2 773 1056 4 1303
3376 4 2 2 2 961 1027 1057 1327
3377 4 2 2 2 820 819 831 1087
3378 4 2 2 2 830 819 818 1087
3379 4 2 2 2 539 416 516 1355
3380 4 2 2 2 637 604 424 1402
3381 4 2 2 2 256 1079 816 1139
3382 4 2 2 2 999 1194 967 1279
3383 4 2 2 2 446 472 460 1441
3384 4 2 2 2 496 481 507 1237
3385 4 2 2 2 533 632 403 1375
3386 4 2 2 2 1002 1127 1244 1393
3387 4 2 2 2 783 777 784 1195
3388 4 2 2 2 294 293 855 1030
3389 4 2 2 2 368 461 511 499
3390 4 2 2 2 648 388 495 636
3391 4 2 2 2 584 424 604 1402
3392 4 2 2 2 464 567 378 1419
3393 4 2 2 2 503 505 478 1109
3394 4 2 2 2 457 456 454 1362
3395 4 2 2 2 355 1179 1159 1420
3396 4 2 2 2 484 499 511 1419
3397 4 2 2 2 537 512 545 1239
3398 4 2 2 2 849 281 280 1319
3399 4 2 2 2 405 519 639 976
3400 4 2 2 2 957 1184 1330 1404
3401 4 2 2 2 1296 1413 1175 1414
3402 4 2 2 2 314 861 315 1254
3403 4 2 2 2 536 375 451 981
3404 4 2 2 2 4 97 2 1056
3405 4 2 2 2 448 467 1286 1380
3406 4 2 2 2 317 323 1366 1374
3407 4 2 2 2 998 1036 1094 1095
3408 4 2 2 2 1128 1290 1246 1405
3409 4 2 2 2 1002 1127 1018 1244
3410 4 2 2 2 293 285 1099 1210
3411 4 2 2 2 461 1321 471 1419
3412 4 2 2 2 407 647 620 1356
3413 4 2 2 2 448 1286 1333 1380
3414 4 2 2 2 1016 1174 1006 1196
3415 4 2 2 2 630 629 627 1019
3416 4 2 2 2 475 585 448 387
3417 4 2 2 2 1017 971 1235 1284
3418 4 2 2 2 429 1238 671 1291
3419 4 2 2 2 838 846 1273 1378
3420 4 2 2 2 833 822 821 1075
3421 4 2 2 2 783 1195 787 1312
3422 4 2 2 2 730 736 726 1399
3423 4 2 2 2 290 289 1299 1372
3424 4 2 2 2 755 966 738 973
3425 4 2 2 2 454 453 473 1175
3426 4 2 2 2 1197 1206 304 1259
3427 4 2 2 2 344 766 1303 1369
3428 4 2 2 2 439 1052 732 1184
3429 4 2 2 2 646 510 392 1346
3430 4 2 2 2 1005 1279 999 1329
3431 4 2 2 2 790 1079 803 1386
3432 4 2 2 2 261 262 838 1273
3433 4 2 2 2 265 1130 839 1306
3434 4 2 2 2 473 453 462 1175
3435 4 2 2 2 647 407 542 1356
3436 4 2 2 2 1000 1053 1051 1092
3437 4 2 2 2 937 361 936 1395
3438 4 2 2 2 362 1224 360 1449
3439 4 2 2 2 378 567 577 1419
3440 4 2 2 2 249 835 1189 1252
3441 4 2 2 2 962 966 1327 1399
3442 4 2 2 2 1064 1252 1007 1373
3443 4 2 2 2 463 460 448 1286
3444 4 2 2 2 700 1029 691 1219
3445 4 2 2 2 587 416 599 1355
3446 4 2 2 2 422 579 621 648
3447 4 2 2 2 1236 1282 1163 1463
3448 4 2 2 2 390 622 502 977
3449 4 2 2 2 468 370 485 982
3450 4 2 2 2 845 843 844 1378
3451 4 2 2 2 856 300 302 1394
3452 4 2 2 2 524 545 527 1009
3453 4 2 2 2 1119 1120 1032 1388
3454 4 2 2 2 638 619 1346 1425
3455 4 2 2 2 1066 1076 987 1162
3456 4 2 2 2 593 600 590 1178
3457 4 2 2 2 975 1198 1196 1336
3458 4 2 2 2 237 812 811 1395
3459 4 2 2 2 537 545 1100 1239
3460 4 2 2 2 348 350 907 1265
3461 4 2 2 2 375 512 445 981
3462 4 2 2 2 676 984 681 1223
3463 4 2 2 2 404 632 533 1228
3464 4 2 2 2 430 143 1194 1206
3465 4 2 2 2 568 394 548 1314
3466 4 2 2 2 1163 1236 1113 1282
3467 4 2 2 2 586 611 402 509
3468 4 2 2 2 752 733 729 959
3469 4 2 2 2 583 1217 590 1441
3470 4 2 2 2 769 756 1026 1448
3471 4 2 2 2 318 1311 862 1436
3472 4 2 2 2 414 514 534 1358
3473 4 2 2 2 1057 1082 966 1083
3474 4 2 2 2 266 817 818 1139
3475 4 2 2 2 493 483 504 1293
3476 4 2 2 2 1134 1338 1081 1363
3477 4 2 2 2 829 828 817 1337
3478 4 2 2 2 872 205 204 1157
3479 4 2 2 2 355 354 1179 1420
3480 4 2 2 2 846 261 260 1101
3481 4 2 2 2 862 1311 171 1436
3482 4 2 2 2 300 1173 308 1257
3483 4 2 2 2 462 473 1175 1414
3484 4 2 2 2 501 476 372 449
3485 4 2 2 2 747 735 987 1026
3486 4 2 2 2 447 547 1326 1414
3487 4 2 2 2 642 632 1228 1280
3488 4 2 2 2 616 977 478 1109
3489 4 2 2 2 1013 1069 1047 1256
3490 4 2 2 2 474 464 378 1419
3491 4 2 2 2 1095 1259 1063 1279
3492 4 2 2 2 395 394 481 548
3493 4 2 2 2 761 1059 30 1264
3494 4 2 2 2 1066 1193 1115 1352
3495 4 2 2 2 624 623 616 1092
3496 4 2 2 2 486 488 1001 1247
3497 4 2 2 2 4 1264 1056 1368
3498 4 2 2 2 457 473 447 1414
3499 4 2 2 2 333 1086 332 1354
3500 4 2 2 2 1055 1169 1170 1385
3501 4 2 2 2 625 623 624 1092
3502 4 2 2 2 235 1134 237 1135
3503 4 2 2 2 533 403 544 1375
3504 4 2 2 2 585 448 386 1333
3505 4 2 2 2 570 553 580 1375
3506 4 2 2 2 376 517 536 1242
3507 4 2 2 2 606 588 426 1391
3508 4 2 2 2 823 835 824 1455
3509 4 2 2 2 614 417 587 542
3510 4 2 2 2 403 632 645 1375
3511 4 2 2 2 1121 1069 1374 1436
3512 4 2 2 2 854 293 292 1030
3513 4 2 2 2 1346 1391 945 1425
3514 4 2 2 2 486 1016 479 1247
3515 4 2 2 2 709 667 690 1065
3516 4 2 2 2 782 1253 779 1312
3517 4 2 2 2 586 402 482 509
3518 4 2 2 2 820 264 263 1306
3519 4 2 2 2 820 1087 831 1351
3520 4 2 2 2 521 513 533 1335
3521 4 2 2 2 502 493 478 977
3522 4 2 2 2 840 1220 844 1403
3523 4 2 2 2 748 771 769 1308
3524 4 2 2 2 1238 1427 1126 1432
3525 4 2 2 2 816 817 267 1139
3526 4 2 2 2 605 594 1343 1405
3527 4 2 2 2 267 256 816 1139
3528 4 2 2 2 464 1326 567 1419
3529 4 2 2 2 923 213 924 1112
3530 4 2 2 2 225 798 799 1112
3531 4 2 2 2 591 590 583 1217
3532 4 2 2 2 592 590 591 1217
3533 4 2 2 2 465 530 373 1412
3534 4 2 2 2 624 644 625 1339
3535 4 2 2 2 823 824 260 1101
3536 4 2 2 2 844 840 845 1378
3537 4 2 2 2 929 356 928 1255
3538 4 2 2 2 956 1407 1227 1433
3539 4 2 2 2 265 1306 819 1337
3540 4 2 2 2 257 1310 258 1378
3541 4 2 2 2 777 783 782 1312
3542 4 2 2 2 527 517 538 1242
3543 4 2 2 2 465 374 530 1240
3544 4 2 2 2 634 638 622 1425
3545 4 2 2 2 474 378 577 1419
3546 4 2 2 2 538 514 526 1358
3547 4 2 2 2 335 333 1125 1169
3548 4 2 2 2 323 1121 1374 1436
3549 4 2 2 2 458 460 455 1445
3550 4 2 2 2 491 481 505 1176
3551 4 2 2 2 1076 1116 1050 1249
3552 4 2 2 2 517 377 543 1380
3553 4 2 2 2 978 1357 1049 1408
3554 4 2 2 2 861 306 857 305
3555 4 2 2 2 4 8 1056 1264
3556 4 2 2 2 447 547 379 1326
3557 4 2 2 2 454 1002 452 1244
3558 4 2 2 2 352 354 909 1308
3559 4 2 2 2 127 1218 128 1219
3560 4 2 2 2 681 1223 984 1340
3561 4 2 2 2 986 1274 1188 1421
3562 4 2 2 2 1074 1252 1129 1273
3563 4 2 2 2 973 966 1082 1083
3564 4 2 2 2 417 516 587 542
3565 4 2 2 2 836 826 814 1187
3566 4 2 2 2 802 812 791 1187
3567 4 2 2 2 630 641 629 1177
3568 4 2 2 2 363 936 361 1395
3569 4 2 2 2 891 901 187 1438
3570 4 2 2 2 1056 1303 773 1368
3571 4 2 2 2 416 587 516 1355
3572 4 2 2 2 447 379 464 1326
3573 4 2 2 2 459 470 458 1192
3574 4 2 2 2 452 454 455 1002
3575 4 2 2 2 489 486 488 1001
3576 4 2 2 2 827 1079 815 1386
3577 4 2 2 2 861 860 166 1447
3578 4 2 2 2 431 169 439 1052
3579 4 2 2 2 1129 1189 835 1252
3580 4 2 2 2 823 261 822 1075
3581 4 2 2 2 447 380 547 1414
3582 4 2 2 2 589 385 583 1441
3583 4 2 2 2 952 1332 1384 1454
3584 4 2 2 2 637 424 617 1402
3585 4 2 2 2 682 676 681 1223
3586 4 2 2 2 846 845 838 1315
3587 4 2 2 2 280 1174 279 1285
3588 4 2 2 2 245 1295 244 1426
3589 4 2 2 2 745 754 346 1303
3590 4 2 2 2 746 1155 1080 1229
3591 4 2 2 2 467 475 377 1380
3592 4 2 2 2 818 819 265 1087
3593 4 2 2 2 394 498 481 1314
3594 4 2 2 2 136 1198 1011 1291
3595 4 2 2 2 606 597 588 1391
3596 4 2 2 2 853 299 298 1317
3597 4 2 2 2 237 811 239 1395
3598 4 2 2 2 141 431 668 1053
3599 4 2 2 2 276 1122 277 1262
3600 4 2 2 2 1021 1089 972 1276
3601 4 2 2 2 360 1224 1168 1269
3602 4 2 2 2 471 447 464 1326
3603 4 2 2 2 1079 1139 256 1403
3604 4 2 2 2 595 605 608 1246
3605 4 2 2 2 431 709 668 1147
3606 4 2 2 2 1040 1020 1189 1459
3607 4 2 2 2 98 36 35 1102
3608 4 2 2 2 96 34 36 1102
3609 4 2 2 2 34 1102 1234 1430
3610 4 2 2 2 740 1055 1054 1359
3611 4 2 2 2 762 1066 749 1431
3612 4 2 2 2 962 1327 980 1370
3613 4 2 2 2 1057 1083 980 1295
3614 4 2 2 2 394 568 498 1314
3615 4 2 2 2 488 507 491 1316
3616 4 2 2 2 100 90 32 1234
3617 4 2 2 2 399 480 582 400
3618 4 2 2 2 567 464 379 1326
3619 4 2 2 2 813 825 826 1310
3620 4 2 2 2 854 855 293 1030
3621 4 2 2 2 574 1349 1384 1454
3622 4 2 2 2 562 560 563 1149
3623 4 2 2 2 543 475 612 1380
3624 4 2 2 2 641 630 620 1151
3625 4 2 2 2 441 1031 991 1270
3626 4 2 2 2 579 554 422 621
3627 4 2 2 2 520 519 513 976
3628 4 2 2 2 1026 1066 987 1162
3629 4 2 2 2 349 347 913 1264
3630 4 2 2 2 1206 1259 1186 1447
3631 4 2 2 2 615 632 1228 1329
3632 4 2 2 2 504 1188 492 1421
3633 4 2 2 2 405 513 519 976
3634 4 2 2 2 1012 1062 1248 1429
3635 4 2 2 2 980 965 1370 1373
3636 4 2 2 2 819 265 264 1306
3637 4 2 2 2 403 645 544 1375
3638 4 2 2 2 694 666 677 1070
3639 4 2 2 2 615 513 405 976
3640 4 2 2 2 428 1316 1131 1432
3641 4 2 2 2 619 1391 1346 1425
3642 4 2 2 2 782 779 781 1312
3643 4 2 2 2 232 244 1083 1426
3644 4 2 2 2 690 1065 673 1406
3645 4 2 2 2 626 623 625 1000
3646 4 2 2 2 495 478 505 1109
3647 4 2 2 2 555 380 462 1414
3648 4 2 2 2 593 610 600 1178
3649 4 2 2 2 439 1184 732 1300
3650 4 2 2 2 239 241 251 1225
3651 4 2 2 2 616 623 622 977
3652 4 2 2 2 485 479 486 982
3653 4 2 2 2 438 730 180 1292
3654 4 2 2 2 428 429 1316 1432
3655 4 2 2 2 252 1064 1049 1074
3656 4 2 2 2 877 199 868 1439
3657 4 2 2 2 429 671 137 1291
3658 4 2 2 2 833 1075 821 1351
3659 4 2 2 2 1137 1439 1085 1440
3660 4 2 2 2 345 1125 1084 1354
3661 4 2 2 2 557 564 552 1401
3662 4 2 2 2 910 355 911 1430
3663 4 2 2 2 971 1313 1244 1393
3664 4 2 2 2 321 1311 320 1423
3665 4 2 2 2 238 236 250 1250
3666 4 2 2 2 236 248 250 1250
3667 4 2 2 2 1196 1198 1032 1336
3668 4 2 2 2 492 489 490 1421
3669 4 2 2 2 584 608 605 1140
3670 4 2 2 2 931 1145 362 1449
3671 4 2 2 2 930 360 1164 1449
3672 4 2 2 2 390 616 622 977
3673 4 2 2 2 479 485 370 982
3674 4 2 2 2 556 547 555 1414
3675 4 2 2 2 365 1113 1163 1236
3676 4 2 2 2 616 390 478 977
3677 4 2 2 2 479 370 444 982
3678 4 2 2 2 473 457 454 1362
3679 4 2 2 2 845 843 1315 1403
3680 4 2 2 2 970 1034 1021 1450
3681 4 2 2 2 2 92 6 1106
3682 4 2 2 2 6 89 29 1106
3683 4 2 2 2 1174 1202 1107 1320
3684 4 2 2 2 241 253 251 1225
3685 4 2 2 2 488 491 490 1316
3686 4 2 2 2 851 289 290 1372
3687 4 2 2 2 822 262 821 1075
3688 4 2 2 2 137 1011 138 1291
3689 4 2 2 2 589 585 386 1333
3690 4 2 2 2 1103 1265 896 1457
3691 4 2 2 2 264 819 820 1087
3692 4 2 2 2 627 640 630 1019
3693 4 2 2 2 767 737 961 1042
3694 4 2 2 2 1146 1158 362 1224
3695 4 2 2 2 494 489 492 1398
3696 4 2 2 2 1084 1125 333 1354
3697 4 2 2 2 537 545 525 1100
3698 4 2 2 2 263 842 264 1087
3699 4 2 2 2 126 1218 127 1219
3700 4 2 2 2 32 768 770 1234
3701 4 2 2 2 527 536 517 1242
3702 4 2 2 2 765 1303 745 1369
3703 4 2 2 2 199 877 868 1437
3704 4 2 2 2 680 700 128 1340
3705 4 2 2 2 1044 1095 1063 1279
3706 4 2 2 2 574 570 1349 1454
3707 4 2 2 2 589 386 472 1333
3708 4 2 2 2 512 374 445 1240
3709 4 2 2 2 530 541 373 1412
3710 4 2 2 2 740 988 737 1055
3711 4 2 2 2 389 616 478 1109
3712 4 2 2 2 845 844 843 1403
3713 4 2 2 2 708 694 670 1305
3714 4 2 2 2 1021 1357 1089 1381
3715 4 2 2 2 964 1089 972 1450
3716 4 2 2 2 1013 1062 1047 1143
3717 4 2 2 2 626 629 631 1204
3718 4 2 2 2 386 448 472 1333
3719 4 2 2 2 589 1333 472 1441
3720 4 2 2 2 347 1125 345 1289
3721 4 2 2 2 823 824 1101 1455
3722 4 2 2 2 146 173 441 1257
3723 4 2 2 2 700 688 1029 1340
3724 4 2 2 2 543 534 517 1380
3725 4 2 2 2 527 545 512 1013
3726 4 2 2 2 471 469 457 1336
3727 4 2 2 2 307 1133 1095 1318
3728 4 2 2 2 238 1146 1145 1449
3729 4 2 2 2 347 1136 349 1438
3730 4 2 2 2 585 589 600 1333
3731 4 2 2 2 352 1308 908 1457
3732 4 2 2 2 933 1114 366 1452
3733 4 2 2 2 661 651 660 1389
3734 4 2 2 2 141 668 140 994
3735 4 2 2 2 182 440 731 1215
3736 4 2 2 2 452 1018 445 1244
3737 4 2 2 2 861 313 312 1447
3738 4 2 2 2 1007 1027 1189 1353
3739 4 2 2 2 90 1059 32 1234
3740 4 2 2 2 566 556 555 1296
3741 4 2 2 2 30 1059 8 1264
3742 4 2 2 2 237 1363 812 1395
3743 4 2 2 2 997 1274 986 1421
3744 4 2 2 2 520 513 521 1335
3745 4 2 2 2 543 377 475 1380
3746 4 2 2 2 1045 1095 1173 1318
3747 4 2 2 2 994 1039 1038 1090
3748 4 2 2 2 1044 1287 1095 1461
3749 4 2 2 2 451 445 452 981
3750 4 2 2 2 211 199 212 1301
3751 4 2 2 2 200 212 199 1301
3752 4 2 2 2 548 573 568 1314
3753 4 2 2 2 1020 1074 1064 1252
3754 4 2 2 2 577 511 474 1419
3755 4 2 2 2 692 1014 693 1411
3756 4 2 2 2 1180 1420 354 1448
3757 4 2 2 2 261 822 262 1273
3758 4 2 2 2 287 294 295 1278
3759 4 2 2 2 294 287 286 1278
3760 4 2 2 2 380 555 547 1414
3761 4 2 2 2 679 681 676 984
3762 4 2 2 2 324 318 865 316
3763 4 2 2 2 853 297 289 296
3764 4 2 2 2 323 330 863 331
3765 4 2 2 2 280 273 281 847
3766 4 2 2 2 319 864 327 326
3767 4 2 2 2 441 433 146 1257
3768 4 2 2 2 959 987 735 1026
3769 4 2 2 2 296 1267 288 1278
3770 4 2 2 2 1007 1370 1227 1433
3771 4 2 2 2 688 689 1029 1427
3772 4 2 2 2 375 536 512 981
3773 4 2 2 2 547 557 567 1326
3774 4 2 2 2 770 34 32 1234
3775 4 2 2 2 691 1029 126 1219
3776 4 2 2 2 477 541 578 1412
3777 4 2 2 2 431 668 1053 1147
3778 4 2 2 2 447 462 380 1414
3779 4 2 2 2 246 1251 248 1269
3780 4 2 2 2 198 199 211 1301
3781 4 2 2 2 211 210 198 1301
3782 4 2 2 2 170 326 865 1297
3783 4 2 2 2 1046 1241 1009 1248
3784 4 2 2 2 335 1137 1085 1169
3785 4 2 2 2 461 471 464 1419
3786 4 2 2 2 595 593 594 1405
3787 4 2 2 2 562 558 560 1462
3788 4 2 2 2 687 685 686 1024
3789 4 2 2 2 779 785 786 1253
3790 4 2 2 2 976 1044 1005 1329
3791 4 2 2 2 607 588 1334 1391
3792 4 2 2 2 758 1308 1102 1430
3793 4 2 2 2 1022 1139 1079 1403
3794 4 2 2 2 795 807 796 1451
3795 4 2 2 2 212 200 213 1301
3796 4 2 2 2 740 737 1054 1055
3797 4 2 2 2 1013 1069 1062 1143
3798 4 2 2 2 498 505 481 1314
3799 4 2 2 2 200 199 187 1364
3800 4 2 2 2 187 188 200 1364
3801 4 2 2 2 588 602 613 1346
3802 4 2 2 2 176 1052 1263 1330
3803 4 2 2 2 1122 1319 1285 1320
3804 4 2 2 2 451 375 445 981
3805 4 2 2 2 248 250 1250 1408
3806 4 2 2 2 615 404 513 1228
3807 4 2 2 2 976 1005 1044 1045
3808 4 2 2 2 250 830 1306 1408
3809 4 2 2 2 859 309 315 1254
3810 4 2 2 2 1005 1044 1096 1331
3811 4 2 2 2 959 979 970 1116
3812 4 2 2 2 530 374 512 1240
3813 4 2 2 2 1136 1364 349 1438
3814 4 2 2 2 493 1188 504 1421
3815 4 2 2 2 298 299 1226 1263
3816 4 2 2 2 1008 1336 1198 1360
3817 4 2 2 2 937 1338 361 1395
3818 4 2 2 2 937 927 915 1440
3819 4 2 2 2 215 922 921 1114
3820 4 2 2 2 1013 1047 1069 1143
3821 4 2 2 2 659 1275 133 1389
3822 4 2 2 2 1046 1215 1207 1248
3823 4 2 2 2 980 1040 1083 1357
3824 4 2 2 2 1115 1066 1352 1424
3825 4 2 2 2 255 1252 253 1307
3826 4 2 2 2 745 766 346 754
3827 4 2 2 2 448 467 463 1286
3828 4 2 2 2 133 705 706 1411
3829 4 2 2 2 837 267 256 1344
3830 4 2 2 2 575 564 557 1401
3831 4 2 2 2 450 381 551 382
3832 4 2 2 2 552 397 484 396
3833 4 2 2 2 977 1093 1015 1117
3834 4 2 2 2 201 189 202 1159
3835 4 2 2 2 190 202 189 1159
3836 4 2 2 2 201 214 213 1161
3837 4 2 2 2 201 202 214 1161
3838 4 2 2 2 205 206 217 1157
3839 4 2 2 2 206 218 217 1157
3840 4 2 2 2 968 1209 1392 1444
3841 4 2 2 2 453 450 462 1413
3842 4 2 2 2 1045 1173 1095 1287
3843 4 2 2 2 1048 1337 1185 1408
3844 4 2 2 2 690 1029 689 1427
3845 4 2 2 2 738 973 966 988
3846 4 2 2 2 4 1056 773 1368
3847 4 2 2 2 920 216 921 1145
3848 4 2 2 2 367 366 1115 1162
3849 4 2 2 2 1015 1117 1093 1172
3850 4 2 2 2 1027 1327 1227 1370
3851 4 2 2 2 361 363 1281 1302
3852 4 2 2 2 234 1165 1164 1255
3853 4 2 2 2 725 729 733 959
3854 4 2 2 2 613 510 646 1346
3855 4 2 2 2 891 903 913 1438
3856 4 2 2 2 1055 1057 961 1135
3857 4 2 2 2 744 751 973 1080
3858 4 2 2 2 823 822 834 1455
3859 4 2 2 2 798 799 810 1455
3860 4 2 2 2 645 580 544 1375
3861 4 2 2 2 546 537 525 1100
3862 4 2 2 2 669 145 433 1231
3863 4 2 2 2 1349 952 1384 1454
3864 4 2 2 2 426 588 619 1391
3865 4 2 2 2 188 201 200 1364
3866 4 2 2 2 579 648 508 1383
3867 4 2 2 2 664 679 1238 1427
3868 4 2 2 2 1113 1352 1066 1424
3869 4 2 2 2 335 337 1136 1437
3870 4 2 2 2 1213 1350 1127 1423
3871 4 2 2 2 820 263 1087 1351
3872 4 2 2 2 533 513 404 1228
3873 4 2 2 2 485 486 497 1245
3874 4 2 2 2 350 348 1153 1232
3875 4 2 2 2 165 437 138 1200
3876 4 2 2 2 671 434 136 1198
3877 4 2 2 2 761 32 30 1059
3878 4 2 2 2 150 175 435 1211
3879 4 2 2 2 588 597 607 1334
3880 4 2 2 2 278 1285 279 1377
3881 4 2 2 2 411 531 565 410
3882 4 2 2 2 909 354 910 1308
3883 4 2 2 2 207 197 209 1167
3884 4 2 2 2 209 219 207 1167
3885 4 2 2 2 197 207 195 1166
3886 4 2 2 2 185 197 195 1166
3887 4 2 2 2 352 1397 748 1457
3888 4 2 2 2 837 256 1139 1403
3889 4 2 2 2 597 605 594 1343
3890 4 2 2 2 260 1129 1273 1378
3891 4 2 2 2 908 896 907 1457
3892 4 2 2 2 435 708 670 1235
3893 4 2 2 2 2 4 1056 1303
3894 4 2 2 2 959 970 987 1116
3895 4 2 2 2 535 529 516 1243
3896 4 2 2 2 639 615 405 976
3897 4 2 2 2 249 1189 1135 1353
3898 4 2 2 2 992 1031 991 1037
3899 4 2 2 2 971 1068 1313 1393
3900 4 2 2 2 197 196 867 1166
3901 4 2 2 2 1071 1254 1173 1257
3902 4 2 2 2 240 808 807 1451
3903 4 2 2 2 428 164 139 1099
3904 4 2 2 2 644 628 625 1339
3905 4 2 2 2 646 638 619 1346
3906 4 2 2 2 1164 1165 358 1255
3907 4 2 2 2 163 280 850 1319
3908 4 2 2 2 210 915 914 1440
3909 4 2 2 2 863 317 316 1436
3910 4 2 2 2 429 138 437 1200
3911 4 2 2 2 207 206 195 1153
3912 4 2 2 2 195 206 194 1153
3913 4 2 2 2 207 218 206 1157
3914 4 2 2 2 821 1075 263 1351
3915 4 2 2 2 359 1134 1081 1170
3916 4 2 2 2 639 620 630 1151
3917 4 2 2 2 435 175 443 1211
3918 4 2 2 2 688 681 679 1340
3919 4 2 2 2 181 730 441 1171
3920 4 2 2 2 242 1114 1451 1452
3921 4 2 2 2 429 137 138 1291
3922 4 2 2 2 514 581 414 415
3923 4 2 2 2 357 1082 356 1086
3924 4 2 2 2 1068 1350 1311 1423
3925 4 2 2 2 404 615 632 1228
3926 4 2 2 2 836 1189 1129 1310
3927 4 2 2 2 890 891 186 1438
3928 4 2 2 2 1001 1201 437 1398
3929 4 2 2 2 390 502 478 977
3930 4 2 2 2 370 468 444 982
3931 4 2 2 2 196 210 208 1085
3932 4 2 2 2 198 210 196 1085
3933 4 2 2 2 477 465 373 1412
3934 4 2 2 2 299 1263 298 1317
3935 4 2 2 2 235 1135 247 1170
3936 4 2 2 2 861 312 860 1447
3937 4 2 2 2 271 279 1174 1377
3938 4 2 2 2 814 826 813 1187
3939 4 2 2 2 791 789 802 1187
3940 4 2 2 2 134 124 711 707
3941 4 2 2 2 728 961 736 1399
3942 4 2 2 2 428 436 164 1099
3943 4 2 2 2 567 379 547 1326
3944 4 2 2 2 432 148 670 1235
3945 4 2 2 2 243 242 255 1193
3946 4 2 2 2 242 254 255 1193
3947 4 2 2 2 933 366 364 1452
3948 4 2 2 2 814 826 836 1310
3949 4 2 2 2 410 550 409 515
3950 4 2 2 2 821 1074 832 1306
3951 4 2 2 2 895 907 896 1265
3952 4 2 2 2 1218 1275 659 1389
3953 4 2 2 2 585 386 448 387
3954 4 2 2 2 912 353 351 1234
3955 4 2 2 2 337 1364 1136 1437
3956 4 2 2 2 296 853 297 1317
3957 4 2 2 2 170 864 326 1297
3958 4 2 2 2 338 1156 1153 1232
3959 4 2 2 2 1013 1241 1062 1429
3960 4 2 2 2 486 1001 1016 1247
3961 4 2 2 2 700 1029 1219 1340
3962 4 2 2 2 861 1254 314 1447
3963 4 2 2 2 1028 1219 984 1340
3964 4 2 2 2 185 196 197 1166
3965 4 2 2 2 176 732 1052 1330
3966 4 2 2 2 159 128 680 714
3967 4 2 2 2 120 123 710 675
3968 4 2 2 2 959 735 1043 1066
3969 4 2 2 2 1012 1429 1248 1442
3970 4 2 2 2 482 401 402 586
3971 4 2 2 2 659 1218 120 1275
3972 4 2 2 2 1187 1220 1101 1253
3973 4 2 2 2 1186 1259 1150 1447
3974 4 2 2 2 617 425 584 424
3975 4 2 2 2 333 1125 1086 1354
3976 4 2 2 2 120 1218 121 1275
3977 4 2 2 2 902 904 892 1446
3978 4 2 2 2 439 176 732 1052
3979 4 2 2 2 831 830 819 1306
3980 4 2 2 2 699 1340 129 1390
3981 4 2 2 2 517 467 376 377
3982 4 2 2 2 304 1206 312 1259
3983 4 2 2 2 352 1180 769 1397
3984 4 2 2 2 296 855 161 1317
3985 4 2 2 2 812 235 802 1363
3986 4 2 2 2 879 889 868 1439
3987 4 2 2 2 740 1054 760 1359
3988 4 2 2 2 438 180 168 1292
3989 4 2 2 2 156 130 717 702
3990 4 2 2 2 542 614 647 1356
3991 4 2 2 2 1014 1409 692 1417
3992 4 2 2 2 769 771 756 1448
3993 4 2 2 2 113 611 476 509
3994 4 2 2 2 510 646 117 613
3995 4 2 2 2 115 543 475 612
3996 4 2 2 2 542 614 119 647
3997 4 2 2 2 508 579 116 648
3998 4 2 2 2 544 645 118 580
3999 4 2 2 2 114 477 541 578
4000 4 2 2 2 511 112 577 474
4001 4 2 2 2 1030 1099 986 1210
4002 4 2 2 2 168 143 430 1206
4003 4 2 2 2 1215 1261 1214 1442
4004 4 2 2 2 751 1034 989 1450
4005 4 2 2 2 582 602 607 1260
4006 4 2 2 2 257 1344 1310 1378
4007 4 2 2 2 564 396 496 395
4008 4 2 2 2 263 842 1087 1315
4009 4 2 2 2 217 204 205 1157
4010 4 2 2 2 699 717 702 678
4011 4 2 2 2 686 704 707 711
4012 4 2 2 2 448 460 472 1333
4013 4 2 2 2 1040 1283 980 1295
4014 4 2 2 2 1005 1044 1279 1329
4015 4 2 2 2 359 1169 1085 1440
4016 4 2 2 2 735 725 959 1043
4017 4 2 2 2 642 640 628 1280
4018 4 2 2 2 1313 1393 1068 1423
4019 4 2 2 2 346 344 1166 1342
4020 4 2 2 2 997 986 1274 1330
4021 4 2 2 2 420 419 618 549
4022 4 2 2 2 356 1086 1082 1165
4023 4 2 2 2 982 1006 1016 1073
4024 4 2 2 2 812 802 791 1363
4025 4 2 2 2 758 1102 36 1430
4026 4 2 2 2 621 636 648 1383
4027 4 2 2 2 1020 978 1064 1074
4028 4 2 2 2 619 426 427 588
4029 4 2 2 2 964 970 1089 1450
4030 4 2 2 2 769 747 750 1180
4031 4 2 2 2 265 841 266 1139
4032 4 2 2 2 866 868 198 1439
4033 4 2 2 2 664 679 676 1238
4034 4 2 2 2 542 535 516 1356
4035 4 2 2 2 583 384 446 385
4036 4 2 2 2 1007 1227 974 1433
4037 4 2 2 2 219 218 918 1145
4038 4 2 2 2 837 256 267 1139
4039 4 2 2 2 906 895 894 1265
4040 4 2 2 2 438 168 430 1206
4041 4 2 2 2 604 614 587 1356
4042 4 2 2 2 267 816 256 1344
4043 4 2 2 2 535 519 529 1243
4044 4 2 2 2 987 1076 1066 1116
4045 4 2 2 2 980 1083 1021 1357
4046 4 2 2 2 436 437 725 1266
4047 4 2 2 2 1055 1170 1135 1385
4048 4 2 2 2 1253 1288 1022 1312
4049 4 2 2 2 772 750 1077 1154
4050 4 2 2 2 471 1321 444 1336
4051 4 2 2 2 728 438 439 1300
4052 4 2 2 2 374 465 530 373
4053 4 2 2 2 477 373 541 1412
4054 4 2 2 2 234 232 1165 1255
4055 4 2 2 2 837 1344 844 1378
4056 4 2 2 2 1012 1215 1214 1442
4057 4 2 2 2 364 1158 1146 1323
4058 4 2 2 2 1251 1357 1185 1408
4059 4 2 2 2 879 868 889 1437
4060 4 2 2 2 36 1102 758 1308
4061 4 2 2 2 727 734 970 989
4062 4 2 2 2 434 1008 1198 1360
4063 4 2 2 2 422 554 421 621
4064 4 2 2 2 447 380 379 547
4065 4 2 2 2 36 1102 34 1430
4066 4 2 2 2 307 315 301 1318
4067 4 2 2 2 313 1331 1259 1447
4068 4 2 2 2 849 280 163 1319
4069 4 2 2 2 445 374 465 1240
4070 4 2 2 2 407 620 406 535
4071 4 2 2 2 638 391 483 392
4072 4 2 2 2 372 501 449 371
4073 4 2 2 2 868 866 198 1437
4074 4 2 2 2 353 351 768 1322
4075 4 2 2 2 355 1430 1308 1448
4076 4 2 2 2 695 692 693 1411
4077 4 2 2 2 684 1024 672 1417
4078 4 2 2 2 523 522 524 1270
4079 4 2 2 2 577 567 552 1419
4080 4 2 2 2 285 1271 284 1272
4081 4 2 2 2 263 1075 262 1315
4082 4 2 2 2 842 839 264 1087
4083 4 2 2 2 630 640 615 1329
4084 4 2 2 2 769 1180 750 1397
4085 4 2 2 2 470 466 446 1396
4086 4 2 2 2 512 375 445 374
4087 4 2 2 2 121 1218 1088 1275
4088 4 2 2 2 937 927 359 1338
4089 4 2 2 2 1049 1064 252 1249
4090 4 2 2 2 266 818 817 1337
4091 4 2 2 2 1011 1387 1196 1388
4092 4 2 2 2 877 1301 199 1439
4093 4 2 2 2 744 751 755 973
4094 4 2 2 2 1007 1252 1132 1353
4095 4 2 2 2 636 388 495 389
4096 4 2 2 2 404 533 632 403
4097 4 2 2 2 461 368 369 499
4098 4 2 2 2 692 705 1409 1411
4099 4 2 2 2 1007 1189 1027 1373
4100 4 2 2 2 901 1364 187 1438
4101 4 2 2 2 844 258 257 1220
4102 4 2 2 2 594 592 596 1416
4103 4 2 2 2 754 1106 29 1265
4104 4 2 2 2 830 819 1306 1337
4105 4 2 2 2 1012 1062 1061 1108
4106 4 2 2 2 1027 961 1057 1135
4107 4 2 2 2 309 301 315 1318
4108 4 2 2 2 798 1075 799 1455
4109 4 2 2 2 248 1250 236 1269
4110 4 2 2 2 927 937 915 1338
4111 4 2 2 2 155 126 713 686
4112 4 2 2 2 132 133 1275 1389
4113 4 2 2 2 339 337 1364 1365
4114 4 2 2 2 172 440 182 1215
4115 4 2 2 2 839 1087 1315 1403
4116 4 2 2 2 350 1397 352 1457
4117 4 2 2 2 451 536 376 375
4118 4 2 2 2 675 121 704 1409
4119 4 2 2 2 130 129 1389 1390
4120 4 2 2 2 853 298 297 1317
4121 4 2 2 2 638 634 619 1425
4122 4 2 2 2 452 1002 1018 1244
4123 4 2 2 2 695 693 683 1411
4124 4 2 2 2 428 997 436 1099
4125 4 2 2 2 568 554 579 1383
4126 4 2 2 2 1145 1146 362 1449
4127 4 2 2 2 486 487 488 1247
4128 4 2 2 2 359 357 1085 1169
4129 4 2 2 2 435 1313 1002 1362
4130 4 2 2 2 1032 1198 1008 1336
4131 4 2 2 2 194 894 195 1153
4132 4 2 2 2 870 206 207 1153
4133 4 2 2 2 207 206 870 1157
4134 4 2 2 2 1013 1047 1239 1256
4135 4 2 2 2 684 1409 1024 1417
4136 4 2 2 2 840 258 844 1220
4137 4 2 2 2 998 1279 1095 1461
4138 4 2 2 2 486 479 487 1247
4139 4 2 2 2 128 1219 129 1340
4140 4 2 2 2 1050 1190 1049 1250
4141 4 2 2 2 1211 1393 1313 1423
4142 4 2 2 2 289 853 851 942
4143 4 2 2 2 599 608 587 1355
4144 4 2 2 2 684 685 672 1024
4145 4 2 2 2 777 1195 783 1312
4146 4 2 2 2 495 498 508 1383
4147 4 2 2 2 761 349 1264 1359
4148 4 2 2 2 1049 1251 1250 1408
4149 4 2 2 2 597 596 607 1334
4150 4 2 2 2 351 1160 1364 1365
4151 4 2 2 2 259 1310 1129 1378
4152 4 2 2 2 760 349 761 1359
4153 4 2 2 2 1173 1257 1094 1287
4154 4 2 2 2 512 537 530 1240
4155 4 2 2 2 735 763 725 1043
4156 4 2 2 2 359 937 361 1440
4157 4 2 2 2 569 409 532 408
4158 4 2 2 2 1062 1241 1013 1248
4159 4 2 2 2 332 1086 1167 1229
4160 4 2 2 2 740 988 1055 1125
4161 4 2 2 2 602 398 500 399
4162 4 2 2 2 1122 1010 1285 1428
4163 4 2 2 2 842 1273 1130 1378
4164 4 2 2 2 412 518 553 411
4165 4 2 2 2 978 1185 1040 1357
4166 4 2 2 2 1084 1437 1136 1438
4167 4 2 2 2 124 1088 1024 1409
4168 4 2 2 2 661 130 129 1389
4169 4 2 2 2 980 1327 1027 1370
4170 4 2 2 2 203 204 216 1181
4171 4 2 2 2 216 215 203 1181
4172 4 2 2 2 291 1226 1090 1299
4173 4 2 2 2 1165 1168 1086 1229
4174 4 2 2 2 423 424 637 604
4175 4 2 2 2 315 1096 307 1331
4176 4 2 2 2 354 355 1308 1448
4177 4 2 2 2 136 434 135 1198
4178 4 2 2 2 574 565 553 1454
4179 4 2 2 2 347 349 913 1438
4180 4 2 2 2 381 555 380 462
4181 4 2 2 2 234 232 1083 1165
4182 4 2 2 2 191 192 204 1179
4183 4 2 2 2 204 203 191 1179
4184 4 2 2 2 1068 1069 1017 1121
4185 4 2 2 2 1079 1139 1022 1288
4186 4 2 2 2 983 1014 1275 1382
4187 4 2 2 2 349 1054 760 1322
4188 4 2 2 2 1006 1119 1073 1428
4189 4 2 2 2 253 834 835 1252
4190 4 2 2 2 317 325 1143 1366
4191 4 2 2 2 199 1364 877 1437
4192 4 2 2 2 1045 1287 1044 1461
4193 4 2 2 2 1014 1409 1275 1411
4194 4 2 2 2 435 1211 1002 1313
4195 4 2 2 2 1068 1393 1350 1423
4196 4 2 2 2 615 642 632 1329
4197 4 2 2 2 133 659 120 1275
4198 4 2 2 2 787 1195 780 1288
4199 4 2 2 2 315 861 166 1254
4200 4 2 2 2 394 498 568 393
4201 4 2 2 2 769 1026 1180 1448
4202 4 2 2 2 176 439 169 1052
4203 4 2 2 2 1024 1417 1406 1418
4204 4 2 2 2 370 371 468 485
4205 4 2 2 2 502 622 390 391
4206 4 2 2 2 406 519 639 405
4207 4 2 2 2 449 459 468 1192
4208 4 2 2 2 291 290 1226 1299
4209 4 2 2 2 413 414 534 603
4210 4 2 2 2 242 1451 240 1452
4211 4 2 2 2 518 531 521 1332
4212 4 2 2 2 1279 1280 999 1329
4213 4 2 2 2 510 500 483 1346
4214 4 2 2 2 2 1106 6 1303
4215 4 2 2 2 570 549 574 1349
4216 4 2 2 2 956 1227 1370 1433
4217 4 2 2 2 1049 1116 1064 1249
4218 4 2 2 2 347 903 913 1264
4219 4 2 2 2 384 466 383 601
4220 4 2 2 2 161 853 296 1317
4221 4 2 2 2 353 1234 911 1430
4222 4 2 2 2 699 682 698 1340
4223 4 2 2 2 141 142 431 1053
4224 4 2 2 2 363 1113 1112 1281
4225 4 2 2 2 1112 1113 239 1281
4226 4 2 2 2 454 452 453 1244
4227 4 2 2 2 1042 1055 961 1135
4228 4 2 2 2 586 598 591 1347
4229 4 2 2 2 452 445 453 1244
4230 4 2 2 2 1122 1285 1262 1428
4231 4 2 2 2 254 1064 1193 1249
4232 4 2 2 2 429 664 1238 1432
4233 4 2 2 2 843 844 837 1403
4234 4 2 2 2 340 1158 1181 1323
4235 4 2 2 2 186 891 890 1056
4236 4 2 2 2 1119 1285 1073 1428
4237 4 2 2 2 356 358 1165 1255
4238 4 2 2 2 246 1251 1185 1408
4239 4 2 2 2 235 233 1081 1170
4240 4 2 2 2 986 997 996 1098
4241 4 2 2 2 689 690 687 1029
4242 4 2 2 2 124 1024 704 1409
4243 4 2 2 2 560 558 559 1462
4244 4 2 2 2 526 527 538 1104
4245 4 2 2 2 692 693 1014 1417
4246 4 2 2 2 353 912 911 1234
4247 4 2 2 2 1040 980 1083 1295
4248 4 2 2 2 1036 1095 998 1279
4249 4 2 2 2 1054 349 1359 1365
4250 4 2 2 2 692 695 705 1411
4251 4 2 2 2 469 471 444 1336
4252 4 2 2 2 988 961 1055 1057
4253 4 2 2 2 221 231 219 1255
4254 4 2 2 2 911 355 353 1430
4255 4 2 2 2 673 667 669 1418
4256 4 2 2 2 259 1101 814 1220
4257 4 2 2 2 121 1275 1088 1409
4258 4 2 2 2 416 516 587 417
4259 4 2 2 2 38 97 99 1056
4260 4 2 2 2 1134 1353 1135 1385
4261 4 2 2 2 240 252 254 1249
4262 4 2 2 2 254 242 240 1249
4263 4 2 2 2 219 209 221 1255
4264 4 2 2 2 319 327 1213 1350
4265 4 2 2 2 244 1040 1185 1295
4266 4 2 2 2 337 889 335 1439
4267 4 2 2 2 992 1173 1045 1287
4268 4 2 2 2 1005 1044 1063 1279
4269 4 2 2 2 459 449 470 1192
4270 4 2 2 2 570 418 419 635
4271 4 2 2 2 90 30 32 1059
4272 4 2 2 2 1024 1409 1014 1417
4273 4 2 2 2 247 1310 826 1459
4274 4 2 2 2 969 1429 1012 1442
4275 4 2 2 2 615 405 513 404
4276 4 2 2 2 369 479 370 444
4277 4 2 2 2 390 478 389 616
4278 4 2 2 2 688 679 689 1427
4279 4 2 2 2 203 873 204 1181
4280 4 2 2 2 921 215 216 1181
4281 4 2 2 2 965 1357 980 1381
4282 4 2 2 2 253 835 251 1252
4283 4 2 2 2 539 415 416 599
4284 4 2 2 2 233 801 803 1386
4285 4 2 2 2 245 827 825 1386
4286 4 2 2 2 1017 1069 1256 1374
4287 4 2 2 2 432 147 148 1235
4288 4 2 2 2 796 1087 1195 1351
4289 4 2 2 2 697 665 1025 1417
4290 4 2 2 2 192 191 897 1179
4291 4 2 2 2 204 873 203 1179
4292 4 2 2 2 750 1180 1077 1397
4293 4 2 2 2 845 843 842 1315
4294 4 2 2 2 997 1274 436 1330
4295 4 2 2 2 1010 1073 1072 1122
4296 4 2 2 2 443 1002 1212 1445
4297 4 2 2 2 750 1077 1154 1397
4298 4 2 2 2 772 989 746 1154
4299 4 2 2 2 681 984 679 1340
4300 4 2 2 2 962 966 980 1327
4301 4 2 2 2 349 1364 1136 1365
4302 4 2 2 2 920 919 217 1145
4303 4 2 2 2 852 855 288 287
4304 4 2 2 2 855 296 287 295
4305 4 2 2 2 464 379 378 567
4306 4 2 2 2 341 1161 1163 1236
4307 4 2 2 2 140 668 428 1131
4308 4 2 2 2 1282 1353 1281 1385
4309 4 2 2 2 149 435 670 1235
4310 4 2 2 2 632 635 645 1375
4311 4 2 2 2 335 889 337 1437
4312 4 2 2 2 1037 1150 1096 1318
4313 4 2 2 2 814 1101 1187 1220
4314 4 2 2 2 740 1125 1055 1359
4315 4 2 2 2 341 1222 343 1236
4316 4 2 2 2 367 365 1161 1236
4317 4 2 2 2 574 553 570 1454
4318 4 2 2 2 315 166 859 1254
4319 4 2 2 2 183 731 443 1214
4320 4 2 2 2 348 907 906 1265
4321 4 2 2 2 34 1234 770 1430
4322 4 2 2 2 823 1075 822 1455
4323 4 2 2 2 121 675 120 1409
4324 4 2 2 2 665 672 669 1418
4325 4 2 2 2 751 755 973 1450
4326 4 2 2 2 359 357 1169 1170
4327 4 2 2 2 133 151 719 706
4328 4 2 2 2 734 987 970 1077
4329 4 2 2 2 1032 1120 1119 1285
4330 4 2 2 2 157 127 701 713
4331 4 2 2 2 112 378 577 474
4332 4 2 2 2 112 577 397 511
4333 4 2 2 2 116 393 579 508
4334 4 2 2 2 388 508 116 648
4335 4 2 2 2 580 645 118 418
4336 4 2 2 2 403 645 118 544
4337 4 2 2 2 580 118 544 412
4338 4 2 2 2 578 114 477 382
4339 4 2 2 2 117 510 613 398
4340 4 2 2 2 115 543 612 413
4341 4 2 2 2 614 423 119 647
4342 4 2 2 2 113 611 383 476
4343 4 2 2 2 474 511 112 368
4344 4 2 2 2 408 114 541 578
4345 4 2 2 2 1122 1262 1010 1428
4346 4 2 2 2 694 697 670 1305
4347 4 2 2 2 1013 1239 1069 1256
4348 4 2 2 2 199 1301 198 1439
4349 4 2 2 2 532 541 530 1412
4350 4 2 2 2 757 770 768 1430
4351 4 2 2 2 237 1134 1363 1395
4352 4 2 2 2 1069 1121 1350 1436
4353 4 2 2 2 1050 1049 1190 1249
4354 4 2 2 2 1010 1444 968 1460
4355 4 2 2 2 285 284 1099 1272
4356 4 2 2 2 746 1232 1155 1458
4357 4 2 2 2 1195 1288 787 1312
4358 4 2 2 2 684 692 703 1409
4359 4 2 2 2 988 1055 1169 1170
4360 4 2 2 2 620 647 637 1356
4361 4 2 2 2 891 1056 186 1059
4362 4 2 2 2 271 270 1377 1388
4363 4 2 2 2 772 750 1154 1397
4364 4 2 2 2 898 191 897 1103
4365 4 2 2 2 605 595 594 1405
4366 4 2 2 2 1111 1310 815 1344
4367 4 2 2 2 36 35 1102 1308
4368 4 2 2 2 769 1026 747 1180
4369 4 2 2 2 549 571 574 1349
4370 4 2 2 2 683 693 694 1014
4371 4 2 2 2 353 1159 1160 1222
4372 4 2 2 2 491 505 503 1176
4373 4 2 2 2 33 1103 35 1308
4374 4 2 2 2 95 45 91 1103
4375 4 2 2 2 836 247 249 1189
4376 4 2 2 2 1087 1022 1315 1403
4377 4 2 2 2 686 685 704 1024
4378 4 2 2 2 429 664 671 1238
4379 4 2 2 2 1010 1262 1148 1428
4380 4 2 2 2 351 1322 1160 1365
4381 4 2 2 2 734 970 989 1077
4382 4 2 2 2 781 777 782 1312
4383 4 2 2 2 767 439 732 1300
4384 4 2 2 2 688 689 691 1029
4385 4 2 2 2 309 1173 301 1318
4386 4 2 2 2 984 1219 1028 1382
4387 4 2 2 2 533 544 518 1375
4388 4 2 2 2 353 1322 768 1430
4389 4 2 2 2 1073 1122 1010 1285
4390 4 2 2 2 420 572 633 421
4391 4 2 2 2 233 232 1082 1426
4392 4 2 2 2 1054 993 1322 1463
4393 4 2 2 2 956 965 1370 1381
4394 4 2 2 2 760 1054 349 1359
4395 4 2 2 2 295 1278 1030 1317
4396 4 2 2 2 133 151 706 710
4397 4 2 2 2 825 1310 1111 1459
4398 4 2 2 2 1130 1344 841 1378
4399 4 2 2 2 213 924 212 1301
4400 4 2 2 2 821 1273 1074 1306
4401 4 2 2 2 678 699 130 1390
4402 4 2 2 2 157 127 714 701
4403 4 2 2 2 1112 1281 239 1395
4404 4 2 2 2 294 1210 1030 1278
4405 4 2 2 2 896 1265 907 1457
4406 4 2 2 2 617 641 637 1402
4407 4 2 2 2 743 1229 1041 1342
4408 4 2 2 2 1038 1039 1230 1271
4409 4 2 2 2 846 261 1075 1315
4410 4 2 2 2 1111 1129 1020 1310
4411 4 2 2 2 363 1281 1112 1395
4412 4 2 2 2 911 912 900 1234
4413 4 2 2 2 1134 361 1338 1395
4414 4 2 2 2 1027 1042 961 1135
4415 4 2 2 2 461 444 471 1321
4416 4 2 2 2 290 298 1226 1299
4417 4 2 2 2 808 797 809 1351
4418 4 2 2 2 821 832 833 1351
4419 4 2 2 2 682 1223 681 1340
4420 4 2 2 2 1086 1125 333 1169
4421 4 2 2 2 673 1065 667 1418
4422 4 2 2 2 534 514 538 1358
4423 4 2 2 2 1002 1211 1127 1393
4424 4 2 2 2 252 1190 1049 1249
4425 4 2 2 2 846 1101 840 1315
4426 4 2 2 2 778 787 788 1288
4427 4 2 2 2 982 1016 1006 1196
4428 4 2 2 2 501 485 497 1245
4429 4 2 2 2 40 94 90 1059
4430 4 2 2 2 829 818 830 1337
4431 4 2 2 2 730 728 736 1399
4432 4 2 2 2 436 732 177 1330
4433 4 2 2 2 159 680 701 714
4434 4 2 2 2 983 1088 1028 1275
4435 4 2 2 2 240 1146 238 1190
4436 4 2 2 2 1096 1150 1005 1331
4437 4 2 2 2 123 675 706 710
4438 4 2 2 2 814 258 813 1310
4439 4 2 2 2 237 1134 1281 1353
4440 4 2 2 2 221 792 231 1255
4441 4 2 2 2 979 1043 1007 1307
4442 4 2 2 2 749 735 1026 1066
4443 4 2 2 2 842 839 1087 1315
4444 4 2 2 2 1020 1129 1074 1252
4445 4 2 2 2 937 359 927 1440
4446 4 2 2 2 678 130 131 1390
4447 4 2 2 2 400 506 598 401
4448 4 2 2 2 830 1337 1306 1408
4449 4 2 2 2 671 136 137 1291
4450 4 2 2 2 493 504 492 1421
4451 4 2 2 2 234 1083 246 1269
4452 4 2 2 2 475 543 115 377
4453 4 2 2 2 476 372 113 509
4454 4 2 2 2 392 646 117 510
4455 4 2 2 2 407 542 119 647
4456 4 2 2 2 579 422 116 648
4457 4 2 2 2 583 590 589 1441
4458 4 2 2 2 201 876 200 1364
4459 4 2 2 2 1157 1158 338 1224
4460 4 2 2 2 319 1311 1213 1423
4461 4 2 2 2 841 1130 1337 1344
4462 4 2 2 2 43 96 98 1102
4463 4 2 2 2 465 477 450 1412
4464 4 2 2 2 1005 1063 1044 1331
4465 4 2 2 2 1069 1121 1068 1350
4466 4 2 2 2 1049 1357 1251 1408
4467 4 2 2 2 520 522 523 1270
4468 4 2 2 2 903 347 913 1438
4469 4 2 2 2 1170 1295 245 1426
4470 4 2 2 2 387 115 475 612
4471 4 2 2 2 613 646 117 427
4472 4 2 2 2 611 113 402 509
4473 4 2 2 2 119 417 614 542
4474 4 2 2 2 278 1120 1285 1377
4475 4 2 2 2 146 1257 1094 1394
4476 4 2 2 2 746 1154 1080 1155
4477 4 2 2 2 136 1011 137 1291
4478 4 2 2 2 333 1085 1086 1169
4479 4 2 2 2 1156 1179 352 1180
4480 4 2 2 2 1130 1273 842 1306
4481 4 2 2 2 462 447 473 1414
4482 4 2 2 2 443 175 183 1214
4483 4 2 2 2 673 1406 1065 1418
4484 4 2 2 2 642 640 1280 1329
4485 4 2 2 2 361 1281 1134 1385
4486 4 2 2 2 343 341 1159 1222
4487 4 2 2 2 975 1011 1196 1198
4488 4 2 2 2 989 1034 970 1450
4489 4 2 2 2 350 348 1232 1458
4490 4 2 2 2 598 609 591 1347
4491 4 2 2 2 493 490 503 1421
4492 4 2 2 2 609 596 592 1416
4493 4 2 2 2 1262 1285 1120 1428
4494 4 2 2 2 1241 1248 1062 1429
4495 4 2 2 2 973 1083 1082 1165
4496 4 2 2 2 693 1014 683 1411
4497 4 2 2 2 277 1262 1122 1285
4498 4 2 2 2 664 1427 1238 1432
4499 4 2 2 2 1026 1180 1162 1323
4500 4 2 2 2 1241 1429 1104 1442
4501 4 2 2 2 280 279 848 850
4502 4 2 2 2 318 863 865 316
4503 4 2 2 2 849 280 281 847
4504 4 2 2 2 853 289 851 288
4505 4 2 2 2 848 277 276 850
4506 4 2 2 2 863 865 331 330
4507 4 2 2 2 319 862 864 318
4508 4 2 2 2 797 808 796 1351
4509 4 2 2 2 821 820 832 1351
4510 4 2 2 2 241 811 239 1455
4511 4 2 2 2 251 835 253 1455
4512 4 2 2 2 326 1297 327 1298
4513 4 2 2 2 730 438 728 1399
4514 4 2 2 2 332 1342 1166 1354
4515 4 2 2 2 1006 1032 1119 1428
4516 4 2 2 2 740 741 760 1054
4517 4 2 2 2 989 1080 746 1154
4518 4 2 2 2 1021 980 1357 1381
4519 4 2 2 2 477 373 114 541
4520 4 2 2 2 1090 1039 1271 1299
4521 4 2 2 2 898 1102 191 1103
4522 4 2 2 2 1013 1018 981 1062
4523 4 2 2 2 247 1189 836 1310
4524 4 2 2 2 89 92 48 1106
4525 4 2 2 2 739 1041 988 1125
4526 4 2 2 2 149 150 435 1235
4527 4 2 2 2 783 784 780 1195
4528 4 2 2 2 988 1125 1086 1169
4529 4 2 2 2 672 665 1417 1418
4530 4 2 2 2 280 1319 281 1320
4531 4 2 2 2 1017 1069 1068 1393
4532 4 2 2 2 1054 1359 1055 1443
4533 4 2 2 2 980 1027 1057 1283
4534 4 2 2 2 973 1041 743 1229
4535 4 2 2 2 337 1301 1137 1302
4536 4 2 2 2 428 139 140 1131
4537 4 2 2 2 1057 980 1283 1295
4538 4 2 2 2 727 443 731 1450
4539 4 2 2 2 769 748 352 1397
4540 4 2 2 2 738 966 736 988
4541 4 2 2 2 772 1077 989 1154
4542 4 2 2 2 698 681 688 1340
4543 4 2 2 2 245 1283 247 1459
4544 4 2 2 2 236 1164 234 1269
4545 4 2 2 2 144 669 430 1194
4546 4 2 2 2 177 164 436 1330
4547 4 2 2 2 1136 1359 349 1365
4548 4 2 2 2 1041 973 1086 1229
4549 4 2 2 2 364 366 1181 1323
4550 4 2 2 2 360 362 1157 1224
4551 4 2 2 2 750 734 772 1077
4552 4 2 2 2 1359 1365 1136 1443
4553 4 2 2 2 293 1099 1030 1210
4554 4 2 2 2 521 531 540 1332
4555 4 2 2 2 289 1267 297 1299
4556 4 2 2 2 361 1302 1281 1385
4557 4 2 2 2 1040 1185 1111 1459
4558 4 2 2 2 472 386 589 385
4559 4 2 2 2 448 475 467 1380
4560 4 2 2 2 979 1064 1049 1116
4561 4 2 2 2 740 739 988 1125
4562 4 2 2 2 889 879 335 1439
4563 4 2 2 2 212 1112 939 1395
4564 4 2 2 2 120 675 705 1409
4565 4 2 2 2 318 319 1311 1350
4566 4 2 2 2 185 195 893 1166
4567 4 2 2 2 197 869 207 1166
4568 4 2 2 2 207 869 197 1167
4569 4 2 2 2 209 917 219 1167
4570 4 2 2 2 1211 1127 1393 1423
4571 4 2 2 2 29 754 6 1106
4572 4 2 2 2 680 699 698 1340
4573 4 2 2 2 675 706 710 705
4574 4 2 2 2 350 1156 352 1397
4575 4 2 2 2 680 700 701 714
4576 4 2 2 2 1061 1108 1062 1298
4577 4 2 2 2 490 493 492 1421
4578 4 2 2 2 358 1165 1164 1269
4579 4 2 2 2 1010 1262 1122 1341
4580 4 2 2 2 1083 1185 1040 1295
4581 4 2 2 2 692 674 693 1417
4582 4 2 2 2 739 738 736 988
4583 4 2 2 2 807 808 796 1451
4584 4 2 2 2 347 1289 1264 1359
4585 4 2 2 2 429 428 664 1432
4586 4 2 2 2 879 889 335 1437
4587 4 2 2 2 162 852 855 288
4588 4 2 2 2 754 746 1155 1458
4589 4 2 2 2 1072 1122 1073 1320
4590 4 2 2 2 336 1168 1157 1224
4591 4 2 2 2 728 767 961 1300
4592 4 2 2 2 766 745 1303 1369
4593 4 2 2 2 1020 1129 1111 1130
4594 4 2 2 2 345 1354 344 1369
4595 4 2 2 2 660 652 661 1389
4596 4 2 2 2 1048 1020 1111 1130
4597 4 2 2 2 642 615 640 1329
4598 4 2 2 2 871 206 205 1157
4599 4 2 2 2 919 217 218 1157
4600 4 2 2 2 190 189 899 1159
4601 4 2 2 2 201 202 875 1159
4602 4 2 2 2 201 875 202 1161
4603 4 2 2 2 214 923 213 1161
4604 4 2 2 2 1049 1064 978 1074
4605 4 2 2 2 172 1108 330 1207
4606 4 2 2 2 1130 1306 265 1337
4607 4 2 2 2 233 803 232 1386
4608 4 2 2 2 245 244 827 1386
4609 4 2 2 2 337 1365 1302 1443
4610 4 2 2 2 318 1350 1311 1436
4611 4 2 2 2 842 838 845 1315
4612 4 2 2 2 738 743 973 1041
4613 4 2 2 2 697 693 674 1417
4614 4 2 2 2 674 692 1409 1417
4615 4 2 2 2 1132 1252 1225 1353
4616 4 2 2 2 1010 1428 1444 1460
4617 4 2 2 2 336 1153 1155 1232
4618 4 2 2 2 433 1031 441 1270
4619 4 2 2 2 736 728 737 961
4620 4 2 2 2 748 1457 753 1458
4621 4 2 2 2 307 1096 315 1318
4622 4 2 2 2 241 243 255 1352
4623 4 2 2 2 1150 1254 1186 1447
4624 4 2 2 2 345 1289 1125 1354
4625 4 2 2 2 132 1275 133 1411
4626 4 2 2 2 1021 1083 1034 1251
4627 4 2 2 2 169 142 943 1226
4628 4 2 2 2 1020 1189 1129 1252
4629 4 2 2 2 307 1096 1095 1331
4630 4 2 2 2 1013 981 1018 1069
4631 4 2 2 2 967 1279 998 1461
4632 4 2 2 2 164 1030 1099 1330
4633 4 2 2 2 1143 1374 1069 1436
4634 4 2 2 2 749 1066 1026 1431
4635 4 2 2 2 728 439 767 1300
4636 4 2 2 2 360 1224 1269 1435
4637 4 2 2 2 363 361 1301 1302
4638 4 2 2 2 288 1267 1230 1278
4639 4 2 2 2 255 253 241 1352
4640 4 2 2 2 1049 1250 1190 1408
4641 4 2 2 2 801 790 803 1386
4642 4 2 2 2 827 815 825 1386
4643 4 2 2 2 1063 1206 999 1279
4644 4 2 2 2 270 1120 1377 1388
4645 4 2 2 2 1066 1322 993 1463
4646 4 2 2 2 1018 1062 1013 1069
4647 4 2 2 2 461 464 474 1419
4648 4 2 2 2 239 251 237 1353
4649 4 2 2 2 1267 1271 1230 1299
4650 4 2 2 2 131 652 132 1389
4651 4 2 2 2 820 819 264 1306
4652 4 2 2 2 1160 1365 1322 1463
4653 4 2 2 2 980 1057 966 1083
4654 4 2 2 2 743 1342 1041 1369
4655 4 2 2 2 667 673 690 1065
4656 4 2 2 2 980 1370 1027 1373
4657 4 2 2 2 1007 1043 1132 1307
4658 4 2 2 2 762 993 1066 1322
4659 4 2 2 2 840 846 259 1101
4660 4 2 2 2 275 1200 138 1387
4661 4 2 2 2 1150 1254 1096 1318
4662 4 2 2 2 757 1431 756 1448
4663 4 2 2 2 744 743 746 1229
4664 4 2 2 2 1083 1165 1080 1269
4665 4 2 2 2 350 1265 348 1458
4666 4 2 2 2 237 251 249 1353
4667 4 2 2 2 1054 1302 1365 1443
4668 4 2 2 2 340 342 1179 1180
4669 4 2 2 2 429 437 1001 1200
4670 4 2 2 2 435 443 1002 1211
4671 4 2 2 2 1037 1045 992 1173
4672 4 2 2 2 1112 1113 365 1424
4673 4 2 2 2 241 1113 1112 1424
4674 4 2 2 2 1115 1236 1066 1424
4675 4 2 2 2 180 730 181 1171
4676 4 2 2 2 1163 1301 339 1302
4677 4 2 2 2 752 970 734 987
4678 4 2 2 2 1192 1444 1428 1460
4679 4 2 2 2 861 166 1254 1447
4680 4 2 2 2 1047 1248 1207 1366
4681 4 2 2 2 762 1054 993 1322
4682 4 2 2 2 365 1236 367 1424
4683 4 2 2 2 814 813 826 1310
4684 4 2 2 2 766 1342 743 1369
4685 4 2 2 2 698 682 681 1340
4686 4 2 2 2 673 1024 1406 1418
4687 4 2 2 2 430 143 144 1194
4688 4 2 2 2 980 1370 965 1381
4689 4 2 2 2 224 939 1112 1395
4690 4 2 2 2 769 756 747 1026
4691 4 2 2 2 996 1210 1098 1278
4692 4 2 2 2 1071 1186 1150 1254
4693 4 2 2 2 367 1236 1115 1424
4694 4 2 2 2 326 318 865 324
4695 4 2 2 2 330 323 863 322
4696 4 2 2 2 864 319 318 326
4697 4 2 2 2 289 853 296 288
4698 4 2 2 2 273 280 272 847
4699 4 2 2 2 983 1028 1088 1219
4700 4 2 2 2 987 1066 959 1116
4701 4 2 2 2 691 689 687 1029
4702 4 2 2 2 988 1082 1057 1170
4703 4 2 2 2 1011 1196 1198 1388
4704 4 2 2 2 248 1250 1251 1408
4705 4 2 2 2 365 1113 1236 1424
4706 4 2 2 2 1135 1282 1055 1385
4707 4 2 2 2 674 1409 684 1417
4708 4 2 2 2 664 676 671 1238
4709 4 2 2 2 350 1153 1156 1232
4710 4 2 2 2 988 1041 1086 1125
4711 4 2 2 2 1148 1010 1428 1444
4712 4 2 2 2 1032 1148 1262 1428
4713 4 2 2 2 1207 1256 1047 1374
4714 4 2 2 2 848 160 280 850
4715 4 2 2 2 850 848 160 276
4716 4 2 2 2 863 170 318 865
4717 4 2 2 2 865 863 170 330
4718 4 2 2 2 1090 1226 1053 1299
4719 4 2 2 2 829 1337 830 1408
4720 4 2 2 2 758 1308 1430 1448
4721 4 2 2 2 727 989 970 1450
4722 4 2 2 2 1155 1166 334 1342
4723 4 2 2 2 820 832 831 1306
4724 4 2 2 2 704 1024 703 1409
4725 4 2 2 2 738 739 743 1041
4726 4 2 2 2 835 834 253 1455
4727 4 2 2 2 241 810 811 1455
4728 4 2 2 2 1025 1417 665 1418
4729 4 2 2 2 728 767 737 961
4730 4 2 2 2 747 1026 987 1180
4731 4 2 2 2 743 1041 759 1369
4732 4 2 2 2 853 851 162 288
4733 4 2 2 2 864 171 318 862
4734 4 2 2 2 163 847 280 849
4735 4 2 2 2 2 773 4 1303
4736 4 2 2 2 357 1086 1085 1169
4737 4 2 2 2 930 931 360 1449
4738 4 2 2 2 354 1420 355 1448
4739 4 2 2 2 235 1081 1134 1170
4740 4 2 2 2 182 1214 1061 1215
4741 4 2 2 2 1125 1055 1359 1443
4742 4 2 2 2 343 1162 1222 1420
4743 4 2 2 2 1275 1390 1014 1411
4744 4 2 2 2 1301 1439 1137 1440
4745 4 2 2 2 1085 1169 1137 1440
4746 4 2 2 2 758 748 35 1308
4747 4 2 2 2 327 1298 1297 1324
4748 4 2 2 2 1094 1133 1036 1197
4749 4 2 2 2 1080 1168 1165 1229
4750 4 2 2 2 247 1283 1189 1459
4751 4 2 2 2 839 265 264 1087
4752 4 2 2 2 359 1134 1170 1385
4753 4 2 2 2 182 731 1214 1215
4754 4 2 2 2 344 1342 766 1369
4755 4 2 2 2 1010 1122 1072 1341
4756 4 2 2 2 744 746 1080 1229
4757 4 2 2 2 282 1200 1202 1348
4758 4 2 2 2 1397 1457 350 1458
4759 4 2 2 2 754 746 766 1155
4760 4 2 2 2 353 1160 351 1322
4761 4 2 2 2 367 1162 1115 1236
4762 4 2 2 2 1026 1420 1180 1448
4763 4 2 2 2 339 1364 1160 1365
4764 4 2 2 2 335 1137 1169 1443
4765 4 2 2 2 1048 1074 1020 1130
4766 4 2 2 2 1027 1040 980 1373
4767 4 2 2 2 1081 1082 357 1170
4768 4 2 2 2 281 1320 1319 1348
4769 4 2 2 2 1026 756 1431 1448
4770 4 2 2 2 1012 1248 1215 1442
4771 4 2 2 2 606 643 426 425
4772 4 2 2 2 1028 1218 1088 1219
4773 4 2 2 2 367 1115 1114 1424
4774 4 2 2 2 1114 1115 243 1424
4775 4 2 2 2 1098 1038 1230 1272
4776 4 2 2 2 750 987 734 1077
4777 4 2 2 2 323 1207 1366 1374
4778 4 2 2 2 762 993 749 1066
4779 4 2 2 2 755 726 738 966
4780 4 2 2 2 829 830 248 1408
4781 4 2 2 2 280 1285 1319 1320
4782 4 2 2 2 1062 1143 1108 1366
4783 4 2 2 2 1016 1073 1174 1320
4784 4 2 2 2 359 1137 1169 1440
4785 4 2 2 2 1135 1189 247 1283
4786 4 2 2 2 907 1265 350 1457
4787 4 2 2 2 317 1374 1143 1436
4788 4 2 2 2 959 1066 1043 1116
4789 4 2 2 2 1032 1285 1119 1428
4790 4 2 2 2 343 1162 1161 1236
4791 4 2 2 2 1213 1298 1127 1350
4792 4 2 2 2 1045 1037 1096 1318
4793 4 2 2 2 238 236 1435 1449
4794 4 2 2 2 1195 1022 1288 1312
4795 4 2 2 2 1146 1451 1145 1452
4796 4 2 2 2 219 917 209 1255
4797 4 2 2 2 727 751 734 989
4798 4 2 2 2 262 822 261 1075
4799 4 2 2 2 121 120 1275 1409
4800 4 2 2 2 8 742 761 1264
4801 4 2 2 2 237 1281 1134 1395
4802 4 2 2 2 237 239 1281 1395
4803 4 2 2 2 1135 1170 1134 1385
4804 4 2 2 2 363 361 1281 1395
4805 4 2 2 2 1048 1337 1130 1344
4806 4 2 2 2 355 353 1430 1431
4807 4 2 2 2 696 664 428 1432
4808 4 2 2 2 344 1166 1342 1354
4809 4 2 2 2 1068 1069 1350 1393
4810 4 2 2 2 764 742 765 1289
4811 4 2 2 2 1046 1207 1047 1248
4812 4 2 2 2 1129 1130 1074 1273
4813 4 2 2 2 1030 1278 1172 1317
4814 4 2 2 2 238 250 1190 1250
4815 4 2 2 2 1213 1311 319 1350
4816 4 2 2 2 1134 1281 361 1395
4817 4 2 2 2 682 677 676 1223
4818 4 2 2 2 326 1143 1298 1350
4819 4 2 2 2 260 259 846 1101
4820 4 2 2 2 335 1169 1125 1443
4821 4 2 2 2 172 1108 1207 1215
4822 4 2 2 2 1020 978 1040 1373
4823 4 2 2 2 279 1285 1174 1377
4824 4 2 2 2 1095 1279 1044 1461
4825 4 2 2 2 731 755 751 1450
4826 4 2 2 2 339 1302 1365 1463
4827 4 2 2 2 1076 987 1162 1323
4828 4 2 2 2 363 1163 1113 1282
4829 4 2 2 2 253 1252 1225 1307
4830 4 2 2 2 360 1269 1164 1435
4831 4 2 2 2 277 1120 1262 1285
4832 4 2 2 2 1054 1365 1302 1463
4833 4 2 2 2 337 1302 1137 1443
4834 4 2 2 2 296 162 855 288
4835 4 2 2 2 240 1451 1146 1452
4836 4 2 2 2 294 286 1210 1278
4837 4 2 2 2 1125 1289 759 1369
4838 4 2 2 2 1047 1207 1046 1256
4839 4 2 2 2 740 737 741 1054
4840 4 2 2 2 349 1136 347 1359
4841 4 2 2 2 264 265 819 1087
4842 4 2 2 2 1007 1132 1027 1353
4843 4 2 2 2 824 259 260 1101
4844 4 2 2 2 1115 1162 1066 1236
4845 4 2 2 2 680 698 700 1340
4846 4 2 2 2 1086 1168 1167 1229
4847 4 2 2 2 161 162 855 296
4848 4 2 2 2 1007 1252 1064 1307
4849 4 2 2 2 342 1180 340 1323
4850 4 2 2 2 1135 1189 1027 1353
4851 4 2 2 2 1113 1066 1236 1424
4852 4 2 2 2 734 989 772 1077
4853 4 2 2 2 1076 1162 1115 1323
4854 4 2 2 2 280 272 160 848
4855 4 2 2 2 276 848 160 268
4856 4 2 2 2 318 865 170 326
4857 4 2 2 2 318 170 864 326
4858 4 2 2 2 160 272 280 847
4859 4 2 2 2 696 1427 664 1432
4860 4 2 2 2 1001 1107 1200 1201
4861 4 2 2 2 342 1181 1162 1323
4862 4 2 2 2 1306 1337 1048 1408
4863 4 2 2 2 1074 1129 1020 1130
4864 4 2 2 2 1066 1222 1026 1431
4865 4 2 2 2 154 131 718 678
4866 4 2 2 2 346 1166 1155 1342
4867 4 2 2 2 673 672 685 1024
4868 4 2 2 2 747 987 750 1180
4869 4 2 2 2 239 1113 241 1225
4870 4 2 2 2 359 361 1134 1385
4871 4 2 2 2 359 1137 361 1385
4872 4 2 2 2 296 853 162 288
4873 4 2 2 2 847 163 280 160
4874 4 2 2 2 864 171 170 318
4875 4 2 2 2 863 171 330 322
4876 4 2 2 2 160 163 280 850
4877 4 2 2 2 850 160 163 276
4878 4 2 2 2 863 171 170 330
4879 4 2 2 2 170 863 318 171
4880 4 2 2 2 761 30 8 1264
4881 4 2 2 2 1248 1429 1241 1442
4882 4 2 2 2 1153 348 1155 1232
4883 4 2 2 2 892 904 893 1446
4884 4 2 2 2 326 1298 327 1350
4885 4 2 2 2 1120 1119 1377 1388
4886 4 2 2 2 1129 1189 1020 1310
4887 4 2 2 2 1020 1040 1189 1373
4888 4 2 2 2 829 817 818 1337
4889 4 2 2 2 1163 1282 363 1302
4890 4 2 2 2 360 931 362 1449
4891 4 2 2 2 674 684 672 1417
4892 4 2 2 2 840 1101 1220 1315
4893 4 2 2 2 906 907 895 1265
4894 4 2 2 2 307 1095 1096 1318
4895 4 2 2 2 340 1180 1158 1323
4896 4 2 2 2 996 1098 1230 1278
4897 4 2 2 2 772 1154 753 1397
4898 4 2 2 2 1052 1051 1226 1263
4899 4 2 2 2 742 764 761 1264
4900 4 2 2 2 345 347 1289 1368
4901 4 2 2 2 162 161 853 296
4902 4 2 2 2 1338 1363 1134 1395
4903 4 2 2 2 697 674 665 1417
4904 4 2 2 2 2 6 745 1303
4905 4 2 2 2 1026 1162 987 1323
4906 4 2 2 2 755 738 744 973
4907 4 2 2 2 1010 1148 1262 1341
4908 4 2 2 2 153 125 712 686
4909 4 2 2 2 759 740 764 1289
4910 4 2 2 2 673 669 672 1418
4911 4 2 2 2 826 1310 825 1459
4912 4 2 2 2 1002 1244 1313 1393
4913 4 2 2 2 4 742 8 1264
4914 4 2 2 2 1002 1313 1211 1393
4915 4 2 2 2 1045 1173 1037 1318
4916 4 2 2 2 31 93 95 1265
4917 4 2 2 2 745 765 773 1303
4918 4 2 2 2 752 727 734 970
4919 4 2 2 2 979 1007 1064 1307
4920 4 2 2 2 240 1249 242 1452
4921 4 2 2 2 271 1377 1174 1388
4922 4 2 2 2 1101 1253 1022 1312
4923 4 2 2 2 743 739 759 1041
4924 4 2 2 2 232 1082 1165 1255
4925 4 2 2 2 1032 1120 1285 1428
4926 4 2 2 2 754 348 1265 1458
4927 4 2 2 2 4 742 1264 1368
4928 4 2 2 2 727 731 751 1450
4929 4 2 2 2 893 904 905 1446
4930 4 2 2 2 1148 1341 1010 1444
4931 4 2 2 2 765 773 1303 1368
4932 4 2 2 2 744 973 743 1229
4933 4 2 2 2 1164 1435 236 1449
4934 4 2 2 2 1101 1312 1022 1315
4935 4 2 2 2 939 1363 1338 1395
4936 4 2 2 2 1136 1364 337 1365
4937 4 2 2 2 1008 1148 1032 1428
4938 4 2 2 2 661 652 131 1389
4939 4 2 2 2 365 1163 1161 1236
4940 4 2 2 2 799 1075 1101 1455
4941 4 2 2 2 1002 1127 1211 1212
4942 4 2 2 2 223 800 791 1363
4943 4 2 2 2 364 1146 1145 1452
4944 4 2 2 2 1165 1168 1080 1269
4945 4 2 2 2 923 214 213 1112
4946 4 2 2 2 226 798 225 1112
4947 4 2 2 2 735 959 733 987
4948 4 2 2 2 266 267 817 1139
4949 4 2 2 2 1154 1232 746 1458
4950 4 2 2 2 835 823 834 1455
4951 4 2 2 2 811 810 799 1455
4952 4 2 2 2 837 1139 841 1403
4953 4 2 2 2 980 1040 1027 1283
4954 4 2 2 2 352 1156 1180 1397
4955 4 2 2 2 248 830 250 1408
4956 4 2 2 2 765 742 773 1368
4957 4 2 2 2 1120 1198 1032 1388
4958 4 2 2 2 235 1134 1135 1170
4959 4 2 2 2 355 1159 1222 1420
4960 4 2 2 2 1031 1173 992 1287
4961 4 2 2 2 255 1064 1252 1307
4962 4 2 2 2 1264 1289 347 1368
4963 4 2 2 2 1053 1226 1051 1299
4964 4 2 2 2 1048 1306 1130 1337
4965 4 2 2 2 244 1185 1083 1295
4966 4 2 2 2 1066 1113 1236 1282
4967 4 2 2 2 354 1180 1179 1420
4968 4 2 2 2 31 95 1103 1265
4969 4 2 2 2 837 267 841 1139
4970 4 2 2 2 337 1137 335 1443
4971 4 2 2 2 990 1150 1071 1186
4972 4 2 2 2 1122 1285 1073 1320
4973 4 2 2 2 1077 1180 1156 1397
4974 4 2 2 2 366 1323 364 1452
4975 4 2 2 2 156 678 702 717
4976 4 2 2 2 1014 1223 683 1411
4977 4 2 2 2 356 1165 1082 1255
4978 4 2 2 2 341 1160 1159 1222
4979 4 2 2 2 245 826 825 1459
4980 4 2 2 2 1063 1005 1150 1331
4981 4 2 2 2 736 737 740 988
4982 4 2 2 2 840 1101 259 1220
4983 4 2 2 2 1069 1350 1143 1436
4984 4 2 2 2 230 794 229 1145
4985 4 2 2 2 242 1115 1114 1452
4986 4 2 2 2 678 682 699 1390
4987 4 2 2 2 1101 1220 1022 1253
4988 4 2 2 2 1041 1125 759 1369
4989 4 2 2 2 1162 343 1222 1236
4990 4 2 2 2 233 1082 1081 1170
4991 4 2 2 2 1007 1042 1027 1132
4992 4 2 2 2 246 1083 1185 1251
4993 4 2 2 2 704 685 703 1024
4994 4 2 2 2 1125 1136 335 1443
4995 4 2 2 2 744 1080 973 1229
4996 4 2 2 2 239 237 1281 1353
4997 4 2 2 2 1055 1057 1135 1170
4998 4 2 2 2 1082 1086 357 1169
4999 4 2 2 2 672 1417 1024 1418
5000 4 2 2 2 1259 1331 1150 1447
5001 4 2 2 2 1350 1393 1127 1423
5002 4 2 2 2 857 859 856 301
5003 4 2 2 2 754 31 753 1458
5004 4 2 2 2 707 686 711 134
5005 4 2 2 2 1114 1115 366 1452
5006 4 2 2 2 1073 1285 1010 1428
5007 4 2 2 2 364 1323 1146 1452
5008 4 2 2 2 705 695 706 1411
5009 4 2 2 2 154 131 678 717
5010 4 2 2 2 364 1181 1158 1323
5011 4 2 2 2 993 1132 1113 1282
5012 4 2 2 2 153 125 686 711
5013 4 2 2 2 362 1158 1157 1224
5014 4 2 2 2 362 1146 1224 1435
5015 4 2 2 2 168 1186 311 1206
5016 4 2 2 2 367 1161 1162 1236
5017 4 2 2 2 350 1457 1265 1458
5018 4 2 2 2 744 746 751 1080
5019 4 2 2 2 674 672 665 1417
5020 4 2 2 2 1135 1353 1282 1385
5021 4 2 2 2 908 350 352 1457
5022 4 2 2 2 1032 1262 1120 1428
5023 4 2 2 2 366 1115 1323 1452
5024 4 2 2 2 31 1457 748 1458
5025 4 2 2 2 684 703 1024 1409
5026 4 2 2 2 841 267 266 1139
5027 4 2 2 2 366 1115 1162 1323
5028 4 2 2 2 342 1180 1162 1420
5029 4 2 2 2 1281 1282 1113 1353
5030 4 2 2 2 1077 1158 1156 1180
5031 4 2 2 2 360 1157 1168 1224
5032 4 2 2 2 1016 1174 1107 1320
5033 4 2 2 2 1108 1143 1062 1298
5034 4 2 2 2 1136 1437 1364 1438
5035 4 2 2 2 1027 1283 1040 1373
5036 4 2 2 2 355 1431 1430 1448
5037 4 2 2 2 1297 1298 1061 1324
5038 4 2 2 2 770 36 34 1430
5039 4 2 2 2 1073 1428 1010 1460
5040 4 2 2 2 315 301 857 307
5041 4 2 2 2 240 1190 252 1249
5042 4 2 2 2 1137 1301 361 1302
5043 4 2 2 2 1119 1174 1377 1388
5044 4 2 2 2 760 1054 762 1322
5045 4 2 2 2 32 34 100 1234
5046 4 2 2 2 200 199 877 1301
5047 4 2 2 2 925 211 212 1301
5048 4 2 2 2 732 176 177 1330
5049 4 2 2 2 261 1075 823 1101
5050 4 2 2 2 1042 1055 1135 1282
5051 4 2 2 2 1111 1130 1129 1378
5052 4 2 2 2 1080 1165 973 1229
5053 4 2 2 2 248 1251 1250 1269
5054 4 2 2 2 1039 1230 1271 1299
5055 4 2 2 2 1156 1232 1154 1397
5056 4 2 2 2 753 1154 746 1458
5057 4 2 2 2 362 1435 1224 1449
5058 4 2 2 2 1224 1435 360 1449
5059 4 2 2 2 332 1229 334 1342
5060 4 2 2 2 232 1386 244 1426
5061 4 2 2 2 233 245 1386 1426
5062 4 2 2 2 303 1197 143 1206
5063 4 2 2 2 855 296 288 287
5064 4 2 2 2 695 678 706 1411
5065 4 2 2 2 1160 1322 1222 1463
5066 4 2 2 2 1150 1259 1063 1331
5067 4 2 2 2 820 831 819 1306
5068 4 2 2 2 1211 1213 1127 1423
5069 4 2 2 2 741 993 762 1054
5070 4 2 2 2 350 1232 1397 1458
5071 4 2 2 2 1087 1315 1075 1351
5072 4 2 2 2 735 733 747 987
5073 4 2 2 2 736 738 726 966
5074 4 2 2 2 763 735 749 1066
5075 4 2 2 2 740 764 1289 1359
5076 4 2 2 2 683 678 695 1411
5077 4 2 2 2 1223 1390 678 1411
5078 4 2 2 2 313 305 1259 1331
5079 4 2 2 2 908 907 350 1457
5080 4 2 2 2 187 901 188 1364
5081 4 2 2 2 877 199 200 1364
5082 4 2 2 2 247 1170 1135 1283
5083 4 2 2 2 1170 1283 245 1295
5084 4 2 2 2 1054 1282 1302 1443
5085 4 2 2 2 765 1289 742 1368
5086 4 2 2 2 1319 1320 1072 1348
5087 4 2 2 2 765 1368 1303 1369
5088 4 2 2 2 742 764 1264 1289
5089 4 2 2 2 237 249 1135 1353
5090 4 2 2 2 1048 1130 1111 1344
5091 4 2 2 2 95 33 31 1103
5092 4 2 2 2 661 131 130 1389
5093 4 2 2 2 757 1430 768 1431
5094 4 2 2 2 818 1087 265 1139
5095 4 2 2 2 1069 1018 1350 1393
5096 4 2 2 2 1066 1282 1236 1463
5097 4 2 2 2 973 1080 1083 1165
5098 4 2 2 2 1027 1042 1135 1353
5099 4 2 2 2 745 773 2 1303
5100 4 2 2 2 753 748 1397 1457
5101 4 2 2 2 238 1190 1146 1435
5102 4 2 2 2 1045 1096 1095 1318
5103 4 2 2 2 337 335 1136 1443
5104 4 2 2 2 700 698 688 1340
5105 4 2 2 2 759 1041 739 1125
5106 4 2 2 2 363 1301 1163 1302
5107 4 2 2 2 1082 1169 357 1170
5108 4 2 2 2 1066 1113 1043 1352
5109 4 2 2 2 1086 1125 1041 1354
5110 4 2 2 2 285 292 854 293
5111 4 2 2 2 243 1115 242 1193
5112 4 2 2 2 359 1170 1169 1385
5113 4 2 2 2 341 1236 1163 1463
5114 4 2 2 2 753 1457 1397 1458
5115 4 2 2 2 340 1179 1156 1180
5116 4 2 2 2 696 690 689 1427
5117 4 2 2 2 339 1163 1302 1463
5118 4 2 2 2 1022 1220 1101 1315
5119 4 2 2 2 750 987 1077 1180
5120 4 2 2 2 753 746 754 1458
5121 4 2 2 2 1189 1283 1040 1459
5122 4 2 2 2 334 1168 1155 1229
5123 4 2 2 2 1080 1168 1155 1224
5124 4 2 2 2 1027 1132 1042 1353
5125 4 2 2 2 355 1222 353 1431
5126 4 2 2 2 988 1057 1055 1170
5127 4 2 2 2 1159 343 1222 1420
5128 4 2 2 2 1088 1218 1028 1275
5129 4 2 2 2 759 1125 740 1289
5130 4 2 2 2 746 989 751 1080
5131 4 2 2 2 245 247 826 1459
5132 4 2 2 2 703 675 704 1409
5133 4 2 2 2 823 1101 1075 1455
5134 4 2 2 2 1154 1155 746 1232
5135 4 2 2 2 797 227 796 1451
5136 4 2 2 2 186 891 187 1438
5137 4 2 2 2 1077 1156 1154 1397
5138 4 2 2 2 758 1430 757 1448
5139 4 2 2 2 239 1281 1113 1353
5140 4 2 2 2 727 751 989 1450
5141 4 2 2 2 761 1264 764 1359
5142 4 2 2 2 901 1059 188 1234
5143 4 2 2 2 766 765 745 1369
5144 4 2 2 2 725 733 735 959
5145 4 2 2 2 1322 1430 353 1431
5146 4 2 2 2 791 789 222 1363
5147 4 2 2 2 758 757 771 1448
5148 4 2 2 2 1202 1320 281 1348
5149 4 2 2 2 36 758 35 1308
5150 4 2 2 2 199 198 868 1439
5151 4 2 2 2 273 282 847 274
5152 4 2 2 2 863 325 316 317
5153 4 2 2 2 279 270 848 278
5154 4 2 2 2 329 320 864 328
5155 4 2 2 2 851 291 290 298
5156 4 2 2 2 182 731 183 1214
5157 4 2 2 2 287 294 855 295
5158 4 2 2 2 1127 1350 1018 1393
5159 4 2 2 2 327 1213 1298 1324
5160 4 2 2 2 738 743 744 973
5161 4 2 2 2 996 1230 1093 1278
5162 4 2 2 2 772 753 750 1397
5163 4 2 2 2 1026 987 1180 1323
5164 4 2 2 2 1146 1249 240 1452
5165 4 2 2 2 237 1135 1134 1353
5166 4 2 2 2 198 199 868 1437
5167 4 2 2 2 673 672 1024 1418
5168 4 2 2 2 748 33 1308 1457
5169 4 2 2 2 915 210 914 1338
5170 4 2 2 2 332 1086 1229 1354
5171 4 2 2 2 861 860 312 858
5172 4 2 2 2 242 1249 1115 1452
5173 4 2 2 2 890 892 184 1446
5174 4 2 2 2 1028 1275 1218 1389
5175 4 2 2 2 347 1136 1125 1359
5176 4 2 2 2 345 1368 1289 1369
5177 4 2 2 2 752 734 733 987
5178 4 2 2 2 192 896 897 1103
5179 4 2 2 2 893 894 195 1106
5180 4 2 2 2 190 898 899 1102
5181 4 2 2 2 1050 1146 1076 1190
5182 4 2 2 2 182 183 1061 1214
5183 4 2 2 2 1210 1230 1098 1278
5184 4 2 2 2 1164 1165 234 1269
5185 4 2 2 2 187 901 891 1059
5186 4 2 2 2 1022 1087 1195 1288
5187 4 2 2 2 363 1113 1281 1282
5188 4 2 2 2 1044 1095 1045 1096
5189 4 2 2 2 270 271 279 848
5190 4 2 2 2 865 316 325 324
5191 4 2 2 2 282 273 847 281
5192 4 2 2 2 851 291 298 299
5193 4 2 2 2 320 329 864 321
5194 4 2 2 2 1073 1119 1174 1285
5195 4 2 2 2 31 1103 33 1457
5196 4 2 2 2 243 1352 241 1424
5197 4 2 2 2 1074 1130 1048 1306
5198 4 2 2 2 285 1099 1210 1272
5199 4 2 2 2 350 1232 1156 1397
5200 4 2 2 2 1162 1181 366 1323
5201 4 2 2 2 31 748 753 1458
5202 4 2 2 2 890 184 1056 1446
5203 4 2 2 2 1054 1365 1359 1443
5204 4 2 2 2 839 1139 1087 1403
5205 4 2 2 2 1189 1310 247 1459
5206 4 2 2 2 768 1430 1322 1431
5207 4 2 2 2 1146 1435 362 1449
5208 4 2 2 2 31 1265 1103 1457
5209 4 2 2 2 137 138 1011 1387
5210 4 2 2 2 901 188 900 1234
5211 4 2 2 2 771 1308 758 1448
5212 4 2 2 2 144 1094 1036 1197
5213 4 2 2 2 1130 1273 1129 1378
5214 4 2 2 2 341 339 1160 1463
5215 4 2 2 2 1018 1127 1298 1350
5216 4 2 2 2 703 685 684 1024
5217 4 2 2 2 1125 1354 1289 1369
5218 4 2 2 2 993 1054 1282 1463
5219 4 2 2 2 1027 1189 1135 1283
5220 4 2 2 2 743 759 766 1369
5221 4 2 2 2 304 861 312 858
5222 4 2 2 2 1146 1190 240 1249
5223 4 2 2 2 770 758 36 1430
5224 4 2 2 2 341 1222 1236 1463
5225 4 2 2 2 855 1030 854 1317
5226 4 2 2 2 747 749 735 1026
5227 4 2 2 2 924 213 212 1112
5228 4 2 2 2 225 799 224 1112
5229 4 2 2 2 749 747 756 1026
5230 4 2 2 2 1022 1195 1087 1315
5231 4 2 2 2 984 1340 1223 1390
5232 4 2 2 2 234 1165 1083 1269
5233 4 2 2 2 763 749 993 1066
5234 4 2 2 2 1322 1365 1054 1463
5235 4 2 2 2 173 310 1071 1257
5236 4 2 2 2 347 1125 1289 1359
5237 4 2 2 2 341 1163 339 1463
5238 4 2 2 2 1113 241 1352 1424
5239 4 2 2 2 1168 1224 1080 1269
5240 4 2 2 2 742 1289 1264 1368
5241 4 2 2 2 238 1250 1190 1435
5242 4 2 2 2 1078 1146 1050 1190
5243 4 2 2 2 846 1075 261 1101
5244 4 2 2 2 772 746 753 1154
5245 4 2 2 2 174 276 268 1262
5246 4 2 2 2 1172 1263 985 1317
5247 4 2 2 2 683 1223 678 1411
5248 4 2 2 2 760 761 764 1359
5249 4 2 2 2 1264 1289 764 1359
5250 4 2 2 2 1093 1267 1172 1278
5251 4 2 2 2 1055 1302 1137 1385
5252 4 2 2 2 740 739 736 988
5253 4 2 2 2 1042 1282 1135 1353
5254 4 2 2 2 1077 1158 1146 1224
5255 4 2 2 2 217 919 218 1145
5256 4 2 2 2 988 1055 1125 1169
5257 4 2 2 2 1011 1198 136 1387
5258 4 2 2 2 342 1179 1180 1420
5259 4 2 2 2 729 179 178 1341
5260 4 2 2 2 236 1250 238 1435
5261 4 2 2 2 280 1174 1285 1320
5262 4 2 2 2 243 1115 1352 1424
5263 4 2 2 2 1000 1052 1051 1226
5264 4 2 2 2 742 4 773 1368
5265 4 2 2 2 1154 1158 1077 1224
5266 4 2 2 2 1030 1172 985 1317
5267 4 2 2 2 1137 1302 1055 1443
5268 4 2 2 2 733 734 750 987
5269 4 2 2 2 303 304 860 858
5270 4 2 2 2 363 1282 1281 1302
5271 4 2 2 2 1000 1051 1053 1226
5272 4 2 2 2 38 99 39 1056
5273 4 2 2 2 766 759 765 1369
5274 4 2 2 2 244 1295 1083 1426
5275 4 2 2 2 758 771 748 1308
5276 4 2 2 2 1116 1193 1064 1249
5277 4 2 2 2 1083 1251 246 1269
5278 4 2 2 2 670 148 149 1235
5279 4 2 2 2 679 664 696 1427
5280 4 2 2 2 1075 1195 1087 1351
5281 4 2 2 2 703 705 675 1409
5282 4 2 2 2 757 758 770 1430
5283 4 2 2 2 896 1103 193 1265
5284 4 2 2 2 355 1420 1431 1448
5285 4 2 2 2 705 703 692 1409
5286 4 2 2 2 893 1106 195 1446
5287 4 2 2 2 769 753 748 1397
5288 4 2 2 2 854 285 293 852
5289 4 2 2 2 141 142 1053 1090
5290 4 2 2 2 1043 1066 993 1113
5291 4 2 2 2 194 1106 894 1265
5292 4 2 2 2 1050 1077 1076 1146
5293 4 2 2 2 233 1386 232 1426
5294 4 2 2 2 244 1386 245 1426
5295 4 2 2 2 353 1160 1322 1431
5296 4 2 2 2 751 772 734 989
5297 4 2 2 2 1027 1135 1057 1283
5298 4 2 2 2 302 1257 146 1394
5299 4 2 2 2 1057 1170 1082 1295
5300 4 2 2 2 255 1193 1064 1307
5301 4 2 2 2 984 1219 1029 1340
5302 4 2 2 2 317 1366 1143 1374
5303 4 2 2 2 1007 1132 1252 1307
5304 4 2 2 2 689 679 696 1427
5305 4 2 2 2 304 305 861 858
5306 4 2 2 2 1034 1083 1080 1269
5307 4 2 2 2 37 97 38 1056
5308 4 2 2 2 255 1307 253 1352
5309 4 2 2 2 174 1262 1148 1341
5310 4 2 2 2 154 156 717 678
5311 4 2 2 2 215 214 922 1114
5312 4 2 2 2 342 1162 1180 1323
5313 4 2 2 2 238 1435 1146 1449
5314 4 2 2 2 740 759 739 1125
5315 4 2 2 2 1055 1302 1282 1443
5316 4 2 2 2 1043 1113 993 1132
5317 4 2 2 2 1042 1132 1282 1353
5318 4 2 2 2 301 308 859 300
5319 4 2 2 2 344 1354 1342 1369
5320 4 2 2 2 131 130 1389 1390
5321 4 2 2 2 353 1222 1160 1431
5322 4 2 2 2 771 757 756 1448
5323 4 2 2 2 1146 1158 1077 1323
5324 4 2 2 2 1111 1344 1130 1378
5325 4 2 2 2 749 1026 756 1431
5326 4 2 2 2 1087 1139 1022 1403
5327 4 2 2 2 337 1136 1365 1443
5328 4 2 2 2 993 1113 1066 1282
5329 4 2 2 2 760 741 762 1054
5330 4 2 2 2 42 96 43 1102
5331 4 2 2 2 44 43 98 1102
5332 4 2 2 2 852 294 293 855
5333 4 2 2 2 1050 1078 1077 1146
5334 4 2 2 2 311 303 168 1206
5335 4 2 2 2 292 164 1030 1099
5336 4 2 2 2 1087 1195 1075 1315
5337 4 2 2 2 1055 1125 1169 1443
5338 4 2 2 2 984 1223 1382 1390
5339 4 2 2 2 740 1289 1125 1359
5340 4 2 2 2 1111 1129 1310 1378
5341 4 2 2 2 306 315 857 307
5342 4 2 2 2 47 89 48 1106
5343 4 2 2 2 134 153 686 711
5344 4 2 2 2 284 139 292 1099
5345 4 2 2 2 1054 1302 1282 1463
5346 4 2 2 2 308 301 859 309
5347 4 2 2 2 852 293 854 855
5348 4 2 2 2 749 756 757 1431
5349 4 2 2 2 1172 1267 1263 1317
5350 4 2 2 2 859 856 301 300
5351 4 2 2 2 1111 1310 1344 1378
5352 4 2 2 2 431 439 1000 1052
5353 4 2 2 2 359 1169 1137 1385
5354 4 2 2 2 1225 1252 1132 1307
5355 4 2 2 2 861 857 167 858
5356 4 2 2 2 37 38 941 1056
5357 4 2 2 2 254 1193 242 1249
5358 4 2 2 2 764 765 759 1289
5359 4 2 2 2 748 31 33 1457
5360 4 2 2 2 1137 1302 361 1385
5361 4 2 2 2 434 1008 442 1148
5362 4 2 2 2 1031 1257 1173 1287
5363 4 2 2 2 1137 1169 1055 1385
5364 4 2 2 2 220 1079 789 1253
5365 4 2 2 2 44 91 45 1103
5366 4 2 2 2 46 45 95 1103
5367 4 2 2 2 677 682 683 1223
5368 4 2 2 2 765 1289 1368 1369
5369 4 2 2 2 1054 1055 1282 1443
5370 4 2 2 2 846 1075 1101 1315
5371 4 2 2 2 223 791 1187 1253
5372 4 2 2 2 1229 1342 332 1354
5373 4 2 2 2 239 1225 251 1353
5374 4 2 2 2 1055 1169 1137 1443
5375 4 2 2 2 253 1225 241 1352
5376 4 2 2 2 29 93 31 1265
5377 4 2 2 2 772 751 746 989
5378 4 2 2 2 973 1080 1034 1083
5379 4 2 2 2 1078 1269 1224 1435
5380 4 2 2 2 339 1365 1160 1463
5381 4 2 2 2 757 1430 1431 1448
5382 4 2 2 2 1026 1222 1162 1420
5383 4 2 2 2 763 749 762 993
5384 4 2 2 2 327 1298 1213 1350
5385 4 2 2 2 1125 1359 1136 1443
5386 4 2 2 2 241 1225 1113 1352
5387 4 2 2 2 239 1113 1225 1353
5388 4 2 2 2 1026 1431 1420 1448
5389 4 2 2 2 1042 1132 993 1282
5390 4 2 2 2 941 1056 184 1446
5391 4 2 2 2 39 94 40 1059
5392 4 2 2 2 41 40 90 1059
5393 4 2 2 2 859 166 857 856
5394 4 2 2 2 1078 1224 1146 1435
5395 4 2 2 2 176 1052 169 1263
5396 4 2 2 2 1014 1390 1223 1411
5397 4 2 2 2 1146 1323 1076 1452
5398 4 2 2 2 764 740 760 1359
5399 4 2 2 2 1164 1269 236 1435
5400 4 2 2 2 1080 1155 1154 1224
5401 4 2 2 2 1265 1457 31 1458
5402 4 2 2 2 222 1187 791 1253
5403 4 2 2 2 1115 1076 1323 1452
5404 4 2 2 2 176 1030 177 1330
5405 4 2 2 2 217 216 920 1145
5406 4 2 2 2 243 1193 255 1352
5407 4 2 2 2 793 792 231 1139
5408 4 2 2 2 1119 1285 1120 1377
5409 4 2 2 2 747 733 750 987
5410 4 2 2 2 1040 1283 1189 1373
5411 4 2 2 2 292 285 854 284
5412 4 2 2 2 1077 1180 987 1323
5413 4 2 2 2 1076 1190 1146 1249
5414 4 2 2 2 1077 1158 1180 1323
5415 4 2 2 2 1027 1189 1283 1373
5416 4 2 2 2 1155 334 1229 1342
5417 4 2 2 2 793 230 794 1139
5418 4 2 2 2 1125 1041 1354 1369
5419 4 2 2 2 1039 1267 1230 1299
5420 4 2 2 2 282 281 847 849
5421 4 2 2 2 850 279 848 278
5422 4 2 2 2 325 863 316 865
5423 4 2 2 2 862 864 320 319
5424 4 2 2 2 848 850 278 277
5425 4 2 2 2 863 865 325 331
5426 4 2 2 2 299 298 851 853
5427 4 2 2 2 321 864 320 862
5428 4 2 2 2 282 283 849 847
5429 4 2 2 2 1281 1302 1282 1385
5430 4 2 2 2 1015 1172 1093 1267
5431 4 2 2 2 1311 1350 1213 1423
5432 4 2 2 2 329 175 1211 1324
5433 4 2 2 2 1282 1302 1163 1463
5434 4 2 2 2 896 193 895 1265
5435 4 2 2 2 1038 1271 1230 1272
5436 4 2 2 2 242 1193 1115 1249
5437 4 2 2 2 283 165 1200 1348
5438 4 2 2 2 136 137 1011 1387
5439 4 2 2 2 1230 1267 1093 1278
5440 4 2 2 2 1051 1263 1172 1267
5441 4 2 2 2 682 678 683 1223
5442 4 2 2 2 768 760 762 1322
5443 4 2 2 2 979 1064 1116 1307
5444 4 2 2 2 1342 1354 1041 1369
5445 4 2 2 2 1078 1190 1050 1250
5446 4 2 2 2 789 220 222 1363
5447 4 2 2 2 1015 1051 1172 1267
5448 4 2 2 2 993 1282 1066 1463
5449 4 2 2 2 748 33 35 1308
5450 4 2 2 2 1250 1251 1034 1269
5451 4 2 2 2 989 1078 1034 1080
5452 4 2 2 2 895 194 894 1265
5453 4 2 2 2 1074 1273 1130 1306
5454 4 2 2 2 706 123 710 151
5455 4 2 2 2 1076 1050 1190 1249
5456 4 2 2 2 795 796 228 1451
5457 4 2 2 2 157 159 701 714
5458 4 2 2 2 914 210 208 1338
5459 4 2 2 2 1022 1139 1087 1288
5460 4 2 2 2 979 959 1043 1116
5461 4 2 2 2 177 1030 164 1330
5462 4 2 2 2 1034 1080 1078 1269
5463 4 2 2 2 789 1187 222 1253
5464 4 2 2 2 1077 1146 1078 1224
5465 4 2 2 2 1076 1146 1077 1323
5466 4 2 2 2 123 122 675 649
5467 4 2 2 2 158 159 715 680
5468 4 2 2 2 153 155 686 712
5469 4 2 2 2 1041 1229 1086 1354
5470 4 2 2 2 152 154 718 678
5471 4 2 2 2 792 1079 231 1139
5472 4 2 2 2 799 224 800 1101
5473 4 2 2 2 243 1115 1193 1352
5474 4 2 2 2 1034 1078 1250 1269
5475 4 2 2 2 979 1116 1043 1307
5476 4 2 2 2 1066 1162 1222 1236
5477 4 2 2 2 166 167 857 856
5478 4 2 2 2 1080 1224 1078 1269
5479 4 2 2 2 750 753 769 1397
5480 4 2 2 2 1066 1162 1026 1222
5481 4 2 2 2 304 312 860 858
5482 4 2 2 2 355 1420 1222 1431
5483 4 2 2 2 1076 1249 1146 1452
5484 4 2 2 2 1174 1285 1119 1377
5485 4 2 2 2 762 741 763 993
5486 4 2 2 2 792 790 221 1079
5487 4 2 2 2 1076 1115 1249 1452
5488 4 2 2 2 1222 1322 1160 1431
5489 4 2 2 2 1093 1230 1039 1267
5490 4 2 2 2 1162 1180 1026 1420
5491 4 2 2 2 767 763 741 993
5492 4 2 2 2 253 1307 1225 1352
5493 4 2 2 2 789 220 790 1079
5494 4 2 2 2 290 851 298 942
5495 4 2 2 2 341 1160 1222 1463
5496 4 2 2 2 1057 1283 1170 1295
5497 4 2 2 2 1047 1366 1207 1374
5498 4 2 2 2 762 749 757 1431
5499 4 2 2 2 1014 1382 1223 1390
5500 4 2 2 2 231 1139 1079 1288
5501 4 2 2 2 223 1187 1101 1253
5502 4 2 2 2 1073 1285 1174 1320
5503 4 2 2 2 139 1090 1038 1271
5504 4 2 2 2 151 152 719 706
5505 4 2 2 2 1155 1168 1080 1229
5506 4 2 2 2 1115 1193 1076 1249
5507 4 2 2 2 236 1269 1250 1435
5508 4 2 2 2 155 157 701 713
5509 4 2 2 2 255 1193 1307 1352
5510 4 2 2 2 1039 1015 1093 1267
5511 4 2 2 2 1098 1210 1099 1272
5512 4 2 2 2 678 1223 682 1390
5513 4 2 2 2 795 228 796 1087
5514 4 2 2 2 794 229 795 1087
5515 4 2 2 2 169 943 299 1263
5516 4 2 2 2 1135 1170 1057 1283
5517 4 2 2 2 160 720 135 1387
5518 4 2 2 2 225 799 798 1075
5519 4 2 2 2 1055 1282 1302 1385
5520 4 2 2 2 1066 1236 1222 1463
5521 4 2 2 2 796 1195 227 1351
5522 4 2 2 2 1039 1051 1015 1267
5523 4 2 2 2 1098 1230 1210 1272
5524 4 2 2 2 135 268 160 1387
5525 4 2 2 2 1076 1077 987 1323
5526 4 2 2 2 765 759 1289 1369
5527 4 2 2 2 1222 1420 1026 1431
5528 4 2 2 2 146 302 310 1257
5529 4 2 2 2 284 139 1099 1272
5530 4 2 2 2 1116 1076 1193 1249
5531 4 2 2 2 1079 1253 221 1288
5532 4 2 2 2 1075 1312 1101 1315
5533 4 2 2 2 1080 1154 989 1224
5534 4 2 2 2 172 330 322 1207
5535 4 2 2 2 1041 1342 1229 1354
5536 4 2 2 2 1082 1165 1083 1295
5537 4 2 2 2 1077 989 1154 1224
5538 4 2 2 2 223 791 222 1363
5539 4 2 2 2 142 291 943 1090
5540 4 2 2 2 210 915 211 1338
5541 4 2 2 2 184 186 890 1056
5542 4 2 2 2 1078 1080 989 1224
5543 4 2 2 2 1039 1051 1267 1299
5544 4 2 2 2 796 1087 228 1195
5545 4 2 2 2 1116 1064 1193 1307
5546 4 2 2 2 1122 1262 174 1341
5547 4 2 2 2 1083 1034 1251 1269
5548 4 2 2 2 1077 1078 989 1224
5549 4 2 2 2 135 1198 268 1387
5550 4 2 2 2 898 190 191 1102
5551 4 2 2 2 189 190 899 1102
5552 4 2 2 2 894 194 195 1106
5553 4 2 2 2 778 221 1253 1288
5554 4 2 2 2 229 788 780 1288
5555 4 2 2 2 857 167 166 861
5556 4 2 2 2 230 1087 794 1139
5557 4 2 2 2 789 791 222 1187
5558 4 2 2 2 778 221 786 1253
5559 4 2 2 2 1143 1366 1047 1374
5560 4 2 2 2 1011 1198 1387 1388
5561 4 2 2 2 1250 1269 1078 1435
5562 4 2 2 2 164 724 161 1317
5563 4 2 2 2 896 192 193 1103
5564 4 2 2 2 135 160 268 940
5565 4 2 2 2 174 276 163 940
5566 4 2 2 2 897 191 192 1103
5567 4 2 2 2 134 122 663 707
5568 4 2 2 2 797 796 227 1351
5569 4 2 2 2 777 226 1195 1312
5570 4 2 2 2 799 1075 224 1101
5571 4 2 2 2 164 161 854 1317
5572 4 2 2 2 156 158 716 702
5573 4 2 2 2 1068 1311 150 1423
5574 4 2 2 2 779 1253 223 1312
5575 4 2 2 2 298 851 853 942
5576 4 2 2 2 188 901 187 1059
5577 4 2 2 2 224 1101 1075 1312
5578 4 2 2 2 229 780 1195 1288
5579 4 2 2 2 187 891 186 1059
5580 4 2 2 2 139 1271 1038 1272
5581 4 2 2 2 223 1253 1101 1312
5582 4 2 2 2 1132 1307 1043 1352
5583 4 2 2 2 779 223 781 1312
5584 4 2 2 2 784 777 226 1195
5585 4 2 2 2 230 1087 1139 1288
5586 4 2 2 2 175 1297 1061 1324
5587 4 2 2 2 165 1319 1072 1348
5588 4 2 2 2 138 720 160 1387
5589 4 2 2 2 1043 1307 1116 1352
5590 4 2 2 2 275 138 847 1387
5591 4 2 2 2 227 228 796 1451
5592 4 2 2 2 276 174 1122 1262
5593 4 2 2 2 185 892 893 1446
5594 4 2 2 2 160 847 138 1387
5595 4 2 2 2 1132 1225 1307 1352
5596 4 2 2 2 169 1263 299 1317
5597 4 2 2 2 321 150 1311 1423
5598 4 2 2 2 776 170 172 1297
5599 4 2 2 2 1116 1307 1193 1352
5600 4 2 2 2 173 1071 310 1254
5601 4 2 2 2 174 774 163 1319
5602 4 2 2 2 229 1195 1087 1288
5603 4 2 2 2 171 723 147 1436
5604 4 2 2 2 170 330 172 1297
5605 4 2 2 2 193 194 895 1265
5606 4 2 2 2 185 941 184 1446
5607 4 2 2 2 276 174 163 1319
5608 4 2 2 2 139 284 1271 1272
5609 4 2 2 2 142 1090 721 1372
5610 4 2 2 2 1075 1195 226 1312
5611 4 2 2 2 139 284 162 1271
5612 4 2 2 2 854 292 164 1030
5613 4 2 2 2 135 136 1198 1387
5614 4 2 2 2 322 147 1121 1436
5615 4 2 2 2 330 1108 172 1297
5616 4 2 2 2 169 176 1263 1317
5617 4 2 2 2 223 222 791 1253
5618 4 2 2 2 276 1122 174 1319
5619 4 2 2 2 792 221 231 1079
5620 4 2 2 2 781 225 777 1312
5621 4 2 2 2 322 171 147 1436
5622 4 2 2 2 231 1079 221 1288
5623 4 2 2 2 311 1186 168 1447
5624 4 2 2 2 166 860 168 1447
5625 4 2 2 2 291 1090 142 1372
5626 4 2 2 2 226 797 227 1351
5627 4 2 2 2 164 292 139 1099
5628 4 2 2 2 784 228 780 1195
5629 4 2 2 2 220 789 222 1253
5630 4 2 2 2 175 329 1297 1324
5631 4 2 2 2 231 778 788 1288
5632 4 2 2 2 165 283 1319 1348
5633 4 2 2 2 168 303 143 1206
5634 4 2 2 2 150 723 171 1311
5635 4 2 2 2 178 1122 174 1341
5636 4 2 2 2 185 184 892 1446
5637 4 2 2 2 229 794 230 1087
5638 4 2 2 2 164 854 1030 1317
5639 4 2 2 2 724 169 161 1317
5640 4 2 2 2 859 173 310 1254
5641 4 2 2 2 779 786 222 1253
5642 4 2 2 2 864 175 329 1297
5643 4 2 2 2 225 224 799 1075
5644 4 2 2 2 185 893 195 1446
5645 4 2 2 2 849 165 283 1319
5646 4 2 2 2 224 1075 225 1312
5647 4 2 2 2 171 862 150 1311
5648 4 2 2 2 166 775 173 1254
5649 4 2 2 2 169 299 853 1317
5650 4 2 2 2 862 321 150 1311
5651 4 2 2 2 161 169 853 1317
5652 4 2 2 2 776 175 170 1297
5653 4 2 2 2 774 165 163 1319
5654 4 2 2 2 796 228 227 1195
5655 4 2 2 2 173 859 166 1254
5656 4 2 2 2 864 170 175 1297
5657 4 2 2 2 849 163 165 1319
5658 4 2 2 2 135 720 136 1387
5659 4 2 2 2 230 793 231 1139
5660 4 2 2 2 229 1087 230 1288
5661 4 2 2 2 230 1139 231 1288
5662 4 2 2 2 136 720 137 1387
5663 4 2 2 2 142 721 162 1372
5664 4 2 2 2 311 168 860 1447
5665 4 2 2 2 224 223 800 1101
5666 4 2 2 2 162 851 142 1372
5667 4 2 2 2 851 291 142 1372
5668 4 2 2 2 168 775 166 1447
5669 4 2 2 2 221 1079 220 1253
5670 4 2 2 2 224 223 1101 1312
5671 4 2 2 2 229 230 788 1288
5672 4 2 2 2 225 226 777 1312
5673 4 2 2 2 167 143 858 1197
5674 4 2 2 2 221 790 220 1079
5675 4 2 2 2 229 228 795 1087
5676 4 2 2 2 172 322 147 1207
5677 4 2 2 2 798 226 225 1075
5678 4 2 2 2 854 162 139 284
5679 4 2 2 2 167 722 143 1197
5680 4 2 2 2 786 221 220 1253
5681 4 2 2 2 146 310 173 1257
5682 4 2 2 2 224 781 223 1312
5683 4 2 2 2 140 721 141 1090
5684 4 2 2 2 784 226 227 1195
5685 4 2 2 2 137 720 138 1387
5686 4 2 2 2 225 1075 226 1312
5687 4 2 2 2 780 228 229 1195
5688 4 2 2 2 228 1087 229 1195
5689 4 2 2 2 858 143 303 1197
5690 4 2 2 2 146 167 856 1394
5691 4 2 2 2 231 221 778 1288
5692 4 2 2 2 779 222 223 1253
5693 4 2 2 2 146 722 167 1394
5694 4 2 2 2 781 224 225 1312
5695 4 2 2 2 230 231 788 1288
5696 4 2 2 2 227 228 784 1195
5697 4 2 2 2 169 724 176 1317
5698 4 2 2 2 146 856 302 1394
5699 4 2 2 2 141 721 142 1090
5700 4 2 2 2 786 220 222 1253
5701 4 2 2 2 160 135 163 940
5702 4 2 2 2 860 143 858 167
5703 4 2 2 2 859 173 166 856
5704 4 2 2 2 167 168 166 860
5705 4 2 2 2 164 162 854 161
5706 4 2 2 2 330 171 172 322
5707 4 2 2 2 172 170 171 330
5708 4 2 2 2 849 165 163 847
5709 4 2 2 2 851 162 142 853
5710 4 2 2 2 150 171 864 862
5711 4 2 2 2 160 163 138 847
5712 4 2 2 2 171 175 864 170
5713 4 2 2 2 142 161 853 162
5714 4 2 2 2 167 166 146 856
5715 4 2 2 2 291 851 142 299
5716 4 2 2 2 856 859 173 310
5717 4 2 2 2 722 144 143 1197
5718 4 2 2 2 142 853 299 851
5719 4 2 2 2 849 283 165 847
5720 4 2 2 2 864 321 150 862
5721 4 2 2 2 860 143 303 858
5722 4 2 2 2 142 291 299 943
5723 4 2 2 2 310 146 856 302
5724 4 2 2 2 860 311 303 168
5725 4 2 2 2 139 292 854 284
5726 4 2 2 2 276 174 268 940
5727 4 2 2 2 163 135 174 940
5728 4 2 2 2 162 164 854 139
5729 4 2 2 2 860 143 167 168
5730 4 2 2 2 147 172 171 322
5731 4 2 2 2 165 138 163 847
5732 4 2 2 2 161 142 853 169
5733 4 2 2 2 175 171 864 150
5734 4 2 2 2 166 146 856 173
5735 4 2 2 2 853 142 299 169
5736 4 2 2 2 146 310 856 173
5737 4 2 2 2 142 299 169 943
5738 4 2 2 2 292 139 854 164
5739 4 2 2 2 143 860 303 168
5740 4 2 2 2 174 135 268 940
5741 4 2 2 2 206 205 194 938
5742 4 2 2 2 38 185 37 941
5743 4 2 2 2 185 38 184 941
5744 4 2 2 2 194 205 193 938
5745 4 2 2 2 224 211 212 939
5746 4 2 2 2 184 941 38 1056
5747 4 2 2 2 187 40 41 1059
5748 4 2 2 2 41 42 188 1059
5749 4 2 2 2 803 790 801 1081
5750 4 2 2 2 903 890 902 1084
5751 4 2 2 2 902 890 892 1084
5752 4 2 2 2 892 904 902 1084
5753 4 2 2 2 879 878 866 1084
5754 4 2 2 2 866 878 867 1084
5755 4 2 2 2 878 880 867 1084
5756 4 2 2 2 880 878 867 1085
5757 4 2 2 2 878 879 866 1085
5758 4 2 2 2 878 866 867 1085
5759 4 2 2 2 914 927 926 1085
5760 4 2 2 2 916 926 928 1085
5761 4 2 2 2 914 926 916 1085
5762 4 2 2 2 224 939 212 1112
5763 4 2 2 2 798 797 809 1114
5764 4 2 2 2 934 922 923 1114
5765 4 2 2 2 918 919 930 1145
5766 4 2 2 2 230 218 219 1145
5767 4 2 2 2 219 231 230 1145
5768 4 2 2 2 907 895 896 1153
5769 4 2 2 2 871 883 872 1153
5770 4 2 2 2 870 882 871 1153
5771 4 2 2 2 894 895 906 1153
5772 4 2 2 2 907 896 908 1153
5773 4 2 2 2 872 883 884 1153
5774 4 2 2 2 194 206 938 1153
5775 4 2 2 2 870 871 882 1157
5776 4 2 2 2 918 930 919 1157
5777 4 2 2 2 883 871 872 1157
5778 4 2 2 2 919 931 920 1157
5779 4 2 2 2 883 872 884 1157
5780 4 2 2 2 920 931 932 1157
5781 4 2 2 2 887 876 875 1159
5782 4 2 2 2 887 888 876 1159
5783 4 2 2 2 898 899 910 1159
5784 4 2 2 2 875 874 886 1159
5785 4 2 2 2 900 911 899 1159
5786 4 2 2 2 900 912 911 1159
5787 4 2 2 2 935 924 923 1161
5788 4 2 2 2 924 935 936 1161
5789 4 2 2 2 922 934 923 1161
5790 4 2 2 2 876 887 875 1161
5791 4 2 2 2 888 887 876 1161
5792 4 2 2 2 875 886 874 1161
5793 4 2 2 2 918 1145 930 1164
5794 4 2 2 2 804 793 792 1164
5795 4 2 2 2 805 794 793 1164
5796 4 2 2 2 904 892 893 1166
5797 4 2 2 2 904 1084 892 1166
5798 4 2 2 2 905 893 894 1166
5799 4 2 2 2 880 869 867 1166
5800 4 2 2 2 880 867 1084 1166
5801 4 2 2 2 905 894 906 1166
5802 4 2 2 2 894 1153 906 1166
5803 4 2 2 2 870 869 881 1166
5804 4 2 2 2 870 881 882 1166
5805 4 2 2 2 870 882 1153 1166
5806 4 2 2 2 916 928 917 1167
5807 4 2 2 2 916 1085 928 1167
5808 4 2 2 2 869 880 867 1167
5809 4 2 2 2 880 1085 867 1167
5810 4 2 2 2 869 870 881 1167
5811 4 2 2 2 917 929 918 1167
5812 4 2 2 2 870 882 881 1167
5813 4 2 2 2 870 1157 882 1167
5814 4 2 2 2 929 930 918 1167
5815 4 2 2 2 930 1157 918 1167
5816 4 2 2 2 898 909 897 1179
5817 4 2 2 2 874 873 885 1179
5818 4 2 2 2 873 872 884 1179
5819 4 2 2 2 872 1153 884 1179
5820 4 2 2 2 896 897 908 1179
5821 4 2 2 2 896 908 1153 1179
5822 4 2 2 2 873 874 885 1181
5823 4 2 2 2 922 921 933 1181
5824 4 2 2 2 932 921 920 1181
5825 4 2 2 2 932 920 1157 1181
5826 4 2 2 2 872 873 884 1181
5827 4 2 2 2 872 884 1157 1181
5828 4 2 2 2 291 943 1090 1226
5829 4 2 2 2 918 929 917 1255
5830 4 2 2 2 792 790 803 1255
5831 4 2 2 2 1207 1046 1256 1284
5832 4 2 2 2 888 1161 876 1301
5833 4 2 2 2 924 1161 936 1301
5834 4 2 2 2 916 1255 1081 1338
5835 4 2 2 2 888 876 1159 1364
5836 4 2 2 2 912 1159 900 1364
5837 4 2 2 2 1085 1439 1301 1440
5838 4 2 2 2 37 941 185 1446
5839 4 2 2 2 37 1056 941 1446
5840 4 2 2 2 1094 998 144 1036
5841 4 2 2 2 1094 144 998 145
5842 4 2 2 2 1194 144 998 1036
5843 4 2 2 2 998 1461 1231 967
5844 4 2 2 2 1200 274 283 282
5845 4 2 2 2 1200 283 274 275
5846 4 2 2 2 847 283 274 282
5847 4 2 2 2 847 274 283 275
5848 4 2 2 2 1257 1094 433 146
5849 4 2 2 2 145 433 1094 146
5850 4 2 2 2 145 1094 433 1231
5851 4 2 2 2 1234 912 349 351
5852 4 2 2 2 1167 358 1086 356
5853 4 2 2 2 1167 1086 358 1168
5854 4 2 2 2 1165 1086 358 356
5855 4 2 2 2 1165 358 1086 1168
5856 4 2 2 2 334 1167 1229 332
5857 4 2 2 2 334 1229 1167 1168
5858 4 2 2 2 127 713 691 701
5859 4 2 2 2 127 691 713 126
5860 4 2 2 2 686 691 713 701
5861 4 2 2 2 686 713 691 126
5862 4 2 2 2 1456 1300 438 1060
5863 4 2 2 2 438 1300 1456 1204
5864 4 2 2 2 438 1292 1456 1060
5865 4 2 2 2 1456 1292 438 1204
5866 4 2 2 2 1219 125 1218 1088
5867 4 2 2 2 1219 1218 125 126
5868 4 2 2 2 1387 273 1174 272
5869 4 2 2 2 1387 1174 273 1202
5870 4 2 2 2 1427 984 958 1029
5871 4 2 2 2 958 984 1427 1371
5872 4 2 2 2 958 1406 1427 1029
5873 4 2 2 2 1427 1406 958 1371
5874 4 2 2 2 1274 1023 1398 1266
5875 4 2 2 2 1274 1398 1023 1188
5876 4 2 2 2 1038 960 1039 994
5877 4 2 2 2 1038 1039 960 995
5878 4 2 2 2 186 1059 40 187
5879 4 2 2 2 1409 983 1088 1024
5880 4 2 2 2 1409 1088 983 1275
5881 4 2 2 2 1145 216 229 217
5882 4 2 2 2 295 855 1030 294
5883 4 2 2 2 295 1030 855 1317
5884 4 2 2 2 1164 806 794 1145
5885 4 2 2 2 1164 794 806 805
5886 4 2 2 2 1176 1383 1109 953
5887 4 2 2 2 1109 1383 1176 505
5888 4 2 2 2 1108 324 865 325
5889 4 2 2 2 1108 865 324 1297
5890 4 2 2 2 691 126 687 686
5891 4 2 2 2 691 687 126 1029
5892 4 2 2 2 125 687 126 686
5893 4 2 2 2 125 126 687 1029
5894 4 2 2 2 1330 974 1138 1266
5895 4 2 2 2 1330 1138 974 1184
5896 4 2 2 2 1446 890 902 1056
5897 4 2 2 2 1446 902 890 892
5898 4 2 2 2 1071 1186 1171 990
5899 4 2 2 2 1200 1291 1001 429
5900 4 2 2 2 1001 1291 1200 1011
5901 4 2 2 2 1308 1448 769 354
5902 4 2 2 2 769 1448 1308 771
5903 4 2 2 2 233 826 1386 245
5904 4 2 2 2 1206 303 312 311
5905 4 2 2 2 1206 312 303 304
5906 4 2 2 2 860 312 303 311
5907 4 2 2 2 860 303 312 304
5908 4 2 2 2 812 811 824 835
5909 4 2 2 2 812 824 811 800
5910 4 2 2 2 1208 1217 964 1091
5911 4 2 2 2 1208 964 1217 1392
5912 4 2 2 2 826 1386 235 233
5913 4 2 2 2 826 235 1386 1187
5914 4 2 2 2 802 235 1386 233
5915 4 2 2 2 802 1386 235 1187
5916 4 2 2 2 1181 343 886 342
5917 4 2 2 2 1181 886 343 1161
5918 4 2 2 2 1181 367 934 1161
5919 4 2 2 2 1181 934 367 366
5920 4 2 2 2 1453 1291 954 1035
5921 4 2 2 2 1453 954 1291 1124
5922 4 2 2 2 1179 355 910 354
5923 4 2 2 2 1179 910 355 1159
5924 4 2 2 2 343 1179 886 342
5925 4 2 2 2 886 1179 343 1159
5926 4 2 2 2 826 235 836 247
5927 4 2 2 2 826 836 235 1187
5928 4 2 2 2 1333 603 1380 949
5929 4 2 2 2 1333 1380 603 585
5930 4 2 2 2 1328 1400 1147 1033
5931 4 2 2 2 1147 1400 1328 1004
5932 4 2 2 2 1319 278 1285 279
5933 4 2 2 2 1319 1285 278 1122
5934 4 2 2 2 1459 244 1040 1185
5935 4 2 2 2 1076 1116 970 1050
5936 4 2 2 2 970 1116 1076 987
5937 4 2 2 2 970 1077 1076 1050
5938 4 2 2 2 1076 1077 970 987
5939 4 2 2 2 1433 959 1091 1266
5940 4 2 2 2 1433 1091 959 979
5941 4 2 2 2 1339 1194 999 430
5942 4 2 2 2 1339 999 1194 1152
5943 4 2 2 2 1147 1328 1065 1126
5944 4 2 2 2 1065 1328 1147 1033
5945 4 2 2 2 1303 6 754 1106
5946 4 2 2 2 1303 754 6 745
5947 4 2 2 2 959 1091 964 979
5948 4 2 2 2 959 964 1091 1208
5949 4 2 2 2 254 833 242 255
5950 4 2 2 2 254 242 833 1351
5951 4 2 2 2 243 242 833 255
5952 4 2 2 2 243 833 242 1351
5953 4 2 2 2 1121 1256 1235 147
5954 4 2 2 2 1235 1256 1121 1017
5955 4 2 2 2 1355 1141 539 599
5956 4 2 2 2 1355 539 1141 1183
5957 4 2 2 2 1347 1091 1208 1023
5958 4 2 2 2 1347 1208 1091 1217
5959 4 2 2 2 1414 1325 556 1326
5960 4 2 2 2 1414 556 1325 1144
5961 4 2 2 2 1235 1121 1068 1017
5962 4 2 2 2 1427 1406 690 1029
5963 4 2 2 2 1427 690 1406 1065
5964 4 2 2 2 1254 310 1257 1071
5965 4 2 2 2 1254 1257 310 308
5966 4 2 2 2 1294 514 1358 526
5967 4 2 2 2 1294 1358 514 1141
5968 4 2 2 2 300 1257 310 302
5969 4 2 2 2 310 1257 300 308
5970 4 2 2 2 300 859 310 308
5971 4 2 2 2 89 1265 47 93
5972 4 2 2 2 47 1265 89 1106
5973 4 2 2 2 1255 233 803 232
5974 4 2 2 2 1255 803 233 1081
5975 4 2 2 2 1133 1036 1331 1095
5976 4 2 2 2 1133 1331 1036 1197
5977 4 2 2 2 1259 1331 1036 1095
5978 4 2 2 2 1259 1036 1331 1197
5979 4 2 2 2 1362 1003 435 1313
5980 4 2 2 2 1362 435 1003 1361
5981 4 2 2 2 824 814 1187 836
5982 4 2 2 2 1187 814 824 1101
5983 4 2 2 2 1187 812 824 836
5984 4 2 2 2 824 812 1187 1101
5985 4 2 2 2 1256 147 1284 1235
5986 4 2 2 2 1256 1284 147 1207
5987 4 2 2 2 432 1284 147 1235
5988 4 2 2 2 432 147 1284 1207
5989 4 2 2 2 1425 1203 1345 1118
5990 4 2 2 2 1425 1345 1203 1391
5991 4 2 2 2 1209 1208 970 729
5992 4 2 2 2 970 1208 1209 964
5993 4 2 2 2 1252 249 1353 1189
5994 4 2 2 2 1252 1353 249 251
5995 4 2 2 2 1151 406 519 639
5996 4 2 2 2 1151 519 406 535
5997 4 2 2 2 1084 892 196 184
5998 4 2 2 2 1084 196 892 1166
5999 4 2 2 2 185 196 892 184
6000 4 2 2 2 185 892 196 1166
6001 4 2 2 2 208 1085 197 196
6002 4 2 2 2 867 197 1085 196
6003 4 2 2 2 867 1085 197 1167
6004 4 2 2 2 916 1085 209 208
6005 4 2 2 2 916 209 1085 1167
6006 4 2 2 2 197 209 1085 208
6007 4 2 2 2 197 1085 209 1167
6008 4 2 2 2 1410 956 1091 950
6009 4 2 2 2 1410 1091 956 1089
6010 4 2 2 2 1209 1258 1398 1201
6011 4 2 2 2 1398 1258 1209 1208
6012 4 2 2 2 1398 437 1209 1201
6013 4 2 2 2 1209 437 1398 1208
6014 4 2 2 2 1434 576 559 561
6015 4 2 2 2 1434 559 576 1216
6016 4 2 2 2 902 1264 890 903
6017 4 2 2 2 890 1264 902 1056
6018 4 2 2 2 1442 1294 1009 1215
6019 4 2 2 2 1442 1009 1294 1104
6020 4 2 2 2 1114 214 1451 215
6021 4 2 2 2 1114 1451 214 1112
6022 4 2 2 2 227 1451 214 215
6023 4 2 2 2 945 1404 1184 957
6024 4 2 2 2 1184 1404 945 1345
6025 4 2 2 2 1184 1138 945 957
6026 4 2 2 2 945 1138 1184 1345
6027 4 2 2 2 1104 524 1294 526
6028 4 2 2 2 1104 1294 524 1009
6029 4 2 2 2 918 1145 1255 219
6030 4 2 2 2 918 1255 1145 1164
6031 4 2 2 2 768 1322 761 760
6032 4 2 2 2 768 761 1322 351
6033 4 2 2 2 349 761 1322 760
6034 4 2 2 2 349 1322 761 351
6035 4 2 2 2 1034 1080 751 989
6036 4 2 2 2 751 1080 1034 973
6037 4 2 2 2 514 599 415 539
6038 4 2 2 2 415 599 514 581
6039 4 2 2 2 1450 973 972 755
6040 4 2 2 2 1450 972 973 1034
6041 4 2 2 2 966 972 973 755
6042 4 2 2 2 966 973 972 1034
6043 4 2 2 2 1421 996 503 493
6044 4 2 2 2 1421 503 996 997
6045 4 2 2 2 627 999 1206 430
6046 4 2 2 2 1206 438 627 430
6047 4 2 2 2 627 438 1206 1019
6048 4 2 2 2 1433 959 1043 979
6049 4 2 2 2 1433 1043 959 974
6050 4 2 2 2 1260 504 1293 1188
6051 4 2 2 2 1260 1293 504 500
6052 4 2 2 2 1109 624 953 636
6053 4 2 2 2 1109 953 624 1092
6054 4 2 2 2 970 1209 442 964
6055 4 2 2 2 439 1052 1204 1000
6056 4 2 2 2 439 1204 1052 1404
6057 4 2 2 2 1118 1204 1052 1000
6058 4 2 2 2 1118 1052 1204 1404
6059 4 2 2 2 1345 1391 1334 1203
6060 4 2 2 2 1334 1391 1345 945
6061 4 2 2 2 761 1234 768 32
6062 4 2 2 2 768 1234 761 351
6063 4 2 2 2 951 1417 1418 958
6064 4 2 2 2 1418 1417 951 1025
6065 4 2 2 2 1050 1089 979 970
6066 4 2 2 2 979 1089 1050 1049
6067 4 2 2 2 1212 1012 1214 969
6068 4 2 2 2 1212 1214 1012 1061
6069 4 2 2 2 1201 1010 1209 968
6070 4 2 2 2 1201 1209 1010 1072
6071 4 2 2 2 1213 328 319 320
6072 4 2 2 2 1213 319 328 327
6073 4 2 2 2 864 319 328 320
6074 4 2 2 2 864 328 319 327
6075 4 2 2 2 996 1039 977 1093
6076 4 2 2 2 977 1039 996 1109
6077 4 2 2 2 1427 668 1432 696
6078 4 2 2 2 1427 1432 668 1126
6079 4 2 2 2 1210 285 294 293
6080 4 2 2 2 1210 294 285 286
6081 4 2 2 2 852 294 285 293
6082 4 2 2 2 852 285 294 286
6083 4 2 2 2 273 280 1174 272
6084 4 2 2 2 997 1272 428 1131
6085 4 2 2 2 997 428 1272 1099
6086 4 2 2 2 139 428 1272 1131
6087 4 2 2 2 139 1272 428 1099
6088 4 2 2 2 1263 1118 1051 1172
6089 4 2 2 2 1263 1051 1118 1052
6090 4 2 2 2 1410 590 1441 1178
6091 4 2 2 2 1410 1441 590 1217
6092 4 2 2 2 732 993 1043 763
6093 4 2 2 2 1043 993 732 974
6094 4 2 2 2 1043 725 732 763
6095 4 2 2 2 732 725 1043 974
6096 4 2 2 2 1086 1165 973 1082
6097 4 2 2 2 1086 973 1165 1229
6098 4 2 2 2 1322 349 1365 351
6099 4 2 2 2 1322 1365 349 1054
6100 4 2 2 2 600 1441 589 590
6101 4 2 2 2 589 1441 600 1333
6102 4 2 2 2 1325 575 558 557
6103 4 2 2 2 1325 558 575 1142
6104 4 2 2 2 972 1215 755 440
6105 4 2 2 2 972 755 1215 1214
6106 4 2 2 2 731 755 1215 440
6107 4 2 2 2 731 1215 755 1214
6108 4 2 2 2 1390 1389 1275 1028
6109 4 2 2 2 533 1335 1375 521
6110 4 2 2 2 1375 1335 533 1228
6111 4 2 2 2 1442 1009 1248 1215
6112 4 2 2 2 1442 1248 1009 1241
6113 4 2 2 2 1085 914 210 208
6114 4 2 2 2 1085 210 914 1440
6115 4 2 2 2 1013 536 512 527
6116 4 2 2 2 1013 512 536 981
6117 4 2 2 2 1074 832 252 254
6118 4 2 2 2 1074 252 832 1306
6119 4 2 2 2 1395 937 925 936
6120 4 2 2 2 631 1391 643 619
6121 4 2 2 2 643 1391 631 1203
6122 4 2 2 2 866 1085 198 196
6123 4 2 2 2 866 198 1085 1439
6124 4 2 2 2 1378 839 841 1130
6125 4 2 2 2 1378 841 839 843
6126 4 2 2 2 1398 429 436 437
6127 4 2 2 2 984 1304 676 1070
6128 4 2 2 2 984 676 1304 1223
6129 4 2 2 2 677 676 1304 1070
6130 4 2 2 2 677 1304 676 1223
6131 4 2 2 2 990 1171 963 1292
6132 4 2 2 2 963 1171 990 1376
6133 4 2 2 2 861 315 306 314
6134 4 2 2 2 861 306 315 857
6135 4 2 2 2 1231 665 1233 433
6136 4 2 2 2 1231 1233 665 1025
6137 4 2 2 2 285 1271 1210 286
6138 4 2 2 2 285 1210 1271 1272
6139 4 2 2 2 1230 1271 1210 1272
6140 4 2 2 2 1444 1209 1148 1341
6141 4 2 2 2 1444 1148 1209 1392
6142 4 2 2 2 442 1148 1209 1341
6143 4 2 2 2 442 1209 1148 1392
6144 4 2 2 2 841 1378 837 843
6145 4 2 2 2 837 1378 841 1344
6146 4 2 2 2 1042 741 767 737
6147 4 2 2 2 1042 767 741 993
6148 4 2 2 2 1336 456 459 469
6149 4 2 2 2 1336 459 456 1008
6150 4 2 2 2 1197 1206 1194 143
6151 4 2 2 2 1194 1206 1197 1036
6152 4 2 2 2 1194 144 1197 143
6153 4 2 2 2 1197 144 1194 1036
6154 4 2 2 2 1275 1411 705 133
6155 4 2 2 2 705 1411 1275 1409
6156 4 2 2 2 705 120 1275 133
6157 4 2 2 2 1275 120 705 1409
6158 4 2 2 2 1078 970 1077 989
6159 4 2 2 2 1078 1077 970 1050
6160 4 2 2 2 1455 824 811 835
6161 4 2 2 2 1357 1185 1083 1251
6162 4 2 2 2 1357 1083 1185 1040
6163 4 2 2 2 1421 1398 429 436
6164 4 2 2 2 429 1398 1421 1316
6165 4 2 2 2 1070 676 671 677
6166 4 2 2 2 1070 671 676 1238
6167 4 2 2 2 1299 297 1317 1267
6168 4 2 2 2 1299 1317 297 298
6169 4 2 2 2 1263 1299 1317 1267
6170 4 2 2 2 1263 1317 1299 298
6171 4 2 2 2 1226 1263 1299 298
6172 4 2 2 2 1231 1461 1335 967
6173 4 2 2 2 1335 1461 1231 1058
6174 4 2 2 2 1335 952 1231 967
6175 4 2 2 2 1231 952 1335 1058
6176 4 2 2 2 1370 962 1128 1276
6177 4 2 2 2 1370 1128 962 1327
6178 4 2 2 2 1391 597 1203 606
6179 4 2 2 2 1391 1203 597 1334
6180 4 2 2 2 1336 459 444 469
6181 4 2 2 2 1336 444 459 1006
6182 4 2 2 2 997 436 1316 428
6183 4 2 2 2 997 1316 436 1421
6184 4 2 2 2 429 1316 436 428
6185 4 2 2 2 429 436 1316 1421
6186 4 2 2 2 1218 1219 1389 128
6187 4 2 2 2 1218 1389 1219 1028
6188 4 2 2 2 129 1389 1219 128
6189 4 2 2 2 1459 1020 1310 1111
6190 4 2 2 2 1459 1310 1020 1189
6191 4 2 2 2 128 1219 700 127
6192 4 2 2 2 128 700 1219 1340
6193 4 2 2 2 1279 1259 1206 1036
6194 4 2 2 2 1279 1206 1259 1063
6195 4 2 2 2 859 315 301 857
6196 4 2 2 2 301 315 859 309
6197 4 2 2 2 1172 996 1278 986
6198 4 2 2 2 1172 1278 996 1093
6199 4 2 2 2 271 1174 280 272
6200 4 2 2 2 280 1174 271 279
6201 4 2 2 2 280 848 271 272
6202 4 2 2 2 271 848 280 279
6203 4 2 2 2 1098 1099 986 997
6204 4 2 2 2 1098 986 1099 1210
6205 4 2 2 2 678 1411 152 706
6206 4 2 2 2 678 152 1411 132
6207 4 2 2 2 719 152 1411 706
6208 4 2 2 2 719 1411 152 132
6209 4 2 2 2 1154 1158 1156 1077
6210 4 2 2 2 174 1262 434 1148
6211 4 2 2 2 1455 798 834 810
6212 4 2 2 2 834 798 833 810
6213 4 2 2 2 833 798 809 810
6214 4 2 2 2 1248 1108 1062 1012
6215 4 2 2 2 1248 1062 1108 1366
6216 4 2 2 2 1351 798 833 1075
6217 4 2 2 2 1351 833 798 809
6218 4 2 2 2 1185 827 1459 244
6219 4 2 2 2 1185 1459 827 1111
6220 4 2 2 2 1341 442 178 729
6221 4 2 2 2 1053 1090 1039 994
6222 4 2 2 2 1053 1039 1090 1299
6223 4 2 2 2 212 924 1395 925
6224 4 2 2 2 212 1395 924 1112
6225 4 2 2 2 936 1395 924 925
6226 4 2 2 2 936 924 1395 1112
6227 4 2 2 2 799 224 1395 800
6228 4 2 2 2 1395 224 799 1112
6229 4 2 2 2 1395 811 799 800
6230 4 2 2 2 799 811 1395 1112
6231 4 2 2 2 1452 933 1145 364
6232 4 2 2 2 1382 1219 958 984
6233 4 2 2 2 1382 958 1219 983
6234 4 2 2 2 1373 1064 965 1007
6235 4 2 2 2 1373 965 1064 978
6236 4 2 2 2 1451 921 216 1145
6237 4 2 2 2 933 1452 1451 1114
6238 4 2 2 2 1451 1452 933 1145
6239 4 2 2 2 921 933 1451 1114
6240 4 2 2 2 1451 933 921 1145
6241 4 2 2 2 1275 1411 1389 1390
6242 4 2 2 2 1275 1389 1411 132
6243 4 2 2 2 1108 1143 1297 324
6244 4 2 2 2 1108 1297 1143 1298
6245 4 2 2 2 326 1297 1143 324
6246 4 2 2 2 326 1143 1297 1298
6247 4 2 2 2 318 1143 1436 316
6248 4 2 2 2 1436 1143 318 1350
6249 4 2 2 2 1179 872 192 204
6250 4 2 2 2 205 192 872 204
6251 4 2 2 2 920 217 204 216
6252 4 2 2 2 204 217 920 1157
6253 4 2 2 2 204 1181 920 216
6254 4 2 2 2 920 1181 204 1157
6255 4 2 2 2 442 443 1362 435
6256 4 2 2 2 442 1362 443 1445
6257 4 2 2 2 1002 1362 443 435
6258 4 2 2 2 1002 443 1362 1445
6259 4 2 2 2 1113 1353 1132 1225
6260 4 2 2 2 1132 1353 1113 1282
6261 4 2 2 2 1053 431 1226 142
6262 4 2 2 2 169 1226 431 142
6263 4 2 2 2 169 431 1226 1052
6264 4 2 2 2 210 915 1301 211
6265 4 2 2 2 210 1301 915 1440
6266 4 2 2 2 925 1301 915 211
6267 4 2 2 2 345 1303 1369 344
6268 4 2 2 2 1369 1303 345 1368
6269 4 2 2 2 1303 904 905 344
6270 4 2 2 2 1303 905 904 1446
6271 4 2 2 2 1279 1206 1194 1036
6272 4 2 2 2 1279 1194 1206 999
6273 4 2 2 2 806 1145 795 794
6274 4 2 2 2 229 795 1145 794
6275 4 2 2 2 1455 822 798 1075
6276 4 2 2 2 1455 798 822 834
6277 4 2 2 2 833 798 822 1075
6278 4 2 2 2 833 822 798 834
6279 4 2 2 2 1150 1254 1037 1071
6280 4 2 2 2 1150 1037 1254 1318
6281 4 2 2 2 1173 1037 1254 1071
6282 4 2 2 2 1173 1254 1037 1318
6283 4 2 2 2 121 122 675 707
6284 4 2 2 2 121 675 122 649
6285 4 2 2 2 129 158 680 702
6286 4 2 2 2 129 680 158 715
6287 4 2 2 2 1190 1408 252 1049
6288 4 2 2 2 252 1408 1190 250
6289 4 2 2 2 1370 1373 1007 1027
6290 4 2 2 2 1007 1373 1370 965
6291 4 2 2 2 966 1082 988 973
6292 4 2 2 2 988 1082 966 1057
6293 4 2 2 2 1209 1010 1444 968
6294 4 2 2 2 1209 1444 1010 1341
6295 4 2 2 2 1389 656 658 1218
6296 4 2 2 2 1389 658 656 660
6297 4 2 2 2 200 213 876 201
6298 4 2 2 2 200 876 213 1301
6299 4 2 2 2 1161 876 213 201
6300 4 2 2 2 1161 213 876 1301
6301 4 2 2 2 1174 1202 280 273
6302 4 2 2 2 1174 280 1202 1320
6303 4 2 2 2 281 280 1202 273
6304 4 2 2 2 281 1202 280 1320
6305 4 2 2 2 201 1159 900 189
6306 4 2 2 2 900 1159 201 1364
6307 4 2 2 2 900 188 201 189
6308 4 2 2 2 201 188 900 1364
6309 4 2 2 2 174 1341 442 178
6310 4 2 2 2 442 1341 174 1148
6311 4 2 2 2 1276 980 1370 962
6312 4 2 2 2 1276 1370 980 1381
6313 4 2 2 2 1408 978 1074 1049
6314 4 2 2 2 1408 1074 978 1048
6315 4 2 2 2 190 203 1179 191
6316 4 2 2 2 1179 898 190 191
6317 4 2 2 2 190 898 1179 1159
6318 4 2 2 2 202 215 1181 203
6319 4 2 2 2 1181 874 202 203
6320 4 2 2 2 202 874 1181 1161
6321 4 2 2 2 1167 207 918 219
6322 4 2 2 2 1167 918 207 1157
6323 4 2 2 2 218 918 207 219
6324 4 2 2 2 218 207 918 1157
6325 4 2 2 2 794 793 1145 230
6326 4 2 2 2 794 1145 793 1164
6327 4 2 2 2 231 1145 793 230
6328 4 2 2 2 231 793 1145 1164
6329 4 2 2 2 1219 1406 125 1088
6330 4 2 2 2 125 1406 1219 1029
6331 4 2 2 2 1340 1029 1427 688
6332 4 2 2 2 1427 1029 1340 984
6333 4 2 2 2 1427 679 1340 688
6334 4 2 2 2 1340 679 1427 984
6335 4 2 2 2 1013 1248 1046 1047
6336 4 2 2 2 1046 1248 1013 1241
6337 4 2 2 2 1408 829 246 248
6338 4 2 2 2 1408 246 829 1337
6339 4 2 2 2 190 202 1179 203
6340 4 2 2 2 190 1179 202 1159
6341 4 2 2 2 874 1179 202 203
6342 4 2 2 2 874 202 1179 1159
6343 4 2 2 2 687 1024 673 685
6344 4 2 2 2 687 673 1024 1406
6345 4 2 2 2 1331 306 313 305
6346 4 2 2 2 1331 313 306 314
6347 4 2 2 2 861 313 306 305
6348 4 2 2 2 861 306 313 314
6349 4 2 2 2 1267 1372 289 288
6350 4 2 2 2 289 1372 1267 1299
6351 4 2 2 2 441 181 1376 173
6352 4 2 2 2 441 1376 181 1171
6353 4 2 2 2 1071 1376 181 173
6354 4 2 2 2 1071 181 1376 1171
6355 4 2 2 2 1344 817 266 267
6356 4 2 2 2 1344 266 817 1337
6357 4 2 2 2 1320 1016 1201 1107
6358 4 2 2 2 1320 1201 1016 1073
6359 4 2 2 2 1229 1155 743 746
6360 4 2 2 2 1229 743 1155 1342
6361 4 2 2 2 766 743 1155 746
6362 4 2 2 2 766 1155 743 1342
6363 4 2 2 2 1198 268 434 135
6364 4 2 2 2 1198 434 268 1262
6365 4 2 2 2 174 434 268 135
6366 4 2 2 2 174 268 434 1262
6367 4 2 2 2 1018 1298 1212 1062
6368 4 2 2 2 1212 1298 1018 1127
6369 4 2 2 2 1038 1131 139 1272
6370 4 2 2 2 1226 169 1263 943
6371 4 2 2 2 1226 1263 169 1052
6372 4 2 2 2 1193 1066 1076 1116
6373 4 2 2 2 1193 1076 1066 1115
6374 4 2 2 2 1226 142 1090 1053
6375 4 2 2 2 1226 1090 142 943
6376 4 2 2 2 1458 1154 1397 753
6377 4 2 2 2 1458 1397 1154 1232
6378 4 2 2 2 175 1214 1061 183
6379 4 2 2 2 1061 1214 175 1324
6380 4 2 2 2 1374 322 1256 1121
6381 4 2 2 2 1374 1256 322 1207
6382 4 2 2 2 147 1256 322 1121
6383 4 2 2 2 147 322 1256 1207
6384 4 2 2 2 1406 1219 958 983
6385 4 2 2 2 1406 958 1219 1029
6386 4 2 2 2 1232 1156 1158 338
6387 4 2 2 2 1158 1156 1232 1154
6388 4 2 2 2 1158 1224 1232 338
6389 4 2 2 2 1232 1224 1158 1154
6390 4 2 2 2 1232 1224 1155 336
6391 4 2 2 2 1232 1155 1224 1154
6392 4 2 2 2 1211 1213 328 1324
6393 4 2 2 2 328 329 1211 1324
6394 4 2 2 2 1315 261 262 838
6395 4 2 2 2 1315 262 261 1075
6396 4 2 2 2 828 1344 1185 1111
6397 4 2 2 2 828 1185 1344 1337
6398 4 2 2 2 1048 1185 1344 1111
6399 4 2 2 2 1048 1344 1185 1337
6400 4 2 2 2 1275 1382 1390 1028
6401 4 2 2 2 1390 1382 1275 1014
6402 4 2 2 2 1235 150 1068 149
6403 4 2 2 2 1235 1068 150 1423
6404 4 2 2 2 1390 984 1028 1382
6405 4 2 2 2 1390 1028 984 1340
6406 4 2 2 2 1066 763 1043 993
6407 4 2 2 2 1066 1043 763 735
6408 4 2 2 2 1072 165 1341 179
6409 4 2 2 2 1072 1341 165 1348
6410 4 2 2 2 754 31 1265 29
6411 4 2 2 2 1265 31 754 1458
6412 4 2 2 2 925 211 1395 212
6413 4 2 2 2 939 1395 211 212
6414 4 2 2 2 939 211 1395 1338
6415 4 2 2 2 1207 172 432 147
6416 4 2 2 2 921 215 1451 216
6417 4 2 2 2 921 1451 215 1114
6418 4 2 2 2 1315 1312 1195 1075
6419 4 2 2 2 1315 1195 1312 1022
6420 4 2 2 2 1139 839 265 841
6421 4 2 2 2 1139 265 839 1087
6422 4 2 2 2 1200 283 138 165
6423 4 2 2 2 1200 138 283 275
6424 4 2 2 2 847 138 283 165
6425 4 2 2 2 847 283 138 275
6426 4 2 2 2 1426 1082 1165 232
6427 4 2 2 2 1165 1082 1426 1295
6428 4 2 2 2 1165 1083 1426 232
6429 4 2 2 2 1426 1083 1165 1295
6430 4 2 2 2 1352 1132 1113 1043
6431 4 2 2 2 1352 1113 1132 1225
6432 4 2 2 2 175 864 321 150
6433 4 2 2 2 321 864 175 329
6434 4 2 2 2 768 1431 762 757
6435 4 2 2 2 762 1431 768 1322
6436 4 2 2 2 1265 1106 193 194
6437 4 2 2 2 47 193 1106 194
6438 4 2 2 2 1116 1352 1066 1043
6439 4 2 2 2 1066 1352 1116 1193
6440 4 2 2 2 1435 1190 1078 1250
6441 4 2 2 2 1435 1078 1190 1146
6442 4 2 2 2 856 310 300 859
6443 4 2 2 2 300 310 856 302
6444 4 2 2 2 1426 1170 1082 233
6445 4 2 2 2 1426 1082 1170 1295
6446 4 2 2 2 1390 682 1340 1223
6447 4 2 2 2 1390 1340 682 699
6448 4 2 2 2 1187 223 800 791
6449 4 2 2 2 1187 800 223 1101
6450 4 2 2 2 1090 721 139 140
6451 4 2 2 2 1351 226 798 1075
6452 4 2 2 2 1351 798 226 797
6453 4 2 2 2 144 1094 722 145
6454 4 2 2 2 144 722 1094 1197
6455 4 2 2 2 162 855 854 161
6456 4 2 2 2 854 855 162 852
6457 4 2 2 2 860 167 861 166
6458 4 2 2 2 861 167 860 858
6459 4 2 2 2 852 294 287 286
6460 4 2 2 2 287 294 852 855
6461 4 2 2 2 775 1186 168 180
6462 4 2 2 2 168 1186 775 1447
6463 4 2 2 2 1195 226 1351 1075
6464 4 2 2 2 1195 1351 226 227
6465 4 2 2 2 1094 146 722 145
6466 4 2 2 2 1094 722 146 1394
6467 4 2 2 2 1090 139 994 140
6468 4 2 2 2 1090 994 139 1038
6469 4 2 2 2 1131 994 139 140
6470 4 2 2 2 1131 139 994 1038
6471 4 2 2 2 776 175 1061 183
6472 4 2 2 2 1061 175 776 1297
6473 4 2 2 2 1061 182 776 183
6474 4 2 2 2 1072 774 165 179
6475 4 2 2 2 1072 165 774 1319
6476 4 2 2 2 1341 178 1072 179
6477 4 2 2 2 178 774 1072 179
6478 4 2 2 2 1235 1068 148 149
6479 4 2 2 2 164 724 1030 177
6480 4 2 2 2 164 1030 724 1317
6481 4 2 2 2 176 1030 724 177
6482 4 2 2 2 176 724 1030 1317
6483 4 2 2 2 775 173 1071 181
6484 4 2 2 2 1071 173 775 1254
6485 4 2 2 2 775 1186 1071 1254
6486 4 2 2 2 1395 1363 224 939
6487 4 2 2 2 39 186 1059 40
6488 4 2 2 2 39 1059 186 1056
6489 4 2 2 2 44 192 1103 45
6490 4 2 2 2 93 46 1265 47
6491 4 2 2 2 1451 1114 226 1112
6492 4 2 2 2 1451 214 226 227
6493 4 2 2 2 226 214 1451 1112
6494 4 2 2 2 172 440 1207 432
6495 4 2 2 2 172 1207 440 1215
6496 4 2 2 2 1207 440 1046 432
6497 4 2 2 2 1207 1046 440 1215
6498 4 2 2 2 1046 440 1009 432
6499 4 2 2 2 1046 1009 440 1215
6500 4 2 2 2 1292 1186 1019 990
6501 4 2 2 2 1292 1019 1186 1206
6502 4 2 2 2 1150 1019 1186 990
6503 4 2 2 2 1338 926 916 914
6504 4 2 2 2 1338 916 926 1081
6505 4 2 2 2 1363 801 790 1081
6506 4 2 2 2 1363 790 801 789
6507 4 2 2 2 1338 220 790 1363
6508 4 2 2 2 238 1451 1146 240
6509 4 2 2 2 1146 1451 238 1145
6510 4 2 2 2 1213 320 1211 328
6511 4 2 2 2 1213 1211 320 1423
6512 4 2 2 2 329 1211 320 328
6513 4 2 2 2 320 321 1211 329
6514 4 2 2 2 320 1211 321 1423
6515 4 2 2 2 175 1211 321 329
6516 4 2 2 2 896 1179 872 192
6517 4 2 2 2 872 1179 896 1153
6518 4 2 2 2 220 209 790 221
6519 4 2 2 2 1255 790 209 221
6520 4 2 2 2 1040 1111 978 1020
6521 4 2 2 2 1040 978 1111 1185
6522 4 2 2 2 1048 978 1111 1020
6523 4 2 2 2 1048 1111 978 1185
6524 4 2 2 2 1262 276 1120 277
6525 4 2 2 2 1262 1120 276 268
6526 4 2 2 2 1120 276 269 277
6527 4 2 2 2 1120 269 276 268
6528 4 2 2 2 269 276 848 277
6529 4 2 2 2 269 848 276 268
6530 4 2 2 2 1376 1257 991 1031
6531 4 2 2 2 1376 991 1257 1071
6532 4 2 2 2 1037 991 1173 1031
6533 4 2 2 2 1037 1173 991 1071
6534 4 2 2 2 991 1257 1173 1031
6535 4 2 2 2 991 1173 1257 1071
6536 4 2 2 2 1103 191 44 1102
6537 4 2 2 2 1103 44 191 192
6538 4 2 2 2 1214 755 1450 972
6539 4 2 2 2 1214 1450 755 731
6540 4 2 2 2 488 1398 490 489
6541 4 2 2 2 490 1398 488 1316
6542 4 2 2 2 216 228 1145 229
6543 4 2 2 2 216 1145 228 1451
6544 4 2 2 2 795 1145 228 229
6545 4 2 2 2 795 228 1145 1451
6546 4 2 2 2 938 872 896 1153
6547 4 2 2 2 194 895 938 193
6548 4 2 2 2 194 938 895 1153
6549 4 2 2 2 895 896 938 193
6550 4 2 2 2 895 938 896 1153
6551 4 2 2 2 349 1234 913 912
6552 4 2 2 2 349 913 1234 1059
6553 4 2 2 2 901 913 1234 912
6554 4 2 2 2 901 1234 913 1059
6555 4 2 2 2 1143 1298 1069 1062
6556 4 2 2 2 1143 1069 1298 1350
6557 4 2 2 2 1018 1069 1298 1062
6558 4 2 2 2 1018 1298 1069 1350
6559 4 2 2 2 1120 268 1388 269
6560 4 2 2 2 1120 1388 268 1198
6561 4 2 2 2 1387 268 1388 1198
6562 4 2 2 2 1278 1317 1267 1172
6563 4 2 2 2 1267 1317 1278 296
6564 4 2 2 2 325 1143 1108 324
6565 4 2 2 2 1108 1143 325 1366
6566 4 2 2 2 199 186 1437 198
6567 4 2 2 2 202 214 1181 215
6568 4 2 2 2 202 1181 214 1161
6569 4 2 2 2 922 1181 214 215
6570 4 2 2 2 922 214 1181 1161
6571 4 2 2 2 1046 1239 1284 1009
6572 4 2 2 2 1046 1284 1239 1256
6573 4 2 2 2 165 437 1341 179
6574 4 2 2 2 729 1341 437 179
6575 4 2 2 2 729 437 1341 1209
6576 4 2 2 2 147 1235 1068 148
6577 4 2 2 2 1068 1235 147 1121
6578 4 2 2 2 187 1438 1437 186
6579 4 2 2 2 1437 1438 187 1364
6580 4 2 2 2 1437 199 187 186
6581 4 2 2 2 187 199 1437 1364
6582 4 2 2 2 144 669 998 145
6583 4 2 2 2 144 998 669 1194
6584 4 2 2 2 1231 998 669 145
6585 4 2 2 2 1231 669 998 1194
6586 4 2 2 2 100 90 1059 41
6587 4 2 2 2 1059 90 100 1234
6588 4 2 2 2 1059 42 100 41
6589 4 2 2 2 899 1102 900 189
6590 4 2 2 2 899 900 1102 1234
6591 4 2 2 2 1215 172 1061 182
6592 4 2 2 2 1215 1061 172 1108
6593 4 2 2 2 1297 172 1061 1108
6594 4 2 2 2 150 1211 321 175
6595 4 2 2 2 150 321 1211 1423
6596 4 2 2 2 149 723 1068 148
6597 4 2 2 2 147 1068 723 148
6598 4 2 2 2 1068 150 723 149
6599 4 2 2 2 1068 723 150 1311
6600 4 2 2 2 180 775 1071 181
6601 4 2 2 2 1071 775 180 1186
6602 4 2 2 2 1071 1171 180 181
6603 4 2 2 2 180 1171 1071 1186
6604 4 2 2 2 1231 1094 1461 998
6605 4 2 2 2 1231 1461 1094 1287
6606 4 2 2 2 1095 1461 1094 998
6607 4 2 2 2 1095 1094 1461 1287
6608 4 2 2 2 325 863 323 317
6609 4 2 2 2 323 863 325 331
6610 4 2 2 2 323 1366 325 317
6611 4 2 2 2 325 1366 323 331
6612 4 2 2 2 1094 433 1287 1257
6613 4 2 2 2 1094 1287 433 1231
6614 4 2 2 2 48 92 1446 1106
6615 4 2 2 2 1446 92 48 37
6616 4 2 2 2 48 185 1446 37
6617 4 2 2 2 48 195 1446 185
6618 4 2 2 2 48 1446 195 1106
6619 4 2 2 2 797 226 1451 1114
6620 4 2 2 2 1451 226 797 227
6621 4 2 2 2 100 1059 1102 42
6622 4 2 2 2 1102 1059 100 1234
6623 4 2 2 2 1102 96 100 42
6624 4 2 2 2 100 96 1102 1234
6625 4 2 2 2 1186 1292 1171 990
6626 4 2 2 2 1171 180 1292 1186
6627 4 2 2 2 1292 180 1171 730
6628 4 2 2 2 800 799 1455 811
6629 4 2 2 2 1455 799 800 1101
6630 4 2 2 2 1455 824 800 811
6631 4 2 2 2 800 824 1455 1101
6632 4 2 2 2 268 848 1388 269
6633 4 2 2 2 268 1388 848 1387
6634 4 2 2 2 244 1295 1283 1040
6635 4 2 2 2 1283 1295 244 245
6636 4 2 2 2 1283 1459 244 1040
6637 4 2 2 2 244 1459 1283 245
6638 4 2 2 2 277 848 270 278
6639 4 2 2 2 270 848 277 269
6640 4 2 2 2 270 1120 277 278
6641 4 2 2 2 277 1120 270 269
6642 4 2 2 2 729 970 442 752
6643 4 2 2 2 729 442 970 1209
6644 4 2 2 2 1174 271 1387 272
6645 4 2 2 2 1174 1387 271 1388
6646 4 2 2 2 848 1387 271 272
6647 4 2 2 2 848 271 1387 1388
6648 4 2 2 2 315 1150 1096 1331
6649 4 2 2 2 1096 1150 315 1254
6650 4 2 2 2 314 1447 1150 1331
6651 4 2 2 2 1150 1447 314 1254
6652 4 2 2 2 315 314 1150 1331
6653 4 2 2 2 1150 314 315 1254
6654 4 2 2 2 1206 627 640 999
6655 4 2 2 2 640 627 1206 1019
6656 4 2 2 2 640 1063 1206 999
6657 4 2 2 2 1206 1063 640 1019
6658 4 2 2 2 861 313 304 312
6659 4 2 2 2 861 304 313 305
6660 4 2 2 2 1259 304 313 312
6661 4 2 2 2 1259 313 304 305
6662 4 2 2 2 1437 890 1438 1084
6663 4 2 2 2 1437 1438 890 186
6664 4 2 2 2 198 1437 184 186
6665 4 2 2 2 184 890 1437 1084
6666 4 2 2 2 184 1437 890 186
6667 4 2 2 2 196 184 1437 1084
6668 4 2 2 2 1437 184 196 198
6669 4 2 2 2 1437 866 196 1084
6670 4 2 2 2 196 866 1437 198
6671 4 2 2 2 916 208 1255 1338
6672 4 2 2 2 1255 208 916 209
6673 4 2 2 2 208 790 1255 1338
6674 4 2 2 2 1255 790 208 209
6675 4 2 2 2 208 220 790 1338
6676 4 2 2 2 790 220 208 209
6677 4 2 2 2 1263 1299 1051 1226
6678 4 2 2 2 1263 1051 1299 1267
6679 4 2 2 2 1390 1389 1340 129
6680 4 2 2 2 1390 1340 1389 1028
6681 4 2 2 2 1219 1340 1389 129
6682 4 2 2 2 1219 1389 1340 1028
6683 4 2 2 2 288 287 1230 1271
6684 4 2 2 2 1230 287 288 1278
6685 4 2 2 2 286 1210 1230 1271
6686 4 2 2 2 1230 1210 286 1278
6687 4 2 2 2 287 286 1230 1271
6688 4 2 2 2 1230 286 287 1278
6689 4 2 2 2 1032 1262 1008 1198
6690 4 2 2 2 1032 1008 1262 1148
6691 4 2 2 2 434 1008 1262 1198
6692 4 2 2 2 434 1262 1008 1148
6693 4 2 2 2 132 678 1390 1411
6694 4 2 2 2 1390 678 132 131
6695 4 2 2 2 1390 1389 132 1411
6696 4 2 2 2 132 1389 1390 131
6697 4 2 2 2 431 1226 1000 1053
6698 4 2 2 2 431 1000 1226 1052
6699 4 2 2 2 1301 915 937 925
6700 4 2 2 2 1301 937 915 1440
6701 4 2 2 2 238 1145 807 806
6702 4 2 2 2 238 807 1145 1451
6703 4 2 2 2 795 807 1145 806
6704 4 2 2 2 795 1145 807 1451
6705 4 2 2 2 872 1153 205 871
6706 4 2 2 2 872 205 1153 938
6707 4 2 2 2 206 205 1153 871
6708 4 2 2 2 206 1153 205 938
6709 4 2 2 2 205 938 896 193
6710 4 2 2 2 896 938 205 872
6711 4 2 2 2 896 192 205 193
6712 4 2 2 2 205 192 896 872
6713 4 2 2 2 1265 95 46 93
6714 4 2 2 2 1265 46 95 1103
6715 4 2 2 2 1341 1348 1200 165
6716 4 2 2 2 1200 1348 1341 1209
6717 4 2 2 2 1200 437 1341 165
6718 4 2 2 2 1341 437 1200 1209
6719 4 2 2 2 224 800 1363 1395
6720 4 2 2 2 224 1363 800 223
6721 4 2 2 2 211 1395 915 925
6722 4 2 2 2 211 915 1395 1338
6723 4 2 2 2 937 915 1395 925
6724 4 2 2 2 937 1395 915 1338
6725 4 2 2 2 1263 1317 1030 985
6726 4 2 2 2 1030 1317 1263 176
6727 4 2 2 2 1030 1330 1263 985
6728 4 2 2 2 1263 1330 1030 176
6729 4 2 2 2 723 1068 1121 1311
6730 4 2 2 2 1121 1068 723 147
6731 4 2 2 2 1121 1436 723 1311
6732 4 2 2 2 723 1436 1121 147
6733 4 2 2 2 139 1090 1372 721
6734 4 2 2 2 1372 1090 139 1271
6735 4 2 2 2 1372 162 139 721
6736 4 2 2 2 139 162 1372 1271
6737 4 2 2 2 172 776 1061 182
6738 4 2 2 2 1061 776 172 1297
6739 4 2 2 2 167 722 1133 1394
6740 4 2 2 2 167 1133 722 1197
6741 4 2 2 2 1094 1133 722 1394
6742 4 2 2 2 1094 722 1133 1197
6743 4 2 2 2 178 1072 1122 1341
6744 4 2 2 2 174 774 1122 178
6745 4 2 2 2 174 1122 774 1319
6746 4 2 2 2 1072 1122 774 178
6747 4 2 2 2 1072 774 1122 1319
6748 4 2 2 2 223 1363 939 224
6749 4 2 2 2 939 1363 223 1338
6750 4 2 2 2 939 211 223 224
6751 4 2 2 2 223 211 939 1338
6752 4 2 2 2 42 189 1059 1102
6753 4 2 2 2 1059 189 42 188
6754 4 2 2 2 189 1234 1059 1102
6755 4 2 2 2 1059 1234 189 188
6756 4 2 2 2 189 900 1234 1102
6757 4 2 2 2 1234 900 189 188
6758 4 2 2 2 1265 193 46 1103
6759 4 2 2 2 47 1265 193 46
6760 4 2 2 2 47 193 1265 1106
6761 4 2 2 2 1019 1186 1063 1150
6762 4 2 2 2 1019 1063 1186 1206
6763 4 2 2 2 1259 1063 1186 1150
6764 4 2 2 2 1259 1186 1063 1206
6765 4 2 2 2 790 1338 1081 1255
6766 4 2 2 2 1081 1338 790 1363
$EndElements
